{"entidad":20,"partes":[{"id":0,"nombre":"","tipologia":3,"primerdistrito":0,"distritos":9,"municipios":[{"id":1,"fraccion":1},{"id":2,"fraccion":1},{"id":3,"fraccion":0},{"id":4,"fraccion":1},{"id":5,"fraccion":1},{"id":6,"fraccion":1},{"id":7,"fraccion":1},{"id":8,"fraccion":1},{"id":9,"fraccion":0},{"id":10,"fraccion":0},{"id":12,"fraccion":1},{"id":13,"fraccion":1},{"id":14,"fraccion":1},{"id":15,"fraccion":1},{"id":16,"fraccion":1},{"id":17,"fraccion":0},{"id":18,"fraccion":0},{"id":19,"fraccion":1},{"id":20,"fraccion":0},{"id":21,"fraccion":0},{"id":22,"fraccion":1},{"id":23,"fraccion":1},{"id":24,"fraccion":1},{"id":25,"fraccion":1},{"id":26,"fraccion":0},{"id":27,"fraccion":1},{"id":28,"fraccion":1},{"id":29,"fraccion":1},{"id":30,"fraccion":1},{"id":31,"fraccion":0},{"id":32,"fraccion":0},{"id":33,"fraccion":1},{"id":34,"fraccion":1},{"id":35,"fraccion":1},{"id":36,"fraccion":1},{"id":37,"fraccion":1},{"id":38,"fraccion":1},{"id":39,"fraccion":1},{"id":40,"fraccion":1},{"id":41,"fraccion":1},{"id":42,"fraccion":1},{"id":43,"fraccion":1},{"id":45,"fraccion":0},{"id":46,"fraccion":0},{"id":47,"fraccion":1},{"id":48,"fraccion":1},{"id":49,"fraccion":1},{"id":50,"fraccion":1},{"id":51,"fraccion":0},{"id":52,"fraccion":1},{"id":53,"fraccion":1},{"id":54,"fraccion":1},{"id":55,"fraccion":0},{"id":56,"fraccion":1},{"id":57,"fraccion":1},{"id":58,"fraccion":1},{"id":59,"fraccion":1},{"id":60,"fraccion":1},{"id":61,"fraccion":1},{"id":62,"fraccion":1},{"id":63,"fraccion":0},{"id":64,"fraccion":1},{"id":65,"fraccion":1},{"id":66,"fraccion":0},{"id":67,"fraccion":1},{"id":68,"fraccion":1},{"id":69,"fraccion":1},{"id":70,"fraccion":0},{"id":71,"fraccion":1},{"id":72,"fraccion":0},{"id":73,"fraccion":0},{"id":74,"fraccion":0},{"id":75,"fraccion":1},{"id":76,"fraccion":0},{"id":77,"fraccion":0},{"id":78,"fraccion":1},{"id":79,"fraccion":1},{"id":80,"fraccion":0},{"id":81,"fraccion":0},{"id":82,"fraccion":1},{"id":83,"fraccion":1},{"id":84,"fraccion":0},{"id":85,"fraccion":0},{"id":86,"fraccion":0},{"id":87,"fraccion":1},{"id":88,"fraccion":0},{"id":89,"fraccion":1},{"id":90,"fraccion":1},{"id":91,"fraccion":1},{"id":92,"fraccion":1},{"id":93,"fraccion":1},{"id":94,"fraccion":1},{"id":95,"fraccion":1},{"id":96,"fraccion":1},{"id":97,"fraccion":1},{"id":98,"fraccion":1},{"id":99,"fraccion":0},{"id":100,"fraccion":1},{"id":101,"fraccion":0},{"id":102,"fraccion":1},{"id":103,"fraccion":1},{"id":104,"fraccion":0},{"id":105,"fraccion":1},{"id":106,"fraccion":1},{"id":107,"fraccion":1},{"id":108,"fraccion":1},{"id":109,"fraccion":1},{"id":110,"fraccion":1},{"id":111,"fraccion":1},{"id":112,"fraccion":0},{"id":113,"fraccion":1},{"id":114,"fraccion":1},{"id":115,"fraccion":1},{"id":116,"fraccion":1},{"id":117,"fraccion":1},{"id":118,"fraccion":1},{"id":119,"fraccion":1},{"id":120,"fraccion":0},{"id":121,"fraccion":1},{"id":122,"fraccion":1},{"id":123,"fraccion":1},{"id":124,"fraccion":1},{"id":125,"fraccion":1},{"id":126,"fraccion":1},{"id":127,"fraccion":0},{"id":128,"fraccion":1},{"id":129,"fraccion":1},{"id":130,"fraccion":1},{"id":131,"fraccion":1},{"id":132,"fraccion":0},{"id":134,"fraccion":1},{"id":135,"fraccion":1},{"id":136,"fraccion":1},{"id":137,"fraccion":1},{"id":138,"fraccion":1},{"id":139,"fraccion":1},{"id":140,"fraccion":1},{"id":141,"fraccion":0},{"id":142,"fraccion":1},{"id":143,"fraccion":1},{"id":144,"fraccion":1},{"id":145,"fraccion":1},{"id":146,"fraccion":1},{"id":147,"fraccion":0},{"id":148,"fraccion":1},{"id":149,"fraccion":1},{"id":150,"fraccion":0},{"id":151,"fraccion":1},{"id":152,"fraccion":1},{"id":153,"fraccion":1},{"id":154,"fraccion":0},{"id":155,"fraccion":1},{"id":156,"fraccion":0},{"id":157,"fraccion":0},{"id":158,"fraccion":1},{"id":159,"fraccion":1},{"id":160,"fraccion":1},{"id":161,"fraccion":1},{"id":162,"fraccion":1},{"id":163,"fraccion":1},{"id":165,"fraccion":0},{"id":166,"fraccion":1},{"id":167,"fraccion":1},{"id":168,"fraccion":1},{"id":169,"fraccion":0},{"id":170,"fraccion":1},{"id":171,"fraccion":1},{"id":172,"fraccion":1},{"id":174,"fraccion":0},{"id":175,"fraccion":0},{"id":176,"fraccion":0},{"id":177,"fraccion":1},{"id":178,"fraccion":0},{"id":179,"fraccion":0},{"id":180,"fraccion":1},{"id":184,"fraccion":0},{"id":185,"fraccion":1},{"id":186,"fraccion":1},{"id":187,"fraccion":1},{"id":188,"fraccion":1},{"id":189,"fraccion":1},{"id":190,"fraccion":1},{"id":191,"fraccion":1},{"id":192,"fraccion":1},{"id":193,"fraccion":1},{"id":194,"fraccion":0},{"id":195,"fraccion":1},{"id":196,"fraccion":1},{"id":197,"fraccion":1},{"id":198,"fraccion":1},{"id":199,"fraccion":1},{"id":200,"fraccion":0},{"id":201,"fraccion":1},{"id":202,"fraccion":1},{"id":203,"fraccion":1},{"id":204,"fraccion":0},{"id":205,"fraccion":1},{"id":207,"fraccion":1},{"id":208,"fraccion":1},{"id":209,"fraccion":1},{"id":210,"fraccion":1},{"id":211,"fraccion":1},{"id":213,"fraccion":1},{"id":215,"fraccion":1},{"id":216,"fraccion":1},{"id":217,"fraccion":1},{"id":218,"fraccion":1},{"id":219,"fraccion":1},{"id":220,"fraccion":1},{"id":221,"fraccion":0},{"id":222,"fraccion":1},{"id":223,"fraccion":1},{"id":224,"fraccion":1},{"id":225,"fraccion":1},{"id":226,"fraccion":1},{"id":227,"fraccion":0},{"id":228,"fraccion":1},{"id":229,"fraccion":0},{"id":230,"fraccion":0},{"id":231,"fraccion":1},{"id":233,"fraccion":1},{"id":234,"fraccion":1},{"id":235,"fraccion":0},{"id":236,"fraccion":1},{"id":237,"fraccion":0},{"id":238,"fraccion":1},{"id":239,"fraccion":1},{"id":240,"fraccion":1},{"id":241,"fraccion":1},{"id":242,"fraccion":1},{"id":243,"fraccion":1},{"id":244,"fraccion":1},{"id":245,"fraccion":0},{"id":246,"fraccion":1},{"id":247,"fraccion":0},{"id":248,"fraccion":1},{"id":249,"fraccion":1},{"id":250,"fraccion":1},{"id":251,"fraccion":1},{"id":252,"fraccion":0},{"id":253,"fraccion":1},{"id":254,"fraccion":1},{"id":255,"fraccion":1},{"id":256,"fraccion":1},{"id":257,"fraccion":1},{"id":258,"fraccion":0},{"id":259,"fraccion":1},{"id":260,"fraccion":0},{"id":261,"fraccion":0},{"id":262,"fraccion":1},{"id":263,"fraccion":1},{"id":264,"fraccion":0},{"id":265,"fraccion":0},{"id":266,"fraccion":1},{"id":267,"fraccion":1},{"id":268,"fraccion":1},{"id":269,"fraccion":1},{"id":270,"fraccion":1},{"id":271,"fraccion":1},{"id":272,"fraccion":0},{"id":273,"fraccion":1},{"id":274,"fraccion":1},{"id":275,"fraccion":1},{"id":276,"fraccion":1},{"id":277,"fraccion":1},{"id":278,"fraccion":1},{"id":279,"fraccion":1},{"id":280,"fraccion":0},{"id":281,"fraccion":0},{"id":282,"fraccion":1},{"id":283,"fraccion":1},{"id":284,"fraccion":1},{"id":285,"fraccion":1},{"id":286,"fraccion":1},{"id":287,"fraccion":1},{"id":288,"fraccion":1},{"id":289,"fraccion":0},{"id":290,"fraccion":1},{"id":291,"fraccion":0},{"id":292,"fraccion":0},{"id":293,"fraccion":0},{"id":294,"fraccion":1},{"id":295,"fraccion":1},{"id":296,"fraccion":1},{"id":297,"fraccion":1},{"id":298,"fraccion":0},{"id":299,"fraccion":0},{"id":300,"fraccion":1},{"id":301,"fraccion":1},{"id":302,"fraccion":0},{"id":303,"fraccion":1},{"id":304,"fraccion":1},{"id":305,"fraccion":0},{"id":306,"fraccion":1},{"id":307,"fraccion":1},{"id":308,"fraccion":0},{"id":309,"fraccion":1},{"id":310,"fraccion":1},{"id":311,"fraccion":1},{"id":312,"fraccion":1},{"id":313,"fraccion":1},{"id":314,"fraccion":1},{"id":315,"fraccion":0},{"id":316,"fraccion":0},{"id":317,"fraccion":1},{"id":318,"fraccion":1},{"id":319,"fraccion":1},{"id":320,"fraccion":1},{"id":321,"fraccion":1},{"id":322,"fraccion":0},{"id":323,"fraccion":1},{"id":325,"fraccion":1},{"id":326,"fraccion":1},{"id":327,"fraccion":1},{"id":328,"fraccion":1},{"id":329,"fraccion":1},{"id":330,"fraccion":1},{"id":331,"fraccion":0},{"id":332,"fraccion":0},{"id":333,"fraccion":1},{"id":334,"fraccion":0},{"id":335,"fraccion":1},{"id":336,"fraccion":1},{"id":338,"fraccion":1},{"id":339,"fraccion":1},{"id":340,"fraccion":1},{"id":341,"fraccion":0},{"id":342,"fraccion":0},{"id":343,"fraccion":1},{"id":344,"fraccion":1},{"id":345,"fraccion":1},{"id":346,"fraccion":1},{"id":347,"fraccion":0},{"id":348,"fraccion":0},{"id":349,"fraccion":1},{"id":350,"fraccion":0},{"id":351,"fraccion":1},{"id":352,"fraccion":1},{"id":353,"fraccion":1},{"id":354,"fraccion":1},{"id":355,"fraccion":1},{"id":356,"fraccion":1},{"id":357,"fraccion":1},{"id":358,"fraccion":0},{"id":359,"fraccion":1},{"id":360,"fraccion":1},{"id":361,"fraccion":1},{"id":362,"fraccion":1},{"id":363,"fraccion":0},{"id":364,"fraccion":0},{"id":365,"fraccion":1},{"id":366,"fraccion":0},{"id":367,"fraccion":1},{"id":368,"fraccion":0},{"id":369,"fraccion":1},{"id":370,"fraccion":1},{"id":371,"fraccion":1},{"id":372,"fraccion":1},{"id":373,"fraccion":1},{"id":374,"fraccion":1},{"id":375,"fraccion":1},{"id":376,"fraccion":0},{"id":377,"fraccion":1},{"id":378,"fraccion":0},{"id":379,"fraccion":0},{"id":380,"fraccion":1},{"id":381,"fraccion":1},{"id":382,"fraccion":0},{"id":383,"fraccion":1},{"id":384,"fraccion":1},{"id":385,"fraccion":0},{"id":386,"fraccion":1},{"id":387,"fraccion":1},{"id":388,"fraccion":1},{"id":389,"fraccion":1},{"id":390,"fraccion":1},{"id":391,"fraccion":1},{"id":392,"fraccion":0},{"id":393,"fraccion":1},{"id":394,"fraccion":1},{"id":395,"fraccion":1},{"id":396,"fraccion":1},{"id":397,"fraccion":1},{"id":398,"fraccion":1},{"id":399,"fraccion":1},{"id":400,"fraccion":0},{"id":401,"fraccion":0},{"id":402,"fraccion":1},{"id":403,"fraccion":0},{"id":404,"fraccion":1},{"id":405,"fraccion":1},{"id":406,"fraccion":0},{"id":407,"fraccion":1},{"id":408,"fraccion":1},{"id":409,"fraccion":1},{"id":410,"fraccion":1},{"id":411,"fraccion":0},{"id":412,"fraccion":1},{"id":413,"fraccion":1},{"id":414,"fraccion":0},{"id":415,"fraccion":1},{"id":416,"fraccion":0},{"id":417,"fraccion":1},{"id":419,"fraccion":0},{"id":420,"fraccion":1},{"id":421,"fraccion":1},{"id":422,"fraccion":0},{"id":423,"fraccion":0},{"id":424,"fraccion":0},{"id":425,"fraccion":0},{"id":426,"fraccion":1},{"id":427,"fraccion":1},{"id":428,"fraccion":1},{"id":429,"fraccion":1},{"id":430,"fraccion":1},{"id":431,"fraccion":1},{"id":432,"fraccion":1},{"id":433,"fraccion":1},{"id":434,"fraccion":1},{"id":435,"fraccion":1},{"id":436,"fraccion":1},{"id":437,"fraccion":1},{"id":438,"fraccion":1},{"id":439,"fraccion":1},{"id":440,"fraccion":1},{"id":441,"fraccion":1},{"id":442,"fraccion":1},{"id":443,"fraccion":1},{"id":444,"fraccion":1},{"id":445,"fraccion":1},{"id":446,"fraccion":1},{"id":447,"fraccion":1},{"id":448,"fraccion":0},{"id":449,"fraccion":1},{"id":450,"fraccion":0},{"id":451,"fraccion":1},{"id":452,"fraccion":1},{"id":453,"fraccion":1},{"id":454,"fraccion":0},{"id":455,"fraccion":1},{"id":456,"fraccion":1},{"id":457,"fraccion":1},{"id":458,"fraccion":1},{"id":459,"fraccion":1},{"id":462,"fraccion":1},{"id":463,"fraccion":1},{"id":464,"fraccion":1},{"id":465,"fraccion":0},{"id":466,"fraccion":1},{"id":467,"fraccion":1},{"id":468,"fraccion":0},{"id":470,"fraccion":1},{"id":471,"fraccion":1},{"id":472,"fraccion":1},{"id":473,"fraccion":0},{"id":474,"fraccion":1},{"id":475,"fraccion":0},{"id":476,"fraccion":1},{"id":477,"fraccion":1},{"id":478,"fraccion":1},{"id":479,"fraccion":0},{"id":480,"fraccion":1},{"id":481,"fraccion":1},{"id":482,"fraccion":1},{"id":483,"fraccion":1},{"id":484,"fraccion":0},{"id":485,"fraccion":0},{"id":486,"fraccion":0},{"id":487,"fraccion":1},{"id":488,"fraccion":1},{"id":489,"fraccion":1},{"id":490,"fraccion":0},{"id":491,"fraccion":1},{"id":492,"fraccion":1},{"id":493,"fraccion":1},{"id":494,"fraccion":1},{"id":495,"fraccion":1},{"id":496,"fraccion":1},{"id":497,"fraccion":0},{"id":498,"fraccion":1},{"id":500,"fraccion":0},{"id":501,"fraccion":1},{"id":502,"fraccion":0},{"id":503,"fraccion":1},{"id":504,"fraccion":1},{"id":505,"fraccion":1},{"id":506,"fraccion":1},{"id":507,"fraccion":1},{"id":508,"fraccion":1},{"id":509,"fraccion":1},{"id":510,"fraccion":1},{"id":511,"fraccion":1},{"id":512,"fraccion":1},{"id":513,"fraccion":1},{"id":514,"fraccion":1},{"id":515,"fraccion":0},{"id":516,"fraccion":0},{"id":517,"fraccion":1},{"id":518,"fraccion":1},{"id":519,"fraccion":1},{"id":520,"fraccion":0},{"id":521,"fraccion":1},{"id":522,"fraccion":1},{"id":523,"fraccion":1},{"id":524,"fraccion":1},{"id":525,"fraccion":1},{"id":526,"fraccion":0},{"id":527,"fraccion":1},{"id":528,"fraccion":1},{"id":529,"fraccion":1},{"id":530,"fraccion":1},{"id":531,"fraccion":1},{"id":532,"fraccion":1},{"id":533,"fraccion":1},{"id":534,"fraccion":1},{"id":535,"fraccion":1},{"id":536,"fraccion":1},{"id":537,"fraccion":0},{"id":538,"fraccion":1},{"id":539,"fraccion":0},{"id":540,"fraccion":1},{"id":541,"fraccion":1},{"id":542,"fraccion":1},{"id":543,"fraccion":0},{"id":544,"fraccion":1},{"id":545,"fraccion":0},{"id":546,"fraccion":1},{"id":547,"fraccion":1},{"id":548,"fraccion":0},{"id":549,"fraccion":1},{"id":550,"fraccion":1},{"id":551,"fraccion":1},{"id":552,"fraccion":1},{"id":553,"fraccion":1},{"id":554,"fraccion":1},{"id":555,"fraccion":0},{"id":556,"fraccion":1},{"id":557,"fraccion":1},{"id":558,"fraccion":0},{"id":559,"fraccion":1},{"id":560,"fraccion":0},{"id":561,"fraccion":1},{"id":562,"fraccion":1},{"id":563,"fraccion":0},{"id":564,"fraccion":1},{"id":565,"fraccion":1},{"id":566,"fraccion":0},{"id":567,"fraccion":1},{"id":568,"fraccion":0},{"id":569,"fraccion":1},{"id":570,"fraccion":1},{"id":900,"fraccion":1},{"id":901,"fraccion":1},{"id":902,"fraccion":1},{"id":903,"fraccion":1},{"id":904,"fraccion":1},{"id":905,"fraccion":0},{"id":906,"fraccion":1},{"id":907,"fraccion":1},{"id":908,"fraccion":1},{"id":909,"fraccion":1},{"id":910,"fraccion":1},{"id":911,"fraccion":1},{"id":912,"fraccion":1},{"id":913,"fraccion":1},{"id":914,"fraccion":1},{"id":915,"fraccion":1},{"id":916,"fraccion":1},{"id":917,"fraccion":1},{"id":918,"fraccion":1},{"id":919,"fraccion":1},{"id":920,"fraccion":1},{"id":921,"fraccion":1},{"id":922,"fraccion":1},{"id":923,"fraccion":1},{"id":924,"fraccion":1},{"id":925,"fraccion":1}]},{"id":1,"nombre":"LOMA BONITA","tipologia":3,"primerdistrito":9,"distritos":1,"municipios":[{"id":418,"fraccion":1},{"id":164,"fraccion":0},{"id":324,"fraccion":0},{"id":133,"fraccion":0},{"id":232,"fraccion":1},{"id":11,"fraccion":1},{"id":44,"fraccion":1},{"id":460,"fraccion":1},{"id":173,"fraccion":1},{"id":461,"fraccion":1},{"id":206,"fraccion":1},{"id":337,"fraccion":0},{"id":499,"fraccion":0},{"id":212,"fraccion":0},{"id":181,"fraccion":1},{"id":469,"fraccion":0},{"id":182,"fraccion":1},{"id":214,"fraccion":0},{"id":183,"fraccion":0}]}],"cumulos":[{"id":0,"tipo":2,"secciones":[2064,2062,2063]},{"id":1,"tipo":2,"secciones":[2072,2073,2074,2075]},{"id":2,"tipo":2,"secciones":[2088,2089,2090,2091,2092,2093,2094,2095,2096,2097,2098,2099,2100,2101,2102,2103,2104,2105,2106,2107,2108,2109,2110,2111]},{"id":3,"tipo":2,"secciones":[2112,2113,2114,2115,2116]},{"id":4,"tipo":2,"secciones":[2117,2118,2119,2120,2121,2122]},{"id":5,"tipo":3,"secciones":[928,929,930,2125,2126,927]},{"id":6,"tipo":2,"secciones":[2128,2129,2130]},{"id":7,"tipo":3,"secciones":[2133,2134,1950]},{"id":8,"tipo":2,"secciones":[2148,2149]},{"id":9,"tipo":2,"secciones":[2156,2157]},{"id":10,"tipo":2,"secciones":[2165,2166]},{"id":11,"tipo":3,"secciones":[2123,2124,2173,2174]},{"id":12,"tipo":3,"secciones":[2080,2081,2082,2083,2180,2181,2182,2183,2184,2077,2078,2079]},{"id":13,"tipo":2,"secciones":[2200,2201,2202,2203,2204,2205,2206,2207,2208,2209,2210,2211,2212,2213,2214,2215,2216,2217,2218,2219,2220,2221,2223,2224,2225,2226,2227,2228]},{"id":14,"tipo":2,"secciones":[2229,2230]},{"id":15,"tipo":2,"secciones":[2240,2241,2242,2243,2237,2238,2239]},{"id":16,"tipo":3,"secciones":[2246,2247,1560]},{"id":17,"tipo":3,"secciones":[1544,2249,1545,2250,1546,2251,1547,2252,1548,2253,1549,2254,1550,2255,1551,2256,1552,2257,97,98,99,100,101,102,103]},{"id":18,"tipo":2,"secciones":[2258,2259,2260]},{"id":19,"tipo":3,"secciones":[2275,2276,2277,2278,2279,2281,1993,2282,1994,2283,2284,2285,2286,2287,2288,2289]},{"id":20,"tipo":2,"secciones":[2301,2302,2303]},{"id":21,"tipo":2,"secciones":[2305,2306,2307,2308,2309,2310]},{"id":22,"tipo":2,"secciones":[2321,2322,2323]},{"id":23,"tipo":2,"secciones":[2325,2326,2327,2328,2329,2330]},{"id":24,"tipo":2,"secciones":[2336,2337,2338]},{"id":25,"tipo":2,"secciones":[2391,2392]},{"id":26,"tipo":2,"secciones":[2405,2406]},{"id":27,"tipo":2,"secciones":[2408,2409,2410,2411]},{"id":28,"tipo":2,"secciones":[2419,2420]},{"id":29,"tipo":2,"secciones":[2423,2424,2425,2426,2427,2428,2429]},{"id":30,"tipo":3,"secciones":[871,872,873,2430,2431]},{"id":31,"tipo":2,"secciones":[2432,2433,2434]},{"id":32,"tipo":3,"secciones":[2436,2437,2438,2439,2440,2441,2442,2443,2444,2445,2446,2447,2449,373]},{"id":33,"tipo":2,"secciones":[465,467]},{"id":34,"tipo":2,"secciones":[35,36]},{"id":35,"tipo":3,"secciones":[2000,2001,57,58,59,60,61,62,63,1999]},{"id":36,"tipo":3,"secciones":[1776,65,66,67,1494]},{"id":37,"tipo":2,"secciones":[68,69]},{"id":38,"tipo":2,"secciones":[70,71,72,73]},{"id":39,"tipo":2,"secciones":[112,111]},{"id":40,"tipo":2,"secciones":[113,114,115,116]},{"id":41,"tipo":2,"secciones":[121,122,123,124]},{"id":42,"tipo":2,"secciones":[125,126]},{"id":43,"tipo":3,"secciones":[128,2272,129,130,875,1228,1229,1230,1918,127,1231,1887]},{"id":44,"tipo":2,"secciones":[147,148,149,150,151,152]},{"id":45,"tipo":3,"secciones":[1111,153,154,155,1371,1643,156]},{"id":46,"tipo":3,"secciones":[160,2304,161,162,163,164,165,166,167,168,169,1353,170,171,172,173,174,175,157,158,159]},{"id":47,"tipo":2,"secciones":[187,188]},{"id":48,"tipo":2,"secciones":[189,190,191]},{"id":49,"tipo":3,"secciones":[1280,2435,201,202,203,204,205,206,207,208,209,210,211,212,213,214,215,216,217,218,219,220,221,222,926,224,225,226,227,228,229,230,231]},{"id":50,"tipo":2,"secciones":[368,365,366,367]},{"id":51,"tipo":2,"secciones":[369,370,371,372]},{"id":52,"tipo":2,"secciones":[384,385,380,381,382,383]},{"id":53,"tipo":2,"secciones":[389,390,391,392,393,394,395]},{"id":54,"tipo":3,"secciones":[2311,2312,2313,2314,2315,39,40,41,1585,1586,1587,1588,2386,2387,2388,2389,2390,1368,1369,1370,1119,1120,1121,1122,1123,1124,1125,1126,1127,1128,1139,1140,1141,1142,1911,2167,1143,1912,2168,1144,2169,1145,2170,1914,1146,1915,1147,1916,1148,1917,1149,1150,1151,1152,1153,1154,1155,1156,1157,1158,1159,1160,1161,1164,1165,397,1166,398,1167,399,400,401,402,403,404,405,406,407,408,409,410,411,412,413,414,415,1184,416,1185,417,1186,418,1187,419,1188,420,1189,421,1190,1191,1192,1969,1970,2231,2232,2233,454,455,2004,1253,1515,1778,1779]},{"id":55,"tipo":2,"secciones":[459,460]},{"id":56,"tipo":2,"secciones":[512,513,514,515,516,517,518,519,520,521,522,523,524,525,526,527,528,529,530,531,532,533,534,535,536,537,538,539,540,541,542,543,544,545,546,547,548,549,550,551,552,553,554,555,556,557,558,559,560,561,562,563,564,565,566,567,568,569,570,571,572,573,574,575,576,577,578,579,580,581,582,583,584,585,586,587,588,589,590,591,592,593,594,595,596,597,598,599,600,601,602,603,604,605,606,607,608,609,610,611,612,613,614,615,616,470,471,472,473,474,475,476,477,478,479,480,481,482,483,484,485,486,487,488,489,490,491,492,493,494,495,496,497,498,499,500,501,502,503,504,505,506,507,508,509,510,511]},{"id":57,"tipo":3,"secciones":[768,769,617,618,619,620,621,622,846,623,624,625,626,627,628,629,630,631,766,767]},{"id":58,"tipo":2,"secciones":[661,662]},{"id":59,"tipo":2,"secciones":[663,664,665]},{"id":60,"tipo":2,"secciones":[666,667]},{"id":61,"tipo":2,"secciones":[704,705,706,707,708,709,669,670,671,672,673,674,675,676,677,678,679,680,681,682,683,684,685,686,687,688,689,690,691,692,693,694,695,696,697,698,699,700,701,702,703]},{"id":62,"tipo":2,"secciones":[710,711]},{"id":63,"tipo":2,"secciones":[717,718]},{"id":64,"tipo":2,"secciones":[720,719]},{"id":65,"tipo":2,"secciones":[736,737]},{"id":66,"tipo":2,"secciones":[738,739,740]},{"id":67,"tipo":2,"secciones":[741,742,743]},{"id":68,"tipo":2,"secciones":[747,748]},{"id":69,"tipo":3,"secciones":[753,754,755,1769,1770]},{"id":70,"tipo":2,"secciones":[764,765]},{"id":71,"tipo":2,"secciones":[770,771]},{"id":72,"tipo":2,"secciones":[777,778,779,780,781]},{"id":73,"tipo":2,"secciones":[800,798,799]},{"id":74,"tipo":2,"secciones":[812,813]},{"id":75,"tipo":3,"secciones":[258,259,260,261,262,263,264,265,266,267,268,269,270,271,272,273,274,275,283,284,285,286,287,288,289,290,291,292,293,294,295,296,297,298,299,43,300,44,301,45,814,302,46,815,303,47,816,304,48,817,305,49,818,306,50,819,307,51,308,52,309,53,310,54,311,55,312,56,313,314,315,316,317,318,319,320,321,322,323,324,325,326,327,328,329,330,331,332,2394,2395,2396,2397,2398,2399,2400,2401,2402,2403,2404,386,1929,1930,1931,1932,180,181,1461,182,1462,183,184,185,186,1472]},{"id":76,"tipo":2,"secciones":[838,839,840]},{"id":77,"tipo":2,"secciones":[864,865,862,863]},{"id":78,"tipo":3,"secciones":[877,878,879,880,881,883,884,885,886,887,888,889,890]},{"id":79,"tipo":2,"secciones":[891,892]},{"id":80,"tipo":2,"secciones":[900,901,902,903,904,905]},{"id":81,"tipo":2,"secciones":[908,909,910]},{"id":82,"tipo":2,"secciones":[917,918,919]},{"id":83,"tipo":2,"secciones":[921,922,923]},{"id":84,"tipo":2,"secciones":[924,925]},{"id":85,"tipo":2,"secciones":[949,950]},{"id":86,"tipo":2,"secciones":[960,961,958,959]},{"id":87,"tipo":2,"secciones":[982,983,984,985]},{"id":88,"tipo":2,"secciones":[992,993,994,995,996,997,998,986,987,988,989,990,991]},{"id":89,"tipo":2,"secciones":[999,1000,1001]},{"id":90,"tipo":2,"secciones":[1003,1004]},{"id":91,"tipo":2,"secciones":[1005,1006]},{"id":92,"tipo":3,"secciones":[1008,2280,1007]},{"id":93,"tipo":2,"secciones":[1104,1105,1099,1100,1101,1102,1103]},{"id":94,"tipo":2,"secciones":[1131,1132]},{"id":95,"tipo":2,"secciones":[1162,1163]},{"id":96,"tipo":3,"secciones":[1170,1171,1908,2150,2265,2266,2267,2268,2269,2270,2271]},{"id":97,"tipo":2,"secciones":[1172,1173,1174,1175]},{"id":98,"tipo":2,"secciones":[1232,1233]},{"id":99,"tipo":2,"secciones":[1243,1244,1245,1246,1247]},{"id":100,"tipo":2,"secciones":[1249,1250]},{"id":101,"tipo":2,"secciones":[1251,1252]},{"id":102,"tipo":2,"secciones":[1271,1272,1273,1274,1275]},{"id":103,"tipo":2,"secciones":[1278,1279]},{"id":104,"tipo":2,"secciones":[1294,1295]},{"id":105,"tipo":2,"secciones":[1297,1298,1299,1300,1301]},{"id":106,"tipo":3,"secciones":[1524,1306,1307,1308,1309]},{"id":107,"tipo":2,"secciones":[1312,1313,1310,1311]},{"id":108,"tipo":2,"secciones":[1320,1321]},{"id":109,"tipo":2,"secciones":[1328,1329,1330,1331,1332,1324,1325,1326,1327]},{"id":110,"tipo":2,"secciones":[1333,1334,1335]},{"id":111,"tipo":2,"secciones":[1345,1346]},{"id":112,"tipo":2,"secciones":[2450,1347,1348,1349,1350,1351]},{"id":113,"tipo":3,"secciones":[1361,1362,1874,1639]},{"id":114,"tipo":2,"secciones":[1365,1366]},{"id":115,"tipo":3,"secciones":[1793,1794,2,1795,3,1796,4,1797,5,1798,6,1799,7,1800,8,1801,9,1802,10,1803,11,1804,1292,12,1805,1293,13,1806,14,1807,15,1808,16,1809,17,18,1555,19,1556,20,1557,21,22,23,24,25,26,27,28,29,30,31,32,33,34,1316,804,1317,805,806,851,852,1108,853,1109,854,855,856,857,858,859,1372,860,1373,861,1374,1375,1376,1377,1378,1379,1380,1381,1382,1383,1384,1385,1129,1386,1642,1130,1387,1388,1389,1390,1391,1392,1393,1394,882,1395,134,135,136,137,138,139,140,141,142,143,1685,932,933,422,423,424,425,426,427,428,429,430,431,176,177,178,179,952,953,954,1473,962,1474,963,1475,964,1476,965,1477,966,1478,967,1479,968,1480,969,1481,970,971,972,973,974,975,976,977,1248,232,233,234,1514,235,236,237,238,239,240,241,242,243,1267,244,1268,245,1269,246,1270,1782,247,1783,759,248,760,249,250,251,252,253,254]},{"id":116,"tipo":2,"secciones":[1402,1403]},{"id":117,"tipo":2,"secciones":[1404,1405,1406]},{"id":118,"tipo":2,"secciones":[1419,1420,1421]},{"id":119,"tipo":2,"secciones":[1424,1425,1423]},{"id":120,"tipo":2,"secciones":[1426,1427,1428,1429,1430]},{"id":121,"tipo":2,"secciones":[1431,1432,1433,1434,1435,1436]},{"id":122,"tipo":2,"secciones":[1449,1450,1451]},{"id":123,"tipo":2,"secciones":[1452,1453]},{"id":124,"tipo":2,"secciones":[1459,1460]},{"id":125,"tipo":2,"secciones":[1465,1466,1467,1468,1469,1470,1471]},{"id":126,"tipo":2,"secciones":[1482,1483]},{"id":127,"tipo":2,"secciones":[1496,1497]},{"id":128,"tipo":2,"secciones":[1504,1505,1506,1507,1508,1509,1510,1498,1499,1500,1501,1502,1503]},{"id":129,"tipo":2,"secciones":[1568,1569,1570,1571,1572,1573,1574,1575,1576,1577,1578,1579,1580,1581,1582,1583,1584,1564,1565,1566,1567]},{"id":130,"tipo":2,"secciones":[1589,1590,1591,1592]},{"id":131,"tipo":3,"secciones":[1600,1984,1985,1986,144,145,146,1594,1978,1595,1979,1596,1980,1597,1981,1598,1982,1599,223,1983]},{"id":132,"tipo":2,"secciones":[1607,1608]},{"id":133,"tipo":2,"secciones":[1609,1610,1611,1612]},{"id":134,"tipo":2,"secciones":[1632,1633,1628,1629,1630,1631]},{"id":135,"tipo":2,"secciones":[1634,1635]},{"id":136,"tipo":2,"secciones":[1637,1638]},{"id":137,"tipo":2,"secciones":[1648,1647]},{"id":138,"tipo":2,"secciones":[1654,1655,1656,1657]},{"id":139,"tipo":2,"secciones":[1664,1658,1659,1660,1661,1662,1663]},{"id":140,"tipo":3,"secciones":[1,2056,2060,2316,2061,2317,1296,2065,2066,2067,276,2068,2324,277,2069,278,279,280,792,281,793,282,795,2331,796,2332,797,2333,2334,1829,1318,1830,1831,1832,809,1833,1322,811,1323,1838,2352,2353,2354,2355,2356,2357,2358,2359,2360,2361,2363,2364,2365,2366,1601,836,1606,1352,841,842,843,844,845,1873,1626,1117,1118,874,2412,1644,2413,1133,1645,2414,2415,2416,1136,2417,1649,1137,2418,1138,1907,1398,1399,1400,378,2171,379,2172,893,1407,1408,1665,1666,1667,1416,1933,1934,1168,1169,914,915,916,2199,668,1437,1440,1441,1442,1443,1444,1445,1446,934,1447,935,1703,1448,936,937,1458,1976,1977,2235,2236,1220,2245,1234,1235,979,1236,980,469,1241,1242,1266,757,758,762]},{"id":141,"tipo":2,"secciones":[1673,1674]},{"id":142,"tipo":2,"secciones":[1686,1687,1688,1689]},{"id":143,"tipo":2,"secciones":[1696,1697,1698,1691,1692,1693,1694,1695]},{"id":144,"tipo":2,"secciones":[1699,1700,1701]},{"id":145,"tipo":2,"secciones":[1704,1705,1706]},{"id":146,"tipo":2,"secciones":[1709,1710,1711]},{"id":147,"tipo":3,"secciones":[1728,1729,37,1605,38,1712,1713,1714,1715,1716,1717,1718,1719,1720,1721,1722,1723,1724,1725,1726,1727]},{"id":148,"tipo":3,"secciones":[1216,1730,1731,1732,1733,1734,1735,1736,1737,2318,2319,2320,1363,1364,1215]},{"id":149,"tipo":3,"secciones":[2448,1738,1739,1740]},{"id":150,"tipo":2,"secciones":[1760,1761,1762,1763,1764,1765,1766,1767,1768,1746,1747,1748,1749,1750,1751,1752,1753,1754,1755,1756,1757,1758,1759]},{"id":151,"tipo":3,"secciones":[2048,2049,1558,1559,2084,2085,2086,2087,1613,1617,1618,1619,1620,1621,1622,2135,1623,87,2136,1624,88,2137,1625,89,2138,2140,2141,2142,2143,104,105,106,107,108,109,1134,110,2158,1135,2159,2160,2161,2162,2163,2164,117,118,119,120,643,131,644,132,645,133,646,647,648,649,2185,650,2186,651,2187,652,2188,653,654,1678,655,1679,1680,656,1681,657,1682,658,659,1702,1193,1194,1195,1707,1196,1197,1198,1199,1200,1201,1202,1203,1205,1206,1207,1208,1209,1221,1222,198,1223,199,1224,712,200,1225,713,1743,1744,1745,2262,2263,734,735,2273,1771,1772,1773,1774,1775,751,752,255,256,257,1284,772,773,774,1286,775,1287,1288,1289,1290,782,783,784,785,786,787,789,1304,1305,2339,2340,2341,2342,2343,2344,2345,810,2346,2347,2348,2349,2350,2351,2367,2368,2369,2370,835,2371,2372,2373,2374,2375,2376,2377,2378,1354,2379,1355,2380,1356,2381,1357,2382,1358,2383,847,848,2384,849,2385,850,1367,1898,1899,1900,1901,1902,1905,2422,375,376,377,1411,1412,1413,1414,907,1935,1936,1937,1938,1939,2452,2453,1438,1439,938,939,940,1973,1974,1975,1512,2033,2034,2035,2036,2037,2038,2039,2040,2041,2042,2043,2044,2045,2046,2047]},{"id":152,"tipo":2,"secciones":[1784,1785,1786]},{"id":153,"tipo":2,"secciones":[1787,1788]},{"id":154,"tipo":2,"secciones":[1792,1790,1791]},{"id":155,"tipo":3,"secciones":[1344,1810,1811,1812,1813,1814,1815,1338,1339,1340,1342,1343]},{"id":156,"tipo":2,"secciones":[1824,1825,1816,1817,1818,1819,1820,1821,1822,1823]},{"id":157,"tipo":2,"secciones":[1834,1835,1836,1837]},{"id":158,"tipo":2,"secciones":[1841,1842,1843,1844,1845,1846,1847,1848,1849,1850]},{"id":159,"tipo":2,"secciones":[1856,1857,1858]},{"id":160,"tipo":2,"secciones":[1872,1866,1867,1868,1869,1870,1871]},{"id":161,"tipo":2,"secciones":[1875,1876,1877]},{"id":162,"tipo":2,"secciones":[1878,1879]},{"id":163,"tipo":2,"secciones":[1880,1881]},{"id":164,"tipo":2,"secciones":[1882,1883,1884,1885,1886]},{"id":165,"tipo":3,"secciones":[2131,2132,1909,1910]},{"id":166,"tipo":2,"secciones":[1940,1941,1942,1943,1944,1945,1946,1947,1948,1949]},{"id":167,"tipo":2,"secciones":[1952,1953,1954,1951]},{"id":168,"tipo":3,"secciones":[1409,1410,1671,1672,790,791,1955,1956,1957,1958,1959,1454,1455,1456,1457,1851,1852,1853,1854,1855,714,715,716,1485,1486,1487,1488,1489,1490,1491,2005,2006,1238,2007,1239,2008,1240,1112,2009,1113,2010,1114,2011,1115,1116,744,745,746,633,634,635,636,637]},{"id":169,"tipo":3,"secciones":[1360,1780,1492,1781,1960,1336,1961,1337,1913,1484,1359]},{"id":170,"tipo":3,"secciones":[1650,1651,1962,1963,1964,1742]},{"id":171,"tipo":2,"secciones":[1965,1966,1967]},{"id":172,"tipo":3,"secciones":[1971,1972,941,942]},{"id":173,"tipo":3,"secciones":[2451,1995,1996,1997,1998]},{"id":174,"tipo":2,"secciones":[2002,2003]},{"id":175,"tipo":2,"secciones":[2016,2017,2018,2019,2020,2021,2022,2023,2024,2012,2013,2014,2015]},{"id":176,"tipo":2,"secciones":[2057,2058,2059]},{"id":177,"tipo":2,"secciones":[1516,1517,1518,1519,1520,1521,1522,1527,1528,1529,1530,1531,1532,1533,1534]},{"id":178,"tipo":3,"secciones":[1920,2176,1921,2177,1922,2178,1923,2179,1924,1925,1926,1927,721,722,723,724,725,726,727,728,729,90,730,794,91,731,92,732,93,733,94,95,96,807,808,1523,1396,1397,1463,1464,1276,1277,1919]},{"id":179,"tipo":2,"secciones":[640,641,642,638,639]},{"id":180,"tipo":2,"secciones":[1668,1669,1670]},{"id":181,"tipo":3,"secciones":[1593,876]},{"id":182,"tipo":3,"secciones":[448,449,450,451,452,453,1614,1615,911,1616,912,432,433,434,435,436,437,438,439,440,441,442,443,444,445,446,447]},{"id":183,"tipo":3,"secciones":[913,2291,2292,2293,2294,2295,2296,2297,2298,2299,2300]},{"id":184,"tipo":2,"secciones":[1217,1218]},{"id":185,"tipo":2,"secciones":[1541,1542,1543]},{"id":186,"tipo":2,"secciones":[866,867,868,869,870]},{"id":187,"tipo":2,"secciones":[1602,1603]},{"id":188,"tipo":2,"secciones":[1088,1089,1090,1091,1092,1093,1094,1095,1096,1097,1098,1084,1085,1086,1087]},{"id":189,"tipo":2,"secciones":[944,945,946,947,948,943]},{"id":190,"tipo":2,"secciones":[2032,2025,2026,2027,2028,2029,2030,2031]},{"id":191,"tipo":2,"secciones":[1213,1214]},{"id":192,"tipo":3,"secciones":[1987,1988,1989,1990,1177,1178,1179,1180,1181,1182,1183]},{"id":193,"tipo":2,"secciones":[2151,2152,2153,2154,2155]},{"id":194,"tipo":3,"secciones":[1024,1025,1026,1027,1028,1029,1030,1031,1032,1033,1034,1035,1036,1037,1038,1039,1040,1041,1042,1043,1044,1045,1046,1047,1048,1049,1050,1051,1052,1053,1054,1055,1056,1057,1058,1059,1060,1061,1062,1063,1064,1065,1066,1067,1068,1069,1070,1071,1072,1073,1074,1075,1076,1077,1078,1079,1080,1081,1082,1083,333,334,335,336,337,338,339,340,341,342,343,344,345,346,347,348,349,350,351,352,353,354,355,356,357,358,359,360,361,362,363,364,1254,1255,1256,1257,1258,1259,1260,1261,1262,1263,1264,1265,1010,1011,1012,1013,1014,1015,1016,1017,1018,1019,1020,1021,1022,1023]},{"id":195,"tipo":3,"secciones":[1860,1861,1862,1863,1864,1865,74,75,76]},{"id":196,"tipo":3,"secciones":[1536,897,1537,898,1538,2050,1539,2051,1540,2052,2053,2054,2055,1928,1676,2189,2190,2191,2192,2193,2194,2195,2196,2197,2198,1176,803,2222,1839,1840,1204,820,821,822,823,824,825,1210,826,955,1211,827,956,1212,828,957,829,830,831,832,833,834,194,195,196,197,461,77,462,78,463,79,464,80,81,466,82,83,468,84,85,86,2144,1888,2145,1889,2146,1890,2147,1891,1892,1893,1894,1511,1895,1896,1897,1646,1903,1652,894,895,1535]},{"id":197,"tipo":2,"secciones":[1561,1562,1563]}],"separados":[{"id":0,"municipio1":11,"municipio2":458,"tiempo":257.0000,"tiempopromedio":39.1444,"desviacion":44.6798},{"id":1,"municipio1":73,"municipio2":467,"tiempo":208.0000,"tiempopromedio":39.1444,"desviacion":44.6798},{"id":2,"municipio1":73,"municipio2":378,"tiempo":175.0000,"tiempopromedio":39.1444,"desviacion":44.6798},{"id":3,"municipio1":95,"municipio2":133,"tiempo":253.0000,"tiempopromedio":39.1444,"desviacion":44.6798},{"id":4,"municipio1":95,"municipio2":181,"tiempo":268.0000,"tiempopromedio":39.1444,"desviacion":44.6798},{"id":5,"municipio1":95,"municipio2":232,"tiempo":227.0000,"tiempopromedio":39.1444,"desviacion":44.6798},{"id":6,"municipio1":122,"municipio2":265,"tiempo":234.0000,"tiempopromedio":39.1444,"desviacion":44.6798},{"id":7,"municipio1":122,"municipio2":905,"tiempo":185.0000,"tiempopromedio":39.1444,"desviacion":44.6798},{"id":8,"municipio1":122,"municipio2":466,"tiempo":177.0000,"tiempopromedio":39.1444,"desviacion":44.6798},{"id":9,"municipio1":134,"municipio2":501,"tiempo":219.0000,"tiempopromedio":39.1444,"desviacion":44.6798},{"id":10,"municipio1":134,"municipio2":445,"tiempo":237.0000,"tiempopromedio":39.1444,"desviacion":44.6798},{"id":11,"municipio1":134,"municipio2":383,"tiempo":226.0000,"tiempopromedio":39.1444,"desviacion":44.6798},{"id":12,"municipio1":156,"municipio2":312,"tiempo":205.0000,"tiempopromedio":39.1444,"desviacion":44.6798},{"id":13,"municipio1":156,"municipio2":203,"tiempo":173.0000,"tiempopromedio":39.1444,"desviacion":44.6798},{"id":14,"municipio1":211,"municipio2":265,"tiempo":173.0000,"tiempopromedio":39.1444,"desviacion":44.6798},{"id":15,"municipio1":214,"municipio2":220,"tiempo":249.0000,"tiempopromedio":39.1444,"desviacion":44.6798},{"id":16,"municipio1":378,"municipio2":467,"tiempo":320.0000,"tiempopromedio":39.1444,"desviacion":44.6798},{"id":17,"municipio1":378,"municipio2":567,"tiempo":211.0000,"tiempopromedio":39.1444,"desviacion":44.6798},{"id":18,"municipio1":387,"municipio2":467,"tiempo":379.0000,"tiempopromedio":39.1444,"desviacion":44.6798},{"id":19,"municipio1":387,"municipio2":490,"tiempo":326.0000,"tiempopromedio":39.1444,"desviacion":44.6798},{"id":20,"municipio1":387,"municipio2":478,"tiempo":197.0000,"tiempopromedio":39.1444,"desviacion":44.6798},{"id":21,"municipio1":458,"municipio2":469,"tiempo":231.0000,"tiempopromedio":39.1444,"desviacion":44.6798},{"id":22,"municipio1":499,"municipio2":503,"tiempo":173.0000,"tiempopromedio":39.1444,"desviacion":44.6798},{"id":23,"municipio1":501,"municipio2":567,"tiempo":193.0000,"tiempopromedio":39.1444,"desviacion":44.6798}],"distritos":[{"d":1,"des":[{"mu":1,"s":[1]},{"mu":7,"s":[57,58,59,60,61,62,63]},{"mu":22,"s":[128,129,130,127]},{"mu":33,"s":[192]},{"mu":34,"s":[193]},{"mu":42,"s":[276,277,278,279,280,281,282]},{"mu":45,"s":[368,365,366,367]},{"mu":50,"s":[378,379]},{"mu":53,"s":[387]},{"mu":62,"s":[458]},{"mu":63,"s":[459,460]},{"mu":65,"s":[469]},{"mu":74,"s":[666,667]},{"mu":75,"s":[668]},{"mu":81,"s":[720,719]},{"mu":86,"s":[741,742,743]},{"mu":90,"s":[750]},{"mu":93,"s":[756]},{"mu":94,"s":[757,758]},{"mu":97,"s":[762]},{"mu":99,"s":[764,765]},{"mu":103,"s":[776]},{"mu":109,"s":[792,793]},{"mu":111,"s":[795,796,797]},{"mu":113,"s":[801]},{"mu":117,"s":[809]},{"mu":119,"s":[811]},{"mu":125,"s":[836]},{"mu":126,"s":[837]},{"mu":128,"s":[841,842,843,844,845]},{"mu":135,"s":[874]},{"mu":136,"s":[875]},{"mu":137,"s":[876]},{"mu":142,"s":[893]},{"mu":147,"s":[900,901,902,903,904,905]},{"mu":153,"s":[914,915,916]},{"mu":158,"s":[928,929,930,927]},{"mu":159,"s":[931]},{"mu":161,"s":[934,935,936,937]},{"mu":172,"s":[979,980]},{"mu":174,"s":[982,983,984,985]},{"mu":175,"s":[992,993,994,995,996,997,998,986,987,988,989,990,991]},{"mu":176,"s":[999,1000,1001]},{"mu":177,"s":[1002]},{"mu":185,"s":[1106]},{"mu":191,"s":[1117,1118]},{"mu":194,"s":[1131,1132]},{"mu":195,"s":[1133]},{"mu":197,"s":[1136]},{"mu":198,"s":[1137,1138]},{"mu":202,"s":[1168,1169]},{"mu":215,"s":[1219]},{"mu":216,"s":[1220]},{"mu":219,"s":[1226,1227]},{"mu":220,"s":[1228,1229,1230,1231]},{"mu":221,"s":[1232,1233]},{"mu":222,"s":[1234,1235]},{"mu":223,"s":[1236]},{"mu":224,"s":[1237]},{"mu":226,"s":[1241,1242]},{"mu":233,"s":[1266]},{"mu":246,"s":[1296]},{"mu":248,"s":[1302]},{"mu":254,"s":[1315]},{"mu":256,"s":[1318]},{"mu":259,"s":[1322,1323]},{"mu":261,"s":[1333,1334,1335]},{"mu":262,"s":[1336,1337]},{"mu":266,"s":[1352]},{"mu":269,"s":[1360,1359]},{"mu":278,"s":[1398,1399,1400]},{"mu":281,"s":[1404,1405,1406]},{"mu":282,"s":[1407,1408]},{"mu":285,"s":[1415]},{"mu":286,"s":[1416]},{"mu":292,"s":[1426,1427,1428,1429,1430]},{"mu":294,"s":[1437]},{"mu":296,"s":[1440,1441,1442,1443,1444,1445,1446,1447]},{"mu":297,"s":[1448]},{"mu":301,"s":[1458]},{"mu":302,"s":[1459,1460]},{"mu":309,"s":[1484]},{"mu":311,"s":[1492]},{"mu":319,"s":[1513]},{"mu":326,"s":[1553]},{"mu":330,"s":[1560]},{"mu":334,"s":[1589,1590,1591,1592]},{"mu":336,"s":[1601]},{"mu":338,"s":[1604]},{"mu":340,"s":[1606]},{"mu":346,"s":[1626]},{"mu":352,"s":[1640]},{"mu":356,"s":[1644,1645]},{"mu":359,"s":[1649]},{"mu":363,"s":[1654,1655,1656,1657]},{"mu":365,"s":[1665,1666,1667]},{"mu":381,"s":[1703]},{"mu":396,"s":[1777]},{"mu":398,"s":[1780,1781]},{"mu":402,"s":[1789]},{"mu":403,"s":[1792,1790,1791]},{"mu":410,"s":[1829,1830,1831,1832,1833]},{"mu":412,"s":[1838]},{"mu":417,"s":[1859]},{"mu":420,"s":[1873]},{"mu":423,"s":[1878,1879]},{"mu":424,"s":[1880,1881]},{"mu":426,"s":[1887]},{"mu":433,"s":[1907]},{"mu":437,"s":[1913]},{"mu":439,"s":[1918]},{"mu":443,"s":[1933]},{"mu":444,"s":[1934]},{"mu":452,"s":[1960,1961]},{"mu":458,"s":[1976,1977]},{"mu":464,"s":[2000,2001,1999]},{"mu":472,"s":[2056]},{"mu":474,"s":[2060,2061]},{"mu":476,"s":[2065,2066,2067,2068,2069]},{"mu":479,"s":[2072,2073,2074,2075]},{"mu":480,"s":[2076]},{"mu":485,"s":[2112,2113,2114,2115,2116]},{"mu":488,"s":[2125,2126]},{"mu":489,"s":[2127]},{"mu":494,"s":[2139]},{"mu":497,"s":[2148,2149]},{"mu":500,"s":[2156,2157]},{"mu":504,"s":[2171]},{"mu":505,"s":[2172]},{"mu":514,"s":[2199]},{"mu":518,"s":[2234]},{"mu":519,"s":[2235,2236]},{"mu":521,"s":[2244]},{"mu":522,"s":[2245]},{"mu":523,"s":[2246,2247]},{"mu":524,"s":[2248]},{"mu":527,"s":[2261]},{"mu":531,"s":[2272]},{"mu":537,"s":[2301,2302,2303]},{"mu":539,"s":[2305,2306,2307,2308,2309,2310]},{"mu":541,"s":[2316,2317]},{"mu":543,"s":[2321,2322,2323]},{"mu":544,"s":[2324]},{"mu":546,"s":[2331,2332,2333,2334]},{"mu":547,"s":[2335]},{"mu":550,"s":[2352,2353,2354,2355,2356,2357,2358,2359,2360]},{"mu":552,"s":[2363,2364,2365,2366]},{"mu":556,"s":[2393]},{"mu":558,"s":[2405,2406]},{"mu":559,"s":[2407]},{"mu":560,"s":[2408,2409,2410,2411]},{"mu":561,"s":[2412,2413,2414,2415,2416]},{"mu":562,"s":[2417,2418]},{"mu":563,"s":[2419,2420]},{"mu":908,"s":[802]},{"mu":913,"s":[1593]},{"mu":914,"s":[1627]},{"mu":920,"s":[2361]}],"p":[{"t":1, "v":"386090"},{"t":4, "v":"0"},{"t":5, "v":"1.55"},{"t":6, "v":"5894"},{"t":7, "v":"0.010681"},{"t":8, "v":"0.650584"}]},{"d":2,"des":[{"mu":2,"s":[2,3,4,5,6,7,8,9,10,11,12,13,14,15,16,17,18,19,20,21,22,23,24,25,26,27,28,29,30,31,32,33,34]},{"mu":5,"s":[42]},{"mu":21,"s":[125,126]},{"mu":24,"s":[134,135,136,137,138,139,140,141,142,143]},{"mu":25,"s":[144,145,146]},{"mu":27,"s":[153,154,155,156]},{"mu":29,"s":[176,177,178,179]},{"mu":37,"s":[1280,201,202,203,204,205,206,207,208,209,210,211,212,213,214,215,216,217,218,219,220,221,222,926,224,225,226,227,228,229,230,231]},{"mu":38,"s":[232,233,234,235]},{"mu":39,"s":[236,237,238,239,240,241,242,243,244,245,246,247,248,249,250,251,252,253,254]},{"mu":58,"s":[422,423,424,425,426,427,428,429,430,431]},{"mu":95,"s":[759,760]},{"mu":106,"s":[788]},{"mu":115,"s":[804,805,806]},{"mu":131,"s":[851,852,853,854,855,856,857,858,859,860,861]},{"mu":139,"s":[882]},{"mu":148,"s":[906]},{"mu":157,"s":[924,925]},{"mu":160,"s":[932,933]},{"mu":167,"s":[952,953,954]},{"mu":170,"s":[962,963,964,965,966,967,968,969,970,971,972,973,974,975,976,977]},{"mu":179,"s":[1005,1006]},{"mu":187,"s":[1108,1109]},{"mu":189,"s":[1111]},{"mu":193,"s":[1129,1130]},{"mu":228,"s":[1248]},{"mu":234,"s":[1267,1268,1269,1270]},{"mu":244,"s":[1292,1293]},{"mu":255,"s":[1316,1317]},{"mu":275,"s":[1371]},{"mu":276,"s":[1372,1373,1374,1375,1376,1377,1378,1379,1380,1381,1382,1383,1384,1385,1386,1387,1388,1389,1390,1391,1392,1393,1394,1395]},{"mu":307,"s":[1473,1474,1475,1476,1477,1478,1479,1480,1481]},{"mu":320,"s":[1514]},{"mu":328,"s":[1555,1556,1557]},{"mu":335,"s":[1600,1594,1595,1596,1597,1598,1599]},{"mu":354,"s":[1642]},{"mu":355,"s":[1643]},{"mu":374,"s":[1683]},{"mu":375,"s":[1685]},{"mu":399,"s":[1782,1783]},{"mu":401,"s":[1787,1788]},{"mu":404,"s":[1793,1794,1795,1796,1797,1798,1799,1800,1801,1802,1803,1804,1805,1806,1807,1808,1809]},{"mu":432,"s":[1906]},{"mu":435,"s":[1909,1910]},{"mu":459,"s":[1984,1985,1986,1978,1979,1980,1981,1982,1983]},{"mu":463,"s":[1995,1996,1997,1998]},{"mu":465,"s":[2002,2003]},{"mu":477,"s":[2070]},{"mu":491,"s":[2131,2132]},{"mu":545,"s":[2325,2326,2327,2328,2329,2330]},{"mu":548,"s":[2336,2337,2338]},{"mu":551,"s":[2362]},{"mu":569,"s":[2435]},{"mu":902,"s":[223]},{"mu":903,"s":[2451]}],"p":[{"t":1, "v":"389321"},{"t":4, "v":"0"},{"t":5, "v":"2.40"},{"t":6, "v":"9125"},{"t":7, "v":"0.025601"},{"t":8, "v":"0.769382"}]},{"d":3,"des":[{"mu":3,"s":[35,36]},{"mu":8,"s":[65,66,67]},{"mu":10,"s":[70,71,72,73]},{"mu":17,"s":[112,111]},{"mu":18,"s":[113,114,115,116]},{"mu":20,"s":[121,122,123,124]},{"mu":26,"s":[147,148,149,150,151,152]},{"mu":28,"s":[160,161,162,163,164,165,166,167,168,169,170,171,172,173,174,175,157,158,159]},{"mu":47,"s":[373]},{"mu":48,"s":[374]},{"mu":67,"s":[617,618,619,620,621,622,623,625,626,627,628,629,630,631]},{"mu":68,"s":[632]},{"mu":77,"s":[710,711]},{"mu":80,"s":[717,718]},{"mu":89,"s":[749]},{"mu":98,"s":[763]},{"mu":100,"s":[768,769,766,767]},{"mu":101,"s":[770,771]},{"mu":104,"s":[777,778,779,780,781]},{"mu":112,"s":[800,798,799]},{"mu":120,"s":[812,813]},{"mu":129,"s":[846]},{"mu":132,"s":[864,865,862,863]},{"mu":169,"s":[960,961,958,959]},{"mu":186,"s":[1107]},{"mu":238,"s":[1282]},{"mu":241,"s":[1285]},{"mu":243,"s":[1291]},{"mu":267,"s":[1353]},{"mu":270,"s":[1361,1362]},{"mu":272,"s":[1365,1366]},{"mu":290,"s":[1422]},{"mu":293,"s":[1431,1432,1433,1434,1435,1436]},{"mu":299,"s":[1452,1453]},{"mu":308,"s":[1482,1483]},{"mu":313,"s":[1494]},{"mu":339,"s":[1605]},{"mu":347,"s":[1632,1633,1628,1629,1630,1631]},{"mu":351,"s":[1639]},{"mu":358,"s":[1648,1647]},{"mu":360,"s":[1650,1651]},{"mu":368,"s":[1673,1674]},{"mu":369,"s":[1675]},{"mu":376,"s":[1686,1687,1688,1689]},{"mu":379,"s":[1699,1700,1701]},{"mu":386,"s":[1728,1729,37,38,1712,1713,1714,1715,1716,1717,1718,1719,1720,1721,1722,1723,1724,1725,1726,1727]},{"mu":388,"s":[1738,1739,1740]},{"mu":389,"s":[1741]},{"mu":390,"s":[1742]},{"mu":395,"s":[1776]},{"mu":408,"s":[1827]},{"mu":421,"s":[1874]},{"mu":453,"s":[1962,1963,1964]},{"mu":526,"s":[2258,2259,2260]},{"mu":538,"s":[2304]},{"mu":555,"s":[2391,2392]},{"mu":566,"s":[2423,2424,2425,2426,2427,2428,2429]},{"mu":570,"s":[2436,2437,2438,2439,2440,2441,2442,2443,2444,2445,2446,2447,2449]},{"mu":906,"s":[624]},{"mu":925,"s":[2448]}],"p":[{"t":1, "v":"384732"},{"t":4, "v":"0"},{"t":5, "v":"1.19"},{"t":6, "v":"4536"},{"t":7, "v":"0.006326"},{"t":8, "v":"0.283316"}]},{"d":4,"des":[{"mu":4,"s":[39,40,41]},{"mu":9,"s":[68,69]},{"mu":12,"s":[77,78,79,80,81,82,83,84,85,86]},{"mu":35,"s":[194,195,196]},{"mu":51,"s":[384,385,380,381,382,383]},{"mu":57,"s":[397,398,399,400,401,402,403,404,405,406,407,408,409,410,411,412,413,414,415,416,417,418,419,420,421]},{"mu":60,"s":[454,455]},{"mu":64,"s":[461,462,463,464,466,468]},{"mu":114,"s":[803]},{"mu":122,"s":[820,821,822,823,824,825,826,827,828,829,830]},{"mu":123,"s":[831,832,833,834]},{"mu":143,"s":[894,895]},{"mu":145,"s":[897,898]},{"mu":168,"s":[955,956,957]},{"mu":192,"s":[1119,1120,1121,1122,1123,1124,1125,1126,1127,1128]},{"mu":199,"s":[1139,1140,1141,1142,1143,1144,1145,1146,1147,1148,1149,1150,1151,1152,1153,1154,1155,1156,1157,1158,1159,1160,1161]},{"mu":201,"s":[1164,1165,1166,1167]},{"mu":205,"s":[1176]},{"mu":207,"s":[1184,1185,1186,1187,1188,1189,1190,1191,1192]},{"mu":209,"s":[1204]},{"mu":211,"s":[1210,1211,1212]},{"mu":231,"s":[1253]},{"mu":274,"s":[1368,1369,1370]},{"mu":280,"s":[1402,1403]},{"mu":305,"s":[1465,1466,1467,1468,1469,1470,1471]},{"mu":314,"s":[1495]},{"mu":317,"s":[1511]},{"mu":321,"s":[1515]},{"mu":323,"s":[1536,1537,1538,1539,1540,1535]},{"mu":331,"s":[1561,1562,1563]},{"mu":333,"s":[1585,1586,1587,1588]},{"mu":357,"s":[1646]},{"mu":361,"s":[1652]},{"mu":370,"s":[1676]},{"mu":397,"s":[1778,1779]},{"mu":411,"s":[1834,1835,1836,1837]},{"mu":413,"s":[1839,1840]},{"mu":419,"s":[1872,1866,1867,1868,1869,1870,1871]},{"mu":427,"s":[1888,1889,1890,1891,1892,1893,1894,1895,1896,1897]},{"mu":429,"s":[1903]},{"mu":436,"s":[1911,1912]},{"mu":438,"s":[1914,1915,1916,1917]},{"mu":441,"s":[1928]},{"mu":450,"s":[1952,1953,1954,1951]},{"mu":454,"s":[1965,1966,1967]},{"mu":455,"s":[1969,1970]},{"mu":466,"s":[2004]},{"mu":471,"s":[2050,2051,2052,2053,2055]},{"mu":496,"s":[2144,2145,2146,2147]},{"mu":503,"s":[2167,2168,2169,2170]},{"mu":512,"s":[2189]},{"mu":513,"s":[2190,2191,2192,2193,2194,2195,2196,2197,2198]},{"mu":515,"s":[2200,2201,2202,2203,2204,2205,2206,2207,2208,2209,2210,2211,2212,2213,2214,2215,2216,2217,2218,2219,2220,2221,2223,2224,2225,2226,2227,2228]},{"mu":517,"s":[2231,2232,2233]},{"mu":540,"s":[2311,2312,2313,2314,2315]},{"mu":554,"s":[2386,2387,2388,2389,2390]},{"mu":901,"s":[197]},{"mu":905,"s":[465,467]},{"mu":917,"s":[2222]},{"mu":918,"s":[2054]}],"p":[{"t":1, "v":"389506"},{"t":4, "v":"0"},{"t":5, "v":"2.45"},{"t":6, "v":"9310"},{"t":7, "v":"0.026649"},{"t":8, "v":"0.594879"}]},{"d":5,"des":[{"mu":6,"s":[43,44,45,46,47,48,49,50,51,52,53,54,55,56]},{"mu":15,"s":[97,98,99,100,101,102,103]},{"mu":30,"s":[180,181,182,183,184,185,186]},{"mu":41,"s":[258,259,260,261,262,263,264,265,266,267,268,269,270,271,272,273,274,275]},{"mu":43,"s":[283,284,285,286,287,288,289,290,291,292,293,294,295,296,297,298,299,300,301,302,303,304,305,306,307,308,309,310,311,312,313,314,315,316,317,318,319,320,321,322,323,324,325,326,327,328,329,330,331,332]},{"mu":52,"s":[386]},{"mu":72,"s":[661,662]},{"mu":76,"s":[704,705,706,707,708,709,669,670,671,672,673,674,675,676,677,678,679,680,681,682,683,684,685,686,687,688,689,690,691,692,693,694,695,696,697,698,699,700,701,702,703]},{"mu":121,"s":[814,815,816,817,818,819]},{"mu":127,"s":[838,839,840]},{"mu":138,"s":[877,878,879,880,881]},{"mu":140,"s":[883,884,885,886,887,888,889,890]},{"mu":247,"s":[1297,1298,1299,1300,1301]},{"mu":263,"s":[1344,1338,1339,1340,1342,1343]},{"mu":303,"s":[1461,1462]},{"mu":306,"s":[1472]},{"mu":325,"s":[1544,1545,1546,1547,1548,1549,1550,1551,1552]},{"mu":405,"s":[1810,1811,1812,1813,1814,1815]},{"mu":422,"s":[1875,1876,1877]},{"mu":442,"s":[1929,1930,1931,1932]},{"mu":473,"s":[2057,2058,2059]},{"mu":481,"s":[2080,2081,2082,2083,2077,2078,2079]},{"mu":507,"s":[2175]},{"mu":509,"s":[2180,2181,2182,2183,2184]},{"mu":525,"s":[2249,2250,2251,2252,2253,2254,2255,2256,2257]},{"mu":557,"s":[2394,2395,2396,2397,2398,2399,2400,2401,2402,2403,2404]}],"p":[{"t":1, "v":"382993"},{"t":4, "v":"0"},{"t":5, "v":"0.74"},{"t":6, "v":"2797"},{"t":7, "v":"0.002405"},{"t":8, "v":"0.692067"}]},{"d":6,"des":[{"mu":13,"s":[87,88,89]},{"mu":16,"s":[104,105,106,107,108,109,110]},{"mu":19,"s":[117,118,119,120]},{"mu":23,"s":[131,132,133]},{"mu":31,"s":[187,188]},{"mu":32,"s":[189,190,191]},{"mu":36,"s":[198,199,200]},{"mu":40,"s":[255,256,257]},{"mu":46,"s":[369,370,371,372]},{"mu":49,"s":[375,376,377]},{"mu":54,"s":[388]},{"mu":55,"s":[389,390,391,392,393,394,395]},{"mu":71,"s":[643,644,645,646,647,648,649,650,651,652,653,654,655,656,657,658,659]},{"mu":78,"s":[712,713]},{"mu":83,"s":[734,735]},{"mu":85,"s":[738,739,740]},{"mu":91,"s":[751,752]},{"mu":96,"s":[761]},{"mu":102,"s":[772,773,774,775]},{"mu":105,"s":[782,783,784,785,786,787]},{"mu":107,"s":[789]},{"mu":118,"s":[810]},{"mu":124,"s":[835]},{"mu":130,"s":[847,848,849,850]},{"mu":141,"s":[891,892]},{"mu":144,"s":[896]},{"mu":149,"s":[907]},{"mu":162,"s":[938,939,940]},{"mu":163,"s":[941,942]},{"mu":171,"s":[978]},{"mu":180,"s":[1008,1007]},{"mu":188,"s":[1110]},{"mu":196,"s":[1134,1135]},{"mu":200,"s":[1162,1163]},{"mu":208,"s":[1193,1194,1195,1196,1197,1198,1199,1200,1201,1202,1203]},{"mu":210,"s":[1205,1206,1207,1208,1209]},{"mu":217,"s":[1221,1222,1223,1224]},{"mu":218,"s":[1225]},{"mu":230,"s":[1251,1252]},{"mu":237,"s":[1278,1279]},{"mu":239,"s":[1283]},{"mu":240,"s":[1284]},{"mu":242,"s":[1286,1287,1288,1289,1290]},{"mu":245,"s":[1294,1295]},{"mu":249,"s":[1303]},{"mu":250,"s":[1304,1305]},{"mu":253,"s":[1314]},{"mu":257,"s":[1319]},{"mu":258,"s":[1320,1321]},{"mu":260,"s":[1328,1329,1330,1331,1332,1324,1325,1326,1327]},{"mu":268,"s":[1354,1355,1356,1357,1358]},{"mu":273,"s":[1367]},{"mu":279,"s":[1401]},{"mu":284,"s":[1411,1412,1413,1414]},{"mu":288,"s":[1418]},{"mu":295,"s":[1438,1439]},{"mu":315,"s":[1496,1497]},{"mu":318,"s":[1512]},{"mu":327,"s":[1554]},{"mu":329,"s":[1558,1559]},{"mu":343,"s":[1613]},{"mu":345,"s":[1617,1618,1619,1620,1621,1622,1623,1624,1625]},{"mu":349,"s":[1636]},{"mu":371,"s":[1677]},{"mu":372,"s":[1678,1679]},{"mu":373,"s":[1680,1681,1682]},{"mu":377,"s":[1690]},{"mu":378,"s":[1696,1697,1698,1691,1692,1693,1694,1695]},{"mu":380,"s":[1702]},{"mu":382,"s":[1704,1705,1706]},{"mu":383,"s":[1707]},{"mu":384,"s":[1708]},{"mu":391,"s":[1743,1744,1745]},{"mu":394,"s":[1771,1772,1773,1774,1775]},{"mu":409,"s":[1828]},{"mu":428,"s":[1898,1899,1900,1901,1902]},{"mu":431,"s":[1905]},{"mu":445,"s":[1935]},{"mu":446,"s":[1936]},{"mu":447,"s":[1937,1938,1939]},{"mu":456,"s":[1971,1972]},{"mu":457,"s":[1973,1974,1975]},{"mu":462,"s":[1993,1994]},{"mu":470,"s":[2048,2049,2033,2034,2035,2036,2037,2038,2039,2040,2041,2042,2043,2044,2045,2046,2047]},{"mu":482,"s":[2084,2085]},{"mu":483,"s":[2086,2087]},{"mu":486,"s":[2117,2118,2119,2120,2121,2122]},{"mu":493,"s":[2135,2136,2137,2138]},{"mu":495,"s":[2140,2141,2142,2143]},{"mu":501,"s":[2158,2159,2160,2161,2162,2163,2164]},{"mu":502,"s":[2165,2166]},{"mu":510,"s":[2185]},{"mu":511,"s":[2186,2187,2188]},{"mu":520,"s":[2240,2241,2242,2243,2237,2238,2239]},{"mu":528,"s":[2262,2263]},{"mu":532,"s":[2273]},{"mu":533,"s":[2274]},{"mu":534,"s":[2275,2276,2277,2278,2279,2281,2282,2283,2284,2285,2286,2287,2288,2289]},{"mu":549,"s":[2339,2340,2341,2342,2343,2344,2345,2346,2347,2348,2349,2350,2351]},{"mu":553,"s":[2367,2368,2369,2370,2371,2372,2373,2374,2375,2376,2377,2379,2380,2381,2382,2383]},{"mu":565,"s":[2422]},{"mu":568,"s":[2432,2433,2434]},{"mu":900,"s":[64]},{"mu":907,"s":[660]},{"mu":909,"s":[1281]},{"mu":916,"s":[2453]},{"mu":919,"s":[2280]},{"mu":921,"s":[2378]},{"mu":922,"s":[2384]},{"mu":923,"s":[2385]},{"mu":924,"s":[2452]}],"p":[{"t":1, "v":"384086"},{"t":4, "v":"0"},{"t":5, "v":"1.02"},{"t":6, "v":"3890"},{"t":7, "v":"0.004652"},{"t":8, "v":"0.460163"}]},{"d":7,"des":[{"mu":14,"s":[90,91,92,93,94,95,96]},{"mu":59,"s":[448,449,450,451,452,453,432,433,434,435,436,437,438,439,440,441,442,443,444,445,446,447]},{"mu":61,"s":[456]},{"mu":70,"s":[640,641,642,638,639]},{"mu":82,"s":[721,722,723,724,725,726,727,728,729,730,731,732,733]},{"mu":92,"s":[753,754,755]},{"mu":110,"s":[794]},{"mu":116,"s":[807,808]},{"mu":146,"s":[899]},{"mu":150,"s":[908,909,910]},{"mu":151,"s":[911,912]},{"mu":152,"s":[913]},{"mu":156,"s":[921,922,923]},{"mu":165,"s":[949,950]},{"mu":204,"s":[1172,1173,1174,1175]},{"mu":235,"s":[1271,1272,1273,1274,1275]},{"mu":236,"s":[1276,1277]},{"mu":251,"s":[1306,1307,1308,1309]},{"mu":252,"s":[1312,1313,1310,1311]},{"mu":264,"s":[1345,1346]},{"mu":265,"s":[2450,1347,1348,1349,1350,1351]},{"mu":277,"s":[1396,1397]},{"mu":287,"s":[1417]},{"mu":289,"s":[1419,1420,1421]},{"mu":304,"s":[1463,1464]},{"mu":316,"s":[1504,1505,1506,1507,1508,1509,1510,1498,1499,1500,1501,1502,1503]},{"mu":322,"s":[1516,1517,1518,1519,1520,1521,1522,1527,1528,1529,1530,1531,1532,1533,1534]},{"mu":341,"s":[1607,1608]},{"mu":344,"s":[1614,1615,1616]},{"mu":348,"s":[1634,1635]},{"mu":350,"s":[1637,1638]},{"mu":353,"s":[1641]},{"mu":362,"s":[1653]},{"mu":366,"s":[1668,1669,1670]},{"mu":385,"s":[1709,1710,1711]},{"mu":393,"s":[1769,1770]},{"mu":406,"s":[1824,1825,1816,1817,1818,1819,1820,1821,1822,1823]},{"mu":414,"s":[1841,1842,1843,1844,1845,1846,1847,1848,1849,1850]},{"mu":425,"s":[1882,1883,1884,1885,1886]},{"mu":430,"s":[1904]},{"mu":440,"s":[1920,1921,1922,1923,1924,1925,1926,1927,1919]},{"mu":508,"s":[2176,2177,2178,2179]},{"mu":529,"s":[2264]},{"mu":535,"s":[2290]},{"mu":536,"s":[2291,2292,2293,2294,2295,2296,2297,2298,2299,2300]},{"mu":564,"s":[2421]},{"mu":904,"s":[457]},{"mu":910,"s":[1523]},{"mu":911,"s":[1524]},{"mu":912,"s":[1525]},{"mu":915,"s":[1968]}],"p":[{"t":1, "v":"377957"},{"t":4, "v":"0"},{"t":5, "v":"-0.59"},{"t":6, "v":"-2239"},{"t":7, "v":"0.001542"},{"t":8, "v":"0.569511"}]},{"d":8,"des":[{"mu":56,"s":[396]},{"mu":69,"s":[633,634,635,636,637]},{"mu":73,"s":[663,664,665]},{"mu":79,"s":[714,715,716]},{"mu":87,"s":[744,745,746]},{"mu":108,"s":[790,791]},{"mu":134,"s":[871,872,873]},{"mu":155,"s":[920]},{"mu":166,"s":[951]},{"mu":178,"s":[1003,1004]},{"mu":184,"s":[1104,1105,1099,1100,1101,1102,1103]},{"mu":190,"s":[1112,1113,1114,1115,1116]},{"mu":203,"s":[1170,1171]},{"mu":213,"s":[1216,1215]},{"mu":225,"s":[1238,1239,1240]},{"mu":229,"s":[1249,1250]},{"mu":271,"s":[1363,1364]},{"mu":283,"s":[1409,1410]},{"mu":298,"s":[1449,1450,1451]},{"mu":300,"s":[1454,1455,1456,1457]},{"mu":310,"s":[1485,1486,1487,1488,1489,1490,1491]},{"mu":312,"s":[1493]},{"mu":332,"s":[1568,1569,1570,1571,1572,1573,1574,1575,1576,1577,1578,1579,1580,1581,1582,1583,1584,1564,1565,1566,1567]},{"mu":342,"s":[1609,1610,1611,1612]},{"mu":364,"s":[1664,1658,1659,1660,1661,1662,1663]},{"mu":367,"s":[1671,1672]},{"mu":387,"s":[1730,1731,1732,1733,1734,1735,1736,1737]},{"mu":407,"s":[1826]},{"mu":415,"s":[1851,1852,1853,1854,1855]},{"mu":416,"s":[1856,1857,1858]},{"mu":434,"s":[1908]},{"mu":448,"s":[1940,1941,1942,1943,1944,1945,1946,1947,1948,1949]},{"mu":449,"s":[1950]},{"mu":451,"s":[1955,1956,1957,1958,1959]},{"mu":467,"s":[2005,2006,2007,2008,2009,2010,2011]},{"mu":468,"s":[2016,2017,2018,2019,2020,2021,2022,2023,2024,2012,2013,2014,2015]},{"mu":475,"s":[2064,2062,2063]},{"mu":478,"s":[2071]},{"mu":484,"s":[2088,2089,2090,2091,2092,2093,2094,2095,2096,2097,2098,2099,2100,2101,2102,2103,2104,2105,2106,2107,2108,2109,2110,2111]},{"mu":487,"s":[2123,2124]},{"mu":490,"s":[2128,2129,2130]},{"mu":492,"s":[2133,2134]},{"mu":498,"s":[2150]},{"mu":506,"s":[2173,2174]},{"mu":516,"s":[2229,2230]},{"mu":530,"s":[2265,2266,2267,2268,2269,2270,2271]},{"mu":542,"s":[2318,2319,2320]},{"mu":567,"s":[2430,2431]}],"p":[{"t":1, "v":"375085"},{"t":4, "v":"0"},{"t":5, "v":"-1.34"},{"t":6, "v":"-5111"},{"t":7, "v":"0.008032"},{"t":8, "v":"0.503937"}]},{"d":9,"des":[{"mu":66,"s":[512,513,514,515,516,517,518,519,520,521,522,523,524,525,526,527,528,529,530,531,532,533,534,535,536,537,538,539,540,541,542,543,544,545,546,547,548,549,550,551,552,553,554,555,556,557,558,559,560,561,562,563,564,565,566,567,568,569,570,571,572,573,574,575,576,577,578,579,580,581,582,583,584,585,586,587,588,589,590,591,592,593,594,595,596,597,598,599,600,601,602,603,604,605,606,607,608,609,610,611,612,613,614,615,616,470,471,472,473,474,475,476,477,478,479,480,481,482,483,484,485,486,487,488,489,490,491,492,493,494,495,496,497,498,499,500,501,502,503,504,505,506,507,508,509,510,511]},{"mu":84,"s":[736,737]},{"mu":88,"s":[747,748]},{"mu":154,"s":[917,918,919]},{"mu":227,"s":[1243,1244,1245,1246,1247]},{"mu":291,"s":[1424,1425,1423]},{"mu":392,"s":[1760,1761,1762,1763,1764,1765,1766,1767,1768,1746,1747,1748,1749,1750,1751,1752,1753,1754,1755,1756,1757,1758,1759]},{"mu":400,"s":[1784,1785,1786]}],"p":[{"t":1, "v":"389262"},{"t":4, "v":"0"},{"t":5, "v":"2.38"},{"t":6, "v":"9066"},{"t":7, "v":"0.025271"},{"t":8, "v":"0.110271"}]},{"d":10,"des":[{"mu":11,"s":[74,75,76]},{"mu":44,"s":[333,334,335,336,337,338,339,340,341,342,343,344,345,346,347,348,349,350,351,352,353,354,355,356,357,358,359,360,361,362,363,364]},{"mu":133,"s":[866,867,868,869,870]},{"mu":164,"s":[944,945,946,947,948,943]},{"mu":173,"s":[981]},{"mu":181,"s":[1009]},{"mu":182,"s":[1024,1025,1026,1027,1028,1029,1030,1031,1032,1033,1034,1035,1036,1037,1038,1039,1040,1041,1042,1043,1044,1045,1046,1047,1048,1049,1050,1051,1052,1053,1054,1055,1056,1057,1058,1059,1060,1061,1062,1063,1064,1065,1066,1067,1068,1069,1070,1071,1072,1073,1074,1075,1076,1077,1078,1079,1080,1081,1082,1083,1010,1011,1012,1013,1014,1015,1016,1017,1018,1019,1020,1021,1022,1023]},{"mu":183,"s":[1088,1089,1090,1091,1092,1093,1094,1095,1096,1097,1098,1084,1085,1086,1087]},{"mu":206,"s":[1177,1178,1179,1180,1181,1182,1183]},{"mu":212,"s":[1213,1214]},{"mu":214,"s":[1217,1218]},{"mu":232,"s":[1254,1255,1256,1257,1258,1259,1260,1261,1262,1263,1264,1265]},{"mu":324,"s":[1541,1542,1543]},{"mu":337,"s":[1602,1603]},{"mu":418,"s":[1860,1861,1862,1863,1864,1865]},{"mu":460,"s":[1987,1988,1989,1990]},{"mu":461,"s":[1991,1992]},{"mu":469,"s":[2032,2025,2026,2027,2028,2029,2030,2031]},{"mu":499,"s":[2151,2152,2153,2154,2155]}],"p":[{"t":1, "v":"342930"},{"t":4, "v":"0"},{"t":5, "v":"-9.80"},{"t":6, "v":"-37266"},{"t":7, "v":"0.427004"},{"t":8, "v":"0.875033"}]}],"calificaciones":[{"t":"1","a":"1.0","p":"0.538162","sp":"0.538162"},{"t":"2","a":"0.5","p":"5.509146","sp":"11.018291"}],"total":{"p":6.047308,"sp":11.556453},"sellos":[{"n":"escenario","v":"md5"},{"n":"calificacion","v":"md5"},{"n":"municipios","v":"md5"},{"n":"secciones","v":"md5"},{"n":"tiemposmunicipios","v":"md5"}],"version":"Versión 1.5.20161004.2|federal"}