{"entidad":16,"partes":[{"id":0,"nombre":"","tipologia":3,"primerdistrito":0,"distritos":9,"municipios":[{"id":1,"fraccion":0},{"id":2,"fraccion":0},{"id":3,"fraccion":0},{"id":4,"fraccion":0},{"id":5,"fraccion":0},{"id":6,"fraccion":0},{"id":7,"fraccion":0},{"id":8,"fraccion":0},{"id":9,"fraccion":0},{"id":10,"fraccion":0},{"id":11,"fraccion":0},{"id":12,"fraccion":0},{"id":13,"fraccion":0},{"id":14,"fraccion":0},{"id":15,"fraccion":0},{"id":16,"fraccion":0},{"id":17,"fraccion":0},{"id":18,"fraccion":0},{"id":19,"fraccion":0},{"id":20,"fraccion":0},{"id":21,"fraccion":1},{"id":22,"fraccion":0},{"id":23,"fraccion":0},{"id":24,"fraccion":1},{"id":25,"fraccion":1},{"id":26,"fraccion":0},{"id":27,"fraccion":0},{"id":28,"fraccion":0},{"id":29,"fraccion":0},{"id":30,"fraccion":0},{"id":31,"fraccion":0},{"id":32,"fraccion":1},{"id":33,"fraccion":0},{"id":34,"fraccion":0},{"id":35,"fraccion":0},{"id":36,"fraccion":0},{"id":37,"fraccion":0},{"id":38,"fraccion":0},{"id":39,"fraccion":0},{"id":40,"fraccion":0},{"id":41,"fraccion":0},{"id":42,"fraccion":0},{"id":43,"fraccion":0},{"id":44,"fraccion":0},{"id":45,"fraccion":0},{"id":46,"fraccion":0},{"id":47,"fraccion":0},{"id":48,"fraccion":0},{"id":49,"fraccion":0},{"id":50,"fraccion":0},{"id":51,"fraccion":0},{"id":52,"fraccion":0},{"id":53,"fraccion":0},{"id":55,"fraccion":0},{"id":56,"fraccion":0},{"id":57,"fraccion":1},{"id":58,"fraccion":0},{"id":59,"fraccion":0},{"id":60,"fraccion":0},{"id":61,"fraccion":0},{"id":62,"fraccion":0},{"id":63,"fraccion":0},{"id":64,"fraccion":0},{"id":65,"fraccion":0},{"id":66,"fraccion":1},{"id":67,"fraccion":0},{"id":68,"fraccion":0},{"id":69,"fraccion":0},{"id":70,"fraccion":0},{"id":71,"fraccion":0},{"id":72,"fraccion":0},{"id":73,"fraccion":0},{"id":74,"fraccion":0},{"id":75,"fraccion":0},{"id":76,"fraccion":0},{"id":77,"fraccion":0},{"id":78,"fraccion":0},{"id":79,"fraccion":0},{"id":80,"fraccion":0},{"id":81,"fraccion":0},{"id":82,"fraccion":0},{"id":83,"fraccion":0},{"id":84,"fraccion":0},{"id":85,"fraccion":0},{"id":86,"fraccion":0},{"id":87,"fraccion":0},{"id":88,"fraccion":0},{"id":89,"fraccion":0},{"id":90,"fraccion":0},{"id":91,"fraccion":0},{"id":92,"fraccion":0},{"id":93,"fraccion":0},{"id":94,"fraccion":0},{"id":95,"fraccion":0},{"id":96,"fraccion":0},{"id":97,"fraccion":0},{"id":98,"fraccion":0},{"id":99,"fraccion":0},{"id":100,"fraccion":0},{"id":101,"fraccion":0},{"id":102,"fraccion":0},{"id":104,"fraccion":0},{"id":105,"fraccion":0},{"id":106,"fraccion":0},{"id":107,"fraccion":0},{"id":108,"fraccion":0},{"id":109,"fraccion":0},{"id":110,"fraccion":0},{"id":111,"fraccion":0},{"id":112,"fraccion":0},{"id":113,"fraccion":0}]},{"id":1,"nombre":"URUAPAN","tipologia":0,"primerdistrito":9,"distritos":1,"municipios":[{"id":103,"fraccion":0}]},{"id":2,"nombre":"MORELIA","tipologia":1,"primerdistrito":10,"distritos":2,"municipios":[{"id":54,"fraccion":1}]}],"cumulos":[{"id":0,"tipo":2,"secciones":[1,2,3,4,5,6,7,8,9,10]},{"id":1,"tipo":2,"secciones":[11,12,13,14,15,16,17,18,19,20,21,22,23,25]},{"id":2,"tipo":2,"secciones":[32,33,34,35,36,37,26,27,28,29,30,31]},{"id":3,"tipo":2,"secciones":[38,39,40,41,42,43,44,45,46,47,48,49,50,51]},{"id":4,"tipo":2,"secciones":[52,53,54,55,56,57]},{"id":5,"tipo":2,"secciones":[128,129,130,131,58,59,60,61,62,63,64,65,66,67,68,69,70,71,72,73,74,75,76,77,78,79,80,81,82,83,84,85,86,87,88,89,90,91,92,93,94,95,96,97,98,99,100,2660,101,2661,102,2662,103,2663,104,2664,105,2665,106,107,108,109,110,111,112,113,114,115,116,117,118,119,120,121,122,123,124,125,126,127]},{"id":6,"tipo":2,"secciones":[132,133,134,135]},{"id":7,"tipo":2,"secciones":[136,137,138,139,140,141,142,143,144,145,146,147,148]},{"id":8,"tipo":2,"secciones":[160,161,162,163,164,165,166,167,168,169,149,150,151,152,153,154,155,156,157,158,159]},{"id":9,"tipo":2,"secciones":[170,171,172,173,174,175,176,177,178,179,180,181,182,183]},{"id":10,"tipo":2,"secciones":[184,185,186,187,188,189]},{"id":11,"tipo":2,"secciones":[192,193,194,195,196,197,198,199,200,201,202,203,204,205,206,207,208,209,210,211,212,190,191]},{"id":12,"tipo":2,"secciones":[224,213,214,215,216,217,218,219,220,221,222,223]},{"id":13,"tipo":2,"secciones":[225,226,227,228,229,230,231,232,233,234,235,236]},{"id":14,"tipo":2,"secciones":[256,237,238,239,240,241,242,244,245,246,247,248,249,250,251,252,253,254,255]},{"id":15,"tipo":2,"secciones":[257,258,259,260,261,262,263,264,265,266,267,268,269,270,271,272,273,274,275,276,277,278,279,280,281,282,283,284,285]},{"id":16,"tipo":2,"secciones":[288,289,290,291,292,293,294,295,296,297,298,286,287]},{"id":17,"tipo":2,"secciones":[304,299,300,301,302,303]},{"id":18,"tipo":2,"secciones":[320,321,322,323,305,306,307,308,309,310,311,312,313,314,315,316,317,318,319]},{"id":19,"tipo":2,"secciones":[324,325,326,327,328,329,330,331,332,333,334,335,336,337,338,339]},{"id":20,"tipo":2,"secciones":[352,353,354,355,356,357,358,359,360,346,347,348,349,350,351]},{"id":21,"tipo":2,"secciones":[368,369,370,371,361,362,363,364,365,366,367]},{"id":22,"tipo":2,"secciones":[400,401,402,403,404,397,398,399]},{"id":23,"tipo":2,"secciones":[405,406,407,408,409,410]},{"id":24,"tipo":2,"secciones":[416,417,418,419,411,412,413,414,415]},{"id":25,"tipo":2,"secciones":[420,421,422,423,424,425,426,427,428,429,430,431,432]},{"id":26,"tipo":2,"secciones":[433,434,435,436,437,438,439,440,441,442,443,444,445]},{"id":27,"tipo":2,"secciones":[448,449,450,451,452,453,454,455,456,446,447]},{"id":28,"tipo":3,"secciones":[384,385,386,387,388,389,390,391,392,393,394,395,396,1440,1441,1442,1443,1444,1445,1446,1447,1448,1321,1449,1322,1450,1323,1451,1324,1452,1325,1453,1326,1454,1327,1455,1328,1329,1330,1331,1332,1333,1334,1335,457,458,459,460,461,462,463,464,465,466,340,341,342,343,344,345,372,373,374,375,376,377,378,379,380,381,382,383]},{"id":29,"tipo":2,"secciones":[467,468,469,470,471,472,473,474,475,476,477,478,479]},{"id":30,"tipo":2,"secciones":[512,513,514,515,516,517,518,519,520,521,522,523,524,525,526,527,528,529,530,531,532,533,534,535,536,537,538,539,540,541,542,543,544,545,546,547,548,549,550,551,552,553,555,556,480,481,482,483,484,485,486,487,488,489,490,491,492,493,494,495,496,497,498,499,500,501,502,503,504,505,506,507,508,509,510,511]},{"id":31,"tipo":2,"secciones":[576,577,578,579,2666,2667,2668,557,2669,558,2670,559,560,561,562,563,564,565,566,567,568,569,570,571,572,573,574,575]},{"id":32,"tipo":2,"secciones":[580,581,582,583,584,585,586,587,588,589]},{"id":33,"tipo":2,"secciones":[592,593,594,595,596,597,598,599,600,590,591]},{"id":34,"tipo":2,"secciones":[640,641,642,643,644,645,646,601,602,603,604,605,606,607,608,609,610,611,612,613,614,615,616,617,618,619,620,621,622,623,624,625,626,627,628,629,630,631,632,633,634,635,636,637,638,639]},{"id":35,"tipo":2,"secciones":[647,648,649,650]},{"id":36,"tipo":2,"secciones":[651,652,653,654,655,656,657,658,659,660,661,662,663,664]},{"id":37,"tipo":2,"secciones":[672,665,666,667,668,669,670,671]},{"id":38,"tipo":2,"secciones":[673,674,675,676,677,678,679,680,681,682,683,684]},{"id":39,"tipo":2,"secciones":[704,705,706,707,708,709,710,711,685,686,687,688,689,690,691,692,693,694,695,696,697,698,699,700,701,702,703]},{"id":40,"tipo":2,"secciones":[712,713,714,715,716,717,718,719,720,721,722,723,724,725]},{"id":41,"tipo":2,"secciones":[726,727,728,729,730,731,732,733,734,735,736,737,738,739,740,741,742,743,744,745,746,747,748,749,750,751,752,753,754,755]},{"id":42,"tipo":2,"secciones":[768,769,770,771,772,773,756,757,758,759,760,761,762,763,764,765,766,767]},{"id":43,"tipo":2,"secciones":[784,785,774,775,776,777,778,779,780,781,782,783]},{"id":44,"tipo":2,"secciones":[800,801,786,787,788,789,790,791,792,793,794,795,796,797,798,799]},{"id":45,"tipo":2,"secciones":[802,803,804,805]},{"id":46,"tipo":2,"secciones":[806,807,808,809,810,811,812,813,814,815,816,817,818,819,820,821,822,823,824,825,826,827,828,829,830,831,832,833,834,835,836,837,838,839,840,841,842,843,844,845,846,847,848,849,850,851,852,853,854,855,856,857,858,859,860,861,862,863,864,865,866,867,868,869,870]},{"id":47,"tipo":2,"secciones":[871,872,873,874,875,876,877,878,879,880,881,882,883,884]},{"id":48,"tipo":2,"secciones":[896,897,898,899,900,901,902,903,904,905,906,907,908,909,910,911,912,913,914,915,916,917,918,919,920,921,922,923,924,925,926,927,928,885,886,887,888,889,890,891,892,893,894,895]},{"id":49,"tipo":2,"secciones":[929,930,931,932,933,934,935,936,937,938,939,940]},{"id":50,"tipo":2,"secciones":[1296,1288,1289,1290,1291,1292,1293,1294,1295]},{"id":51,"tipo":2,"secciones":[1312,1313,1314,1315,1316,1317,1318,1319,1320,1297,1298,1299,1300,1301,1302,1303,1304,1305,1306,1307,1308,1309,1310,1311]},{"id":52,"tipo":2,"secciones":[1344,1345,1346,1347,1348,1336,1337,1338,1339,1340,1341,1342,1343]},{"id":53,"tipo":2,"secciones":[1349,1350,1351,1352,1353,1354,1355,1356,1357,1358,1359]},{"id":54,"tipo":2,"secciones":[1360,1361,1362,1363,1364,1365,1366,1367,1368]},{"id":55,"tipo":2,"secciones":[1376,1377,1369,1370,1371,1372,1373,1374,1375]},{"id":56,"tipo":2,"secciones":[1378,1379,1380,1381,1382,1383,1384,1385,1386,1387,1388]},{"id":57,"tipo":2,"secciones":[1389,1390,1391,1392,1393,1394,1395,1396,1397,1398,1399,1400,1401,1402,1403,1404,1405,1406]},{"id":58,"tipo":2,"secciones":[1408,1409,1410,1411,1412,1413,1414,1415,1416,1417,1418,1419,1420,1421,1422,1423,1424,1425,1407]},{"id":59,"tipo":2,"secciones":[2671,2672,1426,1427,1428,1429,1430,1431,1432,1433,1434,1435,1436,1437,1438,1439]},{"id":60,"tipo":2,"secciones":[1472,1473,1474,1475,1476,1477,1478,1479,1480,1481,1482,1483,1484,1485,1486,1487,1488,1489,1490,1491,1492,1493,1494,1495,1496,1497,1456,1457,1458,1459,1460,1461,1462,1463,1464,1465,1466,1467,1468,1469,1470,1471]},{"id":61,"tipo":2,"secciones":[1504,1505,1506,1507,1508,1509,1510,1511,1512,1513,1514,1515,1516,1498,1499,1500,1501,1502,1503]},{"id":62,"tipo":2,"secciones":[1520,1521,1522,1523,1524,1525,1526,1527,1528,1517,1518,1519]},{"id":63,"tipo":2,"secciones":[1536,1537,1538,1539,1540,1541,1542,1543,1544,1545,1546,1547,1548,1549,1550,1551,1552,1553,1554,1555,1556,1557,1558,1559,1560,1561,1562,1563,1564,1565,1566,1567,1568,1569,1570,1571,1572,1573,1574,1575,1576,1577,1578,1579,1580,1581,1582,1583,1584,1585,1586,1587,1588,1589,1529,1530,1531,1532,1533,1534,1535]},{"id":64,"tipo":2,"secciones":[1600,1590,1591,1592,1593,1594,1595,1596,1597,1598,1599]},{"id":65,"tipo":2,"secciones":[1601,1602,1603,1604,1605,1606,1607,1608,1609,1610,1611,1612,1613,1614,1615,1616,1617,1618,1619,1620,1621,1622,1623,1624,1625,1626,1627,1628,1629,1630,1631,1632,1633,1634,1635,1636,1637,1638,1639,1640,1641,1642,1643,1644,1645,1646]},{"id":66,"tipo":2,"secciones":[1647,1648,1649,1650,1651,1652,1653,1654,1655,1656,1657,1658,1659,1660]},{"id":67,"tipo":2,"secciones":[1664,1665,1666,1667,1668,1669,1670,1671,1672,1673,1674,1661,1662,1663]},{"id":68,"tipo":2,"secciones":[1680,1681,1682,1683,1675,1676,1677,1678,1679]},{"id":69,"tipo":2,"secciones":[1684,1685,1686,1687,1688,1689,1690,1691,1692,1693,1694,1695,1696,1697,1698,1699,1700,1701,1702,1703,1704,1705,1706,1707,1708,1709,1710,1711,1712,1713,1714,1715,1716,1717,1718]},{"id":70,"tipo":2,"secciones":[1719,1720,1721,1722,1723,1724,1725,1726,1727,1728,1729,1730,1731,1732,1733,1734,1735,1736,1737,1738,1739,1740,1741,1742,1743,1744,1745,1746,1747,1748,1749,1750,1751,1752,1753,1754,1755,1756,1757,1758,1759,1760,1761,1762,1763,1764,1765,1766,1767]},{"id":71,"tipo":2,"secciones":[1768,1769,1770,1771,1772,1773,1774,1775,1776,1777,1778,1779,1780,1781,1782,1783,1784,1785,1786,1787]},{"id":72,"tipo":2,"secciones":[1792,1793,1794,1795,1796,1797,1798,1788,1789,1790,1791]},{"id":73,"tipo":2,"secciones":[1799,1800,1801,1802,1803,1804,1805,1806,1807,1808,1809,2673,1810,2674,1811,1812,1813,1814,1815,1816,1817,1818,1819,1820]},{"id":74,"tipo":2,"secciones":[1824,1825,1826,1827,1828,1829,1830,1831,1821,1822,1823]},{"id":75,"tipo":2,"secciones":[1840,1841,1843,1832,1833,1834,1835,1836,1837,1838,1839]},{"id":76,"tipo":2,"secciones":[1856,1857,1858,1859,1860,1861,1862,1863,1864,1865,1866,1867,1868,1869,1870,1871,1872,1873,1874,1875,1876,1877,1878,1879,1880,1881,1844,1845,1846,1847,1848,1849,1850,1851,1852,1853,1854,1855]},{"id":77,"tipo":2,"secciones":[1888,1889,1890,1891,1892,1893,1894,1895,1896,1882,1883,1884,1885,1886,1887]},{"id":78,"tipo":2,"secciones":[1898,1899,1900,1901,1902,1903,1904,1905,1906,1907,1908,1909,1910,1911]},{"id":79,"tipo":2,"secciones":[1920,1921,1922,1923,1924,1925,1926,1927,1928,1929,1930,1931,1932,1933,1934,1935,1936,1937,1938,1912,1913,1914,1915,1916,1917,1918,1919]},{"id":80,"tipo":2,"secciones":[1939,1940,1941,1942,1943,1944,1945,1946,1947,1948,1949]},{"id":81,"tipo":2,"secciones":[1952,1953,1954,1955,1956,1957,1958,1950,1951]},{"id":82,"tipo":2,"secciones":[2688,2689,2690,2691,2693,2694,2695,2696,2697,2698,2699,2700,2701,1959,1960,1961,1962,1963,1964,1965,1966,1967,1968,1969,1970,1971,1972,1973,1974,2678,1975,2679,2680,1977,2681,1978,2682,2683,2684,2685,2686,2687]},{"id":83,"tipo":2,"secciones":[1984,1985,1986,1987,1988,1989,1990,1991,1992,1993,1994,1979,1980,1981,1982,1983]},{"id":84,"tipo":2,"secciones":[2000,2001,1995,1996,1997,1998,1999]},{"id":85,"tipo":2,"secciones":[2002,2003,2004,2005,2006,2007,2008,2009,2010,2011,2012]},{"id":86,"tipo":2,"secciones":[2016,2017,2018,2019,2020,2021,2022,2023,2024,2013,2014,2015]},{"id":87,"tipo":2,"secciones":[2025,2026,2027,2028,2029,2030,2031,2032,2033,2034,2035,2036,2037,2038,2039]},{"id":88,"tipo":2,"secciones":[2048,2049,2050,2051,2040,2041,2042,2043,2044,2045,2046,2047]},{"id":89,"tipo":2,"secciones":[2052,2053,2054,2055,2056,2057,2058,2059,2060,2061,2062,2063,2064]},{"id":90,"tipo":2,"secciones":[2065,2066,2067,2068,2069,2071,2072,2074]},{"id":91,"tipo":2,"secciones":[2112,2075,2076,2077,2078,2079,2080,2081,2082,2083,2084,2085,2086,2087,2088,2089,2090,2091,2092,2093,2094,2095,2096,2097,2098,2099,2100,2101,2102,2103,2104,2105,2107,2108,2109,2110,2111]},{"id":92,"tipo":2,"secciones":[2113,2114,2115,2116,2117,2118,2119,2120,2121,2122,2123,2124,2125,2126,2127,2128,2129]},{"id":93,"tipo":2,"secciones":[2144,2145,2146,2147,2148,2149,2150,2130,2131,2132,2133,2134,2135,2136,2137,2138,2139,2140,2141,2142,2143]},{"id":94,"tipo":2,"secciones":[2151,2152,2153,2154,2155,2156,2157,2158,2159]},{"id":95,"tipo":2,"secciones":[2160,2161,2162,2163,2164,2165,2166,2167,2168,2169,2170,2171,2172,2173,2174]},{"id":96,"tipo":2,"secciones":[2304,2305,2306,2307,2308,2309,2310,2311,2312,2313,2314,2315,2316,2175,2176,2177,2178,2179,2180,2181,2182,2183,2184,2185,2186,2187,2188,2189,2190,2191,2192,2193,2194,2195,2196,2197,2198,2199,2200,2201,2202,2203,2204,2205,2206,2207,2208,2209,2210,2211,2212,2213,2214,2215,2216,2217,2218,2219,2220,2221,2222,2223,2224,2225,2226,2227,2228,2229,2230,2231,2232,2233,2234,2235,2236,2237,2238,2239,2240,2241,2242,2243,2244,2245,2246,2247,2248,2249,2250,2251,2252,2253,2254,2255,2256,2257,2258,2259,2260,2261,2262,2263,2264,2265,2266,2267,2268,2269,2270,2271,2272,2273,2274,2275,2276,2277,2278,2279,2280,2281,2282,2283,2284,2285,2286,2287,2288,2289,2290,2291,2292,2293,2294,2295,2296,2297,2298,2299,2300,2301,2302,2303]},{"id":97,"tipo":2,"secciones":[2336,2337,2338,2317,2318,2319,2320,2321,2322,2323,2324,2325,2326,2327,2328,2329,2330,2331,2332,2333,2334,2335]},{"id":98,"tipo":2,"secciones":[2339,2340,2341,2342,2343,2344,2345,2346,2347,2348,2349,2350,2351,2352,2353,2354,2355,2356]},{"id":99,"tipo":2,"secciones":[2368,2369,2357,2358,2359,2360,2361,2362,2363,2364,2365,2366,2367]},{"id":100,"tipo":2,"secciones":[2370,2371,2372,2373,2374,2375,2376,2377,2378,2379,2380,2381,2382,2383,2384,2385,2386,2387,2388]},{"id":101,"tipo":2,"secciones":[2432,2433,2434,2435,2389,2390,2391,2392,2393,2394,2395,2396,2397,2398,2399,2400,2401,2402,2403,2404,2405,2406,2407,2408,2409,2410,2411,2412,2413,2414,2415,2416,2417,2418,2419,2420,2421,2422,2423,2424,2425,2426,2427,2428,2429,2430,2431]},{"id":102,"tipo":2,"secciones":[2436,2437,2438,2439,2440,2441,2442,2443,2444,2445,2446,2447,2448,2449,2450,2451,2452,2453,2454,2455,2456,2457,2458,2459,2460,2461,2462,2463,2464,2465,2466,2467,2468,2469,2470,2471,2472,2473,2474,2475,2476,2477,2478,2479,2480,2481,2482,2483,2484,2485,2486,2487,2488,2489,2490,2491,2492,2493,2494,2495,2496,2497,2498,2499,2500,2501,2502,2503,2504,2505,2506,2507,2508,2509,2510,2511,2512,2513,2514,2515,2516,2517,2518,2519,2520,2521,2522,2523,2524,2525,2526,2527,2528,2529,2530,2676]},{"id":103,"tipo":2,"secciones":[2531,2532,2533,2534,2535,2536,2537]},{"id":104,"tipo":2,"secciones":[2560,2561,2562,2563,2564,2565,2566,2567,2568,2569,2538,2539,2540,2541,2542,2543,2544,2545,2546,2547,2548,2549,2550,2551,2552,2553,2554,2555,2556,2557,2558,2559]},{"id":105,"tipo":2,"secciones":[2576,2577,2570,2571,2572,2573,2574,2575]},{"id":106,"tipo":2,"secciones":[2578,2579,2580,2581,2582,2583,2584,2585,2586,2587,2588,2589,2590,2591,2592,2593,2594,2595,2596,2597,2598,2599,2600,2601,2602,2603,2604,2605,2606,2607,2608,2609,2610,2611,2612,2613,2614,2615,2616,2617,2618,2619,2620,2621,2622,2623,2624,2625,2626,2627,2628,2629,2630,2631,2632,2633,2634,2635,2636,2637,2638,2639,2640,2641,2642,2643,2644,2645,2646,2647,2648,2649,2650,2651,2652,2653,2654,2655,2656,2657,2658,2659]},{"id":107,"tipo":3,"secciones":[1281,1282,1250,1251]},{"id":108,"tipo":3,"secciones":[1273,1274]}],"separados":[{"id":0,"municipio1":2,"municipio2":97,"tiempo":190.0000,"tiempopromedio":42.4479,"desviacion":36.4938},{"id":1,"municipio1":2,"municipio2":8,"tiempo":175.0000,"tiempopromedio":42.4479,"desviacion":36.4938},{"id":2,"municipio1":2,"municipio2":10,"tiempo":214.0000,"tiempopromedio":42.4479,"desviacion":36.4938},{"id":3,"municipio1":8,"municipio2":50,"tiempo":241.0000,"tiempopromedio":42.4479,"desviacion":36.4938},{"id":4,"municipio1":8,"municipio2":10,"tiempo":273.0000,"tiempopromedio":42.4479,"desviacion":36.4938},{"id":5,"municipio1":10,"municipio2":29,"tiempo":171.0000,"tiempopromedio":42.4479,"desviacion":36.4938},{"id":6,"municipio1":29,"municipio2":98,"tiempo":153.0000,"tiempopromedio":42.4479,"desviacion":36.4938},{"id":7,"municipio1":38,"municipio2":98,"tiempo":161.0000,"tiempopromedio":42.4479,"desviacion":36.4938},{"id":8,"municipio1":51,"municipio2":93,"tiempo":163.0000,"tiempopromedio":42.4479,"desviacion":36.4938}],"distritos":[{"d":1,"des":[{"mu":1,"s":0},{"mu":9,"s":0},{"mu":39,"s":0},{"mu":49,"s":0},{"mu":51,"s":0},{"mu":58,"s":0},{"mu":67,"s":0},{"mu":80,"s":0},{"mu":83,"s":0},{"mu":88,"s":0},{"mu":91,"s":0},{"mu":98,"s":0},{"mu":101,"s":0},{"mu":112,"s":0}],"p":[{"t":1, "v":"376143"},{"t":4, "v":"0"},{"t":5, "v":"3.74"},{"t":6, "v":"13557"},{"t":7, "v":"0.062129"},{"t":8, "v":"0.503417"}],"process": {"partes": 1,"municipios": {"enteros": [{ "id": 1,"name": "ACUITZIO","indigena": 0},{ "id": 9,"name": "ARIO","indigena": 0},{ "id": 39,"name": "HUIRAMBA","indigena": 0},{ "id": 49,"name": "LAGUNILLAS","indigena": 0},{ "id": 51,"name": "MADERO","indigena": 0},{ "id": 58,"name": "NOCUPETARO","indigena": 0},{ "id": 67,"name": "PATZCUARO","indigena": 0},{ "id": 80,"name": "SALVADOR ESCALANTE","indigena": 0},{ "id": 83,"name": "TACAMBARO","indigena": 0},{ "id": 88,"name": "TARETAN","indigena": 0},{ "id": 91,"name": "TINGAMBATO","indigena": 0},{ "id": 98,"name": "TURICATO","indigena": 0},{ "id": 101,"name": "TZINTZUNTZAN","indigena": 0},{ "id": 112,"name": "ZIRACUARETIRO","indigena": 0}],"fracciones": []},"indigenas": {"poblacion": "376143","pindigenas": "18191","porcentaje": "4.836927","porcentaje_round": "4.83","indigena": 0}}},{"d":2,"des":[{"mu":2,"s":0},{"mu":6,"s":0},{"mu":8,"s":0},{"mu":12,"s":0},{"mu":14,"s":0},{"mu":15,"s":0},{"mu":26,"s":0},{"mu":59,"s":0},{"mu":69,"s":0},{"mu":84,"s":0},{"mu":90,"s":0}],"p":[{"t":1, "v":"340074"},{"t":4, "v":"0"},{"t":5, "v":"-6.21"},{"t":6, "v":"-22512"},{"t":7, "v":"0.171332"},{"t":8, "v":"0.452298"}],"process": {"partes": 1,"municipios": {"enteros": [{ "id": 2,"name": "AGUILILLA","indigena": 0},{ "id": 6,"name": "APATZINGAN","indigena": 0},{ "id": 8,"name": "AQUILA","indigena": 0},{ "id": 12,"name": "BUENAVISTA","indigena": 0},{ "id": 14,"name": "COAHUAYANA","indigena": 0},{ "id": 15,"name": "COALCOMAN DE VAZQUEZ PALLARES","indigena": 0},{ "id": 26,"name": "CHINICUILA","indigena": 0},{ "id": 59,"name": "NUEVO PARANGARICUTIRO","indigena": 0},{ "id": 69,"name": "PERIBAN","indigena": 0},{ "id": 84,"name": "TANCITARO","indigena": 0},{ "id": 90,"name": "TEPALCATEPEC","indigena": 0}],"fracciones": []},"indigenas": {"poblacion": "340074","pindigenas": "13596","porcentaje": "3.999021","porcentaje_round": "3.99","indigena": 0}}},{"d":3,"des":[{"mu":3,"s":0},{"mu":4,"s":0},{"mu":18,"s":0},{"mu":20,"s":0},{"mu":22,"s":0},{"mu":27,"s":0},{"mu":36,"s":0},{"mu":37,"s":0},{"mu":40,"s":0},{"mu":44,"s":0},{"mu":46,"s":0},{"mu":55,"s":0},{"mu":64,"s":0},{"mu":68,"s":0},{"mu":72,"s":0},{"mu":79,"s":0},{"mu":89,"s":0}],"p":[{"t":1, "v":"374515"},{"t":4, "v":"0"},{"t":5, "v":"3.29"},{"t":6, "v":"11929"},{"t":7, "v":"0.048103"},{"t":8, "v":"0.519530"}],"process": {"partes": 1,"municipios": {"enteros": [{ "id": 3,"name": "ALVARO OBREGON","indigena": 0},{ "id": 4,"name": "ANGAMACUTIRO","indigena": 0},{ "id": 18,"name": "COPANDARO","indigena": 0},{ "id": 20,"name": "CUITZEO","indigena": 0},{ "id": 22,"name": "CHARO","indigena": 0},{ "id": 27,"name": "CHUCANDIRO","indigena": 0},{ "id": 36,"name": "HUANDACAREO","indigena": 0},{ "id": 37,"name": "HUANIQUEO","indigena": 0},{ "id": 40,"name": "INDAPARAPEO","indigena": 0},{ "id": 44,"name": "JIMENEZ","indigena": 0},{ "id": 46,"name": "JOSE SIXTO VERDUZCO","indigena": 0},{ "id": 55,"name": "MORELOS","indigena": 0},{ "id": 64,"name": "PANINDICUARO","indigena": 0},{ "id": 68,"name": "PENJAMILLO","indigena": 0},{ "id": 72,"name": "PURUANDIRO","indigena": 0},{ "id": 79,"name": "SANTA ANA MAYA","indigena": 0},{ "id": 89,"name": "TARIMBARO","indigena": 0}],"fracciones": []},"indigenas": {"poblacion": "374515","pindigenas": "1952","porcentaje": "0.521475","porcentaje_round": "0.52","indigena": 0}}},{"d":4,"des":[{"mu":5,"s":0},{"mu":13,"s":0},{"mu":38,"s":0},{"mu":47,"s":0},{"mu":48,"s":0},{"mu":62,"s":0},{"mu":78,"s":0},{"mu":82,"s":0},{"mu":93,"s":0},{"mu":99,"s":0},{"mu":100,"s":0},{"mu":102,"s":0},{"mu":113,"s":0}],"p":[{"t":1, "v":"365796"},{"t":4, "v":"0"},{"t":5, "v":"0.89"},{"t":6, "v":"3210"},{"t":7, "v":"0.003483"},{"t":8, "v":"0.696186"}],"process": {"partes": 1,"municipios": {"enteros": [{ "id": 5,"name": "ANGANGUEO","indigena": 0},{ "id": 13,"name": "CARACUARO","indigena": 0},{ "id": 38,"name": "HUETAMO","indigena": 0},{ "id": 47,"name": "JUAREZ","indigena": 0},{ "id": 48,"name": "JUNGAPEO","indigena": 0},{ "id": 62,"name": "OCAMPO","indigena": 0},{ "id": 78,"name": "SAN LUCAS","indigena": 0},{ "id": 82,"name": "SUSUPUATO","indigena": 0},{ "id": 93,"name": "TIQUICHEO DE NICOLAS ROMERO","indigena": 0},{ "id": 99,"name": "TUXPAN","indigena": 0},{ "id": 100,"name": "TUZANTLA","indigena": 0},{ "id": 102,"name": "TZITZIO","indigena": 0},{ "id": 113,"name": "ZITACUARO","indigena": 0}],"fracciones": []},"indigenas": {"poblacion": "365796","pindigenas": "12467","porcentaje": "3.409203","porcentaje_round": "3.40","indigena": 0}}},{"d":5,"des":[{"mu":7,"s":0},{"mu":17,"s":0},{"mu":31,"s":0},{"mu":34,"s":0},{"mu":41,"s":0},{"mu":52,"s":0},{"mu":73,"s":0},{"mu":81,"s":0},{"mu":94,"s":0},{"mu":111,"s":0}],"p":[{"t":1, "v":"371796"},{"t":4, "v":"0"},{"t":5, "v":"2.54"},{"t":6, "v":"9210"},{"t":7, "v":"0.028673"},{"t":8, "v":"0.472195"}],"process": {"partes": 1,"municipios": {"enteros": [{ "id": 7,"name": "APORO","indigena": 0},{ "id": 17,"name": "CONTEPEC","indigena": 0},{ "id": 31,"name": "EPITACIO HUERTA","indigena": 0},{ "id": 34,"name": "HIDALGO","indigena": 0},{ "id": 41,"name": "IRIMBO","indigena": 0},{ "id": 52,"name": "MARAVATIO","indigena": 0},{ "id": 73,"name": "QUERENDARO","indigena": 0},{ "id": 81,"name": "SENGUIO","indigena": 0},{ "id": 94,"name": "TLALPUJAHUA","indigena": 0},{ "id": 111,"name": "ZINAPECUARO","indigena": 0}],"fracciones": []},"indigenas": {"poblacion": "371796","pindigenas": "1637","porcentaje": "0.440656","porcentaje_round": "0.44","indigena": 0}}},{"d":6,"des":[{"mu":10,"s":0},{"mu":29,"s":0},{"mu":33,"s":0},{"mu":35,"s":0},{"mu":50,"s":0},{"mu":56,"s":0},{"mu":60,"s":0},{"mu":65,"s":0},{"mu":97,"s":0}],"p":[{"t":1, "v":"354112"},{"t":4, "v":"0"},{"t":5, "v":"-2.34"},{"t":6, "v":"-8474"},{"t":7, "v":"0.024278"},{"t":8, "v":"0.491962"}],"process": {"partes": 1,"municipios": {"enteros": [{ "id": 10,"name": "ARTEAGA","indigena": 0},{ "id": 29,"name": "CHURUMUCO","indigena": 0},{ "id": 33,"name": "GABRIEL ZAMORA","indigena": 0},{ "id": 35,"name": "LA HUACANA","indigena": 0},{ "id": 50,"name": "LAZARO CARDENAS","indigena": 0},{ "id": 56,"name": "MUGICA","indigena": 0},{ "id": 60,"name": "NUEVO URECHO","indigena": 0},{ "id": 65,"name": "PARACUARO","indigena": 0},{ "id": 97,"name": "TUMBISCATIO","indigena": 0}],"fracciones": []},"indigenas": {"poblacion": "354112","pindigenas": "4442","porcentaje": "1.254647","porcentaje_round": "1.25","indigena": 0}}},{"d":7,"des":[{"mu":11,"s":0},{"mu":19,"s":0},{"mu":23,"s":0},{"mu":45,"s":0},{"mu":53,"s":0},{"mu":63,"s":0},{"mu":75,"s":0},{"mu":76,"s":0},{"mu":77,"s":0},{"mu":85,"s":0},{"mu":92,"s":0},{"mu":96,"s":0},{"mu":104,"s":0},{"mu":105,"s":0},{"mu":106,"s":0}],"p":[{"t":1, "v":"366248"},{"t":4, "v":"0"},{"t":5, "v":"1.01"},{"t":6, "v":"3662"},{"t":7, "v":"0.004532"},{"t":8, "v":"0.429515"}],"process": {"partes": 1,"municipios": {"enteros": [{ "id": 11,"name": "BRISEÑAS","indigena": 0},{ "id": 19,"name": "COTIJA","indigena": 0},{ "id": 23,"name": "CHAVINDA","indigena": 0},{ "id": 45,"name": "JIQUILPAN","indigena": 0},{ "id": 53,"name": "MARCOS CASTELLANOS","indigena": 0},{ "id": 63,"name": "PAJACUARAN","indigena": 0},{ "id": 75,"name": "COJUMATLAN DE REGULES","indigena": 0},{ "id": 76,"name": "LOS REYES","indigena": 0},{ "id": 77,"name": "SAHUAYO","indigena": 0},{ "id": 85,"name": "TANGAMANDAPIO","indigena": 1},{ "id": 92,"name": "TINGÜINDIN","indigena": 0},{ "id": 96,"name": "TOCUMBO","indigena": 0},{ "id": 104,"name": "VENUSTIANO CARRANZA","indigena": 0},{ "id": 105,"name": "VILLAMAR","indigena": 0},{ "id": 106,"name": "VISTA HERMOSA","indigena": 0}],"fracciones": []},"indigenas": {"poblacion": "366248","pindigenas": "29281","porcentaje": "7.995944","porcentaje_round": "7.99","indigena": 0}}},{"d":8,"des":[{"mu":16,"s":0},{"mu":21,"s":0},{"mu":24,"s":0},{"mu":25,"s":0},{"mu":32,"s":0},{"mu":43,"s":0},{"mu":57,"s":0},{"mu":66,"s":0},{"mu":71,"s":0},{"mu":74,"s":0},{"mu":86,"s":0},{"mu":95,"s":0},{"mu":108,"s":0}],"p":[{"t":1, "v":"381053"},{"t":4, "v":"0"},{"t":5, "v":"5.09"},{"t":6, "v":"18467"},{"t":7, "v":"0.115284"},{"t":8, "v":"0.372610"}],"process": {"partes": 1,"municipios": {"enteros": [{ "id": 16,"name": "COENEO","indigena": 0},{ "id": 21,"name": "CHARAPAN","indigena": 1},{ "id": 24,"name": "CHERAN","indigena": 1},{ "id": 25,"name": "CHILCHOTA","indigena": 1},{ "id": 32,"name": "ERONGARICUARO","indigena": 1},{ "id": 43,"name": "JACONA","indigena": 0},{ "id": 57,"name": "NAHUATZEN","indigena": 1},{ "id": 66,"name": "PARACHO","indigena": 1},{ "id": 71,"name": "PUREPERO","indigena": 0},{ "id": 74,"name": "QUIROGA","indigena": 0},{ "id": 86,"name": "TANGANCICUARO","indigena": 0},{ "id": 95,"name": "TLAZAZALCA","indigena": 0},{ "id": 108,"name": "ZACAPU","indigena": 0}],"fracciones": []},"indigenas": {"poblacion": "381053","pindigenas": "92072","porcentaje": "24.165888","porcentaje_round": "24.16","indigena": 0}}},{"d":9,"des":[{"mu":28,"s":0},{"mu":30,"s":0},{"mu":42,"s":0},{"mu":61,"s":0},{"mu":70,"s":0},{"mu":87,"s":0},{"mu":107,"s":0},{"mu":109,"s":0},{"mu":110,"s":0}],"p":[{"t":1, "v":"375698"},{"t":4, "v":"0"},{"t":5, "v":"3.62"},{"t":6, "v":"13112"},{"t":7, "v":"0.058117"},{"t":8, "v":"0.300793"}],"process": {"partes": 1,"municipios": {"enteros": [{ "id": 28,"name": "CHURINTZIO","indigena": 0},{ "id": 30,"name": "ECUANDUREO","indigena": 0},{ "id": 42,"name": "IXTLAN","indigena": 0},{ "id": 61,"name": "NUMARAN","indigena": 0},{ "id": 70,"name": "LA PIEDAD","indigena": 0},{ "id": 87,"name": "TANHUATO","indigena": 0},{ "id": 107,"name": "YURECUARO","indigena": 0},{ "id": 109,"name": "ZAMORA","indigena": 0},{ "id": 110,"name": "ZINAPARO","indigena": 0}],"fracciones": []},"indigenas": {"poblacion": "375698","pindigenas": "5464","porcentaje": "1.454797","porcentaje_round": "1.45","indigena": 0}}},{"d":10,"des":[{"mu":103,"s":0}],"p":[{"t":1, "v":"315383"},{"t":4, "v":"0"},{"t":5, "v":"-13.02"},{"t":6, "v":"-47203"},{"t":7, "v":"0.753254"},{"t":8, "v":"0.493665"}],"process": {"partes": 1,"municipios": {"enteros": [{ "id": 103,"name": "URUAPAN","indigena": 0}],"fracciones": []},"indigenas": {"poblacion": "315383","pindigenas": "25066","porcentaje": "7.950000","porcentaje_round": "7.95","indigena": 0}}},{"d":11,"des":[{"mu":54,"s":[1024,1025,1026,1027,1028,1029,1030,1031,1032,1033,1034,1035,1036,1037,1038,1039,1040,1041,1042,1043,1044,1045,1046,1047,1048,1049,1050,1051,1062,1063,1064,1065,1066,1067,1068,1069,1070,1071,1072,1073,1074,1075,1076,1077,1078,1079,1080,1081,1082,1083,1084,1085,1086,1087,1088,1089,1090,1091,1092,1093,1094,1095,1096,1097,1098,1099,1100,1101,1102,1103,1104,1105,1106,1107,1108,1109,1110,1111,1112,1113,1114,1115,1116,1117,1118,1119,1120,1121,1122,1123,1124,1125,1126,1127,1128,1129,1130,1131,1132,1133,1134,1135,1136,1137,1138,1139,1140,1152,1153,1154,1155,1156,1157,1158,1159,1162,1163,1164,1165,1166,1167,1168,1169,1170,1171,1172,1173,1174,1175,1176,1177,1178,1179,1180,1181,1182,1183,1184,1185,1186,1187,1188,1189,1190,1194,1195,1196,1205,1206,1207,1223,1224,1225,1226,1227,1228,1229,1230,1231,1232,1233,1234,1235,1236,1237,1238,1241,1242,1243,1244,1245,1246,1262,1268,1269,1270,1275,1276,1278,1279,1280,1284,1285,2675,2692,2703,1273,1274,966,967,968,969,970,971,972,973,974,975,976,977,978,979,980,981,982,983,984,985,986,987,988,989,990,991,992,993,994,995,996,997,1022,1023]}],"p":[{"t":1, "v":"365754"},{"t":4, "v":"0"},{"t":5, "v":"0.87"},{"t":6, "v":"3168"},{"t":7, "v":"0.003392"},{"t":8, "v":"0.306532"}],"process": {"partes": 1,"municipios": {"enteros": [],"fracciones": [{ "id": 54,"name": "MORELIA","indigena": 0}]},"indigenas": {"poblacion": "365754","pindigenas": "4644","porcentaje": "1.270000","porcentaje_round": "1.27","indigena": 0}}},{"d":12,"des":[{"mu":54,"s":[1052,1053,1054,1055,1056,1057,1058,1059,1060,1061,1141,1142,1143,1144,1145,1146,1147,1148,1149,1150,1151,1160,1161,1191,1192,1193,1197,1198,1199,1200,1201,1202,1203,1204,1208,1209,1210,1211,1212,1213,1214,1215,1216,1217,1218,1219,1220,1221,1222,1239,1240,1247,1248,1249,1252,1253,1254,1255,1256,1257,1258,1259,1260,1261,1263,1264,1265,1266,1267,1271,1272,1277,1283,1286,1287,2677,2702,1281,1282,1250,1251,941,942,943,944,945,946,947,948,949,950,951,952,953,954,955,956,957,958,959,960,961,962,963,964,965,998,999,1000,1001,1002,1003,1004,1005,1006,1007,1008,1009,1010,1011,1012,1013,1014,1015,1016,1017,1018,1019,1020,1021]}],"p":[{"t":1, "v":"364465"},{"t":4, "v":"0"},{"t":5, "v":"0.52"},{"t":6, "v":"1879"},{"t":7, "v":"0.001193"},{"t":8, "v":"0.486645"}],"process": {"partes": 1,"municipios": {"enteros": [],"fracciones": [{ "id": 54,"name": "MORELIA","indigena": 0}]},"indigenas": {"poblacion": "364465","pindigenas": "4627","porcentaje": "1.270000","porcentaje_round": "1.27","indigena": 0}}}],"calificaciones":[{"t": 1,"a": 1.0,"p": 1.273770,"sp": 1.273770},{"t": 2,"a": 0.5,"p": 5.525347,"sp": 11.050695}],"total":{"p":6.799117,"sp":12.324465},"sellos":[{"n":"escenario","v":"md5"},{"n":"calificacion","v":"md5"},{"n":"municipios","v":"md5"},{"n":"secciones","v":"md5"},{"n":"tiemposmunicipios","v":"md5"}],"version":"Versión 1.5.20161103.2|federal"}