{"entidad":29,"partes":[{"id":0,"nombre":"","tipologia":6,"primerdistrito":0,"distritos":11,"municipios":[{"id":1,"fraccion":0},{"id":2,"fraccion":0},{"id":4,"fraccion":0},{"id":5,"fraccion":0},{"id":6,"fraccion":0},{"id":9,"fraccion":0},{"id":11,"fraccion":0},{"id":12,"fraccion":0},{"id":14,"fraccion":0},{"id":15,"fraccion":0},{"id":17,"fraccion":0},{"id":18,"fraccion":0},{"id":19,"fraccion":0},{"id":20,"fraccion":0},{"id":21,"fraccion":0},{"id":22,"fraccion":0},{"id":23,"fraccion":0},{"id":26,"fraccion":0},{"id":27,"fraccion":0},{"id":28,"fraccion":0},{"id":29,"fraccion":0},{"id":30,"fraccion":0},{"id":31,"fraccion":0},{"id":32,"fraccion":0},{"id":34,"fraccion":0},{"id":35,"fraccion":0},{"id":38,"fraccion":0},{"id":39,"fraccion":0},{"id":40,"fraccion":0},{"id":41,"fraccion":0},{"id":42,"fraccion":0},{"id":44,"fraccion":0},{"id":45,"fraccion":0},{"id":46,"fraccion":1},{"id":47,"fraccion":0},{"id":48,"fraccion":0},{"id":49,"fraccion":0},{"id":50,"fraccion":0},{"id":51,"fraccion":0},{"id":52,"fraccion":0},{"id":53,"fraccion":0},{"id":54,"fraccion":0},{"id":55,"fraccion":0},{"id":56,"fraccion":0},{"id":57,"fraccion":0},{"id":58,"fraccion":0},{"id":59,"fraccion":0},{"id":60,"fraccion":0}]},{"id":1,"nombre":"CHIAUTEMPAN","tipologia":6,"primerdistrito":11,"distritos":1,"municipios":[{"id":10,"fraccion":0}]},{"id":2,"nombre":"SAN PABLO DEL MONTE","tipologia":6,"primerdistrito":12,"distritos":1,"municipios":[{"id":25,"fraccion":0}]},{"id":3,"nombre":"TLAXCALA","tipologia":2,"primerdistrito":13,"distritos":2,"municipios":[{"id":33,"fraccion":1},{"id":36,"fraccion":0},{"id":24,"fraccion":0}]},{"id":4,"nombre":"APIZACO","tipologia":2,"primerdistrito":15,"distritos":2,"municipios":[{"id":3,"fraccion":1},{"id":43,"fraccion":0}]},{"id":5,"nombre":"HUAMANTLA","tipologia":3,"primerdistrito":17,"distritos":2,"municipios":[{"id":16,"fraccion":0},{"id":37,"fraccion":0},{"id":7,"fraccion":1},{"id":8,"fraccion":1},{"id":13,"fraccion":1}]}],"cumulos":[{"id":0,"tipo":2,"secciones":[254,255]},{"id":1,"tipo":2,"secciones":[586,587]},{"id":2,"tipo":3,"secciones":[313,314]},{"id":3,"tipo":3,"secciones":[100,101,102,103,104,105,106,107,108,109,110,111,112,113,114,115,116]},{"id":4,"tipo":2,"secciones":[49,50,51,52,53,54,55,56,57]},{"id":5,"tipo":2,"secciones":[5,6,7,8,9,10,11]},{"id":6,"tipo":2,"secciones":[295,296]},{"id":7,"tipo":2,"secciones":[117,118,119,120,121]},{"id":8,"tipo":2,"secciones":[96,97,98,99,78,79,80,81,82,83,84,85,86,87,88,89,90,91,92,93,94,95]},{"id":9,"tipo":2,"secciones":[1,2,3,4]},{"id":10,"tipo":2,"secciones":[165,166,167,168,169,170,171,172,173,174,175,176,177]},{"id":11,"tipo":2,"secciones":[224,225,226,227,228,229,230,231,220,221,222,223]},{"id":12,"tipo":2,"secciones":[128,129,130,131,132,133,134,135,136,137,138,139,140,141,142,143,144,145,146,147,148,149,156,157,122,123,124,125,126,127]},{"id":13,"tipo":2,"secciones":[161,162,163,164]},{"id":14,"tipo":2,"secciones":[263,264,265,266]},{"id":15,"tipo":2,"secciones":[256,257,258,232,233,234,235,236,237,238,239,240,241,242,243,244,245,246,247,248,249,250,251,252,253]},{"id":16,"tipo":2,"secciones":[288,289,290,291,284,285,286,287]},{"id":17,"tipo":2,"secciones":[259,260,261,262]},{"id":18,"tipo":2,"secciones":[304,305,306,307,308,299,300,301,302,303]},{"id":19,"tipo":2,"secciones":[267,268,269,270,271,272,273,274,275,276,277,278,279,280,281,282,283]},{"id":20,"tipo":2,"secciones":[320,321,322,323,324,325,326,327,328,329,330,331,318,319]},{"id":21,"tipo":2,"secciones":[292,293,294,297,298]},{"id":22,"tipo":2,"secciones":[352,353,354,355,356,357,358,359,360,361,362,363,364,348,349,350,351]},{"id":23,"tipo":2,"secciones":[309,310,311,312]},{"id":24,"tipo":2,"secciones":[372,373,374,375,376,377]},{"id":25,"tipo":2,"secciones":[332,333,334,335,336,337,338,339,340,341,342,343,344,345,346,347]},{"id":26,"tipo":2,"secciones":[387,388,389,390,393,394,397]},{"id":27,"tipo":2,"secciones":[368,369,370,371,365,366,367]},{"id":28,"tipo":2,"secciones":[434,424,425,426,427,428,431]},{"id":29,"tipo":2,"secciones":[384,385,386,378,379,380,381,382,383]},{"id":30,"tipo":2,"secciones":[528,529,530,536,537,527]},{"id":31,"tipo":2,"secciones":[416,417,418,419,420,421,422,423,409,410,411,412,413,414,415]},{"id":32,"tipo":2,"secciones":[520,521,522,523,524,525,526]},{"id":33,"tipo":2,"secciones":[544,545,546,538,539,540,541,542,543]},{"id":34,"tipo":2,"secciones":[505,506,507]},{"id":35,"tipo":2,"secciones":[470,471,472,473,474,475,476,477,478,479,480,481,482,483,484,485,486,487,488,489,490,491,492,493,494,495,496,497,498,499,500,501,502,503,504,58]},{"id":36,"tipo":2,"secciones":[576,577,578,579,580,581,582,583,584,585,575]},{"id":37,"tipo":2,"secciones":[588,589,590,591,592,593,594,595,596,597,598,599,600,601]},{"id":38,"tipo":2,"secciones":[560,561,562,563,564,565,566,567,568,569,558,559]},{"id":39,"tipo":2,"secciones":[570,571,572,573,574]},{"id":40,"tipo":2,"secciones":[391,392]},{"id":41,"tipo":2,"secciones":[531,532,533,534,535]},{"id":42,"tipo":2,"secciones":[316,317]},{"id":43,"tipo":2,"secciones":[395,396]},{"id":44,"tipo":2,"secciones":[150,151,152,153,154,155]},{"id":45,"tipo":2,"secciones":[602,603,604,605]},{"id":46,"tipo":2,"secciones":[160,158,159]},{"id":47,"tipo":2,"secciones":[547,548,549,550,553,554,555,556,557]},{"id":48,"tipo":2,"secciones":[512,513,514,515,516,517,518,519,508,509,510,511]},{"id":49,"tipo":2,"secciones":[429,430]},{"id":50,"tipo":2,"secciones":[608,400,401,607]},{"id":51,"tipo":2,"secciones":[402,606]},{"id":52,"tipo":2,"secciones":[432,433]},{"id":53,"tipo":2,"secciones":[551,552]},{"id":54,"tipo":2,"secciones":[403,404,405,406,407,408,398,399]},{"id":55,"tipo":2,"secciones":[64,65,66,67,68,69,70,71,72,73,74,75,76,77,59,60,61,62,63]}],"separados":[{"id":1,"municipio1":13,"municipio2":52,"tiempo":44.0000,"tiempopromedio":13.0068,"desviacion":9.4599},{"id":2,"municipio1":14,"municipio2":34,"tiempo":41.0000,"tiempopromedio":13.0068,"desviacion":9.4599},{"id":3,"municipio1":34,"municipio2":54,"tiempo":43.0000,"tiempopromedio":13.0068,"desviacion":9.4599},{"id":4,"municipio1":34,"municipio2":60,"tiempo":55.0000,"tiempopromedio":13.0068,"desviacion":9.4599}],"distritos":[{"d":1,"des":[{"mu":1,"s":[1,2,3,4]},{"mu":2,"s":[5,6,7,8,9,10,11]},{"mu":18,"s":[267,268,269,270,271,272,273,274,275,276,277,278,279,280,281,282,283]},{"mu":50,"s":[531,532,533,534,535]}],"p":[{"t":1, "v":"64250"},{"t":4, "v":"00:12"},{"t":5, "v":"4.34"},{"t":6, "v":"2674"},{"t":7, "v":"0.083842"},{"t":8, "v":"0.604936"}]},{"d":2,"des":[{"mu":4,"s":[49,50,51,52,53,54,55,56,57]},{"mu":34,"s":[470,471,472,473,474,475,476,477,478,479,480,481,482,483,484,485,486,487,488,489,490,491,492,493,494,495,496,497,498,499,500,501,502,503,504,58]},{"mu":54,"s":[608,400,401,607]},{"mu":55,"s":[402,606]}],"p":[{"t":1, "v":"52970"},{"t":4, "v":"00:30"},{"t":5, "v":"-13.98"},{"t":6, "v":"-8606"},{"t":7, "v":"0.868082"},{"t":8, "v":"0.424743"}]},{"d":3,"des":[{"mu":5,"s":[64,65,66,67,68,69,70,71,72,73,74,75,76,77,59,60,61,62,63]},{"mu":30,"s":[403,404,405,406,407,408,398,399]},{"mu":31,"s":[416,417,418,419,420,421,422,423,409,410,411,412,413,414,415]}],"p":[{"t":1, "v":"57831"},{"t":4, "v":"00:43"},{"t":5, "v":"-6.08"},{"t":6, "v":"-3745"},{"t":7, "v":"0.164364"},{"t":8, "v":"0.695872"}]},{"d":4,"des":[{"mu":6,"s":[96,97,98,99,78,79,80,81,82,83,84,85,86,87,88,89,90,91,92,93,94,95]},{"mu":21,"s":[304,305,306,307,308,299,300,301,302,303]}],"p":[{"t":1, "v":"61451"},{"t":4, "v":"00:14"},{"t":5, "v":"-0.20"},{"t":6, "v":"-125"},{"t":7, "v":"0.000182"},{"t":8, "v":"0.175779"}]},{"d":5,"des":[{"mu":9,"s":[117,118,119,120,121]},{"mu":26,"s":[368,369,370,371,365,366,367]},{"mu":35,"s":[505,506,507]},{"mu":38,"s":[528,529,530,536,537,527]},{"mu":39,"s":[544,545,546,538,539,540,541,542,543]}],"p":[{"t":1, "v":"64910"},{"t":4, "v":"00:11"},{"t":5, "v":"5.41"},{"t":6, "v":"3334"},{"t":7, "v":"0.130329"},{"t":8, "v":"0.252989"}]},{"d":6,"des":[{"mu":11,"s":[161,162,163,164]},{"mu":12,"s":[165,166,167,168,169,170,171,172,173,174,175,176,177]},{"mu":14,"s":[224,225,226,227,228,229,230,231,220,221,222,223]},{"mu":20,"s":[292,293,294,297,298]},{"mu":40,"s":[547,548,549,550,553,554,555,556,557]},{"mu":57,"s":[551,552]},{"mu":60,"s":[295,296]}],"p":[{"t":1, "v":"53847"},{"t":4, "v":"00:22"},{"t":5, "v":"-12.55"},{"t":6, "v":"-7729"},{"t":7, "v":"0.700164"},{"t":8, "v":"0.391437"}]},{"d":7,"des":[{"mu":15,"s":[256,257,258,232,233,234,235,236,237,238,239,240,241,242,243,244,245,246,247,248,249,250,251,252,253]},{"mu":19,"s":[288,289,290,291,284,285,286,287]},{"mu":58,"s":[254,255]}],"p":[{"t":1, "v":"60727"},{"t":4, "v":"00:10"},{"t":5, "v":"-1.38"},{"t":6, "v":"-849"},{"t":7, "v":"0.008441"},{"t":8, "v":"0.219082"}]},{"d":8,"des":[{"mu":17,"s":[263,264,265,266]},{"mu":27,"s":[372,373,374,375,376,377]},{"mu":41,"s":[560,561,562,563,564,565,566,567,568,569,558,559]},{"mu":46,"s":[313,314,315]},{"mu":48,"s":[602,603,604,605]}],"p":[{"t":1, "v":"62157"},{"t":4, "v":"00:09"},{"t":5, "v":"0.94"},{"t":6, "v":"581"},{"t":7, "v":"0.003963"},{"t":8, "v":"0.103209"}]},{"d":9,"des":[{"mu":22,"s":[309,310,311,312]},{"mu":28,"s":[384,385,386,378,379,380,381,382,383]},{"mu":49,"s":[391,392]},{"mu":51,"s":[160,158,159]},{"mu":52,"s":[150,151,152,153,154,155]}],"p":[{"t":1, "v":"60143"},{"t":4, "v":"00:07"},{"t":5, "v":"-2.33"},{"t":6, "v":"-1433"},{"t":7, "v":"0.024057"},{"t":8, "v":"0.228021"}]},{"d":10,"des":[{"mu":23,"s":[320,321,322,323,324,325,326,327,328,329,330,331,318,319]},{"mu":29,"s":[387,388,389,390,393,394,397]},{"mu":32,"s":[434,424,425,426,427,428,431]},{"mu":45,"s":[316,317]},{"mu":53,"s":[429,430]},{"mu":56,"s":[432,433]}],"p":[{"t":1, "v":"59906"},{"t":4, "v":"00:09"},{"t":5, "v":"-2.71"},{"t":6, "v":"-1670"},{"t":7, "v":"0.032675"},{"t":8, "v":"0.360305"}]},{"d":11,"des":[{"mu":42,"s":[570,571,572,573,574]},{"mu":44,"s":[588,589,590,591,592,593,594,595,596,597,598,599,600,601]},{"mu":47,"s":[395,396]},{"mu":59,"s":[586,587]}],"p":[{"t":1, "v":"63330"},{"t":4, "v":"00:06"},{"t":5, "v":"2.85"},{"t":6, "v":"1754"},{"t":7, "v":"0.036080"},{"t":8, "v":"0.194852"}]},{"d":12,"des":[{"mu":10,"s":[128,129,130,131,132,133,134,135,136,137,138,139,140,141,142,143,144,145,146,147,148,149,156,157,122,123,124,125,126,127]}],"p":[{"t":1, "v":"64910"},{"t":4, "v":"00:00"},{"t":5, "v":"5.41"},{"t":6, "v":"3334"},{"t":7, "v":"0.130329"},{"t":8, "v":"0.370524"}]},{"d":13,"des":[{"mu":25,"s":[352,353,354,355,356,357,358,359,360,361,362,363,364,348,349,350,351]}],"p":[{"t":1, "v":"69698"},{"t":4, "v":"00:00"},{"t":5, "v":"13.19"},{"t":6, "v":"8122"},{"t":7, "v":"0.773342"},{"t":8, "v":"0.120905"}]},{"d":14,"des":[{"mu":33,"s":[442,446,447,448,449,450,451,452,453,454,455,456,457,458,459,460,461,462,463,464,465,466,467,468,469]}],"p":[{"t":1, "v":"66675"},{"t":4, "v":"00:00"},{"t":5, "v":"8.28"},{"t":6, "v":"5099"},{"t":7, "v":"0.304819"},{"t":8, "v":"0.133663"}]},{"d":15,"des":[{"mu":24,"s":[332,333,334,335,336,337,338,339,340,341,342,343,344,345,346,347]},{"mu":33,"s":[435,436,437,438,439,440,441,443,444,445]},{"mu":36,"s":[512,513,514,515,516,517,518,519,508,509,510,511]}],"p":[{"t":1, "v":"67810"},{"t":4, "v":"00:04"},{"t":5, "v":"10.12"},{"t":6, "v":"6234"},{"t":7, "v":"0.455609"},{"t":8, "v":"0.285111"}]},{"d":16,"des":[{"mu":3,"s":[26,27,32,33,34,35,36,37,38,42,43,44,45]},{"mu":43,"s":[576,577,578,579,580,581,582,583,584,585,575]}],"p":[{"t":1, "v":"55420"},{"t":4, "v":"00:07"},{"t":5, "v":"-10.00"},{"t":6, "v":"-6156"},{"t":7, "v":"0.444159"},{"t":8, "v":"0.282167"}]},{"d":17,"des":[{"mu":3,"s":[12,13,14,15,16,17,18,19,20,21,22,23,24,25,28,29,30,31,39,40,41,46,47,48]}],"p":[{"t":1, "v":"54854"},{"t":4, "v":"00:00"},{"t":5, "v":"-10.92"},{"t":6, "v":"-6722"},{"t":7, "v":"0.529594"},{"t":8, "v":"0.479885"}]},{"d":18,"des":[{"mu":7,"s":[100,101,102,103,104,105,106]},{"mu":8,"s":[107,108,109,110,111,112,113,114,115,116]},{"mu":13,"s":[179,180,181,188,196,197,198,199,200,201,202,203,204,212]}],"p":[{"t":1, "v":"64864"},{"t":4, "v":"00:17"},{"t":5, "v":"5.34"},{"t":6, "v":"3288"},{"t":7, "v":"0.126758"},{"t":8, "v":"0.539417"}]},{"d":19,"des":[{"mu":13,"s":[178,182,183,184,185,186,187,189,190,191,192,193,194,195,205,206,207,208,209,210,211,213,214,215,216,217,218,219]},{"mu":16,"s":[259,260,261,262]},{"mu":37,"s":[520,521,522,523,524,525,526]}],"p":[{"t":1, "v":"64183"},{"t":4, "v":"00:10"},{"t":5, "v":"4.23"},{"t":6, "v":"2607"},{"t":7, "v":"0.079693"},{"t":8, "v":"0.117271"}]}],"calificaciones":[{"t":"1","a":"1.0","p":"4.896481","sp":"4.896481"},{"t":"2","a":"0.5","p":"5.980169","sp":"11.960339"}],"total":{"p":10.876651,"sp":16.856820},"sellos":[{"n":"escenario","v":"md5"},{"n":"calificacion","v":"md5"},{"n":"municipios","v":"md5"},{"n":"secciones","v":"md5"},{"n":"tiemposmunicipios","v":"md5"}],"version":"Versi�n 1.3a"}