{"entidad":6,"partes":[{"id":0,"nombre":"","tipologia":6,"primerdistrito":0,"distritos":2,"municipios":[{"id":2,"fraccion":0},{"id":3,"fraccion":1},{"id":6,"fraccion":0},{"id":9,"fraccion":0}]},{"id":1,"nombre":"VILLA DE ALVAREZ","tipologia":1,"primerdistrito":2,"distritos":3,"municipios":[{"id":5,"fraccion":1}]},{"id":2,"nombre":"MANZANILLO","tipologia":1,"primerdistrito":5,"distritos":4,"municipios":[{"id":8,"fraccion":1}]},{"id":3,"nombre":"TECOMAN","tipologia":2,"primerdistrito":9,"distritos":3,"municipios":[{"id":7,"fraccion":0},{"id":10,"fraccion":1}]},{"id":4,"nombre":"COLIMA","tipologia":2,"primerdistrito":12,"distritos":4,"municipios":[{"id":1,"fraccion":1},{"id":4,"fraccion":0}]}],"cumulos":[{"id":0,"tipo":0,"secciones":[336,334,335]},{"id":1,"tipo":2,"secciones":[96,97,98,99,100,101,102,103,104,92,93,94,95]},{"id":2,"tipo":2,"secciones":[128,129,130,131,132,133,134,135,136,137,120,121,122,123,124,125,126,127]},{"id":3,"tipo":2,"secciones":[170,171,172,173,174,175,176,177,178,179,180,181,182,183,184,185,186,187,188,189,190]},{"id":4,"tipo":2,"secciones":[192,193,194,195,196,197,198,199,191]},{"id":5,"tipo":2,"secciones":[272,273,274,275,276,270,271]},{"id":6,"tipo":3,"secciones":[228,229,230]},{"id":7,"tipo":3,"secciones":[90,91]},{"id":8,"tipo":3,"secciones":[322,323]},{"id":9,"tipo":3,"secciones":[146,167,168]},{"id":10,"tipo":3,"secciones":[145,166,169]},{"id":11,"tipo":3,"secciones":[162,164,165]},{"id":12,"tipo":3,"secciones":[320,321,317,318,319]},{"id":13,"tipo":3,"secciones":[256,253,254,255]}],"separados":[],"distritos":[{"d":1,"dinx":1,"des":[{"mu":2,"s":[96,97,98,99,100,101,102,103,104,92,93,94,95]},{"mu":3,"s":[105,106,107,112,113,114,115,116]},{"mu":9,"s":[272,273,274,275,276,270,271]}],"p":[{"t":1, "v":"38872"},{"t":4, "v":"00:54"},{"t":5, "v":"-4.40"},{"t":6, "v":"-1788"},{"t":7, "v":"0.085916"},{"t":8, "v":"0.553445"}]},{"d":2,"dinx":2,"des":[{"mu":3,"s":[108,109,110,111,117,118,119]},{"mu":6,"s":[170,171,172,173,174,175,176,177,178,179,180,181,182,183,184,185,186,187,188,189,190]}],"p":[{"t":1, "v":"38265"},{"t":4, "v":"00:44"},{"t":5, "v":"-5.89"},{"t":6, "v":"-2395"},{"t":7, "v":"0.154165"},{"t":8, "v":"0.328310"}]},{"d":3,"dinx":3,"des":[{"mu":5,"s":[140,141,147,148,149,150,151,152,155,156,157,158,146,167,168,337,338,362,363,364,365,366,367,368,369]}],"p":[{"t":1, "v":"39569"},{"t":4, "v":"00:00"},{"t":5, "v":"-2.68"},{"t":6, "v":"-1091"},{"t":7, "v":"0.031981"},{"t":8, "v":"0.206259"}]},{"d":4,"dinx":4,"des":[{"mu":5,"s":[138,139,142,143,144,159,145,166,169]}],"p":[{"t":1, "v":"39550"},{"t":4, "v":"00:00"},{"t":5, "v":"-2.73"},{"t":6, "v":"-1110"},{"t":7, "v":"0.033105"},{"t":8, "v":"0.282814"}]},{"d":5,"dinx":5,"des":[{"mu":5,"s":[153,154,160,161,162,164,165,339,340,341,342,343,344,345,346,347,348,349,350,351,352,353,354,355,356,357,358,359,360,361,370,371,372]}],"p":[{"t":1, "v":"39932"},{"t":4, "v":"00:00"},{"t":5, "v":"-1.79"},{"t":6, "v":"-728"},{"t":7, "v":"0.014236"},{"t":8, "v":"0.120523"}]},{"d":6,"dinx":6,"des":[{"mu":8,"s":[234,235,236,237,238,239,240,241,242,243]}],"p":[{"t":1, "v":"40614"},{"t":4, "v":"00:00"},{"t":5, "v":"-0.11"},{"t":6, "v":"-46"},{"t":7, "v":"0.000056"},{"t":8, "v":"0.311695"}]},{"d":7,"dinx":7,"des":[{"mu":8,"s":[213,215,219,220,221,222,223,224,225,226,227,231,232,233,259,260,261,262,263,264,265,266,267,268,269,228,229,230]}],"p":[{"t":1, "v":"40116"},{"t":4, "v":"00:00"},{"t":5, "v":"-1.34"},{"t":6, "v":"-544"},{"t":7, "v":"0.007947"},{"t":8, "v":"0.463411"}]},{"d":8,"dinx":8,"des":[{"mu":8,"s":[200,201,202,203,204,205,206,207,208,209,210,211,212,214,216,217,218,249,251,252,257,258,256,253,254,255]}],"p":[{"t":1, "v":"39875"},{"t":4, "v":"00:00"},{"t":5, "v":"-1.93"},{"t":6, "v":"-785"},{"t":7, "v":"0.016553"},{"t":8, "v":"0.583385"}]},{"d":9,"dinx":9,"des":[{"mu":8,"s":[244,245,246,247,248,250]}],"p":[{"t":1, "v":"40815"},{"t":4, "v":"00:00"},{"t":5, "v":"0.38"},{"t":6, "v":"155"},{"t":7, "v":"0.000648"},{"t":8, "v":"0.107225"}]},{"d":10,"dinx":10,"des":[{"mu":10,"s":[277,278,279,280,281,282,283,284,285,287,288,291,292,293,294,299,300]}],"p":[{"t":1, "v":"39127"},{"t":4, "v":"00:00"},{"t":5, "v":"-3.77"},{"t":6, "v":"-1533"},{"t":7, "v":"0.063153"},{"t":8, "v":"0.117584"}]},{"d":11,"dinx":11,"des":[{"mu":10,"s":[322,323,298,302,303,304,305,306,307,308,309,310,311,312,313,314,315,316,324,328]}],"p":[{"t":1, "v":"39106"},{"t":4, "v":"00:00"},{"t":5, "v":"-3.82"},{"t":6, "v":"-1554"},{"t":7, "v":"0.064896"},{"t":8, "v":"0.192193"}]},{"d":12,"dinx":12,"des":[{"mu":7,"s":[192,193,194,195,196,197,198,199,191]},{"mu":10,"s":[336,334,335,320,321,317,318,319,286,289,290,295,296,297,301,325,326,327,329,330,331,332,333]}],"p":[{"t":1, "v":"39841"},{"t":4, "v":"00:25"},{"t":5, "v":"-2.01"},{"t":6, "v":"-819"},{"t":7, "v":"0.018019"},{"t":8, "v":"0.225715"}]},{"d":13,"dinx":13,"des":[{"mu":1,"s":[33,34,35,36,37,44,45,46,52,53,58,59,60,61,62]}],"p":[{"t":1, "v":"43683"},{"t":4, "v":"00:00"},{"t":5, "v":"7.43"},{"t":6, "v":"3023"},{"t":7, "v":"0.245728"},{"t":8, "v":"0.093981"}]},{"d":14,"dinx":14,"des":[{"mu":1,"s":[22,23,24,63,68,69,70,71,72,73,75,76,81,82,83,84,85,86,87,88,89,90,91]}],"p":[{"t":1, "v":"43507"},{"t":4, "v":"00:00"},{"t":5, "v":"7.00"},{"t":6, "v":"2847"},{"t":7, "v":"0.217951"},{"t":8, "v":"0.288433"}]},{"d":15,"dinx":15,"des":[{"mu":1,"s":[1,2,6,12,13,21,77,78,79,80]},{"mu":4,"s":[128,129,130,131,132,133,134,135,136,137,120,121,122,123,124,125,126,127]}],"p":[{"t":1, "v":"43730"},{"t":4, "v":"00:15"},{"t":5, "v":"7.55"},{"t":6, "v":"3070"},{"t":7, "v":"0.253428"},{"t":8, "v":"0.189785"}]},{"d":16,"dinx":16,"des":[{"mu":1,"s":[3,4,5,7,8,9,10,11,14,15,16,17,18,19,20,25,26,27,28,29,30,31,32,38,39,40,41,42,43,47,48,49,50,51,54,55,56,57,64,65,66,67,74]}],"p":[{"t":1, "v":"43953"},{"t":4, "v":"00:00"},{"t":5, "v":"8.10"},{"t":6, "v":"3293"},{"t":7, "v":"0.291578"},{"t":8, "v":"0.157524"}]}],"calificaciones":[{"t":"1","a":"1.0","p":"1.499361","sp":"1.499361"},{"t":"2","a":"0.5","p":"4.222282","sp":"8.444564"}],"total":{"p":5.721643,"sp":9.943925},"sellos":[{"n":"escenario","v":"md5"},{"n":"calificacion","v":"md5"},{"n":"municipios","v":"md5"},{"n":"secciones","v":"md5"},{"n":"tiemposmunicipios","v":"md5"}],"version":"Versi�n 1.4a 04/05/2016 Distritaci�n Local 2016"}