edon,seccion,munn,escenario1,mc_clv1,morena_clv1,panal_clv1,pes_clv1,prd_clv1,pri_clv1,escenario2,mc_clv2,morena_clv2,panal_clv2,pan_clv2,pes_clv2,prd_clv2,pri_clv2,pt_clv2,pvem_clv2,escenario3
13,1,1,1,1,1,1,1,1,1,1,7,7,7,7,7,1,7,7,6,7
13,2,1,1,1,1,1,1,1,1,1,7,7,7,7,7,1,7,7,6,7
13,3,1,1,1,1,1,1,1,1,1,7,7,7,7,7,1,7,7,6,7
13,4,1,1,1,1,1,1,1,1,1,7,7,7,7,7,1,7,7,6,7
13,5,1,1,1,1,1,1,1,1,1,7,7,7,7,7,1,7,7,6,7
13,6,1,1,1,1,1,1,1,1,1,7,7,7,7,7,1,7,7,6,7
13,7,1,1,1,1,1,1,1,1,1,7,7,7,7,7,1,7,7,6,7
13,8,1,1,1,1,1,1,1,1,1,7,7,7,7,7,1,7,7,6,7
13,9,1,1,1,1,1,1,1,1,1,7,7,7,7,7,1,7,7,6,7
13,10,1,1,1,1,1,1,1,1,1,7,7,7,7,7,1,7,7,6,7
13,11,1,1,1,1,1,1,1,1,1,7,7,7,7,7,1,7,7,6,7
13,12,1,1,1,1,1,1,1,1,1,7,7,7,7,7,1,7,7,6,7
13,13,2,1,1,1,1,1,1,1,1,7,7,7,7,7,1,7,7,6,7
13,14,2,1,1,1,1,1,1,1,1,7,7,7,7,7,1,7,7,6,7
13,15,2,1,1,1,1,1,1,1,1,7,7,7,7,7,1,7,7,6,7
13,16,2,1,1,1,1,1,1,1,1,7,7,7,7,7,1,7,7,6,7
13,17,2,1,1,1,1,1,1,1,1,7,7,7,7,7,1,7,7,6,7
13,18,2,1,1,1,1,1,1,1,1,7,7,7,7,7,1,7,7,6,7
13,19,2,1,1,1,1,1,1,1,1,7,7,7,7,7,1,7,7,6,7
13,20,2,1,1,1,1,1,1,1,1,7,7,7,7,7,1,7,7,6,7
13,21,2,1,1,1,1,1,1,1,1,7,7,7,7,7,1,7,7,6,7
13,22,2,1,1,1,1,1,1,1,1,7,7,7,7,7,1,7,7,6,7
13,23,2,1,1,1,1,1,1,1,1,7,7,7,7,7,1,7,7,6,7
13,24,2,1,1,1,1,1,1,1,1,7,7,7,7,7,1,7,7,6,7
13,25,2,1,1,1,1,1,1,1,1,7,7,7,7,7,1,7,7,6,7
13,26,2,1,1,1,1,1,1,1,1,7,7,7,7,7,1,7,7,6,7
13,27,2,1,1,1,1,1,1,1,1,7,7,7,7,7,1,7,7,6,7
13,28,2,1,1,1,1,1,1,1,1,7,7,7,7,7,1,7,7,6,7
13,29,2,1,1,1,1,1,1,1,1,7,7,7,7,7,1,7,7,6,7
13,30,2,1,1,1,1,1,1,1,1,7,7,7,7,7,1,7,7,6,7
13,31,2,1,1,1,1,1,1,1,1,7,7,7,7,7,1,7,7,6,7
13,32,2,1,1,1,1,1,1,1,1,7,7,7,7,7,1,7,7,6,7
13,33,2,1,1,1,1,1,1,1,1,7,7,7,7,7,1,7,7,6,7
13,34,3,2,2,2,2,2,2,2,2,6,6,6,6,6,2,6,6,1,6
13,35,3,2,2,2,2,2,2,2,2,6,6,6,6,6,2,6,6,1,6
13,36,3,2,2,2,2,2,2,2,2,6,6,6,6,6,2,6,6,1,6
13,37,3,2,2,2,2,2,2,2,2,6,6,6,6,6,2,6,6,1,6
13,38,3,2,2,2,2,2,2,2,2,6,6,6,6,6,2,6,6,1,6
13,39,3,2,2,2,2,2,2,2,2,6,6,6,6,6,2,6,6,1,6
13,40,3,2,2,2,2,2,2,2,2,6,6,6,6,6,2,6,6,1,6
13,41,3,2,2,2,2,2,2,2,2,6,6,6,6,6,2,6,6,1,6
13,42,3,2,2,2,2,2,2,2,2,6,6,6,6,6,2,6,6,1,6
13,43,3,2,2,2,2,2,2,2,2,6,6,6,6,6,2,6,6,1,6
13,44,3,2,2,2,2,2,2,2,2,6,6,6,6,6,2,6,6,1,6
13,45,3,2,2,2,2,2,2,2,2,6,6,6,6,6,2,6,6,1,6
13,46,3,2,2,2,2,2,2,2,2,6,6,6,6,6,2,6,6,1,6
13,47,3,2,2,2,2,2,2,2,2,6,6,6,6,6,2,6,6,1,6
13,48,3,2,2,2,2,2,2,2,2,6,6,6,6,6,2,6,6,1,6
13,49,3,2,2,2,2,2,2,2,2,6,6,6,6,6,2,6,6,1,6
13,50,3,2,2,2,2,2,2,2,2,6,6,6,6,6,2,6,6,1,6
13,51,3,2,2,2,2,2,2,2,2,6,6,6,6,6,2,6,6,1,6
13,52,3,2,2,2,2,2,2,2,2,6,6,6,6,6,2,6,6,1,6
13,53,3,2,2,2,2,2,2,2,2,6,6,6,6,6,2,6,6,1,6
13,54,3,2,2,2,2,2,2,2,2,6,6,6,6,6,2,6,6,1,6
13,55,3,2,2,2,2,2,2,2,2,6,6,6,6,6,2,6,6,1,6
13,56,3,2,2,2,2,2,2,2,2,6,6,6,6,6,2,6,6,1,6
13,57,3,2,2,2,2,2,2,2,2,6,6,6,6,6,2,6,6,1,6
13,58,3,2,2,2,2,2,2,2,2,6,6,6,6,6,2,6,6,1,6
13,59,3,2,2,2,2,2,2,2,2,6,6,6,6,6,2,6,6,1,6
13,60,3,2,2,2,2,2,2,2,2,6,6,6,6,6,2,6,6,1,6
13,61,3,2,2,2,2,2,2,2,2,6,6,6,6,6,2,6,6,1,6
13,62,3,2,2,2,2,2,2,2,2,6,6,6,6,6,2,6,6,1,6
13,63,3,2,2,2,2,2,2,2,2,6,6,6,6,6,2,6,6,1,6
13,64,3,2,2,2,2,2,2,2,2,6,6,6,6,6,2,6,6,1,6
13,65,3,2,2,2,2,2,2,2,2,6,6,6,6,6,2,6,6,1,6
13,66,3,2,2,2,2,2,2,2,2,6,6,6,6,6,2,6,6,1,6
13,67,3,2,2,2,2,2,2,2,2,6,6,6,6,6,2,6,6,1,6
13,68,3,2,2,2,2,2,2,2,2,6,6,6,6,6,2,6,6,1,6
13,69,4,1,1,1,1,1,1,1,1,7,7,7,7,7,1,7,7,6,7
13,70,4,1,1,1,1,1,1,1,1,7,7,7,7,7,1,7,7,6,7
13,71,4,1,1,1,1,1,1,1,1,7,7,7,7,7,1,7,7,6,7
13,72,4,1,1,1,1,1,1,1,1,7,7,7,7,7,1,7,7,6,7
13,73,4,1,1,1,1,1,1,1,1,7,7,7,7,7,1,7,7,6,7
13,74,4,1,1,1,1,1,1,1,1,7,7,7,7,7,1,7,7,6,7
13,75,4,1,1,1,1,1,1,1,1,7,7,7,7,7,1,7,7,6,7
13,76,4,1,1,1,1,1,1,1,1,7,7,7,7,7,1,7,7,6,7
13,77,4,1,1,1,1,1,1,1,1,7,7,7,7,7,1,7,7,6,7
13,78,4,1,1,1,1,1,1,1,1,7,7,7,7,7,1,7,7,6,7
13,79,4,1,1,1,1,1,1,1,1,7,7,7,7,7,1,7,7,6,7
13,80,4,1,1,1,1,1,1,1,1,7,7,7,7,7,1,7,7,6,7
13,81,5,2,2,2,2,2,3,2,3,6,6,6,6,6,3,6,6,1,6
13,82,5,2,2,2,2,2,3,2,3,6,6,6,6,6,3,6,6,1,6
13,83,5,2,2,2,2,2,3,2,3,6,6,6,6,6,3,6,6,1,6
13,84,5,2,2,2,2,2,3,2,3,6,6,6,6,6,3,6,6,1,6
13,85,5,2,2,2,2,2,3,2,3,6,6,6,6,6,3,6,6,1,6
13,86,5,2,2,2,2,2,3,2,3,6,6,6,6,6,3,6,6,1,6
13,87,5,2,2,2,2,2,3,2,3,6,6,6,6,6,3,6,6,1,6
13,88,5,2,2,2,2,2,3,2,3,6,6,6,6,6,3,6,6,1,6
13,89,5,2,2,2,2,2,3,2,3,6,6,6,6,6,3,6,6,1,6
13,90,5,2,2,2,2,2,3,2,3,6,6,6,6,6,3,6,6,1,6
13,91,5,2,2,2,2,2,3,2,3,6,6,6,6,6,3,6,6,1,6
13,92,6,3,3,3,3,3,4,3,4,3,3,3,3,3,4,3,3,5,3
13,93,6,3,3,3,3,3,4,3,4,3,3,3,3,3,4,3,3,5,3
13,94,6,3,3,3,3,3,4,3,4,3,3,3,3,3,4,3,3,5,3
13,95,6,3,3,3,3,3,4,3,4,3,3,3,3,3,4,3,3,5,3
13,96,6,3,3,3,3,3,4,3,4,3,3,3,3,3,4,3,3,5,3
13,97,6,3,3,3,3,3,4,3,4,3,3,3,3,3,4,3,3,5,3
13,98,6,3,3,3,3,3,4,3,4,3,3,3,3,3,4,3,3,5,3
13,99,6,3,3,3,3,3,4,3,4,3,3,3,3,3,4,3,3,5,3
13,100,6,3,3,3,3,3,4,3,4,3,3,3,3,3,4,3,3,5,3
13,101,6,3,3,3,3,3,4,3,4,3,3,3,3,3,4,3,3,5,3
13,102,6,3,3,3,3,3,4,3,4,3,3,3,3,3,4,3,3,5,3
13,103,6,3,3,3,3,3,4,3,4,3,3,3,3,3,4,3,3,5,3
13,104,6,3,3,3,3,3,4,3,4,3,3,3,3,3,4,3,3,5,3
13,105,6,3,3,3,3,3,4,3,4,3,3,3,3,3,4,3,3,5,3
13,106,6,3,3,3,3,3,4,3,4,3,3,3,3,3,4,3,3,5,3
13,107,6,3,3,3,3,3,4,3,4,3,3,3,3,3,4,3,3,5,3
13,108,6,3,3,3,3,3,4,3,4,3,3,3,3,3,4,3,3,5,3
13,109,6,3,3,3,3,3,4,3,4,3,3,3,3,3,4,3,3,5,3
13,110,6,3,3,3,3,3,4,3,4,3,3,3,3,3,4,3,3,5,3
13,111,6,3,3,3,3,3,4,3,4,3,3,3,3,3,4,3,3,5,3
13,112,6,3,3,3,3,3,4,3,4,3,3,3,3,3,4,3,3,5,3
13,113,6,3,3,3,3,3,4,3,4,3,3,3,3,3,4,3,3,5,3
13,114,7,4,4,4,4,4,5,4,5,1,1,1,1,1,5,1,1,2,1
13,115,7,4,4,4,4,4,5,4,5,1,1,1,1,1,5,1,1,2,1
13,116,7,4,4,4,4,4,5,4,5,1,1,1,1,1,5,1,1,2,1
13,117,7,4,4,4,4,4,5,4,5,1,1,1,1,1,5,1,1,2,1
13,118,7,4,4,4,4,4,5,4,5,1,1,1,1,1,5,1,1,2,1
13,119,7,4,4,4,4,4,5,4,5,1,1,1,1,1,5,1,1,2,1
13,120,7,4,4,4,4,4,5,4,5,1,1,1,1,1,5,1,1,2,1
13,121,7,4,4,4,4,4,5,4,5,1,1,1,1,1,5,1,1,2,1
13,122,7,4,4,4,4,4,5,4,5,1,1,1,1,1,5,1,1,2,1
13,123,7,4,4,4,4,4,5,4,5,1,1,1,1,1,5,1,1,2,1
13,124,7,4,4,4,4,4,5,4,5,1,1,1,1,1,5,1,1,2,1
13,125,7,4,4,4,4,4,5,4,5,1,1,1,1,1,5,1,1,2,1
13,126,7,4,4,4,4,4,5,4,5,1,1,1,1,1,5,1,1,2,1
13,127,8,4,4,4,4,4,5,4,5,1,1,1,1,1,5,1,1,2,1
13,128,8,4,4,4,4,4,5,4,5,1,1,1,1,1,5,1,1,2,1
13,129,8,4,4,4,4,4,5,4,5,1,1,1,1,1,5,1,1,2,1
13,130,8,4,4,4,4,4,5,4,5,1,1,1,1,1,5,1,1,2,1
13,131,8,4,4,4,4,4,5,4,5,1,1,1,1,1,5,1,1,2,1
13,132,8,4,4,4,4,4,5,4,5,1,1,1,1,1,5,1,1,2,1
13,133,8,4,4,4,4,4,5,4,5,1,1,1,1,1,5,1,1,2,1
13,134,8,4,4,4,4,4,5,4,5,1,1,1,1,1,5,1,1,2,1
13,135,8,4,4,4,4,4,5,4,5,1,1,1,1,1,5,1,1,2,1
13,136,8,4,4,4,4,4,5,4,5,1,1,1,1,1,5,1,1,2,1
13,137,8,4,4,4,4,4,5,4,5,1,1,1,1,1,5,1,1,2,1
13,138,8,4,4,4,4,4,5,4,5,1,1,1,1,1,5,1,1,2,1
13,139,8,4,4,4,4,4,5,4,5,1,1,1,1,1,5,1,1,2,1
13,140,8,4,4,4,4,4,5,4,5,1,1,1,1,1,5,1,1,2,1
13,141,8,4,4,4,4,4,5,4,5,1,1,1,1,1,5,1,1,2,1
13,142,8,4,4,4,4,4,5,4,5,1,1,1,1,1,5,1,1,2,1
13,143,8,4,4,4,4,4,5,4,5,1,1,1,1,1,5,1,1,2,1
13,144,8,4,4,4,4,4,5,4,5,1,1,1,1,1,5,1,1,2,1
13,145,8,4,4,4,4,4,5,4,5,1,1,1,1,1,5,1,1,2,1
13,146,8,4,4,4,4,4,5,4,5,1,1,1,1,1,5,1,1,2,1
13,147,8,4,4,4,4,4,5,4,5,1,1,1,1,1,5,1,1,2,1
13,148,8,4,4,4,4,4,5,4,5,1,1,1,1,1,5,1,1,2,1
13,149,8,4,4,4,4,4,5,4,5,1,1,1,1,1,5,1,1,2,1
13,150,8,4,4,4,4,4,5,4,5,1,1,1,1,1,5,1,1,2,1
13,151,8,4,4,4,4,4,5,4,5,1,1,1,1,1,5,1,1,2,1
13,152,9,5,3,5,3,3,4,3,4,5,5,5,5,5,4,5,5,1,5
13,153,9,5,3,5,3,3,4,3,4,5,5,5,5,5,4,5,5,1,5
13,154,9,5,3,5,3,3,4,3,4,5,5,5,5,5,4,5,5,1,5
13,155,9,5,3,5,3,3,4,3,4,5,5,5,5,5,4,5,5,1,5
13,156,9,5,3,5,3,3,4,3,4,5,5,5,5,5,4,5,5,1,5
13,157,9,5,3,5,3,3,4,3,4,5,5,5,5,5,4,5,5,1,5
13,158,9,5,3,5,3,3,4,3,4,5,5,5,5,5,4,5,5,1,5
13,159,9,5,3,5,3,3,4,3,4,5,5,5,5,5,4,5,5,1,5
13,160,9,5,3,5,3,3,4,3,4,5,5,5,5,5,4,5,5,1,5
13,161,9,5,3,5,3,3,4,3,4,5,5,5,5,5,4,5,5,1,5
13,162,10,7,6,6,6,6,6,6,6,2,2,2,2,2,6,2,2,4,2
13,163,10,7,6,6,6,6,6,6,6,2,2,2,2,2,6,2,2,4,2
13,164,10,7,6,6,6,6,6,6,6,2,2,2,2,2,6,2,2,4,2
13,165,10,7,6,6,6,6,6,6,6,2,2,2,2,2,6,2,2,4,2
13,166,10,7,6,6,6,6,6,6,6,2,2,2,2,2,6,2,2,4,2
13,167,10,7,6,6,6,6,6,6,6,2,2,2,2,2,6,2,2,4,2
13,168,10,7,6,6,6,6,6,6,6,2,2,2,2,2,6,2,2,4,2
13,169,10,7,6,6,6,6,6,6,6,2,2,2,2,2,6,2,2,4,2
13,170,10,7,6,6,6,6,6,6,6,2,2,2,2,2,6,2,2,4,2
13,171,10,7,6,6,6,6,6,6,6,2,2,2,2,2,6,2,2,4,2
13,172,10,7,6,6,6,6,6,6,6,2,2,2,2,2,6,2,2,4,2
13,173,10,7,6,6,6,6,6,6,6,2,2,2,2,2,6,2,2,4,2
13,174,10,7,6,6,6,6,6,6,6,2,2,2,2,2,6,2,2,4,2
13,175,10,7,6,6,6,6,6,6,6,2,2,2,2,2,6,2,2,4,2
13,176,10,7,6,6,6,6,6,6,6,2,2,2,2,2,6,2,2,4,2
13,177,10,7,6,6,6,6,6,6,6,2,2,2,2,2,6,2,2,4,2
13,178,11,2,2,2,2,2,2,2,2,6,6,6,6,6,2,6,6,1,6
13,179,11,2,2,2,2,2,2,2,2,6,6,6,6,6,2,6,6,1,6
13,180,11,2,2,2,2,2,2,2,2,6,6,6,6,6,2,6,6,1,6
13,181,11,2,2,2,2,2,2,2,2,6,6,6,6,6,2,6,6,1,6
13,182,11,2,2,2,2,2,2,2,2,6,6,6,6,6,2,6,6,1,6
13,183,11,2,2,2,2,2,2,2,2,6,6,6,6,6,2,6,6,1,6
13,184,11,2,2,2,2,2,2,2,2,6,6,6,6,6,2,6,6,1,6
13,185,11,2,2,2,2,2,2,2,2,6,6,6,6,6,2,6,6,1,6
13,186,11,2,2,2,2,2,2,2,2,6,6,6,6,6,2,6,6,1,6
13,187,11,2,2,2,2,2,2,2,2,6,6,6,6,6,2,6,6,1,6
13,188,11,2,2,2,2,2,2,2,2,6,6,6,6,6,2,6,6,1,6
13,189,11,2,2,2,2,2,2,2,2,6,6,6,6,6,2,6,6,1,6
13,190,11,2,2,2,2,2,2,2,2,6,6,6,6,6,2,6,6,1,6
13,191,11,2,2,2,2,2,2,2,2,6,6,6,6,6,2,6,6,1,6
13,192,11,2,2,2,2,2,2,2,2,6,6,6,6,6,2,6,6,1,6
13,193,11,2,2,2,2,2,2,2,2,6,6,6,6,6,2,6,6,1,6
13,194,11,2,2,2,2,2,2,2,2,6,6,6,6,6,2,6,6,1,6
13,195,11,2,2,2,2,2,2,2,2,6,6,6,6,6,2,6,6,1,6
13,196,11,2,2,2,2,2,2,2,2,6,6,6,6,6,2,6,6,1,6
13,197,11,2,2,2,2,2,2,2,2,6,6,6,6,6,2,6,6,1,6
13,198,11,2,2,2,2,2,2,2,2,6,6,6,6,6,2,6,6,1,6
13,199,11,2,2,2,2,2,2,2,2,6,6,6,6,6,2,6,6,1,6
13,200,11,2,2,2,2,2,2,2,2,6,6,6,6,6,2,6,6,1,6
13,201,11,2,2,2,2,2,2,2,2,6,6,6,6,6,2,6,6,1,6
13,202,11,2,2,2,2,2,2,2,2,6,6,6,6,6,2,6,6,1,6
13,203,11,2,2,2,2,2,2,2,2,6,6,6,6,6,2,6,6,1,6
13,204,11,2,2,2,2,2,2,2,2,6,6,6,6,6,2,6,6,1,6
13,205,11,2,2,2,2,2,2,2,2,6,6,6,6,6,2,6,6,1,6
13,206,12,5,3,5,3,3,4,3,4,5,5,5,5,5,4,5,5,1,5
13,207,12,5,3,5,3,3,4,3,4,5,5,5,5,5,4,5,5,1,5
13,208,12,5,3,5,3,3,4,3,4,5,5,5,5,5,4,5,5,1,5
13,209,12,5,3,5,3,3,4,3,4,5,5,5,5,5,4,5,5,1,5
13,210,12,5,3,5,3,3,4,3,4,5,5,5,5,5,4,5,5,1,5
13,211,12,5,3,5,3,3,4,3,4,5,5,5,5,5,4,5,5,1,5
13,212,12,5,3,5,3,3,4,3,4,5,5,5,5,5,4,5,5,1,5
13,213,12,5,3,5,3,3,4,3,4,5,5,5,5,5,4,5,5,1,5
13,214,12,5,3,5,3,3,4,3,4,5,5,5,5,5,4,5,5,1,5
13,215,12,5,3,5,3,3,4,3,4,5,5,5,5,5,4,5,5,1,5
13,216,12,5,3,5,3,3,4,3,4,5,5,5,5,5,4,5,5,1,5
13,217,12,5,3,5,3,3,4,3,4,5,5,5,5,5,4,5,5,1,5
13,218,12,5,3,5,3,3,4,3,4,5,5,5,5,5,4,5,5,1,5
13,219,12,5,3,5,3,3,4,3,4,5,5,5,5,5,4,5,5,1,5
13,220,12,5,3,5,3,3,4,3,4,5,5,5,5,5,4,5,5,1,5
13,221,12,5,3,5,3,3,4,3,4,5,5,5,5,5,4,5,5,1,5
13,222,12,5,3,5,3,3,4,3,4,5,5,5,5,5,4,5,5,1,5
13,223,12,5,3,5,3,3,4,3,4,5,5,5,5,5,4,5,5,1,5
13,224,13,7,6,6,6,6,6,6,6,2,2,2,2,2,6,2,2,4,2
13,225,13,7,6,6,6,6,6,6,6,2,2,2,2,2,6,2,2,4,2
13,226,13,7,6,6,6,6,6,6,6,2,2,2,2,2,6,2,2,4,2
13,227,13,7,6,6,6,6,6,6,6,2,2,2,2,2,6,2,2,4,2
13,228,13,7,6,6,6,6,6,6,6,2,2,2,2,2,6,2,2,4,2
13,229,13,7,6,6,6,6,6,6,6,2,2,2,2,2,6,2,2,4,2
13,230,13,7,6,6,6,6,6,6,6,2,2,2,2,2,6,2,2,4,2
13,231,13,7,6,6,6,6,6,6,6,2,2,2,2,2,6,2,2,4,2
13,232,13,7,6,6,6,6,6,6,6,2,2,2,2,2,6,2,2,4,2
13,233,13,7,6,6,6,6,6,6,6,2,2,2,2,2,6,2,2,4,2
13,234,13,7,6,6,6,6,6,6,6,2,2,2,2,2,6,2,2,4,2
13,235,13,7,6,6,6,6,6,6,6,2,2,2,2,2,6,2,2,4,2
13,236,13,7,6,6,6,6,6,6,6,2,2,2,2,2,6,2,2,4,2
13,237,13,7,6,6,6,6,6,6,6,2,2,2,2,2,6,2,2,4,2
13,238,13,7,6,6,6,6,6,6,6,2,2,2,2,2,6,2,2,4,2
13,239,13,7,6,6,6,6,6,6,6,2,2,2,2,2,6,2,2,4,2
13,240,14,3,7,3,7,7,7,7,7,3,3,3,3,3,7,3,3,7,3
13,241,14,3,7,3,7,7,7,7,7,3,3,3,3,3,7,3,3,7,3
13,242,14,3,7,3,7,7,7,7,7,3,3,3,3,3,7,3,3,7,3
13,243,14,3,7,3,7,7,7,7,7,3,3,3,3,3,7,3,3,7,3
13,244,14,3,7,3,7,7,7,7,7,3,3,3,3,3,7,3,3,7,3
13,245,14,3,7,3,7,7,7,7,7,3,3,3,3,3,7,3,3,7,3
13,246,14,3,7,3,7,7,7,7,7,3,3,3,3,3,7,3,3,7,3
13,247,14,3,7,3,7,7,7,7,7,3,3,3,3,3,7,3,3,7,3
13,248,14,3,7,3,7,7,7,7,7,3,3,3,3,3,7,3,3,7,3
13,249,14,3,7,3,7,7,7,7,7,3,3,3,3,3,7,3,3,7,3
13,250,14,3,7,3,7,7,7,7,7,3,3,3,3,3,7,3,3,7,3
13,251,14,3,7,3,7,7,7,7,7,3,3,3,3,3,7,3,3,7,3
13,252,14,3,7,3,7,7,7,7,7,3,3,3,3,3,7,3,3,7,3
13,253,14,3,7,3,7,7,7,7,7,3,3,3,3,3,7,3,3,7,3
13,254,14,3,7,3,7,7,7,7,7,3,3,3,3,3,7,3,3,7,3
13,255,14,3,7,3,7,7,7,7,7,3,3,3,3,3,7,3,3,7,3
13,256,14,3,7,3,7,7,7,7,7,3,3,3,3,3,7,3,3,7,3
13,257,15,1,1,1,1,1,1,1,1,7,7,7,7,7,1,7,7,6,7
13,258,15,1,1,1,1,1,1,1,1,7,7,7,7,7,1,7,7,6,7
13,259,15,1,1,1,1,1,1,1,1,7,7,7,7,7,1,7,7,6,7
13,260,15,1,1,1,1,1,1,1,1,7,7,7,7,7,1,7,7,6,7
13,261,15,1,1,1,1,1,1,1,1,7,7,7,7,7,1,7,7,6,7
13,262,15,1,1,1,1,1,1,1,1,7,7,7,7,7,1,7,7,6,7
13,263,15,1,1,1,1,1,1,1,1,7,7,7,7,7,1,7,7,6,7
13,264,15,1,1,1,1,1,1,1,1,7,7,7,7,7,1,7,7,6,7
13,265,15,1,1,1,1,1,1,1,1,7,7,7,7,7,1,7,7,6,7
13,266,15,1,1,1,1,1,1,1,1,7,7,7,7,7,1,7,7,6,7
13,267,15,1,1,1,1,1,1,1,1,7,7,7,7,7,1,7,7,6,7
13,268,15,1,1,1,1,1,1,1,1,7,7,7,7,7,1,7,7,6,7
13,269,15,1,1,1,1,1,1,1,1,7,7,7,7,7,1,7,7,6,7
13,270,15,1,1,1,1,1,1,1,1,7,7,7,7,7,1,7,7,6,7
13,271,15,1,1,1,1,1,1,1,1,7,7,7,7,7,1,7,7,6,7
13,272,15,1,1,1,1,1,1,1,1,7,7,7,7,7,1,7,7,6,7
13,273,15,1,1,1,1,1,1,1,1,7,7,7,7,7,1,7,7,6,7
13,274,15,1,1,1,1,1,1,1,1,7,7,7,7,7,1,7,7,6,7
13,275,15,1,1,1,1,1,1,1,1,7,7,7,7,7,1,7,7,6,7
13,276,15,1,1,1,1,1,1,1,1,7,7,7,7,7,1,7,7,6,7
13,277,15,1,1,1,1,1,1,1,1,7,7,7,7,7,1,7,7,6,7
13,278,15,1,1,1,1,1,1,1,1,7,7,7,7,7,1,7,7,6,7
13,279,15,1,1,1,1,1,1,1,1,7,7,7,7,7,1,7,7,6,7
13,280,15,1,1,1,1,1,1,1,1,7,7,7,7,7,1,7,7,6,7
13,281,16,3,3,5,3,3,4,3,4,5,5,5,5,5,4,5,5,5,5
13,282,16,3,3,5,3,3,4,3,4,5,5,5,5,5,4,5,5,5,5
13,283,16,3,3,5,3,3,4,3,4,5,5,5,5,5,4,5,5,5,5
13,284,16,3,3,5,3,3,4,3,4,5,5,5,5,5,4,5,5,5,5
13,285,16,3,3,5,3,3,4,3,4,5,5,5,5,5,4,5,5,5,5
13,286,16,3,3,5,3,3,4,3,4,5,5,5,5,5,4,5,5,5,5
13,287,16,3,3,5,3,3,4,3,4,5,5,5,5,5,4,5,5,5,5
13,288,16,3,3,5,3,3,4,3,4,5,5,5,5,5,4,5,5,5,5
13,289,16,3,3,5,3,3,4,3,4,5,5,5,5,5,4,5,5,5,5
13,290,16,3,3,5,3,3,4,3,4,5,5,5,5,5,4,5,5,5,5
13,291,17,2,7,3,7,7,7,7,7,3,3,3,3,3,7,3,3,7,3
13,292,17,2,7,3,7,7,7,7,7,3,3,3,3,3,7,3,3,7,3
13,293,17,2,7,3,7,7,7,7,7,3,3,3,3,3,7,3,3,7,3
13,294,17,2,7,3,7,7,7,7,7,3,3,3,3,3,7,3,3,7,3
13,295,17,2,7,3,7,7,7,7,7,3,3,3,3,3,7,3,3,7,3
13,296,17,2,7,3,7,7,7,7,7,3,3,3,3,3,7,3,3,7,3
13,297,17,2,7,3,7,7,7,7,7,3,3,3,3,3,7,3,3,7,3
13,298,17,2,7,3,7,7,7,7,7,3,3,3,3,3,7,3,3,7,3
13,299,17,2,7,3,7,7,7,7,7,3,3,3,3,3,7,3,3,7,3
13,300,17,2,7,3,7,7,7,7,7,3,3,3,3,3,7,3,3,7,3
13,301,17,2,7,3,7,7,7,7,7,3,3,3,3,3,7,3,3,7,3
13,302,17,2,7,3,7,7,7,7,7,3,3,3,3,3,7,3,3,7,3
13,303,17,2,7,3,7,7,7,7,7,3,3,3,3,3,7,3,3,7,3
13,304,17,2,7,3,7,7,7,7,7,3,3,3,3,3,7,3,3,7,3
13,305,17,2,7,3,7,7,7,7,7,3,3,3,3,3,7,3,3,7,3
13,306,17,2,7,3,7,7,7,7,7,3,3,3,3,3,7,3,3,7,3
13,307,17,2,7,3,7,7,7,7,7,3,3,3,3,3,7,3,3,7,3
13,308,17,2,7,3,7,7,7,7,7,3,3,3,3,3,7,3,3,7,3
13,309,17,2,7,3,7,7,7,7,7,3,3,3,3,3,7,3,3,7,3
13,310,17,2,7,3,7,7,7,7,7,3,3,3,3,3,7,3,3,7,3
13,311,17,2,7,3,7,7,7,7,7,3,3,3,3,3,7,3,3,7,3
13,312,17,2,7,3,7,7,7,7,7,3,3,3,3,3,7,3,3,7,3
13,313,17,2,7,3,7,7,7,7,7,3,3,3,3,3,7,3,3,7,3
13,314,17,2,7,3,7,7,7,7,7,3,3,3,3,3,7,3,3,7,3
13,315,17,2,7,3,7,7,7,7,7,3,3,3,3,3,7,3,3,7,3
13,316,18,3,7,3,7,7,7,7,7,3,3,3,3,3,7,3,3,7,3
13,317,18,3,7,3,7,7,7,7,7,3,3,3,3,3,7,3,3,7,3
13,318,18,3,7,3,7,7,7,7,7,3,3,3,3,3,7,3,3,7,3
13,319,18,3,7,3,7,7,7,7,7,3,3,3,3,3,7,3,3,7,3
13,320,18,3,7,3,7,7,7,7,7,3,3,3,3,3,7,3,3,7,3
13,321,18,3,7,3,7,7,7,7,7,3,3,3,3,3,7,3,3,7,3
13,322,18,3,7,3,7,7,7,7,7,3,3,3,3,3,7,3,3,7,3
13,323,18,3,7,3,7,7,7,7,7,3,3,3,3,3,7,3,3,7,3
13,324,18,3,7,3,7,7,7,7,7,3,3,3,3,3,7,3,3,7,3
13,325,18,3,7,3,7,7,7,7,7,3,3,3,3,3,7,3,3,7,3
13,326,18,3,7,3,7,7,7,7,7,3,3,3,3,3,7,3,3,7,3
13,327,18,3,7,3,7,7,7,7,7,3,3,3,3,3,7,3,3,7,3
13,328,18,3,7,3,7,7,7,7,7,3,3,3,3,3,7,3,3,7,3
13,329,18,3,7,3,7,7,7,7,7,3,3,3,3,3,7,3,3,7,3
13,330,18,3,7,3,7,7,7,7,7,3,3,3,3,3,7,3,3,7,3
13,331,19,2,2,2,2,2,2,2,2,6,6,6,6,6,2,6,6,1,6
13,332,19,2,2,2,2,2,2,2,2,6,6,6,6,6,2,6,6,1,6
13,333,19,2,2,2,2,2,2,2,2,6,6,6,6,6,2,6,6,1,6
13,334,19,2,2,2,2,2,2,2,2,6,6,6,6,6,2,6,6,1,6
13,335,19,2,2,2,2,2,2,2,2,6,6,6,6,6,2,6,6,1,6
13,336,19,2,2,2,2,2,2,2,2,6,6,6,6,6,2,6,6,1,6
13,337,19,2,2,2,2,2,2,2,2,6,6,6,6,6,2,6,6,1,6
13,338,19,2,2,2,2,2,2,2,2,6,6,6,6,6,2,6,6,1,6
13,339,19,2,2,2,2,2,2,2,2,6,6,6,6,6,2,6,6,1,6
13,340,19,2,2,2,2,2,2,2,2,6,6,6,6,6,2,6,6,1,6
13,341,19,2,2,2,2,2,2,2,2,6,6,6,6,6,2,6,6,1,6
13,342,20,2,2,2,2,2,7,2,7,6,6,6,6,6,7,6,6,1,6
13,343,20,2,2,2,2,2,7,2,7,6,6,6,6,6,7,6,6,1,6
13,344,20,2,2,2,2,2,7,2,7,6,6,6,6,6,7,6,6,1,6
13,345,20,2,2,2,2,2,7,2,7,6,6,6,6,6,7,6,6,1,6
13,346,20,2,2,2,2,2,7,2,7,6,6,6,6,6,7,6,6,1,6
13,347,20,2,2,2,2,2,7,2,7,6,6,6,6,6,7,6,6,1,6
13,348,20,2,2,2,2,2,7,2,7,6,6,6,6,6,7,6,6,1,6
13,349,20,2,2,2,2,2,7,2,7,6,6,6,6,6,7,6,6,1,6
13,350,21,4,4,4,4,4,5,4,5,1,1,1,1,1,5,1,1,2,1
13,351,21,4,4,4,4,4,5,4,5,1,1,1,1,1,5,1,1,2,1
13,352,21,4,4,4,4,4,5,4,5,1,1,1,1,1,5,1,1,2,1
13,353,21,4,4,4,4,4,5,4,5,1,1,1,1,1,5,1,1,2,1
13,354,21,4,4,4,4,4,5,4,5,1,1,1,1,1,5,1,1,2,1
13,355,21,4,4,4,4,4,5,4,5,1,1,1,1,1,5,1,1,2,1
13,356,21,4,4,4,4,4,5,4,5,1,1,1,1,1,5,1,1,2,1
13,357,21,4,4,4,4,4,5,4,5,1,1,1,1,1,5,1,1,2,1
13,358,22,4,4,4,4,4,5,4,5,1,1,1,1,1,5,1,1,2,1
13,359,22,4,4,4,4,4,5,4,5,1,1,1,1,1,5,1,1,2,1
13,360,22,4,4,4,4,4,5,4,5,1,1,1,1,1,5,1,1,2,1
13,361,22,4,4,4,4,4,5,4,5,1,1,1,1,1,5,1,1,2,1
13,362,22,4,4,4,4,4,5,4,5,1,1,1,1,1,5,1,1,2,1
13,363,22,4,4,4,4,4,5,4,5,1,1,1,1,1,5,1,1,2,1
13,364,22,4,4,4,4,4,5,4,5,1,1,1,1,1,5,1,1,2,1
13,365,22,4,4,4,4,4,5,4,5,1,1,1,1,1,5,1,1,2,1
13,366,22,4,4,4,4,4,5,4,5,1,1,1,1,1,5,1,1,2,1
13,367,22,4,4,4,4,4,5,4,5,1,1,1,1,1,5,1,1,2,1
13,368,22,4,4,4,4,4,5,4,5,1,1,1,1,1,5,1,1,2,1
13,369,23,2,2,2,2,2,3,2,3,6,6,6,6,6,3,6,6,1,6
13,370,23,2,2,2,2,2,3,2,3,6,6,6,6,6,3,6,6,1,6
13,371,23,2,2,2,2,2,3,2,3,6,6,6,6,6,3,6,6,1,6
13,372,23,2,2,2,2,2,3,2,3,6,6,6,6,6,3,6,6,1,6
13,373,23,2,2,2,2,2,3,2,3,6,6,6,6,6,3,6,6,1,6
13,374,23,2,2,2,2,2,3,2,3,6,6,6,6,6,3,6,6,1,6
13,375,23,2,2,2,2,2,3,2,3,6,6,6,6,6,3,6,6,1,6
13,376,23,2,2,2,2,2,3,2,3,6,6,6,6,6,3,6,6,1,6
13,377,23,2,2,2,2,2,3,2,3,6,6,6,6,6,3,6,6,1,6
13,378,23,2,2,2,2,2,3,2,3,6,6,6,6,6,3,6,6,1,6
13,379,23,2,2,2,2,2,3,2,3,6,6,6,6,6,3,6,6,1,6
13,380,23,2,2,2,2,2,3,2,3,6,6,6,6,6,3,6,6,1,6
13,381,23,2,2,2,2,2,3,2,3,6,6,6,6,6,3,6,6,1,6
13,382,23,2,2,2,2,2,3,2,3,6,6,6,6,6,3,6,6,1,6
13,383,23,2,2,2,2,2,3,2,3,6,6,6,6,6,3,6,6,1,6
13,384,23,2,2,2,2,2,3,2,3,6,6,6,6,6,3,6,6,1,6
13,385,23,2,2,2,2,2,3,2,3,6,6,6,6,6,3,6,6,1,6
13,386,24,4,4,1,4,4,5,4,5,6,6,6,6,6,5,6,6,2,6
13,387,24,4,4,1,4,4,5,4,5,6,6,6,6,6,5,6,6,2,6
13,388,24,4,4,1,4,4,5,4,5,6,6,6,6,6,5,6,6,2,6
13,389,24,4,4,1,4,4,5,4,5,6,6,6,6,6,5,6,6,2,6
13,390,24,4,4,1,4,4,5,4,5,6,6,6,6,6,5,6,6,2,6
13,391,24,4,4,1,4,4,5,4,5,6,6,6,6,6,5,6,6,2,6
13,392,24,4,4,1,4,4,5,4,5,6,6,6,6,6,5,6,6,2,6
13,393,24,4,4,1,4,4,5,4,5,6,6,6,6,6,5,6,6,2,6
13,394,24,4,4,1,4,4,5,4,5,6,6,6,6,6,5,6,6,2,6
13,395,24,4,4,1,4,4,5,4,5,6,6,6,6,6,5,6,6,2,6
13,396,24,4,4,1,4,4,5,4,5,6,6,6,6,6,5,6,6,2,6
13,397,24,4,4,1,4,4,5,4,5,6,6,6,6,6,5,6,6,2,6
13,398,24,4,4,1,4,4,5,4,5,6,6,6,6,6,5,6,6,2,6
13,399,24,4,4,1,4,4,5,4,5,6,6,6,6,6,5,6,6,2,6
13,400,24,4,4,1,4,4,5,4,5,6,6,6,6,6,5,6,6,2,6
13,401,24,4,4,1,4,4,5,4,5,6,6,6,6,6,5,6,6,2,6
13,402,24,4,4,1,4,4,5,4,5,6,6,6,6,6,5,6,6,2,6
13,403,24,4,4,1,4,4,5,4,5,6,6,6,6,6,5,6,6,2,6
13,404,24,4,4,1,4,4,5,4,5,6,6,6,6,6,5,6,6,2,6
13,405,25,7,6,6,6,6,6,6,6,2,2,2,2,2,6,2,2,4,2
13,406,25,7,6,6,6,6,6,6,6,2,2,2,2,2,6,2,2,4,2
13,407,25,7,6,6,6,6,6,6,6,2,2,2,2,2,6,2,2,4,2
13,408,25,7,6,6,6,6,6,6,6,2,2,2,2,2,6,2,2,4,2
13,409,25,7,6,6,6,6,6,6,6,2,2,2,2,2,6,2,2,4,2
13,410,25,7,6,6,6,6,6,6,6,2,2,2,2,2,6,2,2,4,2
13,411,25,7,6,6,6,6,6,6,6,2,2,2,2,2,6,2,2,4,2
13,412,25,7,6,6,6,6,6,6,6,2,2,2,2,2,6,2,2,4,2
13,413,25,7,6,6,6,6,6,6,6,2,2,2,2,2,6,2,2,4,2
13,414,25,7,6,6,6,6,6,6,6,2,2,2,2,2,6,2,2,4,2
13,415,25,7,6,6,6,6,6,6,6,2,2,2,2,2,6,2,2,4,2
13,416,25,7,6,6,6,6,6,6,6,2,2,2,2,2,6,2,2,4,2
13,417,25,7,6,6,6,6,6,6,6,2,2,2,2,2,6,2,2,4,2
13,418,25,7,6,6,6,6,6,6,6,2,2,2,2,2,6,2,2,4,2
13,419,25,7,6,6,6,6,6,6,6,2,2,2,2,2,6,2,2,4,2
13,420,25,7,6,6,6,6,6,6,6,2,2,2,2,2,6,2,2,4,2
13,421,25,7,6,6,6,6,6,6,6,2,2,2,2,2,6,2,2,4,2
13,422,25,7,6,6,6,6,6,6,6,2,2,2,2,2,6,2,2,4,2
13,423,25,7,6,6,6,6,6,6,6,2,2,2,2,2,6,2,2,4,2
13,424,25,7,6,6,6,6,6,6,6,2,2,2,2,2,6,2,2,4,2
13,425,25,7,6,6,6,6,6,6,6,2,2,2,2,2,6,2,2,4,2
13,426,25,7,6,6,6,6,6,6,6,2,2,2,2,2,6,2,2,4,2
13,427,25,7,6,6,6,6,6,6,6,2,2,2,2,2,6,2,2,4,2
13,428,25,7,6,6,6,6,6,6,6,2,2,2,2,2,6,2,2,4,2
13,429,25,7,6,6,6,6,6,6,6,2,2,2,2,2,6,2,2,4,2
13,430,25,7,6,6,6,6,6,6,6,2,2,2,2,2,6,2,2,4,2
13,431,26,7,6,6,6,6,6,6,6,2,2,2,2,2,6,2,2,4,2
13,432,26,7,6,6,6,6,6,6,6,2,2,2,2,2,6,2,2,4,2
13,433,26,7,6,6,6,6,6,6,6,2,2,2,2,2,6,2,2,4,2
13,434,26,7,6,6,6,6,6,6,6,2,2,2,2,2,6,2,2,4,2
13,435,26,7,6,6,6,6,6,6,6,2,2,2,2,2,6,2,2,4,2
13,436,26,7,6,6,6,6,6,6,6,2,2,2,2,2,6,2,2,4,2
13,437,26,7,6,6,6,6,6,6,6,2,2,2,2,2,6,2,2,4,2
13,438,26,7,6,6,6,6,6,6,6,2,2,2,2,2,6,2,2,4,2
13,439,26,7,6,6,6,6,6,6,6,2,2,2,2,2,6,2,2,4,2
13,440,26,7,6,6,6,6,6,6,6,2,2,2,2,2,6,2,2,4,2
13,441,27,1,1,1,1,1,1,1,1,7,7,7,7,7,1,7,7,6,7
13,442,27,1,1,1,1,1,1,1,1,7,7,7,7,7,1,7,7,6,7
13,443,27,1,1,1,1,1,1,1,1,7,7,7,7,7,1,7,7,6,7
13,444,27,1,1,1,1,1,1,1,1,7,7,7,7,7,1,7,7,6,7
13,445,27,1,1,1,1,1,1,1,1,7,7,7,7,7,1,7,7,6,7
13,446,27,1,1,1,1,1,1,1,1,7,7,7,7,7,1,7,7,6,7
13,447,27,1,1,1,1,1,1,1,1,7,7,7,7,7,1,7,7,6,7
13,448,27,1,1,1,1,1,1,1,1,7,7,7,7,7,1,7,7,6,7
13,449,27,1,1,1,1,1,1,1,1,7,7,7,7,7,1,7,7,6,7
13,450,27,1,1,1,1,1,1,1,1,7,7,7,7,7,1,7,7,6,7
13,451,27,1,1,1,1,1,1,1,1,7,7,7,7,7,1,7,7,6,7
13,452,27,1,1,1,1,1,1,1,1,7,7,7,7,7,1,7,7,6,7
13,453,27,1,1,1,1,1,1,1,1,7,7,7,7,7,1,7,7,6,7
13,454,27,1,1,1,1,1,1,1,1,7,7,7,7,7,1,7,7,6,7
13,455,27,1,1,1,1,1,1,1,1,7,7,7,7,7,1,7,7,6,7
13,456,27,1,1,1,1,1,1,1,1,7,7,7,7,7,1,7,7,6,7
13,457,28,7,6,6,6,6,6,6,6,2,2,2,2,2,6,2,2,4,2
13,458,28,7,6,6,6,6,6,6,6,2,2,2,2,2,6,2,2,4,2
13,459,28,7,6,6,6,6,6,6,6,2,2,2,2,2,6,2,2,4,2
13,460,28,7,6,6,6,6,6,6,6,2,2,2,2,2,6,2,2,4,2
13,461,28,7,6,6,6,6,6,6,6,2,2,2,2,2,6,2,2,4,2
13,462,28,7,6,6,6,6,6,6,6,2,2,2,2,2,6,2,2,4,2
13,463,28,7,6,6,6,6,6,6,6,2,2,2,2,2,6,2,2,4,2
13,464,28,7,6,6,6,6,6,6,6,2,2,2,2,2,6,2,2,4,2
13,465,28,7,6,6,6,6,6,6,6,2,2,2,2,2,6,2,2,4,2
13,466,28,7,6,6,6,6,6,6,6,2,2,2,2,2,6,2,2,4,2
13,467,28,7,6,6,6,6,6,6,6,2,2,2,2,2,6,2,2,4,2
13,468,28,7,6,6,6,6,6,6,6,2,2,2,2,2,6,2,2,4,2
13,469,28,7,6,6,6,6,6,6,6,2,2,2,2,2,6,2,2,4,2
13,470,28,7,6,6,6,6,6,6,6,2,2,2,2,2,6,2,2,4,2
13,471,28,7,6,6,6,6,6,6,6,2,2,2,2,2,6,2,2,4,2
13,472,28,7,6,6,6,6,6,6,6,2,2,2,2,2,6,2,2,4,2
13,473,28,7,6,6,6,6,6,6,6,2,2,2,2,2,6,2,2,4,2
13,474,28,7,6,6,6,6,6,6,6,2,2,2,2,2,6,2,2,4,2
13,475,28,7,6,6,6,6,6,6,6,2,2,2,2,2,6,2,2,4,2
13,476,28,7,6,6,6,6,6,6,6,2,2,2,2,2,6,2,2,4,2
13,477,28,7,6,6,6,6,6,6,6,2,2,2,2,2,6,2,2,4,2
13,478,28,7,6,6,6,6,6,6,6,2,2,2,2,2,6,2,2,4,2
13,479,28,7,6,6,6,6,6,6,6,2,2,2,2,2,6,2,2,4,2
13,480,28,7,6,6,6,6,6,6,6,2,2,2,2,2,6,2,2,4,2
13,481,28,7,6,6,6,6,6,6,6,2,2,2,2,2,6,2,2,4,2
13,482,28,7,6,6,6,6,6,6,6,2,2,2,2,2,6,2,2,4,2
13,483,28,7,6,6,6,6,6,6,6,2,2,2,2,2,6,2,2,4,2
13,484,28,7,6,6,6,6,6,6,6,2,2,2,2,2,6,2,2,4,2
13,485,28,7,6,6,6,6,6,6,6,2,2,2,2,2,6,2,2,4,2
13,486,28,7,6,6,6,6,6,6,6,2,2,2,2,2,6,2,2,4,2
13,487,28,7,6,6,6,6,6,6,6,2,2,2,2,2,6,2,2,4,2
13,488,28,7,6,6,6,6,6,6,6,2,2,2,2,2,6,2,2,4,2
13,489,28,7,6,6,6,6,6,6,6,2,2,2,2,2,6,2,2,4,2
13,490,28,7,6,6,6,6,6,6,6,2,2,2,2,2,6,2,2,4,2
13,491,28,7,6,6,6,6,6,6,6,2,2,2,2,2,6,2,2,4,2
13,492,28,7,6,6,6,6,6,6,6,2,2,2,2,2,6,2,2,4,2
13,493,28,7,6,6,6,6,6,6,6,2,2,2,2,2,6,2,2,4,2
13,494,28,7,6,6,6,6,6,6,6,2,2,2,2,2,6,2,2,4,2
13,495,28,7,6,6,6,6,6,6,6,2,2,2,2,2,6,2,2,4,2
13,496,28,7,6,6,6,6,6,6,6,2,2,2,2,2,6,2,2,4,2
13,497,28,7,6,6,6,6,6,6,6,2,2,2,2,2,6,2,2,4,2
13,498,28,7,6,6,6,6,6,6,6,2,2,2,2,2,6,2,2,4,2
13,499,28,7,6,6,6,6,6,6,6,2,2,2,2,2,6,2,2,4,2
13,500,28,7,6,6,6,6,6,6,6,2,2,2,2,2,6,2,2,4,2
13,501,28,7,6,6,6,6,6,6,6,2,2,2,2,2,6,2,2,4,2
13,502,28,7,6,6,6,6,6,6,6,2,2,2,2,2,6,2,2,4,2
13,503,28,7,6,6,6,6,6,6,6,2,2,2,2,2,6,2,2,4,2
13,504,28,7,6,6,6,6,6,6,6,2,2,2,2,2,6,2,2,4,2
13,505,28,7,6,6,6,6,6,6,6,2,2,2,2,2,6,2,2,4,2
13,506,28,7,6,6,6,6,6,6,6,2,2,2,2,2,6,2,2,4,2
13,507,28,7,6,6,6,6,6,6,6,2,2,2,2,2,6,2,2,4,2
13,508,28,7,6,6,6,6,6,6,6,2,2,2,2,2,6,2,2,4,2
13,509,28,7,6,6,6,6,6,6,6,2,2,2,2,2,6,2,2,4,2
13,510,29,3,3,3,3,3,4,3,4,5,5,5,5,5,4,5,5,5,5
13,511,29,3,3,3,3,3,4,3,4,5,5,5,5,5,4,5,5,5,5
13,512,29,3,3,3,3,3,4,3,4,5,5,5,5,5,4,5,5,5,5
13,513,29,3,3,3,3,3,4,3,4,5,5,5,5,5,4,5,5,5,5
13,514,29,3,3,3,3,3,4,3,4,5,5,5,5,5,4,5,5,5,5
13,515,29,3,3,3,3,3,4,3,4,5,5,5,5,5,4,5,5,5,5
13,516,29,3,3,3,3,3,4,3,4,5,5,5,5,5,4,5,5,5,5
13,517,29,3,3,3,3,3,4,3,4,5,5,5,5,5,4,5,5,5,5
13,518,29,3,3,3,3,3,4,3,4,5,5,5,5,5,4,5,5,5,5
13,519,29,3,3,3,3,3,4,3,4,5,5,5,5,5,4,5,5,5,5
13,520,29,3,3,3,3,3,4,3,4,5,5,5,5,5,4,5,5,5,5
13,521,29,3,3,3,3,3,4,3,4,5,5,5,5,5,4,5,5,5,5
13,522,29,3,3,3,3,3,4,3,4,5,5,5,5,5,4,5,5,5,5
13,523,29,3,3,3,3,3,4,3,4,5,5,5,5,5,4,5,5,5,5
13,524,29,3,3,3,3,3,4,3,4,5,5,5,5,5,4,5,5,5,5
13,525,29,3,3,3,3,3,4,3,4,5,5,5,5,5,4,5,5,5,5
13,526,29,3,3,3,3,3,4,3,4,5,5,5,5,5,4,5,5,5,5
13,527,29,3,3,3,3,3,4,3,4,5,5,5,5,5,4,5,5,5,5
13,528,29,3,3,3,3,3,4,3,4,5,5,5,5,5,4,5,5,5,5
13,529,29,3,3,3,3,3,4,3,4,5,5,5,5,5,4,5,5,5,5
13,530,29,3,3,3,3,3,4,3,4,5,5,5,5,5,4,5,5,5,5
13,531,29,3,3,3,3,3,4,3,4,5,5,5,5,5,4,5,5,5,5
13,532,29,3,3,3,3,3,4,3,4,5,5,5,5,5,4,5,5,5,5
13,533,29,3,3,3,3,3,4,3,4,5,5,5,5,5,4,5,5,5,5
13,534,29,3,3,3,3,3,4,3,4,5,5,5,5,5,4,5,5,5,5
13,535,29,3,3,3,3,3,4,3,4,5,5,5,5,5,4,5,5,5,5
13,536,29,3,3,3,3,3,4,3,4,5,5,5,5,5,4,5,5,5,5
13,537,29,3,3,3,3,3,4,3,4,5,5,5,5,5,4,5,5,5,5
13,538,29,3,3,3,3,3,4,3,4,5,5,5,5,5,4,5,5,5,5
13,539,29,3,3,3,3,3,4,3,4,5,5,5,5,5,4,5,5,5,5
13,540,29,3,3,3,3,3,4,3,4,5,5,5,5,5,4,5,5,5,5
13,541,29,3,3,3,3,3,4,3,4,5,5,5,5,5,4,5,5,5,5
13,542,29,3,3,3,3,3,4,3,4,5,5,5,5,5,4,5,5,5,5
13,543,29,3,3,3,3,3,4,3,4,5,5,5,5,5,4,5,5,5,5
13,544,29,3,3,3,3,3,4,3,4,5,5,5,5,5,4,5,5,5,5
13,545,29,3,3,3,3,3,4,3,4,5,5,5,5,5,4,5,5,5,5
13,546,29,3,3,3,3,3,4,3,4,5,5,5,5,5,4,5,5,5,5
13,547,30,3,7,3,7,7,7,7,7,3,3,3,3,3,7,3,3,7,3
13,548,30,3,7,3,7,7,7,7,7,3,3,3,3,3,7,3,3,7,3
13,549,30,3,7,3,7,7,7,7,7,3,3,3,3,3,7,3,3,7,3
13,550,30,3,7,3,7,7,7,7,7,3,3,3,3,3,7,3,3,7,3
13,551,30,3,7,3,7,7,7,7,7,3,3,3,3,3,7,3,3,7,3
13,552,30,3,7,3,7,7,7,7,7,3,3,3,3,3,7,3,3,7,3
13,553,30,3,7,3,7,7,7,7,7,3,3,3,3,3,7,3,3,7,3
13,554,30,3,7,3,7,7,7,7,7,3,3,3,3,3,7,3,3,7,3
13,555,30,3,7,3,7,7,7,7,7,3,3,3,3,3,7,3,3,7,3
13,556,30,3,7,3,7,7,7,7,7,3,3,3,3,3,7,3,3,7,3
13,557,30,3,7,3,7,7,7,7,7,3,3,3,3,3,7,3,3,7,3
13,558,30,3,7,3,7,7,7,7,7,3,3,3,3,3,7,3,3,7,3
13,559,30,3,7,3,7,7,7,7,7,3,3,3,3,3,7,3,3,7,3
13,560,30,3,7,3,7,7,7,7,7,3,3,3,3,3,7,3,3,7,3
13,561,30,3,7,3,7,7,7,7,7,3,3,3,3,3,7,3,3,7,3
13,562,30,3,7,3,7,7,7,7,7,3,3,3,3,3,7,3,3,7,3
13,563,30,3,7,3,7,7,7,7,7,3,3,3,3,3,7,3,3,7,3
13,564,30,3,7,3,7,7,7,7,7,3,3,3,3,3,7,3,3,7,3
13,565,30,3,7,3,7,7,7,7,7,3,3,3,3,3,7,3,3,7,3
13,566,30,3,7,3,7,7,7,7,7,3,3,3,3,3,7,3,3,7,3
13,567,30,3,7,3,7,7,7,7,7,3,3,3,3,3,7,3,3,7,3
13,568,30,3,7,3,7,7,7,7,7,3,3,3,3,3,7,3,3,7,3
13,569,30,3,7,3,7,7,7,7,7,3,3,3,3,3,7,3,3,7,3
13,570,30,3,7,3,7,7,7,7,7,3,3,3,3,3,7,3,3,7,3
13,571,30,3,7,3,7,7,7,7,7,3,3,3,3,3,7,3,3,7,3
13,572,30,3,7,3,7,7,7,7,7,3,3,3,3,3,7,3,3,7,3
13,573,30,3,7,3,7,7,7,7,7,3,3,3,3,3,7,3,3,7,3
13,574,30,3,7,3,7,7,7,7,7,3,3,3,3,3,7,3,3,7,3
13,575,30,3,7,3,7,7,7,7,7,3,3,3,3,3,7,3,3,7,3
13,576,30,3,7,3,7,7,7,7,7,3,3,3,3,3,7,3,3,7,3
13,577,30,3,7,3,7,7,7,7,7,3,3,3,3,3,7,3,3,7,3
13,578,30,3,7,3,7,7,7,7,7,3,3,3,3,3,7,3,3,7,3
13,579,30,3,7,3,7,7,7,7,7,3,3,3,3,3,7,3,3,7,3
13,580,30,3,7,3,7,7,7,7,7,3,3,3,3,3,7,3,3,7,3
13,581,30,3,7,3,7,7,7,7,7,3,3,3,3,3,7,3,3,7,3
13,582,30,3,7,3,7,7,7,7,7,3,3,3,3,3,7,3,3,7,3
13,583,30,3,7,3,7,7,7,7,7,3,3,3,3,3,7,3,3,7,3
13,584,30,3,7,3,7,7,7,7,7,3,3,3,3,3,7,3,3,7,3
13,585,30,3,7,3,7,7,7,7,7,3,3,3,3,3,7,3,3,7,3
13,586,30,3,7,3,7,7,7,7,7,3,3,3,3,3,7,3,3,7,3
13,587,30,3,7,3,7,7,7,7,7,3,3,3,3,3,7,3,3,7,3
13,588,30,3,7,3,7,7,7,7,7,3,3,3,3,3,7,3,3,7,3
13,589,30,3,7,3,7,7,7,7,7,3,3,3,3,3,7,3,3,7,3
13,590,30,3,7,3,7,7,7,7,7,3,3,3,3,3,7,3,3,7,3
13,591,30,3,7,3,7,7,7,7,7,3,3,3,3,3,7,3,3,7,3
13,592,30,3,7,3,7,7,7,7,7,3,3,3,3,3,7,3,3,7,3
13,593,30,3,7,3,7,7,7,7,7,3,3,3,3,3,7,3,3,7,3
13,594,30,3,7,3,7,7,7,7,7,3,3,3,3,3,7,3,3,7,3
13,595,30,3,7,3,7,7,7,7,7,3,3,3,3,3,7,3,3,7,3
13,596,30,3,7,3,7,7,7,7,7,3,3,3,3,3,7,3,3,7,3
13,597,30,3,7,3,7,7,7,7,7,3,3,3,3,3,7,3,3,7,3
13,598,30,3,7,3,7,7,7,7,7,3,3,3,3,3,7,3,3,7,3
13,599,30,3,7,3,7,7,7,7,7,3,3,3,3,3,7,3,3,7,3
13,600,30,3,7,3,7,7,7,7,7,3,3,3,3,3,7,3,3,7,3
13,601,30,3,7,3,7,7,7,7,7,3,3,3,3,3,7,3,3,7,3
13,602,30,3,7,3,7,7,7,7,7,3,3,3,3,3,7,3,3,7,3
13,603,30,3,7,3,7,7,7,7,7,3,3,3,3,3,7,3,3,7,3
13,604,30,3,7,3,7,7,7,7,7,3,3,3,3,3,7,3,3,7,3
13,605,30,3,7,3,7,7,7,7,7,3,3,3,3,3,7,3,3,7,3
13,606,30,3,7,3,7,7,7,7,7,3,3,3,3,3,7,3,3,7,3
13,607,30,3,7,3,7,7,7,7,7,3,3,3,3,3,7,3,3,7,3
13,608,31,2,7,3,7,7,7,7,7,3,3,3,3,3,7,3,3,7,3
13,609,31,2,7,3,7,7,7,7,7,3,3,3,3,3,7,3,3,7,3
13,610,31,2,7,3,7,7,7,7,7,3,3,3,3,3,7,3,3,7,3
13,611,31,2,7,3,7,7,7,7,7,3,3,3,3,3,7,3,3,7,3
13,612,31,2,7,3,7,7,7,7,7,3,3,3,3,3,7,3,3,7,3
13,613,31,2,7,3,7,7,7,7,7,3,3,3,3,3,7,3,3,7,3
13,614,31,2,7,3,7,7,7,7,7,3,3,3,3,3,7,3,3,7,3
13,615,31,2,7,3,7,7,7,7,7,3,3,3,3,3,7,3,3,7,3
13,616,31,2,7,3,7,7,7,7,7,3,3,3,3,3,7,3,3,7,3
13,617,31,2,7,3,7,7,7,7,7,3,3,3,3,3,7,3,3,7,3
13,618,31,2,7,3,7,7,7,7,7,3,3,3,3,3,7,3,3,7,3
13,619,31,2,7,3,7,7,7,7,7,3,3,3,3,3,7,3,3,7,3
13,620,31,2,7,3,7,7,7,7,7,3,3,3,3,3,7,3,3,7,3
13,621,31,2,7,3,7,7,7,7,7,3,3,3,3,3,7,3,3,7,3
13,622,31,2,7,3,7,7,7,7,7,3,3,3,3,3,7,3,3,7,3
13,623,31,2,7,3,7,7,7,7,7,3,3,3,3,3,7,3,3,7,3
13,624,31,2,7,3,7,7,7,7,7,3,3,3,3,3,7,3,3,7,3
13,625,31,2,7,3,7,7,7,7,7,3,3,3,3,3,7,3,3,7,3
13,626,31,2,7,3,7,7,7,7,7,3,3,3,3,3,7,3,3,7,3
13,627,31,2,7,3,7,7,7,7,7,3,3,3,3,3,7,3,3,7,3
13,628,31,2,7,3,7,7,7,7,7,3,3,3,3,3,7,3,3,7,3
13,629,31,2,7,3,7,7,7,7,7,3,3,3,3,3,7,3,3,7,3
13,630,32,7,6,6,6,6,6,6,6,2,2,2,2,2,6,2,2,4,2
13,631,32,7,6,6,6,6,6,6,6,2,2,2,2,2,6,2,2,4,2
13,632,32,7,6,6,6,6,6,6,6,2,2,2,2,2,6,2,2,4,2
13,633,32,7,6,6,6,6,6,6,6,2,2,2,2,2,6,2,2,4,2
13,634,32,7,6,6,6,6,6,6,6,2,2,2,2,2,6,2,2,4,2
13,635,32,7,6,6,6,6,6,6,6,2,2,2,2,2,6,2,2,4,2
13,636,32,7,6,6,6,6,6,6,6,2,2,2,2,2,6,2,2,4,2
13,637,32,7,6,6,6,6,6,6,6,2,2,2,2,2,6,2,2,4,2
13,638,32,7,6,6,6,6,6,6,6,2,2,2,2,2,6,2,2,4,2
13,639,32,7,6,6,6,6,6,6,6,2,2,2,2,2,6,2,2,4,2
13,640,32,7,6,6,6,6,6,6,6,2,2,2,2,2,6,2,2,4,2
13,641,32,7,6,6,6,6,6,6,6,2,2,2,2,2,6,2,2,4,2
13,642,33,2,2,2,2,2,7,2,7,6,6,6,6,6,7,6,6,4,6
13,643,33,2,2,2,2,2,7,2,7,6,6,6,6,6,7,6,6,4,6
13,644,33,2,2,2,2,2,7,2,7,6,6,6,6,6,7,6,6,4,6
13,645,33,2,2,2,2,2,7,2,7,6,6,6,6,6,7,6,6,4,6
13,646,34,2,7,3,7,7,7,7,7,3,3,3,3,3,7,3,3,7,3
13,647,34,2,7,3,7,7,7,7,7,3,3,3,3,3,7,3,3,7,3
13,648,34,2,7,3,7,7,7,7,7,3,3,3,3,3,7,3,3,7,3
13,649,34,2,7,3,7,7,7,7,7,3,3,3,3,3,7,3,3,7,3
13,650,34,2,7,3,7,7,7,7,7,3,3,3,3,3,7,3,3,7,3
13,651,34,2,7,3,7,7,7,7,7,3,3,3,3,3,7,3,3,7,3
13,652,34,2,7,3,7,7,7,7,7,3,3,3,3,3,7,3,3,7,3
13,653,34,2,7,3,7,7,7,7,7,3,3,3,3,3,7,3,3,7,3
13,654,34,2,7,3,7,7,7,7,7,3,3,3,3,3,7,3,3,7,3
13,655,34,2,7,3,7,7,7,7,7,3,3,3,3,3,7,3,3,7,3
13,656,34,2,7,3,7,7,7,7,7,3,3,3,3,3,7,3,3,7,3
13,657,35,7,6,6,6,6,6,6,6,2,2,2,2,2,6,2,2,4,2
13,658,35,7,6,6,6,6,6,6,6,2,2,2,2,2,6,2,2,4,2
13,659,35,7,6,6,6,6,6,6,6,2,2,2,2,2,6,2,2,4,2
13,660,35,7,6,6,6,6,6,6,6,2,2,2,2,2,6,2,2,4,2
13,661,35,7,6,6,6,6,6,6,6,2,2,2,2,2,6,2,2,4,2
13,662,35,7,6,6,6,6,6,6,6,2,2,2,2,2,6,2,2,4,2
13,663,35,7,6,6,6,6,6,6,6,2,2,2,2,2,6,2,2,4,2
13,664,35,7,6,6,6,6,6,6,6,2,2,2,2,2,6,2,2,4,2
13,665,36,1,1,1,1,1,1,1,1,7,7,7,7,7,1,7,7,6,7
13,666,36,1,1,1,1,1,1,1,1,7,7,7,7,7,1,7,7,6,7
13,667,36,1,1,1,1,1,1,1,1,7,7,7,7,7,1,7,7,6,7
13,668,36,1,1,1,1,1,1,1,1,7,7,7,7,7,1,7,7,6,7
13,669,36,1,1,1,1,1,1,1,1,7,7,7,7,7,1,7,7,6,7
13,670,36,1,1,1,1,1,1,1,1,7,7,7,7,7,1,7,7,6,7
13,671,36,1,1,1,1,1,1,1,1,7,7,7,7,7,1,7,7,6,7
13,672,36,1,1,1,1,1,1,1,1,7,7,7,7,7,1,7,7,6,7
13,673,36,1,1,1,1,1,1,1,1,7,7,7,7,7,1,7,7,6,7
13,674,37,2,2,2,2,2,7,2,7,6,6,6,6,6,7,6,6,1,6
13,675,37,2,2,2,2,2,7,2,7,6,6,6,6,6,7,6,6,1,6
13,676,37,2,2,2,2,2,7,2,7,6,6,6,6,6,7,6,6,1,6
13,677,37,2,2,2,2,2,7,2,7,6,6,6,6,6,7,6,6,1,6
13,678,37,2,2,2,2,2,7,2,7,6,6,6,6,6,7,6,6,1,6
13,679,37,2,2,2,2,2,7,2,7,6,6,6,6,6,7,6,6,1,6
13,680,37,2,2,2,2,2,7,2,7,6,6,6,6,6,7,6,6,1,6
13,681,37,2,2,2,2,2,7,2,7,6,6,6,6,6,7,6,6,1,6
13,682,37,2,2,2,2,2,7,2,7,6,6,6,6,6,7,6,6,1,6
13,683,37,2,2,2,2,2,7,2,7,6,6,6,6,6,7,6,6,1,6
13,684,37,2,2,2,2,2,7,2,7,6,6,6,6,6,7,6,6,1,6
13,685,37,2,2,2,2,2,7,2,7,6,6,6,6,6,7,6,6,1,6
13,686,37,2,2,2,2,2,7,2,7,6,6,6,6,6,7,6,6,1,6
13,687,37,2,2,2,2,2,7,2,7,6,6,6,6,6,7,6,6,1,6
13,688,37,2,2,2,2,2,7,2,7,6,6,6,6,6,7,6,6,1,6
13,689,37,2,2,2,2,2,7,2,7,6,6,6,6,6,7,6,6,1,6
13,690,37,2,2,2,2,2,7,2,7,6,6,6,6,6,7,6,6,1,6
13,691,37,2,2,2,2,2,7,2,7,6,6,6,6,6,7,6,6,1,6
13,692,37,2,2,2,2,2,7,2,7,6,6,6,6,6,7,6,6,1,6
13,693,37,2,2,2,2,2,7,2,7,6,6,6,6,6,7,6,6,1,6
13,694,37,2,2,2,2,2,7,2,7,6,6,6,6,6,7,6,6,1,6
13,695,37,2,2,2,2,2,7,2,7,6,6,6,6,6,7,6,6,1,6
13,696,37,2,2,2,2,2,7,2,7,6,6,6,6,6,7,6,6,1,6
13,697,37,2,2,2,2,2,7,2,7,6,6,6,6,6,7,6,6,1,6
13,698,37,2,2,2,2,2,7,2,7,6,6,6,6,6,7,6,6,1,6
13,699,37,2,2,2,2,2,7,2,7,6,6,6,6,6,7,6,6,1,6
13,700,38,2,2,2,2,2,2,2,2,6,6,6,6,6,2,6,6,1,6
13,701,38,2,2,2,2,2,2,2,2,6,6,6,6,6,2,6,6,1,6
13,702,38,2,2,2,2,2,2,2,2,6,6,6,6,6,2,6,6,1,6
13,703,38,2,2,2,2,2,2,2,2,6,6,6,6,6,2,6,6,1,6
13,704,38,2,2,2,2,2,2,2,2,6,6,6,6,6,2,6,6,1,6
13,705,38,2,2,2,2,2,2,2,2,6,6,6,6,6,2,6,6,1,6
13,706,38,2,2,2,2,2,2,2,2,6,6,6,6,6,2,6,6,1,6
13,707,38,2,2,2,2,2,2,2,2,6,6,6,6,6,2,6,6,1,6
13,708,38,2,2,2,2,2,2,2,2,6,6,6,6,6,2,6,6,1,6
13,709,38,2,2,2,2,2,2,2,2,6,6,6,6,6,2,6,6,1,6
13,710,38,2,2,2,2,2,2,2,2,6,6,6,6,6,2,6,6,1,6
13,711,38,2,2,2,2,2,2,2,2,6,6,6,6,6,2,6,6,1,6
13,712,38,2,2,2,2,2,2,2,2,6,6,6,6,6,2,6,6,1,6
13,713,39,4,4,2,4,4,5,4,5,6,6,6,6,6,5,6,6,2,6
13,714,39,4,4,2,4,4,5,4,5,6,6,6,6,6,5,6,6,2,6
13,715,39,4,4,2,4,4,5,4,5,6,6,6,6,6,5,6,6,2,6
13,716,39,4,4,2,4,4,5,4,5,6,6,6,6,6,5,6,6,2,6
13,717,39,4,4,2,4,4,5,4,5,6,6,6,6,6,5,6,6,2,6
13,718,39,4,4,2,4,4,5,4,5,6,6,6,6,6,5,6,6,2,6
13,719,39,4,4,2,4,4,5,4,5,6,6,6,6,6,5,6,6,2,6
13,720,39,4,4,2,4,4,5,4,5,6,6,6,6,6,5,6,6,2,6
13,721,39,4,4,2,4,4,5,4,5,6,6,6,6,6,5,6,6,2,6
13,722,39,4,4,2,4,4,5,4,5,6,6,6,6,6,5,6,6,2,6
13,723,39,4,4,2,4,4,5,4,5,6,6,6,6,6,5,6,6,2,6
13,724,39,4,4,2,4,4,5,4,5,6,6,6,6,6,5,6,6,2,6
13,726,40,6,5,7,5,5,5,5,5,1,1,1,1,1,5,1,1,2,1
13,727,40,6,5,7,5,5,5,5,5,1,1,1,1,1,5,1,1,2,1
13,728,40,6,5,7,5,5,5,5,5,1,1,1,1,1,5,1,1,2,1
13,729,40,6,5,7,5,5,5,5,5,1,1,1,1,1,5,1,1,2,1
13,730,40,6,5,7,5,5,5,5,5,1,1,1,1,1,5,1,1,2,1
13,731,40,6,5,7,5,5,5,5,5,1,1,1,1,1,5,1,1,2,1
13,732,40,6,5,7,5,5,5,5,5,1,1,1,1,1,5,1,1,2,1
13,733,40,6,5,7,5,5,5,5,5,1,1,1,1,1,5,1,1,2,1
13,734,40,6,5,7,5,5,5,5,5,1,1,1,1,1,5,1,1,2,1
13,735,40,6,5,7,5,5,5,5,5,1,1,1,1,1,5,1,1,2,1
13,736,40,6,5,7,5,5,5,5,5,1,1,1,1,1,5,1,1,2,1
13,737,40,6,5,7,5,5,5,5,5,1,1,1,1,1,5,1,1,2,1
13,738,40,6,5,7,5,5,5,5,5,1,1,1,1,1,5,1,1,2,1
13,740,40,6,5,7,5,5,5,5,5,1,1,1,1,1,5,1,1,2,1
13,741,40,6,5,7,5,5,5,5,5,1,1,1,1,1,5,1,1,2,1
13,742,47,6,5,7,5,5,2,5,2,4,4,4,4,4,2,4,4,3,4
13,743,41,5,2,2,2,2,3,2,3,6,6,6,6,6,3,6,6,7,6
13,744,41,5,2,2,2,2,3,2,3,6,6,6,6,6,3,6,6,7,6
13,745,41,5,2,2,2,2,3,2,3,6,6,6,6,6,3,6,6,7,6
13,746,41,5,2,2,2,2,3,2,3,6,6,6,6,6,3,6,6,7,6
13,747,41,5,2,2,2,2,3,2,3,6,6,6,6,6,3,6,6,7,6
13,748,41,5,2,2,2,2,3,2,3,6,6,6,6,6,3,6,6,7,6
13,749,41,5,2,2,2,2,3,2,3,6,6,6,6,6,3,6,6,7,6
13,750,41,5,2,2,2,2,3,2,3,6,6,6,6,6,3,6,6,7,6
13,751,41,5,2,2,2,2,3,2,3,6,6,6,6,6,3,6,6,7,6
13,752,41,5,2,2,2,2,3,2,3,6,6,6,6,6,3,6,6,7,6
13,753,41,5,2,2,2,2,3,2,3,6,6,6,6,6,3,6,6,7,6
13,754,41,5,2,2,2,2,3,2,3,6,6,6,6,6,3,6,6,7,6
13,755,41,5,2,2,2,2,3,2,3,6,6,6,6,6,3,6,6,7,6
13,756,41,5,2,2,2,2,3,2,3,6,6,6,6,6,3,6,6,7,6
13,757,41,5,2,2,2,2,3,2,3,6,6,6,6,6,3,6,6,7,6
13,758,41,5,2,2,2,2,3,2,3,6,6,6,6,6,3,6,6,7,6
13,759,41,5,2,2,2,2,3,2,3,6,6,6,6,6,3,6,6,7,6
13,760,41,5,2,2,2,2,3,2,3,6,6,6,6,6,3,6,6,7,6
13,761,41,5,2,2,2,2,3,2,3,6,6,6,6,6,3,6,6,7,6
13,762,41,5,2,2,2,2,3,2,3,6,6,6,6,6,3,6,6,7,6
13,763,41,5,2,2,2,2,3,2,3,6,6,6,6,6,3,6,6,7,6
13,764,41,5,2,2,2,2,3,2,3,6,6,6,6,6,3,6,6,7,6
13,765,42,2,6,6,6,6,6,6,6,2,2,2,2,2,6,2,2,4,2
13,766,42,2,6,6,6,6,6,6,6,2,2,2,2,2,6,2,2,4,2
13,767,42,2,6,6,6,6,6,6,6,2,2,2,2,2,6,2,2,4,2
13,768,42,2,6,6,6,6,6,6,6,2,2,2,2,2,6,2,2,4,2
13,769,42,2,6,6,6,6,6,6,6,2,2,2,2,2,6,2,2,4,2
13,770,42,2,6,6,6,6,6,6,6,2,2,2,2,2,6,2,2,4,2
13,771,42,2,6,6,6,6,6,6,6,2,2,2,2,2,6,2,2,4,2
13,772,42,2,6,6,6,6,6,6,6,2,2,2,2,2,6,2,2,4,2
13,773,42,2,6,6,6,6,6,6,6,2,2,2,2,2,6,2,2,4,2
13,774,42,2,6,6,6,6,6,6,6,2,2,2,2,2,6,2,2,4,2
13,775,42,2,6,6,6,6,6,6,6,2,2,2,2,2,6,2,2,4,2
13,776,42,2,6,6,6,6,6,6,6,2,2,2,2,2,6,2,2,4,2
13,777,42,2,6,6,6,6,6,6,6,2,2,2,2,2,6,2,2,4,2
13,778,42,2,6,6,6,6,6,6,6,2,2,2,2,2,6,2,2,4,2
13,779,42,2,6,6,6,6,6,6,6,2,2,2,2,2,6,2,2,4,2
13,780,43,3,7,3,7,7,7,7,7,3,3,3,3,3,7,3,3,7,3
13,781,43,3,7,3,7,7,7,7,7,3,3,3,3,3,7,3,3,7,3
13,782,43,3,7,3,7,7,7,7,7,3,3,3,3,3,7,3,3,7,3
13,783,43,3,7,3,7,7,7,7,7,3,3,3,3,3,7,3,3,7,3
13,784,43,3,7,3,7,7,7,7,7,3,3,3,3,3,7,3,3,7,3
13,785,43,3,7,3,7,7,7,7,7,3,3,3,3,3,7,3,3,7,3
13,786,43,3,7,3,7,7,7,7,7,3,3,3,3,3,7,3,3,7,3
13,787,43,3,7,3,7,7,7,7,7,3,3,3,3,3,7,3,3,7,3
13,788,43,3,7,3,7,7,7,7,7,3,3,3,3,3,7,3,3,7,3
13,789,43,3,7,3,7,7,7,7,7,3,3,3,3,3,7,3,3,7,3
13,790,43,3,7,3,7,7,7,7,7,3,3,3,3,3,7,3,3,7,3
13,791,43,3,7,3,7,7,7,7,7,3,3,3,3,3,7,3,3,7,3
13,792,43,3,7,3,7,7,7,7,7,3,3,3,3,3,7,3,3,7,3
13,793,43,3,7,3,7,7,7,7,7,3,3,3,3,3,7,3,3,7,3
13,794,43,3,7,3,7,7,7,7,7,3,3,3,3,3,7,3,3,7,3
13,795,43,3,7,3,7,7,7,7,7,3,3,3,3,3,7,3,3,7,3
13,796,43,3,7,3,7,7,7,7,7,3,3,3,3,3,7,3,3,7,3
13,797,43,3,7,3,7,7,7,7,7,3,3,3,3,3,7,3,3,7,3
13,798,43,3,7,3,7,7,7,7,7,3,3,3,3,3,7,3,3,7,3
13,799,43,3,7,3,7,7,7,7,7,3,3,3,3,3,7,3,3,7,3
13,800,43,3,7,3,7,7,7,7,7,3,3,3,3,3,7,3,3,7,3
13,801,43,3,7,3,7,7,7,7,7,3,3,3,3,3,7,3,3,7,3
13,802,44,3,3,5,3,3,4,3,4,5,5,5,5,5,4,5,5,5,5
13,803,44,3,3,5,3,3,4,3,4,5,5,5,5,5,4,5,5,5,5
13,804,44,3,3,5,3,3,4,3,4,5,5,5,5,5,4,5,5,5,5
13,805,44,3,3,5,3,3,4,3,4,5,5,5,5,5,4,5,5,5,5
13,806,44,3,3,5,3,3,4,3,4,5,5,5,5,5,4,5,5,5,5
13,807,44,3,3,5,3,3,4,3,4,5,5,5,5,5,4,5,5,5,5
13,808,44,3,3,5,3,3,4,3,4,5,5,5,5,5,4,5,5,5,5
13,809,44,3,3,5,3,3,4,3,4,5,5,5,5,5,4,5,5,5,5
13,810,44,3,3,5,3,3,4,3,4,5,5,5,5,5,4,5,5,5,5
13,811,44,3,3,5,3,3,4,3,4,5,5,5,5,5,4,5,5,5,5
13,812,45,4,4,2,4,4,5,4,5,6,6,6,6,6,5,6,6,2,6
13,813,45,4,4,2,4,4,5,4,5,6,6,6,6,6,5,6,6,2,6
13,814,45,4,4,2,4,4,5,4,5,6,6,6,6,6,5,6,6,2,6
13,815,45,4,4,2,4,4,5,4,5,6,6,6,6,6,5,6,6,2,6
13,816,45,4,4,2,4,4,5,4,5,6,6,6,6,6,5,6,6,2,6
13,817,45,4,4,2,4,4,5,4,5,6,6,6,6,6,5,6,6,2,6
13,818,45,4,4,2,4,4,5,4,5,6,6,6,6,6,5,6,6,2,6
13,819,45,4,4,2,4,4,5,4,5,6,6,6,6,6,5,6,6,2,6
13,820,45,4,4,2,4,4,5,4,5,6,6,6,6,6,5,6,6,2,6
13,821,45,4,4,2,4,4,5,4,5,6,6,6,6,6,5,6,6,2,6
13,822,46,3,7,3,7,7,7,7,7,3,3,3,3,3,7,3,3,7,3
13,823,46,3,7,3,7,7,7,7,7,3,3,3,3,3,7,3,3,7,3
13,824,46,3,7,3,7,7,7,7,7,3,3,3,3,3,7,3,3,7,3
13,825,46,3,7,3,7,7,7,7,7,3,3,3,3,3,7,3,3,7,3
13,826,46,3,7,3,7,7,7,7,7,3,3,3,3,3,7,3,3,7,3
13,827,46,3,7,3,7,7,7,7,7,3,3,3,3,3,7,3,3,7,3
13,828,46,3,7,3,7,7,7,7,7,3,3,3,3,3,7,3,3,7,3
13,829,46,3,7,3,7,7,7,7,7,3,3,3,3,3,7,3,3,7,3
13,830,46,3,7,3,7,7,7,7,7,3,3,3,3,3,7,3,3,7,3
13,831,46,3,7,3,7,7,7,7,7,3,3,3,3,3,7,3,3,7,3
13,832,47,6,5,7,5,5,2,5,2,4,4,4,4,4,2,4,4,3,4
13,833,47,6,5,7,5,5,2,5,2,4,4,4,4,4,2,4,4,3,4
13,834,47,6,5,7,5,5,2,5,2,4,4,4,4,4,2,4,4,3,4
13,835,47,6,5,7,5,5,2,5,2,4,4,4,4,4,2,4,4,3,4
13,836,47,6,5,7,5,5,2,5,2,4,4,4,4,4,2,4,4,3,4
13,837,47,6,5,7,5,5,2,5,2,4,4,4,4,4,2,4,4,3,4
13,838,47,6,5,7,5,5,2,5,2,4,4,4,4,4,2,4,4,3,4
13,839,47,6,5,7,5,5,2,5,2,4,4,4,4,4,2,4,4,3,4
13,840,47,6,5,7,5,5,2,5,2,4,4,4,4,4,2,4,4,3,4
13,841,47,6,5,7,5,5,2,5,2,4,4,4,4,4,2,4,4,3,4
13,842,47,6,5,7,5,5,2,5,2,4,4,4,4,4,2,4,4,3,4
13,843,47,6,5,7,5,5,2,5,2,4,4,4,4,4,2,4,4,3,4
13,844,47,6,5,7,5,5,2,5,2,4,4,4,4,4,2,4,4,3,4
13,845,47,6,5,7,5,5,2,5,2,4,4,4,4,4,2,4,4,3,4
13,846,47,6,5,7,5,5,2,5,2,4,4,4,4,4,2,4,4,3,4
13,847,47,6,5,7,5,5,2,5,2,4,4,4,4,4,2,4,4,3,4
13,848,47,6,5,7,5,5,2,5,2,4,4,4,4,4,2,4,4,3,4
13,849,47,6,5,7,5,5,2,5,2,4,4,4,4,4,2,4,4,3,4
13,850,47,6,5,7,5,5,2,5,2,4,4,4,4,4,2,4,4,3,4
13,851,47,6,5,7,5,5,2,5,2,4,4,4,4,4,2,4,4,3,4
13,852,47,6,5,7,5,5,2,5,2,4,4,4,4,4,2,4,4,3,4
13,853,47,6,5,7,5,5,2,5,2,4,4,4,4,4,2,4,4,3,4
13,854,47,6,5,7,5,5,2,5,2,4,4,4,4,4,2,4,4,3,4
13,855,47,6,5,7,5,5,2,5,2,4,4,4,4,4,2,4,4,3,4
13,856,47,6,5,7,5,5,2,5,2,4,4,4,4,4,2,4,4,3,4
13,857,47,6,5,7,5,5,2,5,2,4,4,4,4,4,2,4,4,3,4
13,858,47,6,5,7,5,5,2,5,2,4,4,4,4,4,2,4,4,3,4
13,859,47,6,5,7,5,5,2,5,2,4,4,4,4,4,2,4,4,3,4
13,860,47,6,5,7,5,5,2,5,2,4,4,4,4,4,2,4,4,3,4
13,861,47,6,5,7,5,5,2,5,2,4,4,4,4,4,2,4,4,3,4
13,862,47,6,5,7,5,5,2,5,2,4,4,4,4,4,2,4,4,3,4
13,863,47,6,5,7,5,5,2,5,2,4,4,4,4,4,2,4,4,3,4
13,864,47,6,5,7,5,5,2,5,2,4,4,4,4,4,2,4,4,3,4
13,865,47,6,5,7,5,5,2,5,2,4,4,4,4,4,2,4,4,3,4
13,866,47,6,5,7,5,5,2,5,2,4,4,4,4,4,2,4,4,3,4
13,867,47,6,5,7,5,5,2,5,2,4,4,4,4,4,2,4,4,3,4
13,868,47,6,5,7,5,5,2,5,2,4,4,4,4,4,2,4,4,3,4
13,869,47,6,5,7,5,5,2,5,2,4,4,4,4,4,2,4,4,3,4
13,870,47,6,5,7,5,5,2,5,2,4,4,4,4,4,2,4,4,3,4
13,871,47,6,5,7,5,5,2,5,2,4,4,4,4,4,2,4,4,3,4
13,872,47,6,5,7,5,5,2,5,2,4,4,4,4,4,2,4,4,3,4
13,873,47,6,5,7,5,5,2,5,2,4,4,4,4,4,2,4,4,3,4
13,874,47,6,5,7,5,5,2,5,2,4,4,4,4,4,2,4,4,3,4
13,875,47,6,5,7,5,5,2,5,2,4,4,4,4,4,2,4,4,3,4
13,876,47,6,5,7,5,5,2,5,2,4,4,4,4,4,2,4,4,3,4
13,877,47,6,5,7,5,5,2,5,2,4,4,4,4,4,2,4,4,3,4
13,878,47,6,5,7,5,5,2,5,2,4,4,4,4,4,2,4,4,3,4
13,879,47,6,5,7,5,5,2,5,2,4,4,4,4,4,2,4,4,3,4
13,880,47,6,5,7,5,5,2,5,2,4,4,4,4,4,2,4,4,3,4
13,881,47,6,5,7,5,5,2,5,2,4,4,4,4,4,2,4,4,3,4
13,882,47,6,5,7,5,5,2,5,2,4,4,4,4,4,2,4,4,3,4
13,883,47,6,5,7,5,5,2,5,2,4,4,4,4,4,2,4,4,3,4
13,884,47,6,5,7,5,5,2,5,2,4,4,4,4,4,2,4,4,3,4
13,885,47,6,5,7,5,5,2,5,2,4,4,4,4,4,2,4,4,3,4
13,886,47,6,5,7,5,5,2,5,2,4,4,4,4,4,2,4,4,3,4
13,887,47,6,5,7,5,5,2,5,2,4,4,4,4,4,2,4,4,3,4
13,888,47,6,5,7,5,5,2,5,2,4,4,4,4,4,2,4,4,3,4
13,889,47,6,5,7,5,5,2,5,2,4,4,4,4,4,2,4,4,3,4
13,890,47,6,5,7,5,5,2,5,2,4,4,4,4,4,2,4,4,3,4
13,891,47,6,5,7,5,5,2,5,2,4,4,4,4,4,2,4,4,3,4
13,892,47,6,5,7,5,5,2,5,2,4,4,4,4,4,2,4,4,3,4
13,893,47,6,5,7,5,5,2,5,2,4,4,4,4,4,2,4,4,3,4
13,894,47,6,5,7,5,5,2,5,2,4,4,4,4,4,2,4,4,3,4
13,895,47,6,5,7,5,5,2,5,2,4,4,4,4,4,2,4,4,3,4
13,896,47,6,5,7,5,5,2,5,2,4,4,4,4,4,2,4,4,3,4
13,897,47,6,5,7,5,5,2,5,2,4,4,4,4,4,2,4,4,3,4
13,898,47,6,5,7,5,5,2,5,2,4,4,4,4,4,2,4,4,3,4
13,899,47,6,5,7,5,5,2,5,2,4,4,4,4,4,2,4,4,3,4
13,900,47,6,5,7,5,5,2,5,2,4,4,4,4,4,2,4,4,3,4
13,901,47,6,5,7,5,5,2,5,2,4,4,4,4,4,2,4,4,3,4
13,902,47,6,5,7,5,5,2,5,2,4,4,4,4,4,2,4,4,3,4
13,903,47,6,5,7,5,5,2,5,2,4,4,4,4,4,2,4,4,3,4
13,904,47,6,5,7,5,5,2,5,2,4,4,4,4,4,2,4,4,3,4
13,905,47,6,5,7,5,5,2,5,2,4,4,4,4,4,2,4,4,3,4
13,906,47,6,5,7,5,5,2,5,2,4,4,4,4,4,2,4,4,3,4
13,907,47,6,5,7,5,5,2,5,2,4,4,4,4,4,2,4,4,3,4
13,908,47,6,5,7,5,5,2,5,2,4,4,4,4,4,2,4,4,3,4
13,909,47,6,5,7,5,5,2,5,2,4,4,4,4,4,2,4,4,3,4
13,910,47,6,5,7,5,5,2,5,2,4,4,4,4,4,2,4,4,3,4
13,911,47,6,5,7,5,5,2,5,2,4,4,4,4,4,2,4,4,3,4
13,912,47,6,5,7,5,5,2,5,2,4,4,4,4,4,2,4,4,3,4
13,913,47,6,5,7,5,5,2,5,2,4,4,4,4,4,2,4,4,3,4
13,914,47,6,5,7,5,5,2,5,2,4,4,4,4,4,2,4,4,3,4
13,915,47,6,5,7,5,5,2,5,2,4,4,4,4,4,2,4,4,3,4
13,916,47,6,5,7,5,5,2,5,2,4,4,4,4,4,2,4,4,3,4
13,917,47,6,5,7,5,5,2,5,2,4,4,4,4,4,2,4,4,3,4
13,918,47,6,5,7,5,5,2,5,2,4,4,4,4,4,2,4,4,3,4
13,919,47,6,5,7,5,5,2,5,2,4,4,4,4,4,2,4,4,3,4
13,920,47,6,5,7,5,5,2,5,2,4,4,4,4,4,2,4,4,3,4
13,921,47,6,5,7,5,5,2,5,2,4,4,4,4,4,2,4,4,3,4
13,922,47,6,5,7,5,5,2,5,2,4,4,4,4,4,2,4,4,3,4
13,923,47,6,5,7,5,5,2,5,2,4,4,4,4,4,2,4,4,3,4
13,924,47,6,5,7,5,5,2,5,2,4,4,4,4,4,2,4,4,3,4
13,925,47,6,5,7,5,5,2,5,2,4,4,4,4,4,2,4,4,3,4
13,926,47,6,5,7,5,5,2,5,2,4,4,4,4,4,2,4,4,3,4
13,927,47,6,5,7,5,5,2,5,2,4,4,4,4,4,2,4,4,3,4
13,928,47,6,5,7,5,5,2,5,2,4,4,4,4,4,2,4,4,3,4
13,929,40,6,5,7,5,5,5,5,5,1,1,1,1,1,5,1,1,2,1
13,930,47,6,5,7,5,5,2,5,2,4,4,4,4,4,2,4,4,3,4
13,931,47,6,5,7,5,5,2,5,2,4,4,4,4,4,2,4,4,3,4
13,932,47,6,5,7,5,5,2,5,2,4,4,4,4,4,2,4,4,3,4
13,933,47,6,5,7,5,5,2,5,2,4,4,4,4,4,2,4,4,3,4
13,934,47,6,5,7,5,5,2,5,2,4,4,4,4,4,2,4,4,3,4
13,935,47,6,5,7,5,5,2,5,2,4,4,4,4,4,2,4,4,3,4
13,936,47,6,5,7,5,5,2,5,2,4,4,4,4,4,2,4,4,3,4
13,937,40,6,5,7,5,5,5,5,5,1,1,1,1,1,5,1,1,2,1
13,938,40,6,5,7,5,5,5,5,5,1,1,1,1,1,5,1,1,2,1
13,939,47,6,5,7,5,5,2,5,2,4,4,4,4,4,2,4,4,3,4
13,940,47,6,5,7,5,5,2,5,2,4,4,4,4,4,2,4,4,3,4
13,941,47,6,5,7,5,5,2,5,2,4,4,4,4,4,2,4,4,3,4
13,942,47,6,5,7,5,5,2,5,2,4,4,4,4,4,2,4,4,3,4
13,943,47,6,5,7,5,5,2,5,2,4,4,4,4,4,2,4,4,3,4
13,944,47,6,5,7,5,5,2,5,2,4,4,4,4,4,2,4,4,3,4
13,945,47,6,5,7,5,5,2,5,2,4,4,4,4,4,2,4,4,3,4
13,946,47,6,5,7,5,5,2,5,2,4,4,4,4,4,2,4,4,3,4
13,947,47,6,5,7,5,5,2,5,2,4,4,4,4,4,2,4,4,3,4
13,948,47,6,5,7,5,5,2,5,2,4,4,4,4,4,2,4,4,3,4
13,949,47,6,5,7,5,5,2,5,2,4,4,4,4,4,2,4,4,3,4
13,950,47,6,5,7,5,5,2,5,2,4,4,4,4,4,2,4,4,3,4
13,951,47,6,5,7,5,5,2,5,2,4,4,4,4,4,2,4,4,3,4
13,952,47,6,5,7,5,5,2,5,2,4,4,4,4,4,2,4,4,3,4
13,953,47,6,5,7,5,5,2,5,2,4,4,4,4,4,2,4,4,3,4
13,954,47,6,5,7,5,5,2,5,2,4,4,4,4,4,2,4,4,3,4
13,955,47,6,5,7,5,5,2,5,2,4,4,4,4,4,2,4,4,3,4
13,956,47,6,5,7,5,5,2,5,2,4,4,4,4,4,2,4,4,3,4
13,957,47,6,5,7,5,5,2,5,2,4,4,4,4,4,2,4,4,3,4
13,958,47,6,5,7,5,5,2,5,2,4,4,4,4,4,2,4,4,3,4
13,959,47,6,5,7,5,5,2,5,2,4,4,4,4,4,2,4,4,3,4
13,960,47,6,5,7,5,5,2,5,2,4,4,4,4,4,2,4,4,3,4
13,961,47,6,5,7,5,5,2,5,2,4,4,4,4,4,2,4,4,3,4
13,962,48,2,7,3,7,7,7,7,7,3,3,3,3,3,7,3,3,7,3
13,963,48,2,7,3,7,7,7,7,7,3,3,3,3,3,7,3,3,7,3
13,964,48,2,7,3,7,7,7,7,7,3,3,3,3,3,7,3,3,7,3
13,965,48,2,7,3,7,7,7,7,7,3,3,3,3,3,7,3,3,7,3
13,966,48,2,7,3,7,7,7,7,7,3,3,3,3,3,7,3,3,7,3
13,967,48,2,7,3,7,7,7,7,7,3,3,3,3,3,7,3,3,7,3
13,968,48,2,7,3,7,7,7,7,7,3,3,3,3,3,7,3,3,7,3
13,969,48,2,7,3,7,7,7,7,7,3,3,3,3,3,7,3,3,7,3
13,970,48,2,7,3,7,7,7,7,7,3,3,3,3,3,7,3,3,7,3
13,971,48,2,7,3,7,7,7,7,7,3,3,3,3,3,7,3,3,7,3
13,972,48,2,7,3,7,7,7,7,7,3,3,3,3,3,7,3,3,7,3
13,973,48,2,7,3,7,7,7,7,7,3,3,3,3,3,7,3,3,7,3
13,974,48,2,7,3,7,7,7,7,7,3,3,3,3,3,7,3,3,7,3
13,975,48,2,7,3,7,7,7,7,7,3,3,3,3,3,7,3,3,7,3
13,976,48,2,7,3,7,7,7,7,7,3,3,3,3,3,7,3,3,7,3
13,977,48,2,7,3,7,7,7,7,7,3,3,3,3,3,7,3,3,7,3
13,978,48,2,7,3,7,7,7,7,7,3,3,3,3,3,7,3,3,7,3
13,979,48,2,7,3,7,7,7,7,7,3,3,3,3,3,7,3,3,7,3
13,980,48,2,7,3,7,7,7,7,7,3,3,3,3,3,7,3,3,7,3
13,981,48,2,7,3,7,7,7,7,7,3,3,3,3,3,7,3,3,7,3
13,982,49,3,7,2,7,7,3,7,3,3,3,3,3,3,3,3,3,7,3
13,983,49,3,7,2,7,7,3,7,3,3,3,3,3,3,3,3,3,7,3
13,984,49,3,7,2,7,7,3,7,3,3,3,3,3,3,3,3,3,7,3
13,985,49,3,7,2,7,7,3,7,3,3,3,3,3,3,3,3,3,7,3
13,986,49,3,7,2,7,7,3,7,3,3,3,3,3,3,3,3,3,7,3
13,987,49,3,7,2,7,7,3,7,3,3,3,3,3,3,3,3,3,7,3
13,988,49,3,7,2,7,7,3,7,3,3,3,3,3,3,3,3,3,7,3
13,989,49,3,7,2,7,7,3,7,3,3,3,3,3,3,3,3,3,7,3
13,990,49,3,7,2,7,7,3,7,3,3,3,3,3,3,3,3,3,7,3
13,991,49,3,7,2,7,7,3,7,3,3,3,3,3,3,3,3,3,7,3
13,992,49,3,7,2,7,7,3,7,3,3,3,3,3,3,3,3,3,7,3
13,993,49,3,7,2,7,7,3,7,3,3,3,3,3,3,3,3,3,7,3
13,994,50,2,2,2,2,2,7,2,7,6,6,6,6,6,7,6,6,1,6
13,995,50,2,2,2,2,2,7,2,7,6,6,6,6,6,7,6,6,1,6
13,996,50,2,2,2,2,2,7,2,7,6,6,6,6,6,7,6,6,1,6
13,997,50,2,2,2,2,2,7,2,7,6,6,6,6,6,7,6,6,1,6
13,998,50,2,2,2,2,2,7,2,7,6,6,6,6,6,7,6,6,1,6
13,999,50,2,2,2,2,2,7,2,7,6,6,6,6,6,7,6,6,1,6
13,1000,50,2,2,2,2,2,7,2,7,6,6,6,6,6,7,6,6,1,6
13,1001,50,2,2,2,2,2,7,2,7,6,6,6,6,6,7,6,6,1,6
13,1002,50,2,2,2,2,2,7,2,7,6,6,6,6,6,7,6,6,1,6
13,1003,50,2,2,2,2,2,7,2,7,6,6,6,6,6,7,6,6,1,6
13,1004,50,2,2,2,2,2,7,2,7,6,6,6,6,6,7,6,6,1,6
13,1005,50,2,2,2,2,2,7,2,7,6,6,6,6,6,7,6,6,1,6
13,1006,50,2,2,2,2,2,7,2,7,6,6,6,6,6,7,6,6,1,6
13,1007,50,2,2,2,2,2,7,2,7,6,6,6,6,6,7,6,6,1,6
13,1008,51,2,2,2,2,2,3,2,3,6,6,6,6,6,3,6,6,1,6
13,1009,51,2,2,2,2,2,3,2,3,6,6,6,6,6,3,6,6,1,6
13,1010,51,2,2,2,2,2,3,2,3,6,6,6,6,6,3,6,6,1,6
13,1011,51,2,2,2,2,2,3,2,3,6,6,6,6,6,3,6,6,1,6
13,1012,51,2,2,2,2,2,3,2,3,6,6,6,6,6,3,6,6,1,6
13,1013,51,2,2,2,2,2,3,2,3,6,6,6,6,6,3,6,6,1,6
13,1014,51,2,2,2,2,2,3,2,3,6,6,6,6,6,3,6,6,1,6
13,1015,51,2,2,2,2,2,3,2,3,6,6,6,6,6,3,6,6,1,6
13,1016,51,2,2,2,2,2,3,2,3,6,6,6,6,6,3,6,6,1,6
13,1017,51,2,2,2,2,2,3,2,3,6,6,6,6,6,3,6,6,1,6
13,1018,51,2,2,2,2,2,3,2,3,6,6,6,6,6,3,6,6,1,6
13,1019,51,2,2,2,2,2,3,2,3,6,6,6,6,6,3,6,6,1,6
13,1020,51,2,2,2,2,2,3,2,3,6,6,6,6,6,3,6,6,1,6
13,1021,51,2,2,2,2,2,3,2,3,6,6,6,6,6,3,6,6,1,6
13,1022,51,2,2,2,2,2,3,2,3,6,6,6,6,6,3,6,6,1,6
13,1023,51,2,2,2,2,2,3,2,3,6,6,6,6,6,3,6,6,1,6
13,1024,51,2,2,2,2,2,3,2,3,6,6,6,6,6,3,6,6,1,6
13,1025,51,2,2,2,2,2,3,2,3,6,6,6,6,6,3,6,6,1,6
13,1026,52,1,1,1,1,1,1,1,1,7,7,7,7,7,1,7,7,6,7
13,1027,52,1,1,1,1,1,1,1,1,7,7,7,7,7,1,7,7,6,7
13,1028,52,1,1,1,1,1,1,1,1,7,7,7,7,7,1,7,7,6,7
13,1029,52,1,1,1,1,1,1,1,1,7,7,7,7,7,1,7,7,6,7
13,1030,52,1,1,1,1,1,1,1,1,7,7,7,7,7,1,7,7,6,7
13,1031,52,1,1,1,1,1,1,1,1,7,7,7,7,7,1,7,7,6,7
13,1032,52,1,1,1,1,1,1,1,1,7,7,7,7,7,1,7,7,6,7
13,1033,52,1,1,1,1,1,1,1,1,7,7,7,7,7,1,7,7,6,7
13,1034,52,1,1,1,1,1,1,1,1,7,7,7,7,7,1,7,7,6,7
13,1035,52,1,1,1,1,1,1,1,1,7,7,7,7,7,1,7,7,6,7
13,1036,52,1,1,1,1,1,1,1,1,7,7,7,7,7,1,7,7,6,7
13,1037,52,1,1,1,1,1,1,1,1,7,7,7,7,7,1,7,7,6,7
13,1038,52,1,1,1,1,1,1,1,1,7,7,7,7,7,1,7,7,6,7
13,1039,52,1,1,1,1,1,1,1,1,7,7,7,7,7,1,7,7,6,7
13,1040,52,1,1,1,1,1,1,1,1,7,7,7,7,7,1,7,7,6,7
13,1041,52,1,1,1,1,1,1,1,1,7,7,7,7,7,1,7,7,6,7
13,1042,52,1,1,1,1,1,1,1,1,7,7,7,7,7,1,7,7,6,7
13,1043,53,7,6,6,6,6,6,6,6,2,2,2,2,2,6,2,2,4,2
13,1044,53,7,6,6,6,6,6,6,6,2,2,2,2,2,6,2,2,4,2
13,1045,53,7,6,6,6,6,6,6,6,2,2,2,2,2,6,2,2,4,2
13,1046,53,7,6,6,6,6,6,6,6,2,2,2,2,2,6,2,2,4,2
13,1047,53,7,6,6,6,6,6,6,6,2,2,2,2,2,6,2,2,4,2
13,1048,53,7,6,6,6,6,6,6,6,2,2,2,2,2,6,2,2,4,2
13,1049,53,7,6,6,6,6,6,6,6,2,2,2,2,2,6,2,2,4,2
13,1050,53,7,6,6,6,6,6,6,6,2,2,2,2,2,6,2,2,4,2
13,1051,53,7,6,6,6,6,6,6,6,2,2,2,2,2,6,2,2,4,2
13,1052,53,7,6,6,6,6,6,6,6,2,2,2,2,2,6,2,2,4,2
13,1053,53,7,6,6,6,6,6,6,6,2,2,2,2,2,6,2,2,4,2
13,1054,53,7,6,6,6,6,6,6,6,2,2,2,2,2,6,2,2,4,2
13,1055,53,7,6,6,6,6,6,6,6,2,2,2,2,2,6,2,2,4,2
13,1056,53,7,6,6,6,6,6,6,6,2,2,2,2,2,6,2,2,4,2
13,1057,53,7,6,6,6,6,6,6,6,2,2,2,2,2,6,2,2,4,2
13,1058,53,7,6,6,6,6,6,6,6,2,2,2,2,2,6,2,2,4,2
13,1059,53,7,6,6,6,6,6,6,6,2,2,2,2,2,6,2,2,4,2
13,1060,53,7,6,6,6,6,6,6,6,2,2,2,2,2,6,2,2,4,2
13,1061,53,7,6,6,6,6,6,6,6,2,2,2,2,2,6,2,2,4,2
13,1062,53,7,6,6,6,6,6,6,6,2,2,2,2,2,6,2,2,4,2
13,1063,53,7,6,6,6,6,6,6,6,2,2,2,2,2,6,2,2,4,2
13,1064,53,7,6,6,6,6,6,6,6,2,2,2,2,2,6,2,2,4,2
13,1065,53,7,6,6,6,6,6,6,6,2,2,2,2,2,6,2,2,4,2
13,1066,53,7,6,6,6,6,6,6,6,2,2,2,2,2,6,2,2,4,2
13,1067,54,3,7,3,7,7,7,7,7,3,3,3,3,3,7,3,3,7,3
13,1068,54,3,7,3,7,7,7,7,7,3,3,3,3,3,7,3,3,7,3
13,1069,54,3,7,3,7,7,7,7,7,3,3,3,3,3,7,3,3,7,3
13,1070,54,3,7,3,7,7,7,7,7,3,3,3,3,3,7,3,3,7,3
13,1071,54,3,7,3,7,7,7,7,7,3,3,3,3,3,7,3,3,7,3
13,1072,54,3,7,3,7,7,7,7,7,3,3,3,3,3,7,3,3,7,3
13,1073,54,3,7,3,7,7,7,7,7,3,3,3,3,3,7,3,3,7,3
13,1074,54,3,7,3,7,7,7,7,7,3,3,3,3,3,7,3,3,7,3
13,1075,54,3,7,3,7,7,7,7,7,3,3,3,3,3,7,3,3,7,3
13,1076,54,3,7,3,7,7,7,7,7,3,3,3,3,3,7,3,3,7,3
13,1077,54,3,7,3,7,7,7,7,7,3,3,3,3,3,7,3,3,7,3
13,1078,54,3,7,3,7,7,7,7,7,3,3,3,3,3,7,3,3,7,3
13,1079,54,3,7,3,7,7,7,7,7,3,3,3,3,3,7,3,3,7,3
13,1080,54,3,7,3,7,7,7,7,7,3,3,3,3,3,7,3,3,7,3
13,1081,54,3,7,3,7,7,7,7,7,3,3,3,3,3,7,3,3,7,3
13,1082,54,3,7,3,7,7,7,7,7,3,3,3,3,3,7,3,3,7,3
13,1083,54,3,7,3,7,7,7,7,7,3,3,3,3,3,7,3,3,7,3
13,1084,54,3,7,3,7,7,7,7,7,3,3,3,3,3,7,3,3,7,3
13,1085,54,3,7,3,7,7,7,7,7,3,3,3,3,3,7,3,3,7,3
13,1086,54,3,7,3,7,7,7,7,7,3,3,3,3,3,7,3,3,7,3
13,1087,54,3,7,3,7,7,7,7,7,3,3,3,3,3,7,3,3,7,3
13,1088,54,3,7,3,7,7,7,7,7,3,3,3,3,3,7,3,3,7,3
13,1089,54,3,7,3,7,7,7,7,7,3,3,3,3,3,7,3,3,7,3
13,1090,54,3,7,3,7,7,7,7,7,3,3,3,3,3,7,3,3,7,3
13,1091,55,3,7,3,7,7,7,7,7,3,3,3,3,3,7,3,3,7,3
13,1092,55,3,7,3,7,7,7,7,7,3,3,3,3,3,7,3,3,7,3
13,1093,55,3,7,3,7,7,7,7,7,3,3,3,3,3,7,3,3,7,3
13,1094,55,3,7,3,7,7,7,7,7,3,3,3,3,3,7,3,3,7,3
13,1095,55,3,7,3,7,7,7,7,7,3,3,3,3,3,7,3,3,7,3
13,1096,55,3,7,3,7,7,7,7,7,3,3,3,3,3,7,3,3,7,3
13,1097,55,3,7,3,7,7,7,7,7,3,3,3,3,3,7,3,3,7,3
13,1098,55,3,7,3,7,7,7,7,7,3,3,3,3,3,7,3,3,7,3
13,1099,55,3,7,3,7,7,7,7,7,3,3,3,3,3,7,3,3,7,3
13,1100,55,3,7,3,7,7,7,7,7,3,3,3,3,3,7,3,3,7,3
13,1101,55,3,7,3,7,7,7,7,7,3,3,3,3,3,7,3,3,7,3
13,1102,55,3,7,3,7,7,7,7,7,3,3,3,3,3,7,3,3,7,3
13,1103,55,3,7,3,7,7,7,7,7,3,3,3,3,3,7,3,3,7,3
13,1104,55,3,7,3,7,7,7,7,7,3,3,3,3,3,7,3,3,7,3
13,1105,55,3,7,3,7,7,7,7,7,3,3,3,3,3,7,3,3,7,3
13,1106,55,3,7,3,7,7,7,7,7,3,3,3,3,3,7,3,3,7,3
13,1107,55,3,7,3,7,7,7,7,7,3,3,3,3,3,7,3,3,7,3
13,1108,55,3,7,3,7,7,7,7,7,3,3,3,3,3,7,3,3,7,3
13,1109,55,3,7,3,7,7,7,7,7,3,3,3,3,3,7,3,3,7,3
13,1110,56,1,1,4,1,1,1,1,1,7,7,7,7,7,1,7,7,6,7
13,1111,56,1,1,4,1,1,1,1,1,7,7,7,7,7,1,7,7,6,7
13,1112,56,1,1,4,1,1,1,1,1,7,7,7,7,7,1,7,7,6,7
13,1113,56,1,1,4,1,1,1,1,1,7,7,7,7,7,1,7,7,6,7
13,1114,56,1,1,4,1,1,1,1,1,7,7,7,7,7,1,7,7,6,7
13,1115,56,1,1,4,1,1,1,1,1,7,7,7,7,7,1,7,7,6,7
13,1116,56,1,1,4,1,1,1,1,1,7,7,7,7,7,1,7,7,6,7
13,1117,56,1,1,4,1,1,1,1,1,7,7,7,7,7,1,7,7,6,7
13,1118,56,1,1,4,1,1,1,1,1,7,7,7,7,7,1,7,7,6,7
13,1119,56,1,1,4,1,1,1,1,1,7,7,7,7,7,1,7,7,6,7
13,1120,56,1,1,4,1,1,1,1,1,7,7,7,7,7,1,7,7,6,7
13,1121,57,4,4,4,4,4,5,4,5,1,1,1,1,1,5,1,1,2,1
13,1122,57,4,4,4,4,4,5,4,5,1,1,1,1,1,5,1,1,2,1
13,1123,57,4,4,4,4,4,5,4,5,1,1,1,1,1,5,1,1,2,1
13,1124,57,4,4,4,4,4,5,4,5,1,1,1,1,1,5,1,1,2,1
13,1125,57,4,4,4,4,4,5,4,5,1,1,1,1,1,5,1,1,2,1
13,1126,57,4,4,4,4,4,5,4,5,1,1,1,1,1,5,1,1,2,1
13,1127,57,4,4,4,4,4,5,4,5,1,1,1,1,1,5,1,1,2,1
13,1128,57,4,4,4,4,4,5,4,5,1,1,1,1,1,5,1,1,2,1
13,1129,57,4,4,4,4,4,5,4,5,1,1,1,1,1,5,1,1,2,1
13,1130,57,4,4,4,4,4,5,4,5,1,1,1,1,1,5,1,1,2,1
13,1131,57,4,4,4,4,4,5,4,5,1,1,1,1,1,5,1,1,2,1
13,1132,58,3,7,3,7,7,7,7,7,3,3,3,3,3,7,3,3,7,3
13,1133,58,3,7,3,7,7,7,7,7,3,3,3,3,3,7,3,3,7,3
13,1134,58,3,7,3,7,7,7,7,7,3,3,3,3,3,7,3,3,7,3
13,1135,58,3,7,3,7,7,7,7,7,3,3,3,3,3,7,3,3,7,3
13,1136,58,3,7,3,7,7,7,7,7,3,3,3,3,3,7,3,3,7,3
13,1137,58,3,7,3,7,7,7,7,7,3,3,3,3,3,7,3,3,7,3
13,1138,58,3,7,3,7,7,7,7,7,3,3,3,3,3,7,3,3,7,3
13,1139,58,3,7,3,7,7,7,7,7,3,3,3,3,3,7,3,3,7,3
13,1140,58,3,7,3,7,7,7,7,7,3,3,3,3,3,7,3,3,7,3
13,1141,58,3,7,3,7,7,7,7,7,3,3,3,3,3,7,3,3,7,3
13,1142,58,3,7,3,7,7,7,7,7,3,3,3,3,3,7,3,3,7,3
13,1143,58,3,7,3,7,7,7,7,7,3,3,3,3,3,7,3,3,7,3
13,1144,58,3,7,3,7,7,7,7,7,3,3,3,3,3,7,3,3,7,3
13,1145,58,3,7,3,7,7,7,7,7,3,3,3,3,3,7,3,3,7,3
13,1146,58,3,7,3,7,7,7,7,7,3,3,3,3,3,7,3,3,7,3
13,1147,58,3,7,3,7,7,7,7,7,3,3,3,3,3,7,3,3,7,3
13,1148,58,3,7,3,7,7,7,7,7,3,3,3,3,3,7,3,3,7,3
13,1149,58,3,7,3,7,7,7,7,7,3,3,3,3,3,7,3,3,7,3
13,1150,58,3,7,3,7,7,7,7,7,3,3,3,3,3,7,3,3,7,3
13,1151,58,3,7,3,7,7,7,7,7,3,3,3,3,3,7,3,3,7,3
13,1152,59,3,7,3,7,7,4,7,4,3,3,3,3,3,4,3,3,5,3
13,1153,59,3,7,3,7,7,4,7,4,3,3,3,3,3,4,3,3,5,3
13,1154,59,3,7,3,7,7,4,7,4,3,3,3,3,3,4,3,3,5,3
13,1155,59,3,7,3,7,7,4,7,4,3,3,3,3,3,4,3,3,5,3
13,1156,59,3,7,3,7,7,4,7,4,3,3,3,3,3,4,3,3,5,3
13,1157,59,3,7,3,7,7,4,7,4,3,3,3,3,3,4,3,3,5,3
13,1158,59,3,7,3,7,7,4,7,4,3,3,3,3,3,4,3,3,5,3
13,1159,59,3,7,3,7,7,4,7,4,3,3,3,3,3,4,3,3,5,3
13,1160,59,3,7,3,7,7,4,7,4,3,3,3,3,3,4,3,3,5,3
13,1161,59,3,7,3,7,7,4,7,4,3,3,3,3,3,4,3,3,5,3
13,1162,59,3,7,3,7,7,4,7,4,3,3,3,3,3,4,3,3,5,3
13,1163,59,3,7,3,7,7,4,7,4,3,3,3,3,3,4,3,3,5,3
13,1164,59,3,7,3,7,7,4,7,4,3,3,3,3,3,4,3,3,5,3
13,1165,59,3,7,3,7,7,4,7,4,3,3,3,3,3,4,3,3,5,3
13,1166,59,3,7,3,7,7,4,7,4,3,3,3,3,3,4,3,3,5,3
13,1167,59,3,7,3,7,7,4,7,4,3,3,3,3,3,4,3,3,5,3
13,1168,59,3,7,3,7,7,4,7,4,3,3,3,3,3,4,3,3,5,3
13,1169,59,3,7,3,7,7,4,7,4,3,3,3,3,3,4,3,3,5,3
13,1170,59,3,7,3,7,7,4,7,4,3,3,3,3,3,4,3,3,5,3
13,1171,59,3,7,3,7,7,4,7,4,3,3,3,3,3,4,3,3,5,3
13,1172,59,3,7,3,7,7,4,7,4,3,3,3,3,3,4,3,3,5,3
13,1173,59,3,7,3,7,7,4,7,4,3,3,3,3,3,4,3,3,5,3
13,1174,59,3,7,3,7,7,4,7,4,3,3,3,3,3,4,3,3,5,3
13,1175,59,3,7,3,7,7,4,7,4,3,3,3,3,3,4,3,3,5,3
13,1176,59,3,7,3,7,7,4,7,4,3,3,3,3,3,4,3,3,5,3
13,1177,60,1,1,1,1,1,1,1,1,7,7,7,7,7,1,7,7,6,7
13,1178,60,1,1,1,1,1,1,1,1,7,7,7,7,7,1,7,7,6,7
13,1179,60,1,1,1,1,1,1,1,1,7,7,7,7,7,1,7,7,6,7
13,1180,60,1,1,1,1,1,1,1,1,7,7,7,7,7,1,7,7,6,7
13,1181,60,1,1,1,1,1,1,1,1,7,7,7,7,7,1,7,7,6,7
13,1182,60,1,1,1,1,1,1,1,1,7,7,7,7,7,1,7,7,6,7
13,1183,60,1,1,1,1,1,1,1,1,7,7,7,7,7,1,7,7,6,7
13,1184,60,1,1,1,1,1,1,1,1,7,7,7,7,7,1,7,7,6,7
13,1185,60,1,1,1,1,1,1,1,1,7,7,7,7,7,1,7,7,6,7
13,1186,60,1,1,1,1,1,1,1,1,7,7,7,7,7,1,7,7,6,7
13,1187,60,1,1,1,1,1,1,1,1,7,7,7,7,7,1,7,7,6,7
13,1188,60,1,1,1,1,1,1,1,1,7,7,7,7,7,1,7,7,6,7
13,1189,60,1,1,1,1,1,1,1,1,7,7,7,7,7,1,7,7,6,7
13,1190,60,1,1,1,1,1,1,1,1,7,7,7,7,7,1,7,7,6,7
13,1191,61,4,4,4,4,4,5,4,5,1,1,1,1,1,5,1,1,2,1
13,1192,61,4,4,4,4,4,5,4,5,1,1,1,1,1,5,1,1,2,1
13,1193,61,4,4,4,4,4,5,4,5,1,1,1,1,1,5,1,1,2,1
13,1194,61,4,4,4,4,4,5,4,5,1,1,1,1,1,5,1,1,2,1
13,1195,61,4,4,4,4,4,5,4,5,1,1,1,1,1,5,1,1,2,1
13,1196,61,4,4,4,4,4,5,4,5,1,1,1,1,1,5,1,1,2,1
13,1197,61,4,4,4,4,4,5,4,5,1,1,1,1,1,5,1,1,2,1
13,1198,61,4,4,4,4,4,5,4,5,1,1,1,1,1,5,1,1,2,1
13,1199,61,4,4,4,4,4,5,4,5,1,1,1,1,1,5,1,1,2,1
13,1200,61,4,4,4,4,4,5,4,5,1,1,1,1,1,5,1,1,2,1
13,1201,61,4,4,4,4,4,5,4,5,1,1,1,1,1,5,1,1,2,1
13,1202,61,4,4,4,4,4,5,4,5,1,1,1,1,1,5,1,1,2,1
13,1203,61,4,4,4,4,4,5,4,5,1,1,1,1,1,5,1,1,2,1
13,1204,61,4,4,4,4,4,5,4,5,1,1,1,1,1,5,1,1,2,1
13,1205,61,4,4,4,4,4,5,4,5,1,1,1,1,1,5,1,1,2,1
13,1206,61,4,4,4,4,4,5,4,5,1,1,1,1,1,5,1,1,2,1
13,1207,61,4,4,4,4,4,5,4,5,1,1,1,1,1,5,1,1,2,1
13,1208,61,4,4,4,4,4,5,4,5,1,1,1,1,1,5,1,1,2,1
13,1209,61,4,4,4,4,4,5,4,5,1,1,1,1,1,5,1,1,2,1
13,1210,61,4,4,4,4,4,5,4,5,1,1,1,1,1,5,1,1,2,1
13,1211,61,4,4,4,4,4,5,4,5,1,1,1,1,1,5,1,1,2,1
13,1212,61,4,4,4,4,4,5,4,5,1,1,1,1,1,5,1,1,2,1
13,1213,61,4,4,4,4,4,5,4,5,1,1,1,1,1,5,1,1,2,1
13,1214,61,4,4,4,4,4,5,4,5,1,1,1,1,1,5,1,1,2,1
13,1215,61,4,4,4,4,4,5,4,5,1,1,1,1,1,5,1,1,2,1
13,1216,61,4,4,4,4,4,5,4,5,1,1,1,1,1,5,1,1,2,1
13,1217,61,4,4,4,4,4,5,4,5,1,1,1,1,1,5,1,1,2,1
13,1218,61,4,4,4,4,4,5,4,5,1,1,1,1,1,5,1,1,2,1
13,1219,61,4,4,4,4,4,5,4,5,1,1,1,1,1,5,1,1,2,1
13,1220,61,4,4,4,4,4,5,4,5,1,1,1,1,1,5,1,1,2,1
13,1221,61,4,4,4,4,4,5,4,5,1,1,1,1,1,5,1,1,2,1
13,1222,61,4,4,4,4,4,5,4,5,1,1,1,1,1,5,1,1,2,1
13,1223,61,4,4,4,4,4,5,4,5,1,1,1,1,1,5,1,1,2,1
13,1224,61,4,4,4,4,4,5,4,5,1,1,1,1,1,5,1,1,2,1
13,1225,61,4,4,4,4,4,5,4,5,1,1,1,1,1,5,1,1,2,1
13,1226,61,4,4,4,4,4,5,4,5,1,1,1,1,1,5,1,1,2,1
13,1227,61,4,4,4,4,4,5,4,5,1,1,1,1,1,5,1,1,2,1
13,1228,61,4,4,4,4,4,5,4,5,1,1,1,1,1,5,1,1,2,1
13,1229,62,7,6,6,6,6,6,6,6,2,2,2,2,2,6,2,2,4,2
13,1230,62,7,6,6,6,6,6,6,6,2,2,2,2,2,6,2,2,4,2
13,1231,62,7,6,6,6,6,6,6,6,2,2,2,2,2,6,2,2,4,2
13,1232,62,7,6,6,6,6,6,6,6,2,2,2,2,2,6,2,2,4,2
13,1233,62,7,6,6,6,6,6,6,6,2,2,2,2,2,6,2,2,4,2
13,1234,62,7,6,6,6,6,6,6,6,2,2,2,2,2,6,2,2,4,2
13,1235,62,7,6,6,6,6,6,6,6,2,2,2,2,2,6,2,2,4,2
13,1236,62,7,6,6,6,6,6,6,6,2,2,2,2,2,6,2,2,4,2
13,1237,62,7,6,6,6,6,6,6,6,2,2,2,2,2,6,2,2,4,2
13,1238,62,7,6,6,6,6,6,6,6,2,2,2,2,2,6,2,2,4,2
13,1239,62,7,6,6,6,6,6,6,6,2,2,2,2,2,6,2,2,4,2
13,1240,62,7,6,6,6,6,6,6,6,2,2,2,2,2,6,2,2,4,2
13,1241,62,7,6,6,6,6,6,6,6,2,2,2,2,2,6,2,2,4,2
13,1242,62,7,6,6,6,6,6,6,6,2,2,2,2,2,6,2,2,4,2
13,1243,62,7,6,6,6,6,6,6,6,2,2,2,2,2,6,2,2,4,2
13,1244,62,7,6,6,6,6,6,6,6,2,2,2,2,2,6,2,2,4,2
13,1245,62,7,6,6,6,6,6,6,6,2,2,2,2,2,6,2,2,4,2
13,1246,62,7,6,6,6,6,6,6,6,2,2,2,2,2,6,2,2,4,2
13,1247,62,7,6,6,6,6,6,6,6,2,2,2,2,2,6,2,2,4,2
13,1248,62,7,6,6,6,6,6,6,6,2,2,2,2,2,6,2,2,4,2
13,1249,62,7,6,6,6,6,6,6,6,2,2,2,2,2,6,2,2,4,2
13,1250,62,7,6,6,6,6,6,6,6,2,2,2,2,2,6,2,2,4,2
13,1251,62,7,6,6,6,6,6,6,6,2,2,2,2,2,6,2,2,4,2
13,1252,62,7,6,6,6,6,6,6,6,2,2,2,2,2,6,2,2,4,2
13,1253,62,7,6,6,6,6,6,6,6,2,2,2,2,2,6,2,2,4,2
13,1254,62,7,6,6,6,6,6,6,6,2,2,2,2,2,6,2,2,4,2
13,1255,62,7,6,6,6,6,6,6,6,2,2,2,2,2,6,2,2,4,2
13,1256,62,7,6,6,6,6,6,6,6,2,2,2,2,2,6,2,2,4,2
13,1257,62,7,6,6,6,6,6,6,6,2,2,2,2,2,6,2,2,4,2
13,1258,62,7,6,6,6,6,6,6,6,2,2,2,2,2,6,2,2,4,2
13,1259,62,7,6,6,6,6,6,6,6,2,2,2,2,2,6,2,2,4,2
13,1260,62,7,6,6,6,6,6,6,6,2,2,2,2,2,6,2,2,4,2
13,1261,62,7,6,6,6,6,6,6,6,2,2,2,2,2,6,2,2,4,2
13,1262,63,5,3,5,3,3,4,3,4,5,5,5,5,5,4,5,5,5,5
13,1263,63,5,3,5,3,3,4,3,4,5,5,5,5,5,4,5,5,5,5
13,1264,63,5,3,5,3,3,4,3,4,5,5,5,5,5,4,5,5,5,5
13,1265,63,5,3,5,3,3,4,3,4,5,5,5,5,5,4,5,5,5,5
13,1266,63,5,3,5,3,3,4,3,4,5,5,5,5,5,4,5,5,5,5
13,1267,63,5,3,5,3,3,4,3,4,5,5,5,5,5,4,5,5,5,5
13,1268,63,5,3,5,3,3,4,3,4,5,5,5,5,5,4,5,5,5,5
13,1269,63,5,3,5,3,3,4,3,4,5,5,5,5,5,4,5,5,5,5
13,1270,63,5,3,5,3,3,4,3,4,5,5,5,5,5,4,5,5,5,5
13,1271,63,5,3,5,3,3,4,3,4,5,5,5,5,5,4,5,5,5,5
13,1272,63,5,3,5,3,3,4,3,4,5,5,5,5,5,4,5,5,5,5
13,1273,63,5,3,5,3,3,4,3,4,5,5,5,5,5,4,5,5,5,5
13,1274,63,5,3,5,3,3,4,3,4,5,5,5,5,5,4,5,5,5,5
13,1275,63,5,3,5,3,3,4,3,4,5,5,5,5,5,4,5,5,5,5
13,1276,63,5,3,5,3,3,4,3,4,5,5,5,5,5,4,5,5,5,5
13,1277,63,5,3,5,3,3,4,3,4,5,5,5,5,5,4,5,5,5,5
13,1278,63,5,3,5,3,3,4,3,4,5,5,5,5,5,4,5,5,5,5
13,1279,63,5,3,5,3,3,4,3,4,5,5,5,5,5,4,5,5,5,5
13,1280,63,5,3,5,3,3,4,3,4,5,5,5,5,5,4,5,5,5,5
13,1281,63,5,3,5,3,3,4,3,4,5,5,5,5,5,4,5,5,5,5
13,1282,63,5,3,5,3,3,4,3,4,5,5,5,5,5,4,5,5,5,5
13,1283,63,5,3,5,3,3,4,3,4,5,5,5,5,5,4,5,5,5,5
13,1284,63,5,3,5,3,3,4,3,4,5,5,5,5,5,4,5,5,5,5
13,1285,63,5,3,5,3,3,4,3,4,5,5,5,5,5,4,5,5,5,5
13,1286,63,5,3,5,3,3,4,3,4,5,5,5,5,5,4,5,5,5,5
13,1287,63,5,3,5,3,3,4,3,4,5,5,5,5,5,4,5,5,5,5
13,1288,63,5,3,5,3,3,4,3,4,5,5,5,5,5,4,5,5,5,5
13,1289,63,5,3,5,3,3,4,3,4,5,5,5,5,5,4,5,5,5,5
13,1290,63,5,3,5,3,3,4,3,4,5,5,5,5,5,4,5,5,5,5
13,1291,63,5,3,5,3,3,4,3,4,5,5,5,5,5,4,5,5,5,5
13,1292,63,5,3,5,3,3,4,3,4,5,5,5,5,5,4,5,5,5,5
13,1293,63,5,3,5,3,3,4,3,4,5,5,5,5,5,4,5,5,5,5
13,1294,63,5,3,5,3,3,4,3,4,5,5,5,5,5,4,5,5,5,5
13,1295,64,5,3,5,3,3,4,3,4,5,5,5,5,5,4,5,5,5,5
13,1296,64,5,3,5,3,3,4,3,4,5,5,5,5,5,4,5,5,5,5
13,1297,64,5,3,5,3,3,4,3,4,5,5,5,5,5,4,5,5,5,5
13,1298,64,5,3,5,3,3,4,3,4,5,5,5,5,5,4,5,5,5,5
13,1299,64,5,3,5,3,3,4,3,4,5,5,5,5,5,4,5,5,5,5
13,1300,64,5,3,5,3,3,4,3,4,5,5,5,5,5,4,5,5,5,5
13,1301,64,5,3,5,3,3,4,3,4,5,5,5,5,5,4,5,5,5,5
13,1302,64,5,3,5,3,3,4,3,4,5,5,5,5,5,4,5,5,5,5
13,1303,65,2,2,5,2,2,3,2,3,6,6,6,6,6,3,6,6,1,6
13,1304,65,2,2,5,2,2,3,2,3,6,6,6,6,6,3,6,6,1,6
13,1305,65,2,2,5,2,2,3,2,3,6,6,6,6,6,3,6,6,1,6
13,1306,65,2,2,5,2,2,3,2,3,6,6,6,6,6,3,6,6,1,6
13,1307,65,2,2,5,2,2,3,2,3,6,6,6,6,6,3,6,6,1,6
13,1308,65,2,2,5,2,2,3,2,3,6,6,6,6,6,3,6,6,1,6
13,1309,65,2,2,5,2,2,3,2,3,6,6,6,6,6,3,6,6,1,6
13,1310,66,5,2,5,2,2,3,2,3,5,5,5,5,5,3,5,5,5,5
13,1311,66,5,2,5,2,2,3,2,3,5,5,5,5,5,3,5,5,5,5
13,1312,66,5,2,5,2,2,3,2,3,5,5,5,5,5,3,5,5,5,5
13,1313,66,5,2,5,2,2,3,2,3,5,5,5,5,5,3,5,5,5,5
13,1314,66,5,2,5,2,2,3,2,3,5,5,5,5,5,3,5,5,5,5
13,1315,66,5,2,5,2,2,3,2,3,5,5,5,5,5,3,5,5,5,5
13,1316,66,5,2,5,2,2,3,2,3,5,5,5,5,5,3,5,5,5,5
13,1317,66,5,2,5,2,2,3,2,3,5,5,5,5,5,3,5,5,5,5
13,1318,66,5,2,5,2,2,3,2,3,5,5,5,5,5,3,5,5,5,5
13,1319,66,5,2,5,2,2,3,2,3,5,5,5,5,5,3,5,5,5,5
13,1320,66,5,2,5,2,2,3,2,3,5,5,5,5,5,3,5,5,5,5
13,1321,66,5,2,5,2,2,3,2,3,5,5,5,5,5,3,5,5,5,5
13,1322,66,5,2,5,2,2,3,2,3,5,5,5,5,5,3,5,5,5,5
13,1323,66,5,2,5,2,2,3,2,3,5,5,5,5,5,3,5,5,5,5
13,1324,66,5,2,5,2,2,3,2,3,5,5,5,5,5,3,5,5,5,5
13,1325,66,5,2,5,2,2,3,2,3,5,5,5,5,5,3,5,5,5,5
13,1326,66,5,2,5,2,2,3,2,3,5,5,5,5,5,3,5,5,5,5
13,1327,66,5,2,5,2,2,3,2,3,5,5,5,5,5,3,5,5,5,5
13,1328,66,5,2,5,2,2,3,2,3,5,5,5,5,5,3,5,5,5,5
13,1329,66,5,2,5,2,2,3,2,3,5,5,5,5,5,3,5,5,5,5
13,1330,66,5,2,5,2,2,3,2,3,5,5,5,5,5,3,5,5,5,5
13,1331,66,5,2,5,2,2,3,2,3,5,5,5,5,5,3,5,5,5,5
13,1332,66,5,2,5,2,2,3,2,3,5,5,5,5,5,3,5,5,5,5
13,1333,67,7,6,6,6,6,6,6,6,2,2,2,2,2,6,2,2,1,2
13,1334,67,7,6,6,6,6,6,6,6,2,2,2,2,2,6,2,2,1,2
13,1335,67,7,6,6,6,6,6,6,6,2,2,2,2,2,6,2,2,1,2
13,1336,67,7,6,6,6,6,6,6,6,2,2,2,2,2,6,2,2,1,2
13,1337,67,7,6,6,6,6,6,6,6,2,2,2,2,2,6,2,2,1,2
13,1338,67,7,6,6,6,6,6,6,6,2,2,2,2,2,6,2,2,1,2
13,1339,67,7,6,6,6,6,6,6,6,2,2,2,2,2,6,2,2,1,2
13,1340,67,7,6,6,6,6,6,6,6,2,2,2,2,2,6,2,2,1,2
13,1341,67,7,6,6,6,6,6,6,6,2,2,2,2,2,6,2,2,1,2
13,1342,67,7,6,6,6,6,6,6,6,2,2,2,2,2,6,2,2,1,2
13,1343,67,7,6,6,6,6,6,6,6,2,2,2,2,2,6,2,2,1,2
13,1344,67,7,6,6,6,6,6,6,6,2,2,2,2,2,6,2,2,1,2
13,1345,67,7,6,6,6,6,6,6,6,2,2,2,2,2,6,2,2,1,2
13,1346,67,7,6,6,6,6,6,6,6,2,2,2,2,2,6,2,2,1,2
13,1347,67,7,6,6,6,6,6,6,6,2,2,2,2,2,6,2,2,1,2
13,1348,67,7,6,6,6,6,6,6,6,2,2,2,2,2,6,2,2,1,2
13,1350,68,4,4,4,4,4,3,4,3,4,4,4,4,4,3,4,4,3,4
13,1351,68,4,4,4,4,4,3,4,3,4,4,4,4,4,3,4,4,3,4
13,1352,68,4,4,4,4,4,3,4,3,4,4,4,4,4,3,4,4,3,4
13,1353,68,4,4,4,4,4,3,4,3,4,4,4,4,4,3,4,4,3,4
13,1354,68,4,4,4,4,4,3,4,3,4,4,4,4,4,3,4,4,3,4
13,1355,68,4,4,4,4,4,3,4,3,4,4,4,4,4,3,4,4,3,4
13,1356,68,4,4,4,4,4,3,4,3,4,4,4,4,4,3,4,4,3,4
13,1357,68,4,4,4,4,4,3,4,3,4,4,4,4,4,3,4,4,3,4
13,1358,68,4,4,4,4,4,3,4,3,4,4,4,4,4,3,4,4,3,4
13,1359,68,4,4,4,4,4,3,4,3,4,4,4,4,4,3,4,4,3,4
13,1360,68,4,4,4,4,4,3,4,3,4,4,4,4,4,3,4,4,3,4
13,1361,68,4,4,4,4,4,3,4,3,4,4,4,4,4,3,4,4,3,4
13,1362,68,4,4,4,4,4,3,4,3,4,4,4,4,4,3,4,4,3,4
13,1363,68,4,4,4,4,4,3,4,3,4,4,4,4,4,3,4,4,3,4
13,1364,68,4,4,4,4,4,3,4,3,4,4,4,4,4,3,4,4,3,4
13,1365,68,4,4,4,4,4,3,4,3,4,4,4,4,4,3,4,4,3,4
13,1366,68,4,4,4,4,4,3,4,3,4,4,4,4,4,3,4,4,3,4
13,1367,68,4,4,4,4,4,3,4,3,4,4,4,4,4,3,4,4,3,4
13,1368,68,4,4,4,4,4,3,4,3,4,4,4,4,4,3,4,4,3,4
13,1369,69,2,2,5,2,2,3,2,3,6,6,6,6,6,3,6,6,1,6
13,1370,69,2,2,5,2,2,3,2,3,6,6,6,6,6,3,6,6,1,6
13,1371,69,2,2,5,2,2,3,2,3,6,6,6,6,6,3,6,6,1,6
13,1372,69,2,2,5,2,2,3,2,3,6,6,6,6,6,3,6,6,1,6
13,1373,69,2,2,5,2,2,3,2,3,6,6,6,6,6,3,6,6,1,6
13,1374,69,2,2,5,2,2,3,2,3,6,6,6,6,6,3,6,6,1,6
13,1375,69,2,2,5,2,2,3,2,3,6,6,6,6,6,3,6,6,1,6
13,1376,69,2,2,5,2,2,3,2,3,6,6,6,6,6,3,6,6,1,6
13,1377,69,2,2,5,2,2,3,2,3,6,6,6,6,6,3,6,6,1,6
13,1378,70,2,7,2,7,7,7,7,7,6,6,6,6,6,7,6,6,7,6
13,1379,70,2,7,2,7,7,7,7,7,6,6,6,6,6,7,6,6,7,6
13,1380,70,2,7,2,7,7,7,7,7,6,6,6,6,6,7,6,6,7,6
13,1381,70,2,7,2,7,7,7,7,7,6,6,6,6,6,7,6,6,7,6
13,1382,70,2,7,2,7,7,7,7,7,6,6,6,6,6,7,6,6,7,6
13,1383,70,2,7,2,7,7,7,7,7,6,6,6,6,6,7,6,6,7,6
13,1384,70,2,7,2,7,7,7,7,7,6,6,6,6,6,7,6,6,7,6
13,1385,70,2,7,2,7,7,7,7,7,6,6,6,6,6,7,6,6,7,6
13,1386,70,2,7,2,7,7,7,7,7,6,6,6,6,6,7,6,6,7,6
13,1387,70,2,7,2,7,7,7,7,7,6,6,6,6,6,7,6,6,7,6
13,1388,70,2,7,2,7,7,7,7,7,6,6,6,6,6,7,6,6,7,6
13,1389,70,2,7,2,7,7,7,7,7,6,6,6,6,6,7,6,6,7,6
13,1390,70,2,7,2,7,7,7,7,7,6,6,6,6,6,7,6,6,7,6
13,1391,70,2,7,2,7,7,7,7,7,6,6,6,6,6,7,6,6,7,6
13,1392,70,2,7,2,7,7,7,7,7,6,6,6,6,6,7,6,6,7,6
13,1393,70,2,7,2,7,7,7,7,7,6,6,6,6,6,7,6,6,7,6
13,1394,70,2,7,2,7,7,7,7,7,6,6,6,6,6,7,6,6,7,6
13,1395,71,4,4,4,4,4,5,4,5,1,1,1,1,1,5,1,1,2,1
13,1396,71,4,4,4,4,4,5,4,5,1,1,1,1,1,5,1,1,2,1
13,1397,71,4,4,4,4,4,5,4,5,1,1,1,1,1,5,1,1,2,1
13,1398,71,4,4,4,4,4,5,4,5,1,1,1,1,1,5,1,1,2,1
13,1399,71,4,4,4,4,4,5,4,5,1,1,1,1,1,5,1,1,2,1
13,1400,71,4,4,4,4,4,5,4,5,1,1,1,1,1,5,1,1,2,1
13,1401,71,4,4,4,4,4,5,4,5,1,1,1,1,1,5,1,1,2,1
13,1402,71,4,4,4,4,4,5,4,5,1,1,1,1,1,5,1,1,2,1
13,1403,72,7,6,6,6,6,6,6,6,2,2,2,2,2,6,2,2,4,2
13,1404,72,7,6,6,6,6,6,6,6,2,2,2,2,2,6,2,2,4,2
13,1405,72,7,6,6,6,6,6,6,6,2,2,2,2,2,6,2,2,4,2
13,1406,72,7,6,6,6,6,6,6,6,2,2,2,2,2,6,2,2,4,2
13,1407,72,7,6,6,6,6,6,6,6,2,2,2,2,2,6,2,2,4,2
13,1408,72,7,6,6,6,6,6,6,6,2,2,2,2,2,6,2,2,4,2
13,1409,72,7,6,6,6,6,6,6,6,2,2,2,2,2,6,2,2,4,2
13,1410,72,7,6,6,6,6,6,6,6,2,2,2,2,2,6,2,2,4,2
13,1411,72,7,6,6,6,6,6,6,6,2,2,2,2,2,6,2,2,4,2
13,1412,72,7,6,6,6,6,6,6,6,2,2,2,2,2,6,2,2,4,2
13,1413,72,7,6,6,6,6,6,6,6,2,2,2,2,2,6,2,2,4,2
13,1414,72,7,6,6,6,6,6,6,6,2,2,2,2,2,6,2,2,4,2
13,1415,72,7,6,6,6,6,6,6,6,2,2,2,2,2,6,2,2,4,2
13,1416,72,7,6,6,6,6,6,6,6,2,2,2,2,2,6,2,2,4,2
13,1417,72,7,6,6,6,6,6,6,6,2,2,2,2,2,6,2,2,4,2
13,1418,72,7,6,6,6,6,6,6,6,2,2,2,2,2,6,2,2,4,2
13,1419,72,7,6,6,6,6,6,6,6,2,2,2,2,2,6,2,2,4,2
13,1420,72,7,6,6,6,6,6,6,6,2,2,2,2,2,6,2,2,4,2
13,1421,72,7,6,6,6,6,6,6,6,2,2,2,2,2,6,2,2,4,2
13,1422,72,7,6,6,6,6,6,6,6,2,2,2,2,2,6,2,2,4,2
13,1423,72,7,6,6,6,6,6,6,6,2,2,2,2,2,6,2,2,4,2
13,1424,72,7,6,6,6,6,6,6,6,2,2,2,2,2,6,2,2,4,2
13,1425,72,7,6,6,6,6,6,6,6,2,2,2,2,2,6,2,2,4,2
13,1426,72,7,6,6,6,6,6,6,6,2,2,2,2,2,6,2,2,4,2
13,1427,72,7,6,6,6,6,6,6,6,2,2,2,2,2,6,2,2,4,2
13,1428,72,7,6,6,6,6,6,6,6,2,2,2,2,2,6,2,2,4,2
13,1429,73,5,3,5,3,3,3,3,3,5,5,5,5,5,3,5,5,1,5
13,1430,73,5,3,5,3,3,3,3,3,5,5,5,5,5,3,5,5,1,5
13,1431,73,5,3,5,3,3,3,3,3,5,5,5,5,5,3,5,5,1,5
13,1432,73,5,3,5,3,3,3,3,3,5,5,5,5,5,3,5,5,1,5
13,1433,73,5,3,5,3,3,3,3,3,5,5,5,5,5,3,5,5,1,5
13,1434,73,5,3,5,3,3,3,3,3,5,5,5,5,5,3,5,5,1,5
13,1435,73,5,3,5,3,3,3,3,3,5,5,5,5,5,3,5,5,1,5
13,1436,73,5,3,5,3,3,3,3,3,5,5,5,5,5,3,5,5,1,5
13,1437,73,5,3,5,3,3,3,3,3,5,5,5,5,5,3,5,5,1,5
13,1438,73,5,3,5,3,3,3,3,3,5,5,5,5,5,3,5,5,1,5
13,1439,73,5,3,5,3,3,3,3,3,5,5,5,5,5,3,5,5,1,5
13,1440,73,5,3,5,3,3,3,3,3,5,5,5,5,5,3,5,5,1,5
13,1441,74,4,4,4,4,4,3,4,3,4,4,4,4,4,3,4,4,3,4
13,1442,74,4,4,4,4,4,3,4,3,4,4,4,4,4,3,4,4,3,4
13,1443,74,4,4,4,4,4,3,4,3,4,4,4,4,4,3,4,4,3,4
13,1444,74,4,4,4,4,4,3,4,3,4,4,4,4,4,3,4,4,3,4
13,1445,74,4,4,4,4,4,3,4,3,4,4,4,4,4,3,4,4,3,4
13,1446,74,4,4,4,4,4,3,4,3,4,4,4,4,4,3,4,4,3,4
13,1447,74,4,4,4,4,4,3,4,3,4,4,4,4,4,3,4,4,3,4
13,1448,74,4,4,4,4,4,3,4,3,4,4,4,4,4,3,4,4,3,4
13,1449,75,5,3,5,3,3,4,3,4,5,5,5,5,5,4,5,5,5,5
13,1450,75,5,3,5,3,3,4,3,4,5,5,5,5,5,4,5,5,5,5
13,1451,75,5,3,5,3,3,4,3,4,5,5,5,5,5,4,5,5,5,5
13,1452,75,5,3,5,3,3,4,3,4,5,5,5,5,5,4,5,5,5,5
13,1453,75,5,3,5,3,3,4,3,4,5,5,5,5,5,4,5,5,5,5
13,1454,75,5,3,5,3,3,4,3,4,5,5,5,5,5,4,5,5,5,5
13,1455,75,5,3,5,3,3,4,3,4,5,5,5,5,5,4,5,5,5,5
13,1456,75,5,3,5,3,3,4,3,4,5,5,5,5,5,4,5,5,5,5
13,1457,75,5,3,5,3,3,4,3,4,5,5,5,5,5,4,5,5,5,5
13,1458,75,5,3,5,3,3,4,3,4,5,5,5,5,5,4,5,5,5,5
13,1459,75,5,3,5,3,3,4,3,4,5,5,5,5,5,4,5,5,5,5
13,1460,75,5,3,5,3,3,4,3,4,5,5,5,5,5,4,5,5,5,5
13,1461,75,5,3,5,3,3,4,3,4,5,5,5,5,5,4,5,5,5,5
13,1462,75,5,3,5,3,3,4,3,4,5,5,5,5,5,4,5,5,5,5
13,1463,75,5,3,5,3,3,4,3,4,5,5,5,5,5,4,5,5,5,5
13,1464,75,5,3,5,3,3,4,3,4,5,5,5,5,5,4,5,5,5,5
13,1465,75,5,3,5,3,3,4,3,4,5,5,5,5,5,4,5,5,5,5
13,1466,75,5,3,5,3,3,4,3,4,5,5,5,5,5,4,5,5,5,5
13,1467,75,5,3,5,3,3,4,3,4,5,5,5,5,5,4,5,5,5,5
13,1468,75,5,3,5,3,3,4,3,4,5,5,5,5,5,4,5,5,5,5
13,1469,75,5,3,5,3,3,4,3,4,5,5,5,5,5,4,5,5,5,5
13,1470,75,5,3,5,3,3,4,3,4,5,5,5,5,5,4,5,5,5,5
13,1471,75,5,3,5,3,3,4,3,4,5,5,5,5,5,4,5,5,5,5
13,1472,75,5,3,5,3,3,4,3,4,5,5,5,5,5,4,5,5,5,5
13,1473,75,5,3,5,3,3,4,3,4,5,5,5,5,5,4,5,5,5,5
13,1474,75,5,3,5,3,3,4,3,4,5,5,5,5,5,4,5,5,5,5
13,1475,75,5,3,5,3,3,4,3,4,5,5,5,5,5,4,5,5,5,5
13,1476,75,5,3,5,3,3,4,3,4,5,5,5,5,5,4,5,5,5,5
13,1477,75,5,3,5,3,3,4,3,4,5,5,5,5,5,4,5,5,5,5
13,1478,75,5,3,5,3,3,4,3,4,5,5,5,5,5,4,5,5,5,5
13,1479,75,5,3,5,3,3,4,3,4,5,5,5,5,5,4,5,5,5,5
13,1480,75,5,3,5,3,3,4,3,4,5,5,5,5,5,4,5,5,5,5
13,1481,75,5,3,5,3,3,4,3,4,5,5,5,5,5,4,5,5,5,5
13,1482,75,5,3,5,3,3,4,3,4,5,5,5,5,5,4,5,5,5,5
13,1483,75,5,3,5,3,3,4,3,4,5,5,5,5,5,4,5,5,5,5
13,1484,75,5,3,5,3,3,4,3,4,5,5,5,5,5,4,5,5,5,5
13,1485,75,5,3,5,3,3,4,3,4,5,5,5,5,5,4,5,5,5,5
13,1486,75,5,3,5,3,3,4,3,4,5,5,5,5,5,4,5,5,5,5
13,1487,75,5,3,5,3,3,4,3,4,5,5,5,5,5,4,5,5,5,5
13,1488,75,5,3,5,3,3,4,3,4,5,5,5,5,5,4,5,5,5,5
13,1489,75,5,3,5,3,3,4,3,4,5,5,5,5,5,4,5,5,5,5
13,1490,75,5,3,5,3,3,4,3,4,5,5,5,5,5,4,5,5,5,5
13,1491,75,5,3,5,3,3,4,3,4,5,5,5,5,5,4,5,5,5,5
13,1492,75,5,3,5,3,3,4,3,4,5,5,5,5,5,4,5,5,5,5
13,1493,75,5,3,5,3,3,4,3,4,5,5,5,5,5,4,5,5,5,5
13,1494,75,5,3,5,3,3,4,3,4,5,5,5,5,5,4,5,5,5,5
13,1495,75,5,3,5,3,3,4,3,4,5,5,5,5,5,4,5,5,5,5
13,1496,75,5,3,5,3,3,4,3,4,5,5,5,5,5,4,5,5,5,5
13,1497,75,5,3,5,3,3,4,3,4,5,5,5,5,5,4,5,5,5,5
13,1498,75,5,3,5,3,3,4,3,4,5,5,5,5,5,4,5,5,5,5
13,1499,75,5,3,5,3,3,4,3,4,5,5,5,5,5,4,5,5,5,5
13,1500,75,5,3,5,3,3,4,3,4,5,5,5,5,5,4,5,5,5,5
13,1501,75,5,3,5,3,3,4,3,4,5,5,5,5,5,4,5,5,5,5
13,1502,76,1,1,1,1,1,1,1,1,7,7,7,7,7,1,7,7,6,7
13,1503,76,1,1,1,1,1,1,1,1,7,7,7,7,7,1,7,7,6,7
13,1504,76,1,1,1,1,1,1,1,1,7,7,7,7,7,1,7,7,6,7
13,1505,76,1,1,1,1,1,1,1,1,7,7,7,7,7,1,7,7,6,7
13,1506,76,1,1,1,1,1,1,1,1,7,7,7,7,7,1,7,7,6,7
13,1507,76,1,1,1,1,1,1,1,1,7,7,7,7,7,1,7,7,6,7
13,1508,76,1,1,1,1,1,1,1,1,7,7,7,7,7,1,7,7,6,7
13,1509,76,1,1,1,1,1,1,1,1,7,7,7,7,7,1,7,7,6,7
13,1510,76,1,1,1,1,1,1,1,1,7,7,7,7,7,1,7,7,6,7
13,1511,76,1,1,1,1,1,1,1,1,7,7,7,7,7,1,7,7,6,7
13,1512,76,1,1,1,1,1,1,1,1,7,7,7,7,7,1,7,7,6,7
13,1513,76,1,1,1,1,1,1,1,1,7,7,7,7,7,1,7,7,6,7
13,1514,76,1,1,1,1,1,1,1,1,7,7,7,7,7,1,7,7,6,7
13,1515,76,1,1,1,1,1,1,1,1,7,7,7,7,7,1,7,7,6,7
13,1516,76,1,1,1,1,1,1,1,1,7,7,7,7,7,1,7,7,6,7
13,1517,76,1,1,1,1,1,1,1,1,7,7,7,7,7,1,7,7,6,7
13,1518,76,1,1,1,1,1,1,1,1,7,7,7,7,7,1,7,7,6,7
13,1519,76,1,1,1,1,1,1,1,1,7,7,7,7,7,1,7,7,6,7
13,1520,76,1,1,1,1,1,1,1,1,7,7,7,7,7,1,7,7,6,7
13,1521,76,1,1,1,1,1,1,1,1,7,7,7,7,7,1,7,7,6,7
13,1522,76,1,1,1,1,1,1,1,1,7,7,7,7,7,1,7,7,6,7
13,1523,76,1,1,1,1,1,1,1,1,7,7,7,7,7,1,7,7,6,7
13,1524,76,1,1,1,1,1,1,1,1,7,7,7,7,7,1,7,7,6,7
13,1525,76,1,1,1,1,1,1,1,1,7,7,7,7,7,1,7,7,6,7
13,1526,76,1,1,1,1,1,1,1,1,7,7,7,7,7,1,7,7,6,7
13,1527,76,1,1,1,1,1,1,1,1,7,7,7,7,7,1,7,7,6,7
13,1528,76,1,1,1,1,1,1,1,1,7,7,7,7,7,1,7,7,6,7
13,1529,76,1,1,1,1,1,1,1,1,7,7,7,7,7,1,7,7,6,7
13,1530,76,1,1,1,1,1,1,1,1,7,7,7,7,7,1,7,7,6,7
13,1531,76,1,1,1,1,1,1,1,1,7,7,7,7,7,1,7,7,6,7
13,1532,76,1,1,1,1,1,1,1,1,7,7,7,7,7,1,7,7,6,7
13,1533,76,1,1,1,1,1,1,1,1,7,7,7,7,7,1,7,7,6,7
13,1534,76,1,1,1,1,1,1,1,1,7,7,7,7,7,1,7,7,6,7
13,1535,76,1,1,1,1,1,1,1,1,7,7,7,7,7,1,7,7,6,7
13,1536,76,1,1,1,1,1,1,1,1,7,7,7,7,7,1,7,7,6,7
13,1537,76,1,1,1,1,1,1,1,1,7,7,7,7,7,1,7,7,6,7
13,1538,76,1,1,1,1,1,1,1,1,7,7,7,7,7,1,7,7,6,7
13,1539,76,1,1,1,1,1,1,1,1,7,7,7,7,7,1,7,7,6,7
13,1540,76,1,1,1,1,1,1,1,1,7,7,7,7,7,1,7,7,6,7
13,1541,76,1,1,1,1,1,1,1,1,7,7,7,7,7,1,7,7,6,7
13,1542,76,1,1,1,1,1,1,1,1,7,7,7,7,7,1,7,7,6,7
13,1543,76,1,1,1,1,1,1,1,1,7,7,7,7,7,1,7,7,6,7
13,1544,76,1,1,1,1,1,1,1,1,7,7,7,7,7,1,7,7,6,7
13,1545,76,1,1,1,1,1,1,1,1,7,7,7,7,7,1,7,7,6,7
13,1546,76,1,1,1,1,1,1,1,1,7,7,7,7,7,1,7,7,6,7
13,1547,76,1,1,1,1,1,1,1,1,7,7,7,7,7,1,7,7,6,7
13,1548,76,1,1,1,1,1,1,1,1,7,7,7,7,7,1,7,7,6,7
13,1549,76,1,1,1,1,1,1,1,1,7,7,7,7,7,1,7,7,6,7
13,1550,76,1,1,1,1,1,1,1,1,7,7,7,7,7,1,7,7,6,7
13,1551,76,1,1,1,1,1,1,1,1,7,7,7,7,7,1,7,7,6,7
13,1552,76,1,1,1,1,1,1,1,1,7,7,7,7,7,1,7,7,6,7
13,1553,76,1,1,1,1,1,1,1,1,7,7,7,7,7,1,7,7,6,7
13,1554,76,1,1,1,1,1,1,1,1,7,7,7,7,7,1,7,7,6,7
13,1555,76,1,1,1,1,1,1,1,1,7,7,7,7,7,1,7,7,6,7
13,1556,77,4,4,4,4,4,5,4,5,1,1,1,1,1,5,1,1,2,1
13,1557,77,4,4,4,4,4,5,4,5,1,1,1,1,1,5,1,1,2,1
13,1558,77,4,4,4,4,4,5,4,5,1,1,1,1,1,5,1,1,2,1
13,1559,77,4,4,4,4,4,5,4,5,1,1,1,1,1,5,1,1,2,1
13,1560,77,4,4,4,4,4,5,4,5,1,1,1,1,1,5,1,1,2,1
13,1561,77,4,4,4,4,4,5,4,5,1,1,1,1,1,5,1,1,2,1
13,1562,77,4,4,4,4,4,5,4,5,1,1,1,1,1,5,1,1,2,1
13,1563,78,7,6,6,6,6,6,6,6,2,2,2,2,2,6,2,2,4,2
13,1564,78,7,6,6,6,6,6,6,6,2,2,2,2,2,6,2,2,4,2
13,1565,78,7,6,6,6,6,6,6,6,2,2,2,2,2,6,2,2,4,2
13,1566,78,7,6,6,6,6,6,6,6,2,2,2,2,2,6,2,2,4,2
13,1567,78,7,6,6,6,6,6,6,6,2,2,2,2,2,6,2,2,4,2
13,1568,78,7,6,6,6,6,6,6,6,2,2,2,2,2,6,2,2,4,2
13,1569,78,7,6,6,6,6,6,6,6,2,2,2,2,2,6,2,2,4,2
13,1570,78,7,6,6,6,6,6,6,6,2,2,2,2,2,6,2,2,4,2
13,1571,78,7,6,6,6,6,6,6,6,2,2,2,2,2,6,2,2,4,2
13,1572,78,7,6,6,6,6,6,6,6,2,2,2,2,2,6,2,2,4,2
13,1573,78,7,6,6,6,6,6,6,6,2,2,2,2,2,6,2,2,4,2
13,1574,78,7,6,6,6,6,6,6,6,2,2,2,2,2,6,2,2,4,2
13,1575,78,7,6,6,6,6,6,6,6,2,2,2,2,2,6,2,2,4,2
13,1576,79,2,6,2,6,6,6,6,6,2,2,2,2,2,6,2,2,1,2
13,1577,79,2,6,2,6,6,6,6,6,2,2,2,2,2,6,2,2,1,2
13,1578,79,2,6,2,6,6,6,6,6,2,2,2,2,2,6,2,2,1,2
13,1579,79,2,6,2,6,6,6,6,6,2,2,2,2,2,6,2,2,1,2
13,1580,79,2,6,2,6,6,6,6,6,2,2,2,2,2,6,2,2,1,2
13,1581,79,2,6,2,6,6,6,6,6,2,2,2,2,2,6,2,2,1,2
13,1582,79,2,6,2,6,6,6,6,6,2,2,2,2,2,6,2,2,1,2
13,1583,79,2,6,2,6,6,6,6,6,2,2,2,2,2,6,2,2,1,2
13,1584,79,2,6,2,6,6,6,6,6,2,2,2,2,2,6,2,2,1,2
13,1585,80,7,6,6,6,6,6,6,6,2,2,2,2,2,6,2,2,4,2
13,1586,80,7,6,6,6,6,6,6,6,2,2,2,2,2,6,2,2,4,2
13,1587,80,7,6,6,6,6,6,6,6,2,2,2,2,2,6,2,2,4,2
13,1588,80,7,6,6,6,6,6,6,6,2,2,2,2,2,6,2,2,4,2
13,1589,80,7,6,6,6,6,6,6,6,2,2,2,2,2,6,2,2,4,2
13,1590,80,7,6,6,6,6,6,6,6,2,2,2,2,2,6,2,2,4,2
13,1591,80,7,6,6,6,6,6,6,6,2,2,2,2,2,6,2,2,4,2
13,1592,80,7,6,6,6,6,6,6,6,2,2,2,2,2,6,2,2,4,2
13,1593,80,7,6,6,6,6,6,6,6,2,2,2,2,2,6,2,2,4,2
13,1594,80,7,6,6,6,6,6,6,6,2,2,2,2,2,6,2,2,4,2
13,1595,80,7,6,6,6,6,6,6,6,2,2,2,2,2,6,2,2,4,2
13,1596,80,7,6,6,6,6,6,6,6,2,2,2,2,2,6,2,2,4,2
13,1597,80,7,6,6,6,6,6,6,6,2,2,2,2,2,6,2,2,4,2
13,1598,80,7,6,6,6,6,6,6,6,2,2,2,2,2,6,2,2,4,2
13,1599,80,7,6,6,6,6,6,6,6,2,2,2,2,2,6,2,2,4,2
13,1600,81,2,2,2,2,2,7,2,7,6,6,6,6,6,7,6,6,1,6
13,1601,81,2,2,2,2,2,7,2,7,6,6,6,6,6,7,6,6,1,6
13,1602,81,2,2,2,2,2,7,2,7,6,6,6,6,6,7,6,6,1,6
13,1603,81,2,2,2,2,2,7,2,7,6,6,6,6,6,7,6,6,1,6
13,1604,81,2,2,2,2,2,7,2,7,6,6,6,6,6,7,6,6,1,6
13,1605,81,2,2,2,2,2,7,2,7,6,6,6,6,6,7,6,6,1,6
13,1606,81,2,2,2,2,2,7,2,7,6,6,6,6,6,7,6,6,1,6
13,1607,81,2,2,2,2,2,7,2,7,6,6,6,6,6,7,6,6,1,6
13,1608,81,2,2,2,2,2,7,2,7,6,6,6,6,6,7,6,6,1,6
13,1609,81,2,2,2,2,2,7,2,7,6,6,6,6,6,7,6,6,1,6
13,1610,81,2,2,2,2,2,7,2,7,6,6,6,6,6,7,6,6,1,6
13,1611,81,2,2,2,2,2,7,2,7,6,6,6,6,6,7,6,6,1,6
13,1612,81,2,2,2,2,2,7,2,7,6,6,6,6,6,7,6,6,1,6
13,1613,81,2,2,2,2,2,7,2,7,6,6,6,6,6,7,6,6,1,6
13,1614,81,2,2,2,2,2,7,2,7,6,6,6,6,6,7,6,6,1,6
13,1615,81,2,2,2,2,2,7,2,7,6,6,6,6,6,7,6,6,1,6
13,1616,81,2,2,2,2,2,7,2,7,6,6,6,6,6,7,6,6,1,6
13,1617,81,2,2,2,2,2,7,2,7,6,6,6,6,6,7,6,6,1,6
13,1618,81,2,2,2,2,2,7,2,7,6,6,6,6,6,7,6,6,1,6
13,1619,82,4,4,4,4,4,3,4,3,4,4,4,4,4,3,4,4,3,4
13,1620,82,4,4,4,4,4,3,4,3,4,4,4,4,4,3,4,4,3,4
13,1621,82,4,4,4,4,4,3,4,3,4,4,4,4,4,3,4,4,3,4
13,1622,82,4,4,4,4,4,3,4,3,4,4,4,4,4,3,4,4,3,4
13,1623,82,4,4,4,4,4,3,4,3,4,4,4,4,4,3,4,4,3,4
13,1624,82,4,4,4,4,4,3,4,3,4,4,4,4,4,3,4,4,3,4
13,1625,82,4,4,4,4,4,3,4,3,4,4,4,4,4,3,4,4,3,4
13,1626,82,4,4,4,4,4,3,4,3,4,4,4,4,4,3,4,4,3,4
13,1627,83,4,4,4,4,4,5,4,5,1,1,1,1,1,5,1,1,2,1
13,1628,83,4,4,4,4,4,5,4,5,1,1,1,1,1,5,1,1,2,1
13,1629,83,4,4,4,4,4,5,4,5,1,1,1,1,1,5,1,1,2,1
13,1630,83,4,4,4,4,4,5,4,5,1,1,1,1,1,5,1,1,2,1
13,1631,83,4,4,4,4,4,5,4,5,1,1,1,1,1,5,1,1,2,1
13,1632,83,4,4,4,4,4,5,4,5,1,1,1,1,1,5,1,1,2,1
13,1633,83,4,4,4,4,4,5,4,5,1,1,1,1,1,5,1,1,2,1
13,1634,83,4,4,4,4,4,5,4,5,1,1,1,1,1,5,1,1,2,1
13,1635,83,4,4,4,4,4,5,4,5,1,1,1,1,1,5,1,1,2,1
13,1636,83,4,4,4,4,4,5,4,5,1,1,1,1,1,5,1,1,2,1
13,1637,83,4,4,4,4,4,5,4,5,1,1,1,1,1,5,1,1,2,1
13,1638,83,4,4,4,4,4,5,4,5,1,1,1,1,1,5,1,1,2,1
13,1639,83,4,4,4,4,4,5,4,5,1,1,1,1,1,5,1,1,2,1
13,1640,83,4,4,4,4,4,5,4,5,1,1,1,1,1,5,1,1,2,1
13,1641,83,4,4,4,4,4,5,4,5,1,1,1,1,1,5,1,1,2,1
13,1642,83,4,4,4,4,4,5,4,5,1,1,1,1,1,5,1,1,2,1
13,1643,83,4,4,4,4,4,5,4,5,1,1,1,1,1,5,1,1,2,1
13,1644,84,3,7,3,7,7,7,7,7,3,3,3,3,3,7,3,3,7,3
13,1645,84,3,7,3,7,7,7,7,7,3,3,3,3,3,7,3,3,7,3
13,1646,84,3,7,3,7,7,7,7,7,3,3,3,3,3,7,3,3,7,3
13,1647,84,3,7,3,7,7,7,7,7,3,3,3,3,3,7,3,3,7,3
13,1648,84,3,7,3,7,7,7,7,7,3,3,3,3,3,7,3,3,7,3
13,1649,84,3,7,3,7,7,7,7,7,3,3,3,3,3,7,3,3,7,3
13,1650,84,3,7,3,7,7,7,7,7,3,3,3,3,3,7,3,3,7,3
13,1651,84,3,7,3,7,7,7,7,7,3,3,3,3,3,7,3,3,7,3
13,1652,84,3,7,3,7,7,7,7,7,3,3,3,3,3,7,3,3,7,3
13,1653,84,3,7,3,7,7,7,7,7,3,3,3,3,3,7,3,3,7,3
13,1654,84,3,7,3,7,7,7,7,7,3,3,3,3,3,7,3,3,7,3
13,1655,84,3,7,3,7,7,7,7,7,3,3,3,3,3,7,3,3,7,3
13,1656,84,3,7,3,7,7,7,7,7,3,3,3,3,3,7,3,3,7,3
13,1657,84,3,7,3,7,7,7,7,7,3,3,3,3,3,7,3,3,7,3
13,1659,84,3,7,3,7,7,7,7,7,3,3,3,3,3,7,3,3,7,3
13,1660,84,3,7,3,7,7,7,7,7,3,3,3,3,3,7,3,3,7,3
13,1661,84,3,7,3,7,7,7,7,7,3,3,3,3,3,7,3,3,7,3
13,1662,84,3,7,3,7,7,7,7,7,3,3,3,3,3,7,3,3,7,3
13,1663,84,3,7,3,7,7,7,7,7,3,3,3,3,3,7,3,3,7,3
13,1664,84,3,7,3,7,7,7,7,7,3,3,3,3,3,7,3,3,7,3
13,1665,84,3,7,3,7,7,7,7,7,3,3,3,3,3,7,3,3,7,3
13,1667,84,3,7,3,7,7,7,7,7,3,3,3,3,3,7,3,3,7,3
13,1668,84,3,7,3,7,7,7,7,7,3,3,3,3,3,7,3,3,7,3
13,1669,84,3,7,3,7,7,7,7,7,3,3,3,3,3,7,3,3,7,3
13,1670,84,3,7,3,7,7,7,7,7,3,3,3,3,3,7,3,3,7,3
13,1671,84,3,7,3,7,7,7,7,7,3,3,3,3,3,7,3,3,7,3
13,1672,84,3,7,3,7,7,7,7,7,3,3,3,3,3,7,3,3,7,3
13,1673,84,3,7,3,7,7,7,7,7,3,3,3,3,3,7,3,3,7,3
13,1674,84,3,7,3,7,7,7,7,7,3,3,3,3,3,7,3,3,7,3
13,1675,84,3,7,3,7,7,7,7,7,3,3,3,3,3,7,3,3,7,3
13,1676,84,3,7,3,7,7,7,7,7,3,3,3,3,3,7,3,3,7,3
13,1677,84,3,7,3,7,7,7,7,7,3,3,3,3,3,7,3,3,7,3
13,1678,84,3,7,3,7,7,7,7,7,3,3,3,3,3,7,3,3,7,3
13,1679,84,3,7,3,7,7,7,7,7,3,3,3,3,3,7,3,3,7,3
13,1680,84,3,7,3,7,7,7,7,7,3,3,3,3,3,7,3,3,7,3
13,1681,84,3,7,3,7,7,7,7,7,3,3,3,3,3,7,3,3,7,3
13,1682,84,3,7,3,7,7,7,7,7,3,3,3,3,3,7,3,3,7,3
13,1683,84,3,7,3,7,7,7,7,7,3,3,3,3,3,7,3,3,7,3
13,1684,84,3,7,3,7,7,7,7,7,3,3,3,3,3,7,3,3,7,3
13,1685,84,3,7,3,7,7,7,7,7,3,3,3,3,3,7,3,3,7,3
13,1686,84,3,7,3,7,7,7,7,7,3,3,3,3,3,7,3,3,7,3
13,1687,84,3,7,3,7,7,7,7,7,3,3,3,3,3,7,3,3,7,3
13,1688,84,3,7,3,7,7,7,7,7,3,3,3,3,3,7,3,3,7,3
13,1689,84,3,7,3,7,7,7,7,7,3,3,3,3,3,7,3,3,7,3
13,1690,84,3,7,3,7,7,7,7,7,3,3,3,3,3,7,3,3,7,3
13,1691,84,3,7,3,7,7,7,7,7,3,3,3,3,3,7,3,3,7,3
13,1692,84,3,7,3,7,7,7,7,7,3,3,3,3,3,7,3,3,7,3
13,1693,84,3,7,3,7,7,7,7,7,3,3,3,3,3,7,3,3,7,3
13,1694,84,3,7,3,7,7,7,7,7,3,3,3,3,3,7,3,3,7,3
13,1695,84,3,7,3,7,7,7,7,7,3,3,3,3,3,7,3,3,7,3
13,1696,84,3,7,3,7,7,7,7,7,3,3,3,3,3,7,3,3,7,3
13,1697,84,3,7,3,7,7,7,7,7,3,3,3,3,3,7,3,3,7,3
13,1698,84,3,7,3,7,7,7,7,7,3,3,3,3,3,7,3,3,7,3
13,1699,84,3,7,3,7,7,7,7,7,3,3,3,3,3,7,3,3,7,3
13,1700,84,3,7,3,7,7,7,7,7,3,3,3,3,3,7,3,3,7,3
13,1701,84,3,7,3,7,7,7,7,7,3,3,3,3,3,7,3,3,7,3
13,1702,84,3,7,3,7,7,7,7,7,3,3,3,3,3,7,3,3,7,3
13,1703,84,3,7,3,7,7,7,7,7,3,3,3,3,3,7,3,3,7,3
13,1704,84,3,7,3,7,7,7,7,7,3,3,3,3,3,7,3,3,7,3
13,1705,84,3,7,3,7,7,7,7,7,3,3,3,3,3,7,3,3,7,3
13,1706,84,3,7,3,7,7,7,7,7,3,3,3,3,3,7,3,3,7,3
13,1707,84,3,7,3,7,7,7,7,7,3,3,3,3,3,7,3,3,7,3
13,1708,40,6,5,7,5,5,5,5,5,1,1,1,1,1,5,1,1,2,1
13,1709,40,6,5,7,5,5,5,5,5,1,1,1,1,1,5,1,1,2,1
13,1710,40,6,5,7,5,5,5,5,5,1,1,1,1,1,5,1,1,2,1
13,1711,40,6,5,7,5,5,5,5,5,1,1,1,1,1,5,1,1,2,1
13,1712,40,6,5,7,5,5,5,5,5,1,1,1,1,1,5,1,1,2,1
13,1713,40,6,5,7,5,5,5,5,5,1,1,1,1,1,5,1,1,2,1
13,1714,40,6,5,7,5,5,5,5,5,1,1,1,1,1,5,1,1,2,1
13,1715,40,6,5,7,5,5,5,5,5,1,1,1,1,1,5,1,1,2,1
13,1716,40,6,5,7,5,5,5,5,5,1,1,1,1,1,5,1,1,2,1
13,1717,40,6,5,7,5,5,5,5,5,1,1,1,1,1,5,1,1,2,1
13,1718,47,6,5,7,5,5,2,5,2,4,4,4,4,4,2,4,4,3,4
13,1719,40,6,5,7,5,5,5,5,5,1,1,1,1,1,5,1,1,2,1
13,1720,40,6,5,7,5,5,5,5,5,1,1,1,1,1,5,1,1,2,1
13,1721,40,6,5,7,5,5,5,5,5,1,1,1,1,1,5,1,1,2,1
13,1722,40,6,5,7,5,5,5,5,5,1,1,1,1,1,5,1,1,2,1
13,1723,40,6,5,7,5,5,5,5,5,1,1,1,1,1,5,1,1,2,1
13,1724,40,6,5,7,5,5,5,5,5,1,1,1,1,1,5,1,1,2,1
13,1725,40,6,5,7,5,5,5,5,5,1,1,1,1,1,5,1,1,2,1
13,1726,40,6,5,7,5,5,5,5,5,1,1,1,1,1,5,1,1,2,1
13,1727,40,6,5,7,5,5,5,5,5,1,1,1,1,1,5,1,1,2,1
13,1728,40,6,5,7,5,5,5,5,5,1,1,1,1,1,5,1,1,2,1
13,1729,40,6,5,7,5,5,5,5,5,1,1,1,1,1,5,1,1,2,1
13,1730,40,6,5,7,5,5,5,5,5,1,1,1,1,1,5,1,1,2,1
13,1731,40,6,5,7,5,5,5,5,5,1,1,1,1,1,5,1,1,2,1
13,1732,40,6,5,7,5,5,5,5,5,1,1,1,1,1,5,1,1,2,1
13,1733,40,6,5,7,5,5,5,5,5,1,1,1,1,1,5,1,1,2,1
13,1734,40,6,5,7,5,5,5,5,5,1,1,1,1,1,5,1,1,2,1
13,1735,40,6,5,7,5,5,5,5,5,1,1,1,1,1,5,1,1,2,1
13,1736,40,6,5,7,5,5,5,5,5,1,1,1,1,1,5,1,1,2,1
13,1737,40,6,5,7,5,5,5,5,5,1,1,1,1,1,5,1,1,2,1
13,1738,40,6,5,7,5,5,5,5,5,1,1,1,1,1,5,1,1,2,1
13,1739,40,6,5,7,5,5,5,5,5,1,1,1,1,1,5,1,1,2,1
13,1740,40,6,5,7,5,5,5,5,5,1,1,1,1,1,5,1,1,2,1
13,1741,40,6,5,7,5,5,5,5,5,1,1,1,1,1,5,1,1,2,1
13,1742,40,6,5,7,5,5,5,5,5,1,1,1,1,1,5,1,1,2,1
13,1743,40,6,5,7,5,5,5,5,5,1,1,1,1,1,5,1,1,2,1
13,1744,40,6,5,7,5,5,5,5,5,1,1,1,1,1,5,1,1,2,1
13,1745,40,6,5,7,5,5,5,5,5,1,1,1,1,1,5,1,1,2,1
13,1746,40,6,5,7,5,5,5,5,5,1,1,1,1,1,5,1,1,2,1
13,1747,40,6,5,7,5,5,5,5,5,1,1,1,1,1,5,1,1,2,1
13,1748,40,6,5,7,5,5,5,5,5,1,1,1,1,1,5,1,1,2,1
13,1749,40,6,5,7,5,5,5,5,5,1,1,1,1,1,5,1,1,2,1
13,1750,40,6,5,7,5,5,5,5,5,1,1,1,1,1,5,1,1,2,1
13,1751,40,6,5,7,5,5,5,5,5,1,1,1,1,1,5,1,1,2,1
13,1752,40,6,5,7,5,5,5,5,5,1,1,1,1,1,5,1,1,2,1
13,1753,40,6,5,7,5,5,5,5,5,1,1,1,1,1,5,1,1,2,1
13,1754,40,6,5,7,5,5,5,5,5,1,1,1,1,1,5,1,1,2,1
13,1755,40,6,5,7,5,5,5,5,5,1,1,1,1,1,5,1,1,2,1
13,1756,40,6,5,7,5,5,5,5,5,1,1,1,1,1,5,1,1,2,1
13,1757,40,6,5,7,5,5,5,5,5,1,1,1,1,1,5,1,1,2,1
13,1758,40,6,5,7,5,5,5,5,5,1,1,1,1,1,5,1,1,2,1
13,1759,40,6,5,7,5,5,5,5,5,1,1,1,1,1,5,1,1,2,1
13,1760,40,6,5,7,5,5,5,5,5,1,1,1,1,1,5,1,1,2,1
13,1761,40,6,5,7,5,5,5,5,5,1,1,1,1,1,5,1,1,2,1
13,1762,40,6,5,7,5,5,5,5,5,1,1,1,1,1,5,1,1,2,1
13,1763,40,6,5,7,5,5,5,5,5,1,1,1,1,1,5,1,1,2,1
13,1764,40,6,5,7,5,5,5,5,5,1,1,1,1,1,5,1,1,2,1
13,1765,40,6,5,7,5,5,5,5,5,1,1,1,1,1,5,1,1,2,1
13,1766,40,6,5,7,5,5,5,5,5,1,1,1,1,1,5,1,1,2,1
13,1767,68,4,4,4,4,4,3,4,3,4,4,4,4,4,3,4,4,3,4
13,1768,68,4,4,4,4,4,3,4,3,4,4,4,4,4,3,4,4,3,4
13,1769,68,4,4,4,4,4,3,4,3,4,4,4,4,4,3,4,4,3,4
13,1770,68,4,4,4,4,4,3,4,3,4,4,4,4,4,3,4,4,3,4
13,1771,68,4,4,4,4,4,3,4,3,4,4,4,4,4,3,4,4,3,4
13,1772,68,4,4,4,4,4,3,4,3,4,4,4,4,4,3,4,4,3,4
13,1773,68,4,4,4,4,4,3,4,3,4,4,4,4,4,3,4,4,3,4
13,1774,68,4,4,4,4,4,3,4,3,4,4,4,4,4,3,4,4,3,4
13,1775,68,4,4,4,4,4,3,4,3,4,4,4,4,4,3,4,4,3,4
13,1776,68,4,4,4,4,4,3,4,3,4,4,4,4,4,3,4,4,3,4
13,1777,68,4,4,4,4,4,3,4,3,4,4,4,4,4,3,4,4,3,4
13,1778,68,4,4,4,4,4,3,4,3,4,4,4,4,4,3,4,4,3,4
13,1779,68,4,4,4,4,4,3,4,3,4,4,4,4,4,3,4,4,3,4
13,1780,68,4,4,4,4,4,3,4,3,4,4,4,4,4,3,4,4,3,4
13,1781,68,4,4,4,4,4,3,4,3,4,4,4,4,4,3,4,4,3,4
13,1782,68,4,4,4,4,4,3,4,3,4,4,4,4,4,3,4,4,3,4
13,1783,68,4,4,4,4,4,3,4,3,4,4,4,4,4,3,4,4,3,4
13,1784,68,4,4,4,4,4,3,4,3,4,4,4,4,4,3,4,4,3,4
13,1785,68,4,4,4,4,4,3,4,3,4,4,4,4,4,3,4,4,3,4
13,1786,68,4,4,4,4,4,3,4,3,4,4,4,4,4,3,4,4,3,4
13,1787,68,4,4,4,4,4,3,4,3,4,4,4,4,4,3,4,4,3,4
