edon,seccion,munn,escenario1,pt_clv1,escenario2,mc_clv2,morena_clv2,panal_clv2,pan_clv2,pes_clv2,prd_cnv2,pri_clv2,pt_clv2,pvem_clv2,escenario3
20,1,1,1,8,1,7,7,7,7,7,6,7,7,7,6
20,2,2,2,4,2,4,4,4,4,4,3,4,4,4,4
20,3,2,2,4,2,4,4,4,4,4,3,4,4,4,4
20,4,2,2,4,2,4,4,4,4,4,3,4,4,4,4
20,5,2,2,4,2,4,4,4,4,4,3,4,4,4,4
20,6,2,2,4,2,4,4,4,4,4,3,4,4,4,4
20,7,2,2,4,2,4,4,4,4,4,3,4,4,4,4
20,8,2,2,4,2,4,4,4,4,4,3,4,4,4,4
20,9,2,2,4,2,4,4,4,4,4,3,4,4,4,4
20,10,2,2,4,2,4,4,4,4,4,3,4,4,4,4
20,11,2,2,4,2,4,4,4,4,4,3,4,4,4,4
20,12,2,2,4,2,4,4,4,4,4,3,4,4,4,4
20,13,2,2,4,2,4,4,4,4,4,3,4,4,4,4
20,14,2,2,4,2,4,4,4,4,4,3,4,4,4,4
20,15,2,2,4,2,4,4,4,4,4,3,4,4,4,4
20,16,2,2,4,2,4,4,4,4,4,3,4,4,4,4
20,17,2,2,4,2,4,4,4,4,4,3,4,4,4,4
20,18,2,2,4,2,4,4,4,4,4,3,4,4,4,4
20,19,2,2,4,2,4,4,4,4,4,3,4,4,4,4
20,20,2,2,4,2,4,4,4,4,4,3,4,4,4,4
20,21,2,2,4,2,4,4,4,4,4,3,4,4,4,4
20,22,2,2,4,2,4,4,4,4,4,3,4,4,4,4
20,23,2,2,4,2,4,4,4,4,4,3,4,4,4,4
20,24,2,2,4,2,4,4,4,4,4,3,4,4,4,4
20,25,2,2,4,2,4,4,4,4,4,3,4,4,4,4
20,26,2,2,4,2,4,4,4,4,4,3,4,4,4,4
20,27,2,2,4,2,4,4,4,4,4,3,4,4,4,4
20,28,2,2,4,2,4,4,4,4,4,3,4,4,4,4
20,29,2,2,4,2,4,4,4,4,4,3,4,4,4,4
20,30,2,2,4,2,4,4,4,4,4,3,4,4,4,4
20,31,2,2,4,2,4,4,4,4,4,3,4,4,4,4
20,32,2,2,4,2,4,4,4,4,4,3,4,4,4,4
20,33,2,2,4,2,4,4,4,4,4,3,4,4,4,4
20,34,2,2,4,2,4,4,4,4,4,3,4,4,4,4
20,35,3,3,5,3,7,7,7,7,7,10,7,7,7,6
20,36,3,3,5,3,7,7,7,7,7,10,7,7,7,6
20,37,386,3,10,3,1,1,1,1,1,4,1,1,1,1
20,38,386,3,10,3,1,1,1,1,1,4,1,1,1,1
20,39,4,4,6,4,7,7,7,7,7,5,7,7,7,6
20,40,4,4,6,4,7,7,7,7,7,5,7,7,7,6
20,41,4,4,6,4,7,7,7,7,7,5,7,7,7,6
20,42,5,2,1,2,1,1,1,1,1,1,1,1,1,1
20,43,6,5,3,5,3,3,3,3,3,8,3,3,3,7
20,44,6,5,3,5,3,3,3,3,3,8,3,3,3,7
20,45,6,5,3,5,3,3,3,3,3,8,3,3,3,7
20,46,6,5,3,5,3,3,3,3,3,8,3,3,3,7
20,47,6,5,3,5,3,3,3,3,3,8,3,3,3,7
20,48,6,5,3,5,3,3,3,3,3,8,3,3,3,7
20,49,6,5,3,5,3,3,3,3,3,8,3,3,3,7
20,50,6,5,3,5,3,3,3,3,3,8,3,3,3,7
20,51,6,5,3,5,3,3,3,3,3,8,3,3,3,7
20,52,6,5,3,5,3,3,3,3,3,8,3,3,3,7
20,53,6,5,3,5,3,3,3,3,3,8,3,3,3,7
20,54,6,5,3,5,3,3,3,3,3,8,3,3,3,7
20,55,6,5,3,5,3,3,3,3,3,8,3,3,3,7
20,56,6,5,3,5,3,3,3,3,3,8,3,3,3,7
20,57,7,1,1,1,10,10,10,10,10,1,10,10,10,10
20,58,7,1,1,1,10,10,10,10,10,1,10,10,10,10
20,59,7,1,1,1,10,10,10,10,10,1,10,10,10,10
20,60,7,1,1,1,10,10,10,10,10,1,10,10,10,10
20,61,7,1,1,1,10,10,10,10,10,1,10,10,10,10
20,62,7,1,1,1,10,10,10,10,10,1,10,10,10,10
20,63,7,1,1,1,10,10,10,10,10,1,10,10,10,10
20,64,900,6,1,6,1,1,1,1,1,1,1,1,1,1
20,65,8,3,10,3,7,7,7,7,7,10,7,7,7,6
20,66,8,3,10,3,7,7,7,7,7,10,7,7,7,6
20,67,8,3,10,3,7,7,7,7,7,10,7,7,7,6
20,68,9,4,7,4,6,6,6,6,6,5,6,6,6,8
20,69,9,4,7,4,6,6,6,6,6,5,6,6,6,8
20,70,10,3,10,3,8,8,8,8,8,10,8,8,8,2
20,71,10,3,10,3,8,8,8,8,8,10,8,8,8,2
20,72,10,3,10,3,8,8,8,8,8,10,8,8,8,2
20,73,10,3,10,3,8,8,8,8,8,10,8,8,8,2
20,74,11,10,8,10,4,4,4,4,4,6,4,4,4,4
20,75,11,10,8,10,4,4,4,4,4,6,4,4,4,4
20,76,11,10,8,10,4,4,4,4,4,6,4,4,4,4
20,77,12,4,3,4,3,3,3,3,3,8,3,3,3,7
20,78,12,4,3,4,3,3,3,3,3,8,3,3,3,7
20,79,12,4,3,4,3,3,3,3,3,8,3,3,3,7
20,80,12,4,3,4,3,3,3,3,3,8,3,3,3,7
20,81,12,4,3,4,3,3,3,3,3,8,3,3,3,7
20,82,12,4,3,4,3,3,3,3,3,8,3,3,3,7
20,83,12,4,3,4,3,3,3,3,3,8,3,3,3,7
20,84,12,4,3,4,3,3,3,3,3,8,3,3,3,7
20,85,12,4,3,4,3,3,3,3,3,8,3,3,3,7
20,86,12,4,3,4,3,3,3,3,3,8,3,3,3,7
20,87,13,6,1,6,9,9,9,9,9,7,9,9,9,9
20,88,13,6,1,6,9,9,9,9,9,7,9,9,9,9
20,89,13,6,1,6,9,9,9,9,9,7,9,9,9,9
20,90,14,7,9,7,8,8,8,8,8,9,8,8,8,2
20,91,14,7,9,7,8,8,8,8,8,9,8,8,8,2
20,92,14,7,9,7,8,8,8,8,8,9,8,8,8,2
20,93,14,7,9,7,8,8,8,8,8,9,8,8,8,2
20,94,14,7,9,7,8,8,8,8,8,9,8,8,8,2
20,95,14,7,9,7,8,8,8,8,8,9,8,8,8,2
20,96,14,7,9,7,8,8,8,8,8,9,8,8,8,2
20,97,15,5,3,5,3,3,3,3,3,8,3,3,3,7
20,98,15,5,3,5,3,3,3,3,3,8,3,3,3,7
20,99,15,5,3,5,3,3,3,3,3,8,3,3,3,7
20,100,15,5,3,5,3,3,3,3,3,8,3,3,3,7
20,101,15,5,3,5,3,3,3,3,3,8,3,3,3,7
20,102,15,5,3,5,3,3,3,3,3,8,3,3,3,7
20,103,15,5,3,5,3,3,3,3,3,8,3,3,3,7
20,104,16,6,1,6,9,9,9,9,9,7,9,9,9,9
20,105,16,6,1,6,9,9,9,9,9,7,9,9,9,9
20,106,16,6,1,6,9,9,9,9,9,7,9,9,9,9
20,107,16,6,1,6,9,9,9,9,9,7,9,9,9,9
20,108,16,6,1,6,9,9,9,9,9,7,9,9,9,9
20,109,16,6,1,6,9,9,9,9,9,7,9,9,9,9
20,110,16,6,1,6,9,9,9,9,9,7,9,9,9,9
20,111,17,3,10,3,1,1,1,1,1,10,1,1,1,1
20,112,17,3,10,3,1,1,1,1,1,10,1,1,1,1
20,113,18,3,10,3,8,8,8,8,8,10,8,8,8,2
20,114,18,3,10,3,8,8,8,8,8,10,8,8,8,2
20,115,18,3,10,3,8,8,8,8,8,10,8,8,8,2
20,116,18,3,10,3,8,8,8,8,8,10,8,8,8,2
20,117,19,6,2,6,9,9,9,9,9,7,9,9,9,9
20,118,19,6,2,6,9,9,9,9,9,7,9,9,9,9
20,119,19,6,2,6,9,9,9,9,9,7,9,9,9,9
20,120,19,6,2,6,9,9,9,9,9,7,9,9,9,9
20,121,20,3,10,3,8,8,8,8,8,10,8,8,8,2
20,122,20,3,10,3,8,8,8,8,8,10,8,8,8,2
20,123,20,3,10,3,8,8,8,8,8,10,8,8,8,2
20,124,20,3,10,3,8,8,8,8,8,10,8,8,8,2
20,125,21,2,1,2,1,1,1,1,1,1,1,1,1,1
20,126,21,2,1,2,1,1,1,1,1,1,1,1,1,1
20,127,22,1,8,1,10,10,10,10,10,6,10,10,10,10
20,128,22,1,8,1,10,10,10,10,10,6,10,10,10,10
20,129,22,1,8,1,10,10,10,10,10,6,10,10,10,10
20,130,22,1,8,1,10,10,10,10,10,6,10,10,10,10
20,131,23,6,2,6,9,9,9,9,9,7,9,9,9,9
20,132,23,6,2,6,9,9,9,9,9,7,9,9,9,9
20,133,23,6,2,6,9,9,9,9,9,7,9,9,9,9
20,134,24,2,4,2,4,4,4,4,4,3,4,4,4,4
20,135,24,2,4,2,4,4,4,4,4,3,4,4,4,4
20,136,24,2,4,2,4,4,4,4,4,3,4,4,4,4
20,137,24,2,4,2,4,4,4,4,4,3,4,4,4,4
20,138,24,2,4,2,4,4,4,4,4,3,4,4,4,4
20,139,24,2,4,2,4,4,4,4,4,3,4,4,4,4
20,140,24,2,4,2,4,4,4,4,4,3,4,4,4,4
20,141,24,2,4,2,4,4,4,4,4,3,4,4,4,4
20,142,24,2,4,2,4,4,4,4,4,3,4,4,4,4
20,143,24,2,4,2,4,4,4,4,4,3,4,4,4,4
20,144,25,2,1,2,1,1,1,1,1,1,1,1,1,1
20,145,25,2,1,2,1,1,1,1,1,1,1,1,1,1
20,146,25,2,1,2,1,1,1,1,1,1,1,1,1,1
20,147,26,3,10,3,1,1,1,1,1,10,1,1,1,1
20,148,26,3,10,3,1,1,1,1,1,10,1,1,1,1
20,149,26,3,10,3,1,1,1,1,1,10,1,1,1,1
20,150,26,3,10,3,1,1,1,1,1,10,1,1,1,1
20,151,26,3,10,3,1,1,1,1,1,10,1,1,1,1
20,152,26,3,10,3,1,1,1,1,1,10,1,1,1,1
20,153,27,2,8,2,10,10,10,10,10,6,10,10,10,10
20,154,27,2,8,2,10,10,10,10,10,6,10,10,10,10
20,155,27,2,8,2,10,10,10,10,10,6,10,10,10,10
20,156,27,2,8,2,10,10,10,10,10,6,10,10,10,10
20,157,28,3,10,3,8,8,8,8,8,10,8,8,8,2
20,158,28,3,10,3,8,8,8,8,8,10,8,8,8,2
20,159,28,3,10,3,8,8,8,8,8,10,8,8,8,2
20,160,28,3,10,3,8,8,8,8,8,10,8,8,8,2
20,161,28,3,10,3,8,8,8,8,8,10,8,8,8,2
20,162,28,3,10,3,8,8,8,8,8,10,8,8,8,2
20,163,28,3,10,3,8,8,8,8,8,10,8,8,8,2
20,164,28,3,10,3,8,8,8,8,8,10,8,8,8,2
20,165,28,3,10,3,8,8,8,8,8,10,8,8,8,2
20,166,28,3,10,3,8,8,8,8,8,10,8,8,8,2
20,167,28,3,10,3,8,8,8,8,8,10,8,8,8,2
20,168,28,3,10,3,8,8,8,8,8,10,8,8,8,2
20,169,28,3,10,3,8,8,8,8,8,10,8,8,8,2
20,170,28,3,10,3,8,8,8,8,8,10,8,8,8,2
20,171,28,3,10,3,8,8,8,8,8,10,8,8,8,2
20,172,28,3,10,3,8,8,8,8,8,10,8,8,8,2
20,173,28,3,10,3,8,8,8,8,8,10,8,8,8,2
20,174,28,3,10,3,8,8,8,8,8,10,8,8,8,2
20,175,28,3,10,3,8,8,8,8,8,10,8,8,8,2
20,176,29,2,8,2,10,10,10,10,10,6,10,10,10,10
20,177,29,2,8,2,10,10,10,10,10,6,10,10,10,10
20,178,29,2,8,2,10,10,10,10,10,6,10,10,10,10
20,179,29,2,8,2,10,10,10,10,10,6,10,10,10,10
20,180,30,5,3,5,3,3,3,3,3,8,3,3,3,7
20,181,30,5,3,5,3,3,3,3,3,8,3,3,3,7
20,182,30,5,3,5,3,3,3,3,3,8,3,3,3,7
20,183,30,5,3,5,3,3,3,3,3,8,3,3,3,7
20,184,30,5,3,5,3,3,3,3,3,8,3,3,3,7
20,185,30,5,3,5,3,3,3,3,3,8,3,3,3,7
20,186,30,5,3,5,3,3,3,3,3,8,3,3,3,7
20,187,31,6,1,6,9,9,9,9,9,7,9,9,9,9
20,188,31,6,1,6,9,9,9,9,9,7,9,9,9,9
20,189,32,6,1,6,9,9,9,9,9,7,9,9,9,9
20,190,32,6,1,6,9,9,9,9,9,7,9,9,9,9
20,191,32,6,1,6,9,9,9,9,9,7,9,9,9,9
20,192,33,1,8,1,10,10,10,10,10,1,10,10,10,10
20,193,34,1,8,1,7,7,7,7,7,6,7,7,7,6
20,194,35,4,7,4,6,6,6,6,6,5,6,6,6,8
20,195,35,4,7,4,6,6,6,6,6,5,6,6,6,8
20,196,35,4,7,4,6,6,6,6,6,5,6,6,6,8
20,197,901,4,7,4,6,6,6,6,6,5,6,6,6,8
20,198,36,6,2,6,9,9,9,9,9,7,9,9,9,9
20,199,36,6,2,6,9,9,9,9,9,7,9,9,9,9
20,200,36,6,2,6,9,9,9,9,9,7,9,9,9,9
20,201,37,2,1,2,1,1,1,1,1,1,1,1,1,1
20,202,37,2,1,2,1,1,1,1,1,1,1,1,1,1
20,203,37,2,1,2,1,1,1,1,1,1,1,1,1,1
20,204,37,2,1,2,1,1,1,1,1,1,1,1,1,1
20,205,37,2,1,2,1,1,1,1,1,1,1,1,1,1
20,206,37,2,1,2,1,1,1,1,1,1,1,1,1,1
20,207,37,2,1,2,1,1,1,1,1,1,1,1,1,1
20,208,37,2,1,2,1,1,1,1,1,1,1,1,1,1
20,209,37,2,1,2,1,1,1,1,1,1,1,1,1,1
20,210,37,2,1,2,1,1,1,1,1,1,1,1,1,1
20,211,37,2,1,2,1,1,1,1,1,1,1,1,1,1
20,212,37,2,1,2,1,1,1,1,1,1,1,1,1,1
20,213,37,2,1,2,1,1,1,1,1,1,1,1,1,1
20,214,37,2,1,2,1,1,1,1,1,1,1,1,1,1
20,215,37,2,1,2,1,1,1,1,1,1,1,1,1,1
20,216,37,2,1,2,1,1,1,1,1,1,1,1,1,1
20,217,37,2,1,2,1,1,1,1,1,1,1,1,1,1
20,218,37,2,1,2,1,1,1,1,1,1,1,1,1,1
20,219,37,2,1,2,1,1,1,1,1,1,1,1,1,1
20,220,37,2,1,2,1,1,1,1,1,1,1,1,1,1
20,221,37,2,1,2,1,1,1,1,1,1,1,1,1,1
20,222,37,2,1,2,1,1,1,1,1,1,1,1,1,1
20,223,902,2,1,2,1,1,1,1,1,1,1,1,1,1
20,224,37,2,1,2,1,1,1,1,1,1,1,1,1,1
20,225,37,2,1,2,1,1,1,1,1,1,1,1,1,1
20,226,37,2,1,2,1,1,1,1,1,1,1,1,1,1
20,227,37,2,1,2,1,1,1,1,1,1,1,1,1,1
20,228,37,2,1,2,1,1,1,1,1,1,1,1,1,1
20,229,37,2,1,2,1,1,1,1,1,1,1,1,1,1
20,230,37,2,1,2,1,1,1,1,1,1,1,1,1,1
20,231,37,2,1,2,1,1,1,1,1,1,1,1,1,1
20,232,38,2,8,2,10,10,10,10,10,6,10,10,10,10
20,233,38,2,8,2,10,10,10,10,10,6,10,10,10,10
20,234,38,2,8,2,10,10,10,10,10,6,10,10,10,10
20,235,38,2,8,2,10,10,10,10,10,6,10,10,10,10
20,236,39,2,8,2,10,10,10,10,10,6,10,10,10,10
20,237,39,2,8,2,10,10,10,10,10,6,10,10,10,10
20,238,39,2,8,2,10,10,10,10,10,6,10,10,10,10
20,239,39,2,8,2,10,10,10,10,10,6,10,10,10,10
20,240,39,2,8,2,10,10,10,10,10,6,10,10,10,10
20,241,39,2,8,2,10,10,10,10,10,6,10,10,10,10
20,242,39,2,8,2,10,10,10,10,10,6,10,10,10,10
20,243,39,2,8,2,10,10,10,10,10,6,10,10,10,10
20,244,39,2,8,2,10,10,10,10,10,6,10,10,10,10
20,245,39,2,8,2,10,10,10,10,10,6,10,10,10,10
20,246,39,2,8,2,10,10,10,10,10,6,10,10,10,10
20,247,39,2,8,2,10,10,10,10,10,6,10,10,10,10
20,248,39,2,8,2,10,10,10,10,10,6,10,10,10,10
20,249,39,2,8,2,10,10,10,10,10,6,10,10,10,10
20,250,39,2,8,2,10,10,10,10,10,6,10,10,10,10
20,251,39,2,8,2,10,10,10,10,10,6,10,10,10,10
20,252,39,2,8,2,10,10,10,10,10,6,10,10,10,10
20,253,39,2,8,2,10,10,10,10,10,6,10,10,10,10
20,254,39,2,8,2,10,10,10,10,10,6,10,10,10,10
20,255,40,6,1,6,9,9,9,9,9,7,9,9,9,9
20,256,40,6,1,6,9,9,9,9,9,7,9,9,9,9
20,257,40,6,1,6,9,9,9,9,9,7,9,9,9,9
20,258,41,5,3,5,3,3,3,3,3,8,3,3,3,7
20,259,41,5,3,5,3,3,3,3,3,8,3,3,3,7
20,260,41,5,3,5,3,3,3,3,3,8,3,3,3,7
20,261,41,5,3,5,3,3,3,3,3,8,3,3,3,7
20,262,41,5,3,5,3,3,3,3,3,8,3,3,3,7
20,263,41,5,3,5,3,3,3,3,3,8,3,3,3,7
20,264,41,5,3,5,3,3,3,3,3,8,3,3,3,7
20,265,41,5,3,5,3,3,3,3,3,8,3,3,3,7
20,266,41,5,3,5,3,3,3,3,3,8,3,3,3,7
20,267,41,5,3,5,3,3,3,3,3,8,3,3,3,7
20,268,41,5,3,5,3,3,3,3,3,8,3,3,3,7
20,269,41,5,3,5,3,3,3,3,3,8,3,3,3,7
20,270,41,5,3,5,3,3,3,3,3,8,3,3,3,7
20,271,41,5,3,5,3,3,3,3,3,8,3,3,3,7
20,272,41,5,3,5,3,3,3,3,3,8,3,3,3,7
20,273,41,5,3,5,3,3,3,3,3,8,3,3,3,7
20,274,41,5,3,5,3,3,3,3,3,8,3,3,3,7
20,275,41,5,3,5,3,3,3,3,3,8,3,3,3,7
20,276,42,1,8,1,7,7,7,7,7,6,7,7,7,6
20,277,42,1,8,1,7,7,7,7,7,6,7,7,7,6
20,278,42,1,8,1,7,7,7,7,7,6,7,7,7,6
20,279,42,1,8,1,7,7,7,7,7,6,7,7,7,6
20,280,42,1,8,1,7,7,7,7,7,6,7,7,7,6
20,281,42,1,8,1,7,7,7,7,7,6,7,7,7,6
20,282,42,1,8,1,7,7,7,7,7,6,7,7,7,6
20,283,43,5,3,5,3,3,3,3,3,8,3,3,3,7
20,284,43,5,3,5,3,3,3,3,3,8,3,3,3,7
20,285,43,5,3,5,3,3,3,3,3,8,3,3,3,7
20,286,43,5,3,5,3,3,3,3,3,8,3,3,3,7
20,287,43,5,3,5,3,3,3,3,3,8,3,3,3,7
20,288,43,5,3,5,3,3,3,3,3,8,3,3,3,7
20,289,43,5,3,5,3,3,3,3,3,8,3,3,3,7
20,290,43,5,3,5,3,3,3,3,3,8,3,3,3,7
20,291,43,5,3,5,3,3,3,3,3,8,3,3,3,7
20,292,43,5,3,5,3,3,3,3,3,8,3,3,3,7
20,293,43,5,3,5,3,3,3,3,3,8,3,3,3,7
20,294,43,5,3,5,3,3,3,3,3,8,3,3,3,7
20,295,43,5,3,5,3,3,3,3,3,8,3,3,3,7
20,296,43,5,3,5,3,3,3,3,3,8,3,3,3,7
20,297,43,5,3,5,3,3,3,3,3,8,3,3,3,7
20,298,43,5,3,5,3,3,3,3,3,8,3,3,3,7
20,299,43,5,3,5,3,3,3,3,3,8,3,3,3,7
20,300,43,5,3,5,3,3,3,3,3,8,3,3,3,7
20,301,43,5,3,5,3,3,3,3,3,8,3,3,3,7
20,302,43,5,3,5,3,3,3,3,3,8,3,3,3,7
20,303,43,5,3,5,3,3,3,3,3,8,3,3,3,7
20,304,43,5,3,5,3,3,3,3,3,8,3,3,3,7
20,305,43,5,3,5,3,3,3,3,3,8,3,3,3,7
20,306,43,5,3,5,3,3,3,3,3,8,3,3,3,7
20,307,43,5,3,5,3,3,3,3,3,8,3,3,3,7
20,308,43,5,3,5,3,3,3,3,3,8,3,3,3,7
20,309,43,5,3,5,3,3,3,3,3,8,3,3,3,7
20,310,43,5,3,5,3,3,3,3,3,8,3,3,3,7
20,311,43,5,3,5,3,3,3,3,3,8,3,3,3,7
20,312,43,5,3,5,3,3,3,3,3,8,3,3,3,7
20,313,43,5,3,5,3,3,3,3,3,8,3,3,3,7
20,314,43,5,3,5,3,3,3,3,3,8,3,3,3,7
20,315,43,5,3,5,3,3,3,3,3,8,3,3,3,7
20,316,43,5,3,5,3,3,3,3,3,8,3,3,3,7
20,317,43,5,3,5,3,3,3,3,3,8,3,3,3,7
20,318,43,5,3,5,3,3,3,3,3,8,3,3,3,7
20,319,43,5,3,5,3,3,3,3,3,8,3,3,3,7
20,320,43,5,3,5,3,3,3,3,3,8,3,3,3,7
20,321,43,5,3,5,3,3,3,3,3,8,3,3,3,7
20,322,43,5,3,5,3,3,3,3,3,8,3,3,3,7
20,323,43,5,3,5,3,3,3,3,3,8,3,3,3,7
20,324,43,5,3,5,3,3,3,3,3,8,3,3,3,7
20,325,43,5,3,5,3,3,3,3,3,8,3,3,3,7
20,326,43,5,3,5,3,3,3,3,3,8,3,3,3,7
20,327,43,5,3,5,3,3,3,3,3,8,3,3,3,7
20,328,43,5,3,5,3,3,3,3,3,8,3,3,3,7
20,329,43,5,3,5,3,3,3,3,3,8,3,3,3,7
20,330,43,5,3,5,3,3,3,3,3,8,3,3,3,7
20,331,43,5,3,5,3,3,3,3,3,8,3,3,3,7
20,332,43,5,3,5,3,3,3,3,3,8,3,3,3,7
20,333,44,10,4,10,4,4,4,4,4,3,4,4,4,4
20,334,44,10,4,10,4,4,4,4,4,3,4,4,4,4
20,335,44,10,4,10,4,4,4,4,4,3,4,4,4,4
20,336,44,10,4,10,4,4,4,4,4,3,4,4,4,4
20,337,44,10,4,10,4,4,4,4,4,3,4,4,4,4
20,338,44,10,4,10,4,4,4,4,4,3,4,4,4,4
20,339,44,10,4,10,4,4,4,4,4,3,4,4,4,4
20,340,44,10,4,10,4,4,4,4,4,3,4,4,4,4
20,341,44,10,4,10,4,4,4,4,4,3,4,4,4,4
20,342,44,10,4,10,4,4,4,4,4,3,4,4,4,4
20,343,44,10,4,10,4,4,4,4,4,3,4,4,4,4
20,344,44,10,4,10,4,4,4,4,4,3,4,4,4,4
20,345,44,10,4,10,4,4,4,4,4,3,4,4,4,4
20,346,44,10,4,10,4,4,4,4,4,3,4,4,4,4
20,347,44,10,4,10,4,4,4,4,4,3,4,4,4,4
20,348,44,10,4,10,4,4,4,4,4,3,4,4,4,4
20,349,44,10,4,10,4,4,4,4,4,3,4,4,4,4
20,350,44,10,4,10,4,4,4,4,4,3,4,4,4,4
20,351,44,10,4,10,4,4,4,4,4,3,4,4,4,4
20,352,44,10,4,10,4,4,4,4,4,3,4,4,4,4
20,353,44,10,4,10,4,4,4,4,4,3,4,4,4,4
20,354,44,10,4,10,4,4,4,4,4,3,4,4,4,4
20,355,44,10,4,10,4,4,4,4,4,3,4,4,4,4
20,356,44,10,4,10,4,4,4,4,4,3,4,4,4,4
20,357,44,10,4,10,4,4,4,4,4,3,4,4,4,4
20,358,44,10,4,10,4,4,4,4,4,3,4,4,4,4
20,359,44,10,4,10,4,4,4,4,4,3,4,4,4,4
20,360,44,10,4,10,4,4,4,4,4,3,4,4,4,4
20,361,44,10,4,10,4,4,4,4,4,3,4,4,4,4
20,362,44,10,4,10,4,4,4,4,4,3,4,4,4,4
20,363,44,10,4,10,4,4,4,4,4,3,4,4,4,4
20,364,44,10,4,10,4,4,4,4,4,3,4,4,4,4
20,365,45,1,8,1,10,10,10,10,10,6,10,10,10,10
20,366,45,1,8,1,10,10,10,10,10,6,10,10,10,10
20,367,45,1,8,1,10,10,10,10,10,6,10,10,10,10
20,368,45,1,8,1,10,10,10,10,10,6,10,10,10,10
20,369,46,6,1,1,1,1,1,1,1,1,1,1,1,1
20,370,46,6,1,1,1,1,1,1,1,1,1,1,1,1
20,371,46,6,1,1,1,1,1,1,1,1,1,1,1,1
20,372,46,6,1,1,1,1,1,1,1,1,1,1,1,1
20,373,47,3,10,3,1,1,1,1,1,10,1,1,1,2
20,374,48,3,10,3,7,7,7,7,7,10,7,7,7,6
20,375,49,6,1,6,9,9,9,9,9,7,9,9,9,9
20,376,49,6,1,6,9,9,9,9,9,7,9,9,9,9
20,377,49,6,1,6,9,9,9,9,9,7,9,9,9,9
20,378,50,1,6,1,7,7,7,7,7,10,7,7,7,6
20,379,50,1,6,1,7,7,7,7,7,10,7,7,7,6
20,380,51,4,7,4,6,6,6,6,6,5,6,6,6,8
20,381,51,4,7,4,6,6,6,6,6,5,6,6,6,8
20,382,51,4,7,4,6,6,6,6,6,5,6,6,6,8
20,383,51,4,7,4,6,6,6,6,6,5,6,6,6,8
20,384,51,4,7,4,6,6,6,6,6,5,6,6,6,8
20,385,51,4,7,4,6,6,6,6,6,5,6,6,6,8
20,386,52,5,7,5,6,6,6,6,6,5,6,6,6,8
20,387,53,1,1,1,1,1,1,1,1,1,1,1,1,1
20,388,54,6,1,6,1,1,1,1,1,1,1,1,1,1
20,389,55,6,1,6,9,9,9,9,9,7,9,9,9,9
20,390,55,6,1,6,9,9,9,9,9,7,9,9,9,9
20,391,55,6,1,6,9,9,9,9,9,7,9,9,9,9
20,392,55,6,1,6,9,9,9,9,9,7,9,9,9,9
20,393,55,6,1,6,9,9,9,9,9,7,9,9,9,9
20,394,55,6,1,6,9,9,9,9,9,7,9,9,9,9
20,395,55,6,1,6,9,9,9,9,9,7,9,9,9,9
20,396,56,8,2,8,2,2,2,2,2,2,2,2,2,3
20,397,57,4,3,4,3,3,3,3,3,8,3,3,3,7
20,398,57,4,3,4,3,3,3,3,3,8,3,3,3,7
20,399,57,4,3,4,3,3,3,3,3,8,3,3,3,7
20,400,57,4,3,4,3,3,3,3,3,8,3,3,3,7
20,401,57,4,3,4,3,3,3,3,3,8,3,3,3,7
20,402,57,4,3,4,3,3,3,3,3,8,3,3,3,7
20,403,57,4,3,4,3,3,3,3,3,8,3,3,3,7
20,404,57,4,3,4,3,3,3,3,3,8,3,3,3,7
20,405,57,4,3,4,3,3,3,3,3,8,3,3,3,7
20,406,57,4,3,4,3,3,3,3,3,8,3,3,3,7
20,407,57,4,3,4,3,3,3,3,3,8,3,3,3,7
20,408,57,4,3,4,3,3,3,3,3,8,3,3,3,7
20,409,57,4,3,4,3,3,3,3,3,8,3,3,3,7
20,410,57,4,3,4,3,3,3,3,3,8,3,3,3,7
20,411,57,4,3,4,3,3,3,3,3,8,3,3,3,7
20,412,57,4,3,4,3,3,3,3,3,8,3,3,3,7
20,413,57,4,3,4,3,3,3,3,3,8,3,3,3,7
20,414,57,4,3,4,3,3,3,3,3,8,3,3,3,7
20,415,57,4,3,4,3,3,3,3,3,8,3,3,3,7
20,416,57,4,3,4,3,3,3,3,3,8,3,3,3,7
20,417,57,4,3,4,3,3,3,3,3,8,3,3,3,7
20,418,57,4,3,4,3,3,3,3,3,8,3,3,3,7
20,419,57,4,3,4,3,3,3,3,3,8,3,3,3,7
20,420,57,4,3,4,3,3,3,3,3,8,3,3,3,7
20,421,57,4,3,4,3,3,3,3,3,8,3,3,3,7
20,422,58,2,8,2,10,10,10,10,10,6,10,10,10,10
20,423,58,2,8,2,10,10,10,10,10,6,10,10,10,10
20,424,58,2,8,2,10,10,10,10,10,6,10,10,10,10
20,425,58,2,8,2,10,10,10,10,10,6,10,10,10,10
20,426,58,2,8,2,10,10,10,10,10,6,10,10,10,10
20,427,58,2,8,2,10,10,10,10,10,6,10,10,10,10
20,428,58,2,8,2,10,10,10,10,10,6,10,10,10,10
20,429,58,2,8,2,10,10,10,10,10,6,10,10,10,10
20,430,58,2,8,2,10,10,10,10,10,6,10,10,10,10
20,431,58,2,8,2,10,10,10,10,10,6,10,10,10,10
20,432,59,7,9,7,8,8,8,8,8,9,8,8,8,2
20,433,59,7,9,7,8,8,8,8,8,9,8,8,8,2
20,434,59,7,9,7,8,8,8,8,8,9,8,8,8,2
20,435,59,7,9,7,8,8,8,8,8,9,8,8,8,2
20,436,59,7,9,7,8,8,8,8,8,9,8,8,8,2
20,437,59,7,9,7,8,8,8,8,8,9,8,8,8,2
20,438,59,7,9,7,8,8,8,8,8,9,8,8,8,2
20,439,59,7,9,7,8,8,8,8,8,9,8,8,8,2
20,440,59,7,9,7,8,8,8,8,8,9,8,8,8,2
20,441,59,7,9,7,8,8,8,8,8,9,8,8,8,2
20,442,59,7,9,7,8,8,8,8,8,9,8,8,8,2
20,443,59,7,9,7,8,8,8,8,8,9,8,8,8,2
20,444,59,7,9,7,8,8,8,8,8,9,8,8,8,2
20,445,59,7,9,7,8,8,8,8,8,9,8,8,8,2
20,446,59,7,9,7,8,8,8,8,8,9,8,8,8,2
20,447,59,7,9,7,8,8,8,8,8,9,8,8,8,2
20,448,59,7,9,7,8,8,8,8,8,9,8,8,8,2
20,449,59,7,9,7,8,8,8,8,8,9,8,8,8,2
20,450,59,7,9,7,8,8,8,8,8,9,8,8,8,2
20,451,59,7,9,7,8,8,8,8,8,9,8,8,8,2
20,452,59,7,9,7,8,8,8,8,8,9,8,8,8,2
20,453,59,7,9,7,8,8,8,8,8,9,8,8,8,2
20,454,60,4,6,4,7,7,7,7,7,5,7,7,7,6
20,455,60,4,6,4,7,7,7,7,7,5,7,7,7,6
20,456,61,7,9,7,8,8,8,8,8,9,8,8,8,2
20,457,904,7,9,7,8,8,8,8,8,9,8,8,8,2
20,458,62,1,8,1,7,7,7,7,7,6,7,7,7,6
20,459,63,1,8,1,10,10,10,10,10,1,10,10,10,10
20,460,63,1,8,1,10,10,10,10,10,1,10,10,10,10
20,461,64,4,7,4,6,6,6,6,6,5,6,6,6,8
20,462,64,4,7,4,6,6,6,6,6,5,6,6,6,8
20,463,64,4,7,4,6,6,6,6,6,5,6,6,6,8
20,464,64,4,7,4,6,6,6,6,6,5,6,6,6,8
20,465,905,4,7,4,6,6,6,6,6,5,6,6,6,8
20,466,64,4,7,4,6,6,6,6,6,5,6,6,6,8
20,467,905,4,7,4,6,6,6,6,6,5,6,6,6,8
20,468,64,4,7,4,6,6,6,6,6,5,6,6,6,8
20,469,65,1,6,1,7,7,7,7,7,6,7,7,7,6
20,470,66,9,5,9,5,5,5,5,5,4,5,5,5,5
20,471,66,9,5,9,5,5,5,5,5,4,5,5,5,5
20,472,66,9,5,9,5,5,5,5,5,4,5,5,5,5
20,473,66,9,5,9,5,5,5,5,5,4,5,5,5,5
20,474,66,9,5,9,5,5,5,5,5,4,5,5,5,5
20,475,66,9,5,9,5,5,5,5,5,4,5,5,5,5
20,476,66,9,5,9,5,5,5,5,5,4,5,5,5,5
20,477,66,9,5,9,5,5,5,5,5,4,5,5,5,5
20,478,66,9,5,9,5,5,5,5,5,4,5,5,5,5
20,479,66,9,5,9,5,5,5,5,5,4,5,5,5,5
20,480,66,9,5,9,5,5,5,5,5,4,5,5,5,5
20,481,66,9,5,9,5,5,5,5,5,4,5,5,5,5
20,482,66,9,5,9,5,5,5,5,5,4,5,5,5,5
20,483,66,9,5,9,5,5,5,5,5,4,5,5,5,5
20,484,66,9,5,9,5,5,5,5,5,4,5,5,5,5
20,485,66,9,5,9,5,5,5,5,5,4,5,5,5,5
20,486,66,9,5,9,5,5,5,5,5,4,5,5,5,5
20,487,66,9,5,9,5,5,5,5,5,4,5,5,5,5
20,488,66,9,5,9,5,5,5,5,5,4,5,5,5,5
20,489,66,9,5,9,5,5,5,5,5,4,5,5,5,5
20,490,66,9,5,9,5,5,5,5,5,4,5,5,5,5
20,491,66,9,5,9,5,5,5,5,5,4,5,5,5,5
20,492,66,9,5,9,5,5,5,5,5,4,5,5,5,5
20,493,66,9,5,9,5,5,5,5,5,4,5,5,5,5
20,494,66,9,5,9,5,5,5,5,5,4,5,5,5,5
20,495,66,9,5,9,5,5,5,5,5,4,5,5,5,5
20,496,66,9,5,9,5,5,5,5,5,4,5,5,5,5
20,497,66,9,5,9,5,5,5,5,5,4,5,5,5,5
20,498,66,9,5,9,5,5,5,5,5,4,5,5,5,5
20,499,66,9,5,9,5,5,5,5,5,4,5,5,5,5
20,500,66,9,5,9,5,5,5,5,5,4,5,5,5,5
20,501,66,9,5,9,5,5,5,5,5,4,5,5,5,5
20,502,66,9,5,9,5,5,5,5,5,4,5,5,5,5
20,503,66,9,5,9,5,5,5,5,5,4,5,5,5,5
20,504,66,9,5,9,5,5,5,5,5,4,5,5,5,5
20,505,66,9,5,9,5,5,5,5,5,4,5,5,5,5
20,506,66,9,5,9,5,5,5,5,5,4,5,5,5,5
20,507,66,9,5,9,5,5,5,5,5,4,5,5,5,5
20,508,66,9,5,9,5,5,5,5,5,4,5,5,5,5
20,509,66,9,5,9,5,5,5,5,5,4,5,5,5,5
20,510,66,9,5,9,5,5,5,5,5,4,5,5,5,5
20,511,66,9,5,9,5,5,5,5,5,4,5,5,5,5
20,512,66,9,5,9,5,5,5,5,5,4,5,5,5,5
20,513,66,9,5,9,5,5,5,5,5,4,5,5,5,5
20,514,66,9,5,9,5,5,5,5,5,4,5,5,5,5
20,515,66,9,5,9,5,5,5,5,5,4,5,5,5,5
20,516,66,9,5,9,5,5,5,5,5,4,5,5,5,5
20,517,66,9,5,9,5,5,5,5,5,4,5,5,5,5
20,518,66,9,5,9,5,5,5,5,5,4,5,5,5,5
20,519,66,9,5,9,5,5,5,5,5,4,5,5,5,5
20,520,66,9,5,9,5,5,5,5,5,4,5,5,5,5
20,521,66,9,5,9,5,5,5,5,5,4,5,5,5,5
20,522,66,9,5,9,5,5,5,5,5,4,5,5,5,5
20,523,66,9,5,9,5,5,5,5,5,4,5,5,5,5
20,524,66,9,5,9,5,5,5,5,5,4,5,5,5,5
20,525,66,9,5,9,5,5,5,5,5,4,5,5,5,5
20,526,66,9,5,9,5,5,5,5,5,4,5,5,5,5
20,527,66,9,5,9,5,5,5,5,5,4,5,5,5,5
20,528,66,9,5,9,5,5,5,5,5,4,5,5,5,5
20,529,66,9,5,9,5,5,5,5,5,4,5,5,5,5
20,530,66,9,5,9,5,5,5,5,5,4,5,5,5,5
20,531,66,9,5,9,5,5,5,5,5,4,5,5,5,5
20,532,66,9,5,9,5,5,5,5,5,4,5,5,5,5
20,533,66,9,5,9,5,5,5,5,5,4,5,5,5,5
20,534,66,9,5,9,5,5,5,5,5,4,5,5,5,5
20,535,66,9,5,9,5,5,5,5,5,4,5,5,5,5
20,536,66,9,5,9,5,5,5,5,5,4,5,5,5,5
20,537,66,9,5,9,5,5,5,5,5,4,5,5,5,5
20,538,66,9,5,9,5,5,5,5,5,4,5,5,5,5
20,539,66,9,5,9,5,5,5,5,5,4,5,5,5,5
20,540,66,9,5,9,5,5,5,5,5,4,5,5,5,5
20,541,66,9,5,9,5,5,5,5,5,4,5,5,5,5
20,542,66,9,5,9,5,5,5,5,5,4,5,5,5,5
20,543,66,9,5,9,5,5,5,5,5,4,5,5,5,5
20,544,66,9,5,9,5,5,5,5,5,4,5,5,5,5
20,545,66,9,5,9,5,5,5,5,5,4,5,5,5,5
20,546,66,9,5,9,5,5,5,5,5,4,5,5,5,5
20,547,66,9,5,9,5,5,5,5,5,4,5,5,5,5
20,548,66,9,5,9,5,5,5,5,5,4,5,5,5,5
20,549,66,9,5,9,5,5,5,5,5,4,5,5,5,5
20,550,66,9,5,9,5,5,5,5,5,4,5,5,5,5
20,551,66,9,5,9,5,5,5,5,5,4,5,5,5,5
20,552,66,9,5,9,5,5,5,5,5,4,5,5,5,5
20,553,66,9,5,9,5,5,5,5,5,4,5,5,5,5
20,554,66,9,5,9,5,5,5,5,5,4,5,5,5,5
20,555,66,9,5,9,5,5,5,5,5,4,5,5,5,5
20,556,66,9,5,9,5,5,5,5,5,4,5,5,5,5
20,557,66,9,5,9,5,5,5,5,5,4,5,5,5,5
20,558,66,9,5,9,5,5,5,5,5,4,5,5,5,5
20,559,66,9,5,9,5,5,5,5,5,4,5,5,5,5
20,560,66,9,5,9,5,5,5,5,5,4,5,5,5,5
20,561,66,9,5,9,5,5,5,5,5,4,5,5,5,5
20,562,66,9,5,9,5,5,5,5,5,4,5,5,5,5
20,563,66,9,5,9,5,5,5,5,5,4,5,5,5,5
20,564,66,9,5,9,5,5,5,5,5,4,5,5,5,5
20,565,66,9,5,9,5,5,5,5,5,4,5,5,5,5
20,566,66,9,5,9,5,5,5,5,5,4,5,5,5,5
20,567,66,9,5,9,5,5,5,5,5,4,5,5,5,5
20,568,66,9,5,9,5,5,5,5,5,4,5,5,5,5
20,569,66,9,5,9,5,5,5,5,5,4,5,5,5,5
20,570,66,9,5,9,5,5,5,5,5,4,5,5,5,5
20,571,66,9,5,9,5,5,5,5,5,4,5,5,5,5
20,572,66,9,5,9,5,5,5,5,5,4,5,5,5,5
20,573,66,9,5,9,5,5,5,5,5,4,5,5,5,5
20,574,66,9,5,9,5,5,5,5,5,4,5,5,5,5
20,575,66,9,5,9,5,5,5,5,5,4,5,5,5,5
20,576,66,9,5,9,5,5,5,5,5,4,5,5,5,5
20,577,66,9,5,9,5,5,5,5,5,4,5,5,5,5
20,578,66,9,5,9,5,5,5,5,5,4,5,5,5,5
20,579,66,9,5,9,5,5,5,5,5,4,5,5,5,5
20,580,66,9,5,9,5,5,5,5,5,4,5,5,5,5
20,581,66,9,5,9,5,5,5,5,5,4,5,5,5,5
20,582,66,9,5,9,5,5,5,5,5,4,5,5,5,5
20,583,66,9,5,9,5,5,5,5,5,4,5,5,5,5
20,584,66,9,5,9,5,5,5,5,5,4,5,5,5,5
20,585,66,9,5,9,5,5,5,5,5,4,5,5,5,5
20,586,66,9,5,9,5,5,5,5,5,4,5,5,5,5
20,587,66,9,5,9,5,5,5,5,5,4,5,5,5,5
20,588,66,9,5,9,5,5,5,5,5,4,5,5,5,5
20,589,66,9,5,9,5,5,5,5,5,4,5,5,5,5
20,590,66,9,5,9,5,5,5,5,5,4,5,5,5,5
20,591,66,9,5,9,5,5,5,5,5,4,5,5,5,5
20,592,66,9,5,9,5,5,5,5,5,4,5,5,5,5
20,593,66,9,5,9,5,5,5,5,5,4,5,5,5,5
20,594,66,9,5,9,5,5,5,5,5,4,5,5,5,5
20,595,66,9,5,9,5,5,5,5,5,4,5,5,5,5
20,596,66,9,5,9,5,5,5,5,5,4,5,5,5,5
20,597,66,9,5,9,5,5,5,5,5,4,5,5,5,5
20,598,66,9,5,9,5,5,5,5,5,4,5,5,5,5
20,599,66,9,5,9,5,5,5,5,5,4,5,5,5,5
20,600,66,9,5,9,5,5,5,5,5,4,5,5,5,5
20,601,66,9,5,9,5,5,5,5,5,4,5,5,5,5
20,602,66,9,5,9,5,5,5,5,5,4,5,5,5,5
20,603,66,9,5,9,5,5,5,5,5,4,5,5,5,5
20,604,66,9,5,9,5,5,5,5,5,4,5,5,5,5
20,605,66,9,5,9,5,5,5,5,5,4,5,5,5,5
20,606,66,9,5,9,5,5,5,5,5,4,5,5,5,5
20,607,66,9,5,9,5,5,5,5,5,4,5,5,5,5
20,608,66,9,5,9,5,5,5,5,5,4,5,5,5,5
20,609,66,9,5,9,5,5,5,5,5,4,5,5,5,5
20,610,66,9,5,9,5,5,5,5,5,4,5,5,5,5
20,611,66,9,5,9,5,5,5,5,5,4,5,5,5,5
20,612,66,9,5,9,5,5,5,5,5,4,5,5,5,5
20,613,66,9,5,9,5,5,5,5,5,4,5,5,5,5
20,614,66,9,5,9,5,5,5,5,5,4,5,5,5,5
20,615,66,9,5,9,5,5,5,5,5,4,5,5,5,5
20,616,66,9,5,9,5,5,5,5,5,4,5,5,5,5
20,617,67,3,10,3,7,7,7,7,7,10,7,7,7,6
20,618,67,3,10,3,7,7,7,7,7,10,7,7,7,6
20,619,67,3,10,3,7,7,7,7,7,10,7,7,7,6
20,620,67,3,10,3,7,7,7,7,7,10,7,7,7,6
20,621,67,3,10,3,7,7,7,7,7,10,7,7,7,6
20,622,67,3,10,3,7,7,7,7,7,10,7,7,7,6
20,623,67,3,10,3,7,7,7,7,7,10,7,7,7,6
20,624,906,3,10,3,7,7,7,7,7,10,7,7,7,6
20,625,67,3,10,3,7,7,7,7,7,10,7,7,7,6
20,626,67,3,10,3,7,7,7,7,7,10,7,7,7,6
20,627,67,3,10,3,7,7,7,7,7,10,7,7,7,6
20,628,67,3,10,3,7,7,7,7,7,10,7,7,7,6
20,629,67,3,10,3,7,7,7,7,7,10,7,7,7,6
20,630,67,3,10,3,7,7,7,7,7,10,7,7,7,6
20,631,67,3,10,3,7,7,7,7,7,10,7,7,7,6
20,632,68,3,10,3,8,8,8,8,8,10,8,8,8,2
20,633,69,8,2,8,2,2,2,2,2,2,2,2,2,3
20,634,69,8,2,8,2,2,2,2,2,2,2,2,2,3
20,635,69,8,2,8,2,2,2,2,2,2,2,2,2,3
20,636,69,8,2,8,2,2,2,2,2,2,2,2,2,3
20,637,69,8,2,8,2,2,2,2,2,2,2,2,2,3
20,638,70,7,7,7,8,8,8,8,8,9,8,8,8,2
20,639,70,7,7,7,8,8,8,8,8,9,8,8,8,2
20,640,70,7,7,7,8,8,8,8,8,9,8,8,8,2
20,641,70,7,7,7,8,8,8,8,8,9,8,8,8,2
20,642,70,7,7,7,8,8,8,8,8,9,8,8,8,2
20,643,71,6,2,6,9,9,9,9,9,7,9,9,9,9
20,644,71,6,2,6,9,9,9,9,9,7,9,9,9,9
20,645,71,6,2,6,9,9,9,9,9,7,9,9,9,9
20,646,71,6,2,6,9,9,9,9,9,7,9,9,9,9
20,647,71,6,2,6,9,9,9,9,9,7,9,9,9,9
20,648,71,6,2,6,9,9,9,9,9,7,9,9,9,9
20,649,71,6,2,6,9,9,9,9,9,7,9,9,9,9
20,650,71,6,2,6,9,9,9,9,9,7,9,9,9,9
20,651,71,6,2,6,9,9,9,9,9,7,9,9,9,9
20,652,71,6,2,6,9,9,9,9,9,7,9,9,9,9
20,653,71,6,2,6,9,9,9,9,9,7,9,9,9,9
20,654,71,6,2,6,9,9,9,9,9,7,9,9,9,9
20,655,71,6,2,6,9,9,9,9,9,7,9,9,9,9
20,656,71,6,2,6,9,9,9,9,9,7,9,9,9,9
20,657,71,6,2,6,9,9,9,9,9,7,9,9,9,9
20,658,71,6,2,6,9,9,9,9,9,7,9,9,9,9
20,659,71,6,2,6,9,9,9,9,9,7,9,9,9,9
20,660,907,6,2,6,9,9,9,9,9,7,9,9,9,9
20,661,72,5,3,5,3,3,3,3,3,8,3,3,3,7
20,662,72,5,3,5,3,3,3,3,3,8,3,3,3,7
20,663,73,8,2,8,2,2,2,2,2,7,2,2,2,3
20,664,73,8,2,8,2,2,2,2,2,7,2,2,2,3
20,665,73,8,2,8,2,2,2,2,2,7,2,2,2,3
20,666,74,1,8,1,10,10,10,10,10,1,10,10,10,10
20,667,74,1,8,1,10,10,10,10,10,1,10,10,10,10
20,668,75,1,6,1,7,7,7,7,7,10,7,7,7,6
20,669,76,5,7,5,6,6,6,6,6,5,6,6,6,8
20,670,76,5,7,5,6,6,6,6,6,5,6,6,6,8
20,671,76,5,7,5,6,6,6,6,6,5,6,6,6,8
20,672,76,5,7,5,6,6,6,6,6,5,6,6,6,8
20,673,76,5,7,5,6,6,6,6,6,5,6,6,6,8
20,674,76,5,7,5,6,6,6,6,6,5,6,6,6,8
20,675,76,5,7,5,6,6,6,6,6,5,6,6,6,8
20,676,76,5,7,5,6,6,6,6,6,5,6,6,6,8
20,677,76,5,7,5,6,6,6,6,6,5,6,6,6,8
20,678,76,5,7,5,6,6,6,6,6,5,6,6,6,8
20,679,76,5,7,5,6,6,6,6,6,5,6,6,6,8
20,680,76,5,7,5,6,6,6,6,6,5,6,6,6,8
20,681,76,5,7,5,6,6,6,6,6,5,6,6,6,8
20,682,76,5,7,5,6,6,6,6,6,5,6,6,6,8
20,683,76,5,7,5,6,6,6,6,6,5,6,6,6,8
20,684,76,5,7,5,6,6,6,6,6,5,6,6,6,8
20,685,76,5,7,5,6,6,6,6,6,5,6,6,6,8
20,686,76,5,7,5,6,6,6,6,6,5,6,6,6,8
20,687,76,5,7,5,6,6,6,6,6,5,6,6,6,8
20,688,76,5,7,5,6,6,6,6,6,5,6,6,6,8
20,689,76,5,7,5,6,6,6,6,6,5,6,6,6,8
20,690,76,5,7,5,6,6,6,6,6,5,6,6,6,8
20,691,76,5,7,5,6,6,6,6,6,5,6,6,6,8
20,692,76,5,7,5,6,6,6,6,6,5,6,6,6,8
20,693,76,5,7,5,6,6,6,6,6,5,6,6,6,8
20,694,76,5,7,5,6,6,6,6,6,5,6,6,6,8
20,695,76,5,7,5,6,6,6,6,6,5,6,6,6,8
20,696,76,5,7,5,6,6,6,6,6,5,6,6,6,8
20,697,76,5,7,5,6,6,6,6,6,5,6,6,6,8
20,698,76,5,7,5,6,6,6,6,6,5,6,6,6,8
20,699,76,5,7,5,6,6,6,6,6,5,6,6,6,8
20,700,76,5,7,5,6,6,6,6,6,5,6,6,6,8
20,701,76,5,7,5,6,6,6,6,6,5,6,6,6,8
20,702,76,5,7,5,6,6,6,6,6,5,6,6,6,8
20,703,76,5,7,5,6,6,6,6,6,5,6,6,6,8
20,704,76,5,7,5,6,6,6,6,6,5,6,6,6,8
20,705,76,5,7,5,6,6,6,6,6,5,6,6,6,8
20,706,76,5,7,5,6,6,6,6,6,5,6,6,6,8
20,707,76,5,7,5,6,6,6,6,6,5,6,6,6,8
20,708,76,5,7,5,6,6,6,6,6,5,6,6,6,8
20,709,76,5,7,5,6,6,6,6,6,5,6,6,6,8
20,710,77,3,10,3,8,8,8,8,8,10,8,8,8,2
20,711,77,3,10,3,8,8,8,8,8,10,8,8,8,2
20,712,78,6,1,6,9,9,9,9,9,7,9,9,9,9
20,713,78,6,1,6,9,9,9,9,9,7,9,9,9,9
20,714,79,8,2,8,2,2,2,2,2,2,2,2,2,3
20,715,79,8,2,8,2,2,2,2,2,2,2,2,2,3
20,716,79,8,2,8,2,2,2,2,2,2,2,2,2,3
20,717,80,3,5,3,7,7,7,7,7,10,7,7,7,6
20,718,80,3,5,3,7,7,7,7,7,10,7,7,7,6
20,719,81,1,8,1,10,10,10,10,10,1,10,10,10,10
20,720,81,1,8,1,10,10,10,10,10,1,10,10,10,10
20,721,82,7,9,7,8,8,8,8,8,9,8,8,8,2
20,722,82,7,9,7,8,8,8,8,8,9,8,8,8,2
20,723,82,7,9,7,8,8,8,8,8,9,8,8,8,2
20,724,82,7,9,7,8,8,8,8,8,9,8,8,8,2
20,725,82,7,9,7,8,8,8,8,8,9,8,8,8,2
20,726,82,7,9,7,8,8,8,8,8,9,8,8,8,2
20,727,82,7,9,7,8,8,8,8,8,9,8,8,8,2
20,728,82,7,9,7,8,8,8,8,8,9,8,8,8,2
20,729,82,7,9,7,8,8,8,8,8,9,8,8,8,2
20,730,82,7,9,7,8,8,8,8,8,9,8,8,8,2
20,731,82,7,9,7,8,8,8,8,8,9,8,8,8,2
20,732,82,7,9,7,8,8,8,8,8,9,8,8,8,2
20,733,82,7,9,7,8,8,8,8,8,9,8,8,8,2
20,734,83,6,1,6,9,9,9,9,9,7,9,9,9,9
20,735,83,6,1,6,9,9,9,9,9,7,9,9,9,9
20,736,84,9,5,9,5,5,5,5,5,1,5,5,5,5
20,737,84,9,5,9,5,5,5,5,5,1,5,5,5,5
20,738,85,6,2,6,9,9,9,9,9,7,9,9,9,9
20,739,85,6,2,6,9,9,9,9,9,7,9,9,9,9
20,740,85,6,2,6,9,9,9,9,9,7,9,9,9,9
20,741,86,1,1,1,1,1,1,1,1,1,1,1,1,1
20,742,86,1,1,1,1,1,1,1,1,1,1,1,1,1
20,743,86,1,1,1,1,1,1,1,1,1,1,1,1,1
20,744,87,8,2,8,2,2,2,2,2,2,2,2,2,3
20,745,87,8,2,8,2,2,2,2,2,2,2,2,2,3
20,746,87,8,2,8,2,2,2,2,2,2,2,2,2,3
20,747,88,9,5,9,5,5,5,5,5,1,5,5,5,5
20,748,88,9,5,9,5,5,5,5,5,1,5,5,5,5
20,749,89,3,5,3,1,1,1,1,1,1,1,1,1,1
20,750,90,1,1,1,1,1,1,1,1,1,1,1,1,1
20,751,91,6,1,6,1,1,1,1,1,1,1,1,1,1
20,752,91,6,1,6,1,1,1,1,1,1,1,1,1,1
20,753,92,7,9,7,8,8,8,8,8,9,8,8,8,2
20,754,92,7,9,7,8,8,8,8,8,9,8,8,8,2
20,755,92,7,9,7,8,8,8,8,8,9,8,8,8,2
20,756,93,1,1,1,1,1,1,1,1,1,1,1,1,1
20,757,94,1,6,1,7,7,7,7,7,6,7,7,7,6
20,758,94,1,6,1,7,7,7,7,7,6,7,7,7,6
20,759,95,2,8,2,10,10,10,10,10,6,10,10,10,10
20,760,95,2,8,2,10,10,10,10,10,6,10,10,10,10
20,761,96,6,1,6,9,9,9,9,9,7,9,9,9,9
20,762,97,1,6,1,7,7,7,7,7,6,7,7,7,6
20,763,98,3,10,3,8,8,8,8,8,10,8,8,8,2
20,764,99,1,8,1,10,10,10,10,10,1,10,10,10,10
20,765,99,1,8,1,10,10,10,10,10,1,10,10,10,10
20,766,100,3,10,3,7,7,7,7,7,10,7,7,7,6
20,767,100,3,10,3,7,7,7,7,7,10,7,7,7,6
20,768,100,3,10,3,7,7,7,7,7,10,7,7,7,6
20,769,100,3,10,3,7,7,7,7,7,10,7,7,7,6
20,770,101,3,10,3,1,1,1,1,1,10,1,1,1,1
20,771,101,3,10,3,1,1,1,1,1,10,1,1,1,1
20,772,102,6,1,6,9,9,9,9,9,7,9,9,9,9
20,773,102,6,1,6,9,9,9,9,9,7,9,9,9,9
20,774,102,6,1,6,9,9,9,9,9,7,9,9,9,9
20,775,102,6,1,6,9,9,9,9,9,7,9,9,9,9
20,776,103,1,1,1,1,1,1,1,1,1,1,1,1,1
20,777,104,3,5,3,7,7,7,7,7,10,7,7,7,6
20,778,104,3,5,3,7,7,7,7,7,10,7,7,7,6
20,779,104,3,5,3,7,7,7,7,7,10,7,7,7,6
20,780,104,3,5,3,7,7,7,7,7,10,7,7,7,6
20,781,104,3,5,3,7,7,7,7,7,10,7,7,7,6
20,782,105,6,10,6,1,1,1,1,1,1,1,1,1,1
20,783,105,6,10,6,1,1,1,1,1,1,1,1,1,1
20,784,105,6,10,6,1,1,1,1,1,1,1,1,1,1
20,785,105,6,10,6,1,1,1,1,1,1,1,1,1,1
20,786,105,6,10,6,1,1,1,1,1,1,1,1,1,1
20,787,105,6,10,6,1,1,1,1,1,1,1,1,1,1
20,788,106,2,8,2,10,10,10,10,10,6,10,10,10,10
20,789,107,6,1,6,9,9,9,9,9,7,9,9,9,9
20,790,108,8,2,8,2,2,2,2,2,2,2,2,2,3
20,791,108,8,2,8,2,2,2,2,2,2,2,2,2,3
20,792,109,1,10,1,7,7,7,7,7,9,7,7,7,6
20,793,109,1,10,1,7,7,7,7,7,9,7,7,7,6
20,794,110,7,9,7,8,8,8,8,8,9,8,8,8,2
20,795,111,1,6,1,7,7,7,7,7,6,7,7,7,6
20,796,111,1,6,1,7,7,7,7,7,6,7,7,7,6
20,797,111,1,6,1,7,7,7,7,7,6,7,7,7,6
20,798,112,3,5,3,1,1,1,1,1,10,1,1,1,1
20,799,112,3,5,3,1,1,1,1,1,10,1,1,1,1
20,800,112,3,5,3,1,1,1,1,1,10,1,1,1,1
20,801,113,1,1,1,1,1,1,1,1,1,1,1,1,1
20,802,908,1,1,1,1,1,1,1,1,1,1,1,1,1
20,803,114,4,7,4,6,6,6,6,6,5,6,6,6,8
20,804,115,2,8,2,10,10,10,10,10,6,10,10,10,10
20,805,115,2,8,2,10,10,10,10,10,6,10,10,10,10
20,806,115,2,8,2,10,10,10,10,10,6,10,10,10,10
20,807,116,7,9,7,8,8,8,8,8,9,8,8,8,2
20,808,116,7,9,7,8,8,8,8,8,9,8,8,8,2
20,809,117,1,6,1,7,7,7,7,7,9,7,7,7,6
20,810,118,6,1,6,1,1,1,1,1,7,1,1,1,1
20,811,119,1,6,1,7,7,7,7,7,6,7,7,7,6
20,812,120,3,10,3,8,8,8,8,8,10,8,8,8,2
20,813,120,3,10,3,8,8,8,8,8,10,8,8,8,2
20,814,121,5,7,5,6,6,6,6,6,8,6,6,6,8
20,815,121,5,7,5,6,6,6,6,6,8,6,6,6,8
20,816,121,5,7,5,6,6,6,6,6,8,6,6,6,8
20,817,121,5,7,5,6,6,6,6,6,8,6,6,6,8
20,818,121,5,7,5,6,6,6,6,6,8,6,6,6,8
20,819,121,5,7,5,6,6,6,6,6,8,6,6,6,8
20,820,122,4,7,4,6,6,6,6,6,5,6,6,6,8
20,821,122,4,7,4,6,6,6,6,6,5,6,6,6,8
20,822,122,4,7,4,6,6,6,6,6,5,6,6,6,8
20,823,122,4,7,4,6,6,6,6,6,5,6,6,6,8
20,824,122,4,7,4,6,6,6,6,6,5,6,6,6,8
20,825,122,4,7,4,6,6,6,6,6,5,6,6,6,8
20,826,122,4,7,4,6,6,6,6,6,5,6,6,6,8
20,827,122,4,7,4,6,6,6,6,6,5,6,6,6,8
20,828,122,4,7,4,6,6,6,6,6,5,6,6,6,8
20,829,122,4,7,4,6,6,6,6,6,5,6,6,6,8
20,830,122,4,7,4,6,6,6,6,6,5,6,6,6,8
20,831,123,4,10,7,8,8,8,8,8,9,8,8,8,2
20,832,123,4,10,7,8,8,8,8,8,9,8,8,8,2
20,833,123,4,10,7,8,8,8,8,8,9,8,8,8,2
20,834,123,4,10,7,8,8,8,8,8,9,8,8,8,2
20,835,124,6,1,6,9,9,9,9,9,7,9,9,9,9
20,836,125,1,6,1,7,7,7,7,7,6,7,7,7,6
20,837,126,1,1,1,1,1,1,1,1,1,1,1,1,1
20,838,127,5,3,5,3,3,3,3,3,8,3,3,3,7
20,839,127,5,3,5,3,3,3,3,3,8,3,3,3,7
20,840,127,5,3,5,3,3,3,3,3,8,3,3,3,7
20,841,128,1,6,1,7,7,7,7,7,9,7,7,7,6
20,842,128,1,6,1,7,7,7,7,7,9,7,7,7,6
20,843,128,1,6,1,7,7,7,7,7,9,7,7,7,6
20,844,128,1,6,1,7,7,7,7,7,9,7,7,7,6
20,845,128,1,6,1,7,7,7,7,7,9,7,7,7,6
20,846,129,3,10,3,7,7,7,7,7,10,7,7,7,6
20,847,130,6,1,6,9,9,9,9,9,7,9,9,9,9
20,848,130,6,1,6,9,9,9,9,9,7,9,9,9,9
20,849,130,6,1,6,9,9,9,9,9,7,9,9,9,9
20,850,130,6,1,6,9,9,9,9,9,7,9,9,9,9
20,851,131,2,8,2,10,10,10,10,10,3,10,10,10,10
20,852,131,2,8,2,10,10,10,10,10,3,10,10,10,10
20,853,131,2,8,2,10,10,10,10,10,3,10,10,10,10
20,854,131,2,8,2,10,10,10,10,10,3,10,10,10,10
20,855,131,2,8,2,10,10,10,10,10,3,10,10,10,10
20,856,131,2,8,2,10,10,10,10,10,3,10,10,10,10
20,857,131,2,8,2,10,10,10,10,10,3,10,10,10,10
20,858,131,2,8,2,10,10,10,10,10,3,10,10,10,10
20,859,131,2,8,2,10,10,10,10,10,3,10,10,10,10
20,860,131,2,8,2,10,10,10,10,10,3,10,10,10,10
20,861,131,2,8,2,10,10,10,10,10,3,10,10,10,10
20,862,132,3,10,3,1,1,1,1,1,1,1,1,1,1
20,863,132,3,10,3,1,1,1,1,1,1,1,1,1,1
20,864,132,3,10,3,1,1,1,1,1,1,1,1,1,1
20,865,132,3,10,3,1,1,1,1,1,1,1,1,1,1
20,866,133,10,4,10,10,10,10,10,10,6,10,10,10,10
20,867,133,10,4,10,10,10,10,10,10,6,10,10,10,10
20,868,133,10,4,10,10,10,10,10,10,6,10,10,10,10
20,869,133,10,4,10,10,10,10,10,10,6,10,10,10,10
20,870,133,10,4,10,10,10,10,10,10,6,10,10,10,10
20,871,134,8,10,8,9,9,9,9,9,7,9,9,9,9
20,872,134,8,10,8,9,9,9,9,9,7,9,9,9,9
20,873,134,8,10,8,9,9,9,9,9,7,9,9,9,9
20,874,135,1,6,1,7,7,7,7,7,6,7,7,7,6
20,875,136,1,8,1,10,10,10,10,10,6,10,10,10,10
20,876,137,1,1,1,1,1,1,1,1,1,1,1,1,1
20,877,138,5,3,5,3,3,3,3,3,8,3,3,3,7
20,878,138,5,3,5,3,3,3,3,3,8,3,3,3,7
20,879,138,5,3,5,3,3,3,3,3,8,3,3,3,7
20,880,138,5,3,5,3,3,3,3,3,8,3,3,3,7
20,881,138,5,3,5,3,3,3,3,3,8,3,3,3,7
20,882,139,2,8,2,10,10,10,10,10,6,10,10,10,10
20,883,140,5,3,5,3,3,3,3,3,8,3,3,3,7
20,884,140,5,3,5,3,3,3,3,3,8,3,3,3,7
20,885,140,5,3,5,3,3,3,3,3,8,3,3,3,7
20,886,140,5,3,5,3,3,3,3,3,8,3,3,3,7
20,887,140,5,3,5,3,3,3,3,3,8,3,3,3,7
20,888,140,5,3,5,3,3,3,3,3,8,3,3,3,7
20,889,140,5,3,5,3,3,3,3,3,8,3,3,3,7
20,890,140,5,3,5,3,3,3,3,3,8,3,3,3,7
20,891,141,6,1,6,1,1,1,1,1,1,1,1,1,1
20,892,141,6,1,6,1,1,1,1,1,1,1,1,1,1
20,893,142,1,6,1,7,7,7,7,7,10,7,7,7,6
20,894,143,4,10,4,8,8,8,8,8,9,8,8,8,2
20,895,143,4,10,4,8,8,8,8,8,9,8,8,8,2
20,896,144,6,1,6,1,1,1,1,1,1,1,1,1,1
20,897,145,4,7,4,6,6,6,6,6,9,6,6,6,8
20,898,145,4,7,4,6,6,6,6,6,9,6,6,6,8
20,899,146,7,10,7,8,8,8,8,8,10,8,8,8,2
20,900,147,1,8,1,10,10,10,10,10,1,10,10,10,10
20,901,147,1,8,1,10,10,10,10,10,1,10,10,10,10
20,902,147,1,8,1,10,10,10,10,10,1,10,10,10,10
20,903,147,1,8,1,10,10,10,10,10,1,10,10,10,10
20,904,147,1,8,1,10,10,10,10,10,1,10,10,10,10
20,905,147,1,8,1,10,10,10,10,10,1,10,10,10,10
20,906,148,2,1,2,1,1,1,1,1,1,1,1,1,1
20,907,149,6,1,6,9,9,9,9,9,7,9,9,9,9
20,908,150,7,9,7,2,2,2,2,2,2,2,2,2,3
20,909,150,7,9,7,2,2,2,2,2,2,2,2,2,3
20,910,150,7,9,7,2,2,2,2,2,2,2,2,2,3
20,911,151,7,9,7,8,8,8,8,8,9,8,8,8,2
20,912,151,7,9,7,8,8,8,8,8,9,8,8,8,2
20,913,152,7,10,7,8,8,8,8,8,10,8,8,8,2
20,914,153,1,6,1,7,7,7,7,7,6,7,7,7,6
20,915,153,1,6,1,7,7,7,7,7,6,7,7,7,6
20,916,153,1,6,1,7,7,7,7,7,6,7,7,7,6
20,917,154,9,5,9,5,5,5,5,5,4,5,5,5,5
20,918,154,9,5,9,5,5,5,5,5,4,5,5,5,5
20,919,154,9,5,9,5,5,5,5,5,4,5,5,5,5
20,920,155,8,9,8,2,2,2,2,2,10,2,2,2,3
20,921,156,7,9,7,8,8,8,8,8,2,8,8,8,2
20,922,156,7,9,7,8,8,8,8,8,2,8,8,8,2
20,923,156,7,9,7,8,8,8,8,8,2,8,8,8,2
20,924,157,2,1,2,1,1,1,1,1,1,1,1,1,1
20,925,157,2,1,2,1,1,1,1,1,1,1,1,1,1
20,926,37,2,1,2,1,1,1,1,1,1,1,1,1,1
20,927,158,1,1,1,10,10,10,10,10,1,10,10,10,10
20,928,158,1,1,1,10,10,10,10,10,1,10,10,10,10
20,929,158,1,1,1,10,10,10,10,10,1,10,10,10,10
20,930,158,1,1,1,10,10,10,10,10,1,10,10,10,10
20,931,159,1,10,1,7,7,7,7,7,10,7,7,7,6
20,932,160,2,8,2,10,10,10,10,10,6,10,10,10,10
20,933,160,2,8,2,10,10,10,10,10,6,10,10,10,10
20,934,161,1,6,1,7,7,7,7,7,10,7,7,7,6
20,935,161,1,6,1,7,7,7,7,7,10,7,7,7,6
20,936,161,1,6,1,7,7,7,7,7,10,7,7,7,6
20,937,161,1,6,1,7,7,7,7,7,10,7,7,7,6
20,938,162,6,1,6,9,9,9,9,9,7,9,9,9,9
20,939,162,6,1,6,9,9,9,9,9,7,9,9,9,9
20,940,162,6,1,6,9,9,9,9,9,7,9,9,9,9
20,941,163,6,1,6,1,1,1,1,1,7,1,1,1,1
20,942,163,6,1,6,1,1,1,1,1,7,1,1,1,1
20,943,164,10,4,10,4,4,4,4,4,3,4,4,4,4
20,944,164,10,4,10,4,4,4,4,4,3,4,4,4,4
20,945,164,10,4,10,4,4,4,4,4,3,4,4,4,4
20,946,164,10,4,10,4,4,4,4,4,3,4,4,4,4
20,947,164,10,4,10,4,4,4,4,4,3,4,4,4,4
20,948,164,10,4,10,4,4,4,4,4,3,4,4,4,4
20,949,165,7,9,7,8,8,8,8,8,9,8,8,8,2
20,950,165,7,9,7,8,8,8,8,8,9,8,8,8,2
20,951,166,8,2,8,2,2,2,2,2,2,2,2,2,3
20,952,167,2,4,2,10,10,10,10,10,6,10,10,10,10
20,953,167,2,4,2,10,10,10,10,10,6,10,10,10,10
20,954,167,2,4,2,10,10,10,10,10,6,10,10,10,10
20,955,168,4,10,4,6,6,6,6,6,9,6,6,6,8
20,956,168,4,10,4,6,6,6,6,6,9,6,6,6,8
20,957,168,4,10,4,6,6,6,6,6,9,6,6,6,8
20,958,169,3,10,3,7,7,7,7,7,10,7,7,7,6
20,959,169,3,10,3,7,7,7,7,7,10,7,7,7,6
20,960,169,3,10,3,7,7,7,7,7,10,7,7,7,6
20,961,169,3,10,3,7,7,7,7,7,10,7,7,7,6
20,962,170,2,8,2,10,10,10,10,10,6,10,10,10,10
20,963,170,2,8,2,10,10,10,10,10,6,10,10,10,10
20,964,170,2,8,2,10,10,10,10,10,6,10,10,10,10
20,965,170,2,8,2,10,10,10,10,10,6,10,10,10,10
20,966,170,2,8,2,10,10,10,10,10,6,10,10,10,10
20,967,170,2,8,2,10,10,10,10,10,6,10,10,10,10
20,968,170,2,8,2,10,10,10,10,10,6,10,10,10,10
20,969,170,2,8,2,10,10,10,10,10,6,10,10,10,10
20,970,170,2,8,2,10,10,10,10,10,6,10,10,10,10
20,971,170,2,8,2,10,10,10,10,10,6,10,10,10,10
20,972,170,2,8,2,10,10,10,10,10,6,10,10,10,10
20,973,170,2,8,2,10,10,10,10,10,6,10,10,10,10
20,974,170,2,8,2,10,10,10,10,10,6,10,10,10,10
20,975,170,2,8,2,10,10,10,10,10,6,10,10,10,10
20,976,170,2,8,2,10,10,10,10,10,6,10,10,10,10
20,977,170,2,8,2,10,10,10,10,10,6,10,10,10,10
20,978,171,6,1,6,1,1,1,1,1,7,1,1,1,1
20,979,172,1,8,1,7,7,7,7,7,6,7,7,7,6
20,980,172,1,8,1,7,7,7,7,7,6,7,7,7,6
20,981,173,10,8,10,10,10,10,10,10,6,10,10,10,10
20,982,174,1,1,1,1,1,1,1,1,1,1,1,1,1
20,983,174,1,1,1,1,1,1,1,1,1,1,1,1,1
20,984,174,1,1,1,1,1,1,1,1,1,1,1,1,1
20,985,174,1,1,1,1,1,1,1,1,1,1,1,1,1
20,986,175,1,8,1,10,10,10,10,10,6,10,10,10,10
20,987,175,1,8,1,10,10,10,10,10,6,10,10,10,10
20,988,175,1,8,1,10,10,10,10,10,6,10,10,10,10
20,989,175,1,8,1,10,10,10,10,10,6,10,10,10,10
20,990,175,1,8,1,10,10,10,10,10,6,10,10,10,10
20,991,175,1,8,1,10,10,10,10,10,6,10,10,10,10
20,992,175,1,8,1,10,10,10,10,10,6,10,10,10,10
20,993,175,1,8,1,10,10,10,10,10,6,10,10,10,10
20,994,175,1,8,1,10,10,10,10,10,6,10,10,10,10
20,995,175,1,8,1,10,10,10,10,10,6,10,10,10,10
20,996,175,1,8,1,10,10,10,10,10,6,10,10,10,10
20,997,175,1,8,1,10,10,10,10,10,6,10,10,10,10
20,998,175,1,8,1,10,10,10,10,10,6,10,10,10,10
20,999,176,1,8,1,10,10,10,10,10,6,10,10,10,10
20,1000,176,1,8,1,10,10,10,10,10,6,10,10,10,10
20,1001,176,1,8,1,10,10,10,10,10,6,10,10,10,10
20,1002,177,1,8,1,10,10,10,10,10,6,10,10,10,10
20,1003,178,8,2,8,2,2,2,2,2,2,2,2,2,3
20,1004,178,8,2,8,2,2,2,2,2,2,2,2,2,3
20,1005,179,2,1,2,1,1,1,1,1,1,1,1,1,1
20,1006,179,2,1,2,1,1,1,1,1,1,1,1,1,1
20,1007,180,6,1,6,9,9,9,9,9,7,9,9,9,9
20,1008,180,6,1,6,9,9,9,9,9,7,9,9,9,9
20,1009,181,10,4,10,10,10,10,10,10,6,10,10,10,10
20,1010,182,10,4,10,4,4,4,4,4,3,4,4,4,4
20,1011,182,10,4,10,4,4,4,4,4,3,4,4,4,4
20,1012,182,10,4,10,4,4,4,4,4,3,4,4,4,4
20,1013,182,10,4,10,4,4,4,4,4,3,4,4,4,4
20,1014,182,10,4,10,4,4,4,4,4,3,4,4,4,4
20,1015,182,10,4,10,4,4,4,4,4,3,4,4,4,4
20,1016,182,10,4,10,4,4,4,4,4,3,4,4,4,4
20,1017,182,10,4,10,4,4,4,4,4,3,4,4,4,4
20,1018,182,10,4,10,4,4,4,4,4,3,4,4,4,4
20,1019,182,10,4,10,4,4,4,4,4,3,4,4,4,4
20,1020,182,10,4,10,4,4,4,4,4,3,4,4,4,4
20,1021,182,10,4,10,4,4,4,4,4,3,4,4,4,4
20,1022,182,10,4,10,4,4,4,4,4,3,4,4,4,4
20,1023,182,10,4,10,4,4,4,4,4,3,4,4,4,4
20,1024,182,10,4,10,4,4,4,4,4,3,4,4,4,4
20,1025,182,10,4,10,4,4,4,4,4,3,4,4,4,4
20,1026,182,10,4,10,4,4,4,4,4,3,4,4,4,4
20,1027,182,10,4,10,4,4,4,4,4,3,4,4,4,4
20,1028,182,10,4,10,4,4,4,4,4,3,4,4,4,4
20,1029,182,10,4,10,4,4,4,4,4,3,4,4,4,4
20,1030,182,10,4,10,4,4,4,4,4,3,4,4,4,4
20,1031,182,10,4,10,4,4,4,4,4,3,4,4,4,4
20,1032,182,10,4,10,4,4,4,4,4,3,4,4,4,4
20,1033,182,10,4,10,4,4,4,4,4,3,4,4,4,4
20,1034,182,10,4,10,4,4,4,4,4,3,4,4,4,4
20,1035,182,10,4,10,4,4,4,4,4,3,4,4,4,4
20,1036,182,10,4,10,4,4,4,4,4,3,4,4,4,4
20,1037,182,10,4,10,4,4,4,4,4,3,4,4,4,4
20,1038,182,10,4,10,4,4,4,4,4,3,4,4,4,4
20,1039,182,10,4,10,4,4,4,4,4,3,4,4,4,4
20,1040,182,10,4,10,4,4,4,4,4,3,4,4,4,4
20,1041,182,10,4,10,4,4,4,4,4,3,4,4,4,4
20,1042,182,10,4,10,4,4,4,4,4,3,4,4,4,4
20,1043,182,10,4,10,4,4,4,4,4,3,4,4,4,4
20,1044,182,10,4,10,4,4,4,4,4,3,4,4,4,4
20,1045,182,10,4,10,4,4,4,4,4,3,4,4,4,4
20,1046,182,10,4,10,4,4,4,4,4,3,4,4,4,4
20,1047,182,10,4,10,4,4,4,4,4,3,4,4,4,4
20,1048,182,10,4,10,4,4,4,4,4,3,4,4,4,4
20,1049,182,10,4,10,4,4,4,4,4,3,4,4,4,4
20,1050,182,10,4,10,4,4,4,4,4,3,4,4,4,4
20,1051,182,10,4,10,4,4,4,4,4,3,4,4,4,4
20,1052,182,10,4,10,4,4,4,4,4,3,4,4,4,4
20,1053,182,10,4,10,4,4,4,4,4,3,4,4,4,4
20,1054,182,10,4,10,4,4,4,4,4,3,4,4,4,4
20,1055,182,10,4,10,4,4,4,4,4,3,4,4,4,4
20,1056,182,10,4,10,4,4,4,4,4,3,4,4,4,4
20,1057,182,10,4,10,4,4,4,4,4,3,4,4,4,4
20,1058,182,10,4,10,4,4,4,4,4,3,4,4,4,4
20,1059,182,10,4,10,4,4,4,4,4,3,4,4,4,4
20,1060,182,10,4,10,4,4,4,4,4,3,4,4,4,4
20,1061,182,10,4,10,4,4,4,4,4,3,4,4,4,4
20,1062,182,10,4,10,4,4,4,4,4,3,4,4,4,4
20,1063,182,10,4,10,4,4,4,4,4,3,4,4,4,4
20,1064,182,10,4,10,4,4,4,4,4,3,4,4,4,4
20,1065,182,10,4,10,4,4,4,4,4,3,4,4,4,4
20,1066,182,10,4,10,4,4,4,4,4,3,4,4,4,4
20,1067,182,10,4,10,4,4,4,4,4,3,4,4,4,4
20,1068,182,10,4,10,4,4,4,4,4,3,4,4,4,4
20,1069,182,10,4,10,4,4,4,4,4,3,4,4,4,4
20,1070,182,10,4,10,4,4,4,4,4,3,4,4,4,4
20,1071,182,10,4,10,4,4,4,4,4,3,4,4,4,4
20,1072,182,10,4,10,4,4,4,4,4,3,4,4,4,4
20,1073,182,10,4,10,4,4,4,4,4,3,4,4,4,4
20,1074,182,10,4,10,4,4,4,4,4,3,4,4,4,4
20,1075,182,10,4,10,4,4,4,4,4,3,4,4,4,4
20,1076,182,10,4,10,4,4,4,4,4,3,4,4,4,4
20,1077,182,10,4,10,4,4,4,4,4,3,4,4,4,4
20,1078,182,10,4,10,4,4,4,4,4,3,4,4,4,4
20,1079,182,10,4,10,4,4,4,4,4,3,4,4,4,4
20,1080,182,10,4,10,4,4,4,4,4,3,4,4,4,4
20,1081,182,10,4,10,4,4,4,4,4,3,4,4,4,4
20,1082,182,10,4,10,4,4,4,4,4,3,4,4,4,4
20,1083,182,10,4,10,4,4,4,4,4,3,4,4,4,4
20,1084,183,10,8,10,4,4,4,4,4,6,4,4,4,4
20,1085,183,10,8,10,4,4,4,4,4,6,4,4,4,4
20,1086,183,10,8,10,4,4,4,4,4,6,4,4,4,4
20,1087,183,10,8,10,4,4,4,4,4,6,4,4,4,4
20,1088,183,10,8,10,4,4,4,4,4,6,4,4,4,4
20,1089,183,10,8,10,4,4,4,4,4,6,4,4,4,4
20,1090,183,10,8,10,4,4,4,4,4,6,4,4,4,4
20,1091,183,10,8,10,4,4,4,4,4,6,4,4,4,4
20,1092,183,10,8,10,4,4,4,4,4,6,4,4,4,4
20,1093,183,10,8,10,4,4,4,4,4,6,4,4,4,4
20,1094,183,10,8,10,4,4,4,4,4,6,4,4,4,4
20,1095,183,10,8,10,4,4,4,4,4,6,4,4,4,4
20,1096,183,10,8,10,4,4,4,4,4,6,4,4,4,4
20,1097,183,10,8,10,4,4,4,4,4,6,4,4,4,4
20,1098,183,10,8,10,4,4,4,4,4,6,4,4,4,4
20,1099,184,8,2,8,2,2,2,2,2,2,2,2,2,3
20,1100,184,8,2,8,2,2,2,2,2,2,2,2,2,3
20,1101,184,8,2,8,2,2,2,2,2,2,2,2,2,3
20,1102,184,8,2,8,2,2,2,2,2,2,2,2,2,3
20,1103,184,8,2,8,2,2,2,2,2,2,2,2,2,3
20,1104,184,8,2,8,2,2,2,2,2,2,2,2,2,3
20,1105,184,8,2,8,2,2,2,2,2,2,2,2,2,3
20,1106,185,1,6,1,7,7,7,7,7,6,7,7,7,6
20,1107,186,3,10,3,7,7,7,7,7,10,7,7,7,6
20,1108,187,2,8,2,10,10,10,10,10,6,10,10,10,10
20,1109,187,2,8,2,10,10,10,10,10,6,10,10,10,10
20,1110,188,6,1,6,9,9,9,9,9,7,9,9,9,9
20,1111,189,2,8,2,10,10,10,10,10,6,10,10,10,10
20,1112,190,8,2,8,2,2,2,2,2,2,2,2,2,3
20,1113,190,8,2,8,2,2,2,2,2,2,2,2,2,3
20,1114,190,8,2,8,2,2,2,2,2,2,2,2,2,3
20,1115,190,8,2,8,2,2,2,2,2,2,2,2,2,3
20,1116,190,8,2,8,2,2,2,2,2,2,2,2,2,3
20,1117,191,1,6,1,7,7,7,7,7,5,7,7,7,6
20,1118,191,1,6,1,7,7,7,7,7,5,7,7,7,6
20,1119,192,4,6,4,6,6,6,6,6,5,6,6,6,8
20,1120,192,4,6,4,6,6,6,6,6,5,6,6,6,8
20,1121,192,4,6,4,6,6,6,6,6,5,6,6,6,8
20,1122,192,4,6,4,6,6,6,6,6,5,6,6,6,8
20,1123,192,4,6,4,6,6,6,6,6,5,6,6,6,8
20,1124,192,4,6,4,6,6,6,6,6,5,6,6,6,8
20,1125,192,4,6,4,6,6,6,6,6,5,6,6,6,8
20,1126,192,4,6,4,6,6,6,6,6,5,6,6,6,8
20,1127,192,4,6,4,6,6,6,6,6,5,6,6,6,8
20,1128,192,4,6,4,6,6,6,6,6,5,6,6,6,8
20,1129,193,2,8,2,10,10,10,10,10,6,10,10,10,10
20,1130,193,2,8,2,10,10,10,10,10,6,10,10,10,10
20,1131,194,1,8,1,10,10,10,10,10,6,10,10,10,10
20,1132,194,1,8,1,10,10,10,10,10,6,10,10,10,10
20,1133,195,1,6,1,7,7,7,7,7,9,7,7,7,6
20,1134,196,6,1,6,1,1,1,1,1,1,1,1,1,1
20,1135,196,6,1,6,1,1,1,1,1,1,1,1,1,1
20,1136,197,1,8,1,7,7,7,7,7,6,7,7,7,6
20,1137,198,1,6,1,7,7,7,7,7,10,7,7,7,6
20,1138,198,1,6,1,7,7,7,7,7,10,7,7,7,6
20,1139,199,4,3,4,3,3,3,3,3,8,3,3,3,7
20,1140,199,4,3,4,3,3,3,3,3,8,3,3,3,7
20,1141,199,4,3,4,3,3,3,3,3,8,3,3,3,7
20,1142,199,4,3,4,3,3,3,3,3,8,3,3,3,7
20,1143,199,4,3,4,3,3,3,3,3,8,3,3,3,7
20,1144,199,4,3,4,3,3,3,3,3,8,3,3,3,7
20,1145,199,4,3,4,3,3,3,3,3,8,3,3,3,7
20,1146,199,4,3,4,3,3,3,3,3,8,3,3,3,7
20,1147,199,4,3,4,3,3,3,3,3,8,3,3,3,7
20,1148,199,4,3,4,3,3,3,3,3,8,3,3,3,7
20,1149,199,4,3,4,3,3,3,3,3,8,3,3,3,7
20,1150,199,4,3,4,3,3,3,3,3,8,3,3,3,7
20,1151,199,4,3,4,3,3,3,3,3,8,3,3,3,7
20,1152,199,4,3,4,3,3,3,3,3,8,3,3,3,7
20,1153,199,4,3,4,3,3,3,3,3,8,3,3,3,7
20,1154,199,4,3,4,3,3,3,3,3,8,3,3,3,7
20,1155,199,4,3,4,3,3,3,3,3,8,3,3,3,7
20,1156,199,4,3,4,3,3,3,3,3,8,3,3,3,7
20,1157,199,4,3,4,3,3,3,3,3,8,3,3,3,7
20,1158,199,4,3,4,3,3,3,3,3,8,3,3,3,7
20,1159,199,4,3,4,3,3,3,3,3,8,3,3,3,7
20,1160,199,4,3,4,3,3,3,3,3,8,3,3,3,7
20,1161,199,4,3,4,3,3,3,3,3,8,3,3,3,7
20,1162,200,6,1,6,9,9,9,9,9,7,9,9,9,9
20,1163,200,6,1,6,9,9,9,9,9,7,9,9,9,9
20,1164,201,4,6,4,6,6,6,6,6,5,6,6,6,6
20,1165,201,4,6,4,6,6,6,6,6,5,6,6,6,6
20,1166,201,4,6,4,6,6,6,6,6,5,6,6,6,6
20,1167,201,4,6,4,6,6,6,6,6,5,6,6,6,6
20,1168,202,1,6,1,7,7,7,7,7,6,7,7,7,6
20,1169,202,1,6,1,7,7,7,7,7,6,7,7,7,6
20,1170,203,8,9,8,2,2,2,2,2,2,2,2,2,3
20,1171,203,8,9,8,2,2,2,2,2,2,2,2,2,3
20,1172,204,7,10,7,8,8,8,8,8,9,8,8,8,2
20,1173,204,7,10,7,8,8,8,8,8,9,8,8,8,2
20,1174,204,7,10,7,8,8,8,8,8,9,8,8,8,2
20,1175,204,7,10,7,8,8,8,8,8,9,8,8,8,2
20,1176,205,4,7,4,6,6,6,6,6,5,6,6,6,8
20,1177,206,10,6,10,6,6,6,6,6,5,6,6,6,8
20,1178,206,10,6,10,6,6,6,6,6,5,6,6,6,8
20,1179,206,10,6,10,6,6,6,6,6,5,6,6,6,8
20,1180,206,10,6,10,6,6,6,6,6,5,6,6,6,8
20,1181,206,10,6,10,6,6,6,6,6,5,6,6,6,8
20,1182,206,10,6,10,6,6,6,6,6,5,6,6,6,8
20,1183,206,10,6,10,6,6,6,6,6,5,6,6,6,8
20,1184,207,4,6,4,6,6,6,6,6,5,6,6,6,NA
20,1185,207,4,6,4,6,6,6,6,6,5,6,6,6,NA
20,1186,207,4,6,4,6,6,6,6,6,5,6,6,6,NA
20,1187,207,4,6,4,6,6,6,6,6,5,6,6,6,NA
20,1188,207,4,6,4,6,6,6,6,6,5,6,6,6,NA
20,1189,207,4,6,4,6,6,6,6,6,5,6,6,6,NA
20,1190,207,4,6,4,6,6,6,6,6,5,6,6,6,NA
20,1191,207,4,6,4,6,6,6,6,6,5,6,6,6,NA
20,1192,207,4,6,4,6,6,6,6,6,5,6,6,6,NA
20,1193,208,6,2,6,9,9,9,9,9,7,9,9,9,9
20,1194,208,6,2,6,9,9,9,9,9,7,9,9,9,9
20,1195,208,6,2,6,9,9,9,9,9,7,9,9,9,9
20,1196,208,6,2,6,9,9,9,9,9,7,9,9,9,9
20,1197,208,6,2,6,9,9,9,9,9,7,9,9,9,9
20,1198,208,6,2,6,9,9,9,9,9,7,9,9,9,9
20,1199,208,6,2,6,9,9,9,9,9,7,9,9,9,9
20,1200,208,6,2,6,9,9,9,9,9,7,9,9,9,9
20,1201,208,6,2,6,9,9,9,9,9,7,9,9,9,9
20,1202,208,6,2,6,9,9,9,9,9,7,9,9,9,9
20,1203,208,6,2,6,9,9,9,9,9,7,9,9,9,9
20,1204,209,4,7,4,6,6,6,6,6,9,6,6,6,8
20,1205,210,6,1,6,9,9,9,9,9,7,9,9,9,9
20,1206,210,6,1,6,9,9,9,9,9,7,9,9,9,9
20,1207,210,6,1,6,9,9,9,9,9,7,9,9,9,9
20,1208,210,6,1,6,9,9,9,9,9,7,9,9,9,9
20,1209,210,6,1,6,9,9,9,9,9,7,9,9,9,9
20,1210,211,4,7,4,6,6,6,6,6,9,6,6,6,8
20,1211,211,4,7,4,6,6,6,6,6,9,6,6,6,8
20,1212,211,4,7,4,6,6,6,6,6,9,6,6,6,8
20,1213,212,10,6,10,7,7,7,7,7,6,7,7,7,6
20,1214,212,10,6,10,7,7,7,7,7,6,7,7,7,6
20,1215,213,8,9,8,2,2,2,2,2,2,2,2,2,3
20,1216,213,8,9,8,2,2,2,2,2,2,2,2,2,3
20,1217,214,10,8,10,10,10,10,10,10,6,10,10,10,10
20,1218,214,10,8,10,10,10,10,10,10,6,10,10,10,10
20,1219,215,1,1,1,1,1,1,1,1,1,1,1,1,1
20,1220,216,1,6,1,7,7,7,7,7,6,7,7,7,6
20,1221,217,6,1,6,1,1,1,1,1,1,1,1,1,1
20,1222,217,6,1,6,1,1,1,1,1,1,1,1,1,1
20,1223,217,6,1,6,1,1,1,1,1,1,1,1,1,1
20,1224,217,6,1,6,1,1,1,1,1,1,1,1,1,1
20,1225,218,6,1,6,9,9,9,9,9,7,9,9,9,9
20,1226,219,1,6,1,7,7,7,7,7,10,7,7,7,6
20,1227,219,1,6,1,7,7,7,7,7,10,7,7,7,6
20,1228,220,1,8,1,10,10,10,10,10,6,10,10,10,10
20,1229,220,1,8,1,10,10,10,10,10,6,10,10,10,10
20,1230,220,1,8,1,10,10,10,10,10,6,10,10,10,10
20,1231,220,1,8,1,10,10,10,10,10,6,10,10,10,10
20,1232,221,1,1,1,1,1,1,1,1,1,1,1,1,1
20,1233,221,1,1,1,1,1,1,1,1,1,1,1,1,1
20,1234,222,1,6,1,7,7,7,7,7,6,7,7,7,6
20,1235,222,1,6,1,7,7,7,7,7,6,7,7,7,6
20,1236,223,1,6,1,7,7,7,7,7,6,7,7,7,6
20,1237,224,1,1,1,1,1,1,1,1,1,1,1,1,1
20,1238,225,8,2,8,2,2,2,2,2,2,2,2,2,3
20,1239,225,8,2,8,2,2,2,2,2,2,2,2,2,3
20,1240,225,8,2,8,2,2,2,2,2,2,2,2,2,3
20,1241,226,1,6,1,7,7,7,7,7,9,7,7,7,6
20,1242,226,1,6,1,7,7,7,7,7,9,7,7,7,6
20,1243,227,9,5,9,10,10,10,10,10,1,10,10,10,10
20,1244,227,9,5,9,10,10,10,10,10,1,10,10,10,10
20,1245,227,9,5,9,10,10,10,10,10,1,10,10,10,10
20,1246,227,9,5,9,10,10,10,10,10,1,10,10,10,10
20,1247,227,9,5,9,10,10,10,10,10,1,10,10,10,10
20,1248,228,2,8,2,10,10,10,10,10,6,10,10,10,10
20,1249,229,8,9,8,9,9,9,9,9,10,9,9,9,9
20,1250,229,8,9,8,9,9,9,9,9,10,9,9,9,9
20,1251,230,6,1,6,9,9,9,9,9,7,9,9,9,9
20,1252,230,6,1,6,9,9,9,9,9,7,9,9,9,9
20,1253,231,4,7,4,6,6,6,6,6,5,6,6,6,6
20,1254,232,10,4,10,4,4,4,4,4,3,4,4,4,4
20,1255,232,10,4,10,4,4,4,4,4,3,4,4,4,4
20,1256,232,10,4,10,4,4,4,4,4,3,4,4,4,4
20,1257,232,10,4,10,4,4,4,4,4,3,4,4,4,4
20,1258,232,10,4,10,4,4,4,4,4,3,4,4,4,4
20,1259,232,10,4,10,4,4,4,4,4,3,4,4,4,4
20,1260,232,10,4,10,4,4,4,4,4,3,4,4,4,4
20,1261,232,10,4,10,4,4,4,4,4,3,4,4,4,4
20,1262,232,10,4,10,4,4,4,4,4,3,4,4,4,4
20,1263,232,10,4,10,4,4,4,4,4,3,4,4,4,4
20,1264,232,10,4,10,4,4,4,4,4,3,4,4,4,4
20,1265,232,10,4,10,4,4,4,4,4,3,4,4,4,4
20,1266,233,1,6,1,7,7,7,7,7,9,7,7,7,6
20,1267,234,2,8,2,10,10,10,10,10,6,10,10,10,10
20,1268,234,2,8,2,10,10,10,10,10,6,10,10,10,10
20,1269,234,2,8,2,10,10,10,10,10,6,10,10,10,10
20,1270,234,2,8,2,10,10,10,10,10,6,10,10,10,10
20,1271,235,7,10,7,8,8,8,8,8,9,8,8,8,2
20,1272,235,7,10,7,8,8,8,8,8,9,8,8,8,2
20,1273,235,7,10,7,8,8,8,8,8,9,8,8,8,2
20,1274,235,7,10,7,8,8,8,8,8,9,8,8,8,2
20,1275,235,7,10,7,8,8,8,8,8,9,8,8,8,2
20,1276,236,7,7,7,8,8,8,8,8,9,8,8,8,2
20,1277,236,7,7,7,8,8,8,8,8,9,8,8,8,2
20,1278,237,6,1,6,9,9,9,9,9,1,9,9,9,9
20,1279,237,6,1,6,9,9,9,9,9,1,9,9,9,9
20,1280,37,2,1,2,1,1,1,1,1,1,1,1,1,1
20,1281,909,6,1,6,9,9,9,9,9,7,9,9,9,9
20,1282,238,3,10,3,8,8,8,8,8,10,8,8,8,2
20,1283,239,6,1,6,9,9,9,9,9,7,9,9,9,9
20,1284,240,6,2,6,9,9,9,9,9,7,9,9,9,9
20,1285,241,3,10,3,8,8,8,8,8,10,8,8,8,2
20,1286,242,6,2,6,9,9,9,9,9,7,9,9,9,9
20,1287,242,6,2,6,9,9,9,9,9,7,9,9,9,9
20,1288,242,6,2,6,9,9,9,9,9,7,9,9,9,9
20,1289,242,6,2,6,9,9,9,9,9,7,9,9,9,9
20,1290,242,6,2,6,9,9,9,9,9,7,9,9,9,9
20,1291,243,3,10,3,7,7,7,7,7,10,7,7,7,6
20,1292,244,2,8,2,10,10,10,10,10,6,10,10,10,10
20,1293,244,2,8,2,10,10,10,10,10,6,10,10,10,10
20,1294,245,6,1,6,9,9,9,9,9,7,9,9,9,9
20,1295,245,6,1,6,9,9,9,9,9,7,9,9,9,9
20,1296,246,1,6,1,7,7,7,7,7,6,7,7,7,6
20,1297,247,5,3,5,3,3,3,3,3,8,3,3,3,7
20,1298,247,5,3,5,3,3,3,3,3,8,3,3,3,7
20,1299,247,5,3,5,3,3,3,3,3,8,3,3,3,7
20,1300,247,5,3,5,3,3,3,3,3,8,3,3,3,7
20,1301,247,5,3,5,3,3,3,3,3,8,3,3,3,7
20,1302,248,1,1,1,1,1,1,1,1,1,1,1,1,1
20,1303,249,6,1,6,9,9,9,9,9,7,9,9,9,9
20,1304,250,6,1,6,9,9,9,9,9,7,9,9,9,9
20,1305,250,6,1,6,9,9,9,9,9,7,9,9,9,9
20,1306,251,7,7,7,8,8,8,8,8,9,8,8,8,2
20,1307,251,7,7,7,8,8,8,8,8,9,8,8,8,2
20,1308,251,7,7,7,8,8,8,8,8,9,8,8,8,2
20,1309,251,7,7,7,8,8,8,8,8,9,8,8,8,2
20,1310,252,7,9,7,8,8,8,8,8,9,8,8,8,2
20,1311,252,7,9,7,8,8,8,8,8,9,8,8,8,2
20,1312,252,7,9,7,8,8,8,8,8,9,8,8,8,2
20,1313,252,7,9,7,8,8,8,8,8,9,8,8,8,2
20,1314,253,6,1,6,1,1,1,1,1,7,1,1,1,1
20,1315,254,1,1,1,1,1,1,1,1,1,1,1,1,1
20,1316,255,2,8,2,10,10,10,10,10,6,10,10,10,10
20,1317,255,2,8,2,10,10,10,10,10,6,10,10,10,10
20,1318,256,1,6,1,7,7,7,7,7,6,7,7,7,6
20,1319,257,6,1,6,1,1,1,1,1,7,1,1,1,1
20,1320,258,6,1,6,9,9,9,9,9,7,9,9,9,9
20,1321,258,6,1,6,9,9,9,9,9,7,9,9,9,9
20,1322,259,1,8,1,10,10,10,10,10,6,10,10,10,10
20,1323,259,1,8,1,10,10,10,10,10,6,10,10,10,10
20,1324,260,6,1,6,9,9,9,9,9,7,9,9,9,9
20,1325,260,6,1,6,9,9,9,9,9,7,9,9,9,9
20,1326,260,6,1,6,9,9,9,9,9,7,9,9,9,9
20,1327,260,6,1,6,9,9,9,9,9,7,9,9,9,9
20,1328,260,6,1,6,9,9,9,9,9,7,9,9,9,9
20,1329,260,6,1,6,9,9,9,9,9,7,9,9,9,9
20,1330,260,6,1,6,9,9,9,9,9,7,9,9,9,9
20,1331,260,6,1,6,9,9,9,9,9,7,9,9,9,9
20,1332,260,6,1,6,9,9,9,9,9,7,9,9,9,9
20,1333,261,1,6,1,7,7,7,7,7,6,7,7,7,6
20,1334,261,1,6,1,7,7,7,7,7,6,7,7,7,6
20,1335,261,1,6,1,7,7,7,7,7,6,7,7,7,6
20,1336,262,1,8,1,10,10,10,10,10,1,10,10,10,10
20,1337,262,1,8,1,10,10,10,10,10,1,10,10,10,10
20,1338,263,5,3,5,3,3,3,3,3,8,3,3,3,7
20,1339,263,5,3,5,3,3,3,3,3,8,3,3,3,7
20,1340,263,5,3,5,3,3,3,3,3,8,3,3,3,7
20,1342,263,5,3,5,3,3,3,3,3,8,3,3,3,7
20,1343,263,5,3,5,3,3,3,3,3,8,3,3,3,7
20,1344,263,5,3,5,3,3,3,3,3,8,3,3,3,7
20,1345,264,7,9,7,8,8,8,8,8,9,8,8,8,2
20,1346,264,7,9,7,8,8,8,8,8,9,8,8,8,2
20,1347,265,7,7,7,6,6,6,6,6,9,6,6,6,8
20,1348,265,7,7,7,6,6,6,6,6,9,6,6,6,8
20,1349,265,7,7,7,6,6,6,6,6,9,6,6,6,8
20,1350,265,7,7,7,6,6,6,6,6,9,6,6,6,8
20,1351,265,7,7,7,6,6,6,6,6,9,6,6,6,8
20,1352,266,1,6,1,7,7,7,7,7,6,7,7,7,6
20,1353,267,3,10,3,8,8,8,8,8,10,8,8,8,2
20,1354,268,6,1,6,9,9,9,9,9,7,9,9,9,9
20,1355,268,6,1,6,9,9,9,9,9,7,9,9,9,9
20,1356,268,6,1,6,9,9,9,9,9,7,9,9,9,9
20,1357,268,6,1,6,9,9,9,9,9,7,9,9,9,9
20,1358,268,6,1,6,9,9,9,9,9,7,9,9,9,9
20,1359,269,1,1,1,10,10,10,10,10,1,10,10,10,10
20,1360,269,1,1,1,10,10,10,10,10,1,10,10,10,10
20,1361,270,3,10,3,8,8,8,8,8,10,8,8,8,2
20,1362,270,3,10,3,8,8,8,8,8,10,8,8,8,2
20,1363,271,8,9,8,2,2,2,2,2,2,2,2,2,3
20,1364,271,8,9,8,2,2,2,2,2,2,2,2,2,3
20,1365,272,3,10,3,1,1,1,1,1,1,1,1,1,1
20,1366,272,3,10,3,1,1,1,1,1,1,1,1,1,1
20,1367,273,6,1,6,1,1,1,1,1,1,1,1,1,1
20,1368,274,4,7,4,6,6,6,6,6,5,6,6,6,6
20,1369,274,4,7,4,6,6,6,6,6,5,6,6,6,6
20,1370,274,4,7,4,6,6,6,6,6,5,6,6,6,6
20,1371,275,2,8,2,10,10,10,10,10,6,10,10,10,10
20,1372,276,2,4,2,4,4,4,4,4,3,4,4,4,4
20,1373,276,2,4,2,4,4,4,4,4,3,4,4,4,4
20,1374,276,2,4,2,4,4,4,4,4,3,4,4,4,4
20,1375,276,2,4,2,4,4,4,4,4,3,4,4,4,4
20,1376,276,2,4,2,4,4,4,4,4,3,4,4,4,4
20,1377,276,2,4,2,4,4,4,4,4,3,4,4,4,4
20,1378,276,2,4,2,4,4,4,4,4,3,4,4,4,4
20,1379,276,2,4,2,4,4,4,4,4,3,4,4,4,4
20,1380,276,2,4,2,4,4,4,4,4,3,4,4,4,4
20,1381,276,2,4,2,4,4,4,4,4,3,4,4,4,4
20,1382,276,2,4,2,4,4,4,4,4,3,4,4,4,4
20,1383,276,2,4,2,4,4,4,4,4,3,4,4,4,4
20,1384,276,2,4,2,4,4,4,4,4,3,4,4,4,4
20,1385,276,2,4,2,4,4,4,4,4,3,4,4,4,4
20,1386,276,2,4,2,4,4,4,4,4,3,4,4,4,4
20,1387,276,2,4,2,4,4,4,4,4,3,4,4,4,4
20,1388,276,2,4,2,4,4,4,4,4,3,4,4,4,4
20,1389,276,2,4,2,4,4,4,4,4,3,4,4,4,4
20,1390,276,2,4,2,4,4,4,4,4,3,4,4,4,4
20,1391,276,2,4,2,4,4,4,4,4,3,4,4,4,4
20,1392,276,2,4,2,4,4,4,4,4,3,4,4,4,4
20,1393,276,2,4,2,4,4,4,4,4,3,4,4,4,4
20,1394,276,2,4,2,4,4,4,4,4,3,4,4,4,4
20,1395,276,2,4,2,4,4,4,4,4,3,4,4,4,4
20,1396,277,7,9,7,8,8,8,8,8,9,8,8,8,2
20,1397,277,7,9,7,8,8,8,8,8,9,8,8,8,2
20,1398,278,1,6,1,7,7,7,7,7,6,7,7,7,6
20,1399,278,1,6,1,7,7,7,7,7,6,7,7,7,6
20,1400,278,1,6,1,7,7,7,7,7,6,7,7,7,6
20,1401,279,6,1,6,1,1,1,1,1,1,1,1,1,1
20,1402,280,4,7,4,6,6,6,6,6,5,6,6,6,8
20,1403,280,4,7,4,6,6,6,6,6,5,6,6,6,8
20,1404,281,1,1,1,1,1,1,1,1,1,1,1,1,1
20,1405,281,1,1,1,1,1,1,1,1,1,1,1,1,1
20,1406,281,1,1,1,1,1,1,1,1,1,1,1,1,1
20,1407,282,1,10,1,7,7,7,7,7,10,7,7,7,6
20,1408,282,1,10,1,7,7,7,7,7,10,7,7,7,6
20,1409,283,8,2,8,2,2,2,2,2,2,2,2,2,3
20,1410,283,8,2,8,2,2,2,2,2,2,2,2,2,3
20,1411,284,6,2,6,9,9,9,9,9,7,9,9,9,9
20,1412,284,6,2,6,9,9,9,9,9,7,9,9,9,9
20,1413,284,6,2,6,9,9,9,9,9,7,9,9,9,9
20,1414,284,6,2,6,9,9,9,9,9,7,9,9,9,9
20,1415,285,1,1,1,1,1,1,1,1,1,1,1,1,1
20,1416,286,1,8,1,7,7,7,7,7,6,7,7,7,6
20,1417,287,7,10,7,8,8,8,8,8,10,8,8,8,2
20,1418,288,6,1,6,9,9,9,9,9,7,9,9,9,9
20,1419,289,7,9,7,8,8,8,8,8,9,8,8,8,2
20,1420,289,7,9,7,8,8,8,8,8,9,8,8,8,2
20,1421,289,7,9,7,8,8,8,8,8,9,8,8,8,2
20,1422,290,3,10,3,1,1,1,1,1,1,1,1,1,1
20,1423,291,9,8,9,5,5,5,5,5,1,5,5,5,5
20,1424,291,9,8,9,5,5,5,5,5,1,5,5,5,5
20,1425,291,9,8,9,5,5,5,5,5,1,5,5,5,5
20,1426,292,1,8,1,10,10,10,10,10,1,10,10,10,10
20,1427,292,1,8,1,10,10,10,10,10,1,10,10,10,10
20,1428,292,1,8,1,10,10,10,10,10,1,10,10,10,10
20,1429,292,1,8,1,10,10,10,10,10,1,10,10,10,10
20,1430,292,1,8,1,10,10,10,10,10,1,10,10,10,10
20,1431,293,3,10,3,7,7,7,7,7,10,7,7,7,6
20,1432,293,3,10,3,7,7,7,7,7,10,7,7,7,6
20,1433,293,3,10,3,7,7,7,7,7,10,7,7,7,6
20,1434,293,3,10,3,7,7,7,7,7,10,7,7,7,6
20,1435,293,3,10,3,7,7,7,7,7,10,7,7,7,6
20,1436,293,3,10,3,7,7,7,7,7,10,7,7,7,6
20,1437,294,1,8,1,7,7,7,7,7,6,7,7,7,6
20,1438,295,6,1,6,9,9,9,9,9,7,9,9,9,9
20,1439,295,6,1,6,9,9,9,9,9,7,9,9,9,9
20,1440,296,1,6,1,7,7,7,7,7,9,7,7,7,6
20,1441,296,1,6,1,7,7,7,7,7,9,7,7,7,6
20,1442,296,1,6,1,7,7,7,7,7,9,7,7,7,6
20,1443,296,1,6,1,7,7,7,7,7,9,7,7,7,6
20,1444,296,1,6,1,7,7,7,7,7,9,7,7,7,6
20,1445,296,1,6,1,7,7,7,7,7,9,7,7,7,6
20,1446,296,1,6,1,7,7,7,7,7,9,7,7,7,6
20,1447,296,1,6,1,7,7,7,7,7,9,7,7,7,6
20,1448,297,1,6,1,7,7,7,7,7,6,7,7,7,6
20,1449,298,8,2,8,2,2,2,2,2,2,2,2,2,3
20,1450,298,8,2,8,2,2,2,2,2,2,2,2,2,3
20,1451,298,8,2,8,2,2,2,2,2,2,2,2,2,3
20,1452,299,3,10,3,7,7,7,7,7,10,7,7,7,6
20,1453,299,3,10,3,7,7,7,7,7,10,7,7,7,6
20,1454,300,8,2,8,2,2,2,2,2,2,2,2,2,3
20,1455,300,8,2,8,2,2,2,2,2,2,2,2,2,3
20,1456,300,8,2,8,2,2,2,2,2,2,2,2,2,3
20,1457,300,8,2,8,2,2,2,2,2,2,2,2,2,3
20,1458,301,1,6,1,7,7,7,7,7,6,7,7,7,6
20,1459,302,1,1,1,10,10,10,10,10,1,10,10,10,10
20,1460,302,1,1,1,10,10,10,10,10,1,10,10,10,10
20,1461,303,5,3,5,6,6,6,6,6,8,6,6,6,8
20,1462,303,5,3,5,6,6,6,6,6,8,6,6,6,8
20,1463,304,7,9,7,8,8,8,8,8,9,8,8,8,2
20,1464,304,7,9,7,8,8,8,8,8,9,8,8,8,2
20,1465,305,4,7,4,6,6,6,6,6,5,6,6,6,8
20,1466,305,4,7,4,6,6,6,6,6,5,6,6,6,8
20,1467,305,4,7,4,6,6,6,6,6,5,6,6,6,8
20,1468,305,4,7,4,6,6,6,6,6,5,6,6,6,8
20,1469,305,4,7,4,6,6,6,6,6,5,6,6,6,8
20,1470,305,4,7,4,6,6,6,6,6,5,6,6,6,8
20,1471,305,4,7,4,6,6,6,6,6,5,6,6,6,8
20,1472,306,5,7,5,6,6,6,6,6,8,6,6,6,8
20,1473,307,2,4,2,10,10,10,10,10,3,10,10,10,10
20,1474,307,2,4,2,10,10,10,10,10,3,10,10,10,10
20,1475,307,2,4,2,10,10,10,10,10,3,10,10,10,10
20,1476,307,2,4,2,10,10,10,10,10,3,10,10,10,10
20,1477,307,2,4,2,10,10,10,10,10,3,10,10,10,10
20,1478,307,2,4,2,10,10,10,10,10,3,10,10,10,10
20,1479,307,2,4,2,10,10,10,10,10,3,10,10,10,10
20,1480,307,2,4,2,10,10,10,10,10,3,10,10,10,10
20,1481,307,2,4,2,10,10,10,10,10,3,10,10,10,10
20,1482,308,3,5,3,1,1,1,1,1,1,1,1,1,1
20,1483,308,3,5,3,1,1,1,1,1,1,1,1,1,1
20,1484,309,1,8,1,10,10,10,10,10,6,10,10,10,10
20,1485,310,8,2,8,2,2,2,2,2,2,2,2,2,3
20,1486,310,8,2,8,2,2,2,2,2,2,2,2,2,3
20,1487,310,8,2,8,2,2,2,2,2,2,2,2,2,3
20,1488,310,8,2,8,2,2,2,2,2,2,2,2,2,3
20,1489,310,8,2,8,2,2,2,2,2,2,2,2,2,3
20,1490,310,8,2,8,2,2,2,2,2,2,2,2,2,3
20,1491,310,8,2,8,2,2,2,2,2,2,2,2,2,3
20,1492,311,1,8,1,10,10,10,10,10,6,10,10,10,10
20,1493,312,8,9,8,2,2,2,2,2,2,2,2,2,3
20,1494,313,3,10,3,7,7,7,7,7,10,7,7,7,6
20,1495,314,4,10,4,6,6,6,6,6,9,6,6,6,8
20,1496,315,6,1,6,9,9,9,9,9,7,9,9,9,9
20,1497,315,6,1,6,9,9,9,9,9,7,9,9,9,9
20,1498,316,7,9,7,2,2,2,2,2,2,2,2,2,3
20,1499,316,7,9,7,2,2,2,2,2,2,2,2,2,3
20,1500,316,7,9,7,2,2,2,2,2,2,2,2,2,3
20,1501,316,7,9,7,2,2,2,2,2,2,2,2,2,3
20,1502,316,7,9,7,2,2,2,2,2,2,2,2,2,3
20,1503,316,7,9,7,2,2,2,2,2,2,2,2,2,3
20,1504,316,7,9,7,2,2,2,2,2,2,2,2,2,3
20,1505,316,7,9,7,2,2,2,2,2,2,2,2,2,3
20,1506,316,7,9,7,2,2,2,2,2,2,2,2,2,3
20,1507,316,7,9,7,2,2,2,2,2,2,2,2,2,3
20,1508,316,7,9,7,2,2,2,2,2,2,2,2,2,3
20,1509,316,7,9,7,2,2,2,2,2,2,2,2,2,3
20,1510,316,7,9,7,2,2,2,2,2,2,2,2,2,3
20,1511,317,4,7,4,6,6,6,6,6,9,6,6,6,8
20,1512,318,6,1,6,9,9,9,9,9,7,9,9,9,9
20,1513,319,1,1,1,1,1,1,1,1,1,1,1,1,1
20,1514,320,2,8,2,10,10,10,10,10,6,10,10,10,10
20,1515,321,4,7,4,6,6,6,6,6,5,6,6,6,6
20,1516,322,7,7,7,8,8,8,8,8,9,8,8,8,2
20,1517,322,7,7,7,8,8,8,8,8,9,8,8,8,2
20,1518,322,7,7,7,8,8,8,8,8,9,8,8,8,2
20,1519,322,7,7,7,8,8,8,8,8,9,8,8,8,2
20,1520,322,7,7,7,8,8,8,8,8,9,8,8,8,2
20,1521,322,7,7,7,8,8,8,8,8,9,8,8,8,2
20,1522,322,7,7,7,8,8,8,8,8,9,8,8,8,2
20,1523,910,7,9,7,8,8,8,8,8,9,8,8,8,2
20,1524,911,7,7,7,8,8,8,8,8,9,8,8,8,2
20,1525,912,7,7,7,8,8,8,8,8,9,8,8,8,2
20,1527,322,7,7,7,8,8,8,8,8,9,8,8,8,2
20,1528,322,7,7,7,8,8,8,8,8,9,8,8,8,2
20,1529,322,7,7,7,8,8,8,8,8,9,8,8,8,2
20,1530,322,7,7,7,8,8,8,8,8,9,8,8,8,2
20,1531,322,7,7,7,8,8,8,8,8,9,8,8,8,2
20,1532,322,7,7,7,8,8,8,8,8,9,8,8,8,2
20,1533,322,7,7,7,8,8,8,8,8,9,8,8,8,2
20,1534,322,7,7,7,8,8,8,8,8,9,8,8,8,2
20,1535,323,4,7,4,6,6,6,6,6,5,6,6,6,8
20,1536,323,4,7,4,6,6,6,6,6,5,6,6,6,8
20,1537,323,4,7,4,6,6,6,6,6,5,6,6,6,8
20,1538,323,4,7,4,6,6,6,6,6,5,6,6,6,8
20,1539,323,4,7,4,6,6,6,6,6,5,6,6,6,8
20,1540,323,4,7,4,6,6,6,6,6,5,6,6,6,8
20,1541,324,10,4,10,10,10,10,10,10,6,10,10,10,10
20,1542,324,10,4,10,10,10,10,10,10,6,10,10,10,10
20,1543,324,10,4,10,10,10,10,10,10,6,10,10,10,10
20,1544,325,5,3,5,3,3,3,3,3,8,3,3,3,7
20,1545,325,5,3,5,3,3,3,3,3,8,3,3,3,7
20,1546,325,5,3,5,3,3,3,3,3,8,3,3,3,7
20,1547,325,5,3,5,3,3,3,3,3,8,3,3,3,7
20,1548,325,5,3,5,3,3,3,3,3,8,3,3,3,7
20,1549,325,5,3,5,3,3,3,3,3,8,3,3,3,7
20,1550,325,5,3,5,3,3,3,3,3,8,3,3,3,7
20,1551,325,5,3,5,3,3,3,3,3,8,3,3,3,7
20,1552,325,5,3,5,3,3,3,3,3,8,3,3,3,7
20,1553,326,1,10,1,7,7,7,7,7,9,7,7,7,6
20,1554,327,6,1,6,1,1,1,1,1,1,1,1,1,1
20,1555,328,2,8,2,10,10,10,10,10,6,10,10,10,10
20,1556,328,2,8,2,10,10,10,10,10,6,10,10,10,10
20,1557,328,2,8,2,10,10,10,10,10,6,10,10,10,10
20,1558,329,6,1,6,1,1,1,1,1,1,1,1,1,1
20,1559,329,6,1,6,1,1,1,1,1,1,1,1,1,1
20,1560,330,1,1,1,1,1,1,1,1,1,1,1,1,1
20,1561,331,4,6,4,6,6,6,6,6,9,6,6,6,8
20,1562,331,4,6,4,6,6,6,6,6,9,6,6,6,8
20,1563,331,4,6,4,6,6,6,6,6,9,6,6,6,8
20,1564,332,8,9,8,2,2,2,2,2,2,2,2,2,3
20,1565,332,8,9,8,2,2,2,2,2,2,2,2,2,3
20,1566,332,8,9,8,2,2,2,2,2,2,2,2,2,3
20,1567,332,8,9,8,2,2,2,2,2,2,2,2,2,3
20,1568,332,8,9,8,2,2,2,2,2,2,2,2,2,3
20,1569,332,8,9,8,2,2,2,2,2,2,2,2,2,3
20,1570,332,8,9,8,2,2,2,2,2,2,2,2,2,3
20,1571,332,8,9,8,2,2,2,2,2,2,2,2,2,3
20,1572,332,8,9,8,2,2,2,2,2,2,2,2,2,3
20,1573,332,8,9,8,2,2,2,2,2,2,2,2,2,3
20,1574,332,8,9,8,2,2,2,2,2,2,2,2,2,3
20,1575,332,8,9,8,2,2,2,2,2,2,2,2,2,3
20,1576,332,8,9,8,2,2,2,2,2,2,2,2,2,3
20,1577,332,8,9,8,2,2,2,2,2,2,2,2,2,3
20,1578,332,8,9,8,2,2,2,2,2,2,2,2,2,3
20,1579,332,8,9,8,2,2,2,2,2,2,2,2,2,3
20,1580,332,8,9,8,2,2,2,2,2,2,2,2,2,3
20,1581,332,8,9,8,2,2,2,2,2,2,2,2,2,3
20,1582,332,8,9,8,2,2,2,2,2,2,2,2,2,3
20,1583,332,8,9,8,2,2,2,2,2,2,2,2,2,3
20,1584,332,8,9,8,2,2,2,2,2,2,2,2,2,3
20,1585,333,4,6,4,7,7,7,7,7,5,7,7,7,6
20,1586,333,4,6,4,7,7,7,7,7,5,7,7,7,6
20,1587,333,4,6,4,7,7,7,7,7,5,7,7,7,6
20,1588,333,4,6,4,7,7,7,7,7,5,7,7,7,6
20,1589,334,1,1,1,1,1,1,1,1,1,1,1,1,1
20,1590,334,1,1,1,1,1,1,1,1,1,1,1,1,1
20,1591,334,1,1,1,1,1,1,1,1,1,1,1,1,1
20,1592,334,1,1,1,1,1,1,1,1,1,1,1,1,1
20,1593,913,1,1,1,1,1,1,1,1,1,1,1,1,1
20,1594,335,2,1,2,1,1,1,1,1,1,1,1,1,1
20,1595,335,2,1,2,1,1,1,1,1,1,1,1,1,1
20,1596,335,2,1,2,1,1,1,1,1,1,1,1,1,1
20,1597,335,2,1,2,1,1,1,1,1,1,1,1,1,1
20,1598,335,2,1,2,1,1,1,1,1,1,1,1,1,1
20,1599,335,2,1,2,1,1,1,1,1,1,1,1,1,1
20,1600,335,2,1,2,1,1,1,1,1,1,1,1,1,1
20,1601,336,1,8,1,7,7,7,7,7,6,7,7,7,6
20,1602,337,10,8,10,7,7,7,7,7,6,7,7,7,6
20,1603,337,10,8,10,7,7,7,7,7,6,7,7,7,6
20,1604,338,1,1,1,1,1,1,1,1,1,1,1,1,1
20,1605,339,3,10,3,1,1,1,1,1,10,1,1,1,1
20,1606,340,1,6,1,7,7,7,7,7,10,7,7,7,6
20,1607,341,7,9,7,8,8,8,8,8,2,8,8,8,2
20,1608,341,7,9,7,8,8,8,8,8,2,8,8,8,2
20,1609,342,8,2,8,2,2,2,2,2,2,2,2,2,3
20,1610,342,8,2,8,2,2,2,2,2,2,2,2,2,3
20,1611,342,8,2,8,2,2,2,2,2,2,2,2,2,3
20,1612,342,8,2,8,2,2,2,2,2,2,2,2,2,3
20,1613,343,6,1,6,9,9,9,9,9,7,9,9,9,9
20,1614,344,7,9,7,8,8,8,8,8,9,8,8,8,2
20,1615,344,7,9,7,8,8,8,8,8,9,8,8,8,2
20,1616,344,7,9,7,8,8,8,8,8,9,8,8,8,2
20,1617,345,6,2,6,9,9,9,9,9,7,9,9,9,9
20,1618,345,6,2,6,9,9,9,9,9,7,9,9,9,9
20,1619,345,6,2,6,9,9,9,9,9,7,9,9,9,9
20,1620,345,6,2,6,9,9,9,9,9,7,9,9,9,9
20,1621,345,6,2,6,9,9,9,9,9,7,9,9,9,9
20,1622,345,6,2,6,9,9,9,9,9,7,9,9,9,9
20,1623,345,6,2,6,9,9,9,9,9,7,9,9,9,9
20,1624,345,6,2,6,9,9,9,9,9,7,9,9,9,9
20,1625,345,6,2,6,9,9,9,9,9,7,9,9,9,9
20,1626,346,1,6,1,7,7,7,7,7,10,7,7,7,6
20,1627,914,1,6,1,7,7,7,7,7,6,7,7,7,6
20,1628,347,3,6,3,7,7,7,7,7,6,7,7,7,6
20,1629,347,3,6,3,7,7,7,7,7,6,7,7,7,6
20,1630,347,3,6,3,7,7,7,7,7,6,7,7,7,6
20,1631,347,3,6,3,7,7,7,7,7,6,7,7,7,6
20,1632,347,3,6,3,7,7,7,7,7,6,7,7,7,6
20,1633,347,3,6,3,7,7,7,7,7,6,7,7,7,6
20,1634,348,7,10,7,8,8,8,8,8,10,8,8,8,2
20,1635,348,7,10,7,8,8,8,8,8,10,8,8,8,2
20,1636,349,6,1,6,9,9,9,9,9,7,9,9,9,9
20,1637,350,7,9,7,8,8,8,8,8,10,8,8,8,2
20,1638,350,7,9,7,8,8,8,8,8,10,8,8,8,2
20,1639,351,3,10,3,8,8,8,8,8,10,8,8,8,2
20,1640,352,1,1,1,1,1,1,1,1,1,1,1,1,1
20,1641,353,7,9,7,8,8,8,8,8,9,8,8,8,2
20,1642,354,2,8,2,10,10,10,10,10,6,10,10,10,10
20,1643,355,2,8,2,10,10,10,10,10,6,10,10,10,10
20,1644,356,1,6,1,7,7,7,7,7,9,7,7,7,6
20,1645,356,1,6,1,7,7,7,7,7,9,7,7,7,6
20,1646,357,4,7,4,6,6,6,6,6,5,6,6,6,8
20,1647,358,3,10,3,8,8,8,8,8,10,8,8,8,2
20,1648,358,3,10,3,8,8,8,8,8,10,8,8,8,2
20,1649,359,1,8,1,7,7,7,7,7,6,7,7,7,6
20,1650,360,3,10,3,7,7,7,7,7,10,7,7,7,6
20,1651,360,3,10,3,7,7,7,7,7,10,7,7,7,6
20,1652,361,4,10,4,6,6,6,6,6,9,6,6,6,8
20,1653,362,7,9,7,8,8,8,8,8,9,8,8,8,2
20,1654,363,1,6,1,7,7,7,7,7,6,7,7,7,6
20,1655,363,1,6,1,7,7,7,7,7,6,7,7,7,6
20,1656,363,1,6,1,7,7,7,7,7,6,7,7,7,6
20,1657,363,1,6,1,7,7,7,7,7,6,7,7,7,6
20,1658,364,8,9,8,2,2,2,2,2,2,2,2,2,3
20,1659,364,8,9,8,2,2,2,2,2,2,2,2,2,3
20,1660,364,8,9,8,2,2,2,2,2,2,2,2,2,3
20,1661,364,8,9,8,2,2,2,2,2,2,2,2,2,3
20,1662,364,8,9,8,2,2,2,2,2,2,2,2,2,3
20,1663,364,8,9,8,2,2,2,2,2,2,2,2,2,3
20,1664,364,8,9,8,2,2,2,2,2,2,2,2,2,3
20,1665,365,1,6,1,7,7,7,7,7,6,7,7,7,6
20,1666,365,1,6,1,7,7,7,7,7,6,7,7,7,6
20,1667,365,1,6,1,7,7,7,7,7,6,7,7,7,6
20,1668,366,7,9,7,8,8,8,8,8,9,8,8,8,2
20,1669,366,7,9,7,8,8,8,8,8,9,8,8,8,2
20,1670,366,7,9,7,8,8,8,8,8,9,8,8,8,2
20,1671,367,8,2,8,2,2,2,2,2,2,2,2,2,3
20,1672,367,8,2,8,2,2,2,2,2,2,2,2,2,3
20,1673,368,3,10,3,7,7,7,7,7,10,7,7,7,6
20,1674,368,3,10,3,7,7,7,7,7,10,7,7,7,6
20,1675,369,3,10,3,1,1,1,1,1,10,1,1,1,1
20,1676,370,4,10,4,6,6,6,6,6,9,6,6,6,8
20,1677,371,6,1,6,1,1,1,1,1,7,1,1,1,1
20,1678,372,6,1,6,9,9,9,9,9,7,9,9,9,9
20,1679,372,6,1,6,9,9,9,9,9,7,9,9,9,9
20,1680,373,6,2,6,9,9,9,9,9,7,9,9,9,9
20,1681,373,6,2,6,9,9,9,9,9,7,9,9,9,9
20,1682,373,6,2,6,9,9,9,9,9,7,9,9,9,9
20,1683,374,2,1,2,1,1,1,1,1,1,1,1,1,1
20,1685,375,2,8,2,10,10,10,10,10,6,10,10,10,10
20,1686,376,3,6,3,7,7,7,7,7,6,7,7,7,6
20,1687,376,3,6,3,7,7,7,7,7,6,7,7,7,6
20,1688,376,3,6,3,7,7,7,7,7,6,7,7,7,6
20,1689,376,3,6,3,7,7,7,7,7,6,7,7,7,6
20,1690,377,6,1,6,9,9,9,9,9,7,9,9,9,9
20,1691,378,6,2,6,9,9,9,9,9,7,9,9,9,9
20,1692,378,6,2,6,9,9,9,9,9,7,9,9,9,9
20,1693,378,6,2,6,9,9,9,9,9,7,9,9,9,9
20,1694,378,6,2,6,9,9,9,9,9,7,9,9,9,9
20,1695,378,6,2,6,9,9,9,9,9,7,9,9,9,9
20,1696,378,6,2,6,9,9,9,9,9,7,9,9,9,9
20,1697,378,6,2,6,9,9,9,9,9,7,9,9,9,9
20,1698,378,6,2,6,9,9,9,9,9,7,9,9,9,9
20,1699,379,3,10,3,8,8,8,8,8,10,8,8,8,2
20,1700,379,3,10,3,8,8,8,8,8,10,8,8,8,2
20,1701,379,3,10,3,8,8,8,8,8,10,8,8,8,2
20,1702,380,6,1,6,9,9,9,9,9,7,9,9,9,9
20,1703,381,1,6,1,7,7,7,7,7,10,7,7,7,6
20,1704,382,6,1,6,9,9,9,9,9,7,9,9,9,9
20,1705,382,6,1,6,9,9,9,9,9,7,9,9,9,9
20,1706,382,6,1,6,9,9,9,9,9,7,9,9,9,9
20,1707,383,6,1,6,9,9,9,9,9,7,9,9,9,9
20,1708,384,6,1,6,1,1,1,1,1,7,1,1,1,1
20,1709,385,7,9,7,8,8,8,8,8,9,8,8,8,2
20,1710,385,7,9,7,8,8,8,8,8,9,8,8,8,2
20,1711,385,7,9,7,8,8,8,8,8,9,8,8,8,2
20,1712,386,3,10,3,1,1,1,1,1,4,1,1,1,1
20,1713,386,3,10,3,1,1,1,1,1,4,1,1,1,1
20,1714,386,3,10,3,1,1,1,1,1,4,1,1,1,1
20,1715,386,3,10,3,1,1,1,1,1,4,1,1,1,1
20,1716,386,3,10,3,1,1,1,1,1,4,1,1,1,1
20,1717,386,3,10,3,1,1,1,1,1,4,1,1,1,1
20,1718,386,3,10,3,1,1,1,1,1,4,1,1,1,1
20,1719,386,3,10,3,1,1,1,1,1,4,1,1,1,1
20,1720,386,3,10,3,1,1,1,1,1,4,1,1,1,1
20,1721,386,3,10,3,1,1,1,1,1,4,1,1,1,1
20,1722,386,3,10,3,1,1,1,1,1,4,1,1,1,1
20,1723,386,3,10,3,1,1,1,1,1,4,1,1,1,1
20,1724,386,3,10,3,1,1,1,1,1,4,1,1,1,1
20,1725,386,3,10,3,1,1,1,1,1,4,1,1,1,1
20,1726,386,3,10,3,1,1,1,1,1,4,1,1,1,1
20,1727,386,3,10,3,1,1,1,1,1,4,1,1,1,1
20,1728,386,3,10,3,1,1,1,1,1,4,1,1,1,1
20,1729,386,3,10,3,1,1,1,1,1,4,1,1,1,1
20,1730,387,8,9,8,2,2,2,2,2,10,2,2,2,3
20,1731,387,8,9,8,2,2,2,2,2,10,2,2,2,3
20,1732,387,8,9,8,2,2,2,2,2,10,2,2,2,3
20,1733,387,8,9,8,2,2,2,2,2,10,2,2,2,3
20,1734,387,8,9,8,2,2,2,2,2,10,2,2,2,3
20,1735,387,8,9,8,2,2,2,2,2,10,2,2,2,3
20,1736,387,8,9,8,2,2,2,2,2,10,2,2,2,3
20,1737,387,8,9,8,2,2,2,2,2,10,2,2,2,3
20,1738,388,3,10,3,7,7,7,7,7,10,7,7,7,6
20,1739,388,3,10,3,7,7,7,7,7,10,7,7,7,6
20,1740,388,3,10,3,7,7,7,7,7,10,7,7,7,6
20,1741,389,3,10,3,1,1,1,1,1,10,1,1,1,1
20,1742,390,3,10,3,7,7,7,7,7,10,7,7,7,6
20,1743,391,6,1,6,1,1,1,1,1,1,1,1,1,1
20,1744,391,6,1,6,1,1,1,1,1,1,1,1,1,1
20,1745,391,6,1,6,1,1,1,1,1,1,1,1,1,1
20,1746,392,9,6,9,5,5,5,5,5,1,5,5,5,5
20,1747,392,9,6,9,5,5,5,5,5,1,5,5,5,5
20,1748,392,9,6,9,5,5,5,5,5,1,5,5,5,5
20,1749,392,9,6,9,5,5,5,5,5,1,5,5,5,5
20,1750,392,9,6,9,5,5,5,5,5,1,5,5,5,5
20,1751,392,9,6,9,5,5,5,5,5,1,5,5,5,5
20,1752,392,9,6,9,5,5,5,5,5,1,5,5,5,5
20,1753,392,9,6,9,5,5,5,5,5,1,5,5,5,5
20,1754,392,9,6,9,5,5,5,5,5,1,5,5,5,5
20,1755,392,9,6,9,5,5,5,5,5,1,5,5,5,5
20,1756,392,9,6,9,5,5,5,5,5,1,5,5,5,5
20,1757,392,9,6,9,5,5,5,5,5,1,5,5,5,5
20,1758,392,9,6,9,5,5,5,5,5,1,5,5,5,5
20,1759,392,9,6,9,5,5,5,5,5,1,5,5,5,5
20,1760,392,9,6,9,5,5,5,5,5,1,5,5,5,5
20,1761,392,9,6,9,5,5,5,5,5,1,5,5,5,5
20,1762,392,9,6,9,5,5,5,5,5,1,5,5,5,5
20,1763,392,9,6,9,5,5,5,5,5,1,5,5,5,5
20,1764,392,9,6,9,5,5,5,5,5,1,5,5,5,5
20,1765,392,9,6,9,5,5,5,5,5,1,5,5,5,5
20,1766,392,9,6,9,5,5,5,5,5,1,5,5,5,5
20,1767,392,9,6,9,5,5,5,5,5,1,5,5,5,5
20,1768,392,9,6,9,5,5,5,5,5,1,5,5,5,5
20,1769,393,7,9,7,8,8,8,8,8,9,8,8,8,2
20,1770,393,7,9,7,8,8,8,8,8,9,8,8,8,2
20,1771,394,6,2,6,9,9,9,9,9,7,9,9,9,9
20,1772,394,6,2,6,9,9,9,9,9,7,9,9,9,9
20,1773,394,6,2,6,9,9,9,9,9,7,9,9,9,9
20,1774,394,6,2,6,9,9,9,9,9,7,9,9,9,9
20,1775,394,6,2,6,9,9,9,9,9,7,9,9,9,9
20,1776,395,3,10,3,7,7,7,7,7,10,7,7,7,6
20,1777,396,1,1,1,1,1,1,1,1,1,1,1,1,1
20,1778,397,4,6,4,6,6,6,6,6,5,6,6,6,6
20,1779,397,4,6,4,6,6,6,6,6,5,6,6,6,6
20,1780,398,1,8,1,10,10,10,10,10,1,10,10,10,10
20,1781,398,1,8,1,10,10,10,10,10,1,10,10,10,10
20,1782,399,2,8,2,10,10,10,10,10,6,10,10,10,10
20,1783,399,2,8,2,10,10,10,10,10,6,10,10,10,10
20,1784,400,9,5,9,5,5,5,5,5,4,5,5,5,5
20,1785,400,9,5,9,5,5,5,5,5,4,5,5,5,5
20,1786,400,9,5,9,5,5,5,5,5,4,5,5,5,5
20,1787,401,2,1,2,1,1,1,1,1,1,1,1,1,1
20,1788,401,2,1,2,1,1,1,1,1,1,1,1,1,1
20,1789,402,1,1,1,1,1,1,1,1,1,1,1,1,1
20,1790,403,1,1,1,1,1,1,1,1,1,1,1,1,1
20,1791,403,1,1,1,1,1,1,1,1,1,1,1,1,1
20,1792,403,1,1,1,1,1,1,1,1,1,1,1,1,1
20,1793,404,2,8,2,10,10,10,10,10,6,10,10,10,10
20,1794,404,2,8,2,10,10,10,10,10,6,10,10,10,10
20,1795,404,2,8,2,10,10,10,10,10,6,10,10,10,10
20,1796,404,2,8,2,10,10,10,10,10,6,10,10,10,10
20,1797,404,2,8,2,10,10,10,10,10,6,10,10,10,10
20,1798,404,2,8,2,10,10,10,10,10,6,10,10,10,10
20,1799,404,2,8,2,10,10,10,10,10,6,10,10,10,10
20,1800,404,2,8,2,10,10,10,10,10,6,10,10,10,10
20,1801,404,2,8,2,10,10,10,10,10,6,10,10,10,10
20,1802,404,2,8,2,10,10,10,10,10,6,10,10,10,10
20,1803,404,2,8,2,10,10,10,10,10,6,10,10,10,10
20,1804,404,2,8,2,10,10,10,10,10,6,10,10,10,10
20,1805,404,2,8,2,10,10,10,10,10,6,10,10,10,10
20,1806,404,2,8,2,10,10,10,10,10,6,10,10,10,10
20,1807,404,2,8,2,10,10,10,10,10,6,10,10,10,10
20,1808,404,2,8,2,10,10,10,10,10,6,10,10,10,10
20,1809,404,2,8,2,10,10,10,10,10,6,10,10,10,10
20,1810,405,5,3,5,3,3,3,3,3,8,3,3,3,7
20,1811,405,5,3,5,3,3,3,3,3,8,3,3,3,7
20,1812,405,5,3,5,3,3,3,3,3,8,3,3,3,7
20,1813,405,5,3,5,3,3,3,3,3,8,3,3,3,7
20,1814,405,5,3,5,3,3,3,3,3,8,3,3,3,7
20,1815,405,5,3,5,3,3,3,3,3,8,3,3,3,7
20,1816,406,7,9,7,8,8,8,8,8,2,8,8,8,2
20,1817,406,7,9,7,8,8,8,8,8,2,8,8,8,2
20,1818,406,7,9,7,8,8,8,8,8,2,8,8,8,2
20,1819,406,7,9,7,8,8,8,8,8,2,8,8,8,2
20,1820,406,7,9,7,8,8,8,8,8,2,8,8,8,2
20,1821,406,7,9,7,8,8,8,8,8,2,8,8,8,2
20,1822,406,7,9,7,8,8,8,8,8,2,8,8,8,2
20,1823,406,7,9,7,8,8,8,8,8,2,8,8,8,2
20,1824,406,7,9,7,8,8,8,8,8,2,8,8,8,2
20,1825,406,7,9,7,8,8,8,8,8,2,8,8,8,2
20,1826,407,8,2,8,2,2,2,2,2,2,2,2,2,3
20,1827,408,3,5,3,7,7,7,7,7,10,7,7,7,6
20,1828,409,6,1,6,9,9,9,9,9,7,9,9,9,9
20,1829,410,1,6,1,7,7,7,7,7,10,7,7,7,6
20,1830,410,1,6,1,7,7,7,7,7,10,7,7,7,6
20,1831,410,1,6,1,7,7,7,7,7,10,7,7,7,6
20,1832,410,1,6,1,7,7,7,7,7,10,7,7,7,6
20,1833,410,1,6,1,7,7,7,7,7,10,7,7,7,6
20,1834,411,4,7,4,6,6,6,6,6,5,6,6,6,8
20,1835,411,4,7,4,6,6,6,6,6,5,6,6,6,8
20,1836,411,4,7,4,6,6,6,6,6,5,6,6,6,8
20,1837,411,4,7,4,6,6,6,6,6,5,6,6,6,8
20,1838,412,1,6,1,7,7,7,7,7,10,7,7,7,6
20,1839,413,4,7,4,6,6,6,6,6,5,6,6,6,8
20,1840,413,4,7,4,6,6,6,6,6,5,6,6,6,8
20,1841,414,7,7,7,8,8,8,8,8,9,8,8,8,2
20,1842,414,7,7,7,8,8,8,8,8,9,8,8,8,2
20,1843,414,7,7,7,8,8,8,8,8,9,8,8,8,2
20,1844,414,7,7,7,8,8,8,8,8,9,8,8,8,2
20,1845,414,7,7,7,8,8,8,8,8,9,8,8,8,2
20,1846,414,7,7,7,8,8,8,8,8,9,8,8,8,2
20,1847,414,7,7,7,8,8,8,8,8,9,8,8,8,2
20,1848,414,7,7,7,8,8,8,8,8,9,8,8,8,2
20,1849,414,7,7,7,8,8,8,8,8,9,8,8,8,2
20,1850,414,7,7,7,8,8,8,8,8,9,8,8,8,2
20,1851,415,8,2,8,2,2,2,2,2,2,2,2,2,3
20,1852,415,8,2,8,2,2,2,2,2,2,2,2,2,3
20,1853,415,8,2,8,2,2,2,2,2,2,2,2,2,3
20,1854,415,8,2,8,2,2,2,2,2,2,2,2,2,3
20,1855,415,8,2,8,2,2,2,2,2,2,2,2,2,3
20,1856,416,8,2,8,2,2,2,2,2,2,2,2,2,3
20,1857,416,8,2,8,2,2,2,2,2,2,2,2,2,3
20,1858,416,8,2,8,2,2,2,2,2,2,2,2,2,3
20,1859,417,1,8,1,10,10,10,10,10,6,10,10,10,10
20,1860,418,10,4,10,4,4,4,4,4,3,4,4,4,4
20,1861,418,10,4,10,4,4,4,4,4,3,4,4,4,4
20,1862,418,10,4,10,4,4,4,4,4,3,4,4,4,4
20,1863,418,10,4,10,4,4,4,4,4,3,4,4,4,4
20,1864,418,10,4,10,4,4,4,4,4,3,4,4,4,4
20,1865,418,10,4,10,4,4,4,4,4,3,4,4,4,4
20,1866,419,4,7,4,6,6,6,6,6,5,6,6,6,8
20,1867,419,4,7,4,6,6,6,6,6,5,6,6,6,8
20,1868,419,4,7,4,6,6,6,6,6,5,6,6,6,8
20,1869,419,4,7,4,6,6,6,6,6,5,6,6,6,8
20,1870,419,4,7,4,6,6,6,6,6,5,6,6,6,8
20,1871,419,4,7,4,6,6,6,6,6,5,6,6,6,8
20,1872,419,4,7,4,6,6,6,6,6,5,6,6,6,8
20,1873,420,1,8,1,7,7,7,7,7,6,7,7,7,6
20,1874,421,3,10,3,8,8,8,8,8,10,8,8,8,2
20,1875,422,5,7,5,6,6,6,6,6,5,6,6,6,8
20,1876,422,5,7,5,6,6,6,6,6,5,6,6,6,8
20,1877,422,5,7,5,6,6,6,6,6,5,6,6,6,8
20,1878,423,1,1,1,1,1,1,1,1,1,1,1,1,1
20,1879,423,1,1,1,1,1,1,1,1,1,1,1,1,1
20,1880,424,1,1,1,1,1,1,1,1,1,1,1,1,1
20,1881,424,1,1,1,1,1,1,1,1,1,1,1,1,1
20,1882,425,7,7,7,8,8,8,8,8,9,8,8,8,2
20,1883,425,7,7,7,8,8,8,8,8,9,8,8,8,2
20,1884,425,7,7,7,8,8,8,8,8,9,8,8,8,2
20,1885,425,7,7,7,8,8,8,8,8,9,8,8,8,2
20,1886,425,7,7,7,8,8,8,8,8,9,8,8,8,2
20,1887,426,1,8,1,10,10,10,10,10,6,10,10,10,10
20,1888,427,4,3,4,3,3,3,3,3,8,3,3,3,7
20,1889,427,4,3,4,3,3,3,3,3,8,3,3,3,7
20,1890,427,4,3,4,3,3,3,3,3,8,3,3,3,7
20,1891,427,4,3,4,3,3,3,3,3,8,3,3,3,7
20,1892,427,4,3,4,3,3,3,3,3,8,3,3,3,7
20,1893,427,4,3,4,3,3,3,3,3,8,3,3,3,7
20,1894,427,4,3,4,3,3,3,3,3,8,3,3,3,7
20,1895,427,4,3,4,3,3,3,3,3,8,3,3,3,7
20,1896,427,4,3,4,3,3,3,3,3,8,3,3,3,7
20,1897,427,4,3,4,3,3,3,3,3,8,3,3,3,7
20,1898,428,6,10,6,1,1,1,1,1,1,1,1,1,1
20,1899,428,6,10,6,1,1,1,1,1,1,1,1,1,1
20,1900,428,6,10,6,1,1,1,1,1,1,1,1,1,1
20,1901,428,6,10,6,1,1,1,1,1,1,1,1,1,1
20,1902,428,6,10,6,1,1,1,1,1,1,1,1,1,1
20,1903,429,4,7,4,6,6,6,6,6,5,6,6,6,8
20,1904,430,7,10,7,8,8,8,8,8,10,8,8,8,2
20,1905,431,6,1,6,1,1,1,1,1,1,1,1,1,1
20,1906,432,2,8,2,10,10,10,10,10,6,10,10,10,10
20,1907,433,1,6,1,7,7,7,7,7,6,7,7,7,6
20,1908,434,8,9,8,2,2,2,2,2,2,2,2,2,3
20,1909,435,2,8,2,10,10,10,10,10,6,10,10,10,10
20,1910,435,2,8,2,10,10,10,10,10,6,10,10,10,10
20,1911,436,4,6,4,7,7,7,7,7,5,7,7,7,6
20,1912,436,4,6,4,7,7,7,7,7,5,7,7,7,6
20,1913,437,1,8,1,10,10,10,10,10,6,10,10,10,10
20,1914,438,4,6,4,7,7,7,7,7,5,7,7,7,6
20,1915,438,4,6,4,7,7,7,7,7,5,7,7,7,6
20,1916,438,4,6,4,7,7,7,7,7,5,7,7,7,6
20,1917,438,4,6,4,7,7,7,7,7,5,7,7,7,6
20,1918,439,1,8,1,10,10,10,10,10,6,10,10,10,10
20,1919,440,7,9,7,8,8,8,8,8,9,8,8,8,2
20,1920,440,7,9,7,8,8,8,8,8,9,8,8,8,2
20,1921,440,7,9,7,8,8,8,8,8,9,8,8,8,2
20,1922,440,7,9,7,8,8,8,8,8,9,8,8,8,2
20,1923,440,7,9,7,8,8,8,8,8,9,8,8,8,2
20,1924,440,7,9,7,8,8,8,8,8,9,8,8,8,2
20,1925,440,7,9,7,8,8,8,8,8,9,8,8,8,2
20,1926,440,7,9,7,8,8,8,8,8,9,8,8,8,2
20,1927,440,7,9,7,8,8,8,8,8,9,8,8,8,2
20,1928,441,4,7,4,6,6,6,6,6,5,6,6,6,8
20,1929,442,5,3,5,3,3,3,3,3,8,3,3,3,7
20,1930,442,5,3,5,3,3,3,3,3,8,3,3,3,7
20,1931,442,5,3,5,3,3,3,3,3,8,3,3,3,7
20,1932,442,5,3,5,3,3,3,3,3,8,3,3,3,7
20,1933,443,1,6,1,7,7,7,7,7,6,7,7,7,6
20,1934,444,1,6,1,7,7,7,7,7,6,7,7,7,6
20,1935,445,6,1,6,9,9,9,9,9,7,9,9,9,9
20,1936,446,6,1,6,9,9,9,9,9,7,9,9,9,9
20,1937,447,6,2,6,9,9,9,9,9,7,9,9,9,9
20,1938,447,6,2,6,9,9,9,9,9,7,9,9,9,9
20,1939,447,6,2,6,9,9,9,9,9,7,9,9,9,9
20,1940,448,8,2,8,9,9,9,9,9,7,9,9,9,9
20,1941,448,8,2,8,9,9,9,9,9,7,9,9,9,9
20,1942,448,8,2,8,9,9,9,9,9,7,9,9,9,9
20,1943,448,8,2,8,9,9,9,9,9,7,9,9,9,9
20,1944,448,8,2,8,9,9,9,9,9,7,9,9,9,9
20,1945,448,8,2,8,9,9,9,9,9,7,9,9,9,9
20,1946,448,8,2,8,9,9,9,9,9,7,9,9,9,9
20,1947,448,8,2,8,9,9,9,9,9,7,9,9,9,9
20,1948,448,8,2,8,9,9,9,9,9,7,9,9,9,9
20,1949,448,8,2,8,9,9,9,9,9,7,9,9,9,9
20,1950,449,8,9,8,9,9,9,9,9,10,9,9,9,9
20,1951,450,4,6,4,6,6,6,6,6,9,6,6,6,8
20,1952,450,4,6,4,6,6,6,6,6,9,6,6,6,8
20,1953,450,4,6,4,6,6,6,6,6,9,6,6,6,8
20,1954,450,4,6,4,6,6,6,6,6,9,6,6,6,8
20,1955,451,8,2,8,9,9,9,9,9,7,9,9,9,9
20,1956,451,8,2,8,9,9,9,9,9,7,9,9,9,9
20,1957,451,8,2,8,9,9,9,9,9,7,9,9,9,9
20,1958,451,8,2,8,9,9,9,9,9,7,9,9,9,9
20,1959,451,8,2,8,9,9,9,9,9,7,9,9,9,9
20,1960,452,1,8,1,10,10,10,10,10,1,10,10,10,10
20,1961,452,1,8,1,10,10,10,10,10,1,10,10,10,10
20,1962,453,3,10,3,7,7,7,7,7,10,7,7,7,6
20,1963,453,3,10,3,7,7,7,7,7,10,7,7,7,6
20,1964,453,3,10,3,7,7,7,7,7,10,7,7,7,6
20,1965,454,4,7,4,6,6,6,6,6,5,6,6,6,8
20,1966,454,4,7,4,6,6,6,6,6,5,6,6,6,8
20,1967,454,4,7,4,6,6,6,6,6,5,6,6,6,8
20,1968,915,7,7,7,6,6,6,6,6,5,6,6,6,8
20,1969,455,4,6,4,7,7,7,7,7,5,7,7,7,6
20,1970,455,4,6,4,7,7,7,7,7,5,7,7,7,6
20,1971,456,6,1,6,1,1,1,1,1,7,1,1,1,1
20,1972,456,6,1,6,1,1,1,1,1,7,1,1,1,1
20,1973,457,6,1,6,1,1,1,1,1,1,1,1,1,1
20,1974,457,6,1,6,1,1,1,1,1,1,1,1,1,1
20,1975,457,6,1,6,1,1,1,1,1,1,1,1,1,1
20,1976,458,1,6,1,7,7,7,7,7,6,7,7,7,6
20,1977,458,1,6,1,7,7,7,7,7,6,7,7,7,6
20,1978,459,2,1,2,1,1,1,1,1,1,1,1,1,1
20,1979,459,2,1,2,1,1,1,1,1,1,1,1,1,1
20,1980,459,2,1,2,1,1,1,1,1,1,1,1,1,1
20,1981,459,2,1,2,1,1,1,1,1,1,1,1,1,1
20,1982,459,2,1,2,1,1,1,1,1,1,1,1,1,1
20,1983,459,2,1,2,1,1,1,1,1,1,1,1,1,1
20,1984,459,2,1,2,1,1,1,1,1,1,1,1,1,1
20,1985,459,2,1,2,1,1,1,1,1,1,1,1,1,1
20,1986,459,2,1,2,1,1,1,1,1,1,1,1,1,1
20,1987,460,10,6,10,7,7,7,7,7,5,7,7,7,8
20,1988,460,10,6,10,7,7,7,7,7,5,7,7,7,8
20,1989,460,10,6,10,7,7,7,7,7,5,7,7,7,8
20,1990,460,10,6,10,7,7,7,7,7,5,7,7,7,8
20,1991,461,10,8,10,7,7,7,7,7,6,7,7,7,6
20,1992,461,10,8,10,7,7,7,7,7,6,7,7,7,6
20,1993,462,6,2,6,9,9,9,9,9,7,9,9,9,9
20,1994,462,6,2,6,9,9,9,9,9,7,9,9,9,9
20,1995,463,2,1,2,1,1,1,1,1,1,1,1,1,1
20,1996,463,2,1,2,1,1,1,1,1,1,1,1,1,1
20,1997,463,2,1,2,1,1,1,1,1,1,1,1,1,1
20,1998,463,2,1,2,1,1,1,1,1,1,1,1,1,1
20,1999,464,1,1,1,10,10,10,10,10,1,10,10,10,10
20,2000,464,1,1,1,10,10,10,10,10,1,10,10,10,10
20,2001,464,1,1,1,10,10,10,10,10,1,10,10,10,10
20,2002,465,2,1,2,1,1,1,1,1,1,1,1,1,1
20,2003,465,2,1,2,1,1,1,1,1,1,1,1,1,1
20,2004,466,4,7,4,6,6,6,6,6,5,6,6,6,8
20,2005,467,8,2,8,2,2,2,2,2,2,2,2,2,3
20,2006,467,8,2,8,2,2,2,2,2,2,2,2,2,3
20,2007,467,8,2,8,2,2,2,2,2,2,2,2,2,3
20,2008,467,8,2,8,2,2,2,2,2,2,2,2,2,3
20,2009,467,8,2,8,2,2,2,2,2,2,2,2,2,3
20,2010,467,8,2,8,2,2,2,2,2,2,2,2,2,3
20,2011,467,8,2,8,2,2,2,2,2,2,2,2,2,3
20,2012,468,8,2,8,2,2,2,2,2,2,2,2,2,3
20,2013,468,8,2,8,2,2,2,2,2,2,2,2,2,3
20,2014,468,8,2,8,2,2,2,2,2,2,2,2,2,3
20,2015,468,8,2,8,2,2,2,2,2,2,2,2,2,3
20,2016,468,8,2,8,2,2,2,2,2,2,2,2,2,3
20,2017,468,8,2,8,2,2,2,2,2,2,2,2,2,3
20,2018,468,8,2,8,2,2,2,2,2,2,2,2,2,3
20,2019,468,8,2,8,2,2,2,2,2,2,2,2,2,3
20,2020,468,8,2,8,2,2,2,2,2,2,2,2,2,3
20,2021,468,8,2,8,2,2,2,2,2,2,2,2,2,3
20,2022,468,8,2,8,2,2,2,2,2,2,2,2,2,3
20,2023,468,8,2,8,2,2,2,2,2,2,2,2,2,3
20,2024,468,8,2,8,2,2,2,2,2,2,2,2,2,3
20,2025,469,10,4,10,4,4,4,4,4,3,4,4,4,4
20,2026,469,10,4,10,4,4,4,4,4,3,4,4,4,4
20,2027,469,10,4,10,4,4,4,4,4,3,4,4,4,4
20,2028,469,10,4,10,4,4,4,4,4,3,4,4,4,4
20,2029,469,10,4,10,4,4,4,4,4,3,4,4,4,4
20,2030,469,10,4,10,4,4,4,4,4,3,4,4,4,4
20,2031,469,10,4,10,4,4,4,4,4,3,4,4,4,4
20,2032,469,10,4,10,4,4,4,4,4,3,4,4,4,4
20,2033,470,6,2,6,9,9,9,9,9,7,9,9,9,9
20,2034,470,6,2,6,9,9,9,9,9,7,9,9,9,9
20,2035,470,6,2,6,9,9,9,9,9,7,9,9,9,9
20,2036,470,6,2,6,9,9,9,9,9,7,9,9,9,9
20,2037,470,6,2,6,9,9,9,9,9,7,9,9,9,9
20,2038,470,6,2,6,9,9,9,9,9,7,9,9,9,9
20,2039,470,6,2,6,9,9,9,9,9,7,9,9,9,9
20,2040,470,6,2,6,9,9,9,9,9,7,9,9,9,9
20,2041,470,6,2,6,9,9,9,9,9,7,9,9,9,9
20,2042,470,6,2,6,9,9,9,9,9,7,9,9,9,9
20,2043,470,6,2,6,9,9,9,9,9,7,9,9,9,9
20,2044,470,6,2,6,9,9,9,9,9,7,9,9,9,9
20,2045,470,6,2,6,9,9,9,9,9,7,9,9,9,9
20,2046,470,6,2,6,9,9,9,9,9,7,9,9,9,9
20,2047,470,6,2,6,9,9,9,9,9,7,9,9,9,9
20,2048,470,6,2,6,9,9,9,9,9,7,9,9,9,9
20,2049,470,6,2,6,9,9,9,9,9,7,9,9,9,9
20,2050,471,4,7,4,6,6,6,6,6,5,6,6,6,8
20,2051,471,4,7,4,6,6,6,6,6,5,6,6,6,8
20,2052,471,4,7,4,6,6,6,6,6,5,6,6,6,8
20,2053,471,4,7,4,6,6,6,6,6,5,6,6,6,8
20,2054,918,4,7,4,6,6,6,6,6,5,6,6,6,8
20,2055,471,4,7,4,6,6,6,6,6,5,6,6,6,8
20,2056,472,1,6,1,7,7,7,7,7,6,7,7,7,6
20,2057,473,5,3,5,6,6,6,6,6,5,6,6,6,8
20,2058,473,5,3,5,6,6,6,6,6,5,6,6,6,8
20,2059,473,5,3,5,6,6,6,6,6,5,6,6,6,8
20,2060,474,1,6,1,7,7,7,7,7,6,7,7,7,6
20,2061,474,1,6,1,7,7,7,7,7,6,7,7,7,6
20,2062,475,8,2,8,2,2,2,2,2,2,2,2,2,3
20,2063,475,8,2,8,2,2,2,2,2,2,2,2,2,3
20,2064,475,8,2,8,2,2,2,2,2,2,2,2,2,3
20,2065,476,1,6,1,7,7,7,7,7,9,7,7,7,6
20,2066,476,1,6,1,7,7,7,7,7,9,7,7,7,6
20,2067,476,1,6,1,7,7,7,7,7,9,7,7,7,6
20,2068,476,1,6,1,7,7,7,7,7,9,7,7,7,6
20,2069,476,1,6,1,7,7,7,7,7,9,7,7,7,6
20,2070,477,2,1,2,1,1,1,1,1,1,1,1,1,1
20,2071,478,8,9,8,2,2,2,2,2,10,2,2,2,3
20,2072,479,1,8,1,10,10,10,10,10,6,10,10,10,10
20,2073,479,1,8,1,10,10,10,10,10,6,10,10,10,10
20,2074,479,1,8,1,10,10,10,10,10,6,10,10,10,10
20,2075,479,1,8,1,10,10,10,10,10,6,10,10,10,10
20,2076,480,1,1,1,1,1,1,1,1,1,1,1,1,1
20,2077,481,5,3,5,3,3,3,3,3,8,3,3,3,7
20,2078,481,5,3,5,3,3,3,3,3,8,3,3,3,7
20,2079,481,5,3,5,3,3,3,3,3,8,3,3,3,7
20,2080,481,5,3,5,3,3,3,3,3,8,3,3,3,7
20,2081,481,5,3,5,3,3,3,3,3,8,3,3,3,7
20,2082,481,5,3,5,3,3,3,3,3,8,3,3,3,7
20,2083,481,5,3,5,3,3,3,3,3,8,3,3,3,7
20,2084,482,6,1,6,9,9,9,9,9,7,9,9,9,9
20,2085,482,6,1,6,9,9,9,9,9,7,9,9,9,9
20,2086,483,6,2,6,9,9,9,9,9,7,9,9,9,9
20,2087,483,6,2,6,9,9,9,9,9,7,9,9,9,9
20,2088,484,8,2,8,2,2,2,2,2,2,2,2,2,3
20,2089,484,8,2,8,2,2,2,2,2,2,2,2,2,3
20,2090,484,8,2,8,2,2,2,2,2,2,2,2,2,3
20,2091,484,8,2,8,2,2,2,2,2,2,2,2,2,3
20,2092,484,8,2,8,2,2,2,2,2,2,2,2,2,3
20,2093,484,8,2,8,2,2,2,2,2,2,2,2,2,3
20,2094,484,8,2,8,2,2,2,2,2,2,2,2,2,3
20,2095,484,8,2,8,2,2,2,2,2,2,2,2,2,3
20,2096,484,8,2,8,2,2,2,2,2,2,2,2,2,3
20,2097,484,8,2,8,2,2,2,2,2,2,2,2,2,3
20,2098,484,8,2,8,2,2,2,2,2,2,2,2,2,3
20,2099,484,8,2,8,2,2,2,2,2,2,2,2,2,3
20,2100,484,8,2,8,2,2,2,2,2,2,2,2,2,3
20,2101,484,8,2,8,2,2,2,2,2,2,2,2,2,3
20,2102,484,8,2,8,2,2,2,2,2,2,2,2,2,3
20,2103,484,8,2,8,2,2,2,2,2,2,2,2,2,3
20,2104,484,8,2,8,2,2,2,2,2,2,2,2,2,3
20,2105,484,8,2,8,2,2,2,2,2,2,2,2,2,3
20,2106,484,8,2,8,2,2,2,2,2,2,2,2,2,3
20,2107,484,8,2,8,2,2,2,2,2,2,2,2,2,3
20,2108,484,8,2,8,2,2,2,2,2,2,2,2,2,3
20,2109,484,8,2,8,2,2,2,2,2,2,2,2,2,3
20,2110,484,8,2,8,2,2,2,2,2,2,2,2,2,3
20,2111,484,8,2,8,2,2,2,2,2,2,2,2,2,3
20,2112,485,1,8,1,10,10,10,10,10,1,10,10,10,10
20,2113,485,1,8,1,10,10,10,10,10,1,10,10,10,10
20,2114,485,1,8,1,10,10,10,10,10,1,10,10,10,10
20,2115,485,1,8,1,10,10,10,10,10,1,10,10,10,10
20,2116,485,1,8,1,10,10,10,10,10,1,10,10,10,10
20,2117,486,6,1,6,9,9,9,9,9,7,9,9,9,9
20,2118,486,6,1,6,9,9,9,9,9,7,9,9,9,9
20,2119,486,6,1,6,9,9,9,9,9,7,9,9,9,9
20,2120,486,6,1,6,9,9,9,9,9,7,9,9,9,9
20,2121,486,6,1,6,9,9,9,9,9,7,9,9,9,9
20,2122,486,6,1,6,9,9,9,9,9,7,9,9,9,9
20,2123,487,8,2,8,2,2,2,2,2,2,2,2,2,3
20,2124,487,8,2,8,2,2,2,2,2,2,2,2,2,3
20,2125,488,1,1,1,10,10,10,10,10,1,10,10,10,10
20,2126,488,1,1,1,10,10,10,10,10,1,10,10,10,10
20,2127,489,1,1,1,1,1,1,1,1,1,1,1,1,1
20,2128,490,8,2,8,2,2,2,2,2,2,2,2,2,3
20,2129,490,8,2,8,2,2,2,2,2,2,2,2,2,3
20,2130,490,8,2,8,2,2,2,2,2,2,2,2,2,3
20,2131,491,2,8,2,10,10,10,10,10,6,10,10,10,10
20,2132,491,2,8,2,10,10,10,10,10,6,10,10,10,10
20,2133,492,8,10,8,9,9,9,9,9,10,9,9,9,9
20,2134,492,8,10,8,9,9,9,9,9,10,9,9,9,9
20,2135,493,6,1,6,1,1,1,1,1,1,1,1,1,1
20,2136,493,6,1,6,1,1,1,1,1,1,1,1,1,1
20,2137,493,6,1,6,1,1,1,1,1,1,1,1,1,1
20,2138,493,6,1,6,1,1,1,1,1,1,1,1,1,1
20,2139,494,1,1,1,1,1,1,1,1,1,1,1,1,1
20,2140,495,6,10,6,1,1,1,1,1,1,1,1,1,1
20,2141,495,6,10,6,1,1,1,1,1,1,1,1,1,1
20,2142,495,6,10,6,1,1,1,1,1,1,1,1,1,1
20,2143,495,6,10,6,1,1,1,1,1,1,1,1,1,1
20,2144,496,4,7,4,6,6,6,6,6,9,6,6,6,8
20,2145,496,4,7,4,6,6,6,6,6,9,6,6,6,8
20,2146,496,4,7,4,6,6,6,6,6,9,6,6,6,8
20,2147,496,4,7,4,6,6,6,6,6,9,6,6,6,8
20,2148,497,1,8,1,7,7,7,7,7,6,7,7,7,6
20,2149,497,1,8,1,7,7,7,7,7,6,7,7,7,6
20,2150,498,8,9,8,2,2,2,2,2,2,2,2,2,3
20,2151,499,10,6,10,6,6,6,6,6,5,6,6,6,8
20,2152,499,10,6,10,6,6,6,6,6,5,6,6,6,8
20,2153,499,10,6,10,6,6,6,6,6,5,6,6,6,8
20,2154,499,10,6,10,6,6,6,6,6,5,6,6,6,8
20,2155,499,10,6,10,6,6,6,6,6,5,6,6,6,8
20,2156,500,1,1,1,1,1,1,1,1,1,1,1,1,1
20,2157,500,1,1,1,1,1,1,1,1,1,1,1,1,1
20,2158,501,6,2,6,9,9,9,9,9,7,9,9,9,9
20,2159,501,6,2,6,9,9,9,9,9,7,9,9,9,9
20,2160,501,6,2,6,9,9,9,9,9,7,9,9,9,9
20,2161,501,6,2,6,9,9,9,9,9,7,9,9,9,9
20,2162,501,6,2,6,9,9,9,9,9,7,9,9,9,9
20,2163,501,6,2,6,9,9,9,9,9,7,9,9,9,9
20,2164,501,6,2,6,9,9,9,9,9,7,9,9,9,9
20,2165,502,6,1,6,9,9,9,9,9,7,9,9,9,9
20,2166,502,6,1,6,9,9,9,9,9,7,9,9,9,9
20,2167,503,4,6,4,6,6,6,6,6,5,6,6,6,6
20,2168,503,4,6,4,6,6,6,6,6,5,6,6,6,6
20,2169,503,4,6,4,6,6,6,6,6,5,6,6,6,6
20,2170,503,4,6,4,6,6,6,6,6,5,6,6,6,6
20,2171,504,1,6,1,7,7,7,7,7,6,7,7,7,6
20,2172,505,1,6,1,7,7,7,7,7,5,7,7,7,6
20,2173,506,8,2,8,2,2,2,2,2,2,2,2,2,3
20,2174,506,8,2,8,2,2,2,2,2,2,2,2,2,3
20,2175,507,5,3,5,6,6,6,6,6,8,6,6,6,8
20,2176,508,7,9,7,8,8,8,8,8,9,8,8,8,2
20,2177,508,7,9,7,8,8,8,8,8,9,8,8,8,2
20,2178,508,7,9,7,8,8,8,8,8,9,8,8,8,2
20,2179,508,7,9,7,8,8,8,8,8,9,8,8,8,2
20,2180,509,5,3,5,3,3,3,3,3,8,3,3,3,7
20,2181,509,5,3,5,3,3,3,3,3,8,3,3,3,7
20,2182,509,5,3,5,3,3,3,3,3,8,3,3,3,7
20,2183,509,5,3,5,3,3,3,3,3,8,3,3,3,7
20,2184,509,5,3,5,3,3,3,3,3,8,3,3,3,7
20,2185,510,6,1,6,9,9,9,9,9,7,9,9,9,9
20,2186,511,6,1,6,1,1,1,1,1,1,1,1,1,1
20,2187,511,6,1,6,1,1,1,1,1,1,1,1,1,1
20,2188,511,6,1,6,1,1,1,1,1,1,1,1,1,1
20,2189,512,4,7,4,8,8,8,8,8,9,8,8,8,2
20,2190,513,4,3,4,3,3,3,3,3,5,3,3,3,7
20,2191,513,4,3,4,3,3,3,3,3,5,3,3,3,7
20,2192,513,4,3,4,3,3,3,3,3,5,3,3,3,7
20,2193,513,4,3,4,3,3,3,3,3,5,3,3,3,7
20,2194,513,4,3,4,3,3,3,3,3,5,3,3,3,7
20,2195,513,4,3,4,3,3,3,3,3,5,3,3,3,7
20,2196,513,4,3,4,3,3,3,3,3,5,3,3,3,7
20,2197,513,4,3,4,3,3,3,3,3,5,3,3,3,7
20,2198,513,4,3,4,3,3,3,3,3,5,3,3,3,7
20,2199,514,1,6,1,7,7,7,7,7,6,7,7,7,6
20,2200,515,4,7,4,6,6,6,6,6,5,6,6,6,8
20,2201,515,4,7,4,6,6,6,6,6,5,6,6,6,8
20,2202,515,4,7,4,6,6,6,6,6,5,6,6,6,8
20,2203,515,4,7,4,6,6,6,6,6,5,6,6,6,8
20,2204,515,4,7,4,6,6,6,6,6,5,6,6,6,8
20,2205,515,4,7,4,6,6,6,6,6,5,6,6,6,8
20,2206,515,4,7,4,6,6,6,6,6,5,6,6,6,8
20,2207,515,4,7,4,6,6,6,6,6,5,6,6,6,8
20,2208,515,4,7,4,6,6,6,6,6,5,6,6,6,8
20,2209,515,4,7,4,6,6,6,6,6,5,6,6,6,8
20,2210,515,4,7,4,6,6,6,6,6,5,6,6,6,8
20,2211,515,4,7,4,6,6,6,6,6,5,6,6,6,8
20,2212,515,4,7,4,6,6,6,6,6,5,6,6,6,8
20,2213,515,4,7,4,6,6,6,6,6,5,6,6,6,8
20,2214,515,4,7,4,6,6,6,6,6,5,6,6,6,8
20,2215,515,4,7,4,6,6,6,6,6,5,6,6,6,8
20,2216,515,4,7,4,6,6,6,6,6,5,6,6,6,8
20,2217,515,4,7,4,6,6,6,6,6,5,6,6,6,8
20,2218,515,4,7,4,6,6,6,6,6,5,6,6,6,8
20,2219,515,4,7,4,6,6,6,6,6,5,6,6,6,8
20,2220,515,4,7,4,6,6,6,6,6,5,6,6,6,8
20,2221,515,4,7,4,6,6,6,6,6,5,6,6,6,8
20,2222,917,4,7,4,6,6,6,6,6,5,6,6,6,8
20,2223,515,4,7,4,6,6,6,6,6,5,6,6,6,8
20,2224,515,4,7,4,6,6,6,6,6,5,6,6,6,8
20,2225,515,4,7,4,6,6,6,6,6,5,6,6,6,8
20,2226,515,4,7,4,6,6,6,6,6,5,6,6,6,8
20,2227,515,4,7,4,6,6,6,6,6,5,6,6,6,8
20,2228,515,4,7,4,6,6,6,6,6,5,6,6,6,8
20,2229,516,8,9,8,9,9,9,9,9,10,9,9,9,9
20,2230,516,8,9,8,9,9,9,9,9,10,9,9,9,9
20,2231,517,4,6,4,7,7,7,7,7,5,7,7,7,6
20,2232,517,4,6,4,7,7,7,7,7,5,7,7,7,6
20,2233,517,4,6,4,7,7,7,7,7,5,7,7,7,6
20,2234,518,1,1,1,1,1,1,1,1,1,1,1,1,1
20,2235,519,1,6,1,7,7,7,7,7,6,7,7,7,6
20,2236,519,1,6,1,7,7,7,7,7,6,7,7,7,6
20,2237,520,6,1,6,9,9,9,9,9,7,9,9,9,9
20,2238,520,6,1,6,9,9,9,9,9,7,9,9,9,9
20,2239,520,6,1,6,9,9,9,9,9,7,9,9,9,9
20,2240,520,6,1,6,9,9,9,9,9,7,9,9,9,9
20,2241,520,6,1,6,9,9,9,9,9,7,9,9,9,9
20,2242,520,6,1,6,9,9,9,9,9,7,9,9,9,9
20,2243,520,6,1,6,9,9,9,9,9,7,9,9,9,9
20,2244,521,1,1,1,1,1,1,1,1,1,1,1,1,1
20,2245,522,1,6,1,7,7,7,7,7,6,7,7,7,6
20,2246,523,1,1,1,1,1,1,1,1,1,1,1,1,1
20,2247,523,1,1,1,1,1,1,1,1,1,1,1,1,1
20,2248,524,1,1,1,1,1,1,1,1,1,1,1,1,1
20,2249,525,5,3,5,3,3,3,3,3,8,3,3,3,7
20,2250,525,5,3,5,3,3,3,3,3,8,3,3,3,7
20,2251,525,5,3,5,3,3,3,3,3,8,3,3,3,7
20,2252,525,5,3,5,3,3,3,3,3,8,3,3,3,7
20,2253,525,5,3,5,3,3,3,3,3,8,3,3,3,7
20,2254,525,5,3,5,3,3,3,3,3,8,3,3,3,7
20,2255,525,5,3,5,3,3,3,3,3,8,3,3,3,7
20,2256,525,5,3,5,3,3,3,3,3,8,3,3,3,7
20,2257,525,5,3,5,3,3,3,3,3,8,3,3,3,7
20,2258,526,3,10,3,7,7,7,7,7,10,7,7,7,6
20,2259,526,3,10,3,7,7,7,7,7,10,7,7,7,6
20,2260,526,3,10,3,7,7,7,7,7,10,7,7,7,6
20,2261,527,1,8,1,1,1,1,1,1,1,1,1,1,1
20,2262,528,6,1,6,9,9,9,9,9,7,9,9,9,9
20,2263,528,6,1,6,9,9,9,9,9,7,9,9,9,9
20,2264,529,7,9,7,8,8,8,8,8,9,8,8,8,2
20,2265,530,8,9,8,2,2,2,2,2,2,2,2,2,3
20,2266,530,8,9,8,2,2,2,2,2,2,2,2,2,3
20,2267,530,8,9,8,2,2,2,2,2,2,2,2,2,3
20,2268,530,8,9,8,2,2,2,2,2,2,2,2,2,3
20,2269,530,8,9,8,2,2,2,2,2,2,2,2,2,3
20,2270,530,8,9,8,2,2,2,2,2,2,2,2,2,3
20,2271,530,8,9,8,2,2,2,2,2,2,2,2,2,3
20,2272,531,1,8,1,10,10,10,10,10,6,10,10,10,10
20,2273,532,6,2,6,9,9,9,9,9,7,9,9,9,9
20,2274,533,6,1,6,9,9,9,9,9,7,9,9,9,9
20,2275,534,6,1,6,9,9,9,9,9,7,9,9,9,9
20,2276,534,6,1,6,9,9,9,9,9,7,9,9,9,9
20,2277,534,6,1,6,9,9,9,9,9,7,9,9,9,9
20,2278,534,6,1,6,9,9,9,9,9,7,9,9,9,9
20,2279,534,6,1,6,9,9,9,9,9,7,9,9,9,9
20,2280,919,6,1,6,9,9,9,9,9,7,9,9,9,9
20,2281,534,6,1,6,9,9,9,9,9,7,9,9,9,9
20,2282,534,6,1,6,9,9,9,9,9,7,9,9,9,9
20,2283,534,6,1,6,9,9,9,9,9,7,9,9,9,9
20,2284,534,6,1,6,9,9,9,9,9,7,9,9,9,9
20,2285,534,6,1,6,9,9,9,9,9,7,9,9,9,9
20,2286,534,6,1,6,9,9,9,9,9,7,9,9,9,9
20,2287,534,6,1,6,9,9,9,9,9,7,9,9,9,9
20,2288,534,6,1,6,9,9,9,9,9,7,9,9,9,9
20,2289,534,6,1,6,9,9,9,9,9,7,9,9,9,9
20,2290,535,7,10,7,8,8,8,8,8,9,8,8,8,2
20,2291,536,7,10,7,8,8,8,8,8,10,8,8,8,2
20,2292,536,7,10,7,8,8,8,8,8,10,8,8,8,2
20,2293,536,7,10,7,8,8,8,8,8,10,8,8,8,2
20,2294,536,7,10,7,8,8,8,8,8,10,8,8,8,2
20,2295,536,7,10,7,8,8,8,8,8,10,8,8,8,2
20,2296,536,7,10,7,8,8,8,8,8,10,8,8,8,2
20,2297,536,7,10,7,8,8,8,8,8,10,8,8,8,2
20,2298,536,7,10,7,8,8,8,8,8,10,8,8,8,2
20,2299,536,7,10,7,8,8,8,8,8,10,8,8,8,2
20,2300,536,7,10,7,8,8,8,8,8,10,8,8,8,2
20,2301,537,1,8,1,10,10,10,10,10,1,10,10,10,10
20,2302,537,1,8,1,10,10,10,10,10,1,10,10,10,10
20,2303,537,1,8,1,10,10,10,10,10,1,10,10,10,10
20,2304,538,3,10,3,8,8,8,8,8,10,8,8,8,2
20,2305,539,1,1,1,1,1,1,1,1,1,1,1,1,1
20,2306,539,1,1,1,1,1,1,1,1,1,1,1,1,1
20,2307,539,1,1,1,1,1,1,1,1,1,1,1,1,1
20,2308,539,1,1,1,1,1,1,1,1,1,1,1,1,1
20,2309,539,1,1,1,1,1,1,1,1,1,1,1,1,1
20,2310,539,1,1,1,1,1,1,1,1,1,1,1,1,1
20,2311,540,4,6,4,7,7,7,7,7,5,7,7,7,6
20,2312,540,4,6,4,7,7,7,7,7,5,7,7,7,6
20,2313,540,4,6,4,7,7,7,7,7,5,7,7,7,6
20,2314,540,4,6,4,7,7,7,7,7,5,7,7,7,6
20,2315,540,4,6,4,7,7,7,7,7,5,7,7,7,6
20,2316,541,1,6,1,7,7,7,7,7,6,7,7,7,6
20,2317,541,1,6,1,7,7,7,7,7,6,7,7,7,6
20,2318,542,8,9,8,2,2,2,2,2,2,2,2,2,3
20,2319,542,8,9,8,2,2,2,2,2,2,2,2,2,3
20,2320,542,8,9,8,2,2,2,2,2,2,2,2,2,3
20,2321,543,1,1,1,1,1,1,1,1,1,1,1,1,1
20,2322,543,1,1,1,1,1,1,1,1,1,1,1,1,1
20,2323,543,1,1,1,1,1,1,1,1,1,1,1,1,1
20,2324,544,1,8,1,7,7,7,7,7,6,7,7,7,6
20,2325,545,2,8,2,10,10,10,10,10,6,10,10,10,10
20,2326,545,2,8,2,10,10,10,10,10,6,10,10,10,10
20,2327,545,2,8,2,10,10,10,10,10,6,10,10,10,10
20,2328,545,2,8,2,10,10,10,10,10,6,10,10,10,10
20,2329,545,2,8,2,10,10,10,10,10,6,10,10,10,10
20,2330,545,2,8,2,10,10,10,10,10,6,10,10,10,10
20,2331,546,1,6,1,7,7,7,7,7,10,7,7,7,6
20,2332,546,1,6,1,7,7,7,7,7,10,7,7,7,6
20,2333,546,1,6,1,7,7,7,7,7,10,7,7,7,6
20,2334,546,1,6,1,7,7,7,7,7,10,7,7,7,6
20,2335,547,1,1,1,1,1,1,1,1,1,1,1,1,1
20,2336,548,2,1,2,1,1,1,1,1,1,1,1,1,1
20,2337,548,2,1,2,1,1,1,1,1,1,1,1,1,1
20,2338,548,2,1,2,1,1,1,1,1,1,1,1,1,1
20,2339,549,6,1,6,9,9,9,9,9,7,9,9,9,9
20,2340,549,6,1,6,9,9,9,9,9,7,9,9,9,9
20,2341,549,6,1,6,9,9,9,9,9,7,9,9,9,9
20,2342,549,6,1,6,9,9,9,9,9,7,9,9,9,9
20,2343,549,6,1,6,9,9,9,9,9,7,9,9,9,9
20,2344,549,6,1,6,9,9,9,9,9,7,9,9,9,9
20,2345,549,6,1,6,9,9,9,9,9,7,9,9,9,9
20,2346,549,6,1,6,9,9,9,9,9,7,9,9,9,9
20,2347,549,6,1,6,9,9,9,9,9,7,9,9,9,9
20,2348,549,6,1,6,9,9,9,9,9,7,9,9,9,9
20,2349,549,6,1,6,9,9,9,9,9,7,9,9,9,9
20,2350,549,6,1,6,9,9,9,9,9,7,9,9,9,9
20,2351,549,6,1,6,9,9,9,9,9,7,9,9,9,9
20,2352,550,1,6,1,7,7,7,7,7,9,7,7,7,6
20,2353,550,1,6,1,7,7,7,7,7,9,7,7,7,6
20,2354,550,1,6,1,7,7,7,7,7,9,7,7,7,6
20,2355,550,1,6,1,7,7,7,7,7,9,7,7,7,6
20,2356,550,1,6,1,7,7,7,7,7,9,7,7,7,6
20,2357,550,1,6,1,7,7,7,7,7,9,7,7,7,6
20,2358,550,1,6,1,7,7,7,7,7,9,7,7,7,6
20,2359,550,1,6,1,7,7,7,7,7,9,7,7,7,6
20,2360,550,1,6,1,7,7,7,7,7,9,7,7,7,6
20,2361,920,1,6,1,7,7,7,7,7,9,7,7,7,6
20,2362,551,2,1,2,1,1,1,1,1,1,1,1,1,1
20,2363,552,1,6,1,7,7,7,7,7,6,7,7,7,6
20,2364,552,1,6,1,7,7,7,7,7,6,7,7,7,6
20,2365,552,1,6,1,7,7,7,7,7,6,7,7,7,6
20,2366,552,1,6,1,7,7,7,7,7,6,7,7,7,6
20,2367,553,6,1,6,9,9,9,9,9,7,9,9,9,9
20,2368,553,6,1,6,9,9,9,9,9,7,9,9,9,9
20,2369,553,6,1,6,9,9,9,9,9,7,9,9,9,9
20,2370,553,6,1,6,9,9,9,9,9,7,9,9,9,9
20,2371,553,6,1,6,9,9,9,9,9,7,9,9,9,9
20,2372,553,6,1,6,9,9,9,9,9,7,9,9,9,9
20,2373,553,6,1,6,9,9,9,9,9,7,9,9,9,9
20,2374,553,6,1,6,9,9,9,9,9,7,9,9,9,9
20,2375,553,6,1,6,9,9,9,9,9,7,9,9,9,9
20,2376,553,6,1,6,9,9,9,9,9,7,9,9,9,9
20,2377,553,6,1,6,9,9,9,9,9,7,9,9,9,9
20,2378,921,6,1,6,9,9,9,9,9,7,9,9,9,9
20,2379,553,6,1,6,9,9,9,9,9,7,9,9,9,9
20,2380,553,6,1,6,9,9,9,9,9,7,9,9,9,9
20,2381,553,6,1,6,9,9,9,9,9,7,9,9,9,9
20,2382,553,6,1,6,9,9,9,9,9,7,9,9,9,9
20,2383,553,6,1,6,9,9,9,9,9,7,9,9,9,9
20,2384,922,6,1,6,9,9,9,9,9,7,9,9,9,9
20,2385,923,6,1,6,9,9,9,9,9,7,9,9,9,9
20,2386,554,4,6,4,7,7,7,7,7,5,7,7,7,6
20,2387,554,4,6,4,7,7,7,7,7,5,7,7,7,6
20,2388,554,4,6,4,7,7,7,7,7,5,7,7,7,6
20,2389,554,4,6,4,7,7,7,7,7,5,7,7,7,6
20,2390,554,4,6,4,7,7,7,7,7,5,7,7,7,6
20,2391,555,3,10,3,1,1,1,1,1,10,1,1,1,1
20,2392,555,3,10,3,1,1,1,1,1,10,1,1,1,1
20,2393,556,1,1,1,1,1,1,1,1,1,1,1,1,1
20,2394,557,5,3,5,3,3,3,3,3,8,3,3,3,7
20,2395,557,5,3,5,3,3,3,3,3,8,3,3,3,7
20,2396,557,5,3,5,3,3,3,3,3,8,3,3,3,7
20,2397,557,5,3,5,3,3,3,3,3,8,3,3,3,7
20,2398,557,5,3,5,3,3,3,3,3,8,3,3,3,7
20,2399,557,5,3,5,3,3,3,3,3,8,3,3,3,7
20,2400,557,5,3,5,3,3,3,3,3,8,3,3,3,7
20,2401,557,5,3,5,3,3,3,3,3,8,3,3,3,7
20,2402,557,5,3,5,3,3,3,3,3,8,3,3,3,7
20,2403,557,5,3,5,3,3,3,3,3,8,3,3,3,7
20,2404,557,5,3,5,3,3,3,3,3,8,3,3,3,7
20,2405,558,1,8,1,10,10,10,10,10,6,10,10,10,10
20,2406,558,1,8,1,10,10,10,10,10,6,10,10,10,10
20,2407,559,1,8,1,7,7,7,7,7,6,7,7,7,6
20,2408,560,1,8,1,10,10,10,10,10,1,10,10,10,10
20,2409,560,1,8,1,10,10,10,10,10,1,10,10,10,10
20,2410,560,1,8,1,10,10,10,10,10,1,10,10,10,10
20,2411,560,1,8,1,10,10,10,10,10,1,10,10,10,10
20,2412,561,1,6,1,7,7,7,7,7,9,7,7,7,6
20,2413,561,1,6,1,7,7,7,7,7,9,7,7,7,6
20,2414,561,1,6,1,7,7,7,7,7,9,7,7,7,6
20,2415,561,1,6,1,7,7,7,7,7,9,7,7,7,6
20,2416,561,1,6,1,7,7,7,7,7,9,7,7,7,6
20,2417,562,1,6,1,7,7,7,7,7,6,7,7,7,6
20,2418,562,1,6,1,7,7,7,7,7,6,7,7,7,6
20,2419,563,1,6,1,7,7,7,7,7,9,7,7,7,6
20,2420,563,1,6,1,7,7,7,7,7,9,7,7,7,6
20,2421,564,7,10,7,8,8,8,8,8,10,8,8,8,2
20,2422,565,6,1,6,1,1,1,1,1,1,1,1,1,1
20,2423,566,3,10,3,1,1,1,1,1,10,1,1,1,1
20,2424,566,3,10,3,1,1,1,1,1,10,1,1,1,1
20,2425,566,3,10,3,1,1,1,1,1,10,1,1,1,1
20,2426,566,3,10,3,1,1,1,1,1,10,1,1,1,1
20,2427,566,3,10,3,1,1,1,1,1,10,1,1,1,1
20,2428,566,3,10,3,1,1,1,1,1,10,1,1,1,1
20,2429,566,3,10,3,1,1,1,1,1,10,1,1,1,1
20,2430,567,8,10,8,9,9,9,9,9,7,9,9,9,9
20,2431,567,8,10,8,9,9,9,9,9,7,9,9,9,9
20,2432,568,6,1,6,9,9,9,9,9,7,9,9,9,9
20,2433,568,6,1,6,9,9,9,9,9,7,9,9,9,9
20,2434,568,6,1,6,9,9,9,9,9,7,9,9,9,9
20,2435,569,2,1,2,1,1,1,1,1,1,1,1,1,1
20,2436,570,3,10,3,8,8,8,8,8,10,8,8,8,2
20,2437,570,3,10,3,8,8,8,8,8,10,8,8,8,2
20,2438,570,3,10,3,8,8,8,8,8,10,8,8,8,2
20,2439,570,3,10,3,8,8,8,8,8,10,8,8,8,2
20,2440,570,3,10,3,8,8,8,8,8,10,8,8,8,2
20,2441,570,3,10,3,8,8,8,8,8,10,8,8,8,2
20,2442,570,3,10,3,8,8,8,8,8,10,8,8,8,2
20,2443,570,3,10,3,8,8,8,8,8,10,8,8,8,2
20,2444,570,3,10,3,8,8,8,8,8,10,8,8,8,2
20,2445,570,3,10,3,8,8,8,8,8,10,8,8,8,2
20,2446,570,3,10,3,8,8,8,8,8,10,8,8,8,2
20,2447,570,3,10,3,8,8,8,8,8,10,8,8,8,2
20,2448,925,3,10,3,7,7,7,7,7,10,7,7,7,6
20,2449,570,3,10,3,8,8,8,8,8,10,8,8,8,2
20,2450,265,7,7,7,6,6,6,6,6,9,6,6,6,8
20,2451,903,2,1,2,1,1,1,1,1,1,1,1,1,1
20,2452,924,6,2,6,9,9,9,9,9,7,9,9,9,9
20,2453,916,6,2,6,9,9,9,9,9,7,9,9,9,9
