edon,seccion,munn,escenario1,escenario2,mc_clv2,morena_clv2,panal_clv2,pan_clv2,pes_clv2,pri_cnv2,pt_clv2,escenario3
23,1,1,4,4,4,4,4,4,4,4,4,4
23,4,1,4,4,4,4,4,4,4,4,4,4
23,5,1,4,4,4,4,4,4,4,4,4,4
23,6,1,4,4,4,4,4,4,4,4,4,4
23,7,1,4,4,4,4,4,4,4,4,4,4
23,8,1,4,4,4,4,4,4,4,4,4,4
23,9,1,4,4,4,4,4,4,4,4,4,4
23,10,1,4,4,4,4,4,4,4,4,4,4
23,13,1,3,3,3,3,3,3,3,3,3,3
23,14,1,3,3,3,3,3,3,3,3,3,3
23,15,1,3,3,3,3,3,3,3,3,3,3
23,16,1,4,4,4,4,4,4,4,4,4,4
23,18,1,4,4,4,4,4,4,4,4,4,4
23,19,1,4,4,4,4,4,4,4,4,4,4
23,20,1,4,4,4,4,4,4,4,4,4,4
23,21,1,4,4,4,4,4,4,4,4,4,4
23,22,1,4,4,4,4,4,4,4,4,4,4
23,23,1,4,4,4,4,4,4,4,4,4,4
23,24,1,4,4,4,4,4,4,4,4,4,4
23,25,1,4,4,4,4,4,4,4,4,4,4
23,26,1,4,4,4,4,4,4,4,4,4,4
23,27,1,4,4,4,4,4,4,4,4,4,4
23,28,1,4,4,4,4,4,4,4,4,4,4
23,29,1,4,4,4,4,4,4,4,4,4,4
23,30,1,4,4,4,4,4,4,4,4,4,4
23,31,1,4,4,4,4,4,4,4,4,4,4
23,32,1,4,4,4,4,4,4,4,4,4,4
23,33,1,4,4,4,4,4,4,4,4,4,4
23,34,1,4,4,4,4,4,4,4,4,4,4
23,35,1,4,4,4,4,4,4,4,4,4,4
23,36,1,4,4,4,4,4,4,4,4,4,4
23,37,1,4,4,4,4,4,4,4,4,4,4
23,38,1,4,4,4,4,4,4,4,4,4,4
23,39,1,4,4,4,4,4,4,4,4,4,4
23,40,1,4,4,4,4,4,4,4,4,4,4
23,41,1,4,4,4,4,4,4,4,4,4,4
23,42,1,4,4,4,4,4,4,4,4,4,4
23,43,1,4,4,4,4,4,4,4,4,4,4
23,44,1,4,4,4,4,4,4,4,4,4,4
23,45,1,4,4,4,4,4,4,4,4,4,4
23,46,1,4,4,4,4,4,4,4,4,4,4
23,47,1,4,4,4,4,4,4,4,4,4,4
23,48,1,3,3,3,3,3,3,3,3,3,3
23,49,1,3,3,3,3,3,3,3,3,3,3
23,50,1,3,3,3,3,3,3,3,3,3,3
23,51,1,3,3,3,3,3,3,3,3,3,3
23,52,1,3,3,3,3,3,3,3,3,3,3
23,53,1,4,4,4,4,4,4,4,4,4,4
23,54,1,4,4,4,4,4,4,4,4,4,4
23,55,1,4,4,4,4,4,4,4,4,4,4
23,56,1,4,4,4,4,4,4,4,4,4,4
23,57,1,4,4,4,4,4,4,4,4,4,4
23,58,1,4,4,4,4,4,4,4,4,4,4
23,59,1,4,4,4,4,4,4,4,4,4,4
23,60,1,4,4,4,4,4,4,4,4,4,4
23,61,1,4,4,4,4,4,4,4,4,4,4
23,62,1,4,4,4,4,4,4,4,4,4,4
23,63,1,4,4,4,4,4,4,4,4,4,4
23,64,1,4,4,4,4,4,4,4,4,4,4
23,65,1,4,4,4,4,4,4,4,4,4,4
23,66,1,4,4,4,4,4,4,4,4,4,4
23,67,1,4,4,4,4,4,4,4,4,4,4
23,68,1,4,4,4,4,4,4,4,4,4,4
23,69,1,4,4,4,4,4,4,4,4,4,4
23,70,1,3,3,3,3,3,3,3,3,3,3
23,71,1,3,3,3,3,3,3,3,3,3,3
23,72,1,3,3,3,3,3,3,3,3,3,3
23,73,1,4,4,4,4,4,4,4,4,4,4
23,74,1,4,4,4,4,4,4,4,4,4,4
23,75,1,4,4,4,4,4,4,4,4,4,4
23,76,1,4,4,4,4,4,4,4,4,4,4
23,77,1,4,4,4,4,4,4,4,4,4,4
23,78,1,4,4,4,4,4,4,4,4,4,4
23,79,1,4,4,4,4,4,4,4,4,4,4
23,80,1,4,4,4,4,4,4,4,4,4,4
23,81,1,4,4,4,4,4,4,4,4,4,4
23,82,1,4,4,4,4,4,4,4,4,4,4
23,83,1,4,4,4,4,4,4,4,4,4,4
23,84,1,4,4,4,4,4,4,4,4,4,4
23,85,1,4,4,4,4,4,4,4,4,4,4
23,86,1,4,4,4,4,4,4,4,4,4,4
23,87,1,4,4,4,4,4,4,4,4,4,4
23,88,1,4,4,4,4,4,4,4,4,4,4
23,89,1,3,3,3,3,3,3,3,3,3,3
23,90,1,3,3,3,3,3,3,3,3,3,3
23,91,1,3,3,3,3,3,3,3,3,3,3
23,92,1,3,3,3,3,3,3,3,3,3,3
23,93,1,3,3,3,3,3,3,3,3,3,3
23,94,1,3,3,3,3,3,3,3,3,3,3
23,95,1,3,3,3,3,3,3,3,3,3,3
23,96,1,4,4,4,4,4,4,4,4,4,4
23,97,1,4,4,4,4,4,4,4,4,4,4
23,98,1,4,4,4,4,4,4,4,4,4,4
23,99,1,4,4,4,4,4,4,4,4,4,4
23,100,1,4,4,4,4,4,4,4,4,4,4
23,101,1,4,4,4,4,4,4,4,4,4,4
23,102,1,3,3,3,3,3,3,3,3,3,3
23,103,1,3,3,3,3,3,3,3,3,3,3
23,104,1,3,3,3,3,3,3,3,3,3,3
23,105,1,3,3,3,3,3,3,3,3,3,3
23,106,1,4,4,4,4,4,4,4,4,4,4
23,107,1,4,4,4,4,4,4,4,4,4,4
23,108,1,4,4,4,4,4,4,4,4,4,4
23,109,1,4,4,4,4,4,4,4,4,4,4
23,110,1,4,4,4,4,4,4,4,4,4,4
23,111,1,4,4,4,4,4,4,4,4,4,4
23,112,1,4,4,4,4,4,4,4,4,4,4
23,113,1,4,4,4,4,4,4,4,4,4,4
23,114,1,4,4,4,4,4,4,4,4,4,4
23,115,1,4,4,4,4,4,4,4,4,4,4
23,116,1,4,4,4,4,4,4,4,4,4,4
23,117,1,3,3,3,3,3,3,3,3,3,3
23,118,1,4,4,4,4,4,4,4,4,4,4
23,119,1,3,3,3,3,3,3,3,3,3,3
23,120,1,3,3,3,3,3,3,3,3,3,3
23,121,1,3,3,3,3,3,3,3,3,3,3
23,122,1,3,3,3,3,3,3,3,3,3,3
23,123,1,3,3,3,3,3,3,3,3,3,3
23,124,1,3,3,3,3,3,3,3,3,3,3
23,125,1,3,3,3,3,3,3,3,3,3,3
23,126,1,3,3,3,3,3,3,3,3,3,3
23,127,1,3,3,3,3,3,3,3,3,3,3
23,128,1,3,3,3,3,3,3,3,3,3,3
23,129,1,3,3,3,3,3,3,3,3,3,3
23,130,1,3,3,3,3,3,3,3,3,3,3
23,131,1,3,3,3,3,3,3,3,3,3,3
23,132,1,3,3,3,3,3,3,3,3,3,3
23,133,1,3,3,3,3,3,3,3,3,3,3
23,134,1,3,3,3,3,3,3,3,3,3,3
23,135,1,3,3,3,3,3,3,3,3,3,3
23,136,1,3,3,3,3,3,3,3,3,3,3
23,137,1,3,3,3,3,3,3,3,3,3,3
23,138,1,3,3,3,3,3,3,3,3,3,3
23,139,1,3,3,3,3,3,3,3,3,3,3
23,140,1,3,3,3,3,3,3,3,3,3,3
23,141,1,3,3,3,3,3,3,3,3,3,3
23,142,1,3,3,3,3,3,3,3,3,3,3
23,143,1,3,3,3,3,3,3,3,3,3,3
23,144,1,3,3,3,3,3,3,3,3,3,3
23,145,1,3,3,3,3,3,3,3,3,3,3
23,146,1,3,3,3,3,3,3,3,3,3,3
23,147,1,3,3,3,3,3,3,3,3,3,3
23,148,1,3,3,3,3,3,3,3,3,3,3
23,149,1,3,3,3,3,3,3,3,3,3,3
23,151,1,3,3,3,3,3,3,3,3,3,3
23,152,1,3,3,3,3,3,3,3,3,3,3
23,153,1,3,3,3,3,3,3,3,3,3,3
23,155,1,3,3,3,3,3,3,3,3,3,3
23,156,1,3,3,3,3,3,3,3,3,3,3
23,157,1,3,3,3,3,3,3,3,3,3,3
23,158,1,3,3,3,3,3,3,3,3,3,3
23,159,1,3,3,3,3,3,3,3,3,3,3
23,161,1,3,3,3,3,3,3,3,3,3,3
23,162,1,3,3,3,3,3,3,3,3,3,3
23,163,1,3,3,3,3,3,3,3,3,3,3
23,164,1,3,3,3,3,3,3,3,3,3,3
23,165,1,3,3,3,3,3,3,3,3,3,3
23,166,1,3,3,3,3,3,3,3,3,3,3
23,167,1,3,3,3,3,3,3,3,3,3,3
23,168,1,3,3,3,3,3,3,3,3,3,3
23,169,1,3,3,3,3,3,3,3,3,3,3
23,170,1,3,3,3,3,3,3,3,3,3,3
23,171,1,3,3,3,3,3,3,3,3,3,3
23,172,1,3,3,3,3,3,3,3,3,3,3
23,173,1,3,3,3,3,3,3,3,3,3,3
23,174,1,3,3,3,3,3,3,3,3,3,3
23,175,1,3,3,3,3,3,3,3,3,3,3
23,177,1,3,3,3,3,3,3,3,3,3,3
23,178,1,3,3,3,3,3,3,3,3,3,3
23,179,1,3,3,3,3,3,3,3,3,3,3
23,180,1,3,3,3,3,3,3,3,3,3,3
23,181,1,4,4,4,4,4,4,4,4,4,4
23,182,2,1,1,1,1,1,1,1,1,1,1
23,183,2,1,1,1,1,1,1,1,1,1,1
23,184,2,1,1,1,1,1,1,1,1,1,1
23,185,2,1,1,1,1,1,1,1,1,1,1
23,186,2,1,1,1,1,1,1,1,1,1,1
23,187,2,1,1,1,1,1,1,1,1,1,1
23,188,2,1,1,1,1,1,1,1,1,1,1
23,189,2,1,1,1,1,1,1,1,1,1,1
23,190,2,1,1,1,1,1,1,1,1,1,1
23,191,2,1,1,1,1,1,1,1,1,1,1
23,192,2,1,1,1,1,1,1,1,1,1,1
23,193,2,1,1,1,1,1,1,1,1,1,1
23,194,2,1,1,1,1,1,1,1,1,1,1
23,195,2,1,1,1,1,1,1,1,1,1,1
23,196,2,1,1,1,1,1,1,1,1,1,1
23,197,2,1,1,1,1,1,1,1,1,1,1
23,198,2,1,1,1,1,1,1,1,1,1,1
23,199,2,1,1,1,1,1,1,1,1,1,1
23,200,2,1,1,1,1,1,1,1,1,1,1
23,201,2,1,1,1,1,1,1,1,1,1,1
23,202,2,1,1,1,1,1,1,1,1,1,1
23,203,2,1,1,1,1,1,1,1,1,1,1
23,206,8,1,1,1,1,1,1,1,1,1,1
23,208,9,1,1,1,1,1,1,1,1,1,1
23,210,9,1,1,1,1,1,1,1,1,1,1
23,211,9,1,1,1,1,1,1,1,1,1,1
23,213,9,1,1,1,1,1,1,1,1,1,1
23,214,9,1,1,1,1,1,1,1,1,1,1
23,215,3,2,2,2,2,2,2,2,2,2,2
23,216,3,2,2,2,2,2,2,2,2,2,2
23,217,3,2,2,2,2,2,2,2,2,2,2
23,218,3,2,2,2,2,2,2,2,2,2,2
23,219,3,2,2,2,2,2,2,2,2,2,2
23,220,3,2,2,2,2,2,2,2,2,2,2
23,221,3,2,2,2,2,2,2,2,2,2,2
23,222,3,2,2,2,2,2,2,2,2,2,2
23,223,3,2,2,2,2,2,2,2,2,2,2
23,224,3,2,2,2,2,2,2,2,2,2,2
23,225,3,2,2,2,2,2,2,2,2,2,2
23,226,3,2,2,2,2,2,2,2,2,2,2
23,227,3,2,2,2,2,2,2,2,2,2,2
23,228,3,2,2,2,2,2,2,2,2,2,2
23,229,3,2,2,2,2,2,2,2,2,2,2
23,230,3,2,2,1,1,1,1,1,2,2,2
23,231,3,2,2,1,1,1,1,1,2,2,2
23,232,3,2,2,2,2,2,2,2,2,2,2
23,233,3,2,2,2,2,2,2,2,2,2,2
23,234,3,2,2,2,2,2,2,2,2,2,2
23,235,3,2,2,2,2,2,2,2,2,2,2
23,236,3,2,2,2,2,2,2,2,2,2,2
23,237,3,2,2,2,2,2,2,2,2,2,2
23,238,3,2,2,2,2,2,2,2,2,2,2
23,239,3,2,2,2,2,2,2,2,2,2,2
23,240,3,2,2,2,2,2,2,2,2,2,2
23,241,3,2,2,2,2,2,2,2,2,2,2
23,242,3,2,2,2,2,2,2,2,2,2,2
23,243,3,2,2,2,2,2,2,2,2,2,2
23,244,3,2,2,2,2,2,2,2,2,2,2
23,245,3,2,2,2,2,2,2,2,2,2,2
23,247,3,2,2,2,2,2,2,2,2,2,2
23,248,3,2,2,2,2,2,2,2,2,2,2
23,249,3,2,2,2,2,2,2,2,2,2,2
23,250,3,2,2,2,2,2,2,2,2,2,2
23,251,3,2,2,2,2,2,2,2,2,2,2
23,252,4,1,1,1,1,1,1,1,1,1,1
23,253,4,1,1,1,1,1,1,1,1,1,1
23,254,4,1,1,1,1,1,1,1,1,1,1
23,255,4,1,1,1,1,1,1,1,1,1,1
23,256,4,1,1,1,1,1,1,1,1,1,1
23,257,4,1,1,1,1,1,1,1,1,1,1
23,258,4,1,1,1,1,1,1,1,1,1,1
23,259,4,1,1,1,1,1,1,1,1,1,1
23,260,4,1,1,1,1,1,1,1,1,1,1
23,261,4,1,1,1,1,1,1,1,1,1,1
23,262,5,2,2,2,2,2,2,2,2,2,2
23,263,5,2,2,2,2,2,2,2,2,2,2
23,264,5,2,2,2,2,2,2,2,2,2,2
23,265,5,2,2,2,2,2,2,2,2,2,2
23,266,5,2,2,2,2,2,2,2,2,2,2
23,267,5,2,2,2,2,2,2,2,2,2,2
23,268,5,2,2,2,2,2,2,2,2,2,2
23,269,5,2,2,2,2,2,2,2,2,2,2
23,270,5,2,2,2,2,2,2,2,2,2,2
23,271,5,2,2,2,2,2,2,2,2,2,2
23,272,5,2,2,2,2,2,2,2,2,2,2
23,273,5,2,2,2,2,2,2,2,2,2,2
23,274,5,2,2,2,2,2,2,2,2,2,2
23,275,5,2,2,2,2,2,2,2,2,2,2
23,276,5,2,2,2,2,2,2,2,2,2,2
23,277,5,2,2,2,2,2,2,2,2,2,2
23,278,5,2,2,2,2,2,2,2,2,2,2
23,279,5,2,2,2,2,2,2,2,2,2,2
23,280,5,2,2,2,2,2,2,2,2,2,2
23,281,5,2,2,2,2,2,2,2,2,2,2
23,282,5,2,2,2,2,2,2,2,2,2,2
23,283,5,2,2,2,2,2,2,2,2,2,2
23,284,6,1,1,1,1,1,1,1,1,1,1
23,285,6,1,1,1,1,1,1,1,1,1,1
23,286,6,1,1,1,1,1,1,1,1,1,1
23,287,6,1,1,1,1,1,1,1,1,1,1
23,288,6,1,1,1,1,1,1,1,1,1,1
23,289,6,1,1,1,1,1,1,1,1,1,1
23,290,6,1,1,1,1,1,1,1,1,1,1
23,291,6,1,1,1,1,1,1,1,1,1,1
23,292,6,1,1,1,1,1,1,1,1,1,1
23,293,6,1,1,1,1,1,1,1,1,1,1
23,294,6,1,1,1,1,1,1,1,1,1,1
23,295,6,1,1,1,1,1,1,1,1,1,1
23,296,6,1,1,1,1,1,1,1,1,1,1
23,297,6,1,1,1,1,1,1,1,1,1,1
23,298,7,2,2,2,2,2,2,2,2,2,2
23,299,7,2,2,2,2,2,2,2,2,2,2
23,300,7,2,2,2,2,2,2,2,2,2,2
23,301,7,2,2,2,2,2,2,2,2,2,2
23,302,7,2,2,2,2,2,2,2,2,2,2
23,303,7,2,2,2,2,2,2,2,2,2,2
23,304,7,2,2,2,2,2,2,2,2,2,2
23,305,7,2,2,2,2,2,2,2,2,2,2
23,306,7,2,2,2,2,2,2,2,2,2,2
23,307,7,2,2,2,2,2,2,2,2,2,2
23,308,7,2,2,2,2,2,2,2,2,2,2
23,309,7,2,2,2,2,2,2,2,2,2,2
23,310,7,2,2,2,2,2,2,2,2,2,2
23,311,7,2,2,2,2,2,2,2,2,2,2
23,312,7,2,2,2,2,2,2,2,2,2,2
23,313,7,2,2,2,2,2,2,2,2,2,2
23,314,7,2,2,2,2,2,2,2,2,2,2
23,315,7,2,2,2,2,2,2,2,2,2,2
23,317,7,2,2,2,2,2,2,2,2,2,2
23,318,7,2,2,2,2,2,2,2,2,2,2
23,319,7,2,2,2,2,2,2,2,2,2,2
23,320,7,2,2,2,2,2,2,2,2,2,2
23,321,7,2,2,2,2,2,2,2,2,2,2
23,322,7,2,2,2,2,2,2,2,2,2,2
23,323,7,2,2,2,2,2,2,2,2,2,2
23,324,7,2,2,2,2,2,2,2,2,2,2
23,325,7,2,2,2,2,2,2,2,2,2,2
23,326,7,2,2,2,2,2,2,2,2,2,2
23,327,7,2,2,2,2,2,2,2,2,2,2
23,328,7,2,2,2,2,2,2,2,2,2,2
23,329,7,2,2,2,2,2,2,2,2,2,2
23,330,7,2,2,2,2,2,2,2,2,2,2
23,331,7,2,2,2,2,2,2,2,2,2,2
23,332,7,2,2,2,2,2,2,2,2,2,2
23,333,7,2,2,2,2,2,2,2,2,2,2
23,334,7,2,2,2,2,2,2,2,2,2,2
23,335,7,2,2,2,2,2,2,2,2,2,2
23,336,7,2,2,2,2,2,2,2,2,2,2
23,337,7,2,2,2,2,2,2,2,2,2,2
23,338,7,2,2,2,2,2,2,2,2,2,2
23,339,7,2,2,2,2,2,2,2,2,2,2
23,340,7,2,2,2,2,2,2,2,2,2,2
23,341,7,2,2,2,2,2,2,2,2,2,2
23,342,7,2,2,2,2,2,2,2,2,2,2
23,343,7,2,2,2,2,2,2,2,2,2,2
23,344,7,2,2,2,2,2,2,2,2,2,2
23,345,7,2,2,2,2,2,2,2,2,2,2
23,346,7,2,2,2,2,2,2,2,2,2,2
23,347,7,2,2,2,2,2,2,2,2,2,2
23,348,7,2,2,2,2,2,2,2,2,2,2
23,349,7,2,2,2,2,2,2,2,2,2,2
23,350,7,2,2,2,2,2,2,2,2,2,2
23,351,7,2,2,2,2,2,2,2,2,2,2
23,352,7,2,2,2,2,2,2,2,2,2,2
23,353,7,2,2,2,2,2,2,2,2,2,2
23,354,7,2,2,2,2,2,2,2,2,2,2
23,355,7,2,2,2,2,2,2,2,2,2,2
23,356,7,2,2,2,2,2,2,2,2,2,2
23,357,7,2,2,2,2,2,2,2,2,2,2
23,358,7,2,2,2,2,2,2,2,2,2,2
23,359,7,2,2,2,2,2,2,2,2,2,2
23,360,7,2,2,2,2,2,2,2,2,2,2
23,361,7,2,2,2,2,2,2,2,2,2,2
23,362,7,2,2,2,2,2,2,2,2,2,2
23,363,7,2,2,2,2,2,2,2,2,2,2
23,364,7,2,2,2,2,2,2,2,2,2,2
23,365,7,2,2,2,2,2,2,2,2,2,2
23,366,7,2,2,2,2,2,2,2,2,2,2
23,367,7,2,2,2,2,2,2,2,2,2,2
23,368,7,2,2,2,2,2,2,2,2,2,2
23,369,7,2,2,2,2,2,2,2,2,2,2
23,370,7,2,2,2,2,2,2,2,2,2,2
23,371,7,2,2,2,2,2,2,2,2,2,2
23,372,7,2,2,2,2,2,2,2,2,2,2
23,374,7,2,2,2,2,2,2,2,2,2,2
23,375,7,2,2,2,2,2,2,2,2,2,2
23,377,7,2,2,2,2,2,2,2,2,2,2
23,378,7,2,2,2,2,2,2,2,2,2,2
23,379,7,2,2,2,2,2,2,2,2,2,2
23,380,7,2,2,2,2,2,2,2,2,2,2
23,381,7,2,2,2,2,2,2,2,2,2,2
23,382,7,2,2,2,2,2,2,2,2,2,2
23,383,7,2,2,2,2,2,2,2,2,2,2
23,384,10,2,2,2,2,2,2,2,2,2,2
23,385,10,2,2,2,2,2,2,2,2,2,2
23,386,10,2,2,2,2,2,2,2,2,2,2
23,387,10,2,2,2,2,2,2,2,2,2,2
23,388,10,2,2,2,2,2,2,2,2,2,2
23,389,10,2,2,2,2,2,2,2,2,2,2
23,390,10,2,2,2,2,2,2,2,2,2,2
23,391,10,2,2,2,2,2,2,2,2,2,2
23,392,10,2,2,2,2,2,2,2,2,2,2
23,393,7,2,2,2,2,2,2,2,2,2,2
23,394,10,2,2,2,2,2,2,2,2,2,2
23,395,10,2,2,2,2,2,2,2,2,2,2
23,396,10,2,2,2,2,2,2,2,2,2,2
23,397,10,2,2,2,2,2,2,2,2,2,2
23,398,10,2,2,2,2,2,2,2,2,2,2
23,399,10,2,2,2,2,2,2,2,2,2,2
23,400,10,2,2,2,2,2,2,2,2,2,2
23,401,10,2,2,2,2,2,2,2,2,2,2
23,402,10,2,2,2,2,2,2,2,2,2,2
23,403,10,2,2,2,2,2,2,2,2,2,2
23,404,10,2,2,2,2,2,2,2,2,2,2
23,405,10,2,2,2,2,2,2,2,2,2,2
23,406,10,2,2,2,2,2,2,2,2,2,2
23,407,10,2,2,2,2,2,2,2,2,2,2
23,408,10,2,2,2,2,2,2,2,2,2,2
23,409,10,2,2,2,2,2,2,2,2,2,2
23,410,7,2,2,2,2,2,2,2,2,2,2
23,411,7,2,2,2,2,2,2,2,2,2,2
23,412,7,2,2,2,2,2,2,2,2,2,2
23,413,7,2,2,2,2,2,2,2,2,2,2
23,414,7,2,2,2,2,2,2,2,2,2,2
23,415,7,2,2,2,2,2,2,2,2,2,2
23,416,7,2,2,2,2,2,2,2,2,2,2
23,417,7,2,2,2,2,2,2,2,2,2,2
23,418,7,2,2,2,2,2,2,2,2,2,2
23,419,7,2,2,2,2,2,2,2,2,2,2
23,420,7,2,2,2,2,2,2,2,2,2,2
23,421,7,2,2,2,2,2,2,2,2,2,2
23,422,7,2,2,2,2,2,2,2,2,2,2
23,423,7,2,2,2,2,2,2,2,2,2,2
23,424,7,2,2,2,2,2,2,2,2,2,2
23,425,7,2,2,2,2,2,2,2,2,2,2
23,426,7,2,2,2,2,2,2,2,2,2,2
23,427,7,2,2,2,2,2,2,2,2,2,2
23,428,7,2,2,2,2,2,2,2,2,2,2
23,429,7,2,2,2,2,2,2,2,2,2,2
23,430,7,2,2,2,2,2,2,2,2,2,2
23,431,7,2,2,2,2,2,2,2,2,2,2
23,432,7,2,2,2,2,2,2,2,2,2,2
23,433,7,2,2,2,2,2,2,2,2,2,2
23,434,7,2,2,2,2,2,2,2,2,2,2
23,435,7,2,2,2,2,2,2,2,2,2,2
23,436,7,2,2,2,2,2,2,2,2,2,2
23,437,7,2,2,2,2,2,2,2,2,2,2
23,438,7,2,2,2,2,2,2,2,2,2,2
23,439,7,2,2,2,2,2,2,2,2,2,2
23,440,7,2,2,2,2,2,2,2,2,2,2
23,441,7,2,2,2,2,2,2,2,2,2,2
23,442,7,2,2,2,2,2,2,2,2,2,2
23,443,7,2,2,2,2,2,2,2,2,2,2
23,444,7,2,2,2,2,2,2,2,2,2,2
23,445,7,2,2,2,2,2,2,2,2,2,2
23,446,7,2,2,2,2,2,2,2,2,2,2
23,447,7,2,2,2,2,2,2,2,2,2,2
23,448,7,2,2,2,2,2,2,2,2,2,2
23,450,7,2,2,2,2,2,2,2,2,2,2
23,451,1,4,4,4,4,4,4,4,4,4,4
23,452,1,4,4,4,4,4,4,4,4,4,4
23,453,1,4,4,4,4,4,4,4,4,4,4
23,454,1,4,4,4,4,4,4,4,4,4,4
23,455,1,4,4,4,4,4,4,4,4,4,4
23,456,1,4,4,4,4,4,4,4,4,4,4
23,457,1,4,4,4,4,4,4,4,4,4,4
23,458,1,4,4,4,4,4,4,4,4,4,4
23,459,1,4,4,4,4,4,4,4,4,4,4
23,460,1,4,4,4,4,4,4,4,4,4,4
23,461,1,4,4,4,4,4,4,4,4,4,4
23,462,1,4,4,4,4,4,4,4,4,4,4
23,463,1,4,4,4,4,4,4,4,4,4,4
23,464,1,4,4,4,4,4,4,4,4,4,4
23,465,1,4,4,4,4,4,4,4,4,4,4
23,466,1,4,4,4,4,4,4,4,4,4,4
23,467,1,4,4,4,4,4,4,4,4,4,4
23,468,1,4,4,4,4,4,4,4,4,4,4
23,469,1,4,4,4,4,4,4,4,4,4,4
23,470,1,4,4,4,4,4,4,4,4,4,4
23,471,1,4,4,4,4,4,4,4,4,4,4
23,472,1,4,4,4,4,4,4,4,4,4,4
23,473,1,4,4,4,4,4,4,4,4,4,4
23,474,1,4,4,4,4,4,4,4,4,4,4
23,475,1,4,4,4,4,4,4,4,4,4,4
23,476,1,4,4,4,4,4,4,4,4,4,4
23,477,1,4,4,4,4,4,4,4,4,4,4
23,478,1,4,4,4,4,4,4,4,4,4,4
23,479,1,4,4,4,4,4,4,4,4,4,4
23,480,1,4,4,4,4,4,4,4,4,4,4
23,481,1,4,4,4,4,4,4,4,4,4,4
23,482,1,4,4,4,4,4,4,4,4,4,4
23,483,1,4,4,4,4,4,4,4,4,4,4
23,484,1,4,4,4,4,4,4,4,4,4,4
23,485,1,4,4,4,4,4,4,4,4,4,4
23,486,1,4,4,4,4,4,4,4,4,4,4
23,487,1,4,4,4,4,4,4,4,4,4,4
23,488,1,4,4,4,4,4,4,4,4,4,4
23,489,1,4,4,4,4,4,4,4,4,4,4
23,490,1,4,4,4,4,4,4,4,4,4,4
23,491,1,4,4,4,4,4,4,4,4,4,4
23,492,1,4,4,4,4,4,4,4,4,4,4
23,493,1,4,4,4,4,4,4,4,4,4,4
23,494,1,4,4,4,4,4,4,4,4,4,4
23,495,1,4,4,4,4,4,4,4,4,4,4
23,496,1,4,4,4,4,4,4,4,4,4,4
23,497,1,4,4,4,4,4,4,4,4,4,4
23,498,1,4,4,4,4,4,4,4,4,4,4
23,499,1,4,4,4,4,4,4,4,4,4,4
23,500,1,4,4,4,4,4,4,4,4,4,4
23,501,1,4,4,4,4,4,4,4,4,4,4
23,502,1,4,4,4,4,4,4,4,4,4,4
23,503,1,4,4,4,4,4,4,4,4,4,4
23,504,1,4,4,4,4,4,4,4,4,4,4
23,505,1,4,4,4,4,4,4,4,4,4,4
23,506,1,4,4,4,4,4,4,4,4,4,4
23,507,1,4,4,4,4,4,4,4,4,4,4
23,508,1,4,4,4,4,4,4,4,4,4,4
23,509,1,4,4,4,4,4,4,4,4,4,4
23,510,1,4,4,4,4,4,4,4,4,4,4
23,511,1,4,4,4,4,4,4,4,4,4,4
23,512,1,4,4,4,4,4,4,4,4,4,4
23,513,1,4,4,4,4,4,4,4,4,4,4
23,514,1,4,4,4,4,4,4,4,4,4,4
23,515,1,4,4,4,4,4,4,4,4,4,4
23,516,1,4,4,4,4,4,4,4,4,4,4
23,517,1,4,4,4,4,4,4,4,4,4,4
23,518,1,4,4,4,4,4,4,4,4,4,4
23,519,1,4,4,4,4,4,4,4,4,4,4
23,520,1,4,4,4,4,4,4,4,4,4,4
23,521,1,4,4,4,4,4,4,4,4,4,4
23,522,1,4,4,4,4,4,4,4,4,4,4
23,523,1,4,4,4,4,4,4,4,4,4,4
23,524,1,4,4,4,4,4,4,4,4,4,4
23,525,1,4,4,4,4,4,4,4,4,4,4
23,526,1,4,4,4,4,4,4,4,4,4,4
23,527,1,4,4,4,4,4,4,4,4,4,4
23,528,1,4,4,4,4,4,4,4,4,4,4
23,529,1,4,4,4,4,4,4,4,4,4,4
23,530,1,4,4,4,4,4,4,4,4,4,4
23,531,1,4,4,4,4,4,4,4,4,4,4
23,532,1,4,4,4,4,4,4,4,4,4,4
23,533,1,4,4,4,4,4,4,4,4,4,4
23,534,1,4,4,4,4,4,4,4,4,4,4
23,535,1,4,4,4,4,4,4,4,4,4,4
23,536,1,4,4,4,4,4,4,4,4,4,4
23,537,1,4,4,4,4,4,4,4,4,4,4
23,538,1,4,4,4,4,4,4,4,4,4,4
23,539,1,4,4,4,4,4,4,4,4,4,4
23,540,1,4,4,4,4,4,4,4,4,4,4
23,541,1,4,4,4,4,4,4,4,4,4,4
23,542,1,4,4,4,4,4,4,4,4,4,4
23,543,1,4,4,4,4,4,4,4,4,4,4
23,544,1,4,4,4,4,4,4,4,4,4,4
23,545,1,4,4,4,4,4,4,4,4,4,4
23,546,1,4,4,4,4,4,4,4,4,4,4
23,547,1,4,4,4,4,4,4,4,4,4,4
23,548,1,4,4,4,4,4,4,4,4,4,4
23,549,1,4,4,4,4,4,4,4,4,4,4
23,550,1,4,4,4,4,4,4,4,4,4,4
23,551,1,4,4,4,4,4,4,4,4,4,4
23,552,1,4,4,4,4,4,4,4,4,4,4
23,553,1,4,4,4,4,4,4,4,4,4,4
23,554,1,4,4,4,4,4,4,4,4,4,4
23,555,1,4,4,4,4,4,4,4,4,4,4
23,556,1,4,4,4,4,4,4,4,4,4,4
23,557,1,4,4,4,4,4,4,4,4,4,4
23,558,1,4,4,4,4,4,4,4,4,4,4
23,559,1,4,4,4,4,4,4,4,4,4,4
23,560,1,4,4,4,4,4,4,4,4,4,4
23,561,1,4,4,4,4,4,4,4,4,4,4
23,562,1,4,4,4,4,4,4,4,4,4,4
23,563,1,4,4,4,4,4,4,4,4,4,4
23,564,1,4,4,4,4,4,4,4,4,4,4
23,565,1,4,4,4,4,4,4,4,4,4,4
23,566,1,4,4,4,4,4,4,4,4,4,4
23,567,1,4,4,4,4,4,4,4,4,4,4
23,568,1,4,4,4,4,4,4,4,4,4,4
23,569,1,4,4,4,4,4,4,4,4,4,4
23,570,1,4,4,4,4,4,4,4,4,4,4
23,571,1,4,4,4,4,4,4,4,4,4,4
23,572,1,4,4,4,4,4,4,4,4,4,4
23,573,1,4,4,4,4,4,4,4,4,4,4
23,574,1,4,4,4,4,4,4,4,4,4,4
23,575,1,4,4,4,4,4,4,4,4,4,4
23,576,1,4,4,4,4,4,4,4,4,4,4
23,577,1,4,4,4,4,4,4,4,4,4,4
23,578,1,3,3,3,3,3,3,3,3,3,3
23,579,1,3,3,3,3,3,3,3,3,3,3
23,580,1,3,3,3,3,3,3,3,3,3,3
23,581,1,3,3,3,3,3,3,3,3,3,3
23,582,1,3,3,3,3,3,3,3,3,3,3
23,583,1,3,3,3,3,3,3,3,3,3,3
23,584,1,3,3,3,3,3,3,3,3,3,3
23,585,1,3,3,3,3,3,3,3,3,3,3
23,586,1,3,3,3,3,3,3,3,3,3,3
23,587,1,3,3,3,3,3,3,3,3,3,3
23,588,1,3,3,3,3,3,3,3,3,3,3
23,589,1,3,3,3,3,3,3,3,3,3,3
23,590,1,3,3,3,3,3,3,3,3,3,3
23,591,1,3,3,3,3,3,3,3,3,3,3
23,592,1,3,3,3,3,3,3,3,3,3,3
23,593,1,3,3,3,3,3,3,3,3,3,3
23,594,1,3,3,3,3,3,3,3,3,3,3
23,595,1,3,3,3,3,3,3,3,3,3,3
23,596,1,3,3,3,3,3,3,3,3,3,3
23,597,1,3,3,3,3,3,3,3,3,3,3
23,598,1,3,3,3,3,3,3,3,3,3,3
23,599,1,3,3,3,3,3,3,3,3,3,3
23,600,1,3,3,3,3,3,3,3,3,3,3
23,601,1,3,3,3,3,3,3,3,3,3,3
23,602,1,3,3,3,3,3,3,3,3,3,3
23,603,1,3,3,3,3,3,3,3,3,3,3
23,604,1,3,3,3,3,3,3,3,3,3,3
23,605,1,3,3,3,3,3,3,3,3,3,3
23,606,1,3,3,3,3,3,3,3,3,3,3
23,607,1,3,3,3,3,3,3,3,3,3,3
23,608,1,3,3,3,3,3,3,3,3,3,3
23,609,1,3,3,3,3,3,3,3,3,3,3
23,610,1,3,3,3,3,3,3,3,3,3,3
23,611,1,3,3,3,3,3,3,3,3,3,3
23,612,1,3,3,3,3,3,3,3,3,3,3
23,613,1,3,3,3,3,3,3,3,3,3,3
23,614,1,3,3,3,3,3,3,3,3,3,3
23,615,1,3,3,3,3,3,3,3,3,3,3
23,616,1,3,3,3,3,3,3,3,3,3,3
23,617,1,3,3,3,3,3,3,3,3,3,3
23,618,1,3,3,3,3,3,3,3,3,3,3
23,619,1,3,3,3,3,3,3,3,3,3,3
23,620,1,3,3,3,3,3,3,3,3,3,3
23,621,1,3,3,3,3,3,3,3,3,3,3
23,622,1,3,3,3,3,3,3,3,3,3,3
23,623,1,3,3,3,3,3,3,3,3,3,3
23,624,1,3,3,3,3,3,3,3,3,3,3
23,625,1,3,3,3,3,3,3,3,3,3,3
23,626,1,3,3,3,3,3,3,3,3,3,3
23,627,1,3,3,3,3,3,3,3,3,3,3
23,628,1,3,3,3,3,3,3,3,3,3,3
23,629,1,3,3,3,3,3,3,3,3,3,3
23,630,1,3,3,3,3,3,3,3,3,3,3
23,631,1,3,3,3,3,3,3,3,3,3,3
23,632,1,3,3,3,3,3,3,3,3,3,3
23,633,1,3,3,3,3,3,3,3,3,3,3
23,634,1,3,3,3,3,3,3,3,3,3,3
23,635,1,3,3,3,3,3,3,3,3,3,3
23,636,1,3,3,3,3,3,3,3,3,3,3
23,637,1,3,3,3,3,3,3,3,3,3,3
23,638,1,3,3,3,3,3,3,3,3,3,3
23,639,1,3,3,3,3,3,3,3,3,3,3
23,640,1,3,3,3,3,3,3,3,3,3,3
23,641,1,3,3,3,3,3,3,3,3,3,3
23,642,1,3,3,3,3,3,3,3,3,3,3
23,643,1,3,3,3,3,3,3,3,3,3,3
23,644,1,3,3,3,3,3,3,3,3,3,3
23,645,1,3,3,3,3,3,3,3,3,3,3
23,646,1,3,3,3,3,3,3,3,3,3,3
23,647,1,3,3,3,3,3,3,3,3,3,3
23,648,1,3,3,3,3,3,3,3,3,3,3
23,649,1,3,3,3,3,3,3,3,3,3,3
23,650,1,3,3,3,3,3,3,3,3,3,3
23,651,1,3,3,3,3,3,3,3,3,3,3
23,652,1,3,3,3,3,3,3,3,3,3,3
23,653,1,3,3,3,3,3,3,3,3,3,3
23,654,1,3,3,3,3,3,3,3,3,3,3
23,655,1,3,3,3,3,3,3,3,3,3,3
23,656,1,3,3,3,3,3,3,3,3,3,3
23,657,1,3,3,3,3,3,3,3,3,3,3
23,658,1,3,3,3,3,3,3,3,3,3,3
23,659,1,3,3,3,3,3,3,3,3,3,3
23,660,1,3,3,3,3,3,3,3,3,3,3
23,661,1,3,3,3,3,3,3,3,3,3,3
23,662,1,3,3,3,3,3,3,3,3,3,3
23,663,1,3,3,3,3,3,3,3,3,3,3
23,664,1,3,3,3,3,3,3,3,3,3,3
23,665,1,3,3,3,3,3,3,3,3,3,3
23,666,1,3,3,3,3,3,3,3,3,3,3
23,667,1,3,3,3,3,3,3,3,3,3,3
23,668,8,1,1,1,1,1,1,1,1,1,1
23,669,8,1,1,1,1,1,1,1,1,1,1
23,670,8,1,1,1,1,1,1,1,1,1,1
23,671,8,1,1,1,1,1,1,1,1,1,1
23,672,8,1,1,1,1,1,1,1,1,1,1
23,673,8,1,1,1,1,1,1,1,1,1,1
23,674,8,1,1,1,1,1,1,1,1,1,1
23,675,8,1,1,1,1,1,1,1,1,1,1
23,676,8,1,1,1,1,1,1,1,1,1,1
23,677,8,1,1,1,1,1,1,1,1,1,1
23,678,8,1,1,1,1,1,1,1,1,1,1
23,679,8,1,1,1,1,1,1,1,1,1,1
23,680,8,1,1,1,1,1,1,1,1,1,1
23,681,8,1,1,1,1,1,1,1,1,1,1
23,682,8,1,1,1,1,1,1,1,1,1,1
23,683,8,1,1,1,1,1,1,1,1,1,1
23,684,8,1,1,1,1,1,1,1,1,1,1
23,685,8,1,1,1,1,1,1,1,1,1,1
23,686,8,1,1,1,1,1,1,1,1,1,1
23,687,8,1,1,1,1,1,1,1,1,1,1
23,688,8,1,1,1,1,1,1,1,1,1,1
23,689,8,1,1,1,1,1,1,1,1,1,1
23,690,8,1,1,1,1,1,1,1,1,1,1
23,691,8,1,1,1,1,1,1,1,1,1,1
23,692,8,1,1,1,1,1,1,1,1,1,1
23,693,8,1,1,1,1,1,1,1,1,1,1
23,694,8,1,1,1,1,1,1,1,1,1,1
23,695,8,1,1,1,1,1,1,1,1,1,1
23,696,8,1,1,1,1,1,1,1,1,1,1
23,697,8,1,1,1,1,1,1,1,1,1,1
23,698,8,1,1,1,1,1,1,1,1,1,1
23,699,8,1,1,1,1,1,1,1,1,1,1
23,700,8,1,1,1,1,1,1,1,1,1,1
23,701,8,1,1,1,1,1,1,1,1,1,1
23,702,8,1,1,1,1,1,1,1,1,1,1
23,703,8,1,1,1,1,1,1,1,1,1,1
23,704,8,1,1,1,1,1,1,1,1,1,1
23,705,8,1,1,1,1,1,1,1,1,1,1
23,706,8,1,1,1,1,1,1,1,1,1,1
23,707,8,1,1,1,1,1,1,1,1,1,1
23,708,8,1,1,1,1,1,1,1,1,1,1
23,709,8,1,1,1,1,1,1,1,1,1,1
23,710,8,1,1,1,1,1,1,1,1,1,1
23,711,8,1,1,1,1,1,1,1,1,1,1
23,712,8,1,1,1,1,1,1,1,1,1,1
23,713,8,1,1,1,1,1,1,1,1,1,1
23,714,8,1,1,1,1,1,1,1,1,1,1
23,715,8,1,1,1,1,1,1,1,1,1,1
23,716,8,1,1,1,1,1,1,1,1,1,1
23,717,8,1,1,1,1,1,1,1,1,1,1
23,718,8,1,1,1,1,1,1,1,1,1,1
23,719,8,1,1,1,1,1,1,1,1,1,1
23,720,8,1,1,1,1,1,1,1,1,1,1
23,721,8,1,1,1,1,1,1,1,1,1,1
23,722,8,1,1,1,1,1,1,1,1,1,1
23,723,8,1,1,1,1,1,1,1,1,1,1
23,724,8,1,1,1,1,1,1,1,1,1,1
23,725,8,1,1,1,1,1,1,1,1,1,1
23,726,8,1,1,1,1,1,1,1,1,1,1
23,727,8,1,1,1,1,1,1,1,1,1,1
23,728,8,1,1,1,1,1,1,1,1,1,1
23,729,8,1,1,1,1,1,1,1,1,1,1
23,730,8,1,1,1,1,1,1,1,1,1,1
23,731,8,1,1,1,1,1,1,1,1,1,1
23,732,8,1,1,1,1,1,1,1,1,1,1
23,733,8,1,1,1,1,1,1,1,1,1,1
23,734,8,1,1,1,1,1,1,1,1,1,1
23,735,8,1,1,1,1,1,1,1,1,1,1
23,736,8,1,1,1,1,1,1,1,1,1,1
23,737,8,1,1,1,1,1,1,1,1,1,1
23,738,8,1,1,1,1,1,1,1,1,1,1
23,739,8,1,1,1,1,1,1,1,1,1,1
23,740,8,1,1,1,1,1,1,1,1,1,1
23,741,8,1,1,1,1,1,1,1,1,1,1
23,742,8,1,1,1,1,1,1,1,1,1,1
23,743,8,1,1,1,1,1,1,1,1,1,1
23,744,8,1,1,1,1,1,1,1,1,1,1
23,745,8,1,1,1,1,1,1,1,1,1,1
23,746,8,1,1,1,1,1,1,1,1,1,1
23,747,8,1,1,1,1,1,1,1,1,1,1
23,748,8,1,1,1,1,1,1,1,1,1,1
23,749,8,1,1,1,1,1,1,1,1,1,1
23,750,8,1,1,1,1,1,1,1,1,1,1
23,751,8,1,1,1,1,1,1,1,1,1,1
23,752,8,1,1,1,1,1,1,1,1,1,1
23,753,8,1,1,1,1,1,1,1,1,1,1
23,754,8,1,1,1,1,1,1,1,1,1,1
23,755,8,1,1,1,1,1,1,1,1,1,1
23,756,8,1,1,1,1,1,1,1,1,1,1
23,757,8,1,1,1,1,1,1,1,1,1,1
23,758,8,1,1,1,1,1,1,1,1,1,1
23,759,8,1,1,1,1,1,1,1,1,1,1
23,760,8,1,1,1,1,1,1,1,1,1,1
23,761,8,1,1,1,1,1,1,1,1,1,1
23,762,8,1,1,1,1,1,1,1,1,1,1
23,763,8,1,1,1,1,1,1,1,1,1,1
23,764,8,1,1,1,1,1,1,1,1,1,1
23,765,8,1,1,1,1,1,1,1,1,1,1
23,766,8,1,1,1,1,1,1,1,1,1,1
23,767,8,1,1,1,1,1,1,1,1,1,1
23,768,8,1,1,1,1,1,1,1,1,1,1
23,769,8,1,1,1,1,1,1,1,1,1,1
23,770,8,1,1,1,1,1,1,1,1,1,1
23,771,8,1,1,1,1,1,1,1,1,1,1
23,772,8,1,1,1,1,1,1,1,1,1,1
23,773,8,1,1,1,1,1,1,1,1,1,1
23,774,8,1,1,1,1,1,1,1,1,1,1
23,775,7,2,2,2,2,2,2,2,2,2,2
23,776,7,2,2,2,2,2,2,2,2,2,2
23,777,7,2,2,2,2,2,2,2,2,2,2
23,778,7,2,2,2,2,2,2,2,2,2,2
23,779,7,2,2,2,2,2,2,2,2,2,2
23,780,7,2,2,2,2,2,2,2,2,2,2
23,781,7,2,2,2,2,2,2,2,2,2,2
23,782,7,2,2,2,2,2,2,2,2,2,2
23,783,7,2,2,2,2,2,2,2,2,2,2
23,784,7,2,2,2,2,2,2,2,2,2,2
23,785,7,2,2,2,2,2,2,2,2,2,2
23,786,7,2,2,2,2,2,2,2,2,2,2
23,787,7,2,2,2,2,2,2,2,2,2,2
23,788,7,2,2,2,2,2,2,2,2,2,2
23,789,7,2,2,2,2,2,2,2,2,2,2
23,790,7,2,2,2,2,2,2,2,2,2,2
23,791,7,2,2,2,2,2,2,2,2,2,2
23,792,7,2,2,2,2,2,2,2,2,2,2
23,793,7,2,2,2,2,2,2,2,2,2,2
23,794,7,2,2,2,2,2,2,2,2,2,2
23,795,7,2,2,2,2,2,2,2,2,2,2
23,796,7,2,2,2,2,2,2,2,2,2,2
23,797,7,2,2,2,2,2,2,2,2,2,2
23,798,7,2,2,2,2,2,2,2,2,2,2
23,799,7,2,2,2,2,2,2,2,2,2,2
23,800,7,2,2,2,2,2,2,2,2,2,2
23,801,7,2,2,2,2,2,2,2,2,2,2
23,802,7,2,2,2,2,2,2,2,2,2,2
23,803,7,2,2,2,2,2,2,2,2,2,2
23,804,7,2,2,2,2,2,2,2,2,2,2
23,805,7,2,2,2,2,2,2,2,2,2,2
23,806,7,2,2,2,2,2,2,2,2,2,2
23,807,7,2,2,2,2,2,2,2,2,2,2
23,808,7,2,2,2,2,2,2,2,2,2,2
23,809,7,2,2,2,2,2,2,2,2,2,2
23,810,7,2,2,2,2,2,2,2,2,2,2
23,811,1,3,3,3,3,3,3,3,3,3,3
23,812,1,3,3,3,3,3,3,3,3,3,3
23,813,1,3,3,3,3,3,3,3,3,3,3
23,814,1,3,3,3,3,3,3,3,3,3,3
23,815,1,3,3,3,3,3,3,3,3,3,3
23,816,1,3,3,3,3,3,3,3,3,3,3
23,817,1,3,3,3,3,3,3,3,3,3,3
23,818,1,3,3,3,3,3,3,3,3,3,3
23,819,1,3,3,3,3,3,3,3,3,3,3
23,820,1,3,3,3,3,3,3,3,3,3,3
23,821,1,3,3,3,3,3,3,3,3,3,3
23,822,1,3,3,3,3,3,3,3,3,3,3
23,823,1,3,3,3,3,3,3,3,3,3,3
23,824,1,3,3,3,3,3,3,3,3,3,3
23,825,1,3,3,3,3,3,3,3,3,3,3
23,826,1,3,3,3,3,3,3,3,3,3,3
23,827,1,3,3,3,3,3,3,3,3,3,3
23,828,1,3,3,3,3,3,3,3,3,3,3
23,829,1,3,3,3,3,3,3,3,3,3,3
23,830,1,3,3,3,3,3,3,3,3,3,3
23,831,1,3,3,3,3,3,3,3,3,3,3
23,832,1,3,3,3,3,3,3,3,3,3,3
23,833,1,3,3,3,3,3,3,3,3,3,3
23,834,1,3,3,3,3,3,3,3,3,3,3
23,835,1,3,3,3,3,3,3,3,3,3,3
23,836,1,3,3,3,3,3,3,3,3,3,3
23,837,1,3,3,3,3,3,3,3,3,3,3
23,838,1,3,3,3,3,3,3,3,3,3,3
23,839,1,3,3,3,3,3,3,3,3,3,3
23,840,1,3,3,3,3,3,3,3,3,3,3
23,841,1,3,3,3,3,3,3,3,3,3,3
23,842,1,3,3,3,3,3,3,3,3,3,3
23,843,1,3,3,3,3,3,3,3,3,3,3
23,844,1,3,3,3,3,3,3,3,3,3,3
23,845,1,3,3,3,3,3,3,3,3,3,3
23,846,1,3,3,3,3,3,3,3,3,3,3
23,847,1,3,3,3,3,3,3,3,3,3,3
23,848,1,3,3,3,3,3,3,3,3,3,3
23,849,1,4,4,4,4,4,4,4,4,4,4
23,850,1,4,4,4,4,4,4,4,4,4,4
23,851,1,3,3,3,3,3,3,3,3,3,3
23,852,1,4,4,4,4,4,4,4,4,4,4
23,853,1,4,4,4,4,4,4,4,4,4,4
23,854,1,4,4,4,4,4,4,4,4,4,4
23,855,1,4,4,4,4,4,4,4,4,4,4
23,856,1,4,4,4,4,4,4,4,4,4,4
23,857,1,4,4,4,4,4,4,4,4,4,4
23,858,1,4,4,4,4,4,4,4,4,4,4
23,859,1,4,4,4,4,4,4,4,4,4,4
23,860,1,4,4,4,4,4,4,4,4,4,4
23,861,1,4,4,4,4,4,4,4,4,4,4
23,862,1,4,4,4,4,4,4,4,4,4,4
23,863,1,4,4,4,4,4,4,4,4,4,4
23,864,1,4,4,4,4,4,4,4,4,4,4
23,865,1,4,4,4,4,4,4,4,4,4,4
23,866,1,4,4,4,4,4,4,4,4,4,4
23,867,1,4,4,4,4,4,4,4,4,4,4
23,868,1,4,4,4,4,4,4,4,4,4,4
23,869,1,4,4,4,4,4,4,4,4,4,4
23,870,1,4,4,4,4,4,4,4,4,4,4
23,871,1,4,4,4,4,4,4,4,4,4,4
23,872,1,4,4,4,4,4,4,4,4,4,4
23,873,1,4,4,4,4,4,4,4,4,4,4
23,874,8,1,1,1,1,1,1,1,1,1,1
23,875,8,1,1,1,1,1,1,1,1,1,1
23,876,8,1,1,1,1,1,1,1,1,1,1
23,877,8,1,1,1,1,1,1,1,1,1,1
23,878,8,1,1,1,1,1,1,1,1,1,1
23,879,8,1,1,1,1,1,1,1,1,1,1
23,880,8,1,1,1,1,1,1,1,1,1,1
23,881,8,1,1,1,1,1,1,1,1,1,1
23,882,8,1,1,1,1,1,1,1,1,1,1
23,883,8,1,1,1,1,1,1,1,1,1,1
23,884,8,1,1,1,1,1,1,1,1,1,1
23,885,8,1,1,1,1,1,1,1,1,1,1
23,886,8,1,1,1,1,1,1,1,1,1,1
23,887,8,1,1,1,1,1,1,1,1,1,1
23,888,8,1,1,1,1,1,1,1,1,1,1
23,889,8,1,1,1,1,1,1,1,1,1,1
23,890,8,1,1,1,1,1,1,1,1,1,1
23,891,8,1,1,1,1,1,1,1,1,1,1
23,892,8,1,1,1,1,1,1,1,1,1,1
23,893,8,1,1,1,1,1,1,1,1,1,1
23,894,8,1,1,1,1,1,1,1,1,1,1
23,895,8,1,1,1,1,1,1,1,1,1,1
23,896,8,1,1,1,1,1,1,1,1,1,1
23,897,8,1,1,1,1,1,1,1,1,1,1
23,898,8,1,1,1,1,1,1,1,1,1,1
23,899,8,1,1,1,1,1,1,1,1,1,1
23,900,8,1,1,1,1,1,1,1,1,1,1
23,901,8,1,1,1,1,1,1,1,1,1,1
23,902,8,1,1,1,1,1,1,1,1,1,1
23,903,8,1,1,1,1,1,1,1,1,1,1
23,904,8,1,1,1,1,1,1,1,1,1,1
23,905,8,1,1,1,1,1,1,1,1,1,1
23,906,8,1,1,1,1,1,1,1,1,1,1
23,907,8,1,1,1,1,1,1,1,1,1,1
23,908,8,1,1,1,1,1,1,1,1,1,1
23,909,8,1,1,1,1,1,1,1,1,1,1
23,910,8,1,1,1,1,1,1,1,1,1,1
23,911,8,1,1,1,1,1,1,1,1,1,1
23,912,8,1,1,1,1,1,1,1,1,1,1
23,913,8,1,1,1,1,1,1,1,1,1,1
23,914,8,1,1,1,1,1,1,1,1,1,1
23,915,8,1,1,1,1,1,1,1,1,1,1
23,916,8,1,1,1,1,1,1,1,1,1,1
23,917,8,1,1,1,1,1,1,1,1,1,1
23,918,8,1,1,1,1,1,1,1,1,1,1
23,919,8,1,1,1,1,1,1,1,1,1,1
23,920,8,1,1,1,1,1,1,1,1,1,1
23,921,8,1,1,1,1,1,1,1,1,1,1
23,922,8,1,1,1,1,1,1,1,1,1,1
23,923,9,1,1,1,1,1,1,1,1,1,1
23,924,9,1,1,1,1,1,1,1,1,1,1
23,925,9,1,1,1,1,1,1,1,1,1,1
23,926,9,1,1,1,1,1,1,1,1,1,1
23,927,9,1,1,1,1,1,1,1,1,1,1
23,928,9,1,1,1,1,1,1,1,1,1,1
23,929,9,1,1,1,1,1,1,1,1,1,1
23,930,9,1,1,1,1,1,1,1,1,1,1
23,931,9,1,1,1,1,1,1,1,1,1,1
23,932,9,1,1,1,1,1,1,1,1,1,1
23,933,9,1,1,1,1,1,1,1,1,1,1
23,934,9,1,1,1,1,1,1,1,1,1,1
23,935,9,1,1,1,1,1,1,1,1,1,1
23,936,9,1,1,1,1,1,1,1,1,1,1
23,937,9,1,1,1,1,1,1,1,1,1,1
23,938,9,1,1,1,1,1,1,1,1,1,1
23,939,9,1,1,1,1,1,1,1,1,1,1
23,940,9,1,1,1,1,1,1,1,1,1,1
23,941,9,1,1,1,1,1,1,1,1,1,1
23,942,9,1,1,1,1,1,1,1,1,1,1
23,943,9,1,1,1,1,1,1,1,1,1,1
23,944,9,1,1,1,1,1,1,1,1,1,1
23,945,9,1,1,1,1,1,1,1,1,1,1
23,946,9,1,1,1,1,1,1,1,1,1,1
23,947,9,1,1,1,1,1,1,1,1,1,1
23,948,9,1,1,1,1,1,1,1,1,1,1
23,949,9,1,1,1,1,1,1,1,1,1,1
23,950,9,1,1,1,1,1,1,1,1,1,1
23,951,9,1,1,1,1,1,1,1,1,1,1
23,952,9,1,1,1,1,1,1,1,1,1,1
23,953,9,1,1,1,1,1,1,1,1,1,1
23,954,9,1,1,1,1,1,1,1,1,1,1
23,955,9,1,1,1,1,1,1,1,1,1,1
23,956,9,1,1,1,1,1,1,1,1,1,1
23,957,9,1,1,1,1,1,1,1,1,1,1
23,958,9,1,1,1,1,1,1,1,1,1,1
23,959,9,1,1,1,1,1,1,1,1,1,1
