edon,seccion,munn,escenario1,mc_clv1,morena_clv1,panal_clv1,pes_clv1,prd_clv1,pri_clv1,pt_clv1,pvem_clv1,escenario2,mc_clv2,morena_clv2,panal_clv2,pan_clv2,pes_clv2,prd_clv2,pri_clv2,pt_clv2,pvem_clv2,escenario3
24,1,1,1,1,1,1,1,1,1,1,1,1,1,1,1,1,1,1,1,1,1,1
24,2,1,1,1,1,1,1,1,1,1,1,1,1,1,1,1,1,1,1,1,1,1
24,3,1,1,1,1,1,1,1,1,1,1,1,1,1,1,1,1,1,1,1,1,1
24,4,1,1,1,1,1,1,1,1,1,1,1,1,1,1,1,1,1,1,1,1,1
24,5,1,1,1,1,1,1,1,1,1,1,1,1,1,1,1,1,1,1,1,1,1
24,6,1,1,1,1,1,1,1,1,1,1,1,1,1,1,1,1,1,1,1,1,1
24,7,1,1,1,1,1,1,1,1,1,1,1,1,1,1,1,1,1,1,1,1,1
24,8,1,1,1,1,1,1,1,1,1,1,1,1,1,1,1,1,1,1,1,1,1
24,9,1,1,1,1,1,1,1,1,1,1,1,1,1,1,1,1,1,1,1,1,1
24,10,1,1,1,1,1,1,1,1,1,1,1,1,1,1,1,1,1,1,1,1,1
24,11,1,1,1,1,1,1,1,1,1,1,1,1,1,1,1,1,1,1,1,1,1
24,12,1,1,1,1,1,1,1,1,1,1,1,1,1,1,1,1,1,1,1,1,1
24,13,1,1,1,1,1,1,1,1,1,1,1,1,1,1,1,1,1,1,1,1,1
24,14,1,1,1,1,1,1,1,1,1,1,1,1,1,1,1,1,1,1,1,1,1
24,15,2,2,2,2,2,2,2,2,2,2,2,2,2,2,2,2,2,2,2,2,2
24,16,2,2,2,2,2,2,2,2,2,2,2,2,2,2,2,2,2,2,2,2,2
24,17,2,2,2,2,2,2,2,2,2,2,2,2,2,2,2,2,2,2,2,2,2
24,18,2,2,2,2,2,2,2,2,2,2,2,2,2,2,2,2,2,2,2,2,2
24,19,2,2,2,2,2,2,2,2,2,2,2,2,2,2,2,2,2,2,2,2,2
24,20,2,2,2,2,2,2,2,2,2,2,2,2,2,2,2,2,2,2,2,2,2
24,21,2,2,2,2,2,2,2,2,2,2,2,2,2,2,2,2,2,2,2,2,2
24,22,2,2,2,2,2,2,2,2,2,2,2,2,2,2,2,2,2,2,2,2,2
24,23,2,2,2,2,2,2,2,2,2,2,2,2,2,2,2,2,2,2,2,2,2
24,24,2,2,2,2,2,2,2,2,2,2,2,2,2,2,2,2,2,2,2,2,2
24,25,2,2,2,2,2,2,2,2,2,2,2,2,2,2,2,2,2,2,2,2,2
24,26,2,2,2,2,2,2,2,2,2,2,2,2,2,2,2,2,2,2,2,2,2
24,27,2,2,2,2,2,2,2,2,2,2,2,2,2,2,2,2,2,2,2,2,2
24,28,2,2,2,2,2,2,2,2,2,2,2,2,2,2,2,2,2,2,2,2,2
24,29,2,2,2,2,2,2,2,2,2,2,2,2,2,2,2,2,2,2,2,2,2
24,30,2,2,2,2,2,2,2,2,2,2,2,2,2,2,2,2,2,2,2,2,2
24,31,2,2,2,2,2,2,2,2,2,2,2,2,2,2,2,2,2,2,2,2,2
24,32,2,2,2,2,2,2,2,2,2,2,2,2,2,2,2,2,2,2,2,2,2
24,33,2,2,2,2,2,2,2,2,2,2,2,2,2,2,2,2,2,2,2,2,2
24,34,3,7,7,7,7,7,7,7,7,7,7,7,7,7,7,7,7,7,7,7,7
24,35,3,7,7,7,7,7,7,7,7,7,7,7,7,7,7,7,7,7,7,7,7
24,36,3,7,7,7,7,7,7,7,7,7,7,7,7,7,7,7,7,7,7,7,7
24,37,3,7,7,7,7,7,7,7,7,7,7,7,7,7,7,7,7,7,7,7,7
24,38,3,7,7,7,7,7,7,7,7,7,7,7,7,7,7,7,7,7,7,7,7
24,39,3,7,7,7,7,7,7,7,7,7,7,7,7,7,7,7,7,7,7,7,7
24,40,3,7,7,7,7,7,7,7,7,7,7,7,7,7,7,7,7,7,7,7,7
24,41,3,7,7,7,7,7,7,7,7,7,7,7,7,7,7,7,7,7,7,7,7
24,42,3,7,7,7,7,7,7,7,7,7,7,7,7,7,7,7,7,7,7,7,7
24,43,3,7,7,7,7,7,7,7,7,7,7,7,7,7,7,7,7,7,7,7,7
24,44,3,7,7,7,7,7,7,7,7,7,7,7,7,7,7,7,7,7,7,7,7
24,45,3,7,7,7,7,7,7,7,7,7,7,7,7,7,7,7,7,7,7,7,7
24,46,3,7,7,7,7,7,7,7,7,7,7,7,7,7,7,7,7,7,7,7,7
24,47,3,7,7,7,7,7,7,7,7,7,7,7,7,7,7,7,7,7,7,7,7
24,48,3,7,7,7,7,7,7,7,7,7,7,7,7,7,7,7,7,7,7,7,7
24,49,3,7,7,7,7,7,7,7,7,7,7,7,7,7,7,7,7,7,7,7,7
24,50,3,7,7,7,7,7,7,7,7,7,7,7,7,7,7,7,7,7,7,7,7
24,51,3,7,7,7,7,7,7,7,7,7,7,7,7,7,7,7,7,7,7,7,7
24,52,3,7,7,7,7,7,7,7,7,7,7,7,7,7,7,7,7,7,7,7,7
24,53,3,7,7,7,7,7,7,7,7,7,7,7,7,7,7,7,7,7,7,7,7
24,54,3,7,7,7,7,7,7,7,7,7,7,7,7,7,7,7,7,7,7,7,7
24,55,3,7,7,7,7,7,7,7,7,7,7,7,7,7,7,7,7,7,7,7,7
24,56,3,7,7,7,7,7,7,7,7,7,7,7,7,7,7,7,7,7,7,7,7
24,57,3,7,7,7,7,7,7,7,7,7,7,7,7,7,7,7,7,7,7,7,7
24,58,3,7,7,7,7,7,7,7,7,7,7,7,7,7,7,7,7,7,7,7,7
24,59,3,7,7,7,7,7,7,7,7,7,7,7,7,7,7,7,7,7,7,7,7
24,60,4,3,2,2,2,2,2,2,2,2,3,2,2,2,2,2,2,2,2,2,2
24,61,4,3,2,2,2,2,2,2,2,2,3,2,2,2,2,2,2,2,2,2,2
24,62,4,3,2,2,2,2,2,2,2,2,3,2,2,2,2,2,2,2,2,2,2
24,63,4,3,2,2,2,2,2,2,2,2,3,2,2,2,2,2,2,2,2,2,2
24,64,4,3,2,2,2,2,2,2,2,2,3,2,2,2,2,2,2,2,2,2,2
24,65,4,3,2,2,2,2,2,2,2,2,3,2,2,2,2,2,2,2,2,2,2
24,66,4,3,2,2,2,2,2,2,2,2,3,2,2,2,2,2,2,2,2,2,2
24,67,4,3,2,2,2,2,2,2,2,2,3,2,2,2,2,2,2,2,2,2,2
24,68,4,3,2,2,2,2,2,2,2,2,3,2,2,2,2,2,2,2,2,2,2
24,69,4,3,2,2,2,2,2,2,2,2,3,2,2,2,2,2,2,2,2,2,2
24,70,4,3,2,2,2,2,2,2,2,2,3,2,2,2,2,2,2,2,2,2,2
24,71,4,3,2,2,2,2,2,2,2,2,3,2,2,2,2,2,2,2,2,2,2
24,72,4,3,2,2,2,2,2,2,2,2,3,2,2,2,2,2,2,2,2,2,2
24,73,4,3,2,2,2,2,2,2,2,2,3,2,2,2,2,2,2,2,2,2,2
24,75,4,3,2,2,2,2,2,2,2,2,3,2,2,2,2,2,2,2,2,2,2
24,76,4,3,2,2,2,2,2,2,2,2,3,2,2,2,2,2,2,2,2,2,2
24,77,4,3,2,2,2,2,2,2,2,2,3,2,2,2,2,2,2,2,2,2,2
24,78,5,4,2,2,2,2,2,2,2,2,4,2,2,2,2,2,2,2,2,2,2
24,79,5,4,2,2,2,2,2,2,2,2,4,2,2,2,2,2,2,2,2,2,2
24,80,5,4,2,2,2,2,2,2,2,2,4,2,2,2,2,2,2,2,2,2,2
24,81,5,4,2,2,2,2,2,2,2,2,4,2,2,2,2,2,2,2,2,2,2
24,82,5,4,2,2,2,2,2,2,2,2,4,2,2,2,2,2,2,2,2,2,2
24,83,5,4,2,2,2,2,2,2,2,2,4,2,2,2,2,2,2,2,2,2,2
24,84,5,4,2,2,2,2,2,2,2,2,4,2,2,2,2,2,2,2,2,2,2
24,85,5,4,2,2,2,2,2,2,2,2,4,2,2,2,2,2,2,2,2,2,2
24,86,5,4,2,2,2,2,2,2,2,2,4,2,2,2,2,2,2,2,2,2,2
24,87,5,4,2,2,2,2,2,2,2,2,4,2,2,2,2,2,2,2,2,2,2
24,88,5,4,2,2,2,2,2,2,2,2,4,2,2,2,2,2,2,2,2,2,2
24,89,5,4,2,2,2,2,2,2,2,2,4,2,2,2,2,2,2,2,2,2,2
24,90,5,4,2,2,2,2,2,2,2,2,4,2,2,2,2,2,2,2,2,2,2
24,91,5,4,2,2,2,2,2,2,2,2,4,2,2,2,2,2,2,2,2,2,2
24,92,5,4,2,2,2,2,2,2,2,2,4,2,2,2,2,2,2,2,2,2,2
24,93,5,4,2,2,2,2,2,2,2,2,4,2,2,2,2,2,2,2,2,2,2
24,94,5,4,2,2,2,2,2,2,2,2,4,2,2,2,2,2,2,2,2,2,2
24,95,5,4,2,2,2,2,2,2,2,2,4,2,2,2,2,2,2,2,2,2,2
24,96,5,4,2,2,2,2,2,2,2,2,4,2,2,2,2,2,2,2,2,2,2
24,97,5,4,2,2,2,2,2,2,2,2,4,2,2,2,2,2,2,2,2,2,2
24,98,6,1,1,1,1,1,1,1,1,1,1,1,1,1,1,1,1,1,1,1,1
24,99,6,1,1,1,1,1,1,1,1,1,1,1,1,1,1,1,1,1,1,1,1
24,101,6,1,1,1,1,1,1,1,1,1,1,1,1,1,1,1,1,1,1,1,1
24,102,6,1,1,1,1,1,1,1,1,1,1,1,1,1,1,1,1,1,1,1,1
24,103,6,1,1,1,1,1,1,1,1,1,1,1,1,1,1,1,1,1,1,1,1
24,105,6,1,1,1,1,1,1,1,1,1,1,1,1,1,1,1,1,1,1,1,1
24,106,6,1,1,1,1,1,1,1,1,1,1,1,1,1,1,1,1,1,1,1,1
24,107,6,1,1,1,1,1,1,1,1,1,1,1,1,1,1,1,1,1,1,1,1
24,108,6,1,1,1,1,1,1,1,1,1,1,1,1,1,1,1,1,1,1,1,1
24,109,6,1,1,1,1,1,1,1,1,1,1,1,1,1,1,1,1,1,1,1,1
24,110,6,1,1,1,1,1,1,1,1,1,1,1,1,1,1,1,1,1,1,1,1
24,111,6,1,1,1,1,1,1,1,1,1,1,1,1,1,1,1,1,1,1,1,1
24,112,6,1,1,1,1,1,1,1,1,1,1,1,1,1,1,1,1,1,1,1,1
24,113,6,1,1,1,1,1,1,1,1,1,1,1,1,1,1,1,1,1,1,1,1
24,114,6,1,1,1,1,1,1,1,1,1,1,1,1,1,1,1,1,1,1,1,1
24,115,6,1,1,1,1,1,1,1,1,1,1,1,1,1,1,1,1,1,1,1,1
24,116,6,1,1,1,1,1,1,1,1,1,1,1,1,1,1,1,1,1,1,1,1
24,117,6,1,1,1,1,1,1,1,1,1,1,1,1,1,1,1,1,1,1,1,1
24,118,6,1,1,1,1,1,1,1,1,1,1,1,1,1,1,1,1,1,1,1,1
24,119,7,1,1,1,1,1,1,1,1,1,1,1,1,1,1,1,1,1,1,1,1
24,120,7,1,1,1,1,1,1,1,1,1,1,1,1,1,1,1,1,1,1,1,1
24,121,7,1,1,1,1,1,1,1,1,1,1,1,1,1,1,1,1,1,1,1,1
24,122,7,1,1,1,1,1,1,1,1,1,1,1,1,1,1,1,1,1,1,1,1
24,123,7,1,1,1,1,1,1,1,1,1,1,1,1,1,1,1,1,1,1,1,1
24,124,7,1,1,1,1,1,1,1,1,1,1,1,1,1,1,1,1,1,1,1,1
24,125,7,1,1,1,1,1,1,1,1,1,1,1,1,1,1,1,1,1,1,1,1
24,126,7,1,1,1,1,1,1,1,1,1,1,1,1,1,1,1,1,1,1,1,1
24,127,7,1,1,1,1,1,1,1,1,1,1,1,1,1,1,1,1,1,1,1,1
24,128,7,1,1,1,1,1,1,1,1,1,1,1,1,1,1,1,1,1,1,1,1
24,129,7,1,1,1,1,1,1,1,1,1,1,1,1,1,1,1,1,1,1,1,1
24,130,7,1,1,1,1,1,1,1,1,1,1,1,1,1,1,1,1,1,1,1,1
24,131,7,1,1,1,1,1,1,1,1,1,1,1,1,1,1,1,1,1,1,1,1
24,132,7,1,1,1,1,1,1,1,1,1,1,1,1,1,1,1,1,1,1,1,1
24,133,7,1,1,1,1,1,1,1,1,1,1,1,1,1,1,1,1,1,1,1,1
24,134,7,1,1,1,1,1,1,1,1,1,1,1,1,1,1,1,1,1,1,1,1
24,135,7,1,1,1,1,1,1,1,1,1,1,1,1,1,1,1,1,1,1,1,1
24,136,8,3,2,2,2,2,2,2,2,2,3,2,2,2,2,2,2,2,2,2,2
24,137,8,3,2,2,2,2,2,2,2,2,3,2,2,2,2,2,2,2,2,2,2
24,138,8,3,2,2,2,2,2,2,2,2,3,2,2,2,2,2,2,2,2,2,2
24,139,8,3,2,2,2,2,2,2,2,2,3,2,2,2,2,2,2,2,2,2,2
24,140,8,3,2,2,2,2,2,2,2,2,3,2,2,2,2,2,2,2,2,2,2
24,141,8,3,2,2,2,2,2,2,2,2,3,2,2,2,2,2,2,2,2,2,2
24,142,8,3,2,2,2,2,2,2,2,2,3,2,2,2,2,2,2,2,2,2,2
24,143,8,3,2,2,2,2,2,2,2,2,3,2,2,2,2,2,2,2,2,2,2
24,144,8,3,2,2,2,2,2,2,2,2,3,2,2,2,2,2,2,2,2,2,2
24,145,8,3,2,2,2,2,2,2,2,2,3,2,2,2,2,2,2,2,2,2,2
24,147,8,3,2,2,2,2,2,2,2,2,3,2,2,2,2,2,2,2,2,2,2
24,148,8,3,2,2,2,2,2,2,2,2,3,2,2,2,2,2,2,2,2,2,2
24,149,8,3,2,2,2,2,2,2,2,2,3,2,2,2,2,2,2,2,2,2,2
24,150,8,3,2,2,2,2,2,2,2,2,3,2,2,2,2,2,2,2,2,2,2
24,151,8,3,2,2,2,2,2,2,2,2,3,2,2,2,2,2,2,2,2,2,2
24,152,8,3,2,2,2,2,2,2,2,2,3,2,2,2,2,2,2,2,2,2,2
24,153,8,3,2,2,2,2,2,2,2,2,3,2,2,2,2,2,2,2,2,2,2
24,154,8,3,2,2,2,2,2,2,2,2,3,2,2,2,2,2,2,2,2,2,2
24,155,8,3,2,2,2,2,2,2,2,2,3,2,2,2,2,2,2,2,2,2,2
24,156,8,3,2,2,2,2,2,2,2,2,3,2,2,2,2,2,2,2,2,2,2
24,157,8,3,2,2,2,2,2,2,2,2,3,2,2,2,2,2,2,2,2,2,2
24,158,8,3,2,2,2,2,2,2,2,2,3,2,2,2,2,2,2,2,2,2,2
24,159,8,3,2,2,2,2,2,2,2,2,3,2,2,2,2,2,2,2,2,2,2
24,160,8,3,2,2,2,2,2,2,2,2,3,2,2,2,2,2,2,2,2,2,2
24,161,8,3,2,2,2,2,2,2,2,2,3,2,2,2,2,2,2,2,2,2,2
24,162,8,3,2,2,2,2,2,2,2,2,3,2,2,2,2,2,2,2,2,2,2
24,163,8,3,2,2,2,2,2,2,2,2,3,2,2,2,2,2,2,2,2,2,2
24,164,8,3,2,2,2,2,2,2,2,2,3,2,2,2,2,2,2,2,2,2,2
24,165,9,3,3,3,3,3,3,3,3,3,3,3,3,3,3,3,3,3,3,3,3
24,166,9,3,3,3,3,3,3,3,3,3,3,3,3,3,3,3,3,3,3,3,3
24,167,9,3,3,3,3,3,3,3,3,3,3,3,3,3,3,3,3,3,3,3,3
24,168,9,3,3,3,3,3,3,3,3,3,3,3,3,3,3,3,3,3,3,3,3
24,169,9,3,3,3,3,3,3,3,3,3,3,3,3,3,3,3,3,3,3,3,3
24,170,9,3,3,3,3,3,3,3,3,3,3,3,3,3,3,3,3,3,3,3,3
24,171,9,3,3,3,3,3,3,3,3,3,3,3,3,3,3,3,3,3,3,3,3
24,172,9,3,3,3,3,3,3,3,3,3,3,3,3,3,3,3,3,3,3,3,3
24,173,10,2,2,2,2,2,2,2,2,2,2,2,2,2,2,2,2,2,2,2,2
24,174,10,2,2,2,2,2,2,2,2,2,2,2,2,2,2,2,2,2,2,2,2
24,175,10,2,2,2,2,2,2,2,2,2,2,2,2,2,2,2,2,2,2,2,2
24,176,10,2,2,2,2,2,2,2,2,2,2,2,2,2,2,2,2,2,2,2,2
24,177,10,2,2,2,2,2,2,2,2,2,2,2,2,2,2,2,2,2,2,2,2
24,178,10,2,2,2,2,2,2,2,2,2,2,2,2,2,2,2,2,2,2,2,2
24,179,10,2,2,2,2,2,2,2,2,2,2,2,2,2,2,2,2,2,2,2,2
24,180,57,2,4,4,4,4,4,4,4,4,2,4,4,4,4,4,4,4,4,4,4
24,181,10,2,2,2,2,2,2,2,2,2,2,2,2,2,2,2,2,2,2,2,2
24,182,10,2,2,2,2,2,2,2,2,2,2,2,2,2,2,2,2,2,2,2,2
24,183,10,2,2,2,2,2,2,2,2,2,2,2,2,2,2,2,2,2,2,2,2
24,184,10,2,2,2,2,2,2,2,2,2,2,2,2,2,2,2,2,2,2,2,2
24,185,10,2,2,2,2,2,2,2,2,2,2,2,2,2,2,2,2,2,2,2,2
24,186,57,2,4,4,4,4,4,4,4,4,2,4,4,4,4,4,4,4,4,4,4
24,187,57,2,4,4,4,4,4,4,4,4,2,4,4,4,4,4,4,4,4,4,4
24,188,57,2,4,4,4,4,4,4,4,4,2,4,4,4,4,4,4,4,4,4,4
24,189,57,2,4,4,4,4,4,4,4,4,2,4,4,4,4,4,4,4,4,4,4
24,190,57,2,4,4,4,4,4,4,4,4,2,4,4,4,4,4,4,4,4,4,4
24,191,57,2,4,4,4,4,4,4,4,4,2,4,4,4,4,4,4,4,4,4,4
24,192,57,2,4,4,4,4,4,4,4,4,2,4,4,4,4,4,4,4,4,4,4
24,193,57,2,4,4,4,4,4,4,4,4,2,4,4,4,4,4,4,4,4,4,4
24,194,57,2,4,4,4,4,4,4,4,4,2,4,4,4,4,4,4,4,4,4,4
24,195,57,2,4,4,4,4,4,4,4,4,2,4,4,4,4,4,4,4,4,4,4
24,196,10,2,2,2,2,2,2,2,2,2,2,2,2,2,2,2,2,2,2,2,2
24,197,10,2,2,2,2,2,2,2,2,2,2,2,2,2,2,2,2,2,2,2,2
24,198,10,2,2,2,2,2,2,2,2,2,2,2,2,2,2,2,2,2,2,2,2
24,199,10,2,2,2,2,2,2,2,2,2,2,2,2,2,2,2,2,2,2,2,2
24,200,10,2,2,2,2,2,2,2,2,2,2,2,2,2,2,2,2,2,2,2,2
24,201,10,2,2,2,2,2,2,2,2,2,2,2,2,2,2,2,2,2,2,2,2
24,202,10,2,2,2,2,2,2,2,2,2,2,2,2,2,2,2,2,2,2,2,2
24,203,57,2,4,4,4,4,4,4,4,4,2,4,4,4,4,4,4,4,4,4,4
24,204,57,2,4,4,4,4,4,4,4,4,2,4,4,4,4,4,4,4,4,4,4
24,205,57,2,4,4,4,4,4,4,4,4,2,4,4,4,4,4,4,4,4,4,4
24,206,10,2,2,2,2,2,2,2,2,2,2,2,2,2,2,2,2,2,2,2,2
24,207,10,2,2,2,2,2,2,2,2,2,2,2,2,2,2,2,2,2,2,2,2
24,208,10,2,2,2,2,2,2,2,2,2,2,2,2,2,2,2,2,2,2,2,2
24,209,10,2,2,2,2,2,2,2,2,2,2,2,2,2,2,2,2,2,2,2,2
24,210,10,2,2,2,2,2,2,2,2,2,2,2,2,2,2,2,2,2,2,2,2
24,211,10,2,2,2,2,2,2,2,2,2,2,2,2,2,2,2,2,2,2,2,2
24,212,57,2,4,4,4,4,4,4,4,4,2,4,4,4,4,4,4,4,4,4,4
24,213,57,2,4,4,4,4,4,4,4,4,2,4,4,4,4,4,4,4,4,4,4
24,214,10,2,2,2,2,2,2,2,2,2,2,2,2,2,2,2,2,2,2,2,2
24,215,10,2,2,2,2,2,2,2,2,2,2,2,2,2,2,2,2,2,2,2,2
24,216,10,2,2,2,2,2,2,2,2,2,2,2,2,2,2,2,2,2,2,2,2
24,217,10,2,2,2,2,2,2,2,2,2,2,2,2,2,2,2,2,2,2,2,2
24,218,10,2,2,2,2,2,2,2,2,2,2,2,2,2,2,2,2,2,2,2,2
24,219,57,2,4,4,4,4,4,4,4,4,2,4,4,4,4,4,4,4,4,4,4
24,220,11,4,2,2,2,2,2,2,2,2,4,2,2,2,2,2,2,2,2,2,2
24,221,11,4,2,2,2,2,2,2,2,2,4,2,2,2,2,2,2,2,2,2,2
24,222,11,4,2,2,2,2,2,2,2,2,4,2,2,2,2,2,2,2,2,2,2
24,223,11,4,2,2,2,2,2,2,2,2,4,2,2,2,2,2,2,2,2,2,2
24,224,11,4,2,2,2,2,2,2,2,2,4,2,2,2,2,2,2,2,2,2,2
24,225,11,4,2,2,2,2,2,2,2,2,4,2,2,2,2,2,2,2,2,2,2
24,226,11,4,2,2,2,2,2,2,2,2,4,2,2,2,2,2,2,2,2,2,2
24,227,11,4,2,2,2,2,2,2,2,2,4,2,2,2,2,2,2,2,2,2,2
24,228,11,4,2,2,2,2,2,2,2,2,4,2,2,2,2,2,2,2,2,2,2
24,229,11,4,2,2,2,2,2,2,2,2,4,2,2,2,2,2,2,2,2,2,2
24,230,11,4,2,2,2,2,2,2,2,2,4,2,2,2,2,2,2,2,2,2,2
24,231,11,4,2,2,2,2,2,2,2,2,4,2,2,2,2,2,2,2,2,2,2
24,232,11,4,2,2,2,2,2,2,2,2,4,2,2,2,2,2,2,2,2,2,2
24,233,11,4,2,2,2,2,2,2,2,2,4,2,2,2,2,2,2,2,2,2,2
24,234,11,4,2,2,2,2,2,2,2,2,4,2,2,2,2,2,2,2,2,2,2
24,235,11,4,2,2,2,2,2,2,2,2,4,2,2,2,2,2,2,2,2,2,2
24,236,11,4,2,2,2,2,2,2,2,2,4,2,2,2,2,2,2,2,2,2,2
24,237,11,4,2,2,2,2,2,2,2,2,4,2,2,2,2,2,2,2,2,2,2
24,238,11,4,2,2,2,2,2,2,2,2,4,2,2,2,2,2,2,2,2,2,2
24,239,11,4,2,2,2,2,2,2,2,2,4,2,2,2,2,2,2,2,2,2,2
24,240,11,4,2,2,2,2,2,2,2,2,4,2,2,2,2,2,2,2,2,2,2
24,241,11,4,2,2,2,2,2,2,2,2,4,2,2,2,2,2,2,2,2,2,2
24,242,11,4,2,2,2,2,2,2,2,2,4,2,2,2,2,2,2,2,2,2,2
24,243,11,4,2,2,2,2,2,2,2,2,4,2,2,2,2,2,2,2,2,2,2
24,244,11,4,2,2,2,2,2,2,2,2,4,2,2,2,2,2,2,2,2,2,2
24,245,11,4,2,2,2,2,2,2,2,2,4,2,2,2,2,2,2,2,2,2,2
24,246,11,4,2,2,2,2,2,2,2,2,4,2,2,2,2,2,2,2,2,2,2
24,247,11,4,2,2,2,2,2,2,2,2,4,2,2,2,2,2,2,2,2,2,2
24,248,11,4,2,2,2,2,2,2,2,2,4,2,2,2,2,2,2,2,2,2,2
24,249,11,4,2,2,2,2,2,2,2,2,4,2,2,2,2,2,2,2,2,2,2
24,250,11,4,2,2,2,2,2,2,2,2,4,2,2,2,2,2,2,2,2,2,2
24,251,12,7,7,7,7,7,7,7,7,7,7,7,7,7,7,7,7,7,7,7,7
24,252,12,7,7,7,7,7,7,7,7,7,7,7,7,7,7,7,7,7,7,7,7
24,253,12,7,7,7,7,7,7,7,7,7,7,7,7,7,7,7,7,7,7,7,7
24,254,12,7,7,7,7,7,7,7,7,7,7,7,7,7,7,7,7,7,7,7,7
24,255,12,7,7,7,7,7,7,7,7,7,7,7,7,7,7,7,7,7,7,7,7
24,256,12,7,7,7,7,7,7,7,7,7,7,7,7,7,7,7,7,7,7,7,7
24,257,12,7,7,7,7,7,7,7,7,7,7,7,7,7,7,7,7,7,7,7,7
24,258,12,7,7,7,7,7,7,7,7,7,7,7,7,7,7,7,7,7,7,7,7
24,259,12,7,7,7,7,7,7,7,7,7,7,7,7,7,7,7,7,7,7,7,7
24,260,12,7,7,7,7,7,7,7,7,7,7,7,7,7,7,7,7,7,7,7,7
24,261,12,7,7,7,7,7,7,7,7,7,7,7,7,7,7,7,7,7,7,7,7
24,262,12,7,7,7,7,7,7,7,7,7,7,7,7,7,7,7,7,7,7,7,7
24,263,12,7,7,7,7,7,7,7,7,7,7,7,7,7,7,7,7,7,7,7,7
24,264,12,7,7,7,7,7,7,7,7,7,7,7,7,7,7,7,7,7,7,7,7
24,265,12,7,7,7,7,7,7,7,7,7,7,7,7,7,7,7,7,7,7,7,7
24,266,13,2,4,4,4,4,4,4,4,4,2,4,4,4,4,4,4,4,4,4,4
24,267,13,2,4,4,4,4,4,4,4,4,2,4,4,4,4,4,4,4,4,4,4
24,268,13,2,4,4,4,4,4,4,4,4,2,4,4,4,4,4,4,4,4,4,4
24,269,13,2,4,4,4,4,4,4,4,4,2,4,4,4,4,4,4,4,4,4,4
24,270,13,2,4,4,4,4,4,4,4,4,2,4,4,4,4,4,4,4,4,4,4
24,271,13,2,4,4,4,4,4,4,4,4,2,4,4,4,4,4,4,4,4,4,4
24,272,13,2,4,4,4,4,4,4,4,4,2,4,4,4,4,4,4,4,4,4,4
24,273,13,2,4,4,4,4,4,4,4,4,2,4,4,4,4,4,4,4,4,4,4
24,274,13,2,4,4,4,4,4,4,4,4,2,4,4,4,4,4,4,4,4,4,4
24,275,13,2,4,4,4,4,4,4,4,4,2,4,4,4,4,4,4,4,4,4,4
24,276,13,2,4,4,4,4,4,4,4,4,2,4,4,4,4,4,4,4,4,4,4
24,277,13,2,4,4,4,4,4,4,4,4,2,4,4,4,4,4,4,4,4,4,4
24,278,13,2,4,4,4,4,4,4,4,4,2,4,4,4,4,4,4,4,4,4,4
24,279,13,2,4,4,4,4,4,4,4,4,2,4,4,4,4,4,4,4,4,4,4
24,280,13,2,4,4,4,4,4,4,4,4,2,4,4,4,4,4,4,4,4,4,4
24,281,13,2,4,4,4,4,4,4,4,4,2,4,4,4,4,4,4,4,4,4,4
24,282,13,2,4,4,4,4,4,4,4,4,2,4,4,4,4,4,4,4,4,4,4
24,283,13,2,4,4,4,4,4,4,4,4,2,4,4,4,4,4,4,4,4,4,4
24,284,13,2,4,4,4,4,4,4,4,4,2,4,4,4,4,4,4,4,4,4,4
24,285,13,2,4,4,4,4,4,4,4,4,2,4,4,4,4,4,4,4,4,4,4
24,286,13,2,4,4,4,4,4,4,4,4,2,4,4,4,4,4,4,4,4,4,4
24,287,13,2,4,4,4,4,4,4,4,4,2,4,4,4,4,4,4,4,4,4,4
24,288,13,2,4,4,4,4,4,4,4,4,2,4,4,4,4,4,4,4,4,4,4
24,289,13,2,4,4,4,4,4,4,4,4,2,4,4,4,4,4,4,4,4,4,4
24,290,13,2,4,4,4,4,4,4,4,4,2,4,4,4,4,4,4,4,4,4,4
24,291,13,2,4,4,4,4,4,4,4,4,2,4,4,4,4,4,4,4,4,4,4
24,292,13,2,4,4,4,4,4,4,4,4,2,4,4,4,4,4,4,4,4,4,4
24,293,13,2,4,4,4,4,4,4,4,4,2,4,4,4,4,4,4,4,4,4,4
24,294,13,2,4,4,4,4,4,4,4,4,2,4,4,4,4,4,4,4,4,4,4
24,295,13,2,4,4,4,4,4,4,4,4,2,4,4,4,4,4,4,4,4,4,4
24,296,13,2,4,4,4,4,4,4,4,4,2,4,4,4,4,4,4,4,4,4,4
24,297,13,2,4,4,4,4,4,4,4,4,2,4,4,4,4,4,4,4,4,4,4
24,298,13,2,4,4,4,4,4,4,4,4,2,4,4,4,4,4,4,4,4,4,4
24,299,13,2,4,4,4,4,4,4,4,4,2,4,4,4,4,4,4,4,4,4,4
24,300,13,2,4,4,4,4,4,4,4,4,2,4,4,4,4,4,4,4,4,4,4
24,301,13,2,4,4,4,4,4,4,4,4,2,4,4,4,4,4,4,4,4,4,4
24,302,13,2,4,4,4,4,4,4,4,4,2,4,4,4,4,4,4,4,4,4,4
24,303,13,2,4,4,4,4,4,4,4,4,2,4,4,4,4,4,4,4,4,4,4
24,304,13,2,4,4,4,4,4,4,4,4,2,4,4,4,4,4,4,4,4,4,4
24,305,13,2,4,4,4,4,4,4,4,4,2,4,4,4,4,4,4,4,4,4,4
24,306,13,2,4,4,4,4,4,4,4,4,2,4,4,4,4,4,4,4,4,4,4
24,307,13,2,4,4,4,4,4,4,4,4,2,4,4,4,4,4,4,4,4,4,4
24,308,13,2,4,4,4,4,4,4,4,4,2,4,4,4,4,4,4,4,4,4,4
24,309,13,2,4,4,4,4,4,4,4,4,2,4,4,4,4,4,4,4,4,4,4
24,310,13,2,4,4,4,4,4,4,4,4,2,4,4,4,4,4,4,4,4,4,4
24,311,13,2,4,4,4,4,4,4,4,4,2,4,4,4,4,4,4,4,4,4,4
24,312,13,2,4,4,4,4,4,4,4,4,2,4,4,4,4,4,4,4,4,4,4
24,313,13,2,4,4,4,4,4,4,4,4,2,4,4,4,4,4,4,4,4,4,4
24,314,13,2,4,4,4,4,4,4,4,4,2,4,4,4,4,4,4,4,4,4,4
24,315,13,2,4,4,4,4,4,4,4,4,2,4,4,4,4,4,4,4,4,4,4
24,316,13,2,4,4,4,4,4,4,4,4,2,4,4,4,4,4,4,4,4,4,4
24,317,13,2,4,4,4,4,4,4,4,4,2,4,4,4,4,4,4,4,4,4,4
24,318,13,2,4,4,4,4,4,4,4,4,2,4,4,4,4,4,4,4,4,4,4
24,319,13,2,4,4,4,4,4,4,4,4,2,4,4,4,4,4,4,4,4,4,4
24,320,13,2,4,4,4,4,4,4,4,4,2,4,4,4,4,4,4,4,4,4,4
24,321,13,2,4,4,4,4,4,4,4,4,2,4,4,4,4,4,4,4,4,4,4
24,322,13,2,4,4,4,4,4,4,4,4,2,4,4,4,4,4,4,4,4,4,4
24,323,13,2,4,4,4,4,4,4,4,4,2,4,4,4,4,4,4,4,4,4,4
24,324,13,2,4,4,4,4,4,4,4,4,2,4,4,4,4,4,4,4,4,4,4
24,325,13,2,4,4,4,4,4,4,4,4,2,4,4,4,4,4,4,4,4,4,4
24,326,13,2,4,4,4,4,4,4,4,4,2,4,4,4,4,4,4,4,4,4,4
24,327,13,2,4,4,4,4,4,4,4,4,2,4,4,4,4,4,4,4,4,4,4
24,328,13,2,4,4,4,4,4,4,4,4,2,4,4,4,4,4,4,4,4,4,4
24,329,13,2,4,4,4,4,4,4,4,4,2,4,4,4,4,4,4,4,4,4,4
24,330,13,2,4,4,4,4,4,4,4,4,2,4,4,4,4,4,4,4,4,4,4
24,331,13,2,4,4,4,4,4,4,4,4,2,4,4,4,4,4,4,4,4,4,4
24,332,13,2,4,4,4,4,4,4,4,4,2,4,4,4,4,4,4,4,4,4,4
24,333,13,2,4,4,4,4,4,4,4,4,2,4,4,4,4,4,4,4,4,4,4
24,334,13,2,4,4,4,4,4,4,4,4,2,4,4,4,4,4,4,4,4,4,4
24,335,13,2,4,4,4,4,4,4,4,4,2,4,4,4,4,4,4,4,4,4,4
24,336,13,2,4,4,4,4,4,4,4,4,2,4,4,4,4,4,4,4,4,4,4
24,337,13,2,4,4,4,4,4,4,4,4,2,4,4,4,4,4,4,4,4,4,4
24,338,13,2,4,4,4,4,4,4,4,4,2,4,4,4,4,4,4,4,4,4,4
24,339,13,2,4,4,4,4,4,4,4,4,2,4,4,4,4,4,4,4,4,4,4
24,340,13,2,4,4,4,4,4,4,4,4,2,4,4,4,4,4,4,4,4,4,4
24,341,13,2,4,4,4,4,4,4,4,4,2,4,4,4,4,4,4,4,4,4,4
24,342,13,2,4,4,4,4,4,4,4,4,2,4,4,4,4,4,4,4,4,4,4
24,343,13,2,4,4,4,4,4,4,4,4,2,4,4,4,4,4,4,4,4,4,4
24,344,13,2,4,4,4,4,4,4,4,4,2,4,4,4,4,4,4,4,4,4,4
24,345,13,2,4,4,4,4,4,4,4,4,2,4,4,4,4,4,4,4,4,4,4
24,346,13,2,4,4,4,4,4,4,4,4,2,4,4,4,4,4,4,4,4,4,4
24,347,13,2,4,4,4,4,4,4,4,4,2,4,4,4,4,4,4,4,4,4,4
24,348,13,2,4,4,4,4,4,4,4,4,2,4,4,4,4,4,4,4,4,4,4
24,349,13,2,4,4,4,4,4,4,4,4,2,4,4,4,4,4,4,4,4,4,4
24,350,13,2,4,4,4,4,4,4,4,4,2,4,4,4,4,4,4,4,4,4,4
24,351,13,2,4,4,4,4,4,4,4,4,2,4,4,4,4,4,4,4,4,4,4
24,352,13,2,4,4,4,4,4,4,4,4,2,4,4,4,4,4,4,4,4,4,4
24,353,13,2,4,4,4,4,4,4,4,4,2,4,4,4,4,4,4,4,4,4,4
24,354,13,2,4,4,4,4,4,4,4,4,2,4,4,4,4,4,4,4,4,4,4
24,355,13,2,4,4,4,4,4,4,4,4,2,4,4,4,4,4,4,4,4,4,4
24,356,13,2,4,4,4,4,4,4,4,4,2,4,4,4,4,4,4,4,4,4,4
24,357,13,2,4,4,4,4,4,4,4,4,2,4,4,4,4,4,4,4,4,4,4
24,358,13,2,4,4,4,4,4,4,4,4,2,4,4,4,4,4,4,4,4,4,4
24,359,13,2,4,4,4,4,4,4,4,4,2,4,4,4,4,4,4,4,4,4,4
24,360,13,2,4,4,4,4,4,4,4,4,2,4,4,4,4,4,4,4,4,4,4
24,361,13,2,4,4,4,4,4,4,4,4,2,4,4,4,4,4,4,4,4,4,4
24,362,13,2,4,4,4,4,4,4,4,4,2,4,4,4,4,4,4,4,4,4,4
24,363,13,2,4,4,4,4,4,4,4,4,2,4,4,4,4,4,4,4,4,4,4
24,364,13,2,4,4,4,4,4,4,4,4,2,4,4,4,4,4,4,4,4,4,4
24,365,13,2,4,4,4,4,4,4,4,4,2,4,4,4,4,4,4,4,4,4,4
24,366,13,2,4,4,4,4,4,4,4,4,2,4,4,4,4,4,4,4,4,4,4
24,367,13,2,4,4,4,4,4,4,4,4,2,4,4,4,4,4,4,4,4,4,4
24,368,13,2,4,4,4,4,4,4,4,4,2,4,4,4,4,4,4,4,4,4,4
24,369,13,2,4,4,4,4,4,4,4,4,2,4,4,4,4,4,4,4,4,4,4
24,370,13,2,4,4,4,4,4,4,4,4,2,4,4,4,4,4,4,4,4,4,4
24,371,14,7,7,7,7,7,7,7,7,7,7,7,7,7,7,7,7,7,7,7,7
24,372,14,7,7,7,7,7,7,7,7,7,7,7,7,7,7,7,7,7,7,7,7
24,373,14,7,7,7,7,7,7,7,7,7,7,7,7,7,7,7,7,7,7,7,7
24,374,14,7,7,7,7,7,7,7,7,7,7,7,7,7,7,7,7,7,7,7,7
24,375,14,7,7,7,7,7,7,7,7,7,7,7,7,7,7,7,7,7,7,7,7
24,376,14,7,7,7,7,7,7,7,7,7,7,7,7,7,7,7,7,7,7,7,7
24,377,14,7,7,7,7,7,7,7,7,7,7,7,7,7,7,7,7,7,7,7,7
24,378,14,7,7,7,7,7,7,7,7,7,7,7,7,7,7,7,7,7,7,7,7
24,379,14,7,7,7,7,7,7,7,7,7,7,7,7,7,7,7,7,7,7,7,7
24,380,14,7,7,7,7,7,7,7,7,7,7,7,7,7,7,7,7,7,7,7,7
24,381,14,7,7,7,7,7,7,7,7,7,7,7,7,7,7,7,7,7,7,7,7
24,382,14,7,7,7,7,7,7,7,7,7,7,7,7,7,7,7,7,7,7,7,7
24,383,14,7,7,7,7,7,7,7,7,7,7,7,7,7,7,7,7,7,7,7,7
24,384,15,1,1,1,1,1,1,1,1,1,1,1,1,1,1,1,1,1,1,1,1
24,385,15,1,1,1,1,1,1,1,1,1,1,1,1,1,1,1,1,1,1,1,1
24,386,15,1,1,1,1,1,1,1,1,1,1,1,1,1,1,1,1,1,1,1,1
24,387,15,1,1,1,1,1,1,1,1,1,1,1,1,1,1,1,1,1,1,1,1
24,388,15,1,1,1,1,1,1,1,1,1,1,1,1,1,1,1,1,1,1,1,1
24,389,15,1,1,1,1,1,1,1,1,1,1,1,1,1,1,1,1,1,1,1,1
24,390,15,1,1,1,1,1,1,1,1,1,1,1,1,1,1,1,1,1,1,1,1
24,391,15,1,1,1,1,1,1,1,1,1,1,1,1,1,1,1,1,1,1,1,1
24,392,15,1,1,1,1,1,1,1,1,1,1,1,1,1,1,1,1,1,1,1,1
24,393,15,1,1,1,1,1,1,1,1,1,1,1,1,1,1,1,1,1,1,1,1
24,394,15,1,1,1,1,1,1,1,1,1,1,1,1,1,1,1,1,1,1,1,1
24,395,15,1,1,1,1,1,1,1,1,1,1,1,1,1,1,1,1,1,1,1,1
24,396,15,1,1,1,1,1,1,1,1,1,1,1,1,1,1,1,1,1,1,1,1
24,397,15,1,1,1,1,1,1,1,1,1,1,1,1,1,1,1,1,1,1,1,1
24,398,15,1,1,1,1,1,1,1,1,1,1,1,1,1,1,1,1,1,1,1,1
24,399,15,1,1,1,1,1,1,1,1,1,1,1,1,1,1,1,1,1,1,1,1
24,400,15,1,1,1,1,1,1,1,1,1,1,1,1,1,1,1,1,1,1,1,1
24,401,15,1,1,1,1,1,1,1,1,1,1,1,1,1,1,1,1,1,1,1,1
24,402,15,1,1,1,1,1,1,1,1,1,1,1,1,1,1,1,1,1,1,1,1
24,403,15,1,1,1,1,1,1,1,1,1,1,1,1,1,1,1,1,1,1,1,1
24,404,15,1,1,1,1,1,1,1,1,1,1,1,1,1,1,1,1,1,1,1,1
24,405,16,2,4,4,4,4,4,4,4,4,2,4,4,4,4,4,4,4,4,4,4
24,406,16,2,4,4,4,4,4,4,4,4,2,4,4,4,4,4,4,4,4,4,4
24,407,16,2,4,4,4,4,4,4,4,4,2,4,4,4,4,4,4,4,4,4,4
24,408,16,2,4,4,4,4,4,4,4,4,2,4,4,4,4,4,4,4,4,4,4
24,409,16,2,4,4,4,4,4,4,4,4,2,4,4,4,4,4,4,4,4,4,4
24,410,16,2,4,4,4,4,4,4,4,4,2,4,4,4,4,4,4,4,4,4,4
24,411,16,2,4,4,4,4,4,4,4,4,2,4,4,4,4,4,4,4,4,4,4
24,412,16,2,4,4,4,4,4,4,4,4,2,4,4,4,4,4,4,4,4,4,4
24,413,16,2,4,4,4,4,4,4,4,4,2,4,4,4,4,4,4,4,4,4,4
24,414,16,2,4,4,4,4,4,4,4,4,2,4,4,4,4,4,4,4,4,4,4
24,415,16,2,4,4,4,4,4,4,4,4,2,4,4,4,4,4,4,4,4,4,4
24,416,16,2,4,4,4,4,4,4,4,4,2,4,4,4,4,4,4,4,4,4,4
24,417,16,2,4,4,4,4,4,4,4,4,2,4,4,4,4,4,4,4,4,4,4
24,418,16,2,4,4,4,4,4,4,4,4,2,4,4,4,4,4,4,4,4,4,4
24,419,16,2,4,4,4,4,4,4,4,4,2,4,4,4,4,4,4,4,4,4,4
24,420,16,2,4,4,4,4,4,4,4,4,2,4,4,4,4,4,4,4,4,4,4
24,421,16,2,4,4,4,4,4,4,4,4,2,4,4,4,4,4,4,4,4,4,4
24,422,16,2,4,4,4,4,4,4,4,4,2,4,4,4,4,4,4,4,4,4,4
24,423,16,2,4,4,4,4,4,4,4,4,2,4,4,4,4,4,4,4,4,4,4
24,424,16,2,4,4,4,4,4,4,4,4,2,4,4,4,4,4,4,4,4,4,4
24,425,16,2,4,4,4,4,4,4,4,4,2,4,4,4,4,4,4,4,4,4,4
24,426,16,2,4,4,4,4,4,4,4,4,2,4,4,4,4,4,4,4,4,4,4
24,427,16,2,4,4,4,4,4,4,4,4,2,4,4,4,4,4,4,4,4,4,4
24,428,16,2,4,4,4,4,4,4,4,4,2,4,4,4,4,4,4,4,4,4,4
24,429,16,2,4,4,4,4,4,4,4,4,2,4,4,4,4,4,4,4,4,4,4
24,430,16,2,4,4,4,4,4,4,4,4,2,4,4,4,4,4,4,4,4,4,4
24,431,16,2,4,4,4,4,4,4,4,4,2,4,4,4,4,4,4,4,4,4,4
24,432,16,2,4,4,4,4,4,4,4,4,2,4,4,4,4,4,4,4,4,4,4
24,433,16,2,4,4,4,4,4,4,4,4,2,4,4,4,4,4,4,4,4,4,4
24,434,16,2,4,4,4,4,4,4,4,4,2,4,4,4,4,4,4,4,4,4,4
24,435,16,2,4,4,4,4,4,4,4,4,2,4,4,4,4,4,4,4,4,4,4
24,436,16,2,4,4,4,4,4,4,4,4,2,4,4,4,4,4,4,4,4,4,4
24,437,17,3,2,2,2,2,2,2,2,2,3,2,2,2,2,2,2,2,2,2,2
24,438,17,3,2,2,2,2,2,2,2,2,3,2,2,2,2,2,2,2,2,2,2
24,439,17,3,2,2,2,2,2,2,2,2,3,2,2,2,2,2,2,2,2,2,2
24,440,17,3,2,2,2,2,2,2,2,2,3,2,2,2,2,2,2,2,2,2,2
24,441,17,3,2,2,2,2,2,2,2,2,3,2,2,2,2,2,2,2,2,2,2
24,442,17,3,2,2,2,2,2,2,2,2,3,2,2,2,2,2,2,2,2,2,2
24,443,17,3,2,2,2,2,2,2,2,2,3,2,2,2,2,2,2,2,2,2,2
24,444,17,3,2,2,2,2,2,2,2,2,3,2,2,2,2,2,2,2,2,2,2
24,445,17,3,2,2,2,2,2,2,2,2,3,2,2,2,2,2,2,2,2,2,2
24,446,17,3,2,2,2,2,2,2,2,2,3,2,2,2,2,2,2,2,2,2,2
24,447,17,3,2,2,2,2,2,2,2,2,3,2,2,2,2,2,2,2,2,2,2
24,448,17,3,2,2,2,2,2,2,2,2,3,2,2,2,2,2,2,2,2,2,2
24,449,17,3,2,2,2,2,2,2,2,2,3,2,2,2,2,2,2,2,2,2,2
24,450,17,3,2,2,2,2,2,2,2,2,3,2,2,2,2,2,2,2,2,2,2
24,451,17,3,2,2,2,2,2,2,2,2,3,2,2,2,2,2,2,2,2,2,2
24,452,17,3,2,2,2,2,2,2,2,2,3,2,2,2,2,2,2,2,2,2,2
24,453,17,3,2,2,2,2,2,2,2,2,3,2,2,2,2,2,2,2,2,2,2
24,454,17,3,2,2,2,2,2,2,2,2,3,2,2,2,2,2,2,2,2,2,2
24,455,17,3,2,2,2,2,2,2,2,2,3,2,2,2,2,2,2,2,2,2,2
24,456,17,3,2,2,2,2,2,2,2,2,3,2,2,2,2,2,2,2,2,2,2
24,457,17,3,2,2,2,2,2,2,2,2,3,2,2,2,2,2,2,2,2,2,2
24,458,17,3,2,2,2,2,2,2,2,2,3,2,2,2,2,2,2,2,2,2,2
24,459,17,3,2,2,2,2,2,2,2,2,3,2,2,2,2,2,2,2,2,2,2
24,460,17,3,2,2,2,2,2,2,2,2,3,2,2,2,2,2,2,2,2,2,2
24,461,17,3,2,2,2,2,2,2,2,2,3,2,2,2,2,2,2,2,2,2,2
24,462,17,3,2,2,2,2,2,2,2,2,3,2,2,2,2,2,2,2,2,2,2
24,463,17,3,2,2,2,2,2,2,2,2,3,2,2,2,2,2,2,2,2,2,2
24,464,17,3,2,2,2,2,2,2,2,2,3,2,2,2,2,2,2,2,2,2,2
24,465,17,3,2,2,2,2,2,2,2,2,3,2,2,2,2,2,2,2,2,2,2
24,466,17,3,2,2,2,2,2,2,2,2,3,2,2,2,2,2,2,2,2,2,2
24,467,17,3,2,2,2,2,2,2,2,2,3,2,2,2,2,2,2,2,2,2,2
24,468,18,7,7,7,7,7,7,7,7,7,7,7,7,7,7,7,7,7,7,7,7
24,469,18,7,7,7,7,7,7,7,7,7,7,7,7,7,7,7,7,7,7,7,7
24,470,18,7,7,7,7,7,7,7,7,7,7,7,7,7,7,7,7,7,7,7,7
24,471,18,7,7,7,7,7,7,7,7,7,7,7,7,7,7,7,7,7,7,7,7
24,472,18,7,7,7,7,7,7,7,7,7,7,7,7,7,7,7,7,7,7,7,7
24,473,18,7,7,7,7,7,7,7,7,7,7,7,7,7,7,7,7,7,7,7,7
24,474,18,7,7,7,7,7,7,7,7,7,7,7,7,7,7,7,7,7,7,7,7
24,475,18,7,7,7,7,7,7,7,7,7,7,7,7,7,7,7,7,7,7,7,7
24,476,18,7,7,7,7,7,7,7,7,7,7,7,7,7,7,7,7,7,7,7,7
24,477,18,7,7,7,7,7,7,7,7,7,7,7,7,7,7,7,7,7,7,7,7
24,478,19,4,2,2,2,2,2,2,2,2,4,2,2,2,2,2,2,2,2,2,2
24,479,19,4,2,2,2,2,2,2,2,2,4,2,2,2,2,2,2,2,2,2,2
24,480,19,4,2,2,2,2,2,2,2,2,4,2,2,2,2,2,2,2,2,2,2
24,481,19,4,2,2,2,2,2,2,2,2,4,2,2,2,2,2,2,2,2,2,2
24,482,19,4,2,2,2,2,2,2,2,2,4,2,2,2,2,2,2,2,2,2,2
24,483,19,4,2,2,2,2,2,2,2,2,4,2,2,2,2,2,2,2,2,2,2
24,484,19,4,2,2,2,2,2,2,2,2,4,2,2,2,2,2,2,2,2,2,2
24,485,19,4,2,2,2,2,2,2,2,2,4,2,2,2,2,2,2,2,2,2,2
24,486,19,4,2,2,2,2,2,2,2,2,4,2,2,2,2,2,2,2,2,2,2
24,487,19,4,2,2,2,2,2,2,2,2,4,2,2,2,2,2,2,2,2,2,2
24,488,19,4,2,2,2,2,2,2,2,2,4,2,2,2,2,2,2,2,2,2,2
24,489,19,4,2,2,2,2,2,2,2,2,4,2,2,2,2,2,2,2,2,2,2
24,490,20,1,1,1,1,1,1,1,1,1,1,1,1,1,1,1,1,1,1,1,1
24,491,20,1,1,1,1,1,1,1,1,1,1,1,1,1,1,1,1,1,1,1,1
24,492,20,1,1,1,1,1,1,1,1,1,1,1,1,1,1,1,1,1,1,1,1
24,493,20,1,1,1,1,1,1,1,1,1,1,1,1,1,1,1,1,1,1,1,1
24,494,20,1,1,1,1,1,1,1,1,1,1,1,1,1,1,1,1,1,1,1,1
24,495,20,1,1,1,1,1,1,1,1,1,1,1,1,1,1,1,1,1,1,1,1
24,496,20,1,1,1,1,1,1,1,1,1,1,1,1,1,1,1,1,1,1,1,1
24,497,20,1,1,1,1,1,1,1,1,1,1,1,1,1,1,1,1,1,1,1,1
24,498,20,1,1,1,1,1,1,1,1,1,1,1,1,1,1,1,1,1,1,1,1
24,499,20,1,1,1,1,1,1,1,1,1,1,1,1,1,1,1,1,1,1,1,1
24,500,20,1,1,1,1,1,1,1,1,1,1,1,1,1,1,1,1,1,1,1,1
24,501,20,1,1,1,1,1,1,1,1,1,1,1,1,1,1,1,1,1,1,1,1
24,502,20,1,1,1,1,1,1,1,1,1,1,1,1,1,1,1,1,1,1,1,1
24,503,20,1,1,1,1,1,1,1,1,1,1,1,1,1,1,1,1,1,1,1,1
24,504,20,1,1,1,1,1,1,1,1,1,1,1,1,1,1,1,1,1,1,1,1
24,505,20,1,1,1,1,1,1,1,1,1,1,1,1,1,1,1,1,1,1,1,1
24,506,20,1,1,1,1,1,1,1,1,1,1,1,1,1,1,1,1,1,1,1,1
24,507,20,1,1,1,1,1,1,1,1,1,1,1,1,1,1,1,1,1,1,1,1
24,508,20,1,1,1,1,1,1,1,1,1,1,1,1,1,1,1,1,1,1,1,1
24,509,20,1,1,1,1,1,1,1,1,1,1,1,1,1,1,1,1,1,1,1,1
24,510,20,1,1,1,1,1,1,1,1,1,1,1,1,1,1,1,1,1,1,1,1
24,511,20,1,1,1,1,1,1,1,1,1,1,1,1,1,1,1,1,1,1,1,1
24,512,20,1,1,1,1,1,1,1,1,1,1,1,1,1,1,1,1,1,1,1,1
24,513,20,1,1,1,1,1,1,1,1,1,1,1,1,1,1,1,1,1,1,1,1
24,514,20,1,1,1,1,1,1,1,1,1,1,1,1,1,1,1,1,1,1,1,1
24,515,20,1,1,1,1,1,1,1,1,1,1,1,1,1,1,1,1,1,1,1,1
24,516,20,1,1,1,1,1,1,1,1,1,1,1,1,1,1,1,1,1,1,1,1
24,517,20,1,1,1,1,1,1,1,1,1,1,1,1,1,1,1,1,1,1,1,1
24,518,20,1,1,1,1,1,1,1,1,1,1,1,1,1,1,1,1,1,1,1,1
24,519,20,1,1,1,1,1,1,1,1,1,1,1,1,1,1,1,1,1,1,1,1
24,520,20,1,1,1,1,1,1,1,1,1,1,1,1,1,1,1,1,1,1,1,1
24,521,20,1,1,1,1,1,1,1,1,1,1,1,1,1,1,1,1,1,1,1,1
24,522,20,1,1,1,1,1,1,1,1,1,1,1,1,1,1,1,1,1,1,1,1
24,523,20,1,1,1,1,1,1,1,1,1,1,1,1,1,1,1,1,1,1,1,1
24,524,20,1,1,1,1,1,1,1,1,1,1,1,1,1,1,1,1,1,1,1,1
24,525,20,1,1,1,1,1,1,1,1,1,1,1,1,1,1,1,1,1,1,1,1
24,526,20,1,1,1,1,1,1,1,1,1,1,1,1,1,1,1,1,1,1,1,1
24,527,20,1,1,1,1,1,1,1,1,1,1,1,1,1,1,1,1,1,1,1,1
24,528,20,1,1,1,1,1,1,1,1,1,1,1,1,1,1,1,1,1,1,1,1
24,529,20,1,1,1,1,1,1,1,1,1,1,1,1,1,1,1,1,1,1,1,1
24,530,20,1,1,1,1,1,1,1,1,1,1,1,1,1,1,1,1,1,1,1,1
24,531,20,1,1,1,1,1,1,1,1,1,1,1,1,1,1,1,1,1,1,1,1
24,532,20,1,1,1,1,1,1,1,1,1,1,1,1,1,1,1,1,1,1,1,1
24,533,20,1,1,1,1,1,1,1,1,1,1,1,1,1,1,1,1,1,1,1,1
24,534,20,1,1,1,1,1,1,1,1,1,1,1,1,1,1,1,1,1,1,1,1
24,535,20,1,1,1,1,1,1,1,1,1,1,1,1,1,1,1,1,1,1,1,1
24,536,20,1,1,1,1,1,1,1,1,1,1,1,1,1,1,1,1,1,1,1,1
24,537,20,1,1,1,1,1,1,1,1,1,1,1,1,1,1,1,1,1,1,1,1
24,538,20,1,1,1,1,1,1,1,1,1,1,1,1,1,1,1,1,1,1,1,1
24,539,20,1,1,1,1,1,1,1,1,1,1,1,1,1,1,1,1,1,1,1,1
24,540,20,1,1,1,1,1,1,1,1,1,1,1,1,1,1,1,1,1,1,1,1
24,541,20,1,1,1,1,1,1,1,1,1,1,1,1,1,1,1,1,1,1,1,1
24,542,20,1,1,1,1,1,1,1,1,1,1,1,1,1,1,1,1,1,1,1,1
24,543,20,1,1,1,1,1,1,1,1,1,1,1,1,1,1,1,1,1,1,1,1
24,544,20,1,1,1,1,1,1,1,1,1,1,1,1,1,1,1,1,1,1,1,1
24,545,20,1,1,1,1,1,1,1,1,1,1,1,1,1,1,1,1,1,1,1,1
24,546,20,1,1,1,1,1,1,1,1,1,1,1,1,1,1,1,1,1,1,1,1
24,547,20,1,1,1,1,1,1,1,1,1,1,1,1,1,1,1,1,1,1,1,1
24,548,20,1,1,1,1,1,1,1,1,1,1,1,1,1,1,1,1,1,1,1,1
24,549,20,1,1,1,1,1,1,1,1,1,1,1,1,1,1,1,1,1,1,1,1
24,550,20,1,1,1,1,1,1,1,1,1,1,1,1,1,1,1,1,1,1,1,1
24,551,20,1,1,1,1,1,1,1,1,1,1,1,1,1,1,1,1,1,1,1,1
24,552,20,1,1,1,1,1,1,1,1,1,1,1,1,1,1,1,1,1,1,1,1
24,553,20,1,1,1,1,1,1,1,1,1,1,1,1,1,1,1,1,1,1,1,1
24,554,20,1,1,1,1,1,1,1,1,1,1,1,1,1,1,1,1,1,1,1,1
24,555,21,1,1,1,1,1,1,1,1,1,1,1,1,1,1,1,1,1,1,1,1
24,556,21,1,1,1,1,1,1,1,1,1,1,1,1,1,1,1,1,1,1,1,1
24,557,21,1,1,1,1,1,1,1,1,1,1,1,1,1,1,1,1,1,1,1,1
24,558,21,1,1,1,1,1,1,1,1,1,1,1,1,1,1,1,1,1,1,1,1
24,559,21,1,1,1,1,1,1,1,1,1,1,1,1,1,1,1,1,1,1,1,1
24,560,21,1,1,1,1,1,1,1,1,1,1,1,1,1,1,1,1,1,1,1,1
24,561,21,1,1,1,1,1,1,1,1,1,1,1,1,1,1,1,1,1,1,1,1
24,562,21,1,1,1,1,1,1,1,1,1,1,1,1,1,1,1,1,1,1,1,1
24,563,21,1,1,1,1,1,1,1,1,1,1,1,1,1,1,1,1,1,1,1,1
24,564,21,1,1,1,1,1,1,1,1,1,1,1,1,1,1,1,1,1,1,1,1
24,565,21,1,1,1,1,1,1,1,1,1,1,1,1,1,1,1,1,1,1,1,1
24,566,21,1,1,1,1,1,1,1,1,1,1,1,1,1,1,1,1,1,1,1,1
24,567,21,1,1,1,1,1,1,1,1,1,1,1,1,1,1,1,1,1,1,1,1
24,568,21,1,1,1,1,1,1,1,1,1,1,1,1,1,1,1,1,1,1,1,1
24,569,21,1,1,1,1,1,1,1,1,1,1,1,1,1,1,1,1,1,1,1,1
24,570,21,1,1,1,1,1,1,1,1,1,1,1,1,1,1,1,1,1,1,1,1
24,571,21,1,1,1,1,1,1,1,1,1,1,1,1,1,1,1,1,1,1,1,1
24,572,21,1,1,1,1,1,1,1,1,1,1,1,1,1,1,1,1,1,1,1,1
24,573,21,1,1,1,1,1,1,1,1,1,1,1,1,1,1,1,1,1,1,1,1
24,574,21,1,1,1,1,1,1,1,1,1,1,1,1,1,1,1,1,1,1,1,1
24,575,21,1,1,1,1,1,1,1,1,1,1,1,1,1,1,1,1,1,1,1,1
24,576,21,1,1,1,1,1,1,1,1,1,1,1,1,1,1,1,1,1,1,1,1
24,577,21,1,1,1,1,1,1,1,1,1,1,1,1,1,1,1,1,1,1,1,1
24,578,21,1,1,1,1,1,1,1,1,1,1,1,1,1,1,1,1,1,1,1,1
24,579,21,1,1,1,1,1,1,1,1,1,1,1,1,1,1,1,1,1,1,1,1
24,580,21,1,1,1,1,1,1,1,1,1,1,1,1,1,1,1,1,1,1,1,1
24,581,21,1,1,1,1,1,1,1,1,1,1,1,1,1,1,1,1,1,1,1,1
24,582,21,1,1,1,1,1,1,1,1,1,1,1,1,1,1,1,1,1,1,1,1
24,583,21,1,1,1,1,1,1,1,1,1,1,1,1,1,1,1,1,1,1,1,1
24,584,21,1,1,1,1,1,1,1,1,1,1,1,1,1,1,1,1,1,1,1,1
24,585,21,1,1,1,1,1,1,1,1,1,1,1,1,1,1,1,1,1,1,1,1
24,586,21,1,1,1,1,1,1,1,1,1,1,1,1,1,1,1,1,1,1,1,1
24,587,21,1,1,1,1,1,1,1,1,1,1,1,1,1,1,1,1,1,1,1,1
24,588,21,1,1,1,1,1,1,1,1,1,1,1,1,1,1,1,1,1,1,1,1
24,589,21,1,1,1,1,1,1,1,1,1,1,1,1,1,1,1,1,1,1,1,1
24,590,21,1,1,1,1,1,1,1,1,1,1,1,1,1,1,1,1,1,1,1,1
24,591,22,1,1,1,1,1,1,1,1,1,1,1,1,1,1,1,1,1,1,1,1
24,592,22,1,1,1,1,1,1,1,1,1,1,1,1,1,1,1,1,1,1,1,1
24,593,22,1,1,1,1,1,1,1,1,1,1,1,1,1,1,1,1,1,1,1,1
24,594,22,1,1,1,1,1,1,1,1,1,1,1,1,1,1,1,1,1,1,1,1
24,596,22,1,1,1,1,1,1,1,1,1,1,1,1,1,1,1,1,1,1,1,1
24,597,22,1,1,1,1,1,1,1,1,1,1,1,1,1,1,1,1,1,1,1,1
24,598,22,1,1,1,1,1,1,1,1,1,1,1,1,1,1,1,1,1,1,1,1
24,599,22,1,1,1,1,1,1,1,1,1,1,1,1,1,1,1,1,1,1,1,1
24,600,22,1,1,1,1,1,1,1,1,1,1,1,1,1,1,1,1,1,1,1,1
24,601,22,1,1,1,1,1,1,1,1,1,1,1,1,1,1,1,1,1,1,1,1
24,602,22,1,1,1,1,1,1,1,1,1,1,1,1,1,1,1,1,1,1,1,1
24,603,22,1,1,1,1,1,1,1,1,1,1,1,1,1,1,1,1,1,1,1,1
24,604,22,1,1,1,1,1,1,1,1,1,1,1,1,1,1,1,1,1,1,1,1
24,605,22,1,1,1,1,1,1,1,1,1,1,1,1,1,1,1,1,1,1,1,1
24,606,22,1,1,1,1,1,1,1,1,1,1,1,1,1,1,1,1,1,1,1,1
24,607,22,1,1,1,1,1,1,1,1,1,1,1,1,1,1,1,1,1,1,1,1
24,608,22,1,1,1,1,1,1,1,1,1,1,1,1,1,1,1,1,1,1,1,1
24,609,22,1,1,1,1,1,1,1,1,1,1,1,1,1,1,1,1,1,1,1,1
24,610,22,1,1,1,1,1,1,1,1,1,1,1,1,1,1,1,1,1,1,1,1
24,611,22,1,1,1,1,1,1,1,1,1,1,1,1,1,1,1,1,1,1,1,1
24,612,22,1,1,1,1,1,1,1,1,1,1,1,1,1,1,1,1,1,1,1,1
24,613,22,1,1,1,1,1,1,1,1,1,1,1,1,1,1,1,1,1,1,1,1
24,614,22,1,1,1,1,1,1,1,1,1,1,1,1,1,1,1,1,1,1,1,1
24,615,22,1,1,1,1,1,1,1,1,1,1,1,1,1,1,1,1,1,1,1,1
24,616,23,4,2,2,2,2,2,2,2,2,2,2,2,2,2,2,2,2,2,2,2
24,617,23,4,2,2,2,2,2,2,2,2,2,2,2,2,2,2,2,2,2,2,2
24,618,23,4,2,2,2,2,2,2,2,2,2,2,2,2,2,2,2,2,2,2,2
24,619,23,4,2,2,2,2,2,2,2,2,2,2,2,2,2,2,2,2,2,2,2
24,620,23,4,2,2,2,2,2,2,2,2,2,2,2,2,2,2,2,2,2,2,2
24,621,23,4,2,2,2,2,2,2,2,2,2,2,2,2,2,2,2,2,2,2,2
24,622,23,4,2,2,2,2,2,2,2,2,2,2,2,2,2,2,2,2,2,2,2
24,623,23,4,2,2,2,2,2,2,2,2,2,2,2,2,2,2,2,2,2,2,2
24,624,23,4,2,2,2,2,2,2,2,2,2,2,2,2,2,2,2,2,2,2,2
24,625,23,4,2,2,2,2,2,2,2,2,2,2,2,2,2,2,2,2,2,2,2
24,626,23,4,2,2,2,2,2,2,2,2,2,2,2,2,2,2,2,2,2,2,2
24,627,23,4,2,2,2,2,2,2,2,2,2,2,2,2,2,2,2,2,2,2,2
24,628,23,4,2,2,2,2,2,2,2,2,2,2,2,2,2,2,2,2,2,2,2
24,629,23,4,2,2,2,2,2,2,2,2,2,2,2,2,2,2,2,2,2,2,2
24,630,23,4,2,2,2,2,2,2,2,2,2,2,2,2,2,2,2,2,2,2,2
24,631,23,4,2,2,2,2,2,2,2,2,2,2,2,2,2,2,2,2,2,2,2
24,632,23,4,2,2,2,2,2,2,2,2,2,2,2,2,2,2,2,2,2,2,2
24,633,23,4,2,2,2,2,2,2,2,2,2,2,2,2,2,2,2,2,2,2,2
24,634,24,4,2,2,2,2,2,2,2,2,4,2,2,2,2,2,2,2,2,2,2
24,635,24,4,2,2,2,2,2,2,2,2,4,2,2,2,2,2,2,2,2,2,2
24,636,24,4,2,2,2,2,2,2,2,2,4,2,2,2,2,2,2,2,2,2,2
24,637,24,4,2,2,2,2,2,2,2,2,4,2,2,2,2,2,2,2,2,2,2
24,638,24,4,2,2,2,2,2,2,2,2,4,2,2,2,2,2,2,2,2,2,2
24,639,24,4,2,2,2,2,2,2,2,2,4,2,2,2,2,2,2,2,2,2,2
24,640,24,4,2,2,2,2,2,2,2,2,4,2,2,2,2,2,2,2,2,2,2
24,641,24,4,2,2,2,2,2,2,2,2,4,2,2,2,2,2,2,2,2,2,2
24,642,24,4,2,2,2,2,2,2,2,2,4,2,2,2,2,2,2,2,2,2,2
24,643,24,4,2,2,2,2,2,2,2,2,4,2,2,2,2,2,2,2,2,2,2
24,644,24,4,2,2,2,2,2,2,2,2,4,2,2,2,2,2,2,2,2,2,2
24,645,24,4,2,2,2,2,2,2,2,2,4,2,2,2,2,2,2,2,2,2,2
24,646,24,4,2,2,2,2,2,2,2,2,4,2,2,2,2,2,2,2,2,2,2
24,647,24,4,2,2,2,2,2,2,2,2,4,2,2,2,2,2,2,2,2,2,2
24,648,24,4,2,2,2,2,2,2,2,2,4,2,2,2,2,2,2,2,2,2,2
24,649,24,4,2,2,2,2,2,2,2,2,4,2,2,2,2,2,2,2,2,2,2
24,650,24,4,2,2,2,2,2,2,2,2,4,2,2,2,2,2,2,2,2,2,2
24,651,24,4,2,2,2,2,2,2,2,2,4,2,2,2,2,2,2,2,2,2,2
24,652,24,4,2,2,2,2,2,2,2,2,4,2,2,2,2,2,2,2,2,2,2
24,653,24,4,2,2,2,2,2,2,2,2,4,2,2,2,2,2,2,2,2,2,2
24,654,24,4,2,2,2,2,2,2,2,2,4,2,2,2,2,2,2,2,2,2,2
24,655,24,4,2,2,2,2,2,2,2,2,4,2,2,2,2,2,2,2,2,2,2
24,656,24,4,2,2,2,2,2,2,2,2,4,2,2,2,2,2,2,2,2,2,2
24,657,24,4,2,2,2,2,2,2,2,2,4,2,2,2,2,2,2,2,2,2,2
24,658,24,4,2,2,2,2,2,2,2,2,4,2,2,2,2,2,2,2,2,2,2
24,659,24,4,2,2,2,2,2,2,2,2,4,2,2,2,2,2,2,2,2,2,2
24,660,24,4,2,2,2,2,2,2,2,2,4,2,2,2,2,2,2,2,2,2,2
24,661,24,4,2,2,2,2,2,2,2,2,4,2,2,2,2,2,2,2,2,2,2
24,662,24,4,2,2,2,2,2,2,2,2,4,2,2,2,2,2,2,2,2,2,2
24,663,24,4,2,2,2,2,2,2,2,2,4,2,2,2,2,2,2,2,2,2,2
24,664,24,4,2,2,2,2,2,2,2,2,4,2,2,2,2,2,2,2,2,2,2
24,665,24,4,2,2,2,2,2,2,2,2,4,2,2,2,2,2,2,2,2,2,2
24,666,24,4,2,2,2,2,2,2,2,2,4,2,2,2,2,2,2,2,2,2,2
24,667,24,4,2,2,2,2,2,2,2,2,4,2,2,2,2,2,2,2,2,2,2
24,668,24,4,2,2,2,2,2,2,2,2,4,2,2,2,2,2,2,2,2,2,2
24,670,24,4,2,2,2,2,2,2,2,2,4,2,2,2,2,2,2,2,2,2,2
24,671,24,4,2,2,2,2,2,2,2,2,4,2,2,2,2,2,2,2,2,2,2
24,672,24,4,2,2,2,2,2,2,2,2,4,2,2,2,2,2,2,2,2,2,2
24,673,24,4,2,2,2,2,2,2,2,2,4,2,2,2,2,2,2,2,2,2,2
24,674,24,4,2,2,2,2,2,2,2,2,4,2,2,2,2,2,2,2,2,2,2
24,675,24,4,2,2,2,2,2,2,2,2,4,2,2,2,2,2,2,2,2,2,2
24,676,24,4,2,2,2,2,2,2,2,2,4,2,2,2,2,2,2,2,2,2,2
24,677,24,4,2,2,2,2,2,2,2,2,4,2,2,2,2,2,2,2,2,2,2
24,678,24,4,2,2,2,2,2,2,2,2,4,2,2,2,2,2,2,2,2,2,2
24,679,24,4,2,2,2,2,2,2,2,2,4,2,2,2,2,2,2,2,2,2,2
24,680,24,4,2,2,2,2,2,2,2,2,4,2,2,2,2,2,2,2,2,2,2
24,681,24,4,2,2,2,2,2,2,2,2,4,2,2,2,2,2,2,2,2,2,2
24,682,24,4,2,2,2,2,2,2,2,2,4,2,2,2,2,2,2,2,2,2,2
24,683,24,4,2,2,2,2,2,2,2,2,4,2,2,2,2,2,2,2,2,2,2
24,684,24,4,2,2,2,2,2,2,2,2,4,2,2,2,2,2,2,2,2,2,2
24,685,24,4,2,2,2,2,2,2,2,2,4,2,2,2,2,2,2,2,2,2,2
24,686,24,4,2,2,2,2,2,2,2,2,4,2,2,2,2,2,2,2,2,2,2
24,687,24,4,2,2,2,2,2,2,2,2,4,2,2,2,2,2,2,2,2,2,2
24,688,24,4,2,2,2,2,2,2,2,2,4,2,2,2,2,2,2,2,2,2,2
24,689,24,4,2,2,2,2,2,2,2,2,4,2,2,2,2,2,2,2,2,2,2
24,690,24,4,2,2,2,2,2,2,2,2,4,2,2,2,2,2,2,2,2,2,2
24,691,24,4,2,2,2,2,2,2,2,2,4,2,2,2,2,2,2,2,2,2,2
24,692,24,4,2,2,2,2,2,2,2,2,4,2,2,2,2,2,2,2,2,2,2
24,693,24,4,2,2,2,2,2,2,2,2,4,2,2,2,2,2,2,2,2,2,2
24,694,24,4,2,2,2,2,2,2,2,2,4,2,2,2,2,2,2,2,2,2,2
24,695,24,4,2,2,2,2,2,2,2,2,4,2,2,2,2,2,2,2,2,2,2
24,696,24,4,2,2,2,2,2,2,2,2,4,2,2,2,2,2,2,2,2,2,2
24,697,24,4,2,2,2,2,2,2,2,2,4,2,2,2,2,2,2,2,2,2,2
24,698,24,4,2,2,2,2,2,2,2,2,4,2,2,2,2,2,2,2,2,2,2
24,699,24,4,2,2,2,2,2,2,2,2,4,2,2,2,2,2,2,2,2,2,2
24,700,24,4,2,2,2,2,2,2,2,2,4,2,2,2,2,2,2,2,2,2,2
24,701,24,4,2,2,2,2,2,2,2,2,4,2,2,2,2,2,2,2,2,2,2
24,702,24,4,2,2,2,2,2,2,2,2,4,2,2,2,2,2,2,2,2,2,2
24,703,24,4,2,2,2,2,2,2,2,2,4,2,2,2,2,2,2,2,2,2,2
24,704,24,4,2,2,2,2,2,2,2,2,4,2,2,2,2,2,2,2,2,2,2
24,705,24,4,2,2,2,2,2,2,2,2,4,2,2,2,2,2,2,2,2,2,2
24,706,24,4,2,2,2,2,2,2,2,2,4,2,2,2,2,2,2,2,2,2,2
24,707,24,4,2,2,2,2,2,2,2,2,4,2,2,2,2,2,2,2,2,2,2
24,708,24,4,2,2,2,2,2,2,2,2,4,2,2,2,2,2,2,2,2,2,2
24,709,24,4,2,2,2,2,2,2,2,2,4,2,2,2,2,2,2,2,2,2,2
24,710,24,4,2,2,2,2,2,2,2,2,4,2,2,2,2,2,2,2,2,2,2
24,711,24,4,2,2,2,2,2,2,2,2,4,2,2,2,2,2,2,2,2,2,2
24,712,24,4,2,2,2,2,2,2,2,2,4,2,2,2,2,2,2,2,2,2,2
24,713,24,4,2,2,2,2,2,2,2,2,4,2,2,2,2,2,2,2,2,2,2
24,714,24,4,2,2,2,2,2,2,2,2,4,2,2,2,2,2,2,2,2,2,2
24,715,24,4,2,2,2,2,2,2,2,2,4,2,2,2,2,2,2,2,2,2,2
24,716,24,4,2,2,2,2,2,2,2,2,4,2,2,2,2,2,2,2,2,2,2
24,717,24,4,2,2,2,2,2,2,2,2,4,2,2,2,2,2,2,2,2,2,2
24,718,24,4,2,2,2,2,2,2,2,2,4,2,2,2,2,2,2,2,2,2,2
24,719,24,4,2,2,2,2,2,2,2,2,4,2,2,2,2,2,2,2,2,2,2
24,720,24,4,2,2,2,2,2,2,2,2,4,2,2,2,2,2,2,2,2,2,2
24,721,24,4,2,2,2,2,2,2,2,2,4,2,2,2,2,2,2,2,2,2,2
24,722,24,4,2,2,2,2,2,2,2,2,4,2,2,2,2,2,2,2,2,2,2
24,723,24,4,2,2,2,2,2,2,2,2,4,2,2,2,2,2,2,2,2,2,2
24,724,25,1,1,1,1,1,1,1,1,1,1,1,1,1,1,1,1,1,1,1,1
24,725,25,1,1,1,1,1,1,1,1,1,1,1,1,1,1,1,1,1,1,1,1
24,726,25,1,1,1,1,1,1,1,1,1,1,1,1,1,1,1,1,1,1,1,1
24,727,25,1,1,1,1,1,1,1,1,1,1,1,1,1,1,1,1,1,1,1,1
24,728,25,1,1,1,1,1,1,1,1,1,1,1,1,1,1,1,1,1,1,1,1
24,729,25,1,1,1,1,1,1,1,1,1,1,1,1,1,1,1,1,1,1,1,1
24,730,25,1,1,1,1,1,1,1,1,1,1,1,1,1,1,1,1,1,1,1,1
24,731,25,1,1,1,1,1,1,1,1,1,1,1,1,1,1,1,1,1,1,1,1
24,732,25,1,1,1,1,1,1,1,1,1,1,1,1,1,1,1,1,1,1,1,1
24,733,25,1,1,1,1,1,1,1,1,1,1,1,1,1,1,1,1,1,1,1,1
24,734,25,1,1,1,1,1,1,1,1,1,1,1,1,1,1,1,1,1,1,1,1
24,735,25,1,1,1,1,1,1,1,1,1,1,1,1,1,1,1,1,1,1,1,1
24,736,25,1,1,1,1,1,1,1,1,1,1,1,1,1,1,1,1,1,1,1,1
24,737,25,1,1,1,1,1,1,1,1,1,1,1,1,1,1,1,1,1,1,1,1
24,738,25,1,1,1,1,1,1,1,1,1,1,1,1,1,1,1,1,1,1,1,1
24,740,25,1,1,1,1,1,1,1,1,1,1,1,1,1,1,1,1,1,1,1,1
24,741,25,1,1,1,1,1,1,1,1,1,1,1,1,1,1,1,1,1,1,1,1
24,742,25,1,1,1,1,1,1,1,1,1,1,1,1,1,1,1,1,1,1,1,1
24,743,25,1,1,1,1,1,1,1,1,1,1,1,1,1,1,1,1,1,1,1,1
24,744,25,1,1,1,1,1,1,1,1,1,1,1,1,1,1,1,1,1,1,1,1
24,745,25,1,1,1,1,1,1,1,1,1,1,1,1,1,1,1,1,1,1,1,1
24,746,25,1,1,1,1,1,1,1,1,1,1,1,1,1,1,1,1,1,1,1,1
24,747,25,1,1,1,1,1,1,1,1,1,1,1,1,1,1,1,1,1,1,1,1
24,748,26,7,7,7,7,7,7,7,7,7,7,7,7,7,7,7,7,7,7,7,7
24,749,26,7,7,7,7,7,7,7,7,7,7,7,7,7,7,7,7,7,7,7,7
24,750,26,7,7,7,7,7,7,7,7,7,7,7,7,7,7,7,7,7,7,7,7
24,751,26,7,7,7,7,7,7,7,7,7,7,7,7,7,7,7,7,7,7,7,7
24,752,26,7,7,7,7,7,7,7,7,7,7,7,7,7,7,7,7,7,7,7,7
24,753,26,7,7,7,7,7,7,7,7,7,7,7,7,7,7,7,7,7,7,7,7
24,754,26,7,7,7,7,7,7,7,7,7,7,7,7,7,7,7,7,7,7,7,7
24,755,26,7,7,7,7,7,7,7,7,7,7,7,7,7,7,7,7,7,7,7,7
24,756,26,7,7,7,7,7,7,7,7,7,7,7,7,7,7,7,7,7,7,7,7
24,757,27,4,2,2,2,2,2,2,2,2,4,2,2,2,2,2,2,2,2,2,2
24,758,27,4,2,2,2,2,2,2,2,2,4,2,2,2,2,2,2,2,2,2,2
24,759,27,4,2,2,2,2,2,2,2,2,4,2,2,2,2,2,2,2,2,2,2
24,760,27,4,2,2,2,2,2,2,2,2,4,2,2,2,2,2,2,2,2,2,2
24,761,27,4,2,2,2,2,2,2,2,2,4,2,2,2,2,2,2,2,2,2,2
24,762,27,4,2,2,2,2,2,2,2,2,4,2,2,2,2,2,2,2,2,2,2
24,763,27,4,2,2,2,2,2,2,2,2,4,2,2,2,2,2,2,2,2,2,2
24,764,27,4,2,2,2,2,2,2,2,2,4,2,2,2,2,2,2,2,2,2,2
24,765,27,4,2,2,2,2,2,2,2,2,4,2,2,2,2,2,2,2,2,2,2
24,766,27,4,2,2,2,2,2,2,2,2,4,2,2,2,2,2,2,2,2,2,2
24,767,27,4,2,2,2,2,2,2,2,2,4,2,2,2,2,2,2,2,2,2,2
24,768,27,4,2,2,2,2,2,2,2,2,4,2,2,2,2,2,2,2,2,2,2
24,769,27,4,2,2,2,2,2,2,2,2,4,2,2,2,2,2,2,2,2,2,2
24,770,27,4,2,2,2,2,2,2,2,2,4,2,2,2,2,2,2,2,2,2,2
24,771,27,4,2,2,2,2,2,2,2,2,4,2,2,2,2,2,2,2,2,2,2
24,772,27,4,2,2,2,2,2,2,2,2,4,2,2,2,2,2,2,2,2,2,2
24,773,28,6,6,6,6,6,6,6,6,6,6,6,6,6,6,6,6,6,6,6,6
24,774,28,6,6,6,6,6,6,6,6,6,6,6,6,6,6,6,6,6,6,6,6
24,775,28,6,6,6,6,6,6,6,6,6,6,6,6,6,6,6,6,6,6,6,6
24,776,28,6,6,6,6,6,6,6,6,6,6,6,6,6,6,6,6,6,6,6,6
24,777,28,6,6,6,6,6,6,6,6,6,6,6,6,6,6,6,6,6,6,6,6
24,778,28,6,6,6,6,6,6,6,6,6,6,6,6,6,6,6,6,6,6,6,6
24,779,28,6,6,6,6,6,6,6,6,6,6,6,6,6,6,6,6,6,6,6,6
24,780,28,6,6,6,6,6,6,6,6,6,6,6,6,6,6,6,6,6,6,6,6
24,781,28,6,6,6,6,6,6,6,6,6,6,6,6,6,6,6,6,6,6,6,6
24,782,28,6,6,6,6,6,6,6,6,6,6,6,6,6,6,6,6,6,6,6,6
24,783,28,6,6,6,6,6,6,6,6,6,6,6,6,6,6,6,6,6,6,6,6
24,784,28,6,6,6,6,6,6,6,6,6,6,6,6,6,6,6,6,6,6,6,6
24,785,28,6,6,6,6,6,6,6,6,6,6,6,6,6,6,6,6,6,6,6,6
24,786,28,6,6,6,6,6,6,6,6,6,6,6,6,6,6,6,6,6,6,6,6
24,787,28,6,6,6,6,6,6,6,6,6,6,6,6,6,6,6,6,6,6,6,6
24,788,28,6,6,6,6,6,6,6,6,6,6,6,6,6,6,6,6,6,6,6,6
24,789,28,6,6,6,6,6,6,6,6,6,6,6,6,6,6,6,6,6,6,6,6
24,790,28,6,6,6,6,6,6,6,6,6,6,6,6,6,6,6,6,6,6,6,6
24,791,28,6,6,6,6,6,6,6,6,6,6,6,6,6,6,6,6,6,6,6,6
24,792,28,6,6,6,6,6,6,6,6,6,6,6,6,6,6,6,6,6,6,6,6
24,793,28,6,6,6,6,6,6,6,6,6,6,6,6,6,6,6,6,6,6,6,6
24,794,28,6,6,6,6,6,6,6,6,6,6,6,6,6,6,6,6,6,6,6,6
24,795,28,6,6,6,6,6,6,6,6,6,6,6,6,6,6,6,6,6,6,6,6
24,796,28,6,6,6,6,6,6,6,6,6,6,6,6,6,6,6,6,6,6,6,6
24,797,28,6,6,6,6,6,6,6,6,6,6,6,6,6,6,6,6,6,6,6,6
24,798,28,5,5,5,5,5,5,5,5,5,5,6,6,6,6,6,6,6,6,6,6
24,799,28,6,6,6,6,6,6,6,6,6,6,6,6,6,6,6,6,6,6,6,6
24,800,28,6,6,6,6,6,6,6,6,6,6,6,6,6,6,6,6,6,6,6,6
24,801,28,6,6,6,6,6,6,6,6,6,6,6,6,6,6,6,6,6,6,6,6
24,802,28,6,6,6,6,6,6,6,6,6,6,6,6,6,6,6,6,6,6,6,6
24,803,28,6,6,6,6,6,6,6,6,6,6,6,6,6,6,6,6,6,6,6,6
24,804,28,6,6,6,6,6,6,6,6,6,6,6,6,6,6,6,6,6,6,6,6
24,805,28,6,6,6,6,6,6,6,6,6,6,6,6,6,6,6,6,6,6,6,6
24,806,28,6,6,6,6,6,6,6,6,6,6,6,6,6,6,6,6,6,6,6,6
24,807,28,6,6,6,6,6,6,6,6,6,6,6,6,6,6,6,6,6,6,6,6
24,808,28,6,6,6,6,6,6,6,6,6,6,6,6,6,6,6,6,6,6,6,6
24,809,28,6,6,6,6,6,6,6,6,6,6,6,6,6,6,6,6,6,6,6,6
24,810,28,6,6,6,6,6,6,6,6,6,6,6,6,6,6,6,6,6,6,6,6
24,811,28,6,6,6,6,6,6,6,6,6,6,6,6,6,6,6,6,6,6,6,6
24,812,28,6,6,6,6,6,6,6,6,6,6,6,6,6,6,6,6,6,6,6,6
24,813,28,6,6,6,6,6,6,6,6,6,6,6,6,6,6,6,6,6,6,6,6
24,814,28,6,6,6,6,6,6,6,6,6,6,6,6,6,6,6,6,6,6,6,6
24,815,28,6,6,6,6,6,6,6,6,6,6,6,6,6,6,6,6,6,6,6,6
24,816,28,6,6,6,6,6,6,6,6,6,6,6,6,6,6,6,6,6,6,6,6
24,817,28,6,6,6,6,6,6,6,6,6,6,6,6,6,6,6,6,6,6,6,6
24,818,28,6,6,6,6,6,6,6,6,6,6,6,6,6,6,6,6,6,6,6,6
24,819,28,6,6,6,6,6,6,6,6,6,6,6,6,6,6,6,6,6,6,6,6
24,820,28,6,6,6,6,6,6,6,6,6,6,6,6,6,6,6,6,6,6,6,6
24,821,28,6,6,6,6,6,6,6,6,6,6,6,6,6,6,6,6,6,6,6,6
24,822,28,6,6,6,6,6,6,6,6,6,6,6,6,6,6,6,6,6,6,6,6
24,823,28,6,6,6,6,6,6,6,6,6,6,6,6,6,6,6,6,6,6,6,6
24,824,28,6,6,6,6,6,6,6,6,6,6,6,6,6,6,6,6,6,6,6,6
24,825,28,6,6,6,6,6,6,6,6,6,6,6,6,6,6,6,6,6,6,6,6
24,826,28,6,6,6,6,6,6,6,6,6,6,6,6,6,6,6,6,6,6,6,6
24,827,28,6,6,6,6,6,6,6,6,6,6,6,6,6,6,6,6,6,6,6,6
24,828,28,6,6,6,6,6,6,6,6,6,6,6,6,6,6,6,6,6,6,6,6
24,829,28,6,6,6,6,6,6,6,6,6,6,6,6,6,6,6,6,6,6,6,6
24,830,28,6,6,6,6,6,6,6,6,6,6,6,6,6,6,6,6,6,6,6,6
24,831,28,6,6,6,6,6,6,6,6,6,6,6,6,6,6,6,6,6,6,6,6
24,832,28,6,6,6,6,6,6,6,6,6,6,6,6,6,6,6,6,6,6,6,6
24,833,28,6,6,6,6,6,6,6,6,6,6,6,6,6,6,6,6,6,6,6,6
24,834,28,6,6,6,6,6,6,6,6,6,6,6,6,6,6,6,6,6,6,6,6
24,835,28,6,6,6,6,6,6,6,6,6,6,6,6,6,6,6,6,6,6,6,6
24,836,28,6,6,6,6,6,6,6,6,6,6,6,6,6,6,6,6,6,6,6,6
24,837,28,6,6,6,6,6,6,6,6,6,6,6,6,6,6,6,6,6,6,6,6
24,838,28,6,6,6,6,6,6,6,6,6,6,6,6,6,6,6,6,6,6,6,6
24,839,28,6,6,6,6,6,6,6,6,6,6,6,6,6,6,6,6,6,6,6,6
24,840,28,6,6,6,6,6,6,6,6,6,6,6,6,6,6,6,6,6,6,6,6
24,841,28,6,6,6,6,6,6,6,6,6,6,6,6,6,6,6,6,6,6,6,6
24,842,28,6,6,6,6,6,6,6,6,6,6,6,6,6,6,6,6,6,6,6,6
24,843,28,6,6,6,6,6,6,6,6,6,6,6,6,6,6,6,6,6,6,6,6
24,844,28,6,6,6,6,6,6,6,6,6,6,6,6,6,6,6,6,6,6,6,6
24,845,28,6,6,6,6,6,6,6,6,6,6,6,6,6,6,6,6,6,6,6,6
24,846,28,6,6,6,6,6,6,6,6,6,6,6,6,6,6,6,6,6,6,6,6
24,847,28,6,6,6,6,6,6,6,6,6,6,6,6,6,6,6,6,6,6,6,6
24,848,28,6,6,6,6,6,6,6,6,6,6,6,6,6,6,6,6,6,6,6,6
24,849,28,6,6,6,6,6,6,6,6,6,6,6,6,6,6,6,6,6,6,6,6
24,850,28,6,6,6,6,6,6,6,6,6,6,6,6,6,6,6,6,6,6,6,6
24,851,28,6,6,6,6,6,6,6,6,6,6,5,5,5,5,5,5,5,5,5,5
24,852,28,6,6,6,6,6,6,6,6,6,6,6,6,6,6,6,6,6,6,6,6
24,853,28,6,6,6,6,6,6,6,6,6,6,6,6,6,6,6,6,6,6,6,6
24,854,28,6,6,6,6,6,6,6,6,6,6,6,6,6,6,6,6,6,6,6,6
24,855,28,6,6,6,6,6,6,6,6,6,6,6,6,6,6,6,6,6,6,6,6
24,856,28,6,6,6,6,6,6,6,6,6,6,6,6,6,6,6,6,6,6,6,6
24,857,28,6,6,6,6,6,6,6,6,6,6,6,6,6,6,6,6,6,6,6,6
24,858,28,6,6,6,6,6,6,6,6,6,6,6,6,6,6,6,6,6,6,6,6
24,859,28,6,6,6,6,6,6,6,6,6,6,6,6,6,6,6,6,6,6,6,6
24,860,28,6,6,6,6,6,6,6,6,6,6,6,6,6,6,6,6,6,6,6,6
24,861,28,6,6,6,6,6,6,6,6,6,6,6,6,6,6,6,6,6,6,6,6
24,862,28,6,6,6,6,6,6,6,6,6,6,6,6,6,6,6,6,6,6,6,6
24,863,28,6,6,6,6,6,6,6,6,6,6,5,5,5,5,5,5,5,5,5,5
24,864,28,6,6,6,6,6,6,6,6,6,6,6,6,6,6,6,6,6,6,6,6
24,865,28,6,6,6,6,6,6,6,6,6,6,6,6,6,6,6,6,6,6,6,6
24,866,28,6,6,6,6,6,6,6,6,6,6,6,6,6,6,6,6,6,6,6,6
24,867,28,6,6,6,6,6,6,6,6,6,6,6,6,6,6,6,6,6,6,6,6
24,868,28,6,6,6,6,6,6,6,6,6,6,6,6,6,6,6,6,6,6,6,6
24,869,28,6,6,6,6,6,6,6,6,6,6,6,6,6,6,6,6,6,6,6,6
24,870,28,6,6,6,6,6,6,6,6,6,6,6,6,6,6,6,6,6,6,6,6
24,871,28,6,6,6,6,6,6,6,6,6,6,6,6,6,6,6,6,6,6,6,6
24,872,28,6,6,6,6,6,6,6,6,6,6,6,6,6,6,6,6,6,6,6,6
24,873,28,6,6,6,6,6,6,6,6,6,6,6,6,6,6,6,6,6,6,6,6
24,874,28,6,6,6,6,6,6,6,6,6,6,6,6,6,6,6,6,6,6,6,6
24,875,28,6,6,6,6,6,6,6,6,6,6,5,5,5,5,5,5,5,5,5,5
24,876,28,6,6,6,6,6,6,6,6,6,6,5,5,5,5,5,5,5,5,5,5
24,877,28,6,6,6,6,6,6,6,6,6,6,5,5,5,5,5,5,5,5,5,5
24,878,28,6,6,6,6,6,6,6,6,6,6,5,5,5,5,5,5,5,5,5,5
24,879,28,6,6,6,6,6,6,6,6,6,6,5,5,5,5,5,5,5,5,5,5
24,880,28,6,6,6,6,6,6,6,6,6,6,6,6,6,6,6,6,6,6,6,6
24,881,28,6,6,6,6,6,6,6,6,6,6,6,6,6,6,6,6,6,6,6,6
24,882,28,6,6,6,6,6,6,6,6,6,6,6,6,6,6,6,6,6,6,6,6
24,883,28,6,6,6,6,6,6,6,6,6,6,6,6,6,6,6,6,6,6,6,6
24,884,28,6,6,6,6,6,6,6,6,6,6,6,6,6,6,6,6,6,6,6,6
24,885,28,5,5,5,5,5,5,5,5,5,5,6,6,6,6,6,6,6,6,6,6
24,886,28,5,5,5,5,5,5,5,5,5,5,6,6,6,6,6,6,6,6,6,6
24,887,28,6,6,6,6,6,6,6,6,6,6,6,6,6,6,6,6,6,6,6,6
24,888,28,6,6,6,6,6,6,6,6,6,6,6,6,6,6,6,6,6,6,6,6
24,889,28,6,6,6,6,6,6,6,6,6,6,6,6,6,6,6,6,6,6,6,6
24,890,28,6,6,6,6,6,6,6,6,6,6,6,6,6,6,6,6,6,6,6,6
24,891,28,6,6,6,6,6,6,6,6,6,6,6,6,6,6,6,6,6,6,6,6
24,892,28,6,6,6,6,6,6,6,6,6,6,6,6,6,6,6,6,6,6,6,6
24,893,28,6,6,6,6,6,6,6,6,6,6,6,6,6,6,6,6,6,6,6,6
24,894,28,6,6,6,6,6,6,6,6,6,6,6,6,6,6,6,6,6,6,6,6
24,895,28,6,6,6,6,6,6,6,6,6,6,6,6,6,6,6,6,6,6,6,6
24,896,28,6,6,6,6,6,6,6,6,6,6,5,5,5,5,5,5,5,5,5,5
24,897,28,6,6,6,6,6,6,6,6,6,6,5,5,5,5,5,5,5,5,5,5
24,898,28,6,6,6,6,6,6,6,6,6,6,5,5,5,5,5,5,5,5,5,5
24,899,28,6,6,6,6,6,6,6,6,6,6,5,5,5,5,5,5,5,5,5,5
24,900,28,6,6,6,6,6,6,6,6,6,6,5,5,5,5,5,5,5,5,5,5
24,901,28,6,6,6,6,6,6,6,6,6,6,5,5,5,5,5,5,5,5,5,5
24,902,28,6,6,6,6,6,6,6,6,6,6,5,5,5,5,5,5,5,5,5,5
24,903,28,6,6,6,6,6,6,6,6,6,6,6,6,6,6,6,6,6,6,6,6
24,904,28,6,6,6,6,6,6,6,6,6,6,6,6,6,6,6,6,6,6,6,6
24,905,28,6,6,6,6,6,6,6,6,6,6,6,6,6,6,6,6,6,6,6,6
24,906,28,6,6,6,6,6,6,6,6,6,6,6,6,6,6,6,6,6,6,6,6
24,907,28,6,6,6,6,6,6,6,6,6,6,6,6,6,6,6,6,6,6,6,6
24,908,28,6,6,6,6,6,6,6,6,6,6,6,6,6,6,6,6,6,6,6,6
24,909,28,6,6,6,6,6,6,6,6,6,6,6,6,6,6,6,6,6,6,6,6
24,910,28,6,6,6,6,6,6,6,6,6,6,6,6,6,6,6,6,6,6,6,6
24,911,28,6,6,6,6,6,6,6,6,6,6,6,6,6,6,6,6,6,6,6,6
24,912,28,5,5,5,5,5,5,5,5,5,5,6,6,6,6,6,6,6,6,6,6
24,913,28,5,5,5,5,5,5,5,5,5,5,6,6,6,6,6,6,6,6,6,6
24,914,28,5,5,5,5,5,5,5,5,5,5,6,6,6,6,6,6,6,6,6,6
24,915,28,6,6,6,6,6,6,6,6,6,6,6,6,6,6,6,6,6,6,6,6
24,916,28,6,6,6,6,6,6,6,6,6,6,6,6,6,6,6,6,6,6,6,6
24,917,28,6,6,6,6,6,6,6,6,6,6,6,6,6,6,6,6,6,6,6,6
24,918,28,6,6,6,6,6,6,6,6,6,6,6,6,6,6,6,6,6,6,6,6
24,919,28,6,6,6,6,6,6,6,6,6,6,5,5,5,5,5,5,5,5,5,5
24,920,28,6,6,6,6,6,6,6,6,6,6,5,5,5,5,5,5,5,5,5,5
24,921,28,6,6,6,6,6,6,6,6,6,6,5,5,5,5,5,5,5,5,5,5
24,922,28,5,5,5,5,5,5,5,5,5,5,5,5,5,5,5,5,5,5,5,5
24,923,28,5,5,5,5,5,5,5,5,5,5,5,5,5,5,5,5,5,5,5,5
24,924,28,5,5,5,5,5,5,5,5,5,5,5,5,5,5,5,5,5,5,5,5
24,925,28,6,6,6,6,6,6,6,6,6,6,5,5,5,5,5,5,5,5,5,5
24,926,28,6,6,6,6,6,6,6,6,6,6,5,5,5,5,5,5,5,5,5,5
24,927,28,6,6,6,6,6,6,6,6,6,6,5,5,5,5,5,5,5,5,5,5
24,928,28,6,6,6,6,6,6,6,6,6,6,6,6,6,6,6,6,6,6,6,6
24,929,28,5,5,5,5,5,5,5,5,5,5,6,6,6,6,6,6,6,6,6,6
24,930,28,5,5,5,5,5,5,5,5,5,5,6,6,6,6,6,6,6,6,6,6
24,931,28,6,6,6,6,6,6,6,6,6,6,5,5,5,5,5,5,5,5,5,5
24,932,28,6,6,6,6,6,6,6,6,6,6,5,5,5,5,5,5,5,5,5,5
24,933,28,5,5,5,5,5,5,5,5,5,5,5,5,5,5,5,5,5,5,5,5
24,934,28,5,5,5,5,5,5,5,5,5,5,5,5,5,5,5,5,5,5,5,5
24,935,28,5,5,5,5,5,5,5,5,5,5,5,5,5,5,5,5,5,5,5,5
24,936,28,5,5,5,5,5,5,5,5,5,5,5,5,5,5,5,5,5,5,5,5
24,937,28,5,5,5,5,5,5,5,5,5,5,5,5,5,5,5,5,5,5,5,5
24,938,28,5,5,5,5,5,5,5,5,5,5,5,5,5,5,5,5,5,5,5,5
24,939,28,5,5,5,5,5,5,5,5,5,5,5,5,5,5,5,5,5,5,5,5
24,940,28,5,5,5,5,5,5,5,5,5,5,5,5,5,5,5,5,5,5,5,5
24,941,28,5,5,5,5,5,5,5,5,5,5,5,5,5,5,5,5,5,5,5,5
24,942,28,5,5,5,5,5,5,5,5,5,5,5,5,5,5,5,5,5,5,5,5
24,943,28,5,5,5,5,5,5,5,5,5,5,5,5,5,5,5,5,5,5,5,5
24,944,28,5,5,5,5,5,5,5,5,5,5,5,5,5,5,5,5,5,5,5,5
24,945,28,5,5,5,5,5,5,5,5,5,5,5,5,5,5,5,5,5,5,5,5
24,946,28,5,5,5,5,5,5,5,5,5,5,5,5,5,5,5,5,5,5,5,5
24,947,28,5,5,5,5,5,5,5,5,5,5,5,5,5,5,5,5,5,5,5,5
24,948,28,5,5,5,5,5,5,5,5,5,5,5,5,5,5,5,5,5,5,5,5
24,949,28,5,5,5,5,5,5,5,5,5,5,5,5,5,5,5,5,5,5,5,5
24,950,28,5,5,5,5,5,5,5,5,5,5,5,5,5,5,5,5,5,5,5,5
24,951,28,6,6,6,6,6,6,6,6,6,6,5,5,5,5,5,5,5,5,5,5
24,952,28,5,5,5,5,5,5,5,5,5,5,5,5,5,5,5,5,5,5,5,5
24,953,28,5,5,5,5,5,5,5,5,5,5,5,5,5,5,5,5,5,5,5,5
24,954,28,5,5,5,5,5,5,5,5,5,5,5,5,5,5,5,5,5,5,5,5
24,955,28,5,5,5,5,5,5,5,5,5,5,5,5,5,5,5,5,5,5,5,5
24,956,28,5,5,5,5,5,5,5,5,5,5,5,5,5,5,5,5,5,5,5,5
24,957,28,5,5,5,5,5,5,5,5,5,5,5,5,5,5,5,5,5,5,5,5
24,958,28,5,5,5,5,5,5,5,5,5,5,5,5,5,5,5,5,5,5,5,5
24,959,28,5,5,5,5,5,5,5,5,5,5,5,5,5,5,5,5,5,5,5,5
24,960,28,5,5,5,5,5,5,5,5,5,5,5,5,5,5,5,5,5,5,5,5
24,961,28,5,5,5,5,5,5,5,5,5,5,5,5,5,5,5,5,5,5,5,5
24,962,28,5,5,5,5,5,5,5,5,5,5,5,5,5,5,5,5,5,5,5,5
24,963,28,5,5,5,5,5,5,5,5,5,5,5,5,5,5,5,5,5,5,5,5
24,964,28,5,5,5,5,5,5,5,5,5,5,5,5,5,5,5,5,5,5,5,5
24,965,28,5,5,5,5,5,5,5,5,5,5,5,5,5,5,5,5,5,5,5,5
24,966,28,5,5,5,5,5,5,5,5,5,5,5,5,5,5,5,5,5,5,5,5
24,967,28,5,5,5,5,5,5,5,5,5,5,5,5,5,5,5,5,5,5,5,5
24,968,28,5,5,5,5,5,5,5,5,5,5,5,5,5,5,5,5,5,5,5,5
24,969,28,5,5,5,5,5,5,5,5,5,5,5,5,5,5,5,5,5,5,5,5
24,970,28,5,5,5,5,5,5,5,5,5,5,5,5,5,5,5,5,5,5,5,5
24,971,28,5,5,5,5,5,5,5,5,5,5,5,5,5,5,5,5,5,5,5,5
24,973,28,5,5,5,5,5,5,5,5,5,5,5,5,5,5,5,5,5,5,5,5
24,974,28,5,5,5,5,5,5,5,5,5,5,5,5,5,5,5,5,5,5,5,5
24,975,28,5,5,5,5,5,5,5,5,5,5,5,5,5,5,5,5,5,5,5,5
24,976,28,5,5,5,5,5,5,5,5,5,5,5,5,5,5,5,5,5,5,5,5
24,977,28,5,5,5,5,5,5,5,5,5,5,5,5,5,5,5,5,5,5,5,5
24,978,28,5,5,5,5,5,5,5,5,5,5,5,5,5,5,5,5,5,5,5,5
24,979,28,5,5,5,5,5,5,5,5,5,5,5,5,5,5,5,5,5,5,5,5
24,980,28,5,5,5,5,5,5,5,5,5,5,5,5,5,5,5,5,5,5,5,5
24,981,28,5,5,5,5,5,5,5,5,5,5,5,5,5,5,5,5,5,5,5,5
24,982,28,5,5,5,5,5,5,5,5,5,5,6,6,6,6,6,6,6,6,6,6
24,983,28,5,5,5,5,5,5,5,5,5,5,6,6,6,6,6,6,6,6,6,6
24,984,28,5,5,5,5,5,5,5,5,5,5,6,6,6,6,6,6,6,6,6,6
24,985,28,6,6,6,6,6,6,6,6,6,6,6,6,6,6,6,6,6,6,6,6
24,986,28,6,6,6,6,6,6,6,6,6,6,6,6,6,6,6,6,6,6,6,6
24,987,28,6,6,6,6,6,6,6,6,6,6,6,6,6,6,6,6,6,6,6,6
24,988,28,6,6,6,6,6,6,6,6,6,6,5,5,5,5,5,5,5,5,5,5
24,989,28,6,6,6,6,6,6,6,6,6,6,5,5,5,5,5,5,5,5,5,5
24,990,28,6,6,6,6,6,6,6,6,6,6,5,5,5,5,5,5,5,5,5,5
24,991,28,6,6,6,6,6,6,6,6,6,6,5,5,5,5,5,5,5,5,5,5
24,992,28,6,6,6,6,6,6,6,6,6,6,5,5,5,5,5,5,5,5,5,5
24,993,28,6,6,6,6,6,6,6,6,6,6,5,5,5,5,5,5,5,5,5,5
24,994,28,6,6,6,6,6,6,6,6,6,6,5,5,5,5,5,5,5,5,5,5
24,995,28,6,6,6,6,6,6,6,6,6,6,5,5,5,5,5,5,5,5,5,5
24,996,28,6,6,6,6,6,6,6,6,6,6,5,5,5,5,5,5,5,5,5,5
24,997,28,6,6,6,6,6,6,6,6,6,6,6,6,6,6,6,6,6,6,6,6
24,998,28,6,6,6,6,6,6,6,6,6,6,6,6,6,6,6,6,6,6,6,6
24,999,28,6,6,6,6,6,6,6,6,6,6,6,6,6,6,6,6,6,6,6,6
24,1000,28,5,5,5,5,5,5,5,5,5,5,6,6,6,6,6,6,6,6,6,6
24,1001,28,5,5,5,5,5,5,5,5,5,5,6,6,6,6,6,6,6,6,6,6
24,1002,28,5,5,5,5,5,5,5,5,5,5,6,6,6,6,6,6,6,6,6,6
24,1003,28,5,5,5,5,5,5,5,5,5,5,6,6,6,6,6,6,6,6,6,6
24,1004,28,6,6,6,6,6,6,6,6,6,6,6,6,6,6,6,6,6,6,6,6
24,1005,28,6,6,6,6,6,6,6,6,6,6,6,6,6,6,6,6,6,6,6,6
24,1006,28,6,6,6,6,6,6,6,6,6,6,5,5,5,5,5,5,5,5,5,5
24,1007,28,6,6,6,6,6,6,6,6,6,6,5,5,5,5,5,5,5,5,5,5
24,1008,28,6,6,6,6,6,6,6,6,6,6,5,5,5,5,5,5,5,5,5,5
24,1009,28,6,6,6,6,6,6,6,6,6,6,5,5,5,5,5,5,5,5,5,5
24,1010,28,6,6,6,6,6,6,6,6,6,6,5,5,5,5,5,5,5,5,5,5
24,1011,28,6,6,6,6,6,6,6,6,6,6,5,5,5,5,5,5,5,5,5,5
24,1012,28,6,6,6,6,6,6,6,6,6,6,5,5,5,5,5,5,5,5,5,5
24,1013,28,6,6,6,6,6,6,6,6,6,6,5,5,5,5,5,5,5,5,5,5
24,1014,28,6,6,6,6,6,6,6,6,6,6,5,5,5,5,5,5,5,5,5,5
24,1015,28,6,6,6,6,6,6,6,6,6,6,5,5,5,5,5,5,5,5,5,5
24,1016,28,6,6,6,6,6,6,6,6,6,6,5,5,5,5,5,5,5,5,5,5
24,1017,28,6,6,6,6,6,6,6,6,6,6,5,5,5,5,5,5,5,5,5,5
24,1018,28,6,6,6,6,6,6,6,6,6,6,5,5,5,5,5,5,5,5,5,5
24,1019,28,6,6,6,6,6,6,6,6,6,6,5,5,5,5,5,5,5,5,5,5
24,1020,28,6,6,6,6,6,6,6,6,6,6,5,5,5,5,5,5,5,5,5,5
24,1021,28,6,6,6,6,6,6,6,6,6,6,6,6,6,6,6,6,6,6,6,6
24,1022,28,5,5,5,5,5,5,5,5,5,5,6,6,6,6,6,6,6,6,6,6
24,1023,28,5,5,5,5,5,5,5,5,5,5,6,6,6,6,6,6,6,6,6,6
24,1024,28,6,6,6,6,6,6,6,6,6,6,5,5,5,5,5,5,5,5,5,5
24,1025,28,6,6,6,6,6,6,6,6,6,6,5,5,5,5,5,5,5,5,5,5
24,1026,28,6,6,6,6,6,6,6,6,6,6,5,5,5,5,5,5,5,5,5,5
24,1027,28,6,6,6,6,6,6,6,6,6,6,5,5,5,5,5,5,5,5,5,5
24,1028,28,6,6,6,6,6,6,6,6,6,6,5,5,5,5,5,5,5,5,5,5
24,1029,28,6,6,6,6,6,6,6,6,6,6,5,5,5,5,5,5,5,5,5,5
24,1030,28,6,6,6,6,6,6,6,6,6,6,5,5,5,5,5,5,5,5,5,5
24,1031,28,6,6,6,6,6,6,6,6,6,6,5,5,5,5,5,5,5,5,5,5
24,1032,28,6,6,6,6,6,6,6,6,6,6,5,5,5,5,5,5,5,5,5,5
24,1033,28,6,6,6,6,6,6,6,6,6,6,5,5,5,5,5,5,5,5,5,5
24,1034,28,6,6,6,6,6,6,6,6,6,6,5,5,5,5,5,5,5,5,5,5
24,1035,28,6,6,6,6,6,6,6,6,6,6,5,5,5,5,5,5,5,5,5,5
24,1036,28,6,6,6,6,6,6,6,6,6,6,5,5,5,5,5,5,5,5,5,5
24,1037,28,6,6,6,6,6,6,6,6,6,6,6,6,6,6,6,6,6,6,6,6
24,1038,28,6,6,6,6,6,6,6,6,6,6,5,5,5,5,5,5,5,5,5,5
24,1039,28,5,5,5,5,5,5,5,5,5,5,6,6,6,6,6,6,6,6,6,6
24,1040,28,6,6,6,6,6,6,6,6,6,6,6,6,6,6,6,6,6,6,6,6
24,1041,28,6,6,6,6,6,6,6,6,6,6,6,6,6,6,6,6,6,6,6,6
24,1042,28,6,6,6,6,6,6,6,6,6,6,6,6,6,6,6,6,6,6,6,6
24,1043,28,6,6,6,6,6,6,6,6,6,6,5,5,5,5,5,5,5,5,5,5
24,1044,28,6,6,6,6,6,6,6,6,6,6,5,5,5,5,5,5,5,5,5,5
24,1045,28,5,5,5,5,5,5,5,5,5,5,5,5,5,5,5,5,5,5,5,5
24,1046,28,5,5,5,5,5,5,5,5,5,5,5,5,5,5,5,5,5,5,5,5
24,1047,28,5,5,5,5,5,5,5,5,5,5,5,5,5,5,5,5,5,5,5,5
24,1048,28,5,5,5,5,5,5,5,5,5,5,5,5,5,5,5,5,5,5,5,5
24,1049,28,5,5,5,5,5,5,5,5,5,5,5,5,5,5,5,5,5,5,5,5
24,1050,28,5,5,5,5,5,5,5,5,5,5,5,5,5,5,5,5,5,5,5,5
24,1051,28,5,5,5,5,5,5,5,5,5,5,5,5,5,5,5,5,5,5,5,5
24,1052,28,5,5,5,5,5,5,5,5,5,5,5,5,5,5,5,5,5,5,5,5
24,1053,28,5,5,5,5,5,5,5,5,5,5,5,5,5,5,5,5,5,5,5,5
24,1054,28,5,5,5,5,5,5,5,5,5,5,5,5,5,5,5,5,5,5,5,5
24,1055,28,5,5,5,5,5,5,5,5,5,5,5,5,5,5,5,5,5,5,5,5
24,1056,28,5,5,5,5,5,5,5,5,5,5,5,5,5,5,5,5,5,5,5,5
24,1057,28,5,5,5,5,5,5,5,5,5,5,5,5,5,5,5,5,5,5,5,5
24,1058,28,5,5,5,5,5,5,5,5,5,5,5,5,5,5,5,5,5,5,5,5
24,1059,28,5,5,5,5,5,5,5,5,5,5,5,5,5,5,5,5,5,5,5,5
24,1060,28,5,5,5,5,5,5,5,5,5,5,5,5,5,5,5,5,5,5,5,5
24,1061,28,5,5,5,5,5,5,5,5,5,5,5,5,5,5,5,5,5,5,5,5
24,1062,28,5,5,5,5,5,5,5,5,5,5,5,5,5,5,5,5,5,5,5,5
24,1063,28,5,5,5,5,5,5,5,5,5,5,5,5,5,5,5,5,5,5,5,5
24,1064,28,5,5,5,5,5,5,5,5,5,5,5,5,5,5,5,5,5,5,5,5
24,1065,28,5,5,5,5,5,5,5,5,5,5,5,5,5,5,5,5,5,5,5,5
24,1066,28,5,5,5,5,5,5,5,5,5,5,5,5,5,5,5,5,5,5,5,5
24,1067,28,5,5,5,5,5,5,5,5,5,5,5,5,5,5,5,5,5,5,5,5
24,1068,28,5,5,5,5,5,5,5,5,5,5,5,5,5,5,5,5,5,5,5,5
24,1069,28,5,5,5,5,5,5,5,5,5,5,5,5,5,5,5,5,5,5,5,5
24,1070,28,5,5,5,5,5,5,5,5,5,5,5,5,5,5,5,5,5,5,5,5
24,1071,28,5,5,5,5,5,5,5,5,5,5,5,5,5,5,5,5,5,5,5,5
24,1072,28,5,5,5,5,5,5,5,5,5,5,5,5,5,5,5,5,5,5,5,5
24,1073,28,5,5,5,5,5,5,5,5,5,5,5,5,5,5,5,5,5,5,5,5
24,1074,28,5,5,5,5,5,5,5,5,5,5,5,5,5,5,5,5,5,5,5,5
24,1075,28,5,5,5,5,5,5,5,5,5,5,5,5,5,5,5,5,5,5,5,5
24,1076,28,6,6,6,6,6,6,6,6,6,6,6,6,6,6,6,6,6,6,6,6
24,1077,28,6,6,6,6,6,6,6,6,6,6,6,6,6,6,6,6,6,6,6,6
24,1078,28,6,6,6,6,6,6,6,6,6,6,6,6,6,6,6,6,6,6,6,6
24,1079,28,6,6,6,6,6,6,6,6,6,6,6,6,6,6,6,6,6,6,6,6
24,1080,28,6,6,6,6,6,6,6,6,6,6,6,6,6,6,6,6,6,6,6,6
24,1081,28,6,6,6,6,6,6,6,6,6,6,6,6,6,6,6,6,6,6,6,6
24,1082,28,6,6,6,6,6,6,6,6,6,6,6,6,6,6,6,6,6,6,6,6
24,1083,28,6,6,6,6,6,6,6,6,6,6,6,6,6,6,6,6,6,6,6,6
24,1084,28,6,6,6,6,6,6,6,6,6,6,6,6,6,6,6,6,6,6,6,6
24,1085,28,6,6,6,6,6,6,6,6,6,6,6,6,6,6,6,6,6,6,6,6
24,1086,28,6,6,6,6,6,6,6,6,6,6,6,6,6,6,6,6,6,6,6,6
24,1087,28,6,6,6,6,6,6,6,6,6,6,6,6,6,6,6,6,6,6,6,6
24,1088,28,6,6,6,6,6,6,6,6,6,6,6,6,6,6,6,6,6,6,6,6
24,1089,28,6,6,6,6,6,6,6,6,6,6,6,6,6,6,6,6,6,6,6,6
24,1090,28,6,6,6,6,6,6,6,6,6,6,6,6,6,6,6,6,6,6,6,6
24,1091,28,6,6,6,6,6,6,6,6,6,6,6,6,6,6,6,6,6,6,6,6
24,1092,28,6,6,6,6,6,6,6,6,6,6,6,6,6,6,6,6,6,6,6,6
24,1093,28,6,6,6,6,6,6,6,6,6,6,6,6,6,6,6,6,6,6,6,6
24,1094,28,6,6,6,6,6,6,6,6,6,6,6,6,6,6,6,6,6,6,6,6
24,1095,28,6,6,6,6,6,6,6,6,6,6,6,6,6,6,6,6,6,6,6,6
24,1096,28,6,6,6,6,6,6,6,6,6,6,6,6,6,6,6,6,6,6,6,6
24,1097,28,6,6,6,6,6,6,6,6,6,6,6,6,6,6,6,6,6,6,6,6
24,1098,28,6,6,6,6,6,6,6,6,6,6,6,6,6,6,6,6,6,6,6,6
24,1099,28,6,6,6,6,6,6,6,6,6,6,6,6,6,6,6,6,6,6,6,6
24,1100,28,6,6,6,6,6,6,6,6,6,6,6,6,6,6,6,6,6,6,6,6
24,1101,28,6,6,6,6,6,6,6,6,6,6,6,6,6,6,6,6,6,6,6,6
24,1102,28,6,6,6,6,6,6,6,6,6,6,6,6,6,6,6,6,6,6,6,6
24,1103,28,6,6,6,6,6,6,6,6,6,6,6,6,6,6,6,6,6,6,6,6
24,1104,28,6,6,6,6,6,6,6,6,6,6,6,6,6,6,6,6,6,6,6,6
24,1105,28,6,6,6,6,6,6,6,6,6,6,6,6,6,6,6,6,6,6,6,6
24,1106,28,5,5,5,5,5,5,5,5,5,5,6,6,6,6,6,6,6,6,6,6
24,1108,28,5,5,5,5,5,5,5,5,5,5,5,5,5,5,5,5,5,5,5,5
24,1109,28,5,5,5,5,5,5,5,5,5,5,5,5,5,5,5,5,5,5,5,5
24,1110,28,5,5,5,5,5,5,5,5,5,5,5,5,5,5,5,5,5,5,5,5
24,1111,28,5,5,5,5,5,5,5,5,5,5,5,5,5,5,5,5,5,5,5,5
24,1112,28,5,5,5,5,5,5,5,5,5,5,5,5,5,5,5,5,5,5,5,5
24,1113,28,5,5,5,5,5,5,5,5,5,5,5,5,5,5,5,5,5,5,5,5
24,1114,28,5,5,5,5,5,5,5,5,5,5,5,5,5,5,5,5,5,5,5,5
24,1115,28,5,5,5,5,5,5,5,5,5,5,6,6,6,6,6,6,6,6,6,6
24,1116,28,5,5,5,5,5,5,5,5,5,5,6,6,6,6,6,6,6,6,6,6
24,1117,28,5,5,5,5,5,5,5,5,5,5,6,6,6,6,6,6,6,6,6,6
24,1118,28,5,5,5,5,5,5,5,5,5,5,6,6,6,6,6,6,6,6,6,6
24,1119,28,5,5,5,5,5,5,5,5,5,5,6,6,6,6,6,6,6,6,6,6
24,1120,28,5,5,5,5,5,5,5,5,5,5,6,6,6,6,6,6,6,6,6,6
24,1121,28,5,5,5,5,5,5,5,5,5,5,6,6,6,6,6,6,6,6,6,6
24,1122,28,5,5,5,5,5,5,5,5,5,5,6,6,6,6,6,6,6,6,6,6
24,1123,28,5,5,5,5,5,5,5,5,5,5,6,6,6,6,6,6,6,6,6,6
24,1124,28,5,5,5,5,5,5,5,5,5,5,5,5,5,5,5,5,5,5,5,5
24,1125,28,5,5,5,5,5,5,5,5,5,5,5,5,5,5,5,5,5,5,5,5
24,1126,28,5,5,5,5,5,5,5,5,5,5,5,5,5,5,5,5,5,5,5,5
24,1127,28,5,5,5,5,5,5,5,5,5,5,5,5,5,5,5,5,5,5,5,5
24,1128,29,7,7,7,7,7,7,7,7,7,7,7,7,7,7,7,7,7,7,7,7
24,1129,29,7,7,7,7,7,7,7,7,7,7,7,7,7,7,7,7,7,7,7,7
24,1130,29,7,7,7,7,7,7,7,7,7,7,7,7,7,7,7,7,7,7,7,7
24,1131,29,7,7,7,7,7,7,7,7,7,7,7,7,7,7,7,7,7,7,7,7
24,1132,29,7,7,7,7,7,7,7,7,7,7,7,7,7,7,7,7,7,7,7,7
24,1133,29,7,7,7,7,7,7,7,7,7,7,7,7,7,7,7,7,7,7,7,7
24,1134,29,7,7,7,7,7,7,7,7,7,7,7,7,7,7,7,7,7,7,7,7
24,1135,29,7,7,7,7,7,7,7,7,7,7,7,7,7,7,7,7,7,7,7,7
24,1136,29,7,7,7,7,7,7,7,7,7,7,7,7,7,7,7,7,7,7,7,7
24,1137,29,7,7,7,7,7,7,7,7,7,7,7,7,7,7,7,7,7,7,7,7
24,1138,29,7,7,7,7,7,7,7,7,7,7,7,7,7,7,7,7,7,7,7,7
24,1139,29,7,7,7,7,7,7,7,7,7,7,7,7,7,7,7,7,7,7,7,7
24,1140,29,7,7,7,7,7,7,7,7,7,7,7,7,7,7,7,7,7,7,7,7
24,1141,29,7,7,7,7,7,7,7,7,7,7,7,7,7,7,7,7,7,7,7,7
24,1142,29,7,7,7,7,7,7,7,7,7,7,7,7,7,7,7,7,7,7,7,7
24,1143,29,7,7,7,7,7,7,7,7,7,7,7,7,7,7,7,7,7,7,7,7
24,1144,29,7,7,7,7,7,7,7,7,7,7,7,7,7,7,7,7,7,7,7,7
24,1145,29,7,7,7,7,7,7,7,7,7,7,7,7,7,7,7,7,7,7,7,7
24,1146,29,7,7,7,7,7,7,7,7,7,7,7,7,7,7,7,7,7,7,7,7
24,1147,29,7,7,7,7,7,7,7,7,7,7,7,7,7,7,7,7,7,7,7,7
24,1148,30,4,2,2,2,2,2,2,2,2,4,2,2,2,2,2,2,2,2,2,2
24,1149,30,4,2,2,2,2,2,2,2,2,4,2,2,2,2,2,2,2,2,2,2
24,1150,30,4,2,2,2,2,2,2,2,2,4,2,2,2,2,2,2,2,2,2,2
24,1151,30,4,2,2,2,2,2,2,2,2,4,2,2,2,2,2,2,2,2,2,2
24,1152,30,4,2,2,2,2,2,2,2,2,4,2,2,2,2,2,2,2,2,2,2
24,1153,30,4,2,2,2,2,2,2,2,2,4,2,2,2,2,2,2,2,2,2,2
24,1154,30,4,2,2,2,2,2,2,2,2,4,2,2,2,2,2,2,2,2,2,2
24,1155,30,4,2,2,2,2,2,2,2,2,4,2,2,2,2,2,2,2,2,2,2
24,1156,30,4,2,2,2,2,2,2,2,2,4,2,2,2,2,2,2,2,2,2,2
24,1157,30,4,2,2,2,2,2,2,2,2,4,2,2,2,2,2,2,2,2,2,2
24,1158,30,4,2,2,2,2,2,2,2,2,4,2,2,2,2,2,2,2,2,2,2
24,1159,30,4,2,2,2,2,2,2,2,2,4,2,2,2,2,2,2,2,2,2,2
24,1160,31,2,4,4,4,4,4,4,4,4,2,4,4,4,4,4,4,4,4,4,4
24,1161,31,2,4,4,4,4,4,4,4,4,2,4,4,4,4,4,4,4,4,4,4
24,1162,31,2,4,4,4,4,4,4,4,4,2,4,4,4,4,4,4,4,4,4,4
24,1163,31,2,4,4,4,4,4,4,4,4,2,4,4,4,4,4,4,4,4,4,4
24,1164,31,2,4,4,4,4,4,4,4,4,2,4,4,4,4,4,4,4,4,4,4
24,1165,31,2,4,4,4,4,4,4,4,4,2,4,4,4,4,4,4,4,4,4,4
24,1166,31,2,4,4,4,4,4,4,4,4,2,4,4,4,4,4,4,4,4,4,4
24,1167,31,2,4,4,4,4,4,4,4,4,2,4,4,4,4,4,4,4,4,4,4
24,1168,31,2,4,4,4,4,4,4,4,4,2,4,4,4,4,4,4,4,4,4,4
24,1169,31,2,4,4,4,4,4,4,4,4,2,4,4,4,4,4,4,4,4,4,4
24,1170,31,2,4,4,4,4,4,4,4,4,2,4,4,4,4,4,4,4,4,4,4
24,1171,31,2,4,4,4,4,4,4,4,4,2,4,4,4,4,4,4,4,4,4,4
24,1172,31,2,4,4,4,4,4,4,4,4,2,4,4,4,4,4,4,4,4,4,4
24,1173,31,2,4,4,4,4,4,4,4,4,2,4,4,4,4,4,4,4,4,4,4
24,1174,31,2,4,4,4,4,4,4,4,4,2,4,4,4,4,4,4,4,4,4,4
24,1175,31,2,4,4,4,4,4,4,4,4,2,4,4,4,4,4,4,4,4,4,4
24,1176,31,2,4,4,4,4,4,4,4,4,2,4,4,4,4,4,4,4,4,4,4
24,1177,31,2,4,4,4,4,4,4,4,4,2,4,4,4,4,4,4,4,4,4,4
24,1178,31,2,4,4,4,4,4,4,4,4,2,4,4,4,4,4,4,4,4,4,4
24,1179,32,4,2,2,2,2,2,2,2,2,4,2,2,2,2,2,2,2,2,2,2
24,1180,32,4,2,2,2,2,2,2,2,2,4,2,2,2,2,2,2,2,2,2,2
24,1181,32,4,2,2,2,2,2,2,2,2,4,2,2,2,2,2,2,2,2,2,2
24,1182,32,4,2,2,2,2,2,2,2,2,4,2,2,2,2,2,2,2,2,2,2
24,1183,32,4,2,2,2,2,2,2,2,2,4,2,2,2,2,2,2,2,2,2,2
24,1184,32,4,2,2,2,2,2,2,2,2,4,2,2,2,2,2,2,2,2,2,2
24,1185,32,4,2,2,2,2,2,2,2,2,4,2,2,2,2,2,2,2,2,2,2
24,1186,32,4,2,2,2,2,2,2,2,2,4,2,2,2,2,2,2,2,2,2,2
24,1187,32,4,2,2,2,2,2,2,2,2,4,2,2,2,2,2,2,2,2,2,2
24,1188,33,4,3,3,3,3,3,3,3,3,4,3,3,3,3,3,3,3,3,3,3
24,1189,33,4,3,3,3,3,3,3,3,3,4,3,3,3,3,3,3,3,3,3,3
24,1190,33,4,3,3,3,3,3,3,3,3,4,3,3,3,3,3,3,3,3,3,3
24,1191,33,4,3,3,3,3,3,3,3,3,4,3,3,3,3,3,3,3,3,3,3
24,1192,33,4,3,3,3,3,3,3,3,3,4,3,3,3,3,3,3,3,3,3,3
24,1193,33,4,3,3,3,3,3,3,3,3,4,3,3,3,3,3,3,3,3,3,3
24,1194,33,4,3,3,3,3,3,3,3,3,4,3,3,3,3,3,3,3,3,3,3
24,1195,33,4,3,3,3,3,3,3,3,3,4,3,3,3,3,3,3,3,3,3,3
24,1196,33,4,3,3,3,3,3,3,3,3,4,3,3,3,3,3,3,3,3,3,3
24,1197,33,4,3,3,3,3,3,3,3,3,4,3,3,3,3,3,3,3,3,3,3
24,1198,33,4,3,3,3,3,3,3,3,3,4,3,3,3,3,3,3,3,3,3,3
24,1199,33,4,3,3,3,3,3,3,3,3,4,3,3,3,3,3,3,3,3,3,3
24,1200,33,4,3,3,3,3,3,3,3,3,4,3,3,3,3,3,3,3,3,3,3
24,1201,33,4,3,3,3,3,3,3,3,3,4,3,3,3,3,3,3,3,3,3,3
24,1202,33,4,3,3,3,3,3,3,3,3,4,3,3,3,3,3,3,3,3,3,3
24,1203,33,4,3,3,3,3,3,3,3,3,4,3,3,3,3,3,3,3,3,3,3
24,1204,33,4,3,3,3,3,3,3,3,3,4,3,3,3,3,3,3,3,3,3,3
24,1205,33,4,3,3,3,3,3,3,3,3,4,3,3,3,3,3,3,3,3,3,3
24,1206,33,4,3,3,3,3,3,3,3,3,4,3,3,3,3,3,3,3,3,3,3
24,1207,33,4,3,3,3,3,3,3,3,3,4,3,3,3,3,3,3,3,3,3,3
24,1208,33,4,3,3,3,3,3,3,3,3,4,3,3,3,3,3,3,3,3,3,3
24,1210,33,4,3,3,3,3,3,3,3,3,4,3,3,3,3,3,3,3,3,3,3
24,1211,33,4,3,3,3,3,3,3,3,3,4,3,3,3,3,3,3,3,3,3,3
24,1212,33,4,3,3,3,3,3,3,3,3,4,3,3,3,3,3,3,3,3,3,3
24,1213,33,4,3,3,3,3,3,3,3,3,4,3,3,3,3,3,3,3,3,3,3
24,1214,33,4,3,3,3,3,3,3,3,3,4,3,3,3,3,3,3,3,3,3,3
24,1215,33,4,3,3,3,3,3,3,3,3,4,3,3,3,3,3,3,3,3,3,3
24,1216,33,4,3,3,3,3,3,3,3,3,4,3,3,3,3,3,3,3,3,3,3
24,1217,33,4,3,3,3,3,3,3,3,3,4,3,3,3,3,3,3,3,3,3,3
24,1218,33,4,3,3,3,3,3,3,3,3,4,3,3,3,3,3,3,3,3,3,3
24,1219,33,4,3,3,3,3,3,3,3,3,4,3,3,3,3,3,3,3,3,3,3
24,1220,33,4,3,3,3,3,3,3,3,3,4,3,3,3,3,3,3,3,3,3,3
24,1221,34,1,1,1,1,1,1,1,1,1,1,1,1,1,1,1,1,1,1,1,1
24,1222,34,1,1,1,1,1,1,1,1,1,1,1,1,1,1,1,1,1,1,1,1
24,1223,34,1,1,1,1,1,1,1,1,1,1,1,1,1,1,1,1,1,1,1,1
24,1224,34,1,1,1,1,1,1,1,1,1,1,1,1,1,1,1,1,1,1,1,1
24,1225,34,1,1,1,1,1,1,1,1,1,1,1,1,1,1,1,1,1,1,1,1
24,1226,34,1,1,1,1,1,1,1,1,1,1,1,1,1,1,1,1,1,1,1,1
24,1227,34,1,1,1,1,1,1,1,1,1,1,1,1,1,1,1,1,1,1,1,1
24,1228,34,1,1,1,1,1,1,1,1,1,1,1,1,1,1,1,1,1,1,1,1
24,1229,34,1,1,1,1,1,1,1,1,1,1,1,1,1,1,1,1,1,1,1,1
24,1230,34,1,1,1,1,1,1,1,1,1,1,1,1,1,1,1,1,1,1,1,1
24,1231,34,1,1,1,1,1,1,1,1,1,1,1,1,1,1,1,1,1,1,1,1
24,1232,34,1,1,1,1,1,1,1,1,1,1,1,1,1,1,1,1,1,1,1,1
24,1233,34,1,1,1,1,1,1,1,1,1,1,1,1,1,1,1,1,1,1,1,1
24,1234,34,1,1,1,1,1,1,1,1,1,1,1,1,1,1,1,1,1,1,1,1
24,1235,34,1,1,1,1,1,1,1,1,1,1,1,1,1,1,1,1,1,1,1,1
24,1236,34,1,1,1,1,1,1,1,1,1,1,1,1,1,1,1,1,1,1,1,1
24,1237,34,1,1,1,1,1,1,1,1,1,1,1,1,1,1,1,1,1,1,1,1
24,1238,34,1,1,1,1,1,1,1,1,1,1,1,1,1,1,1,1,1,1,1,1
24,1239,34,1,1,1,1,1,1,1,1,1,1,1,1,1,1,1,1,1,1,1,1
24,1240,34,1,1,1,1,1,1,1,1,1,1,1,1,1,1,1,1,1,1,1,1
24,1241,34,1,1,1,1,1,1,1,1,1,1,1,1,1,1,1,1,1,1,1,1
24,1242,35,3,3,3,3,3,3,3,3,3,3,3,3,3,3,3,3,3,3,3,3
24,1243,35,3,3,3,3,3,3,3,3,3,3,3,3,3,3,3,3,3,3,3,3
24,1244,35,3,3,3,3,3,3,3,3,3,3,3,3,3,3,3,3,3,3,3,3
24,1245,35,3,3,3,3,3,3,3,3,3,3,3,3,3,3,3,3,3,3,3,3
24,1246,35,3,3,3,3,3,3,3,3,3,3,3,3,3,3,3,3,3,3,3,3
24,1247,35,3,3,3,3,3,3,3,3,3,3,3,3,3,3,3,3,3,3,3,3
24,1248,35,3,3,3,3,3,3,3,3,3,3,3,3,3,3,3,3,3,3,3,3
24,1249,35,3,3,3,3,3,3,3,3,3,3,3,3,3,3,3,3,3,3,3,3
24,1250,35,3,3,3,3,3,3,3,3,3,3,3,3,3,3,3,3,3,3,3,3
24,1251,35,3,3,3,3,3,3,3,3,3,3,3,3,3,3,3,3,3,3,3,3
24,1252,35,3,3,3,3,3,3,3,3,3,3,3,3,3,3,3,3,3,3,3,3
24,1253,35,3,3,3,3,3,3,3,3,3,3,3,3,3,3,3,3,3,3,3,3
24,1254,35,3,3,3,3,3,3,3,3,3,3,3,3,3,3,3,3,3,3,3,3
24,1255,35,3,3,3,3,3,3,3,3,3,3,3,3,3,3,3,3,3,3,3,3
24,1256,35,3,3,3,3,3,3,3,3,3,3,3,3,3,3,3,3,3,3,3,3
24,1257,35,3,3,3,3,3,3,3,3,3,3,3,3,3,3,3,3,3,3,3,3
24,1258,35,3,3,3,3,3,3,3,3,3,3,3,3,3,3,3,3,3,3,3,3
24,1259,35,3,3,3,3,3,3,3,3,3,3,3,3,3,3,3,3,3,3,3,3
24,1260,35,3,3,3,3,3,3,3,3,3,3,3,3,3,3,3,3,3,3,3,3
24,1261,35,3,3,3,3,3,3,3,3,3,3,3,3,3,3,3,3,3,3,3,3
24,1262,35,3,3,3,3,3,3,3,3,3,3,3,3,3,3,3,3,3,3,3,3
24,1263,35,3,3,3,3,3,3,3,3,3,3,3,3,3,3,3,3,3,3,3,3
24,1264,35,3,3,3,3,3,3,3,3,3,3,3,3,3,3,3,3,3,3,3,3
24,1265,35,3,3,3,3,3,3,3,3,3,3,3,3,3,3,3,3,3,3,3,3
24,1266,35,3,3,3,3,3,3,3,3,3,3,3,3,3,3,3,3,3,3,3,3
24,1267,35,3,3,3,3,3,3,3,3,3,3,3,3,3,3,3,3,3,3,3,3
24,1268,35,3,3,3,3,3,3,3,3,3,3,3,3,3,3,3,3,3,3,3,3
24,1269,35,3,3,3,3,3,3,3,3,3,3,3,3,3,3,3,3,3,3,3,3
24,1270,35,3,3,3,3,3,3,3,3,3,3,3,3,3,3,3,3,3,3,3,3
24,1271,35,3,3,3,3,3,3,3,3,3,3,3,3,3,3,3,3,3,3,3,3
24,1272,35,3,3,3,3,3,3,3,3,3,3,3,3,3,3,3,3,3,3,3,3
24,1273,35,3,3,3,3,3,3,3,3,3,3,3,3,3,3,3,3,3,3,3,3
24,1274,35,3,3,3,3,3,3,3,3,3,3,3,3,3,3,3,3,3,3,3,3
24,1275,35,3,3,3,3,3,3,3,3,3,3,3,3,3,3,3,3,3,3,3,3
24,1276,35,3,3,3,3,3,3,3,3,3,3,3,3,3,3,3,3,3,3,3,3
24,1277,35,3,3,3,3,3,3,3,3,3,3,3,3,3,3,3,3,3,3,3,3
24,1278,35,3,3,3,3,3,3,3,3,3,3,3,3,3,3,3,3,3,3,3,3
24,1279,35,3,3,3,3,3,3,3,3,3,3,3,3,3,3,3,3,3,3,3,3
24,1280,35,3,3,3,3,3,3,3,3,3,3,3,3,3,3,3,3,3,3,3,3
24,1281,35,3,3,3,3,3,3,3,3,3,3,3,3,3,3,3,3,3,3,3,3
24,1282,35,3,3,3,3,3,3,3,3,3,3,3,3,3,3,3,3,3,3,3,3
24,1283,35,3,3,3,3,3,3,3,3,3,3,3,3,3,3,3,3,3,3,3,3
24,1284,35,3,3,3,3,3,3,3,3,3,3,3,3,3,3,3,3,3,3,3,3
24,1285,35,3,3,3,3,3,3,3,3,3,3,3,3,3,3,3,3,3,3,3,3
24,1286,35,3,3,3,3,3,3,3,3,3,3,3,3,3,3,3,3,3,3,3,3
24,1287,35,3,3,3,3,3,3,3,3,3,3,3,3,3,3,3,3,3,3,3,3
24,1288,35,3,3,3,3,3,3,3,3,3,3,3,3,3,3,3,3,3,3,3,3
24,1289,35,3,3,3,3,3,3,3,3,3,3,3,3,3,3,3,3,3,3,3,3
24,1290,35,3,3,3,3,3,3,3,3,3,3,3,3,3,3,3,3,3,3,3,3
24,1291,35,3,3,3,3,3,3,3,3,3,3,3,3,3,3,3,3,3,3,3,3
24,1292,35,3,3,3,3,3,3,3,3,3,3,3,3,3,3,3,3,3,3,3,3
24,1293,35,3,3,3,3,3,3,3,3,3,3,3,3,3,3,3,3,3,3,3,3
24,1294,35,3,3,3,3,3,3,3,3,3,3,3,3,3,3,3,3,3,3,3,3
24,1295,35,3,3,3,3,3,3,3,3,3,3,3,3,3,3,3,3,3,3,3,3
24,1296,35,3,3,3,3,3,3,3,3,3,3,3,3,3,3,3,3,3,3,3,3
24,1297,35,3,3,3,3,3,3,3,3,3,3,3,3,3,3,3,3,3,3,3,3
24,1298,35,3,3,3,3,3,3,3,3,3,3,3,3,3,3,3,3,3,3,3,3
24,1299,35,3,3,3,3,3,3,3,3,3,3,3,3,3,3,3,3,3,3,3,3
24,1300,35,3,3,3,3,3,3,3,3,3,3,3,3,3,3,3,3,3,3,3,3
24,1301,35,3,3,3,3,3,3,3,3,3,3,3,3,3,3,3,3,3,3,3,3
24,1302,35,3,3,3,3,3,3,3,3,3,3,3,3,3,3,3,3,3,3,3,3
24,1303,35,3,3,3,3,3,3,3,3,3,3,3,3,3,3,3,3,3,3,3,3
24,1304,35,3,3,3,3,3,3,3,3,3,3,3,3,3,3,3,3,3,3,3,3
24,1305,35,3,3,3,3,3,3,3,3,3,3,3,3,3,3,3,3,3,3,3,3
24,1306,35,3,3,3,3,3,3,3,3,3,3,3,3,3,3,3,3,3,3,3,3
24,1307,35,3,3,3,3,3,3,3,3,3,3,3,3,3,3,3,3,3,3,3,3
24,1308,35,3,3,3,3,3,3,3,3,3,3,3,3,3,3,3,3,3,3,3,3
24,1309,35,3,3,3,3,3,3,3,3,3,3,3,3,3,3,3,3,3,3,3,3
24,1310,35,3,3,3,3,3,3,3,3,3,3,3,3,3,3,3,3,3,3,3,3
24,1311,35,3,3,3,3,3,3,3,3,3,3,3,3,3,3,3,3,3,3,3,3
24,1312,35,3,3,3,3,3,3,3,3,3,3,3,3,3,3,3,3,3,3,3,3
24,1313,35,3,3,3,3,3,3,3,3,3,3,3,3,3,3,3,3,3,3,3,3
24,1314,35,3,3,3,3,3,3,3,3,3,3,3,3,3,3,3,3,3,3,3,3
24,1315,35,3,3,3,3,3,3,3,3,3,3,3,3,3,3,3,3,3,3,3,3
24,1316,35,3,3,3,3,3,3,3,3,3,3,3,3,3,3,3,3,3,3,3,3
24,1317,35,3,3,3,3,3,3,3,3,3,3,3,3,3,3,3,3,3,3,3,3
24,1318,35,3,3,3,3,3,3,3,3,3,3,3,3,3,3,3,3,3,3,3,3
24,1319,36,2,4,4,4,4,4,4,4,4,2,4,4,4,4,4,4,4,4,4,4
24,1320,36,2,4,4,4,4,4,4,4,4,2,4,4,4,4,4,4,4,4,4,4
24,1321,36,2,4,4,4,4,4,4,4,4,2,4,4,4,4,4,4,4,4,4,4
24,1322,36,2,4,4,4,4,4,4,4,4,2,4,4,4,4,4,4,4,4,4,4
24,1323,36,2,4,4,4,4,4,4,4,4,2,4,4,4,4,4,4,4,4,4,4
24,1324,36,2,4,4,4,4,4,4,4,4,2,4,4,4,4,4,4,4,4,4,4
24,1325,36,2,4,4,4,4,4,4,4,4,2,4,4,4,4,4,4,4,4,4,4
24,1326,36,2,4,4,4,4,4,4,4,4,2,4,4,4,4,4,4,4,4,4,4
24,1327,36,2,4,4,4,4,4,4,4,4,2,4,4,4,4,4,4,4,4,4,4
24,1328,36,2,4,4,4,4,4,4,4,4,2,4,4,4,4,4,4,4,4,4,4
24,1329,36,2,4,4,4,4,4,4,4,4,2,4,4,4,4,4,4,4,4,4,4
24,1330,36,2,4,4,4,4,4,4,4,4,2,4,4,4,4,4,4,4,4,4,4
24,1331,36,2,4,4,4,4,4,4,4,4,2,4,4,4,4,4,4,4,4,4,4
24,1332,36,2,4,4,4,4,4,4,4,4,2,4,4,4,4,4,4,4,4,4,4
24,1333,36,2,4,4,4,4,4,4,4,4,2,4,4,4,4,4,4,4,4,4,4
24,1334,36,2,4,4,4,4,4,4,4,4,2,4,4,4,4,4,4,4,4,4,4
24,1335,36,2,4,4,4,4,4,4,4,4,2,4,4,4,4,4,4,4,4,4,4
24,1336,37,7,7,7,7,7,7,7,7,7,7,7,7,7,7,7,7,7,7,7,7
24,1337,37,7,7,7,7,7,7,7,7,7,7,7,7,7,7,7,7,7,7,7,7
24,1338,37,7,7,7,7,7,7,7,7,7,7,7,7,7,7,7,7,7,7,7,7
24,1339,37,7,7,7,7,7,7,7,7,7,7,7,7,7,7,7,7,7,7,7,7
24,1340,37,7,7,7,7,7,7,7,7,7,7,7,7,7,7,7,7,7,7,7,7
24,1341,37,7,7,7,7,7,7,7,7,7,7,7,7,7,7,7,7,7,7,7,7
24,1342,37,7,7,7,7,7,7,7,7,7,7,7,7,7,7,7,7,7,7,7,7
24,1343,37,7,7,7,7,7,7,7,7,7,7,7,7,7,7,7,7,7,7,7,7
24,1344,37,7,7,7,7,7,7,7,7,7,7,7,7,7,7,7,7,7,7,7,7
24,1345,37,7,7,7,7,7,7,7,7,7,7,7,7,7,7,7,7,7,7,7,7
24,1346,37,7,7,7,7,7,7,7,7,7,7,7,7,7,7,7,7,7,7,7,7
24,1347,37,7,7,7,7,7,7,7,7,7,7,7,7,7,7,7,7,7,7,7,7
24,1348,37,7,7,7,7,7,7,7,7,7,7,7,7,7,7,7,7,7,7,7,7
24,1349,58,7,7,7,7,7,7,7,7,7,7,7,7,7,7,7,7,7,7,7,7
24,1350,58,7,7,7,7,7,7,7,7,7,7,7,7,7,7,7,7,7,7,7,7
24,1351,58,7,7,7,7,7,7,7,7,7,7,7,7,7,7,7,7,7,7,7,7
24,1352,58,7,7,7,7,7,7,7,7,7,7,7,7,7,7,7,7,7,7,7,7
24,1353,58,7,7,7,7,7,7,7,7,7,7,7,7,7,7,7,7,7,7,7,7
24,1354,58,7,7,7,7,7,7,7,7,7,7,7,7,7,7,7,7,7,7,7,7
24,1355,58,7,7,7,7,7,7,7,7,7,7,7,7,7,7,7,7,7,7,7,7
24,1356,58,7,7,7,7,7,7,7,7,7,7,7,7,7,7,7,7,7,7,7,7
24,1357,58,7,7,7,7,7,7,7,7,7,7,7,7,7,7,7,7,7,7,7,7
24,1358,58,7,7,7,7,7,7,7,7,7,7,7,7,7,7,7,7,7,7,7,7
24,1359,58,7,7,7,7,7,7,7,7,7,7,7,7,7,7,7,7,7,7,7,7
24,1360,58,7,7,7,7,7,7,7,7,7,7,7,7,7,7,7,7,7,7,7,7
24,1361,58,7,7,7,7,7,7,7,7,7,7,7,7,7,7,7,7,7,7,7,7
24,1362,58,7,7,7,7,7,7,7,7,7,7,7,7,7,7,7,7,7,7,7,7
24,1363,58,7,7,7,7,7,7,7,7,7,7,7,7,7,7,7,7,7,7,7,7
24,1364,58,7,7,7,7,7,7,7,7,7,7,7,7,7,7,7,7,7,7,7,7
24,1365,37,7,7,7,7,7,7,7,7,7,7,7,7,7,7,7,7,7,7,7,7
24,1366,58,7,7,7,7,7,7,7,7,7,7,7,7,7,7,7,7,7,7,7,7
24,1367,37,7,7,7,7,7,7,7,7,7,7,7,7,7,7,7,7,7,7,7,7
24,1368,37,7,7,7,7,7,7,7,7,7,7,7,7,7,7,7,7,7,7,7,7
24,1369,37,7,7,7,7,7,7,7,7,7,7,7,7,7,7,7,7,7,7,7,7
24,1370,37,7,7,7,7,7,7,7,7,7,7,7,7,7,7,7,7,7,7,7,7
24,1371,37,7,7,7,7,7,7,7,7,7,7,7,7,7,7,7,7,7,7,7,7
24,1372,37,7,7,7,7,7,7,7,7,7,7,7,7,7,7,7,7,7,7,7,7
24,1373,37,7,7,7,7,7,7,7,7,7,7,7,7,7,7,7,7,7,7,7,7
24,1374,37,7,7,7,7,7,7,7,7,7,7,7,7,7,7,7,7,7,7,7,7
24,1375,37,7,7,7,7,7,7,7,7,7,7,7,7,7,7,7,7,7,7,7,7
24,1376,37,7,7,7,7,7,7,7,7,7,7,7,7,7,7,7,7,7,7,7,7
24,1377,37,7,7,7,7,7,7,7,7,7,7,7,7,7,7,7,7,7,7,7,7
24,1378,37,7,7,7,7,7,7,7,7,7,7,7,7,7,7,7,7,7,7,7,7
24,1379,37,7,7,7,7,7,7,7,7,7,7,7,7,7,7,7,7,7,7,7,7
24,1380,37,7,7,7,7,7,7,7,7,7,7,7,7,7,7,7,7,7,7,7,7
24,1381,37,7,7,7,7,7,7,7,7,7,7,7,7,7,7,7,7,7,7,7,7
24,1382,37,7,7,7,7,7,7,7,7,7,7,7,7,7,7,7,7,7,7,7,7
24,1383,37,7,7,7,7,7,7,7,7,7,7,7,7,7,7,7,7,7,7,7,7
24,1384,37,7,7,7,7,7,7,7,7,7,7,7,7,7,7,7,7,7,7,7,7
24,1385,37,7,7,7,7,7,7,7,7,7,7,7,7,7,7,7,7,7,7,7,7
24,1386,37,7,7,7,7,7,7,7,7,7,7,7,7,7,7,7,7,7,7,7,7
24,1387,37,7,7,7,7,7,7,7,7,7,7,7,7,7,7,7,7,7,7,7,7
24,1388,37,7,7,7,7,7,7,7,7,7,7,7,7,7,7,7,7,7,7,7,7
24,1389,37,7,7,7,7,7,7,7,7,7,7,7,7,7,7,7,7,7,7,7,7
24,1390,37,7,7,7,7,7,7,7,7,7,7,7,7,7,7,7,7,7,7,7,7
24,1391,37,7,7,7,7,7,7,7,7,7,7,7,7,7,7,7,7,7,7,7,7
24,1392,37,7,7,7,7,7,7,7,7,7,7,7,7,7,7,7,7,7,7,7,7
24,1393,37,7,7,7,7,7,7,7,7,7,7,7,7,7,7,7,7,7,7,7,7
24,1394,37,7,7,7,7,7,7,7,7,7,7,7,7,7,7,7,7,7,7,7,7
24,1395,37,7,7,7,7,7,7,7,7,7,7,7,7,7,7,7,7,7,7,7,7
24,1396,37,7,7,7,7,7,7,7,7,7,7,7,7,7,7,7,7,7,7,7,7
24,1397,37,7,7,7,7,7,7,7,7,7,7,7,7,7,7,7,7,7,7,7,7
24,1398,37,7,7,7,7,7,7,7,7,7,7,7,7,7,7,7,7,7,7,7,7
24,1399,37,7,7,7,7,7,7,7,7,7,7,7,7,7,7,7,7,7,7,7,7
24,1400,37,7,7,7,7,7,7,7,7,7,7,7,7,7,7,7,7,7,7,7,7
24,1401,37,7,7,7,7,7,7,7,7,7,7,7,7,7,7,7,7,7,7,7,7
24,1402,37,7,7,7,7,7,7,7,7,7,7,7,7,7,7,7,7,7,7,7,7
24,1403,37,7,7,7,7,7,7,7,7,7,7,7,7,7,7,7,7,7,7,7,7
24,1404,37,7,7,7,7,7,7,7,7,7,7,7,7,7,7,7,7,7,7,7,7
24,1405,37,7,7,7,7,7,7,7,7,7,7,7,7,7,7,7,7,7,7,7,7
24,1406,37,7,7,7,7,7,7,7,7,7,7,7,7,7,7,7,7,7,7,7,7
24,1407,37,7,7,7,7,7,7,7,7,7,7,7,7,7,7,7,7,7,7,7,7
24,1408,37,7,7,7,7,7,7,7,7,7,7,7,7,7,7,7,7,7,7,7,7
24,1409,37,7,7,7,7,7,7,7,7,7,7,7,7,7,7,7,7,7,7,7,7
24,1410,37,7,7,7,7,7,7,7,7,7,7,7,7,7,7,7,7,7,7,7,7
24,1411,37,7,7,7,7,7,7,7,7,7,7,7,7,7,7,7,7,7,7,7,7
24,1412,38,7,7,7,7,7,7,7,7,7,7,7,7,7,7,7,7,7,7,7,7
24,1413,38,7,7,7,7,7,7,7,7,7,7,7,7,7,7,7,7,7,7,7,7
24,1414,38,7,7,7,7,7,7,7,7,7,7,7,7,7,7,7,7,7,7,7,7
24,1415,38,7,7,7,7,7,7,7,7,7,7,7,7,7,7,7,7,7,7,7,7
24,1416,38,7,7,7,7,7,7,7,7,7,7,7,7,7,7,7,7,7,7,7,7
24,1417,38,7,7,7,7,7,7,7,7,7,7,7,7,7,7,7,7,7,7,7,7
24,1418,38,7,7,7,7,7,7,7,7,7,7,7,7,7,7,7,7,7,7,7,7
24,1419,38,7,7,7,7,7,7,7,7,7,7,7,7,7,7,7,7,7,7,7,7
24,1420,38,7,7,7,7,7,7,7,7,7,7,7,7,7,7,7,7,7,7,7,7
24,1421,38,7,7,7,7,7,7,7,7,7,7,7,7,7,7,7,7,7,7,7,7
24,1422,38,7,7,7,7,7,7,7,7,7,7,7,7,7,7,7,7,7,7,7,7
24,1423,38,7,7,7,7,7,7,7,7,7,7,7,7,7,7,7,7,7,7,7,7
24,1424,38,7,7,7,7,7,7,7,7,7,7,7,7,7,7,7,7,7,7,7,7
24,1425,38,7,7,7,7,7,7,7,7,7,7,7,7,7,7,7,7,7,7,7,7
24,1426,38,7,7,7,7,7,7,7,7,7,7,7,7,7,7,7,7,7,7,7,7
24,1427,38,7,7,7,7,7,7,7,7,7,7,7,7,7,7,7,7,7,7,7,7
24,1428,39,7,7,7,7,7,7,7,7,7,7,7,7,7,7,7,7,7,7,7,7
24,1429,39,7,7,7,7,7,7,7,7,7,7,7,7,7,7,7,7,7,7,7,7
24,1430,39,7,7,7,7,7,7,7,7,7,7,7,7,7,7,7,7,7,7,7,7
24,1431,39,7,7,7,7,7,7,7,7,7,7,7,7,7,7,7,7,7,7,7,7
24,1432,39,7,7,7,7,7,7,7,7,7,7,7,7,7,7,7,7,7,7,7,7
24,1433,39,7,7,7,7,7,7,7,7,7,7,7,7,7,7,7,7,7,7,7,7
24,1434,39,7,7,7,7,7,7,7,7,7,7,7,7,7,7,7,7,7,7,7,7
24,1435,39,7,7,7,7,7,7,7,7,7,7,7,7,7,7,7,7,7,7,7,7
24,1436,39,7,7,7,7,7,7,7,7,7,7,7,7,7,7,7,7,7,7,7,7
24,1437,39,7,7,7,7,7,7,7,7,7,7,7,7,7,7,7,7,7,7,7,7
24,1438,39,7,7,7,7,7,7,7,7,7,7,7,7,7,7,7,7,7,7,7,7
24,1439,39,7,7,7,7,7,7,7,7,7,7,7,7,7,7,7,7,7,7,7,7
24,1440,39,7,7,7,7,7,7,7,7,7,7,7,7,7,7,7,7,7,7,7,7
24,1441,39,7,7,7,7,7,7,7,7,7,7,7,7,7,7,7,7,7,7,7,7
24,1442,39,7,7,7,7,7,7,7,7,7,7,7,7,7,7,7,7,7,7,7,7
24,1443,39,7,7,7,7,7,7,7,7,7,7,7,7,7,7,7,7,7,7,7,7
24,1444,39,7,7,7,7,7,7,7,7,7,7,7,7,7,7,7,7,7,7,7,7
24,1445,40,2,4,4,4,4,4,4,4,4,2,4,4,4,4,4,4,4,4,4,4
24,1446,40,2,4,4,4,4,4,4,4,4,2,4,4,4,4,4,4,4,4,4,4
24,1447,40,2,4,4,4,4,4,4,4,4,2,4,4,4,4,4,4,4,4,4,4
24,1448,40,2,4,4,4,4,4,4,4,4,2,4,4,4,4,4,4,4,4,4,4
24,1449,40,2,4,4,4,4,4,4,4,4,2,4,4,4,4,4,4,4,4,4,4
24,1450,40,2,4,4,4,4,4,4,4,4,2,4,4,4,4,4,4,4,4,4,4
24,1451,40,2,4,4,4,4,4,4,4,4,2,4,4,4,4,4,4,4,4,4,4
24,1452,40,2,4,4,4,4,4,4,4,4,2,4,4,4,4,4,4,4,4,4,4
24,1453,40,2,4,4,4,4,4,4,4,4,2,4,4,4,4,4,4,4,4,4,4
24,1454,40,2,4,4,4,4,4,4,4,4,2,4,4,4,4,4,4,4,4,4,4
24,1455,40,2,4,4,4,4,4,4,4,4,2,4,4,4,4,4,4,4,4,4,4
24,1456,40,2,4,4,4,4,4,4,4,4,2,4,4,4,4,4,4,4,4,4,4
24,1457,40,2,4,4,4,4,4,4,4,4,2,4,4,4,4,4,4,4,4,4,4
24,1458,40,2,4,4,4,4,4,4,4,4,2,4,4,4,4,4,4,4,4,4,4
24,1459,40,2,4,4,4,4,4,4,4,4,2,4,4,4,4,4,4,4,4,4,4
24,1460,40,2,4,4,4,4,4,4,4,4,2,4,4,4,4,4,4,4,4,4,4
24,1461,40,2,4,4,4,4,4,4,4,4,2,4,4,4,4,4,4,4,4,4,4
24,1462,40,2,4,4,4,4,4,4,4,4,2,4,4,4,4,4,4,4,4,4,4
24,1463,40,2,4,4,4,4,4,4,4,4,2,4,4,4,4,4,4,4,4,4,4
24,1464,40,2,4,4,4,4,4,4,4,4,2,4,4,4,4,4,4,4,4,4,4
24,1465,40,2,4,4,4,4,4,4,4,4,2,4,4,4,4,4,4,4,4,4,4
24,1466,40,2,4,4,4,4,4,4,4,4,2,4,4,4,4,4,4,4,4,4,4
24,1467,40,2,4,4,4,4,4,4,4,4,2,4,4,4,4,4,4,4,4,4,4
24,1468,40,2,4,4,4,4,4,4,4,4,2,4,4,4,4,4,4,4,4,4,4
24,1469,40,2,4,4,4,4,4,4,4,4,2,4,4,4,4,4,4,4,4,4,4
24,1470,40,2,4,4,4,4,4,4,4,4,2,4,4,4,4,4,4,4,4,4,4
24,1471,40,2,4,4,4,4,4,4,4,4,2,4,4,4,4,4,4,4,4,4,4
24,1472,40,2,4,4,4,4,4,4,4,4,2,4,4,4,4,4,4,4,4,4,4
24,1473,40,2,4,4,4,4,4,4,4,4,2,4,4,4,4,4,4,4,4,4,4
24,1474,40,2,4,4,4,4,4,4,4,4,2,4,4,4,4,4,4,4,4,4,4
24,1475,40,2,4,4,4,4,4,4,4,4,2,4,4,4,4,4,4,4,4,4,4
24,1476,40,2,4,4,4,4,4,4,4,4,2,4,4,4,4,4,4,4,4,4,4
24,1477,40,2,4,4,4,4,4,4,4,4,2,4,4,4,4,4,4,4,4,4,4
24,1478,40,2,4,4,4,4,4,4,4,4,2,4,4,4,4,4,4,4,4,4,4
24,1479,40,2,4,4,4,4,4,4,4,4,2,4,4,4,4,4,4,4,4,4,4
24,1480,41,7,7,7,7,7,7,7,7,7,7,7,7,7,7,7,7,7,7,7,7
24,1481,41,7,7,7,7,7,7,7,7,7,7,7,7,7,7,7,7,7,7,7,7
24,1482,41,7,7,7,7,7,7,7,7,7,7,7,7,7,7,7,7,7,7,7,7
24,1483,41,7,7,7,7,7,7,7,7,7,7,7,7,7,7,7,7,7,7,7,7
24,1484,41,7,7,7,7,7,7,7,7,7,7,7,7,7,7,7,7,7,7,7,7
24,1485,41,7,7,7,7,7,7,7,7,7,7,7,7,7,7,7,7,7,7,7,7
24,1486,41,7,7,7,7,7,7,7,7,7,7,7,7,7,7,7,7,7,7,7,7
24,1487,41,7,7,7,7,7,7,7,7,7,7,7,7,7,7,7,7,7,7,7,7
24,1488,41,7,7,7,7,7,7,7,7,7,7,7,7,7,7,7,7,7,7,7,7
24,1489,41,7,7,7,7,7,7,7,7,7,7,7,7,7,7,7,7,7,7,7,7
24,1490,41,7,7,7,7,7,7,7,7,7,7,7,7,7,7,7,7,7,7,7,7
24,1491,41,7,7,7,7,7,7,7,7,7,7,7,7,7,7,7,7,7,7,7,7
24,1492,41,7,7,7,7,7,7,7,7,7,7,7,7,7,7,7,7,7,7,7,7
24,1493,41,7,7,7,7,7,7,7,7,7,7,7,7,7,7,7,7,7,7,7,7
24,1494,41,7,7,7,7,7,7,7,7,7,7,7,7,7,7,7,7,7,7,7,7
24,1495,41,7,7,7,7,7,7,7,7,7,7,7,7,7,7,7,7,7,7,7,7
24,1496,42,2,4,4,4,4,4,4,4,4,2,4,4,4,4,4,4,4,4,4,4
24,1497,42,2,4,4,4,4,4,4,4,4,2,4,4,4,4,4,4,4,4,4,4
24,1498,42,2,4,4,4,4,4,4,4,4,2,4,4,4,4,4,4,4,4,4,4
24,1499,42,2,4,4,4,4,4,4,4,4,2,4,4,4,4,4,4,4,4,4,4
24,1500,42,2,4,4,4,4,4,4,4,4,2,4,4,4,4,4,4,4,4,4,4
24,1501,42,2,4,4,4,4,4,4,4,4,2,4,4,4,4,4,4,4,4,4,4
24,1502,42,2,4,4,4,4,4,4,4,4,2,4,4,4,4,4,4,4,4,4,4
24,1503,42,2,4,4,4,4,4,4,4,4,2,4,4,4,4,4,4,4,4,4,4
24,1504,42,2,4,4,4,4,4,4,4,4,2,4,4,4,4,4,4,4,4,4,4
24,1505,42,2,4,4,4,4,4,4,4,4,2,4,4,4,4,4,4,4,4,4,4
24,1506,42,2,4,4,4,4,4,4,4,4,2,4,4,4,4,4,4,4,4,4,4
24,1507,43,4,3,3,3,3,3,3,3,3,4,3,3,3,3,3,3,3,3,3,3
24,1508,43,4,3,3,3,3,3,3,3,3,4,3,3,3,3,3,3,3,3,3,3
24,1509,43,4,3,3,3,3,3,3,3,3,4,3,3,3,3,3,3,3,3,3,3
24,1510,43,4,3,3,3,3,3,3,3,3,4,3,3,3,3,3,3,3,3,3,3
24,1511,43,4,3,3,3,3,3,3,3,3,4,3,3,3,3,3,3,3,3,3,3
24,1512,43,4,3,3,3,3,3,3,3,3,4,3,3,3,3,3,3,3,3,3,3
24,1513,43,4,3,3,3,3,3,3,3,3,4,3,3,3,3,3,3,3,3,3,3
24,1514,43,4,3,3,3,3,3,3,3,3,4,3,3,3,3,3,3,3,3,3,3
24,1515,43,4,3,3,3,3,3,3,3,3,4,3,3,3,3,3,3,3,3,3,3
24,1516,43,4,3,3,3,3,3,3,3,3,4,3,3,3,3,3,3,3,3,3,3
24,1517,43,4,3,3,3,3,3,3,3,3,4,3,3,3,3,3,3,3,3,3,3
24,1520,44,1,1,1,1,1,1,1,1,1,1,1,1,1,1,1,1,1,1,1,1
24,1521,44,1,1,1,1,1,1,1,1,1,1,1,1,1,1,1,1,1,1,1,1
24,1522,44,1,1,1,1,1,1,1,1,1,1,1,1,1,1,1,1,1,1,1,1
24,1523,44,1,1,1,1,1,1,1,1,1,1,1,1,1,1,1,1,1,1,1,1
24,1524,44,1,1,1,1,1,1,1,1,1,1,1,1,1,1,1,1,1,1,1,1
24,1525,44,1,1,1,1,1,1,1,1,1,1,1,1,1,1,1,1,1,1,1,1
24,1526,44,1,1,1,1,1,1,1,1,1,1,1,1,1,1,1,1,1,1,1,1
24,1527,44,1,1,1,1,1,1,1,1,1,1,1,1,1,1,1,1,1,1,1,1
24,1528,44,1,1,1,1,1,1,1,1,1,1,1,1,1,1,1,1,1,1,1,1
24,1529,44,1,1,1,1,1,1,1,1,1,1,1,1,1,1,1,1,1,1,1,1
24,1530,44,1,1,1,1,1,1,1,1,1,1,1,1,1,1,1,1,1,1,1,1
24,1531,44,1,1,1,1,1,1,1,1,1,1,1,1,1,1,1,1,1,1,1,1
24,1532,44,1,1,1,1,1,1,1,1,1,1,1,1,1,1,1,1,1,1,1,1
24,1533,44,1,1,1,1,1,1,1,1,1,1,1,1,1,1,1,1,1,1,1,1
24,1534,44,1,1,1,1,1,1,1,1,1,1,1,1,1,1,1,1,1,1,1,1
24,1535,44,1,1,1,1,1,1,1,1,1,1,1,1,1,1,1,1,1,1,1,1
24,1536,45,1,1,1,1,1,1,1,1,1,1,1,1,1,1,1,1,1,1,1,1
24,1537,45,1,1,1,1,1,1,1,1,1,1,1,1,1,1,1,1,1,1,1,1
24,1538,45,1,1,1,1,1,1,1,1,1,1,1,1,1,1,1,1,1,1,1,1
24,1539,45,1,1,1,1,1,1,1,1,1,1,1,1,1,1,1,1,1,1,1,1
24,1540,45,1,1,1,1,1,1,1,1,1,1,1,1,1,1,1,1,1,1,1,1
24,1541,45,1,1,1,1,1,1,1,1,1,1,1,1,1,1,1,1,1,1,1,1
24,1542,45,1,1,1,1,1,1,1,1,1,1,1,1,1,1,1,1,1,1,1,1
24,1543,45,1,1,1,1,1,1,1,1,1,1,1,1,1,1,1,1,1,1,1,1
24,1544,45,1,1,1,1,1,1,1,1,1,1,1,1,1,1,1,1,1,1,1,1
24,1545,45,1,1,1,1,1,1,1,1,1,1,1,1,1,1,1,1,1,1,1,1
24,1546,45,1,1,1,1,1,1,1,1,1,1,1,1,1,1,1,1,1,1,1,1
24,1547,45,1,1,1,1,1,1,1,1,1,1,1,1,1,1,1,1,1,1,1,1
24,1548,45,1,1,1,1,1,1,1,1,1,1,1,1,1,1,1,1,1,1,1,1
24,1549,45,1,1,1,1,1,1,1,1,1,1,1,1,1,1,1,1,1,1,1,1
24,1550,45,1,1,1,1,1,1,1,1,1,1,1,1,1,1,1,1,1,1,1,1
24,1551,45,1,1,1,1,1,1,1,1,1,1,1,1,1,1,1,1,1,1,1,1
24,1552,45,1,1,1,1,1,1,1,1,1,1,1,1,1,1,1,1,1,1,1,1
24,1553,45,1,1,1,1,1,1,1,1,1,1,1,1,1,1,1,1,1,1,1,1
24,1554,45,1,1,1,1,1,1,1,1,1,1,1,1,1,1,1,1,1,1,1,1
24,1555,45,1,1,1,1,1,1,1,1,1,1,1,1,1,1,1,1,1,1,1,1
24,1556,46,3,2,2,2,2,2,2,2,2,3,2,2,2,2,2,2,2,2,2,2
24,1557,46,3,2,2,2,2,2,2,2,2,3,2,2,2,2,2,2,2,2,2,2
24,1558,46,3,2,2,2,2,2,2,2,2,3,2,2,2,2,2,2,2,2,2,2
24,1559,46,3,2,2,2,2,2,2,2,2,3,2,2,2,2,2,2,2,2,2,2
24,1560,46,3,2,2,2,2,2,2,2,2,3,2,2,2,2,2,2,2,2,2,2
24,1561,46,3,2,2,2,2,2,2,2,2,3,2,2,2,2,2,2,2,2,2,2
24,1562,46,3,2,2,2,2,2,2,2,2,3,2,2,2,2,2,2,2,2,2,2
24,1563,46,3,2,2,2,2,2,2,2,2,3,2,2,2,2,2,2,2,2,2,2
24,1564,46,3,2,2,2,2,2,2,2,2,3,2,2,2,2,2,2,2,2,2,2
24,1565,46,3,2,2,2,2,2,2,2,2,3,2,2,2,2,2,2,2,2,2,2
24,1566,46,3,2,2,2,2,2,2,2,2,3,2,2,2,2,2,2,2,2,2,2
24,1567,46,3,2,2,2,2,2,2,2,2,3,2,2,2,2,2,2,2,2,2,2
24,1568,46,3,2,2,2,2,2,2,2,2,3,2,2,2,2,2,2,2,2,2,2
24,1569,47,4,3,3,3,3,3,3,3,3,4,3,3,3,3,3,3,3,3,3,3
24,1570,47,4,3,3,3,3,3,3,3,3,4,3,3,3,3,3,3,3,3,3,3
24,1571,47,4,3,3,3,3,3,3,3,3,4,3,3,3,3,3,3,3,3,3,3
24,1572,47,4,3,3,3,3,3,3,3,3,4,3,3,3,3,3,3,3,3,3,3
24,1573,47,4,3,3,3,3,3,3,3,3,4,3,3,3,3,3,3,3,3,3,3
24,1574,47,4,3,3,3,3,3,3,3,3,4,3,3,3,3,3,3,3,3,3,3
24,1575,47,4,3,3,3,3,3,3,3,3,4,3,3,3,3,3,3,3,3,3,3
24,1576,47,4,3,3,3,3,3,3,3,3,4,3,3,3,3,3,3,3,3,3,3
24,1577,47,4,3,3,3,3,3,3,3,3,4,3,3,3,3,3,3,3,3,3,3
24,1578,47,4,3,3,3,3,3,3,3,3,4,3,3,3,3,3,3,3,3,3,3
24,1579,47,4,3,3,3,3,3,3,3,3,4,3,3,3,3,3,3,3,3,3,3
24,1580,47,4,3,3,3,3,3,3,3,3,4,3,3,3,3,3,3,3,3,3,3
24,1581,47,4,3,3,3,3,3,3,3,3,4,3,3,3,3,3,3,3,3,3,3
24,1582,47,4,3,3,3,3,3,3,3,3,4,3,3,3,3,3,3,3,3,3,3
24,1583,47,4,3,3,3,3,3,3,3,3,4,3,3,3,3,3,3,3,3,3,3
24,1584,47,4,3,3,3,3,3,3,3,3,4,3,3,3,3,3,3,3,3,3,3
24,1585,47,4,3,3,3,3,3,3,3,3,4,3,3,3,3,3,3,3,3,3,3
24,1586,47,4,3,3,3,3,3,3,3,3,4,3,3,3,3,3,3,3,3,3,3
24,1587,48,1,1,1,1,1,1,1,1,1,1,1,1,1,1,1,1,1,1,1,1
24,1588,48,1,1,1,1,1,1,1,1,1,1,1,1,1,1,1,1,1,1,1,1
24,1589,48,1,1,1,1,1,1,1,1,1,1,1,1,1,1,1,1,1,1,1,1
24,1590,48,1,1,1,1,1,1,1,1,1,1,1,1,1,1,1,1,1,1,1,1
24,1591,48,1,1,1,1,1,1,1,1,1,1,1,1,1,1,1,1,1,1,1,1
24,1592,48,1,1,1,1,1,1,1,1,1,1,1,1,1,1,1,1,1,1,1,1
24,1593,48,1,1,1,1,1,1,1,1,1,1,1,1,1,1,1,1,1,1,1,1
24,1594,48,1,1,1,1,1,1,1,1,1,1,1,1,1,1,1,1,1,1,1,1
24,1595,48,1,1,1,1,1,1,1,1,1,1,1,1,1,1,1,1,1,1,1,1
24,1596,48,1,1,1,1,1,1,1,1,1,1,1,1,1,1,1,1,1,1,1,1
24,1597,48,1,1,1,1,1,1,1,1,1,1,1,1,1,1,1,1,1,1,1,1
24,1598,48,1,1,1,1,1,1,1,1,1,1,1,1,1,1,1,1,1,1,1,1
24,1599,48,1,1,1,1,1,1,1,1,1,1,1,1,1,1,1,1,1,1,1,1
24,1600,48,1,1,1,1,1,1,1,1,1,1,1,1,1,1,1,1,1,1,1,1
24,1601,48,1,1,1,1,1,1,1,1,1,1,1,1,1,1,1,1,1,1,1,1
24,1602,48,1,1,1,1,1,1,1,1,1,1,1,1,1,1,1,1,1,1,1,1
24,1603,48,1,1,1,1,1,1,1,1,1,1,1,1,1,1,1,1,1,1,1,1
24,1604,49,1,1,1,1,1,1,1,1,1,1,1,1,1,1,1,1,1,1,1,1
24,1605,49,1,1,1,1,1,1,1,1,1,1,1,1,1,1,1,1,1,1,1,1
24,1606,49,1,1,1,1,1,1,1,1,1,1,1,1,1,1,1,1,1,1,1,1
24,1607,49,1,1,1,1,1,1,1,1,1,1,1,1,1,1,1,1,1,1,1,1
24,1608,49,1,1,1,1,1,1,1,1,1,1,1,1,1,1,1,1,1,1,1,1
24,1609,49,1,1,1,1,1,1,1,1,1,1,1,1,1,1,1,1,1,1,1,1
24,1610,49,1,1,1,1,1,1,1,1,1,1,1,1,1,1,1,1,1,1,1,1
24,1611,49,1,1,1,1,1,1,1,1,1,1,1,1,1,1,1,1,1,1,1,1
24,1612,50,1,1,1,1,1,1,1,1,1,1,1,1,1,1,1,1,1,1,1,1
24,1613,50,1,1,1,1,1,1,1,1,1,1,1,1,1,1,1,1,1,1,1,1
24,1614,50,1,1,1,1,1,1,1,1,1,1,1,1,1,1,1,1,1,1,1,1
24,1615,50,1,1,1,1,1,1,1,1,1,1,1,1,1,1,1,1,1,1,1,1
24,1616,50,1,1,1,1,1,1,1,1,1,1,1,1,1,1,1,1,1,1,1,1
24,1617,50,1,1,1,1,1,1,1,1,1,1,1,1,1,1,1,1,1,1,1,1
24,1618,50,1,1,1,1,1,1,1,1,1,1,1,1,1,1,1,1,1,1,1,1
24,1619,50,1,1,1,1,1,1,1,1,1,1,1,1,1,1,1,1,1,1,1,1
24,1620,50,1,1,1,1,1,1,1,1,1,1,1,1,1,1,1,1,1,1,1,1
24,1621,50,1,1,1,1,1,1,1,1,1,1,1,1,1,1,1,1,1,1,1,1
24,1622,50,1,1,1,1,1,1,1,1,1,1,1,1,1,1,1,1,1,1,1,1
24,1623,50,1,1,1,1,1,1,1,1,1,1,1,1,1,1,1,1,1,1,1,1
24,1624,50,1,1,1,1,1,1,1,1,1,1,1,1,1,1,1,1,1,1,1,1
24,1625,50,1,1,1,1,1,1,1,1,1,1,1,1,1,1,1,1,1,1,1,1
24,1626,50,1,1,1,1,1,1,1,1,1,1,1,1,1,1,1,1,1,1,1,1
24,1627,50,1,1,1,1,1,1,1,1,1,1,1,1,1,1,1,1,1,1,1,1
24,1628,50,1,1,1,1,1,1,1,1,1,1,1,1,1,1,1,1,1,1,1,1
24,1629,50,1,1,1,1,1,1,1,1,1,1,1,1,1,1,1,1,1,1,1,1
24,1630,50,1,1,1,1,1,1,1,1,1,1,1,1,1,1,1,1,1,1,1,1
24,1631,50,1,1,1,1,1,1,1,1,1,1,1,1,1,1,1,1,1,1,1,1
24,1632,50,1,1,1,1,1,1,1,1,1,1,1,1,1,1,1,1,1,1,1,1
24,1633,50,1,1,1,1,1,1,1,1,1,1,1,1,1,1,1,1,1,1,1,1
24,1634,50,1,1,1,1,1,1,1,1,1,1,1,1,1,1,1,1,1,1,1,1
24,1635,50,1,1,1,1,1,1,1,1,1,1,1,1,1,1,1,1,1,1,1,1
24,1637,50,1,1,1,1,1,1,1,1,1,1,1,1,1,1,1,1,1,1,1,1
24,1638,51,4,3,3,3,3,3,3,3,3,4,3,3,3,3,3,3,3,3,3,3
24,1639,51,4,3,3,3,3,3,3,3,3,4,3,3,3,3,3,3,3,3,3,3
24,1640,51,4,3,3,3,3,3,3,3,3,4,3,3,3,3,3,3,3,3,3,3
24,1641,51,4,3,3,3,3,3,3,3,3,4,3,3,3,3,3,3,3,3,3,3
24,1642,51,4,3,3,3,3,3,3,3,3,4,3,3,3,3,3,3,3,3,3,3
24,1643,51,4,3,3,3,3,3,3,3,3,4,3,3,3,3,3,3,3,3,3,3
24,1644,51,4,3,3,3,3,3,3,3,3,4,3,3,3,3,3,3,3,3,3,3
24,1645,51,4,3,3,3,3,3,3,3,3,4,3,3,3,3,3,3,3,3,3,3
24,1646,51,4,3,3,3,3,3,3,3,3,4,3,3,3,3,3,3,3,3,3,3
24,1647,51,4,3,3,3,3,3,3,3,3,4,3,3,3,3,3,3,3,3,3,3
24,1648,51,4,3,3,3,3,3,3,3,3,4,3,3,3,3,3,3,3,3,3,3
24,1649,51,4,3,3,3,3,3,3,3,3,4,3,3,3,3,3,3,3,3,3,3
24,1650,51,4,3,3,3,3,3,3,3,3,4,3,3,3,3,3,3,3,3,3,3
24,1651,51,4,3,3,3,3,3,3,3,3,4,3,3,3,3,3,3,3,3,3,3
24,1652,51,4,3,3,3,3,3,3,3,3,4,3,3,3,3,3,3,3,3,3,3
24,1653,51,4,3,3,3,3,3,3,3,3,4,3,3,3,3,3,3,3,3,3,3
24,1654,51,4,3,3,3,3,3,3,3,3,4,3,3,3,3,3,3,3,3,3,3
24,1655,51,4,3,3,3,3,3,3,3,3,4,3,3,3,3,3,3,3,3,3,3
24,1656,51,4,3,3,3,3,3,3,3,3,4,3,3,3,3,3,3,3,3,3,3
24,1657,51,4,3,3,3,3,3,3,3,3,4,3,3,3,3,3,3,3,3,3,3
24,1658,51,4,3,3,3,3,3,3,3,3,4,3,3,3,3,3,3,3,3,3,3
24,1659,51,4,3,3,3,3,3,3,3,3,4,3,3,3,3,3,3,3,3,3,3
24,1660,51,4,3,3,3,3,3,3,3,3,4,3,3,3,3,3,3,3,3,3,3
24,1661,51,4,3,3,3,3,3,3,3,3,4,3,3,3,3,3,3,3,3,3,3
24,1662,51,4,3,3,3,3,3,3,3,3,4,3,3,3,3,3,3,3,3,3,3
24,1663,51,4,3,3,3,3,3,3,3,3,4,3,3,3,3,3,3,3,3,3,3
24,1664,51,4,3,3,3,3,3,3,3,3,4,3,3,3,3,3,3,3,3,3,3
24,1665,51,4,3,3,3,3,3,3,3,3,4,3,3,3,3,3,3,3,3,3,3
24,1666,51,4,3,3,3,3,3,3,3,3,4,3,3,3,3,3,3,3,3,3,3
24,1667,51,4,3,3,3,3,3,3,3,3,4,3,3,3,3,3,3,3,3,3,3
24,1668,51,4,3,3,3,3,3,3,3,3,4,3,3,3,3,3,3,3,3,3,3
24,1669,51,4,3,3,3,3,3,3,3,3,4,3,3,3,3,3,3,3,3,3,3
24,1670,52,3,2,2,2,2,2,2,2,2,3,2,2,2,2,2,2,2,2,2,2
24,1671,52,3,2,2,2,2,2,2,2,2,3,2,2,2,2,2,2,2,2,2,2
24,1672,52,3,2,2,2,2,2,2,2,2,3,2,2,2,2,2,2,2,2,2,2
24,1673,52,3,2,2,2,2,2,2,2,2,3,2,2,2,2,2,2,2,2,2,2
24,1674,52,3,2,2,2,2,2,2,2,2,3,2,2,2,2,2,2,2,2,2,2
24,1675,52,3,2,2,2,2,2,2,2,2,3,2,2,2,2,2,2,2,2,2,2
24,1676,52,3,2,2,2,2,2,2,2,2,3,2,2,2,2,2,2,2,2,2,2
24,1677,52,3,2,2,2,2,2,2,2,2,3,2,2,2,2,2,2,2,2,2,2
24,1678,52,3,2,2,2,2,2,2,2,2,3,2,2,2,2,2,2,2,2,2,2
24,1679,52,3,2,2,2,2,2,2,2,2,3,2,2,2,2,2,2,2,2,2,2
24,1680,52,3,2,2,2,2,2,2,2,2,3,2,2,2,2,2,2,2,2,2,2
24,1681,52,3,2,2,2,2,2,2,2,2,3,2,2,2,2,2,2,2,2,2,2
24,1682,52,3,2,2,2,2,2,2,2,2,3,2,2,2,2,2,2,2,2,2,2
24,1683,52,3,2,2,2,2,2,2,2,2,3,2,2,2,2,2,2,2,2,2,2
24,1684,52,3,2,2,2,2,2,2,2,2,3,2,2,2,2,2,2,2,2,2,2
24,1685,52,3,2,2,2,2,2,2,2,2,3,2,2,2,2,2,2,2,2,2,2
24,1686,52,3,2,2,2,2,2,2,2,2,3,2,2,2,2,2,2,2,2,2,2
24,1687,52,3,2,2,2,2,2,2,2,2,3,2,2,2,2,2,2,2,2,2,2
24,1688,52,3,2,2,2,2,2,2,2,2,3,2,2,2,2,2,2,2,2,2,2
24,1689,53,4,2,2,2,2,2,2,2,2,4,2,2,2,2,2,2,2,2,2,2
24,1690,53,4,2,2,2,2,2,2,2,2,4,2,2,2,2,2,2,2,2,2,2
24,1691,53,4,2,2,2,2,2,2,2,2,4,2,2,2,2,2,2,2,2,2,2
24,1692,53,4,2,2,2,2,2,2,2,2,4,2,2,2,2,2,2,2,2,2,2
24,1693,53,4,2,2,2,2,2,2,2,2,4,2,2,2,2,2,2,2,2,2,2
24,1694,53,4,2,2,2,2,2,2,2,2,4,2,2,2,2,2,2,2,2,2,2
24,1695,53,4,2,2,2,2,2,2,2,2,4,2,2,2,2,2,2,2,2,2,2
24,1696,53,4,2,2,2,2,2,2,2,2,4,2,2,2,2,2,2,2,2,2,2
24,1697,53,4,2,2,2,2,2,2,2,2,4,2,2,2,2,2,2,2,2,2,2
24,1698,53,4,2,2,2,2,2,2,2,2,4,2,2,2,2,2,2,2,2,2,2
24,1699,53,4,2,2,2,2,2,2,2,2,4,2,2,2,2,2,2,2,2,2,2
24,1700,53,4,2,2,2,2,2,2,2,2,4,2,2,2,2,2,2,2,2,2,2
24,1701,53,4,2,2,2,2,2,2,2,2,4,2,2,2,2,2,2,2,2,2,2
24,1702,53,4,2,2,2,2,2,2,2,2,4,2,2,2,2,2,2,2,2,2,2
24,1703,53,4,2,2,2,2,2,2,2,2,4,2,2,2,2,2,2,2,2,2,2
24,1704,53,4,2,2,2,2,2,2,2,2,4,2,2,2,2,2,2,2,2,2,2
24,1705,54,7,7,7,7,7,7,7,7,7,7,7,7,7,7,7,7,7,7,7,7
24,1706,54,7,7,7,7,7,7,7,7,7,7,7,7,7,7,7,7,7,7,7,7
24,1707,54,7,7,7,7,7,7,7,7,7,7,7,7,7,7,7,7,7,7,7,7
24,1708,54,7,7,7,7,7,7,7,7,7,7,7,7,7,7,7,7,7,7,7,7
24,1709,54,7,7,7,7,7,7,7,7,7,7,7,7,7,7,7,7,7,7,7,7
24,1710,54,7,7,7,7,7,7,7,7,7,7,7,7,7,7,7,7,7,7,7,7
24,1711,54,7,7,7,7,7,7,7,7,7,7,7,7,7,7,7,7,7,7,7,7
24,1712,54,7,7,7,7,7,7,7,7,7,7,7,7,7,7,7,7,7,7,7,7
24,1713,54,7,7,7,7,7,7,7,7,7,7,7,7,7,7,7,7,7,7,7,7
24,1714,54,7,7,7,7,7,7,7,7,7,7,7,7,7,7,7,7,7,7,7,7
24,1715,54,7,7,7,7,7,7,7,7,7,7,7,7,7,7,7,7,7,7,7,7
24,1716,54,7,7,7,7,7,7,7,7,7,7,7,7,7,7,7,7,7,7,7,7
24,1717,54,7,7,7,7,7,7,7,7,7,7,7,7,7,7,7,7,7,7,7,7
24,1718,54,7,7,7,7,7,7,7,7,7,7,7,7,7,7,7,7,7,7,7,7
24,1719,54,7,7,7,7,7,7,7,7,7,7,7,7,7,7,7,7,7,7,7,7
24,1720,54,7,7,7,7,7,7,7,7,7,7,7,7,7,7,7,7,7,7,7,7
24,1721,54,7,7,7,7,7,7,7,7,7,7,7,7,7,7,7,7,7,7,7,7
24,1722,54,7,7,7,7,7,7,7,7,7,7,7,7,7,7,7,7,7,7,7,7
24,1723,54,7,7,7,7,7,7,7,7,7,7,7,7,7,7,7,7,7,7,7,7
24,1724,54,7,7,7,7,7,7,7,7,7,7,7,7,7,7,7,7,7,7,7,7
24,1725,54,7,7,7,7,7,7,7,7,7,7,7,7,7,7,7,7,7,7,7,7
24,1726,55,7,7,7,7,7,7,7,7,7,7,7,7,7,7,7,7,7,7,7,7
24,1727,55,7,7,7,7,7,7,7,7,7,7,7,7,7,7,7,7,7,7,7,7
24,1728,55,7,7,7,7,7,7,7,7,7,7,7,7,7,7,7,7,7,7,7,7
24,1729,55,7,7,7,7,7,7,7,7,7,7,7,7,7,7,7,7,7,7,7,7
24,1730,55,7,7,7,7,7,7,7,7,7,7,7,7,7,7,7,7,7,7,7,7
24,1731,55,7,7,7,7,7,7,7,7,7,7,7,7,7,7,7,7,7,7,7,7
24,1732,55,7,7,7,7,7,7,7,7,7,7,7,7,7,7,7,7,7,7,7,7
24,1733,55,7,7,7,7,7,7,7,7,7,7,7,7,7,7,7,7,7,7,7,7
24,1734,55,7,7,7,7,7,7,7,7,7,7,7,7,7,7,7,7,7,7,7,7
24,1735,55,7,7,7,7,7,7,7,7,7,7,7,7,7,7,7,7,7,7,7,7
24,1736,55,7,7,7,7,7,7,7,7,7,7,7,7,7,7,7,7,7,7,7,7
24,1737,55,7,7,7,7,7,7,7,7,7,7,7,7,7,7,7,7,7,7,7,7
24,1738,55,7,7,7,7,7,7,7,7,7,7,7,7,7,7,7,7,7,7,7,7
24,1739,55,7,7,7,7,7,7,7,7,7,7,7,7,7,7,7,7,7,7,7,7
24,1740,55,7,7,7,7,7,7,7,7,7,7,7,7,7,7,7,7,7,7,7,7
24,1741,55,7,7,7,7,7,7,7,7,7,7,7,7,7,7,7,7,7,7,7,7
24,1742,55,7,7,7,7,7,7,7,7,7,7,7,7,7,7,7,7,7,7,7,7
24,1743,55,7,7,7,7,7,7,7,7,7,7,7,7,7,7,7,7,7,7,7,7
24,1744,55,7,7,7,7,7,7,7,7,7,7,7,7,7,7,7,7,7,7,7,7
24,1745,55,7,7,7,7,7,7,7,7,7,7,7,7,7,7,7,7,7,7,7,7
24,1746,55,7,7,7,7,7,7,7,7,7,7,7,7,7,7,7,7,7,7,7,7
24,1747,55,7,7,7,7,7,7,7,7,7,7,7,7,7,7,7,7,7,7,7,7
24,1748,55,7,7,7,7,7,7,7,7,7,7,7,7,7,7,7,7,7,7,7,7
24,1749,55,7,7,7,7,7,7,7,7,7,7,7,7,7,7,7,7,7,7,7,7
24,1750,55,7,7,7,7,7,7,7,7,7,7,7,7,7,7,7,7,7,7,7,7
24,1751,55,7,7,7,7,7,7,7,7,7,7,7,7,7,7,7,7,7,7,7,7
24,1752,55,7,7,7,7,7,7,7,7,7,7,7,7,7,7,7,7,7,7,7,7
24,1753,55,7,7,7,7,7,7,7,7,7,7,7,7,7,7,7,7,7,7,7,7
24,1754,55,7,7,7,7,7,7,7,7,7,7,7,7,7,7,7,7,7,7,7,7
24,1755,55,7,7,7,7,7,7,7,7,7,7,7,7,7,7,7,7,7,7,7,7
24,1756,55,7,7,7,7,7,7,7,7,7,7,7,7,7,7,7,7,7,7,7,7
24,1757,55,7,7,7,7,7,7,7,7,7,7,7,7,7,7,7,7,7,7,7,7
24,1758,55,7,7,7,7,7,7,7,7,7,7,7,7,7,7,7,7,7,7,7,7
24,1759,55,7,7,7,7,7,7,7,7,7,7,7,7,7,7,7,7,7,7,7,7
24,1760,55,7,7,7,7,7,7,7,7,7,7,7,7,7,7,7,7,7,7,7,7
24,1761,55,7,7,7,7,7,7,7,7,7,7,7,7,7,7,7,7,7,7,7,7
24,1762,55,7,7,7,7,7,7,7,7,7,7,7,7,7,7,7,7,7,7,7,7
24,1763,55,7,7,7,7,7,7,7,7,7,7,7,7,7,7,7,7,7,7,7,7
24,1764,55,7,7,7,7,7,7,7,7,7,7,7,7,7,7,7,7,7,7,7,7
24,1765,55,7,7,7,7,7,7,7,7,7,7,7,7,7,7,7,7,7,7,7,7
24,1766,55,7,7,7,7,7,7,7,7,7,7,7,7,7,7,7,7,7,7,7,7
24,1767,55,7,7,7,7,7,7,7,7,7,7,7,7,7,7,7,7,7,7,7,7
24,1768,55,7,7,7,7,7,7,7,7,7,7,7,7,7,7,7,7,7,7,7,7
24,1769,55,7,7,7,7,7,7,7,7,7,7,7,7,7,7,7,7,7,7,7,7
24,1770,55,7,7,7,7,7,7,7,7,7,7,7,7,7,7,7,7,7,7,7,7
24,1771,55,7,7,7,7,7,7,7,7,7,7,7,7,7,7,7,7,7,7,7,7
24,1772,55,7,7,7,7,7,7,7,7,7,7,7,7,7,7,7,7,7,7,7,7
24,1773,56,4,3,3,3,3,3,3,3,3,4,3,3,3,3,3,3,3,3,3,3
24,1774,56,4,3,3,3,3,3,3,3,3,4,3,3,3,3,3,3,3,3,3,3
24,1775,56,4,3,3,3,3,3,3,3,3,4,3,3,3,3,3,3,3,3,3,3
24,1776,56,4,3,3,3,3,3,3,3,3,4,3,3,3,3,3,3,3,3,3,3
24,1777,56,4,3,3,3,3,3,3,3,3,4,3,3,3,3,3,3,3,3,3,3
24,1778,56,4,3,3,3,3,3,3,3,3,4,3,3,3,3,3,3,3,3,3,3
24,1779,56,4,3,3,3,3,3,3,3,3,4,3,3,3,3,3,3,3,3,3,3
24,1780,56,4,3,3,3,3,3,3,3,3,4,3,3,3,3,3,3,3,3,3,3
24,1781,56,4,3,3,3,3,3,3,3,3,4,3,3,3,3,3,3,3,3,3,3
24,1782,56,4,3,3,3,3,3,3,3,3,4,3,3,3,3,3,3,3,3,3,3
24,1783,56,4,3,3,3,3,3,3,3,3,4,3,3,3,3,3,3,3,3,3,3
24,1784,56,4,3,3,3,3,3,3,3,3,4,3,3,3,3,3,3,3,3,3,3
24,1785,56,4,3,3,3,3,3,3,3,3,4,3,3,3,3,3,3,3,3,3,3
24,1786,56,4,3,3,3,3,3,3,3,3,4,3,3,3,3,3,3,3,3,3,3
24,1787,56,4,3,3,3,3,3,3,3,3,4,3,3,3,3,3,3,3,3,3,3
24,1788,56,4,3,3,3,3,3,3,3,3,4,3,3,3,3,3,3,3,3,3,3
24,1789,56,4,3,3,3,3,3,3,3,3,4,3,3,3,3,3,3,3,3,3,3
24,1790,56,4,3,3,3,3,3,3,3,3,4,3,3,3,3,3,3,3,3,3,3
24,1791,56,4,3,3,3,3,3,3,3,3,4,3,3,3,3,3,3,3,3,3,3
24,1792,56,4,3,3,3,3,3,3,3,3,4,3,3,3,3,3,3,3,3,3,3
24,1793,56,4,3,3,3,3,3,3,3,3,4,3,3,3,3,3,3,3,3,3,3
24,1794,56,4,3,3,3,3,3,3,3,3,4,3,3,3,3,3,3,3,3,3,3
24,1795,56,4,3,3,3,3,3,3,3,3,4,3,3,3,3,3,3,3,3,3,3
24,1796,28,5,5,5,5,5,5,5,5,5,5,5,5,5,5,5,5,5,5,5,5
24,1797,28,5,5,5,5,5,5,5,5,5,5,5,5,5,5,5,5,5,5,5,5
24,1798,28,5,5,5,5,5,5,5,5,5,5,5,5,5,5,5,5,5,5,5,5
24,1799,28,5,5,5,5,5,5,5,5,5,5,5,5,5,5,5,5,5,5,5,5
24,1800,28,5,5,5,5,5,5,5,5,5,5,5,5,5,5,5,5,5,5,5,5
24,1801,28,5,5,5,5,5,5,5,5,5,5,5,5,5,5,5,5,5,5,5,5
24,1802,28,5,5,5,5,5,5,5,5,5,5,5,5,5,5,5,5,5,5,5,5
24,1803,28,5,5,5,5,5,5,5,5,5,5,5,5,5,5,5,5,5,5,5,5
24,1804,28,5,5,5,5,5,5,5,5,5,5,5,5,5,5,5,5,5,5,5,5
24,1805,28,5,5,5,5,5,5,5,5,5,5,5,5,5,5,5,5,5,5,5,5
24,1806,28,5,5,5,5,5,5,5,5,5,5,5,5,5,5,5,5,5,5,5,5
24,1807,28,5,5,5,5,5,5,5,5,5,5,5,5,5,5,5,5,5,5,5,5
24,1808,28,5,5,5,5,5,5,5,5,5,5,5,5,5,5,5,5,5,5,5,5
24,1809,28,5,5,5,5,5,5,5,5,5,5,5,5,5,5,5,5,5,5,5,5
24,1810,28,5,5,5,5,5,5,5,5,5,5,5,5,5,5,5,5,5,5,5,5
24,1811,28,5,5,5,5,5,5,5,5,5,5,5,5,5,5,5,5,5,5,5,5
24,1812,28,5,5,5,5,5,5,5,5,5,5,5,5,5,5,5,5,5,5,5,5
24,1813,28,5,5,5,5,5,5,5,5,5,5,5,5,5,5,5,5,5,5,5,5
24,1814,28,5,5,5,5,5,5,5,5,5,5,5,5,5,5,5,5,5,5,5,5
24,1815,35,3,3,3,3,3,3,3,3,3,3,3,3,3,3,3,3,3,3,3,3
24,1816,35,3,3,3,3,3,3,3,3,3,3,3,3,3,3,3,3,3,3,3,3
24,1817,35,3,3,3,3,3,3,3,3,3,3,3,3,3,3,3,3,3,3,3,3
24,1818,35,3,3,3,3,3,3,3,3,3,3,3,3,3,3,3,3,3,3,3,3
24,1819,35,3,3,3,3,3,3,3,3,3,3,3,3,3,3,3,3,3,3,3,3
24,1820,28,5,5,5,5,5,5,5,5,5,5,5,5,5,5,5,5,5,5,5,5
24,1821,35,3,3,3,3,3,3,3,3,3,3,3,3,3,3,3,3,3,3,3,3
24,1822,35,3,3,3,3,3,3,3,3,3,3,3,3,3,3,3,3,3,3,3,3
24,1823,35,3,3,3,3,3,3,3,3,3,3,3,3,3,3,3,3,3,3,3,3
24,1824,35,3,3,3,3,3,3,3,3,3,3,3,3,3,3,3,3,3,3,3,3
24,1825,35,3,3,3,3,3,3,3,3,3,3,3,3,3,3,3,3,3,3,3,3
24,1826,35,3,3,3,3,3,3,3,3,3,3,3,3,3,3,3,3,3,3,3,3
24,1827,35,3,3,3,3,3,3,3,3,3,3,3,3,3,3,3,3,3,3,3,3
