edon,seccion,munn,escenario1,panal_clv1,pan_clv1,pes_clv1,pri_clv1,pt_clv1,pvem_clv1,escenario2,mc_clv2,panal_clv2,pan_clv2,pes_clv2,prd_clv2,pri_clv2,pt_clv2,pvem_clv2,escenario3
26,1,1,1,1,1,1,1,1,1,1,1,1,1,1,1,1,1,1,1
26,2,1,1,1,1,1,1,1,1,1,1,1,1,1,1,1,1,1,1
26,3,2,2,2,2,2,2,2,2,2,2,2,2,2,2,2,2,2,2
26,4,2,2,2,2,2,2,2,2,2,2,2,2,2,2,2,2,2,2
26,5,2,2,2,2,2,2,2,2,2,2,2,2,2,2,2,2,2,2
26,6,2,2,2,2,2,2,2,2,2,2,2,2,2,2,2,2,2,2
26,7,2,2,2,2,2,2,2,2,2,2,2,2,2,2,2,2,2,2
26,8,2,2,2,2,2,2,2,2,2,2,2,2,2,2,2,2,2,2
26,9,2,2,2,2,2,2,2,2,2,2,2,2,2,2,2,2,2,2
26,10,2,2,2,2,2,2,2,2,2,2,2,2,2,2,2,2,2,2
26,11,2,2,2,2,2,2,2,2,2,2,2,2,2,2,2,2,2,2
26,12,2,2,2,2,2,2,2,2,2,2,2,2,2,2,2,2,2,2
26,13,2,2,2,2,2,2,2,2,2,2,2,2,2,2,2,2,2,2
26,14,2,2,2,2,2,2,2,2,2,2,2,2,2,2,2,2,2,2
26,15,2,2,2,2,2,2,2,2,2,2,2,2,2,2,2,2,2,2
26,16,2,2,2,2,2,2,2,2,2,2,2,2,2,2,2,2,2,2
26,17,2,2,2,2,2,2,2,2,2,2,2,2,2,2,2,2,2,2
26,18,2,2,2,2,2,2,2,2,2,2,2,2,2,2,2,2,2,2
26,19,2,2,2,2,2,2,2,2,2,2,2,2,2,2,2,2,2,2
26,20,2,2,2,2,2,2,2,2,2,2,2,2,2,2,2,2,2,2
26,21,2,2,2,2,2,2,2,2,2,2,2,2,2,2,2,2,2,2
26,22,2,2,2,2,2,2,2,2,2,2,2,2,2,2,2,2,2,2
26,23,2,2,2,2,2,2,2,2,2,2,2,2,2,2,2,2,2,2
26,24,2,2,2,2,2,2,2,2,2,2,2,2,2,2,2,2,2,2
26,25,2,2,2,2,2,2,2,2,2,2,2,2,2,2,2,2,2,2
26,26,2,2,2,2,2,2,2,2,2,2,2,2,2,2,2,2,2,2
26,27,2,2,2,2,2,2,2,2,2,2,2,2,2,2,2,2,2,2
26,28,2,2,2,2,2,2,2,2,2,2,2,2,2,2,2,2,2,2
26,29,2,2,2,2,2,2,2,2,2,2,2,2,2,2,2,2,2,2
26,30,2,2,2,2,2,2,2,2,2,2,2,2,2,2,2,2,2,2
26,31,2,2,2,2,2,2,2,2,2,2,2,2,2,2,2,2,2,2
26,32,2,2,2,2,2,2,2,2,2,2,2,2,2,2,2,2,2,2
26,34,3,3,3,3,3,3,3,3,3,3,3,3,3,3,3,3,3,3
26,35,3,3,3,3,3,3,3,3,3,3,3,3,3,3,3,3,3,3
26,37,3,3,3,3,3,3,3,3,3,3,3,3,3,3,3,3,3,3
26,38,4,1,1,1,1,1,1,1,1,1,1,1,1,1,1,1,1,1
26,39,4,1,1,1,1,1,1,1,1,1,1,1,1,1,1,1,1,1
26,40,4,1,1,1,1,1,1,1,1,1,1,1,1,1,1,1,1,1
26,41,5,1,2,2,2,2,2,2,1,2,2,2,2,2,2,2,2,2
26,42,5,1,2,2,2,2,2,2,1,2,2,2,2,2,2,2,2,2
26,43,5,1,2,2,2,2,2,2,1,2,2,2,2,2,2,2,2,2
26,44,5,1,2,2,2,2,2,2,1,2,2,2,2,2,2,2,2,2
26,45,5,1,2,2,2,2,2,2,1,2,2,2,2,2,2,2,2,2
26,46,6,3,3,3,3,3,3,3,3,3,3,3,3,3,3,3,3,3
26,47,7,1,1,1,1,1,1,1,1,1,1,1,1,1,1,1,1,1
26,48,8,1,1,1,1,1,1,1,1,1,1,1,1,1,1,1,1,1
26,49,8,1,1,1,1,1,1,1,1,1,1,1,1,1,1,1,1,1
26,50,8,1,1,1,1,1,1,1,1,1,1,1,1,1,1,1,1,1
26,51,8,1,1,1,1,1,1,1,1,1,1,1,1,1,1,1,1,1
26,52,9,1,1,1,1,1,1,1,1,1,1,1,1,1,1,1,1,1
26,53,9,1,1,1,1,1,1,1,1,1,1,1,1,1,1,1,1,1
26,54,10,1,2,2,2,2,2,2,1,2,2,2,2,2,2,2,2,2
26,55,10,1,2,2,2,2,2,2,1,2,2,2,2,2,2,2,2,2
26,56,11,1,1,1,1,1,1,1,1,1,1,1,1,1,1,1,1,1
26,57,11,1,1,1,1,1,1,1,1,1,1,1,1,1,1,1,1,1
26,58,12,1,1,1,1,1,1,1,1,1,1,1,1,1,1,1,1,1
26,59,12,1,1,1,1,1,1,1,1,1,1,1,1,1,1,1,1,1
26,60,12,1,1,1,1,1,1,1,1,1,1,1,1,1,1,1,1,1
26,61,12,1,1,1,1,1,1,1,1,1,1,1,1,1,1,1,1,1
26,62,12,1,1,1,1,1,1,1,1,1,1,1,1,1,1,1,1,1
26,63,12,1,1,1,1,1,1,1,1,1,1,1,1,1,1,1,1,1
26,64,13,1,1,1,1,1,1,1,1,1,1,1,1,1,1,1,1,1
26,65,13,1,1,1,1,1,1,1,1,1,1,1,1,1,1,1,1,1
26,66,14,1,3,3,3,3,3,3,1,1,1,1,1,1,1,1,1,1
26,67,14,1,3,3,3,3,3,3,1,1,1,1,1,1,1,1,1,1
26,68,14,1,3,3,3,3,3,3,1,1,1,1,1,1,1,1,1,1
26,69,14,1,3,3,3,3,3,3,1,1,1,1,1,1,1,1,1,1
26,70,15,2,2,2,2,2,2,2,2,2,2,2,2,2,2,2,2,2
26,71,15,2,2,2,2,2,2,2,2,2,2,2,2,2,2,2,2,2
26,72,15,2,2,2,2,2,2,2,2,2,2,2,2,2,2,2,2,2
26,73,15,2,2,2,2,2,2,2,2,2,2,2,2,2,2,2,2,2
26,74,15,2,2,2,2,2,2,2,2,2,2,2,2,2,2,2,2,2
26,75,15,2,2,2,2,2,2,2,2,2,2,2,2,2,2,2,2,2
26,76,15,2,2,2,2,2,2,2,2,2,2,2,2,2,2,2,2,2
26,77,15,2,2,2,2,2,2,2,2,2,2,2,2,2,2,2,2,2
26,78,15,2,2,2,2,2,2,2,2,2,2,2,2,2,2,2,2,2
26,79,15,2,2,2,2,2,2,2,2,2,2,2,2,2,2,2,2,2
26,80,15,2,2,2,2,2,2,2,2,2,2,2,2,2,2,2,2,2
26,81,15,2,2,2,2,2,2,2,2,2,2,2,2,2,2,2,2,2
26,82,15,2,2,2,2,2,2,2,2,2,2,2,2,2,2,2,2,2
26,83,15,2,2,2,2,2,2,2,2,2,2,2,2,2,2,2,2,2
26,84,15,2,2,2,2,2,2,2,2,2,2,2,2,2,2,2,2,2
26,85,15,2,2,2,2,2,2,2,2,2,2,2,2,2,2,2,2,2
26,86,15,2,2,2,2,2,2,2,2,2,2,2,2,2,2,2,2,2
26,87,15,2,2,2,2,2,2,2,2,2,2,2,2,2,2,2,2,2
26,88,15,2,2,2,2,2,2,2,2,2,2,2,2,2,2,2,2,2
26,89,16,1,2,2,2,2,2,2,1,2,2,2,2,2,2,2,2,2
26,90,16,1,2,2,2,2,2,2,1,2,2,2,2,2,2,2,2,2
26,91,16,1,2,2,2,2,2,2,1,2,2,2,2,2,2,2,2,2
26,92,17,1,1,1,1,1,1,1,1,1,1,1,1,1,1,1,1,1
26,93,17,1,1,1,1,1,1,1,1,1,1,1,1,1,1,1,1,1
26,94,17,1,1,1,1,1,1,1,1,1,1,1,1,1,1,1,1,1
26,95,17,1,1,1,1,1,1,1,1,1,1,1,1,1,1,1,1,1
26,96,17,1,1,1,1,1,1,1,1,1,1,1,1,1,1,1,1,1
26,97,17,1,1,1,1,1,1,1,1,1,1,1,1,1,1,1,1,1
26,98,17,1,1,1,1,1,1,1,1,1,1,1,1,1,1,1,1,1
26,99,17,1,1,1,1,1,1,1,1,1,1,1,1,1,1,1,1,1
26,100,18,1,1,1,1,1,1,1,1,1,1,1,1,1,1,1,1,1
26,101,19,1,2,2,2,2,2,2,1,2,2,2,2,2,2,2,2,2
26,102,19,1,2,2,2,2,2,2,1,2,2,2,2,2,2,2,2,2
26,103,19,1,2,2,2,2,2,2,1,2,2,2,2,2,2,2,2,2
26,104,19,1,2,2,2,2,2,2,1,2,2,2,2,2,2,2,2,2
26,105,19,1,2,2,2,2,2,2,1,2,2,2,2,2,2,2,2,2
26,106,20,1,1,1,1,1,1,1,1,1,1,1,1,1,1,1,1,1
26,107,21,1,1,1,1,1,1,1,1,1,1,1,1,1,1,1,1,1
26,108,21,1,1,1,1,1,1,1,1,1,1,1,1,1,1,1,1,1
26,109,22,1,1,1,1,1,1,1,1,1,1,1,1,1,1,1,1,1
26,110,23,1,1,1,1,1,1,1,1,1,1,1,1,1,1,1,1,1
26,111,23,1,1,1,1,1,1,1,1,1,1,1,1,1,1,1,1,1
26,112,24,2,2,2,2,2,2,2,2,2,2,2,2,2,2,2,2,2
26,113,24,2,2,2,2,2,2,2,2,2,2,2,2,2,2,2,2,2
26,114,24,2,2,2,2,2,2,2,2,2,2,2,2,2,2,2,2,2
26,115,24,2,2,2,2,2,2,2,2,2,2,2,2,2,2,2,2,2
26,116,24,2,2,2,2,2,2,2,2,2,2,2,2,2,2,2,2,2
26,117,24,2,2,2,2,2,2,2,2,2,2,2,2,2,2,2,2,2
26,120,24,2,2,2,2,2,2,2,2,2,2,2,2,2,2,2,2,2
26,121,24,2,2,2,2,2,2,2,2,2,2,2,2,2,2,2,2,2
26,122,24,2,2,2,2,2,2,2,2,2,2,2,2,2,2,2,2,2
26,123,25,2,2,2,2,2,2,2,2,2,2,2,2,2,2,2,2,2
26,124,25,2,2,2,2,2,2,2,2,2,2,2,2,2,2,2,2,2
26,125,25,2,2,2,2,2,2,2,2,2,2,2,2,2,2,2,2,2
26,126,25,2,2,2,2,2,2,2,2,2,2,2,2,2,2,2,2,2
26,127,25,2,2,2,2,2,2,2,2,2,2,2,2,2,2,2,2,2
26,128,25,2,2,2,2,2,2,2,2,2,2,2,2,2,2,2,2,2
26,129,25,2,2,2,2,2,2,2,2,2,2,2,2,2,2,2,2,2
26,130,25,2,2,2,2,2,2,2,2,2,2,2,2,2,2,2,2,2
26,131,25,2,2,2,2,2,2,2,2,2,2,2,2,2,2,2,2,2
26,132,25,2,2,2,2,2,2,2,2,2,2,2,2,2,2,2,2,2
26,133,25,2,2,2,2,2,2,2,2,2,2,2,2,2,2,2,2,2
26,134,25,2,2,2,2,2,2,2,2,2,2,2,2,2,2,2,2,2
26,135,25,2,2,2,2,2,2,2,2,2,2,2,2,2,2,2,2,2
26,136,25,2,2,2,2,2,2,2,2,2,2,2,2,2,2,2,2,2
26,137,25,2,2,2,2,2,2,2,2,2,2,2,2,2,2,2,2,2
26,138,26,1,1,1,1,1,1,1,1,1,1,1,1,1,1,1,1,1
26,139,26,1,1,1,1,1,1,1,1,1,1,1,1,1,1,1,1,1
26,140,26,1,1,1,1,1,1,1,1,1,1,1,1,1,1,1,1,1
26,141,26,1,1,1,1,1,1,1,1,1,1,1,1,1,1,1,1,1
26,142,27,2,2,2,2,2,2,2,2,2,2,2,2,2,2,2,2,2
26,143,27,2,2,2,2,2,2,2,2,2,2,2,2,2,2,2,2,2
26,144,27,2,2,2,2,2,2,2,2,2,2,2,2,2,2,2,2,2
26,145,27,2,2,2,2,2,2,2,2,2,2,2,2,2,2,2,2,2
26,146,28,1,1,1,1,1,1,1,1,1,1,1,1,1,1,1,1,1
26,147,28,1,1,1,1,1,1,1,1,1,1,1,1,1,1,1,1,1
26,148,28,1,1,1,1,1,1,1,1,1,1,1,1,1,1,1,1,1
26,149,29,1,1,1,1,1,1,1,1,1,1,1,1,1,1,1,1,1
26,150,29,1,1,1,1,1,1,1,1,1,1,1,1,1,1,1,1,1
26,151,29,1,1,1,1,1,1,1,1,1,1,1,1,1,1,1,1,1
26,152,29,1,1,1,1,1,1,1,1,1,1,1,1,1,1,1,1,1
26,153,29,1,1,1,1,1,1,1,1,1,1,1,1,1,1,1,1,1
26,154,29,1,1,1,1,1,1,1,1,1,1,1,1,1,1,1,1,1
26,155,29,1,1,1,1,1,1,1,1,1,1,1,1,1,1,1,1,1
26,156,29,1,1,1,1,1,1,1,1,1,1,1,1,1,1,1,1,1
26,157,29,1,1,1,1,1,1,1,1,1,1,1,1,1,1,1,1,1
26,158,29,1,1,1,1,1,1,1,1,1,1,1,1,1,1,1,1,1
26,159,30,2,2,2,2,2,2,2,2,2,2,2,2,2,2,2,2,2
26,160,30,2,2,2,2,2,2,2,2,2,2,2,2,2,2,2,2,2
26,161,30,2,2,2,2,2,2,2,2,2,2,2,2,2,2,2,2,2
26,162,30,2,2,2,2,2,2,2,2,2,2,2,2,2,2,2,2,2
26,163,30,2,2,2,2,2,2,2,2,2,2,2,2,2,2,2,2,2
26,164,30,2,2,2,2,2,2,2,2,2,2,2,2,2,2,2,2,2
26,165,30,2,2,2,2,2,2,2,2,2,2,2,2,2,2,2,2,2
26,166,30,2,2,2,2,2,2,2,2,2,2,2,2,2,2,2,2,2
26,167,30,2,2,2,2,2,2,2,2,2,2,2,2,2,2,2,2,2
26,168,30,2,2,2,2,2,2,2,2,2,2,2,2,2,2,2,2,2
26,169,30,2,2,2,2,2,2,2,2,2,2,2,2,2,2,2,2,2
26,170,30,2,2,2,2,2,2,2,2,2,2,2,2,2,2,2,2,2
26,171,30,2,2,2,2,2,2,2,2,2,2,2,2,2,2,2,2,2
26,172,30,2,2,2,2,2,2,2,2,2,2,2,2,2,2,2,2,2
26,173,30,2,2,2,2,2,2,2,2,2,2,2,2,2,2,2,2,2
26,174,30,2,2,2,2,2,2,2,2,2,2,2,2,2,2,2,2,2
26,175,30,2,2,2,2,2,2,2,2,2,2,2,2,2,2,2,2,2
26,176,30,2,2,2,2,2,2,2,2,2,2,2,2,2,2,2,2,2
26,177,30,2,2,2,2,2,2,2,2,2,2,2,2,2,2,2,2,2
26,178,30,2,2,2,2,2,2,2,2,2,2,2,2,2,2,2,2,2
26,179,30,2,2,2,2,2,2,2,2,2,2,2,2,2,2,2,2,2
26,180,30,2,2,2,2,2,2,2,2,2,2,2,2,2,2,2,2,2
26,181,30,2,2,2,2,2,2,2,2,2,2,2,2,2,2,2,2,2
26,182,30,2,2,2,2,2,2,2,2,2,2,2,2,2,2,2,2,2
26,183,30,2,2,2,2,2,2,2,2,2,2,2,2,2,2,2,2,2
26,184,30,2,2,2,2,2,2,2,2,2,2,2,2,2,2,2,2,2
26,185,30,2,2,2,2,2,2,2,2,2,2,2,2,2,2,2,2,2
26,186,30,2,2,2,2,2,2,2,2,2,2,2,2,2,2,2,2,2
26,187,30,2,2,2,2,2,2,2,2,2,2,2,2,2,2,2,2,2
26,188,30,2,2,2,2,2,2,2,2,2,2,2,2,2,2,2,2,2
26,189,30,2,2,2,2,2,2,2,2,2,2,2,2,2,2,2,2,2
26,190,30,2,2,2,2,2,2,2,2,2,2,2,2,2,2,2,2,2
26,191,30,2,2,2,2,2,2,2,2,2,2,2,2,2,2,2,2,2
26,192,30,2,2,2,2,2,2,2,2,2,2,2,2,2,2,2,2,2
26,193,30,2,2,2,2,2,2,2,2,2,2,2,2,2,2,2,2,2
26,194,30,2,2,2,2,2,2,2,2,2,2,2,2,2,2,2,2,2
26,195,30,2,2,2,2,2,2,2,2,2,2,2,2,2,2,2,2,2
26,196,30,2,2,2,2,2,2,2,2,2,2,2,2,2,2,2,2,2
26,197,30,2,2,2,2,2,2,2,2,2,2,2,2,2,2,2,2,2
26,198,30,2,2,2,2,2,2,2,2,2,2,2,2,2,2,2,2,2
26,199,30,2,2,2,2,2,2,2,2,2,2,2,2,2,2,2,2,2
26,200,30,2,2,2,2,2,2,2,2,2,2,2,2,2,2,2,2,2
26,201,30,2,2,2,2,2,2,2,2,2,2,2,2,2,2,2,2,2
26,202,30,2,2,2,2,2,2,2,2,2,2,2,2,2,2,2,2,2
26,203,30,2,2,2,2,2,2,2,2,2,2,2,2,2,2,2,2,2
26,204,30,2,2,2,2,2,2,2,2,2,2,2,2,2,2,2,2,2
26,205,30,2,2,2,2,2,2,2,2,2,2,2,2,2,2,2,2,2
26,206,30,2,2,2,2,2,2,2,2,2,2,2,2,2,2,2,2,2
26,207,30,2,2,2,2,2,2,2,2,2,2,2,2,2,2,2,2,2
26,208,30,2,2,2,2,2,2,2,2,2,2,2,2,2,2,2,2,2
26,209,30,2,2,2,2,2,2,2,2,2,2,2,2,2,2,2,2,2
26,210,30,2,2,2,2,2,2,2,2,2,2,2,2,2,2,2,2,2
26,211,30,2,2,2,2,2,2,2,2,2,2,2,2,2,2,2,2,2
26,212,30,2,2,2,2,2,2,2,2,2,2,2,2,2,2,2,2,2
26,213,30,2,2,2,2,2,2,2,2,2,2,2,2,2,2,2,2,2
26,214,30,2,2,2,2,2,2,2,2,2,2,2,2,2,2,2,2,2
26,215,30,2,2,2,2,2,2,2,2,2,2,2,2,2,2,2,2,2
26,216,30,2,2,2,2,2,2,2,2,2,2,2,2,2,2,2,2,2
26,217,30,2,2,2,2,2,2,2,2,2,2,2,2,2,2,2,2,2
26,218,30,2,2,2,2,2,2,2,2,2,2,2,2,2,2,2,2,2
26,219,30,2,2,2,2,2,2,2,2,2,2,2,2,2,2,2,2,2
26,220,30,2,2,2,2,2,2,2,2,2,2,2,2,2,2,2,2,2
26,221,30,2,2,2,2,2,2,2,2,2,2,2,2,2,2,2,2,2
26,222,30,2,2,2,2,2,2,2,2,2,2,2,2,2,2,2,2,2
26,223,30,2,2,2,2,2,2,2,2,2,2,2,2,2,2,2,2,2
26,225,30,2,2,2,2,2,2,2,2,2,2,2,2,2,2,2,2,2
26,226,30,2,2,2,2,2,2,2,2,2,2,2,2,2,2,2,2,2
26,228,30,2,2,2,2,2,2,2,2,2,2,2,2,2,2,2,2,2
26,229,30,2,2,2,2,2,2,2,2,2,2,2,2,2,2,2,2,2
26,230,30,2,2,2,2,2,2,2,2,2,2,2,2,2,2,2,2,2
26,231,30,2,2,2,2,2,2,2,2,2,2,2,2,2,2,2,2,2
26,232,31,3,3,3,3,3,3,3,3,3,3,3,3,3,3,3,3,3
26,233,32,1,1,1,1,1,1,1,1,1,1,1,1,1,1,1,1,1
26,234,32,1,1,1,1,1,1,1,1,1,1,1,1,1,1,1,1,1
26,235,32,1,1,1,1,1,1,1,1,1,1,1,1,1,1,1,1,1
26,236,32,1,1,1,1,1,1,1,1,1,1,1,1,1,1,1,1,1
26,238,32,1,1,1,1,1,1,1,1,1,1,1,1,1,1,1,1,1
26,239,32,1,1,1,1,1,1,1,1,1,1,1,1,1,1,1,1,1
26,240,32,1,1,1,1,1,1,1,1,1,1,1,1,1,1,1,1,1
26,241,32,1,1,1,1,1,1,1,1,1,1,1,1,1,1,1,1,1
26,243,32,1,1,1,1,1,1,1,1,1,1,1,1,1,1,1,1,1
26,244,32,1,1,1,1,1,1,1,1,1,1,1,1,1,1,1,1,1
26,245,32,1,1,1,1,1,1,1,1,1,1,1,1,1,1,1,1,1
26,246,32,1,1,1,1,1,1,1,1,1,1,1,1,1,1,1,1,1
26,247,33,1,1,1,1,1,1,1,1,1,1,1,1,1,1,1,1,1
26,248,34,1,1,1,1,1,1,1,1,1,1,1,1,1,1,1,1,1
26,249,35,1,1,1,1,1,1,1,1,1,1,1,1,1,1,1,1,1
26,250,35,1,1,1,1,1,1,1,1,1,1,1,1,1,1,1,1,1
26,251,35,1,1,1,1,1,1,1,1,1,1,1,1,1,1,1,1,1
26,252,36,1,3,3,3,3,3,3,1,1,1,1,1,1,1,1,1,1
26,253,36,1,3,3,3,3,3,3,1,1,1,1,1,1,1,1,1,1
26,254,36,1,3,3,3,3,3,3,1,1,1,1,1,1,1,1,1,1
26,255,36,1,3,3,3,3,3,3,1,1,1,1,1,1,1,1,1,1
26,256,36,1,3,3,3,3,3,3,1,1,1,1,1,1,1,1,1,1
26,257,36,1,3,3,3,3,3,3,1,1,1,1,1,1,1,1,1,1
26,258,36,1,3,3,3,3,3,3,1,1,1,1,1,1,1,1,1,1
26,259,36,1,3,3,3,3,3,3,1,1,1,1,1,1,1,1,1,1
26,260,36,1,3,3,3,3,3,3,1,1,1,1,1,1,1,1,1,1
26,261,36,1,3,3,3,3,3,3,1,1,1,1,1,1,1,1,1,1
26,262,36,1,3,3,3,3,3,3,1,1,1,1,1,1,1,1,1,1
26,263,36,1,3,3,3,3,3,3,1,1,1,1,1,1,1,1,1,1
26,264,37,2,2,2,2,2,2,2,2,2,2,2,2,2,2,2,2,2
26,265,38,3,3,3,3,3,3,3,3,3,3,3,3,3,3,3,3,3
26,266,38,3,3,3,3,3,3,3,3,3,3,3,3,3,3,3,3,3
26,267,39,1,1,1,1,1,1,1,1,1,1,1,1,1,1,1,1,1
26,268,39,1,1,1,1,1,1,1,1,1,1,1,1,1,1,1,1,1
26,269,39,1,1,1,1,1,1,1,1,1,1,1,1,1,1,1,1,1
26,270,39,1,1,1,1,1,1,1,1,1,1,1,1,1,1,1,1,1
26,271,39,1,1,1,1,1,1,1,1,1,1,1,1,1,1,1,1,1
26,272,39,1,1,1,1,1,1,1,1,1,1,1,1,1,1,1,1,1
26,273,40,1,1,1,1,1,1,1,1,1,1,1,1,1,1,1,1,1
26,274,41,1,1,1,1,1,1,1,1,1,1,1,1,1,1,1,1,1
26,275,41,1,1,1,1,1,1,1,1,1,1,1,1,1,1,1,1,1
26,276,41,1,1,1,1,1,1,1,1,1,1,1,1,1,1,1,1,1
26,278,42,3,3,3,3,3,3,3,3,3,3,3,3,3,3,3,3,3
26,279,42,3,3,3,3,3,3,3,3,3,3,3,3,3,3,3,3,3
26,280,42,3,3,3,3,3,3,3,3,3,3,3,3,3,3,3,3,3
26,281,43,3,3,3,3,3,3,3,3,3,3,3,3,3,3,3,3,3
26,282,43,3,3,3,3,3,3,3,3,3,3,3,3,3,3,3,3,3
26,283,43,3,3,3,3,3,3,3,3,3,3,3,3,3,3,3,3,3
26,284,43,3,3,3,3,3,3,3,3,3,3,3,3,3,3,3,3,3
26,285,43,3,3,3,3,3,3,3,3,3,3,3,3,3,3,3,3,3
26,286,44,1,1,1,1,1,1,1,1,1,1,1,1,1,1,1,1,1
26,287,44,1,1,1,1,1,1,1,1,1,1,1,1,1,1,1,1,1
26,288,44,1,1,1,1,1,1,1,1,1,1,1,1,1,1,1,1,1
26,289,45,1,1,1,1,1,1,1,1,1,1,1,1,1,1,1,1,1
26,290,45,1,1,1,1,1,1,1,1,1,1,1,1,1,1,1,1,1
26,291,45,1,1,1,1,1,1,1,1,1,1,1,1,1,1,1,1,1
26,292,46,3,3,3,3,3,3,3,3,3,3,3,3,3,3,3,3,3
26,293,46,3,3,3,3,3,3,3,3,3,3,3,3,3,3,3,3,3
26,294,46,3,3,3,3,3,3,3,3,3,3,3,3,3,3,3,3,3
26,295,46,3,3,3,3,3,3,3,3,3,3,3,3,3,3,3,3,3
26,296,46,3,3,3,3,3,3,3,3,3,3,3,3,3,3,3,3,3
26,297,46,3,3,3,3,3,3,3,3,3,3,3,3,3,3,3,3,3
26,298,46,3,3,3,3,3,3,3,3,3,3,3,3,3,3,3,3,3
26,299,46,3,3,3,3,3,3,3,3,3,3,3,3,3,3,3,3,3
26,300,46,3,3,3,3,3,3,3,3,3,3,3,3,3,3,3,3,3
26,301,46,3,3,3,3,3,3,3,3,3,3,3,3,3,3,3,3,3
26,302,46,3,3,3,3,3,3,3,3,3,3,3,3,3,3,3,3,3
26,303,46,3,3,3,3,3,3,3,3,3,3,3,3,3,3,3,3,3
26,304,46,3,3,3,3,3,3,3,3,3,3,3,3,3,3,3,3,3
26,305,46,3,3,3,3,3,3,3,3,3,3,3,3,3,3,3,3,3
26,306,46,3,3,3,3,3,3,3,3,3,3,3,3,3,3,3,3,3
26,307,46,3,3,3,3,3,3,3,3,3,3,3,3,3,3,3,3,3
26,308,46,3,3,3,3,3,3,3,3,3,3,3,3,3,3,3,3,3
26,309,46,3,3,3,3,3,3,3,3,3,3,3,3,3,3,3,3,3
26,310,46,3,3,3,3,3,3,3,3,3,3,3,3,3,3,3,3,3
26,311,46,3,3,3,3,3,3,3,3,3,3,3,3,3,3,3,3,3
26,312,46,3,3,3,3,3,3,3,3,3,3,3,3,3,3,3,3,3
26,313,46,3,3,3,3,3,3,3,3,3,3,3,3,3,3,3,3,3
26,314,46,3,3,3,3,3,3,3,3,3,3,3,3,3,3,3,3,3
26,315,46,3,3,3,3,3,3,3,3,3,3,3,3,3,3,3,3,3
26,316,46,3,3,3,3,3,3,3,3,3,3,3,3,3,3,3,3,3
26,317,46,3,3,3,3,3,3,3,3,3,3,3,3,3,3,3,3,3
26,319,46,3,3,3,3,3,3,3,3,3,3,3,3,3,3,3,3,3
26,320,46,3,3,3,3,3,3,3,3,3,3,3,3,3,3,3,3,3
26,321,46,3,3,3,3,3,3,3,3,3,3,3,3,3,3,3,3,3
26,322,46,3,3,3,3,3,3,3,3,3,3,3,3,3,3,3,3,3
26,323,46,3,3,3,3,3,3,3,3,3,3,3,3,3,3,3,3,3
26,324,46,3,3,3,3,3,3,3,3,3,3,3,3,3,3,3,3,3
26,325,46,3,3,3,3,3,3,3,3,3,3,3,3,3,3,3,3,3
26,326,46,3,3,3,3,3,3,3,3,3,3,3,3,3,3,3,3,3
26,327,46,3,3,3,3,3,3,3,3,3,3,3,3,3,3,3,3,3
26,328,46,3,3,3,3,3,3,3,3,3,3,3,3,3,3,3,3,3
26,329,47,1,1,1,1,1,1,1,1,1,1,1,1,1,1,1,1,1
26,330,47,1,1,1,1,1,1,1,1,1,1,1,1,1,1,1,1,1
26,331,48,1,1,1,1,1,1,1,1,1,1,1,1,1,1,1,1,1
26,332,48,1,1,1,1,1,1,1,1,1,1,1,1,1,1,1,1,1
26,333,48,1,1,1,1,1,1,1,1,1,1,1,1,1,1,1,1,1
26,334,48,1,1,1,1,1,1,1,1,1,1,1,1,1,1,1,1,1
26,335,48,1,1,1,1,1,1,1,1,1,1,1,1,1,1,1,1,1
26,336,49,5,4,4,4,4,4,4,5,4,4,4,4,4,4,4,4,4
26,337,49,5,4,4,4,4,4,4,5,4,4,4,4,4,4,4,4,4
26,338,49,5,4,4,4,4,4,4,5,4,4,4,4,4,4,4,4,4
26,339,49,5,4,4,4,4,4,4,5,4,4,4,4,4,4,4,4,4
26,340,49,5,4,4,4,4,4,4,5,4,4,4,4,4,4,4,4,4
26,341,49,5,5,5,5,5,5,5,5,5,5,5,5,5,5,5,5,5
26,342,49,5,4,4,4,4,4,4,5,4,4,4,4,4,4,4,4,4
26,343,49,5,4,4,4,4,4,4,5,4,4,4,4,4,4,4,4,4
26,344,49,5,5,5,5,5,5,5,5,5,5,5,5,5,5,5,5,5
26,345,49,5,4,4,4,4,4,4,5,4,4,4,4,4,4,4,4,4
26,346,49,5,4,4,4,4,4,4,5,4,4,4,4,4,4,4,4,4
26,347,49,5,4,4,4,4,4,4,5,4,4,4,4,4,4,4,4,4
26,348,49,5,4,4,4,4,4,4,5,4,4,4,4,4,4,4,4,4
26,349,49,5,4,4,4,4,4,4,5,4,4,4,4,4,4,4,4,4
26,350,49,5,4,4,4,4,4,4,5,4,4,4,4,4,4,4,4,4
26,351,49,5,4,4,4,4,4,4,5,4,4,4,4,4,4,4,4,4
26,353,49,5,4,4,4,4,4,4,5,4,4,4,4,4,4,4,4,4
26,354,49,5,4,4,4,4,4,4,5,4,4,4,4,4,4,4,4,4
26,355,49,5,4,4,4,4,4,4,5,4,4,4,4,4,4,4,4,4
26,356,49,5,4,4,4,4,4,4,5,4,4,4,4,4,4,4,4,4
26,357,49,5,4,4,4,4,4,4,5,4,4,4,4,4,4,4,4,4
26,358,49,5,4,4,4,4,4,4,5,4,4,4,4,4,4,4,4,4
26,359,49,5,4,4,4,4,4,4,5,4,4,4,4,4,4,4,4,4
26,360,49,5,4,4,4,4,4,4,5,4,4,4,4,4,4,4,4,4
26,361,49,5,4,4,4,4,4,4,5,4,4,4,4,4,4,4,4,4
26,362,49,5,4,4,4,4,4,4,5,4,4,4,4,4,4,4,4,4
26,363,49,5,4,4,4,4,4,4,5,4,4,4,4,4,4,4,4,4
26,364,49,5,4,4,4,4,4,4,5,4,4,4,4,4,4,4,4,4
26,365,49,5,4,4,4,4,4,4,5,4,4,4,4,4,4,4,4,4
26,366,49,5,4,4,4,4,4,4,5,4,4,4,4,4,4,4,4,4
26,367,49,5,4,4,4,4,4,4,5,4,4,4,4,4,4,4,4,4
26,368,49,5,4,4,4,4,4,4,5,4,4,4,4,4,4,4,4,4
26,369,49,5,4,4,4,4,4,4,5,4,4,4,4,4,4,4,4,4
26,370,49,5,4,4,4,4,4,4,5,4,4,4,4,4,4,4,4,4
26,371,49,5,4,4,4,4,4,4,5,4,4,4,4,4,4,4,4,4
26,372,49,5,4,4,4,4,4,4,5,4,4,4,4,4,4,4,4,4
26,373,49,5,4,4,4,4,4,4,5,4,4,4,4,4,4,4,4,4
26,374,49,5,4,4,4,4,4,4,5,4,4,4,4,4,4,4,4,4
26,375,49,5,4,4,4,4,4,4,5,4,4,4,4,4,4,4,4,4
26,376,49,5,4,4,4,4,4,4,5,4,4,4,4,4,4,4,4,4
26,377,49,5,4,4,4,4,4,4,5,4,4,4,4,4,4,4,4,4
26,378,49,5,4,4,4,4,4,4,5,4,4,4,4,4,4,4,4,4
26,379,49,5,4,4,4,4,4,4,5,4,4,4,4,4,4,4,4,4
26,380,49,5,4,4,4,4,4,4,5,4,4,4,4,4,4,4,4,4
26,381,49,5,4,4,4,4,4,4,5,4,4,4,4,4,4,4,4,4
26,382,49,5,4,4,4,4,4,4,5,4,4,4,4,4,4,4,4,4
26,383,49,5,4,4,4,4,4,4,5,4,4,4,4,4,4,4,4,4
26,384,49,5,4,4,4,4,4,4,5,4,4,4,4,4,4,4,4,4
26,385,49,5,4,4,4,4,4,4,5,4,4,4,4,4,4,4,4,4
26,386,49,5,4,4,4,4,4,4,5,4,4,4,4,4,4,4,4,4
26,387,49,5,4,4,4,4,4,4,5,4,4,4,4,4,4,4,4,4
26,388,49,5,4,4,4,4,4,4,5,4,4,4,4,4,4,4,4,4
26,389,49,5,4,4,4,4,4,4,5,4,4,4,4,4,4,4,4,4
26,390,49,5,4,4,4,4,4,4,5,4,4,4,4,4,4,4,4,4
26,391,49,5,5,5,5,5,5,5,5,5,5,5,5,5,5,5,5,5
26,392,49,5,4,4,4,4,4,4,5,4,4,4,4,4,4,4,4,4
26,393,49,5,4,4,4,4,4,4,5,4,4,4,4,4,4,4,4,4
26,394,49,5,4,4,4,4,4,4,5,4,4,4,4,4,4,4,4,4
26,395,49,5,4,4,4,4,4,4,5,4,4,4,4,4,4,4,4,4
26,396,49,5,4,4,4,4,4,4,5,4,4,4,4,4,4,4,4,4
26,397,49,5,4,4,4,4,4,4,5,4,4,4,4,4,4,4,4,4
26,398,49,5,4,4,4,4,4,4,5,4,4,4,4,4,4,4,4,4
26,399,49,5,4,4,4,4,4,4,5,4,4,4,4,4,4,4,4,4
26,400,49,5,4,4,4,4,4,4,5,4,4,4,4,4,4,4,4,4
26,401,49,5,4,4,4,4,4,4,5,4,4,4,4,4,4,4,4,4
26,402,49,5,4,4,4,4,4,4,5,4,4,4,4,4,4,4,4,4
26,403,49,5,4,4,4,4,4,4,5,4,4,4,4,4,4,4,4,4
26,404,49,5,4,4,4,4,4,4,5,4,4,4,4,4,4,4,4,4
26,405,49,5,4,4,4,4,4,4,5,4,4,4,4,4,4,4,4,4
26,406,49,5,4,4,4,4,4,4,5,4,4,4,4,4,4,4,4,4
26,407,49,5,4,4,4,4,4,4,5,4,4,4,4,4,4,4,4,4
26,408,49,5,4,4,4,4,4,4,5,4,4,4,4,4,4,4,4,4
26,409,49,5,4,4,4,4,4,4,5,4,4,4,4,4,4,4,4,4
26,410,49,5,4,4,4,4,4,4,5,4,4,4,4,4,4,4,4,4
26,411,49,5,4,4,4,4,4,4,5,4,4,4,4,4,4,4,4,4
26,412,49,5,5,5,5,5,5,5,5,5,5,5,5,5,5,5,5,5
26,413,49,6,5,5,5,5,5,5,6,5,5,5,5,5,5,5,5,5
26,414,49,6,5,5,5,5,5,5,6,5,5,5,5,5,5,5,5,5
26,415,49,6,5,5,5,5,5,5,6,5,5,5,5,5,5,5,5,5
26,416,49,6,5,5,5,5,5,5,6,5,5,5,5,5,5,5,5,5
26,417,49,6,5,5,5,5,5,5,6,5,5,5,5,5,5,5,5,5
26,418,49,6,5,5,5,5,5,5,6,5,5,5,5,5,5,5,5,5
26,419,49,5,5,5,5,5,5,5,5,5,5,5,5,5,5,5,5,5
26,420,49,5,4,4,4,4,4,4,5,4,4,4,4,4,4,4,4,4
26,421,49,5,4,4,4,4,4,4,5,4,4,4,4,4,4,4,4,4
26,422,49,5,4,4,4,4,4,4,5,4,4,4,4,4,4,4,4,4
26,423,49,5,4,4,4,4,4,4,5,4,4,4,4,4,4,4,4,4
26,424,49,5,4,4,4,4,4,4,5,4,4,4,4,4,4,4,4,4
26,425,49,5,4,4,4,4,4,4,5,4,4,4,4,4,4,4,4,4
26,426,49,5,4,4,4,4,4,4,5,4,4,4,4,4,4,4,4,4
26,427,49,5,4,4,4,4,4,4,5,4,4,4,4,4,4,4,4,4
26,428,49,5,4,4,4,4,4,4,5,4,4,4,4,4,4,4,4,4
26,429,49,5,4,4,4,4,4,4,5,4,4,4,4,4,4,4,4,4
26,430,49,5,4,4,4,4,4,4,5,4,4,4,4,4,4,4,4,4
26,431,49,5,4,4,4,4,4,4,5,4,4,4,4,4,4,4,4,4
26,432,49,5,4,4,4,4,4,4,5,4,4,4,4,4,4,4,4,4
26,433,49,5,4,4,4,4,4,4,5,4,4,4,4,4,4,4,4,4
26,434,49,5,4,4,4,4,4,4,5,4,4,4,4,4,4,4,4,4
26,435,49,5,4,4,4,4,4,4,5,4,4,4,4,4,4,4,4,4
26,436,49,5,4,4,4,4,4,4,5,4,4,4,4,4,4,4,4,4
26,437,49,5,4,4,4,4,4,4,5,4,4,4,4,4,4,4,4,4
26,438,49,5,4,4,4,4,4,4,5,4,4,4,4,4,4,4,4,4
26,439,49,6,5,5,5,5,5,5,6,5,5,5,5,5,5,5,5,5
26,440,49,5,5,5,5,5,5,5,5,5,5,5,5,5,5,5,5,5
26,441,49,5,5,5,5,5,5,5,5,5,5,5,5,5,5,5,5,5
26,442,49,5,5,5,5,5,5,5,5,5,5,5,5,5,5,5,5,5
26,443,49,5,5,5,5,5,5,5,5,5,5,5,5,5,5,5,5,5
26,444,49,5,4,4,4,4,4,4,5,4,4,4,4,4,4,4,4,4
26,445,49,5,4,4,4,4,4,4,5,4,4,4,4,4,4,4,4,4
26,446,49,5,4,4,4,4,4,4,5,4,4,4,4,4,4,4,4,4
26,447,49,5,4,4,4,4,4,4,5,4,4,4,4,4,4,4,4,4
26,448,49,5,4,4,4,4,4,4,5,4,4,4,4,4,4,4,4,4
26,449,49,5,4,4,4,4,4,4,5,4,4,4,4,4,4,4,4,4
26,450,49,5,5,5,5,5,5,5,5,5,5,5,5,5,5,5,5,5
26,451,49,5,5,5,5,5,5,5,5,5,5,5,5,5,5,5,5,5
26,452,49,5,5,5,5,5,5,5,5,5,5,5,5,5,5,5,5,5
26,453,49,5,5,5,5,5,5,5,5,5,5,5,5,5,5,5,5,5
26,454,49,5,4,4,4,4,4,4,5,4,4,4,4,4,4,4,4,4
26,455,49,5,5,5,5,5,5,5,5,5,5,5,5,5,5,5,5,5
26,456,49,6,5,5,5,5,5,5,6,5,5,5,5,5,5,5,5,5
26,457,49,5,5,5,5,5,5,5,5,5,5,5,5,5,5,5,5,5
26,458,49,5,5,5,5,5,5,5,5,5,5,5,5,5,5,5,5,5
26,459,49,5,5,5,5,5,5,5,5,5,5,5,5,5,5,5,5,5
26,460,49,5,5,5,5,5,5,5,5,5,5,5,5,5,5,5,5,5
26,461,49,5,5,5,5,5,5,5,5,5,5,5,5,5,5,5,5,5
26,462,49,5,5,5,5,5,5,5,5,5,5,5,5,5,5,5,5,5
26,463,49,5,5,5,5,5,5,5,5,5,5,5,5,5,5,5,5,5
26,464,49,5,5,5,5,5,5,5,5,5,5,5,5,5,5,5,5,5
26,465,49,5,5,5,5,5,5,5,5,5,5,5,5,5,5,5,5,5
26,466,49,5,5,5,5,5,5,5,5,5,5,5,5,5,5,5,5,5
26,467,49,5,5,5,5,5,5,5,5,5,5,5,5,5,5,5,5,5
26,468,49,5,5,5,5,5,5,5,5,5,5,5,5,5,5,5,5,5
26,469,49,5,5,5,5,5,5,5,5,5,5,5,5,5,5,5,5,5
26,470,49,5,5,5,5,5,5,5,5,5,5,5,5,5,5,5,5,5
26,471,49,5,5,5,5,5,5,5,5,5,5,5,5,5,5,5,5,5
26,472,49,5,5,5,5,5,5,5,5,5,5,5,5,5,5,5,5,5
26,473,49,5,5,5,5,5,5,5,5,5,5,5,5,5,5,5,5,5
26,474,49,5,5,5,5,5,5,5,5,5,5,5,5,5,5,5,5,5
26,475,49,5,5,5,5,5,5,5,5,5,5,5,5,5,5,5,5,5
26,476,49,5,5,5,5,5,5,5,5,5,5,5,5,5,5,5,5,5
26,477,49,5,5,5,5,5,5,5,5,5,5,5,5,5,5,5,5,5
26,478,49,5,5,5,5,5,5,5,5,5,5,5,5,5,5,5,5,5
26,479,49,5,5,5,5,5,5,5,5,5,5,5,5,5,5,5,5,5
26,480,49,5,5,5,5,5,5,5,5,5,5,5,5,5,5,5,5,5
26,481,49,5,5,5,5,5,5,5,5,5,5,5,5,5,5,5,5,5
26,482,49,5,5,5,5,5,5,5,5,5,5,5,5,5,5,5,5,5
26,483,49,6,5,5,5,5,5,5,6,5,5,5,5,5,5,5,5,5
26,484,49,6,5,5,5,5,5,5,6,5,5,5,5,5,5,5,5,5
26,485,49,6,5,5,5,5,5,5,6,5,5,5,5,5,5,5,5,5
26,486,49,6,5,5,5,5,5,5,6,5,5,5,5,5,5,5,5,5
26,487,49,6,5,5,5,5,5,5,6,5,5,5,5,5,5,5,5,5
26,488,49,6,5,5,5,5,5,5,6,5,5,5,5,5,5,5,5,5
26,489,49,6,5,5,5,5,5,5,6,5,5,5,5,5,5,5,5,5
26,490,49,5,5,5,5,5,5,5,5,5,5,5,5,5,5,5,5,5
26,491,49,5,5,5,5,5,5,5,5,5,5,5,5,5,5,5,5,5
26,492,49,5,5,5,5,5,5,5,5,5,5,5,5,5,5,5,5,5
26,493,49,5,5,5,5,5,5,5,5,5,5,5,5,5,5,5,5,5
26,494,49,5,5,5,5,5,5,5,5,5,5,5,5,5,5,5,5,5
26,495,49,6,5,5,5,5,5,5,6,5,5,5,5,5,5,5,5,5
26,496,49,6,5,5,5,5,5,5,6,5,5,5,5,5,5,5,5,5
26,497,49,6,5,5,5,5,5,5,6,5,5,5,5,5,5,5,5,5
26,498,49,6,5,5,5,5,5,5,6,5,5,5,5,5,5,5,5,5
26,499,49,5,5,5,5,5,5,5,5,5,5,5,5,5,5,5,5,5
26,500,49,5,5,5,5,5,5,5,5,5,5,5,5,5,5,5,5,5
26,501,49,5,5,5,5,5,5,5,5,5,5,5,5,5,5,5,5,5
26,502,49,5,5,5,5,5,5,5,5,5,5,5,5,5,5,5,5,5
26,503,49,5,5,5,5,5,5,5,5,5,5,5,5,5,5,5,5,5
26,504,49,5,5,5,5,5,5,5,5,5,5,5,5,5,5,5,5,5
26,505,49,5,5,5,5,5,5,5,5,5,5,5,5,5,5,5,5,5
26,506,49,5,5,5,5,5,5,5,5,5,5,5,5,5,5,5,5,5
26,507,49,5,5,5,5,5,5,5,5,5,5,5,5,5,5,5,5,5
26,508,49,6,5,5,5,5,5,5,6,5,5,5,5,5,5,5,5,5
26,509,49,6,5,5,5,5,5,5,6,5,5,5,5,5,5,5,5,5
26,510,49,6,5,5,5,5,5,5,6,5,5,5,5,5,5,5,5,5
26,511,49,6,5,5,5,5,5,5,6,5,5,5,5,5,5,5,5,5
26,512,49,6,5,5,5,5,5,5,6,5,5,5,5,5,5,5,5,5
26,513,49,6,5,5,5,5,5,5,6,5,5,5,5,5,5,5,5,5
26,514,49,6,5,5,5,5,5,5,6,5,5,5,5,5,5,5,5,5
26,515,49,5,5,5,5,5,5,5,5,5,5,5,5,5,5,5,5,5
26,516,49,5,5,5,5,5,5,5,5,5,5,5,5,5,5,5,5,5
26,517,49,5,5,5,5,5,5,5,5,5,5,5,5,5,5,5,5,5
26,518,49,5,5,5,5,5,5,5,5,5,5,5,5,5,5,5,5,5
26,519,49,5,5,5,5,5,5,5,5,5,5,5,5,5,5,5,5,5
26,520,49,5,5,5,5,5,5,5,5,5,5,5,5,5,5,5,5,5
26,521,49,5,5,5,5,5,5,5,5,5,5,5,5,5,5,5,5,5
26,522,49,5,5,5,5,5,5,5,5,5,5,5,5,5,5,5,5,5
26,523,49,5,5,5,5,5,5,5,5,5,5,5,5,5,5,5,5,5
26,524,49,5,5,5,5,5,5,5,5,5,5,5,5,5,5,5,5,5
26,525,49,5,5,5,5,5,5,5,5,5,5,5,5,5,5,5,5,5
26,526,49,5,5,5,5,5,5,5,5,5,5,5,5,5,5,5,5,5
26,527,49,5,5,5,5,5,5,5,5,5,5,5,5,5,5,5,5,5
26,528,49,5,5,5,5,5,5,5,5,5,5,5,5,5,5,5,5,5
26,529,49,5,5,5,5,5,5,5,5,5,5,5,5,5,5,5,5,5
26,530,49,6,5,5,5,5,5,5,6,5,5,5,5,5,5,5,5,5
26,531,49,6,5,5,5,5,5,5,6,5,5,5,5,5,5,5,5,5
26,532,49,6,5,5,5,5,5,5,6,5,5,5,5,5,5,5,5,5
26,533,49,6,5,5,5,5,5,5,6,5,5,5,5,5,5,5,5,5
26,534,49,6,5,5,5,5,5,5,6,5,5,5,5,5,5,5,5,5
26,535,49,6,5,5,5,5,5,5,6,5,5,5,5,5,5,5,5,5
26,536,49,6,5,5,5,5,5,5,6,5,5,5,5,5,5,5,5,5
26,537,49,6,5,5,5,5,5,5,6,5,5,5,5,5,5,5,5,5
26,538,49,6,5,5,5,5,5,5,6,5,5,5,5,5,5,5,5,5
26,539,49,6,5,5,5,5,5,5,6,5,5,5,5,5,5,5,5,5
26,540,49,6,5,5,5,5,5,5,6,5,5,5,5,5,5,5,5,5
26,541,49,6,5,5,5,5,5,5,6,5,5,5,5,5,5,5,5,5
26,542,49,6,5,5,5,5,5,5,6,5,5,5,5,5,5,5,5,5
26,543,49,6,5,5,5,5,5,5,6,5,5,5,5,5,5,5,5,5
26,544,49,6,5,5,5,5,5,5,6,5,5,5,5,5,5,5,5,5
26,545,49,6,5,5,5,5,5,5,6,5,5,5,5,5,5,5,5,5
26,546,49,6,5,5,5,5,5,5,6,5,5,5,5,5,5,5,5,5
26,547,49,6,5,5,5,5,5,5,6,5,5,5,5,5,5,5,5,5
26,548,49,6,5,5,5,5,5,5,6,5,5,5,5,5,5,5,5,5
26,549,49,6,5,5,5,5,5,5,6,5,5,5,5,5,5,5,5,5
26,550,49,6,5,5,5,5,5,5,6,5,5,5,5,5,5,5,5,5
26,551,49,6,5,5,5,5,5,5,6,5,5,5,5,5,5,5,5,5
26,552,49,6,5,5,5,5,5,5,6,5,5,5,5,5,5,5,5,5
26,553,49,6,5,5,5,5,5,5,6,5,5,5,5,5,5,5,5,5
26,554,49,6,5,5,5,5,5,5,6,5,5,5,5,5,5,5,5,5
26,555,49,6,5,5,5,5,5,5,6,5,5,5,5,5,5,5,5,5
26,556,49,6,5,5,5,5,5,5,6,5,5,5,5,5,5,5,5,5
26,557,49,6,5,5,5,5,5,5,6,5,5,5,5,5,5,5,5,5
26,558,49,6,5,5,5,5,5,5,6,5,5,5,5,5,5,5,5,5
26,559,49,6,5,5,5,5,5,5,6,5,5,5,5,5,5,5,5,5
26,560,49,6,5,5,5,5,5,5,6,5,5,5,5,5,5,5,5,5
26,561,49,6,5,5,5,5,5,5,6,5,5,5,5,5,5,5,5,5
26,562,49,6,5,5,5,5,5,5,6,5,5,5,5,5,5,5,5,5
26,563,49,6,5,5,5,5,5,5,6,5,5,5,5,5,5,5,5,5
26,564,49,6,5,5,5,5,5,5,6,5,5,5,5,5,5,5,5,5
26,565,49,6,5,5,5,5,5,5,6,5,5,5,5,5,5,5,5,5
26,566,49,6,5,5,5,5,5,5,6,5,5,5,5,5,5,5,5,5
26,567,49,6,5,5,5,5,5,5,6,5,5,5,5,5,5,5,5,5
26,568,49,6,5,5,5,5,5,5,6,5,5,5,5,5,5,5,5,5
26,569,49,6,5,5,5,5,5,5,6,5,5,5,5,5,5,5,5,5
26,570,49,6,5,5,5,5,5,5,6,5,5,5,5,5,5,5,5,5
26,571,49,6,5,5,5,5,5,5,6,5,5,5,5,5,5,5,5,5
26,572,49,6,5,5,5,5,5,5,6,5,5,5,5,5,5,5,5,5
26,573,49,6,5,5,5,5,5,5,6,5,5,5,5,5,5,5,5,5
26,574,49,6,5,5,5,5,5,5,6,5,5,5,5,5,5,5,5,5
26,575,49,6,5,5,5,5,5,5,6,5,5,5,5,5,5,5,5,5
26,576,49,6,5,5,5,5,5,5,6,5,5,5,5,5,5,5,5,5
26,577,49,6,5,5,5,5,5,5,6,5,5,5,5,5,5,5,5,5
26,578,49,6,5,5,5,5,5,5,6,5,5,5,5,5,5,5,5,5
26,579,49,6,5,5,5,5,5,5,6,5,5,5,5,5,5,5,5,5
26,581,49,6,5,5,5,5,5,5,6,5,5,5,5,5,5,5,5,5
26,582,49,6,5,5,5,5,5,5,6,5,5,5,5,5,5,5,5,5
26,584,49,6,5,5,5,5,5,5,6,5,5,5,5,5,5,5,5,5
26,586,49,6,5,5,5,5,5,5,6,5,5,5,5,5,5,5,5,5
26,587,49,6,5,5,5,5,5,5,6,5,5,5,5,5,5,5,5,5
26,588,49,6,5,5,5,5,5,5,6,5,5,5,5,5,5,5,5,5
26,589,49,6,5,5,5,5,5,5,6,5,5,5,5,5,5,5,5,5
26,590,49,6,4,4,4,4,4,4,6,4,4,4,4,4,4,4,4,4
26,591,49,6,4,4,4,4,4,4,6,4,4,4,4,4,4,4,4,4
26,592,49,6,5,5,5,5,5,5,6,5,5,5,5,5,5,5,5,5
26,593,49,6,5,5,5,5,5,5,6,5,5,5,5,5,5,5,5,5
26,597,49,6,4,4,4,4,4,4,6,4,4,4,4,4,4,4,4,4
26,598,49,6,4,4,4,4,4,4,6,4,4,4,4,4,4,4,4,4
26,599,49,6,4,4,4,4,4,4,6,4,4,4,4,4,4,4,4,4
26,600,49,6,4,4,4,4,4,4,6,4,4,4,4,4,4,4,4,4
26,601,49,6,4,4,4,4,4,4,6,4,4,4,4,4,4,4,4,4
26,602,49,6,4,4,4,4,4,4,6,4,4,4,4,4,4,4,4,4
26,603,49,6,4,4,4,4,4,4,6,4,4,4,4,4,4,4,4,4
26,604,49,6,4,4,4,4,4,4,6,4,4,4,4,4,4,4,4,4
26,605,49,6,4,4,4,4,4,4,6,4,4,4,4,4,4,4,4,4
26,606,49,6,5,5,5,5,5,5,6,5,5,5,5,5,5,5,5,5
26,608,49,6,4,4,4,4,4,4,6,4,4,4,4,4,4,4,4,4
26,609,49,6,5,5,5,5,5,5,6,5,5,5,5,5,5,5,5,5
26,610,49,6,5,5,5,5,5,5,6,5,5,5,5,5,5,5,5,5
26,611,49,6,5,5,5,5,5,5,6,5,5,5,5,5,5,5,5,5
26,612,49,6,5,5,5,5,5,5,6,5,5,5,5,5,5,5,5,5
26,613,49,6,5,5,5,5,5,5,6,5,5,5,5,5,5,5,5,5
26,614,49,6,5,5,5,5,5,5,6,5,5,5,5,5,5,5,5,5
26,615,49,6,5,5,5,5,5,5,6,5,5,5,5,5,5,5,5,5
26,616,49,6,4,4,4,4,4,4,6,4,4,4,4,4,4,4,4,4
26,618,49,6,4,4,4,4,4,4,6,4,4,4,4,4,4,4,4,4
26,619,50,1,1,1,1,1,1,1,1,1,1,1,1,1,1,1,1,1
26,620,51,1,1,1,1,1,1,1,1,1,1,1,1,1,1,1,1,1
26,621,51,1,1,1,1,1,1,1,1,1,1,1,1,1,1,1,1,1
26,622,51,1,1,1,1,1,1,1,1,1,1,1,1,1,1,1,1,1
26,623,51,1,1,1,1,1,1,1,1,1,1,1,1,1,1,1,1,1
26,624,51,1,1,1,1,1,1,1,1,1,1,1,1,1,1,1,1,1
26,625,52,3,3,3,3,3,3,3,3,3,3,3,3,3,3,3,3,3
26,626,52,3,3,3,3,3,3,3,3,3,3,3,3,3,3,3,3,3
26,629,52,3,3,3,3,3,3,3,3,3,3,3,3,3,3,3,3,3
26,630,52,3,3,3,3,3,3,3,3,3,3,3,3,3,3,3,3,3
26,631,53,3,3,3,3,3,3,3,3,3,3,3,3,3,3,3,3,3
26,632,53,3,3,3,3,3,3,3,3,3,3,3,3,3,3,3,3,3
26,633,53,3,3,3,3,3,3,3,3,3,3,3,3,3,3,3,3,3
26,634,53,3,3,3,3,3,3,3,3,3,3,3,3,3,3,3,3,3
26,635,53,3,3,3,3,3,3,3,3,3,3,3,3,3,3,3,3,3
26,636,53,3,3,3,3,3,3,3,3,3,3,3,3,3,3,3,3,3
26,637,53,3,3,3,3,3,3,3,3,3,3,3,3,3,3,3,3,3
26,638,53,3,3,3,3,3,3,3,3,3,3,3,3,3,3,3,3,3
26,639,53,3,3,3,3,3,3,3,3,3,3,3,3,3,3,3,3,3
26,640,53,3,3,3,3,3,3,3,3,3,3,3,3,3,3,3,3,3
26,641,53,3,3,3,3,3,3,3,3,3,3,3,3,3,3,3,3,3
26,642,53,3,3,3,3,3,3,3,3,3,3,3,3,3,3,3,3,3
26,643,53,3,3,3,3,3,3,3,3,3,3,3,3,3,3,3,3,3
26,644,53,3,3,3,3,3,3,3,3,3,3,3,3,3,3,3,3,3
26,645,53,3,3,3,3,3,3,3,3,3,3,3,3,3,3,3,3,3
26,646,53,3,3,3,3,3,3,3,3,3,3,3,3,3,3,3,3,3
26,647,53,3,3,3,3,3,3,3,3,3,3,3,3,3,3,3,3,3
26,648,53,3,3,3,3,3,3,3,3,3,3,3,3,3,3,3,3,3
26,649,54,1,1,1,1,1,1,1,1,1,1,1,1,1,1,1,1,1
26,650,54,1,1,1,1,1,1,1,1,1,1,1,1,1,1,1,1,1
26,651,54,1,1,1,1,1,1,1,1,1,1,1,1,1,1,1,1,1
26,652,55,3,3,3,3,3,3,3,3,3,3,3,3,3,3,3,3,3
26,653,55,3,3,3,3,3,3,3,3,3,3,3,3,3,3,3,3,3
26,654,55,3,3,3,3,3,3,3,3,3,3,3,3,3,3,3,3,3
26,655,55,3,3,3,3,3,3,3,3,3,3,3,3,3,3,3,3,3
26,656,55,3,3,3,3,3,3,3,3,3,3,3,3,3,3,3,3,3
26,657,55,3,3,3,3,3,3,3,3,3,3,3,3,3,3,3,3,3
26,658,55,3,3,3,3,3,3,3,3,3,3,3,3,3,3,3,3,3
26,659,55,3,3,3,3,3,3,3,3,3,3,3,3,3,3,3,3,3
26,660,55,3,3,3,3,3,3,3,3,3,3,3,3,3,3,3,3,3
26,661,55,3,3,3,3,3,3,3,3,3,3,3,3,3,3,3,3,3
26,662,55,3,3,3,3,3,3,3,3,3,3,3,3,3,3,3,3,3
26,663,55,3,3,3,3,3,3,3,3,3,3,3,3,3,3,3,3,3
26,664,55,3,3,3,3,3,3,3,3,3,3,3,3,3,3,3,3,3
26,665,55,3,3,3,3,3,3,3,3,3,3,3,3,3,3,3,3,3
26,666,55,3,3,3,3,3,3,3,3,3,3,3,3,3,3,3,3,3
26,667,55,3,3,3,3,3,3,3,3,3,3,3,3,3,3,3,3,3
26,668,55,3,3,3,3,3,3,3,3,3,3,3,3,3,3,3,3,3
26,669,55,3,3,3,3,3,3,3,3,3,3,3,3,3,3,3,3,3
26,670,55,3,3,3,3,3,3,3,3,3,3,3,3,3,3,3,3,3
26,671,55,3,3,3,3,3,3,3,3,3,3,3,3,3,3,3,3,3
26,672,55,3,3,3,3,3,3,3,3,3,3,3,3,3,3,3,3,3
26,673,55,3,3,3,3,3,3,3,3,3,3,3,3,3,3,3,3,3
26,674,55,3,3,3,3,3,3,3,3,3,3,3,3,3,3,3,3,3
26,675,55,3,3,3,3,3,3,3,3,3,3,3,3,3,3,3,3,3
26,676,55,3,3,3,3,3,3,3,3,3,3,3,3,3,3,3,3,3
26,677,55,3,3,3,3,3,3,3,3,3,3,3,3,3,3,3,3,3
26,678,55,3,3,3,3,3,3,3,3,3,3,3,3,3,3,3,3,3
26,679,55,3,3,3,3,3,3,3,3,3,3,3,3,3,3,3,3,3
26,680,55,3,3,3,3,3,3,3,3,3,3,3,3,3,3,3,3,3
26,681,55,3,3,3,3,3,3,3,3,3,3,3,3,3,3,3,3,3
26,682,55,3,3,3,3,3,3,3,3,3,3,3,3,3,3,3,3,3
26,683,55,3,3,3,3,3,3,3,3,3,3,3,3,3,3,3,3,3
26,684,55,3,3,3,3,3,3,3,3,3,3,3,3,3,3,3,3,3
26,685,55,3,3,3,3,3,3,3,3,3,3,3,3,3,3,3,3,3
26,686,55,3,3,3,3,3,3,3,3,3,3,3,3,3,3,3,3,3
26,687,55,3,3,3,3,3,3,3,3,3,3,3,3,3,3,3,3,3
26,688,55,3,3,3,3,3,3,3,3,3,3,3,3,3,3,3,3,3
26,689,55,3,3,3,3,3,3,3,3,3,3,3,3,3,3,3,3,3
26,690,55,3,3,3,3,3,3,3,3,3,3,3,3,3,3,3,3,3
26,691,55,3,3,3,3,3,3,3,3,3,3,3,3,3,3,3,3,3
26,692,55,3,3,3,3,3,3,3,3,3,3,3,3,3,3,3,3,3
26,693,55,3,3,3,3,3,3,3,3,3,3,3,3,3,3,3,3,3
26,694,55,3,3,3,3,3,3,3,3,3,3,3,3,3,3,3,3,3
26,695,55,3,3,3,3,3,3,3,3,3,3,3,3,3,3,3,3,3
26,696,55,3,3,3,3,3,3,3,3,3,3,3,3,3,3,3,3,3
26,697,55,3,3,3,3,3,3,3,3,3,3,3,3,3,3,3,3,3
26,698,55,3,3,3,3,3,3,3,3,3,3,3,3,3,3,3,3,3
26,699,55,3,3,3,3,3,3,3,3,3,3,3,3,3,3,3,3,3
26,700,55,3,3,3,3,3,3,3,3,3,3,3,3,3,3,3,3,3
26,701,55,3,3,3,3,3,3,3,3,3,3,3,3,3,3,3,3,3
26,702,55,3,3,3,3,3,3,3,3,3,3,3,3,3,3,3,3,3
26,703,55,3,3,3,3,3,3,3,3,3,3,3,3,3,3,3,3,3
26,704,55,3,3,3,3,3,3,3,3,3,3,3,3,3,3,3,3,3
26,705,55,3,3,3,3,3,3,3,3,3,3,3,3,3,3,3,3,3
26,706,55,3,3,3,3,3,3,3,3,3,3,3,3,3,3,3,3,3
26,707,55,3,3,3,3,3,3,3,3,3,3,3,3,3,3,3,3,3
26,708,55,3,3,3,3,3,3,3,3,3,3,3,3,3,3,3,3,3
26,709,55,3,3,3,3,3,3,3,3,3,3,3,3,3,3,3,3,3
26,710,55,3,3,3,3,3,3,3,3,3,3,3,3,3,3,3,3,3
26,711,55,3,3,3,3,3,3,3,3,3,3,3,3,3,3,3,3,3
26,712,55,3,3,3,3,3,3,3,3,3,3,3,3,3,3,3,3,3
26,713,55,3,3,3,3,3,3,3,3,3,3,3,3,3,3,3,3,3
26,714,55,3,3,3,3,3,3,3,3,3,3,3,3,3,3,3,3,3
26,715,55,3,3,3,3,3,3,3,3,3,3,3,3,3,3,3,3,3
26,716,55,3,3,3,3,3,3,3,3,3,3,3,3,3,3,3,3,3
26,717,55,3,3,3,3,3,3,3,3,3,3,3,3,3,3,3,3,3
26,718,55,3,3,3,3,3,3,3,3,3,3,3,3,3,3,3,3,3
26,719,55,3,3,3,3,3,3,3,3,3,3,3,3,3,3,3,3,3
26,720,55,3,3,3,3,3,3,3,3,3,3,3,3,3,3,3,3,3
26,721,55,3,3,3,3,3,3,3,3,3,3,3,3,3,3,3,3,3
26,722,55,3,3,3,3,3,3,3,3,3,3,3,3,3,3,3,3,3
26,723,55,3,3,3,3,3,3,3,3,3,3,3,3,3,3,3,3,3
26,724,55,3,3,3,3,3,3,3,3,3,3,3,3,3,3,3,3,3
26,725,55,3,3,3,3,3,3,3,3,3,3,3,3,3,3,3,3,3
26,726,55,3,3,3,3,3,3,3,3,3,3,3,3,3,3,3,3,3
26,727,55,3,3,3,3,3,3,3,3,3,3,3,3,3,3,3,3,3
26,728,55,3,3,3,3,3,3,3,3,3,3,3,3,3,3,3,3,3
26,729,55,3,3,3,3,3,3,3,3,3,3,3,3,3,3,3,3,3
26,730,55,3,3,3,3,3,3,3,3,3,3,3,3,3,3,3,3,3
26,731,55,3,3,3,3,3,3,3,3,3,3,3,3,3,3,3,3,3
26,732,55,3,3,3,3,3,3,3,3,3,3,3,3,3,3,3,3,3
26,733,55,3,3,3,3,3,3,3,3,3,3,3,3,3,3,3,3,3
26,734,55,3,3,3,3,3,3,3,3,3,3,3,3,3,3,3,3,3
26,735,55,3,3,3,3,3,3,3,3,3,3,3,3,3,3,3,3,3
26,736,55,3,3,3,3,3,3,3,3,3,3,3,3,3,3,3,3,3
26,737,55,3,3,3,3,3,3,3,3,3,3,3,3,3,3,3,3,3
26,738,55,3,3,3,3,3,3,3,3,3,3,3,3,3,3,3,3,3
26,739,55,3,3,3,3,3,3,3,3,3,3,3,3,3,3,3,3,3
26,740,55,3,3,3,3,3,3,3,3,3,3,3,3,3,3,3,3,3
26,741,55,3,3,3,3,3,3,3,3,3,3,3,3,3,3,3,3,3
26,742,55,3,3,3,3,3,3,3,3,3,3,3,3,3,3,3,3,3
26,743,56,1,1,1,1,1,1,1,1,1,1,1,1,1,1,1,1,1
26,744,56,1,1,1,1,1,1,1,1,1,1,1,1,1,1,1,1,1
26,745,56,1,1,1,1,1,1,1,1,1,1,1,1,1,1,1,1,1
26,746,56,1,1,1,1,1,1,1,1,1,1,1,1,1,1,1,1,1
26,747,57,1,1,1,1,1,1,1,1,1,1,1,1,1,1,1,1,1
26,748,57,1,1,1,1,1,1,1,1,1,1,1,1,1,1,1,1,1
26,749,57,1,1,1,1,1,1,1,1,1,1,1,1,1,1,1,1,1
26,750,57,1,1,1,1,1,1,1,1,1,1,1,1,1,1,1,1,1
26,751,57,1,1,1,1,1,1,1,1,1,1,1,1,1,1,1,1,1
26,752,57,1,1,1,1,1,1,1,1,1,1,1,1,1,1,1,1,1
26,753,57,1,1,1,1,1,1,1,1,1,1,1,1,1,1,1,1,1
26,754,57,1,1,1,1,1,1,1,1,1,1,1,1,1,1,1,1,1
26,755,57,1,1,1,1,1,1,1,1,1,1,1,1,1,1,1,1,1
26,756,57,1,1,1,1,1,1,1,1,1,1,1,1,1,1,1,1,1
26,757,57,1,1,1,1,1,1,1,1,1,1,1,1,1,1,1,1,1
26,758,57,1,1,1,1,1,1,1,1,1,1,1,1,1,1,1,1,1
26,759,57,1,1,1,1,1,1,1,1,1,1,1,1,1,1,1,1,1
26,760,58,1,1,1,1,1,1,1,1,1,1,1,1,1,1,1,1,1
26,761,58,1,1,1,1,1,1,1,1,1,1,1,1,1,1,1,1,1
26,762,58,1,1,1,1,1,1,1,1,1,1,1,1,1,1,1,1,1
26,763,58,1,1,1,1,1,1,1,1,1,1,1,1,1,1,1,1,1
26,764,58,1,1,1,1,1,1,1,1,1,1,1,1,1,1,1,1,1
26,765,58,1,1,1,1,1,1,1,1,1,1,1,1,1,1,1,1,1
26,766,58,1,1,1,1,1,1,1,1,1,1,1,1,1,1,1,1,1
26,767,58,1,1,1,1,1,1,1,1,1,1,1,1,1,1,1,1,1
26,768,58,1,1,1,1,1,1,1,1,1,1,1,1,1,1,1,1,1
26,769,58,1,1,1,1,1,1,1,1,1,1,1,1,1,1,1,1,1
26,770,58,1,1,1,1,1,1,1,1,1,1,1,1,1,1,1,1,1
26,771,58,1,1,1,1,1,1,1,1,1,1,1,1,1,1,1,1,1
26,772,58,1,1,1,1,1,1,1,1,1,1,1,1,1,1,1,1,1
26,773,59,7,6,6,6,6,6,6,7,6,6,6,6,6,6,6,6,6
26,774,59,7,6,6,6,6,6,6,7,6,6,6,6,6,6,6,6,6
26,775,59,7,6,6,6,6,6,6,7,6,6,6,6,6,6,6,6,6
26,776,59,7,6,6,6,6,6,6,7,6,6,6,6,6,6,6,6,6
26,777,59,7,6,6,6,6,6,6,7,6,6,6,6,6,6,6,6,6
26,778,59,7,6,6,6,6,6,6,7,6,6,6,6,6,6,6,6,6
26,779,59,7,6,6,6,6,6,6,7,6,6,6,6,6,6,6,6,6
26,780,59,7,6,6,6,6,6,6,7,6,6,6,6,6,6,6,6,6
26,781,59,7,6,6,6,6,6,6,7,6,6,6,6,6,6,6,6,6
26,782,59,7,6,6,6,6,6,6,7,6,6,6,6,6,6,6,6,6
26,783,59,7,6,6,6,6,6,6,7,6,6,6,6,6,6,6,6,6
26,784,59,7,6,6,6,6,6,6,7,6,6,6,6,6,6,6,6,6
26,785,59,7,6,6,6,6,6,6,7,6,6,6,6,6,6,6,6,6
26,786,59,7,6,6,6,6,6,6,7,6,6,6,6,6,6,6,6,6
26,787,59,7,6,6,6,6,6,6,7,6,6,6,6,6,6,6,6,6
26,788,59,7,6,6,6,6,6,6,7,6,6,6,6,6,6,6,6,6
26,789,59,7,6,6,6,6,6,6,7,6,6,6,6,6,6,6,6,6
26,790,59,7,6,6,6,6,6,6,7,6,6,6,6,6,6,6,6,6
26,791,59,7,6,6,6,6,6,6,7,6,6,6,6,6,6,6,6,6
26,792,59,7,6,6,6,6,6,6,7,6,6,6,6,6,6,6,6,6
26,793,59,7,6,6,6,6,6,6,7,6,6,6,6,6,6,6,6,6
26,794,59,7,6,6,6,6,6,6,7,6,6,6,6,6,6,6,6,6
26,795,59,7,6,6,6,6,6,6,7,6,6,6,6,6,6,6,6,6
26,796,59,7,6,6,6,6,6,6,7,6,6,6,6,6,6,6,6,6
26,797,59,7,6,6,6,6,6,6,7,6,6,6,6,6,6,6,6,6
26,798,59,7,6,6,6,6,6,6,7,6,6,6,6,6,6,6,6,6
26,799,59,7,6,6,6,6,6,6,7,6,6,6,6,6,6,6,6,6
26,800,59,7,6,6,6,6,6,6,7,6,6,6,6,6,6,6,6,6
26,801,59,7,6,6,6,6,6,6,7,6,6,6,6,6,6,6,6,6
26,802,59,7,6,6,6,6,6,6,7,6,6,6,6,6,6,6,6,6
26,803,59,7,6,6,6,6,6,6,7,6,6,6,6,6,6,6,6,6
26,804,59,7,6,6,6,6,6,6,7,6,6,6,6,6,6,6,6,6
26,805,59,7,6,6,6,6,6,6,7,6,6,6,6,6,6,6,6,6
26,806,59,7,6,6,6,6,6,6,7,6,6,6,6,6,6,6,6,6
26,807,59,7,6,6,6,6,6,6,7,6,6,6,6,6,6,6,6,6
26,808,59,7,6,6,6,6,6,6,7,6,6,6,6,6,6,6,6,6
26,809,59,7,6,6,6,6,6,6,7,6,6,6,6,6,6,6,6,6
26,810,59,7,6,6,6,6,6,6,7,6,6,6,6,6,6,6,6,6
26,811,59,7,6,6,6,6,6,6,7,6,6,6,6,6,6,6,6,6
26,812,59,7,6,6,6,6,6,6,7,6,6,6,6,6,6,6,6,6
26,813,59,7,6,6,6,6,6,6,7,6,6,6,6,6,6,6,6,6
26,814,59,7,6,6,6,6,6,6,7,6,6,6,6,6,6,6,6,6
26,815,59,7,6,6,6,6,6,6,7,6,6,6,6,6,6,6,6,6
26,816,59,7,6,6,6,6,6,6,7,6,6,6,6,6,6,6,6,6
26,817,59,7,6,6,6,6,6,6,7,6,6,6,6,6,6,6,6,6
26,818,59,7,6,6,6,6,6,6,7,6,6,6,6,6,6,6,6,6
26,819,59,7,6,6,6,6,6,6,7,6,6,6,6,6,6,6,6,6
26,820,59,7,6,6,6,6,6,6,7,6,6,6,6,6,6,6,6,6
26,821,59,7,6,6,6,6,6,6,7,6,6,6,6,6,6,6,6,6
26,822,59,7,6,6,6,6,6,6,7,6,6,6,6,6,6,6,6,6
26,823,59,7,6,6,6,6,6,6,7,6,6,6,6,6,6,6,6,6
26,824,59,7,6,6,6,6,6,6,7,6,6,6,6,6,6,6,6,6
26,825,59,7,6,6,6,6,6,6,7,6,6,6,6,6,6,6,6,6
26,826,59,7,6,6,6,6,6,6,7,6,6,6,6,6,6,6,6,6
26,827,59,7,6,6,6,6,6,6,7,6,6,6,6,6,6,6,6,6
26,828,59,7,6,6,6,6,6,6,7,6,6,6,6,6,6,6,6,6
26,829,59,7,6,6,6,6,6,6,7,6,6,6,6,6,6,6,6,6
26,830,59,7,6,6,6,6,6,6,7,6,6,6,6,6,6,6,6,6
26,831,59,7,6,6,6,6,6,6,7,6,6,6,6,6,6,6,6,6
26,832,59,7,6,6,6,6,6,6,7,6,6,6,6,6,6,6,6,6
26,833,59,7,6,6,6,6,6,6,7,6,6,6,6,6,6,6,6,6
26,834,59,7,6,6,6,6,6,6,7,6,6,6,6,6,6,6,6,6
26,835,59,7,6,6,6,6,6,6,7,6,6,6,6,6,6,6,6,6
26,836,59,7,6,6,6,6,6,6,7,6,6,6,6,6,6,6,6,6
26,837,59,7,6,6,6,6,6,6,7,6,6,6,6,6,6,6,6,6
26,838,59,7,6,6,6,6,6,6,7,6,6,6,6,6,6,6,6,6
26,839,59,7,6,6,6,6,6,6,7,6,6,6,6,6,6,6,6,6
26,840,59,7,6,6,6,6,6,6,7,6,6,6,6,6,6,6,6,6
26,841,59,7,6,6,6,6,6,6,7,6,6,6,6,6,6,6,6,6
26,842,59,7,6,6,6,6,6,6,7,6,6,6,6,6,6,6,6,6
26,843,59,7,6,6,6,6,6,6,7,6,6,6,6,6,6,6,6,6
26,844,59,7,6,6,6,6,6,6,7,6,6,6,6,6,6,6,6,6
26,845,59,7,6,6,6,6,6,6,7,6,6,6,6,6,6,6,6,6
26,846,59,7,6,6,6,6,6,6,7,6,6,6,6,6,6,6,6,6
26,847,59,7,6,6,6,6,6,6,7,6,6,6,6,6,6,6,6,6
26,848,59,7,6,6,6,6,6,6,7,6,6,6,6,6,6,6,6,6
26,849,59,7,6,6,6,6,6,6,7,6,6,6,6,6,6,6,6,6
26,850,59,7,6,6,6,6,6,6,7,6,6,6,6,6,6,6,6,6
26,851,59,7,6,6,6,6,6,6,7,6,6,6,6,6,6,6,6,6
26,852,59,7,6,6,6,6,6,6,7,6,6,6,6,6,6,6,6,6
26,853,59,7,6,6,6,6,6,6,7,6,6,6,6,6,6,6,6,6
26,854,59,7,6,6,6,6,6,6,7,6,6,6,6,6,6,6,6,6
26,855,59,7,6,6,6,6,6,6,7,6,6,6,6,6,6,6,6,6
26,856,59,7,6,6,6,6,6,6,7,6,6,6,6,6,6,6,6,6
26,857,59,7,6,6,6,6,6,6,7,6,6,6,6,6,6,6,6,6
26,858,59,7,6,6,6,6,6,6,7,6,6,6,6,6,6,6,6,6
26,859,59,7,6,6,6,6,6,6,7,6,6,6,6,6,6,6,6,6
26,860,59,7,6,6,6,6,6,6,7,6,6,6,6,6,6,6,6,6
26,861,59,7,6,6,6,6,6,6,7,6,6,6,6,6,6,6,6,6
26,862,59,7,6,6,6,6,6,6,7,6,6,6,6,6,6,6,6,6
26,863,59,7,6,6,6,6,6,6,7,6,6,6,6,6,6,6,6,6
26,864,59,7,6,6,6,6,6,6,7,6,6,6,6,6,6,6,6,6
26,865,59,7,6,6,6,6,6,6,7,6,6,6,6,6,6,6,6,6
26,866,59,7,6,6,6,6,6,6,7,6,6,6,6,6,6,6,6,6
26,867,59,7,6,6,6,6,6,6,7,6,6,6,6,6,6,6,6,6
26,868,59,7,6,6,6,6,6,6,7,6,6,6,6,6,6,6,6,6
26,869,59,7,6,6,6,6,6,6,7,6,6,6,6,6,6,6,6,6
26,870,59,7,6,6,6,6,6,6,7,6,6,6,6,6,6,6,6,6
26,871,59,7,6,6,6,6,6,6,7,6,6,6,6,6,6,6,6,6
26,872,59,7,6,6,6,6,6,6,7,6,6,6,6,6,6,6,6,6
26,873,59,7,6,6,6,6,6,6,7,6,6,6,6,6,6,6,6,6
26,874,59,7,6,6,6,6,6,6,7,6,6,6,6,6,6,6,6,6
26,875,59,7,6,6,6,6,6,6,7,6,6,6,6,6,6,6,6,6
26,876,59,7,6,6,6,6,6,6,7,6,6,6,6,6,6,6,6,6
26,877,59,7,6,6,6,6,6,6,7,6,6,6,6,6,6,6,6,6
26,878,59,7,6,6,6,6,6,6,7,6,6,6,6,6,6,6,6,6
26,879,59,7,6,6,6,6,6,6,7,6,6,6,6,6,6,6,6,6
26,880,59,7,6,6,6,6,6,6,7,6,6,6,6,6,6,6,6,6
26,881,59,7,6,6,6,6,6,6,7,6,6,6,6,6,6,6,6,6
26,882,59,7,6,6,6,6,6,6,7,6,6,6,6,6,6,6,6,6
26,883,59,7,6,6,6,6,6,6,7,6,6,6,6,6,6,6,6,6
26,884,59,7,6,6,6,6,6,6,7,6,6,6,6,6,6,6,6,6
26,885,59,7,6,6,6,6,6,6,7,6,6,6,6,6,6,6,6,6
26,886,59,7,6,6,6,6,6,6,7,6,6,6,6,6,6,6,6,6
26,887,59,7,6,6,6,6,6,6,7,6,6,6,6,6,6,6,6,6
26,888,59,7,6,6,6,6,6,6,7,6,6,6,6,6,6,6,6,6
26,889,59,7,6,6,6,6,6,6,7,6,6,6,6,6,6,6,6,6
26,890,59,7,6,6,6,6,6,6,7,6,6,6,6,6,6,6,6,6
26,891,59,7,6,6,6,6,6,6,7,6,6,6,6,6,6,6,6,6
26,892,59,7,6,6,6,6,6,6,7,6,6,6,6,6,6,6,6,6
26,893,59,7,6,6,6,6,6,6,7,6,6,6,6,6,6,6,6,6
26,894,59,7,6,6,6,6,6,6,7,6,6,6,6,6,6,6,6,6
26,895,59,7,6,6,6,6,6,6,7,6,6,6,6,6,6,6,6,6
26,896,59,7,6,6,6,6,6,6,7,6,6,6,6,6,6,6,6,6
26,897,59,7,6,6,6,6,6,6,7,6,6,6,6,6,6,6,6,6
26,898,59,7,6,6,6,6,6,6,7,6,6,6,6,6,6,6,6,6
26,899,59,7,6,6,6,6,6,6,7,6,6,6,6,6,6,6,6,6
26,900,59,7,6,6,6,6,6,6,7,6,6,6,6,6,6,6,6,6
26,901,59,7,6,6,6,6,6,6,7,6,6,6,6,6,6,6,6,6
26,902,59,7,6,6,6,6,6,6,7,6,6,6,6,6,6,6,6,6
26,903,59,7,6,6,6,6,6,6,7,6,6,6,6,6,6,6,6,6
26,904,59,7,6,6,6,6,6,6,7,6,6,6,6,6,6,6,6,6
26,905,59,7,6,6,6,6,6,6,7,6,6,6,6,6,6,6,6,6
26,906,59,7,6,6,6,6,6,6,7,6,6,6,6,6,6,6,6,6
26,907,59,7,6,6,6,6,6,6,7,6,6,6,6,6,6,6,6,6
26,908,59,7,6,6,6,6,6,6,7,6,6,6,6,6,6,6,6,6
26,909,59,7,6,6,6,6,6,6,7,6,6,6,6,6,6,6,6,6
26,910,59,7,6,6,6,6,6,6,7,6,6,6,6,6,6,6,6,6
26,911,59,7,6,6,6,6,6,6,7,6,6,6,6,6,6,6,6,6
26,912,59,7,6,6,6,6,6,6,7,6,6,6,6,6,6,6,6,6
26,913,59,7,6,6,6,6,6,6,7,6,6,6,6,6,6,6,6,6
26,914,59,7,6,6,6,6,6,6,7,6,6,6,6,6,6,6,6,6
26,915,59,7,6,6,6,6,6,6,7,6,6,6,6,6,6,6,6,6
26,916,59,7,6,6,6,6,6,6,7,6,6,6,6,6,6,6,6,6
26,917,59,7,6,6,6,6,6,6,7,6,6,6,6,6,6,6,6,6
26,918,59,7,6,6,6,6,6,6,7,6,6,6,6,6,6,6,6,6
26,919,59,7,6,6,6,6,6,6,7,6,6,6,6,6,6,6,6,6
26,920,59,7,6,6,6,6,6,6,7,6,6,6,6,6,6,6,6,6
26,921,59,7,6,6,6,6,6,6,7,6,6,6,6,6,6,6,6,6
26,922,59,7,6,6,6,6,6,6,7,6,6,6,6,6,6,6,6,6
26,923,59,7,6,6,6,6,6,6,7,6,6,6,6,6,6,6,6,6
26,924,59,7,6,6,6,6,6,6,7,6,6,6,6,6,6,6,6,6
26,925,59,7,6,6,6,6,6,6,7,6,6,6,6,6,6,6,6,6
26,926,59,7,6,6,6,6,6,6,7,6,6,6,6,6,6,6,6,6
26,927,59,7,6,6,6,6,6,6,7,6,6,6,6,6,6,6,6,6
26,928,59,7,6,6,6,6,6,6,7,6,6,6,6,6,6,6,6,6
26,929,59,7,6,6,6,6,6,6,7,6,6,6,6,6,6,6,6,6
26,930,59,7,6,6,6,6,6,6,7,6,6,6,6,6,6,6,6,6
26,931,59,7,6,6,6,6,6,6,7,6,6,6,6,6,6,6,6,6
26,932,59,7,6,6,6,6,6,6,7,6,6,6,6,6,6,6,6,6
26,933,59,7,6,6,6,6,6,6,7,6,6,6,6,6,6,6,6,6
26,934,59,7,6,6,6,6,6,6,7,6,6,6,6,6,6,6,6,6
26,935,59,7,6,6,6,6,6,6,7,6,6,6,6,6,6,6,6,6
26,936,59,7,6,6,6,6,6,6,7,6,6,6,6,6,6,6,6,6
26,937,59,7,6,6,6,6,6,6,7,6,6,6,6,6,6,6,6,6
26,938,59,7,6,6,6,6,6,6,7,6,6,6,6,6,6,6,6,6
26,939,59,7,6,6,6,6,6,6,7,6,6,6,6,6,6,6,6,6
26,940,59,7,6,6,6,6,6,6,7,6,6,6,6,6,6,6,6,6
26,941,59,7,6,6,6,6,6,6,7,6,6,6,6,6,6,6,6,6
26,942,59,7,6,6,6,6,6,6,7,6,6,6,6,6,6,6,6,6
26,943,59,7,6,6,6,6,6,6,7,6,6,6,6,6,6,6,6,6
26,944,59,7,6,6,6,6,6,6,7,6,6,6,6,6,6,6,6,6
26,945,59,7,6,6,6,6,6,6,7,6,6,6,6,6,6,6,6,6
26,946,59,7,6,6,6,6,6,6,7,6,6,6,6,6,6,6,6,6
26,947,59,7,6,6,6,6,6,6,7,6,6,6,6,6,6,6,6,6
26,948,59,7,6,6,6,6,6,6,7,6,6,6,6,6,6,6,6,6
26,949,59,7,6,6,6,6,6,6,7,6,6,6,6,6,6,6,6,6
26,950,59,7,6,6,6,6,6,6,7,6,6,6,6,6,6,6,6,6
26,951,59,7,6,6,6,6,6,6,7,6,6,6,6,6,6,6,6,6
26,952,59,7,6,6,6,6,6,6,7,6,6,6,6,6,6,6,6,6
26,953,59,7,6,6,6,6,6,6,7,6,6,6,6,6,6,6,6,6
26,954,59,7,6,6,6,6,6,6,7,6,6,6,6,6,6,6,6,6
26,955,59,7,6,6,6,6,6,6,7,6,6,6,6,6,6,6,6,6
26,956,59,7,6,6,6,6,6,6,7,6,6,6,6,6,6,6,6,6
26,957,59,7,6,6,6,6,6,6,7,6,6,6,6,6,6,6,6,6
26,958,59,7,6,6,6,6,6,6,7,6,6,6,6,6,6,6,6,6
26,959,59,7,6,6,6,6,6,6,7,6,6,6,6,6,6,6,6,6
26,960,59,7,6,6,6,6,6,6,7,6,6,6,6,6,6,6,6,6
26,961,59,7,6,6,6,6,6,6,7,6,6,6,6,6,6,6,6,6
26,962,59,7,6,6,6,6,6,6,7,6,6,6,6,6,6,6,6,6
26,963,59,7,6,6,6,6,6,6,7,6,6,6,6,6,6,6,6,6
26,964,59,7,6,6,6,6,6,6,7,6,6,6,6,6,6,6,6,6
26,965,59,7,6,6,6,6,6,6,7,6,6,6,6,6,6,6,6,6
26,966,59,7,6,6,6,6,6,6,7,6,6,6,6,6,6,6,6,6
26,967,59,7,6,6,6,6,6,6,7,6,6,6,6,6,6,6,6,6
26,968,59,7,6,6,6,6,6,6,7,6,6,6,6,6,6,6,6,6
26,969,59,7,6,6,6,6,6,6,7,6,6,6,6,6,6,6,6,6
26,970,59,7,6,6,6,6,6,6,7,6,6,6,6,6,6,6,6,6
26,971,59,7,6,6,6,6,6,6,7,6,6,6,6,6,6,6,6,6
26,972,59,7,6,6,6,6,6,6,7,6,6,6,6,6,6,6,6,6
26,973,59,7,6,6,6,6,6,6,7,6,6,6,6,6,6,6,6,6
26,974,59,7,6,6,6,6,6,6,7,6,6,6,6,6,6,6,6,6
26,975,59,7,6,6,6,6,6,6,7,6,6,6,6,6,6,6,6,6
26,976,59,7,6,6,6,6,6,6,7,6,6,6,6,6,6,6,6,6
26,977,59,7,6,6,6,6,6,6,7,6,6,6,6,6,6,6,6,6
26,978,59,7,6,6,6,6,6,6,7,6,6,6,6,6,6,6,6,6
26,979,59,7,6,6,6,6,6,6,7,6,6,6,6,6,6,6,6,6
26,980,59,7,6,6,6,6,6,6,7,6,6,6,6,6,6,6,6,6
26,981,59,7,6,6,6,6,6,6,7,6,6,6,6,6,6,6,6,6
26,982,59,7,6,6,6,6,6,6,7,6,6,6,6,6,6,6,6,6
26,983,59,7,6,6,6,6,6,6,7,6,6,6,6,6,6,6,6,6
26,984,59,7,6,6,6,6,6,6,7,6,6,6,6,6,6,6,6,6
26,985,59,7,6,6,6,6,6,6,7,6,6,6,6,6,6,6,6,6
26,986,59,7,6,6,6,6,6,6,7,6,6,6,6,6,6,6,6,6
26,987,59,7,6,6,6,6,6,6,7,6,6,6,6,6,6,6,6,6
26,988,59,7,6,6,6,6,6,6,7,6,6,6,6,6,6,6,6,6
26,989,59,7,6,6,6,6,6,6,7,6,6,6,6,6,6,6,6,6
26,990,59,7,6,6,6,6,6,6,7,6,6,6,6,6,6,6,6,6
26,991,59,7,6,6,6,6,6,6,7,6,6,6,6,6,6,6,6,6
26,992,60,1,1,1,1,1,1,1,1,1,1,1,1,1,1,1,1,1
26,993,60,1,1,1,1,1,1,1,1,1,1,1,1,1,1,1,1,1
26,994,60,1,1,1,1,1,1,1,1,1,1,1,1,1,1,1,1,1
26,995,60,1,1,1,1,1,1,1,1,1,1,1,1,1,1,1,1,1
26,996,60,1,1,1,1,1,1,1,1,1,1,1,1,1,1,1,1,1
26,997,60,1,1,1,1,1,1,1,1,1,1,1,1,1,1,1,1,1
26,998,60,1,1,1,1,1,1,1,1,1,1,1,1,1,1,1,1,1
26,999,60,1,1,1,1,1,1,1,1,1,1,1,1,1,1,1,1,1
26,1000,60,1,1,1,1,1,1,1,1,1,1,1,1,1,1,1,1,1
26,1001,60,1,1,1,1,1,1,1,1,1,1,1,1,1,1,1,1,1
26,1002,60,1,1,1,1,1,1,1,1,1,1,1,1,1,1,1,1,1
26,1003,60,1,1,1,1,1,1,1,1,1,1,1,1,1,1,1,1,1
26,1004,60,1,1,1,1,1,1,1,1,1,1,1,1,1,1,1,1,1
26,1005,60,1,1,1,1,1,1,1,1,1,1,1,1,1,1,1,1,1
26,1006,60,1,1,1,1,1,1,1,1,1,1,1,1,1,1,1,1,1
26,1007,60,1,1,1,1,1,1,1,1,1,1,1,1,1,1,1,1,1
26,1008,60,1,1,1,1,1,1,1,1,1,1,1,1,1,1,1,1,1
26,1009,60,1,1,1,1,1,1,1,1,1,1,1,1,1,1,1,1,1
26,1010,60,1,1,1,1,1,1,1,1,1,1,1,1,1,1,1,1,1
26,1011,60,1,1,1,1,1,1,1,1,1,1,1,1,1,1,1,1,1
26,1012,60,1,1,1,1,1,1,1,1,1,1,1,1,1,1,1,1,1
26,1013,60,1,1,1,1,1,1,1,1,1,1,1,1,1,1,1,1,1
26,1014,60,1,1,1,1,1,1,1,1,1,1,1,1,1,1,1,1,1
26,1015,60,1,1,1,1,1,1,1,1,1,1,1,1,1,1,1,1,1
26,1016,60,1,1,1,1,1,1,1,1,1,1,1,1,1,1,1,1,1
26,1017,60,1,1,1,1,1,1,1,1,1,1,1,1,1,1,1,1,1
26,1018,60,1,1,1,1,1,1,1,1,1,1,1,1,1,1,1,1,1
26,1019,60,1,1,1,1,1,1,1,1,1,1,1,1,1,1,1,1,1
26,1020,60,1,1,1,1,1,1,1,1,1,1,1,1,1,1,1,1,1
26,1021,60,1,1,1,1,1,1,1,1,1,1,1,1,1,1,1,1,1
26,1022,61,1,1,1,1,1,1,1,1,1,1,1,1,1,1,1,1,1
26,1024,61,1,1,1,1,1,1,1,1,1,1,1,1,1,1,1,1,1
26,1025,61,1,1,1,1,1,1,1,1,1,1,1,1,1,1,1,1,1
26,1026,61,1,1,1,1,1,1,1,1,1,1,1,1,1,1,1,1,1
26,1027,61,1,1,1,1,1,1,1,1,1,1,1,1,1,1,1,1,1
26,1028,61,1,1,1,1,1,1,1,1,1,1,1,1,1,1,1,1,1
26,1029,61,1,1,1,1,1,1,1,1,1,1,1,1,1,1,1,1,1
26,1030,61,1,1,1,1,1,1,1,1,1,1,1,1,1,1,1,1,1
26,1031,61,1,1,1,1,1,1,1,1,1,1,1,1,1,1,1,1,1
26,1032,61,1,1,1,1,1,1,1,1,1,1,1,1,1,1,1,1,1
26,1033,61,1,1,1,1,1,1,1,1,1,1,1,1,1,1,1,1,1
26,1034,61,1,1,1,1,1,1,1,1,1,1,1,1,1,1,1,1,1
26,1035,61,1,1,1,1,1,1,1,1,1,1,1,1,1,1,1,1,1
26,1036,61,1,1,1,1,1,1,1,1,1,1,1,1,1,1,1,1,1
26,1037,61,1,1,1,1,1,1,1,1,1,1,1,1,1,1,1,1,1
26,1038,61,1,1,1,1,1,1,1,1,1,1,1,1,1,1,1,1,1
26,1039,61,1,1,1,1,1,1,1,1,1,1,1,1,1,1,1,1,1
26,1040,61,1,1,1,1,1,1,1,1,1,1,1,1,1,1,1,1,1
26,1041,61,1,1,1,1,1,1,1,1,1,1,1,1,1,1,1,1,1
26,1042,61,1,1,1,1,1,1,1,1,1,1,1,1,1,1,1,1,1
26,1043,61,1,1,1,1,1,1,1,1,1,1,1,1,1,1,1,1,1
26,1044,61,1,1,1,1,1,1,1,1,1,1,1,1,1,1,1,1,1
26,1045,61,1,1,1,1,1,1,1,1,1,1,1,1,1,1,1,1,1
26,1046,61,1,1,1,1,1,1,1,1,1,1,1,1,1,1,1,1,1
26,1047,61,1,1,1,1,1,1,1,1,1,1,1,1,1,1,1,1,1
26,1048,61,1,1,1,1,1,1,1,1,1,1,1,1,1,1,1,1,1
26,1049,61,1,1,1,1,1,1,1,1,1,1,1,1,1,1,1,1,1
26,1050,61,1,1,1,1,1,1,1,1,1,1,1,1,1,1,1,1,1
26,1051,61,1,1,1,1,1,1,1,1,1,1,1,1,1,1,1,1,1
26,1052,61,1,1,1,1,1,1,1,1,1,1,1,1,1,1,1,1,1
26,1053,61,1,1,1,1,1,1,1,1,1,1,1,1,1,1,1,1,1
26,1054,61,1,1,1,1,1,1,1,1,1,1,1,1,1,1,1,1,1
26,1055,61,1,1,1,1,1,1,1,1,1,1,1,1,1,1,1,1,1
26,1056,61,1,1,1,1,1,1,1,1,1,1,1,1,1,1,1,1,1
26,1057,61,1,1,1,1,1,1,1,1,1,1,1,1,1,1,1,1,1
26,1058,61,1,1,1,1,1,1,1,1,1,1,1,1,1,1,1,1,1
26,1059,61,1,1,1,1,1,1,1,1,1,1,1,1,1,1,1,1,1
26,1060,61,1,1,1,1,1,1,1,1,1,1,1,1,1,1,1,1,1
26,1061,61,1,1,1,1,1,1,1,1,1,1,1,1,1,1,1,1,1
26,1062,61,1,1,1,1,1,1,1,1,1,1,1,1,1,1,1,1,1
26,1063,61,1,1,1,1,1,1,1,1,1,1,1,1,1,1,1,1,1
26,1064,61,1,1,1,1,1,1,1,1,1,1,1,1,1,1,1,1,1
26,1065,61,1,1,1,1,1,1,1,1,1,1,1,1,1,1,1,1,1
26,1066,61,1,1,1,1,1,1,1,1,1,1,1,1,1,1,1,1,1
26,1067,61,1,1,1,1,1,1,1,1,1,1,1,1,1,1,1,1,1
26,1068,61,1,1,1,1,1,1,1,1,1,1,1,1,1,1,1,1,1
26,1069,61,1,1,1,1,1,1,1,1,1,1,1,1,1,1,1,1,1
26,1070,61,1,1,1,1,1,1,1,1,1,1,1,1,1,1,1,1,1
26,1071,61,1,1,1,1,1,1,1,1,1,1,1,1,1,1,1,1,1
26,1072,61,1,1,1,1,1,1,1,1,1,1,1,1,1,1,1,1,1
26,1073,61,1,1,1,1,1,1,1,1,1,1,1,1,1,1,1,1,1
26,1074,61,1,1,1,1,1,1,1,1,1,1,1,1,1,1,1,1,1
26,1075,61,1,1,1,1,1,1,1,1,1,1,1,1,1,1,1,1,1
26,1076,61,1,1,1,1,1,1,1,1,1,1,1,1,1,1,1,1,1
26,1077,61,1,1,1,1,1,1,1,1,1,1,1,1,1,1,1,1,1
26,1078,61,1,1,1,1,1,1,1,1,1,1,1,1,1,1,1,1,1
26,1079,61,1,1,1,1,1,1,1,1,1,1,1,1,1,1,1,1,1
26,1080,61,1,1,1,1,1,1,1,1,1,1,1,1,1,1,1,1,1
26,1081,61,1,1,1,1,1,1,1,1,1,1,1,1,1,1,1,1,1
26,1082,61,1,1,1,1,1,1,1,1,1,1,1,1,1,1,1,1,1
26,1083,61,1,1,1,1,1,1,1,1,1,1,1,1,1,1,1,1,1
26,1084,61,1,1,1,1,1,1,1,1,1,1,1,1,1,1,1,1,1
26,1085,61,1,1,1,1,1,1,1,1,1,1,1,1,1,1,1,1,1
26,1087,61,1,1,1,1,1,1,1,1,1,1,1,1,1,1,1,1,1
26,1088,61,1,1,1,1,1,1,1,1,1,1,1,1,1,1,1,1,1
26,1089,61,1,1,1,1,1,1,1,1,1,1,1,1,1,1,1,1,1
26,1090,61,1,1,1,1,1,1,1,1,1,1,1,1,1,1,1,1,1
26,1091,61,1,1,1,1,1,1,1,1,1,1,1,1,1,1,1,1,1
26,1092,61,1,1,1,1,1,1,1,1,1,1,1,1,1,1,1,1,1
26,1093,61,1,1,1,1,1,1,1,1,1,1,1,1,1,1,1,1,1
26,1094,61,1,1,1,1,1,1,1,1,1,1,1,1,1,1,1,1,1
26,1095,61,1,1,1,1,1,1,1,1,1,1,1,1,1,1,1,1,1
26,1096,61,1,1,1,1,1,1,1,1,1,1,1,1,1,1,1,1,1
26,1097,61,1,1,1,1,1,1,1,1,1,1,1,1,1,1,1,1,1
26,1098,61,1,1,1,1,1,1,1,1,1,1,1,1,1,1,1,1,1
26,1099,61,1,1,1,1,1,1,1,1,1,1,1,1,1,1,1,1,1
26,1100,61,1,1,1,1,1,1,1,1,1,1,1,1,1,1,1,1,1
26,1101,72,1,1,1,1,1,1,1,1,1,1,1,1,1,1,1,1,1
26,1102,72,1,1,1,1,1,1,1,1,1,1,1,1,1,1,1,1,1
26,1103,72,1,1,1,1,1,1,1,1,1,1,1,1,1,1,1,1,1
26,1104,72,1,1,1,1,1,1,1,1,1,1,1,1,1,1,1,1,1
26,1105,72,1,1,1,1,1,1,1,1,1,1,1,1,1,1,1,1,1
26,1106,72,1,1,1,1,1,1,1,1,1,1,1,1,1,1,1,1,1
26,1107,72,1,1,1,1,1,1,1,1,1,1,1,1,1,1,1,1,1
26,1108,72,1,1,1,1,1,1,1,1,1,1,1,1,1,1,1,1,1
26,1109,62,4,7,7,7,7,7,7,4,7,7,7,7,7,7,7,7,7
26,1110,62,4,7,7,7,7,7,7,4,7,7,7,7,7,7,7,7,7
26,1111,62,4,7,7,7,7,7,7,4,7,7,7,7,7,7,7,7,7
26,1112,62,4,7,7,7,7,7,7,4,7,7,7,7,7,7,7,7,7
26,1113,62,4,7,7,7,7,7,7,4,7,7,7,7,7,7,7,7,7
26,1114,62,4,7,7,7,7,7,7,4,7,7,7,7,7,7,7,7,7
26,1115,62,4,7,7,7,7,7,7,4,7,7,7,7,7,7,7,7,7
26,1116,62,4,7,7,7,7,7,7,4,7,7,7,7,7,7,7,7,7
26,1117,62,4,7,7,7,7,7,7,4,7,7,7,7,7,7,7,7,7
26,1118,62,4,7,7,7,7,7,7,4,7,7,7,7,7,7,7,7,7
26,1119,62,4,7,7,7,7,7,7,4,7,7,7,7,7,7,7,7,7
26,1120,62,4,7,7,7,7,7,7,4,7,7,7,7,7,7,7,7,7
26,1121,62,4,7,7,7,7,7,7,4,7,7,7,7,7,7,7,7,7
26,1122,62,4,7,7,7,7,7,7,4,7,7,7,7,7,7,7,7,7
26,1123,62,4,7,7,7,7,7,7,4,7,7,7,7,7,7,7,7,7
26,1124,62,4,7,7,7,7,7,7,4,7,7,7,7,7,7,7,7,7
26,1125,62,4,7,7,7,7,7,7,4,7,7,7,7,7,7,7,7,7
26,1126,62,4,7,7,7,7,7,7,4,7,7,7,7,7,7,7,7,7
26,1127,62,4,7,7,7,7,7,7,4,7,7,7,7,7,7,7,7,7
26,1128,62,4,7,7,7,7,7,7,4,7,7,7,7,7,7,7,7,7
26,1129,62,4,7,7,7,7,7,7,4,7,7,7,7,7,7,7,7,7
26,1130,62,4,7,7,7,7,7,7,4,7,7,7,7,7,7,7,7,7
26,1131,62,4,7,7,7,7,7,7,4,7,7,7,7,7,7,7,7,7
26,1132,62,4,7,7,7,7,7,7,4,7,7,7,7,7,7,7,7,7
26,1133,62,4,7,7,7,7,7,7,4,7,7,7,7,7,7,7,7,7
26,1134,62,4,7,7,7,7,7,7,4,7,7,7,7,7,7,7,7,7
26,1135,62,4,7,7,7,7,7,7,4,7,7,7,7,7,7,7,7,7
26,1136,62,4,7,7,7,7,7,7,4,7,7,7,7,7,7,7,7,7
26,1137,62,4,7,7,7,7,7,7,4,7,7,7,7,7,7,7,7,7
26,1138,63,4,7,7,7,7,7,7,4,7,7,7,7,7,7,7,7,7
26,1139,63,4,7,7,7,7,7,7,4,7,7,7,7,7,7,7,7,7
26,1140,63,4,7,7,7,7,7,7,4,7,7,7,7,7,7,7,7,7
26,1141,63,4,7,7,7,7,7,7,4,7,7,7,7,7,7,7,7,7
26,1142,71,4,7,7,7,7,7,7,4,7,7,7,7,7,7,7,7,7
26,1143,63,4,7,7,7,7,7,7,4,7,7,7,7,7,7,7,7,7
26,1144,63,4,7,7,7,7,7,7,4,7,7,7,7,7,7,7,7,7
26,1145,63,4,7,7,7,7,7,7,4,7,7,7,7,7,7,7,7,7
26,1146,71,4,7,7,7,7,7,7,4,7,7,7,7,7,7,7,7,7
26,1147,71,4,7,7,7,7,7,7,4,7,7,7,7,7,7,7,7,7
26,1148,71,4,7,7,7,7,7,7,4,7,7,7,7,7,7,7,7,7
26,1149,71,4,7,7,7,7,7,7,4,7,7,7,7,7,7,7,7,7
26,1150,71,4,7,7,7,7,7,7,4,7,7,7,7,7,7,7,7,7
26,1151,71,4,7,7,7,7,7,7,4,7,7,7,7,7,7,7,7,7
26,1152,71,4,7,7,7,7,7,7,4,7,7,7,7,7,7,7,7,7
26,1153,63,4,7,7,7,7,7,7,4,7,7,7,7,7,7,7,7,7
26,1154,63,4,7,7,7,7,7,7,4,7,7,7,7,7,7,7,7,7
26,1155,71,4,7,7,7,7,7,7,4,7,7,7,7,7,7,7,7,7
26,1156,71,4,7,7,7,7,7,7,4,7,7,7,7,7,7,7,7,7
26,1157,71,4,7,7,7,7,7,7,4,7,7,7,7,7,7,7,7,7
26,1158,63,4,7,7,7,7,7,7,4,7,7,7,7,7,7,7,7,7
26,1159,63,4,7,7,7,7,7,7,4,7,7,7,7,7,7,7,7,7
26,1160,63,4,7,7,7,7,7,7,4,7,7,7,7,7,7,7,7,7
26,1161,63,4,7,7,7,7,7,7,4,7,7,7,7,7,7,7,7,7
26,1162,63,4,7,7,7,7,7,7,4,7,7,7,7,7,7,7,7,7
26,1163,63,4,7,7,7,7,7,7,4,7,7,7,7,7,7,7,7,7
26,1164,63,4,7,7,7,7,7,7,4,7,7,7,7,7,7,7,7,7
26,1165,63,4,7,7,7,7,7,7,4,7,7,7,7,7,7,7,7,7
26,1166,63,4,7,7,7,7,7,7,4,7,7,7,7,7,7,7,7,7
26,1167,63,4,7,7,7,7,7,7,4,7,7,7,7,7,7,7,7,7
26,1168,63,4,7,7,7,7,7,7,4,7,7,7,7,7,7,7,7,7
26,1169,63,4,7,7,7,7,7,7,4,7,7,7,7,7,7,7,7,7
26,1170,63,4,7,7,7,7,7,7,4,7,7,7,7,7,7,7,7,7
26,1171,63,4,7,7,7,7,7,7,4,7,7,7,7,7,7,7,7,7
26,1172,63,4,7,7,7,7,7,7,4,7,7,7,7,7,7,7,7,7
26,1173,63,4,7,7,7,7,7,7,4,7,7,7,7,7,7,7,7,7
26,1174,63,4,7,7,7,7,7,7,4,7,7,7,7,7,7,7,7,7
26,1175,63,4,7,7,7,7,7,7,4,7,7,7,7,7,7,7,7,7
26,1176,63,4,7,7,7,7,7,7,4,7,7,7,7,7,7,7,7,7
26,1177,63,4,7,7,7,7,7,7,4,7,7,7,7,7,7,7,7,7
26,1178,63,4,7,7,7,7,7,7,4,7,7,7,7,7,7,7,7,7
26,1179,63,4,7,7,7,7,7,7,4,7,7,7,7,7,7,7,7,7
26,1180,63,4,7,7,7,7,7,7,4,7,7,7,7,7,7,7,7,7
26,1181,63,4,7,7,7,7,7,7,4,7,7,7,7,7,7,7,7,7
26,1182,63,4,7,7,7,7,7,7,4,7,7,7,7,7,7,7,7,7
26,1183,63,4,7,7,7,7,7,7,4,7,7,7,7,7,7,7,7,7
26,1184,63,4,7,7,7,7,7,7,4,7,7,7,7,7,7,7,7,7
26,1185,63,4,7,7,7,7,7,7,4,7,7,7,7,7,7,7,7,7
26,1186,63,4,7,7,7,7,7,7,4,7,7,7,7,7,7,7,7,7
26,1187,63,4,7,7,7,7,7,7,4,7,7,7,7,7,7,7,7,7
26,1188,63,4,7,7,7,7,7,7,4,7,7,7,7,7,7,7,7,7
26,1189,64,4,7,7,7,7,7,7,4,7,7,7,7,7,7,7,7,7
26,1190,64,4,7,7,7,7,7,7,4,7,7,7,7,7,7,7,7,7
26,1191,64,4,7,7,7,7,7,7,4,7,7,7,7,7,7,7,7,7
26,1192,64,4,7,7,7,7,7,7,4,7,7,7,7,7,7,7,7,7
26,1193,64,4,7,7,7,7,7,7,4,7,7,7,7,7,7,7,7,7
26,1194,64,4,7,7,7,7,7,7,4,7,7,7,7,7,7,7,7,7
26,1195,64,4,7,7,7,7,7,7,4,7,7,7,7,7,7,7,7,7
26,1196,64,4,7,7,7,7,7,7,4,7,7,7,7,7,7,7,7,7
26,1197,64,4,7,7,7,7,7,7,4,7,7,7,7,7,7,7,7,7
26,1198,64,4,7,7,7,7,7,7,4,7,7,7,7,7,7,7,7,7
26,1199,64,4,7,7,7,7,7,7,4,7,7,7,7,7,7,7,7,7
26,1200,64,4,7,7,7,7,7,7,4,7,7,7,7,7,7,7,7,7
26,1201,64,4,7,7,7,7,7,7,4,7,7,7,7,7,7,7,7,7
26,1202,64,4,7,7,7,7,7,7,4,7,7,7,7,7,7,7,7,7
26,1203,64,4,7,7,7,7,7,7,4,7,7,7,7,7,7,7,7,7
26,1204,64,4,7,7,7,7,7,7,4,7,7,7,7,7,7,7,7,7
26,1205,64,4,7,7,7,7,7,7,4,7,7,7,7,7,7,7,7,7
26,1206,64,4,7,7,7,7,7,7,4,7,7,7,7,7,7,7,7,7
26,1207,64,4,7,7,7,7,7,7,4,7,7,7,7,7,7,7,7,7
26,1208,64,4,7,7,7,7,7,7,4,7,7,7,7,7,7,7,7,7
26,1209,64,4,7,7,7,7,7,7,4,7,7,7,7,7,7,7,7,7
26,1210,64,4,7,7,7,7,7,7,4,7,7,7,7,7,7,7,7,7
26,1211,64,4,7,7,7,7,7,7,4,7,7,7,7,7,7,7,7,7
26,1212,64,4,7,7,7,7,7,7,4,7,7,7,7,7,7,7,7,7
26,1213,64,4,7,7,7,7,7,7,4,7,7,7,7,7,7,7,7,7
26,1214,64,4,7,7,7,7,7,7,4,7,7,7,7,7,7,7,7,7
26,1215,64,4,7,7,7,7,7,7,4,7,7,7,7,7,7,7,7,7
26,1216,64,4,7,7,7,7,7,7,4,7,7,7,7,7,7,7,7,7
26,1217,64,4,7,7,7,7,7,7,4,7,7,7,7,7,7,7,7,7
26,1218,64,4,7,7,7,7,7,7,4,7,7,7,7,7,7,7,7,7
26,1219,64,4,7,7,7,7,7,7,4,7,7,7,7,7,7,7,7,7
26,1220,64,4,7,7,7,7,7,7,4,7,7,7,7,7,7,7,7,7
26,1221,64,4,7,7,7,7,7,7,4,7,7,7,7,7,7,7,7,7
26,1222,64,4,7,7,7,7,7,7,4,7,7,7,7,7,7,7,7,7
26,1223,64,4,7,7,7,7,7,7,4,7,7,7,7,7,7,7,7,7
26,1224,64,4,7,7,7,7,7,7,4,7,7,7,7,7,7,7,7,7
26,1225,64,4,7,7,7,7,7,7,4,7,7,7,7,7,7,7,7,7
26,1226,64,4,7,7,7,7,7,7,4,7,7,7,7,7,7,7,7,7
26,1227,64,4,7,7,7,7,7,7,4,7,7,7,7,7,7,7,7,7
26,1228,64,4,7,7,7,7,7,7,4,7,7,7,7,7,7,7,7,7
26,1229,64,4,7,7,7,7,7,7,4,7,7,7,7,7,7,7,7,7
26,1230,65,4,7,7,7,7,7,7,4,7,7,7,7,7,7,7,7,7
26,1231,65,4,7,7,7,7,7,7,4,7,7,7,7,7,7,7,7,7
26,1232,65,4,7,7,7,7,7,7,4,7,7,7,7,7,7,7,7,7
26,1233,65,4,7,7,7,7,7,7,4,7,7,7,7,7,7,7,7,7
26,1234,65,4,7,7,7,7,7,7,4,7,7,7,7,7,7,7,7,7
26,1235,65,4,7,7,7,7,7,7,4,7,7,7,7,7,7,7,7,7
26,1236,65,4,7,7,7,7,7,7,4,7,7,7,7,7,7,7,7,7
26,1237,65,4,7,7,7,7,7,7,4,7,7,7,7,7,7,7,7,7
26,1238,65,4,7,7,7,7,7,7,4,7,7,7,7,7,7,7,7,7
26,1239,65,4,7,7,7,7,7,7,4,7,7,7,7,7,7,7,7,7
26,1240,65,4,7,7,7,7,7,7,4,7,7,7,7,7,7,7,7,7
26,1241,65,4,7,7,7,7,7,7,4,7,7,7,7,7,7,7,7,7
26,1242,65,4,7,7,7,7,7,7,4,7,7,7,7,7,7,7,7,7
26,1243,65,4,7,7,7,7,7,7,4,7,7,7,7,7,7,7,7,7
26,1244,65,4,7,7,7,7,7,7,4,7,7,7,7,7,7,7,7,7
26,1245,65,4,7,7,7,7,7,7,4,7,7,7,7,7,7,7,7,7
26,1246,65,4,7,7,7,7,7,7,4,7,7,7,7,7,7,7,7,7
26,1247,65,4,7,7,7,7,7,7,4,7,7,7,7,7,7,7,7,7
26,1248,65,4,7,7,7,7,7,7,4,7,7,7,7,7,7,7,7,7
26,1249,65,4,7,7,7,7,7,7,4,7,7,7,7,7,7,7,7,7
26,1250,65,4,7,7,7,7,7,7,4,7,7,7,7,7,7,7,7,7
26,1251,65,4,7,7,7,7,7,7,4,7,7,7,7,7,7,7,7,7
26,1252,65,4,7,7,7,7,7,7,4,7,7,7,7,7,7,7,7,7
26,1253,65,4,7,7,7,7,7,7,4,7,7,7,7,7,7,7,7,7
26,1254,65,4,7,7,7,7,7,7,4,7,7,7,7,7,7,7,7,7
26,1255,65,4,7,7,7,7,7,7,4,7,7,7,7,7,7,7,7,7
26,1256,65,4,7,7,7,7,7,7,4,7,7,7,7,7,7,7,7,7
26,1257,65,4,7,7,7,7,7,7,4,7,7,7,7,7,7,7,7,7
26,1258,65,4,7,7,7,7,7,7,4,7,7,7,7,7,7,7,7,7
26,1259,65,4,7,7,7,7,7,7,4,7,7,7,7,7,7,7,7,7
26,1260,65,4,7,7,7,7,7,7,4,7,7,7,7,7,7,7,7,7
26,1261,65,4,7,7,7,7,7,7,4,7,7,7,7,7,7,7,7,7
26,1262,65,4,7,7,7,7,7,7,4,7,7,7,7,7,7,7,7,7
26,1263,65,4,7,7,7,7,7,7,4,7,7,7,7,7,7,7,7,7
26,1264,65,4,7,7,7,7,7,7,4,7,7,7,7,7,7,7,7,7
26,1265,65,4,7,7,7,7,7,7,4,7,7,7,7,7,7,7,7,7
26,1266,65,4,7,7,7,7,7,7,4,7,7,7,7,7,7,7,7,7
26,1267,65,4,7,7,7,7,7,7,4,7,7,7,7,7,7,7,7,7
26,1268,65,4,7,7,7,7,7,7,4,7,7,7,7,7,7,7,7,7
26,1269,65,4,7,7,7,7,7,7,4,7,7,7,7,7,7,7,7,7
26,1270,65,4,7,7,7,7,7,7,4,7,7,7,7,7,7,7,7,7
26,1271,65,4,7,7,7,7,7,7,4,7,7,7,7,7,7,7,7,7
26,1272,65,4,7,7,7,7,7,7,4,7,7,7,7,7,7,7,7,7
26,1273,65,4,7,7,7,7,7,7,4,7,7,7,7,7,7,7,7,7
26,1274,65,4,7,7,7,7,7,7,4,7,7,7,7,7,7,7,7,7
26,1275,65,4,7,7,7,7,7,7,4,7,7,7,7,7,7,7,7,7
26,1276,65,4,7,7,7,7,7,7,4,7,7,7,7,7,7,7,7,7
26,1277,65,4,7,7,7,7,7,7,4,7,7,7,7,7,7,7,7,7
26,1278,65,4,7,7,7,7,7,7,4,7,7,7,7,7,7,7,7,7
26,1279,65,4,7,7,7,7,7,7,4,7,7,7,7,7,7,7,7,7
26,1280,65,4,7,7,7,7,7,7,4,7,7,7,7,7,7,7,7,7
26,1281,65,4,7,7,7,7,7,7,4,7,7,7,7,7,7,7,7,7
26,1282,65,4,7,7,7,7,7,7,4,7,7,7,7,7,7,7,7,7
26,1283,65,4,7,7,7,7,7,7,4,7,7,7,7,7,7,7,7,7
26,1284,65,4,7,7,7,7,7,7,4,7,7,7,7,7,7,7,7,7
26,1285,65,4,7,7,7,7,7,7,4,7,7,7,7,7,7,7,7,7
26,1286,65,4,7,7,7,7,7,7,4,7,7,7,7,7,7,7,7,7
26,1287,65,4,7,7,7,7,7,7,4,7,7,7,7,7,7,7,7,7
26,1288,65,4,7,7,7,7,7,7,4,7,7,7,7,7,7,7,7,7
26,1289,65,4,7,7,7,7,7,7,4,7,7,7,7,7,7,7,7,7
26,1290,65,4,7,7,7,7,7,7,4,7,7,7,7,7,7,7,7,7
26,1291,65,4,7,7,7,7,7,7,4,7,7,7,7,7,7,7,7,7
26,1292,65,4,7,7,7,7,7,7,4,7,7,7,7,7,7,7,7,7
26,1293,65,4,7,7,7,7,7,7,4,7,7,7,7,7,7,7,7,7
26,1294,65,4,7,7,7,7,7,7,4,7,7,7,7,7,7,7,7,7
26,1295,65,4,7,7,7,7,7,7,4,7,7,7,7,7,7,7,7,7
26,1296,65,4,7,7,7,7,7,7,4,7,7,7,7,7,7,7,7,7
26,1297,65,4,7,7,7,7,7,7,4,7,7,7,7,7,7,7,7,7
26,1298,65,4,7,7,7,7,7,7,4,7,7,7,7,7,7,7,7,7
26,1299,65,4,7,7,7,7,7,7,4,7,7,7,7,7,7,7,7,7
26,1300,65,4,7,7,7,7,7,7,4,7,7,7,7,7,7,7,7,7
26,1301,65,4,7,7,7,7,7,7,4,7,7,7,7,7,7,7,7,7
26,1302,65,4,7,7,7,7,7,7,4,7,7,7,7,7,7,7,7,7
26,1303,65,4,7,7,7,7,7,7,4,7,7,7,7,7,7,7,7,7
26,1304,65,4,7,7,7,7,7,7,4,7,7,7,7,7,7,7,7,7
26,1305,65,4,7,7,7,7,7,7,4,7,7,7,7,7,7,7,7,7
26,1306,66,1,1,1,1,1,1,1,1,1,1,1,1,1,1,1,1,1
26,1307,67,4,7,7,7,7,7,7,4,7,7,7,7,7,7,7,7,7
26,1308,67,4,7,7,7,7,7,7,4,7,7,7,7,7,7,7,7,7
26,1309,67,4,7,7,7,7,7,7,4,7,7,7,7,7,7,7,7,7
26,1310,68,4,7,7,7,7,7,7,4,7,7,7,7,7,7,7,7,7
26,1311,68,4,7,7,7,7,7,7,4,7,7,7,7,7,7,7,7,7
26,1312,68,4,7,7,7,7,7,7,4,7,7,7,7,7,7,7,7,7
26,1313,68,4,7,7,7,7,7,7,4,7,7,7,7,7,7,7,7,7
26,1314,68,4,7,7,7,7,7,7,4,7,7,7,7,7,7,7,7,7
26,1315,68,4,7,7,7,7,7,7,4,7,7,7,7,7,7,7,7,7
26,1316,69,1,1,1,1,1,1,1,1,1,1,1,1,1,1,1,1,1
26,1317,69,1,1,1,1,1,1,1,1,1,1,1,1,1,1,1,1,1
26,1318,69,1,1,1,1,1,1,1,1,1,1,1,1,1,1,1,1,1
26,1319,69,1,1,1,1,1,1,1,1,1,1,1,1,1,1,1,1,1
26,1320,69,1,1,1,1,1,1,1,1,1,1,1,1,1,1,1,1,1
26,1321,69,1,1,1,1,1,1,1,1,1,1,1,1,1,1,1,1,1
26,1322,69,1,1,1,1,1,1,1,1,1,1,1,1,1,1,1,1,1
26,1323,70,3,3,3,3,3,3,3,3,3,3,3,3,3,3,3,3,3
26,1324,70,3,3,3,3,3,3,3,3,3,3,3,3,3,3,3,3,3
26,1325,70,3,3,3,3,3,3,3,3,3,3,3,3,3,3,3,3,3
26,1326,70,3,3,3,3,3,3,3,3,3,3,3,3,3,3,3,3,3
26,1327,70,3,3,3,3,3,3,3,3,3,3,3,3,3,3,3,3,3
26,1328,70,3,3,3,3,3,3,3,3,3,3,3,3,3,3,3,3,3
26,1329,70,3,3,3,3,3,3,3,3,3,3,3,3,3,3,3,3,3
26,1330,70,3,3,3,3,3,3,3,3,3,3,3,3,3,3,3,3,3
26,1331,71,4,7,7,7,7,7,7,4,7,7,7,7,7,7,7,7,7
26,1332,49,6,4,4,4,4,4,4,6,4,4,4,4,4,4,4,4,4
26,1333,49,5,4,4,4,4,4,4,5,4,4,4,4,4,4,4,4,4
26,1334,49,5,4,4,4,4,4,4,5,4,4,4,4,4,4,4,4,4
26,1335,49,5,4,4,4,4,4,4,5,4,4,4,4,4,4,4,4,4
26,1336,49,5,4,4,4,4,4,4,5,4,4,4,4,4,4,4,4,4
26,1337,49,5,4,4,4,4,4,4,5,4,4,4,4,4,4,4,4,4
26,1338,49,5,4,4,4,4,4,4,5,4,4,4,4,4,4,4,4,4
26,1339,49,5,4,4,4,4,4,4,5,4,4,4,4,4,4,4,4,4
26,1340,49,5,4,4,4,4,4,4,5,4,4,4,4,4,4,4,4,4
26,1341,49,5,4,4,4,4,4,4,5,4,4,4,4,4,4,4,4,4
26,1342,49,5,4,4,4,4,4,4,5,4,4,4,4,4,4,4,4,4
26,1343,49,5,4,4,4,4,4,4,5,4,4,4,4,4,4,4,4,4
26,1344,49,5,4,4,4,4,4,4,5,4,4,4,4,4,4,4,4,4
26,1345,49,5,4,4,4,4,4,4,5,4,4,4,4,4,4,4,4,4
26,1346,49,5,4,4,4,4,4,4,5,4,4,4,4,4,4,4,4,4
26,1347,49,5,4,4,4,4,4,4,5,4,4,4,4,4,4,4,4,4
26,1348,49,5,4,4,4,4,4,4,5,4,4,4,4,4,4,4,4,4
26,1349,49,5,4,4,4,4,4,4,5,4,4,4,4,4,4,4,4,4
26,1350,49,5,4,4,4,4,4,4,5,4,4,4,4,4,4,4,4,4
26,1351,49,5,4,4,4,4,4,4,5,4,4,4,4,4,4,4,4,4
26,1352,49,5,4,4,4,4,4,4,5,4,4,4,4,4,4,4,4,4
26,1353,49,5,4,4,4,4,4,4,5,4,4,4,4,4,4,4,4,4
26,1354,49,5,4,4,4,4,4,4,5,4,4,4,4,4,4,4,4,4
26,1355,49,5,4,4,4,4,4,4,5,4,4,4,4,4,4,4,4,4
26,1356,49,5,4,4,4,4,4,4,5,4,4,4,4,4,4,4,4,4
26,1357,49,5,4,4,4,4,4,4,5,4,4,4,4,4,4,4,4,4
26,1358,49,5,4,4,4,4,4,4,5,4,4,4,4,4,4,4,4,4
26,1359,49,5,4,4,4,4,4,4,5,4,4,4,4,4,4,4,4,4
26,1360,49,5,4,4,4,4,4,4,5,4,4,4,4,4,4,4,4,4
26,1361,49,5,4,4,4,4,4,4,5,4,4,4,4,4,4,4,4,4
26,1362,3,3,3,3,3,3,3,3,3,3,3,3,3,3,3,3,3,3
26,1363,3,3,3,3,3,3,3,3,3,3,3,3,3,3,3,3,3,3
26,1364,3,3,3,3,3,3,3,3,3,3,3,3,3,3,3,3,3,3
26,1365,3,3,3,3,3,3,3,3,3,3,3,3,3,3,3,3,3,3
26,1366,52,3,3,3,3,3,3,3,3,3,3,3,3,3,3,3,3,3
26,1367,52,3,3,3,3,3,3,3,3,3,3,3,3,3,3,3,3,3
26,1368,30,2,2,2,2,2,2,2,2,2,2,2,2,2,2,2,2,2
26,1369,30,2,2,2,2,2,2,2,2,2,2,2,2,2,2,2,2,2
26,1370,30,2,2,2,2,2,2,2,2,2,2,2,2,2,2,2,2,2
26,1371,30,2,2,2,2,2,2,2,2,2,2,2,2,2,2,2,2,2
26,1372,30,2,2,2,2,2,2,2,2,2,2,2,2,2,2,2,2,2
26,1373,30,2,2,2,2,2,2,2,2,2,2,2,2,2,2,2,2,2
26,1374,30,2,2,2,2,2,2,2,2,2,2,2,2,2,2,2,2,2
26,1375,30,2,2,2,2,2,2,2,2,2,2,2,2,2,2,2,2,2
26,1376,30,2,2,2,2,2,2,2,2,2,2,2,2,2,2,2,2,2
26,1377,30,2,2,2,2,2,2,2,2,2,2,2,2,2,2,2,2,2
26,1378,30,2,2,2,2,2,2,2,2,2,2,2,2,2,2,2,2,2
26,1379,30,2,2,2,2,2,2,2,2,2,2,2,2,2,2,2,2,2
26,1380,30,2,2,2,2,2,2,2,2,2,2,2,2,2,2,2,2,2
26,1381,30,2,2,2,2,2,2,2,2,2,2,2,2,2,2,2,2,2
26,1382,30,2,2,2,2,2,2,2,2,2,2,2,2,2,2,2,2,2
26,1383,30,2,2,2,2,2,2,2,2,2,2,2,2,2,2,2,2,2
26,1384,30,2,2,2,2,2,2,2,2,2,2,2,2,2,2,2,2,2
26,1385,30,2,2,2,2,2,2,2,2,2,2,2,2,2,2,2,2,2
26,1386,30,2,2,2,2,2,2,2,2,2,2,2,2,2,2,2,2,2
26,1387,30,2,2,2,2,2,2,2,2,2,2,2,2,2,2,2,2,2
26,1388,30,2,2,2,2,2,2,2,2,2,2,2,2,2,2,2,2,2
26,1389,30,2,2,2,2,2,2,2,2,2,2,2,2,2,2,2,2,2
26,1390,30,2,2,2,2,2,2,2,2,2,2,2,2,2,2,2,2,2
26,1391,30,2,2,2,2,2,2,2,2,2,2,2,2,2,2,2,2,2
26,1392,30,2,2,2,2,2,2,2,2,2,2,2,2,2,2,2,2,2
26,1393,30,2,2,2,2,2,2,2,2,2,2,2,2,2,2,2,2,2
26,1394,30,2,2,2,2,2,2,2,2,2,2,2,2,2,2,2,2,2
26,1395,30,2,2,2,2,2,2,2,2,2,2,2,2,2,2,2,2,2
26,1396,49,6,5,5,5,5,5,5,6,5,5,5,5,5,5,5,5,5
26,1397,49,6,5,5,5,5,5,5,6,5,5,5,5,5,5,5,5,5
26,1398,49,6,5,5,5,5,5,5,6,5,5,5,5,5,5,5,5,5
26,1399,49,6,5,5,5,5,5,5,6,5,5,5,5,5,5,5,5,5
26,1400,49,6,5,5,5,5,5,5,6,5,5,5,5,5,5,5,5,5
26,1401,49,6,5,5,5,5,5,5,6,5,5,5,5,5,5,5,5,5
26,1402,49,6,5,5,5,5,5,5,6,5,5,5,5,5,5,5,5,5
26,1403,49,6,5,5,5,5,5,5,6,5,5,5,5,5,5,5,5,5
26,1404,49,6,5,5,5,5,5,5,6,5,5,5,5,5,5,5,5,5
26,1405,49,6,5,5,5,5,5,5,6,5,5,5,5,5,5,5,5,5
26,1406,49,6,5,5,5,5,5,5,6,5,5,5,5,5,5,5,5,5
26,1407,49,6,5,5,5,5,5,5,6,5,5,5,5,5,5,5,5,5
26,1408,30,2,2,2,2,2,2,2,2,2,2,2,2,2,2,2,2,2
26,1409,30,2,2,2,2,2,2,2,2,2,2,2,2,2,2,2,2,2
26,1410,30,2,2,2,2,2,2,2,2,2,2,2,2,2,2,2,2,2
26,1411,30,2,2,2,2,2,2,2,2,2,2,2,2,2,2,2,2,2
26,1412,30,2,2,2,2,2,2,2,2,2,2,2,2,2,2,2,2,2
26,1413,30,2,2,2,2,2,2,2,2,2,2,2,2,2,2,2,2,2
26,1414,30,2,2,2,2,2,2,2,2,2,2,2,2,2,2,2,2,2
26,1415,30,2,2,2,2,2,2,2,2,2,2,2,2,2,2,2,2,2
26,1416,30,2,2,2,2,2,2,2,2,2,2,2,2,2,2,2,2,2
26,1417,30,2,2,2,2,2,2,2,2,2,2,2,2,2,2,2,2,2
26,1418,30,2,2,2,2,2,2,2,2,2,2,2,2,2,2,2,2,2
26,1419,30,2,2,2,2,2,2,2,2,2,2,2,2,2,2,2,2,2
26,1420,30,2,2,2,2,2,2,2,2,2,2,2,2,2,2,2,2,2
26,1421,30,2,2,2,2,2,2,2,2,2,2,2,2,2,2,2,2,2
26,1422,30,2,2,2,2,2,2,2,2,2,2,2,2,2,2,2,2,2
26,1423,30,2,2,2,2,2,2,2,2,2,2,2,2,2,2,2,2,2
26,1424,30,2,2,2,2,2,2,2,2,2,2,2,2,2,2,2,2,2
26,1425,30,2,2,2,2,2,2,2,2,2,2,2,2,2,2,2,2,2
26,1426,30,2,2,2,2,2,2,2,2,2,2,2,2,2,2,2,2,2
26,1427,30,2,2,2,2,2,2,2,2,2,2,2,2,2,2,2,2,2
26,1428,30,2,2,2,2,2,2,2,2,2,2,2,2,2,2,2,2,2
26,1429,30,2,2,2,2,2,2,2,2,2,2,2,2,2,2,2,2,2
26,1430,30,2,2,2,2,2,2,2,2,2,2,2,2,2,2,2,2,2
26,1431,30,2,2,2,2,2,2,2,2,2,2,2,2,2,2,2,2,2
26,1432,30,2,2,2,2,2,2,2,2,2,2,2,2,2,2,2,2,2
26,1433,30,2,2,2,2,2,2,2,2,2,2,2,2,2,2,2,2,2
26,1434,30,2,2,2,2,2,2,2,2,2,2,2,2,2,2,2,2,2
26,1435,30,2,2,2,2,2,2,2,2,2,2,2,2,2,2,2,2,2
26,1436,30,2,2,2,2,2,2,2,2,2,2,2,2,2,2,2,2,2
26,1437,30,2,2,2,2,2,2,2,2,2,2,2,2,2,2,2,2,2
26,1438,30,2,2,2,2,2,2,2,2,2,2,2,2,2,2,2,2,2
26,1439,30,2,2,2,2,2,2,2,2,2,2,2,2,2,2,2,2,2
26,1440,30,2,2,2,2,2,2,2,2,2,2,2,2,2,2,2,2,2
26,1441,30,2,2,2,2,2,2,2,2,2,2,2,2,2,2,2,2,2
26,1442,49,6,4,4,4,4,4,4,6,4,4,4,4,4,4,4,4,4
26,1443,49,6,4,4,4,4,4,4,6,4,4,4,4,4,4,4,4,4
26,1444,49,6,4,4,4,4,4,4,6,4,4,4,4,4,4,4,4,4
26,1445,49,6,4,4,4,4,4,4,6,4,4,4,4,4,4,4,4,4
26,1446,49,6,4,4,4,4,4,4,6,4,4,4,4,4,4,4,4,4
26,1447,49,6,4,4,4,4,4,4,6,4,4,4,4,4,4,4,4,4
26,1448,49,6,4,4,4,4,4,4,6,4,4,4,4,4,4,4,4,4
26,1449,49,6,4,4,4,4,4,4,6,4,4,4,4,4,4,4,4,4
26,1450,49,6,4,4,4,4,4,4,6,4,4,4,4,4,4,4,4,4
26,1451,49,6,4,4,4,4,4,4,6,4,4,4,4,4,4,4,4,4
26,1452,49,6,4,4,4,4,4,4,6,4,4,4,4,4,4,4,4,4
26,1453,49,6,4,4,4,4,4,4,6,4,4,4,4,4,4,4,4,4
26,1454,49,6,4,4,4,4,4,4,6,4,4,4,4,4,4,4,4,4
26,1455,49,6,4,4,4,4,4,4,6,4,4,4,4,4,4,4,4,4
26,1456,49,6,4,4,4,4,4,4,6,4,4,4,4,4,4,4,4,4
26,1457,49,6,4,4,4,4,4,4,6,4,4,4,4,4,4,4,4,4
26,1458,49,6,4,4,4,4,4,4,6,4,4,4,4,4,4,4,4,4
26,1459,49,6,4,4,4,4,4,4,6,4,4,4,4,4,4,4,4,4
26,1460,49,6,4,4,4,4,4,4,6,4,4,4,4,4,4,4,4,4
26,1461,49,6,4,4,4,4,4,4,6,4,4,4,4,4,4,4,4,4
26,1462,49,6,4,4,4,4,4,4,6,4,4,4,4,4,4,4,4,4
26,1463,49,6,4,4,4,4,4,4,6,4,4,4,4,4,4,4,4,4
26,1464,49,6,4,4,4,4,4,4,6,4,4,4,4,4,4,4,4,4
26,1465,49,6,4,4,4,4,4,4,6,4,4,4,4,4,4,4,4,4
26,1466,49,6,4,4,4,4,4,4,6,4,4,4,4,4,4,4,4,4
26,1467,49,6,4,4,4,4,4,4,6,4,4,4,4,4,4,4,4,4
26,1468,49,6,4,4,4,4,4,4,6,4,4,4,4,4,4,4,4,4
26,1469,49,6,4,4,4,4,4,4,6,4,4,4,4,4,4,4,4,4
26,1470,49,6,4,4,4,4,4,4,6,4,4,4,4,4,4,4,4,4
26,1471,49,6,4,4,4,4,4,4,6,4,4,4,4,4,4,4,4,4
26,1472,49,6,4,4,4,4,4,4,6,4,4,4,4,4,4,4,4,4
26,1473,49,6,4,4,4,4,4,4,6,4,4,4,4,4,4,4,4,4
26,1474,49,6,4,4,4,4,4,4,6,4,4,4,4,4,4,4,4,4
26,1475,49,6,4,4,4,4,4,4,6,4,4,4,4,4,4,4,4,4
26,1476,49,6,4,4,4,4,4,4,6,4,4,4,4,4,4,4,4,4
26,1477,49,6,4,4,4,4,4,4,6,4,4,4,4,4,4,4,4,4
26,1478,49,6,4,4,4,4,4,4,6,4,4,4,4,4,4,4,4,4
26,1479,49,6,4,4,4,4,4,4,6,4,4,4,4,4,4,4,4,4
26,1480,49,6,4,4,4,4,4,4,6,4,4,4,4,4,4,4,4,4
26,1481,49,6,4,4,4,4,4,4,6,4,4,4,4,4,4,4,4,4
26,1482,49,6,4,4,4,4,4,4,6,4,4,4,4,4,4,4,4,4
26,1483,49,6,4,4,4,4,4,4,6,4,4,4,4,4,4,4,4,4
26,1484,49,6,4,4,4,4,4,4,6,4,4,4,4,4,4,4,4,4
26,1485,49,6,4,4,4,4,4,4,6,4,4,4,4,4,4,4,4,4
26,1486,49,6,4,4,4,4,4,4,6,4,4,4,4,4,4,4,4,4
26,1487,49,6,4,4,4,4,4,4,6,4,4,4,4,4,4,4,4,4
26,1488,49,6,4,4,4,4,4,4,6,4,4,4,4,4,4,4,4,4
26,1489,49,6,4,4,4,4,4,4,6,4,4,4,4,4,4,4,4,4
26,1490,49,6,4,4,4,4,4,4,6,4,4,4,4,4,4,4,4,4
26,1491,49,6,4,4,4,4,4,4,6,4,4,4,4,4,4,4,4,4
26,1492,49,6,4,4,4,4,4,4,6,4,4,4,4,4,4,4,4,4
26,1493,49,6,4,4,4,4,4,4,6,4,4,4,4,4,4,4,4,4
26,1494,49,6,4,4,4,4,4,4,6,4,4,4,4,4,4,4,4,4
26,1495,49,6,4,4,4,4,4,4,6,4,4,4,4,4,4,4,4,4
26,1496,49,6,4,4,4,4,4,4,6,4,4,4,4,4,4,4,4,4
26,1497,49,6,4,4,4,4,4,4,6,4,4,4,4,4,4,4,4,4
26,1498,49,6,4,4,4,4,4,4,6,4,4,4,4,4,4,4,4,4
26,1499,49,6,4,4,4,4,4,4,6,4,4,4,4,4,4,4,4,4
26,1500,49,6,4,4,4,4,4,4,6,4,4,4,4,4,4,4,4,4
26,1501,49,6,4,4,4,4,4,4,6,4,4,4,4,4,4,4,4,4
26,1502,49,6,4,4,4,4,4,4,6,4,4,4,4,4,4,4,4,4
26,1503,49,6,4,4,4,4,4,4,6,4,4,4,4,4,4,4,4,4
26,1504,49,6,4,4,4,4,4,4,6,4,4,4,4,4,4,4,4,4
26,1505,49,5,4,4,4,4,4,4,5,4,4,4,4,4,4,4,4,4
26,1506,49,5,4,4,4,4,4,4,5,4,4,4,4,4,4,4,4,4
26,1507,49,5,4,4,4,4,4,4,5,4,4,4,4,4,4,4,4,4
26,1508,49,5,4,4,4,4,4,4,5,4,4,4,4,4,4,4,4,4
26,1509,49,6,4,4,4,4,4,4,6,4,4,4,4,4,4,4,4,4
26,1510,49,5,4,4,4,4,4,4,5,4,4,4,4,4,4,4,4,4
26,1511,49,5,4,4,4,4,4,4,5,4,4,4,4,4,4,4,4,4
26,1512,49,5,4,4,4,4,4,4,5,4,4,4,4,4,4,4,4,4
26,1513,49,6,4,4,4,4,4,4,6,4,4,4,4,4,4,4,4,4
26,1514,49,6,4,4,4,4,4,4,6,4,4,4,4,4,4,4,4,4
26,1515,61,1,1,1,1,1,1,1,1,1,1,1,1,1,1,1,1,1
26,1516,61,1,1,1,1,1,1,1,1,1,1,1,1,1,1,1,1,1
26,1517,61,1,1,1,1,1,1,1,1,1,1,1,1,1,1,1,1,1
26,1518,61,1,1,1,1,1,1,1,1,1,1,1,1,1,1,1,1,1
26,1519,61,1,1,1,1,1,1,1,1,1,1,1,1,1,1,1,1,1
26,1520,61,1,1,1,1,1,1,1,1,1,1,1,1,1,1,1,1,1
26,1521,61,1,1,1,1,1,1,1,1,1,1,1,1,1,1,1,1,1
26,1522,61,1,1,1,1,1,1,1,1,1,1,1,1,1,1,1,1,1
26,1523,61,1,1,1,1,1,1,1,1,1,1,1,1,1,1,1,1,1
26,1524,61,1,1,1,1,1,1,1,1,1,1,1,1,1,1,1,1,1
26,1525,61,1,1,1,1,1,1,1,1,1,1,1,1,1,1,1,1,1
26,1526,61,1,1,1,1,1,1,1,1,1,1,1,1,1,1,1,1,1
26,1527,61,1,1,1,1,1,1,1,1,1,1,1,1,1,1,1,1,1
26,1528,61,1,1,1,1,1,1,1,1,1,1,1,1,1,1,1,1,1
26,1529,49,6,5,5,5,5,5,5,6,5,5,5,5,5,5,5,5,5
26,1530,49,6,5,5,5,5,5,5,6,5,5,5,5,5,5,5,5,5
26,1531,49,6,5,5,5,5,5,5,6,5,5,5,5,5,5,5,5,5
26,1532,49,6,5,5,5,5,5,5,6,5,5,5,5,5,5,5,5,5
26,1533,49,6,5,5,5,5,5,5,6,5,5,5,5,5,5,5,5,5
26,1534,49,6,5,5,5,5,5,5,6,5,5,5,5,5,5,5,5,5
26,1535,49,6,5,5,5,5,5,5,6,5,5,5,5,5,5,5,5,5
26,1536,49,6,5,5,5,5,5,5,6,5,5,5,5,5,5,5,5,5
26,1537,49,6,5,5,5,5,5,5,6,5,5,5,5,5,5,5,5,5
26,1538,49,6,5,5,5,5,5,5,6,5,5,5,5,5,5,5,5,5
26,1539,49,6,5,5,5,5,5,5,6,5,5,5,5,5,5,5,5,5
26,1540,49,6,5,5,5,5,5,5,6,5,5,5,5,5,5,5,5,5
26,1541,49,6,5,5,5,5,5,5,6,5,5,5,5,5,5,5,5,5
26,1542,49,6,5,5,5,5,5,5,6,5,5,5,5,5,5,5,5,5
26,1543,49,6,5,5,5,5,5,5,6,5,5,5,5,5,5,5,5,5
26,1544,49,6,5,5,5,5,5,5,6,5,5,5,5,5,5,5,5,5
26,1545,49,6,5,5,5,5,5,5,6,5,5,5,5,5,5,5,5,5
26,1546,49,6,5,5,5,5,5,5,6,5,5,5,5,5,5,5,5,5
26,1547,49,6,5,5,5,5,5,5,6,5,5,5,5,5,5,5,5,5
26,1548,49,6,5,5,5,5,5,5,6,5,5,5,5,5,5,5,5,5
26,1549,49,6,5,5,5,5,5,5,6,5,5,5,5,5,5,5,5,5
26,1550,49,6,5,5,5,5,5,5,6,5,5,5,5,5,5,5,5,5
26,1551,49,6,5,5,5,5,5,5,6,5,5,5,5,5,5,5,5,5
26,1552,49,6,5,5,5,5,5,5,6,5,5,5,5,5,5,5,5,5
26,1553,49,6,5,5,5,5,5,5,6,5,5,5,5,5,5,5,5,5
26,1554,49,6,5,5,5,5,5,5,6,5,5,5,5,5,5,5,5,5
26,1555,49,6,5,5,5,5,5,5,6,5,5,5,5,5,5,5,5,5
26,1556,49,6,5,5,5,5,5,5,6,5,5,5,5,5,5,5,5,5
