edon,seccion,munn,escenario1,mc_clv1,panal_clv1,pes_clv1,pri_clv1,pvem_clv1,escenario2,mc_clv2,panal_clv2,pan_clv2,pes_clv2,prd_clv2,prd_cnv2,pri_clv2,pt_clv2,pvem_clv2,escenario3
28,1,1,1,1,1,1,1,1,1,1,1,1,1,1,1,1,1,1,1
28,2,1,1,1,1,1,1,1,1,1,1,1,1,1,1,1,1,1,1
28,3,1,1,1,1,1,1,1,1,1,1,1,1,1,1,1,1,1,1
28,4,1,1,1,1,1,1,1,1,1,1,1,1,1,1,1,1,1,1
28,5,1,1,1,1,1,1,1,1,1,1,1,1,1,1,1,1,1,1
28,6,1,1,1,1,1,1,1,1,1,1,1,1,1,1,1,1,1,1
28,8,1,1,1,1,1,1,1,1,1,1,1,1,1,1,1,1,1,1
28,9,1,1,1,1,1,1,1,1,1,1,1,1,1,1,1,1,1,1
28,10,1,1,1,1,1,1,1,1,1,1,1,1,1,1,1,1,1,1
28,11,1,1,1,1,1,1,1,1,1,1,1,1,1,1,1,1,1,1
28,12,1,1,1,1,1,1,1,1,1,1,1,1,1,1,1,1,1,1
28,13,2,2,2,2,2,2,2,2,1,1,1,1,1,2,1,1,1,1
28,14,2,2,2,2,2,2,2,2,1,1,1,1,1,2,1,1,1,1
28,15,2,2,2,2,2,2,2,2,1,1,1,1,1,2,1,1,1,1
28,16,2,2,2,2,2,2,2,2,1,1,1,1,1,2,1,1,1,1
28,17,2,2,2,2,2,2,2,2,1,1,1,1,1,2,1,1,1,1
28,18,2,2,2,2,2,2,2,2,1,1,1,1,1,2,1,1,1,1
28,19,2,2,2,2,2,2,2,2,1,1,1,1,1,2,1,1,1,1
28,20,2,2,2,2,2,2,2,2,1,1,1,1,1,2,1,1,1,1
28,21,2,2,2,2,2,2,2,2,1,1,1,1,1,2,1,1,1,1
28,22,2,2,2,2,2,2,2,2,1,1,1,1,1,2,1,1,1,1
28,23,2,2,2,2,2,2,2,2,1,1,1,1,1,2,1,1,1,1
28,24,2,2,2,2,2,2,2,2,1,1,1,1,1,2,1,1,1,1
28,25,2,2,2,2,2,2,2,2,1,1,1,1,1,2,1,1,1,1
28,26,2,2,2,2,2,2,2,2,1,1,1,1,1,2,1,1,1,1
28,27,2,2,2,2,2,2,2,2,1,1,1,1,1,2,1,1,1,1
28,28,2,2,2,2,2,2,2,2,1,1,1,1,1,2,1,1,1,1
28,29,2,2,2,2,2,2,2,2,1,1,1,1,1,2,1,1,1,1
28,30,2,2,2,2,2,2,2,2,1,1,1,1,1,2,1,1,1,1
28,31,2,2,2,2,2,2,2,2,1,1,1,1,1,2,1,1,1,1
28,32,2,2,2,2,2,2,2,2,1,1,1,1,1,2,1,1,1,1
28,33,2,2,2,2,2,2,2,2,1,1,1,1,1,2,1,1,1,1
28,34,3,2,2,2,2,2,2,2,2,2,2,2,2,2,2,2,2,2
28,35,3,2,2,2,2,2,2,2,2,2,2,2,2,2,2,2,2,2
28,36,3,2,2,2,2,2,2,2,2,2,2,2,2,2,2,2,2,2
28,37,3,2,2,2,2,2,2,2,2,2,2,2,2,2,2,2,2,2
28,38,3,2,2,2,2,2,2,2,2,2,2,2,2,2,2,2,2,2
28,39,3,2,2,2,2,2,2,2,2,2,2,2,2,2,2,2,2,2
28,40,3,2,2,2,2,2,2,2,2,2,2,2,2,2,2,2,2,2
28,41,3,2,2,2,2,2,2,2,2,2,2,2,2,2,2,2,2,2
28,42,3,2,2,2,2,2,2,2,2,2,2,2,2,2,2,2,2,2
28,43,3,2,2,2,2,2,2,2,2,2,2,2,2,2,2,2,2,2
28,44,3,2,2,2,2,2,2,2,2,2,2,2,2,2,2,2,2,2
28,45,3,2,2,2,2,2,2,2,2,2,2,2,2,2,2,2,2,2
28,46,3,2,2,2,2,2,2,2,2,2,2,2,2,2,2,2,2,2
28,47,3,2,2,2,2,2,2,2,2,2,2,2,2,2,2,2,2,2
28,48,3,2,2,2,2,2,2,2,2,2,2,2,2,2,2,2,2,2
28,49,3,2,2,2,2,2,2,2,2,2,2,2,2,2,2,2,2,2
28,50,3,2,2,2,2,2,2,2,2,2,2,2,2,2,2,2,2,2
28,51,3,2,2,2,2,2,2,2,2,2,2,2,2,2,2,2,2,2
28,52,3,2,2,2,2,2,2,2,2,2,2,2,2,2,2,2,2,2
28,53,3,2,2,2,2,2,2,2,2,2,2,2,2,2,2,2,2,2
28,54,3,2,2,2,2,2,2,2,2,2,2,2,2,2,2,2,2,2
28,55,3,2,2,2,2,2,2,2,2,2,2,2,2,2,2,2,2,2
28,56,3,2,2,2,2,2,2,2,2,2,2,2,2,2,2,2,2,2
28,57,3,2,2,2,2,2,2,2,2,2,2,2,2,2,2,2,2,2
28,58,3,2,2,2,2,2,2,2,2,2,2,2,2,2,2,2,2,2
28,59,3,2,2,2,2,2,2,2,2,2,2,2,2,2,2,2,2,2
28,60,3,2,2,2,2,2,2,2,2,2,2,2,2,2,2,2,2,2
28,61,3,2,2,2,2,2,2,2,2,2,2,2,2,2,2,2,2,2
28,62,3,2,2,2,2,2,2,2,2,2,2,2,2,2,2,2,2,2
28,63,3,2,2,2,2,2,2,2,2,2,2,2,2,2,2,2,2,2
28,64,3,2,2,2,2,2,2,2,2,2,2,2,2,2,2,2,2,2
28,65,3,2,2,2,2,2,2,2,2,2,2,2,2,2,2,2,2,2
28,66,3,2,2,2,2,2,2,2,2,2,2,2,2,2,2,2,2,2
28,67,3,2,2,2,2,2,2,2,2,2,2,2,2,2,2,2,2,2
28,68,3,2,2,2,2,2,2,2,2,2,2,2,2,2,2,2,2,2
28,69,3,2,2,2,2,2,2,2,2,2,2,2,2,2,2,2,2,2
28,70,3,2,2,2,2,2,2,2,2,2,2,2,2,2,2,2,2,2
28,71,3,2,2,2,2,2,2,2,2,2,2,2,2,2,2,2,2,2
28,72,3,3,3,3,3,3,3,3,2,2,2,2,2,3,2,2,2,2
28,73,3,3,3,3,3,3,3,3,2,2,2,2,2,3,2,2,2,2
28,74,3,3,3,3,3,3,3,3,2,2,2,2,2,3,2,2,2,2
28,75,3,3,3,3,3,3,3,3,2,2,2,2,2,3,2,2,2,2
28,77,3,3,3,3,3,3,3,3,2,2,2,2,2,3,2,2,2,2
28,78,3,3,3,3,3,3,3,3,2,2,2,2,2,3,2,2,2,2
28,79,3,3,3,3,3,3,3,3,2,2,2,2,2,3,2,2,2,2
28,80,3,3,3,3,3,3,3,3,2,2,2,2,2,3,2,2,2,2
28,81,3,2,2,2,2,2,2,2,2,2,2,2,2,2,2,2,2,2
28,82,3,2,2,2,2,2,2,2,2,2,2,2,2,2,2,2,2,2
28,83,3,2,2,2,2,2,2,2,2,2,2,2,2,2,2,2,2,2
28,84,3,2,2,2,2,2,2,2,2,2,2,2,2,2,2,2,2,2
28,85,3,2,2,2,2,2,2,2,2,2,2,2,2,2,2,2,2,2
28,86,3,2,2,2,2,2,2,2,2,2,2,2,2,2,2,2,2,2
28,87,3,3,3,3,3,3,3,3,2,2,2,2,2,3,2,2,2,2
28,88,3,3,3,3,3,3,3,3,2,2,2,2,2,3,2,2,2,2
28,89,3,2,2,2,2,2,2,2,2,2,2,2,2,2,2,2,2,2
28,90,3,2,2,2,2,2,2,2,2,2,2,2,2,2,2,2,2,2
28,91,3,2,2,2,2,2,2,2,2,2,2,2,2,2,2,2,2,2
28,92,3,2,2,2,2,2,2,2,2,2,2,2,2,2,2,2,2,2
28,93,3,2,2,2,2,2,2,2,2,2,2,2,2,2,2,2,2,2
28,94,3,2,2,2,2,2,2,2,2,2,2,2,2,2,2,2,2,2
28,95,3,3,3,3,3,3,3,3,2,2,2,2,2,3,2,2,2,2
28,96,3,3,3,3,3,3,3,3,2,2,2,2,2,3,2,2,2,2
28,97,3,3,3,3,3,3,3,3,2,2,2,2,2,3,2,2,2,2
28,98,3,3,3,3,3,3,3,3,2,2,2,2,2,3,2,2,2,2
28,99,3,2,2,2,2,2,2,2,2,2,2,2,2,3,2,2,2,2
28,100,3,2,2,2,2,2,2,2,2,2,2,2,2,2,2,2,2,2
28,101,4,1,1,1,1,1,1,1,1,1,1,1,1,1,1,1,1,1
28,102,4,1,1,1,1,1,1,1,1,1,1,1,1,1,1,1,1,1
28,103,4,1,1,1,1,1,1,1,1,1,1,1,1,1,1,1,1,1
28,104,4,1,1,1,1,1,1,1,1,1,1,1,1,1,1,1,1,1
28,105,4,1,1,1,1,1,1,1,1,1,1,1,1,1,1,1,1,1
28,106,4,1,1,1,1,1,1,1,1,1,1,1,1,1,1,1,1,1
28,107,4,1,1,1,1,1,1,1,1,1,1,1,1,1,1,1,1,1
28,108,5,4,4,4,4,4,4,4,3,3,3,3,3,4,3,3,3,3
28,109,5,4,4,4,4,4,4,4,3,3,3,3,3,4,3,3,3,3
28,110,5,4,4,4,4,4,4,4,3,3,3,3,3,4,3,3,3,3
28,111,5,4,4,4,4,4,4,4,3,3,3,3,3,4,3,3,3,3
28,112,5,4,4,4,4,4,4,4,3,3,3,3,3,4,3,3,3,3
28,113,5,4,4,4,4,4,4,4,3,3,3,3,3,4,3,3,3,3
28,114,5,4,4,4,4,4,4,4,3,3,3,3,3,4,3,3,3,3
28,115,5,4,4,4,4,4,4,4,3,3,3,3,3,4,3,3,3,3
28,116,6,1,1,1,1,1,1,1,1,1,1,1,1,5,1,1,1,1
28,117,6,1,1,1,1,1,1,1,1,1,1,1,1,5,1,1,1,1
28,118,6,1,1,1,1,1,1,1,1,1,1,1,1,5,1,1,1,1
28,119,6,1,1,1,1,1,1,1,1,1,1,1,1,5,1,1,1,1
28,120,6,1,1,1,1,1,1,1,1,1,1,1,1,5,1,1,1,1
28,121,6,1,1,1,1,1,1,1,1,1,1,1,1,5,1,1,1,1
28,122,6,1,1,1,1,1,1,1,1,1,1,1,1,5,1,1,1,1
28,123,6,1,1,1,1,1,1,1,1,1,1,1,1,5,1,1,1,1
28,124,6,1,1,1,1,1,1,1,1,1,1,1,1,5,1,1,1,1
28,125,7,7,7,7,7,7,7,7,7,7,7,7,7,8,7,7,7,7
28,126,7,7,7,7,7,7,7,7,7,7,7,7,7,8,7,7,7,7
28,127,7,7,7,7,7,7,7,7,7,7,7,7,7,8,7,7,7,7
28,128,7,7,7,7,7,7,7,7,7,7,7,7,7,8,7,7,7,7
28,129,7,7,7,7,7,7,7,7,7,7,7,7,7,8,7,7,7,7
28,130,7,7,7,7,7,7,7,7,7,7,7,7,7,8,7,7,7,7
28,131,7,7,7,7,7,7,7,7,7,7,7,7,7,8,7,7,7,7
28,132,7,7,7,7,7,7,7,7,7,7,7,7,7,8,7,7,7,7
28,133,7,7,7,7,7,7,7,7,7,7,7,7,7,8,7,7,7,7
28,134,7,7,7,7,7,7,7,7,7,7,7,7,7,8,7,7,7,7
28,135,7,7,7,7,7,7,7,7,7,7,7,7,7,8,7,7,7,7
28,136,7,7,7,7,7,7,7,7,7,7,7,7,7,8,7,7,7,7
28,137,7,7,7,7,7,7,7,7,7,7,7,7,7,8,7,7,7,7
28,138,7,7,7,7,7,7,7,7,7,7,7,7,7,8,7,7,7,7
28,139,7,7,7,7,7,7,7,7,7,7,7,7,7,8,7,7,7,7
28,140,7,7,7,7,7,7,7,7,7,7,7,7,7,8,7,7,7,7
28,141,7,7,7,7,7,7,7,7,7,7,7,7,7,8,7,7,7,7
28,142,7,7,7,7,7,7,7,7,7,7,7,7,7,8,7,7,7,7
28,143,8,1,1,1,1,1,1,1,1,1,1,1,1,1,1,1,1,1
28,144,8,1,1,1,1,1,1,1,1,1,1,1,1,1,1,1,1,1
28,145,8,1,1,1,1,1,1,1,1,1,1,1,1,1,1,1,1,1
28,146,8,1,1,1,1,1,1,1,1,1,1,1,1,1,1,1,1,1
28,147,8,1,1,1,1,1,1,1,1,1,1,1,1,1,1,1,1,1
28,148,8,1,1,1,1,1,1,1,1,1,1,1,1,1,1,1,1,1
28,149,8,1,1,1,1,1,1,1,1,1,1,1,1,1,1,1,1,1
28,150,8,1,1,1,1,1,1,1,1,1,1,1,1,1,1,1,1,1
28,151,9,2,2,2,2,2,2,2,2,2,2,2,2,2,2,2,2,2
28,152,9,2,2,2,2,2,2,2,2,2,2,2,2,2,2,2,2,2
28,153,9,2,2,2,2,2,2,2,2,2,2,2,2,2,2,2,2,2
28,154,9,2,2,2,2,2,2,2,2,2,2,2,2,2,2,2,2,2
28,155,9,2,2,2,2,2,2,2,2,2,2,2,2,2,2,2,2,2
28,156,9,2,2,2,2,2,2,2,2,2,2,2,2,2,2,2,2,2
28,157,9,2,2,2,2,2,2,2,2,2,2,2,2,2,2,2,2,2
28,158,9,2,2,2,2,2,2,2,2,2,2,2,2,2,2,2,2,2
28,159,9,2,2,2,2,2,2,2,2,2,2,2,2,2,2,2,2,2
28,160,9,2,2,2,2,2,2,2,2,2,2,2,2,2,2,2,2,2
28,161,9,2,2,2,2,2,2,2,2,2,2,2,2,2,2,2,2,2
28,162,9,2,2,2,2,2,2,2,2,2,2,2,2,2,2,2,2,2
28,163,9,2,2,2,2,2,2,2,2,2,2,2,2,2,2,2,2,2
28,164,9,2,2,2,2,2,2,2,2,2,2,2,2,2,2,2,2,2
28,165,9,2,2,2,2,2,2,2,2,2,2,2,2,2,2,2,2,2
28,166,9,2,2,2,2,2,2,2,2,2,2,2,2,2,2,2,2,2
28,167,9,2,2,2,2,2,2,2,2,2,2,2,2,2,2,2,2,2
28,168,9,2,2,2,2,2,2,2,2,2,2,2,2,2,2,2,2,2
28,169,9,2,2,2,2,2,2,2,2,2,2,2,2,2,2,2,2,2
28,170,9,2,2,2,2,2,2,2,2,2,2,2,2,2,2,2,2,2
28,171,9,2,2,2,2,2,2,2,4,4,4,4,4,2,4,4,4,4
28,172,9,2,2,2,2,2,2,2,2,2,2,2,2,2,2,2,2,2
28,173,9,2,2,2,2,2,2,2,2,2,2,2,2,2,2,2,2,2
28,174,9,2,2,2,2,2,2,2,2,2,2,2,2,2,2,2,2,2
28,175,9,2,2,2,2,2,2,2,2,2,2,2,2,2,2,2,2,2
28,177,9,2,2,2,2,2,2,2,2,2,2,2,2,2,2,2,2,2
28,178,9,2,2,2,2,2,2,2,2,2,2,2,2,2,2,2,2,2
28,179,9,2,2,2,2,2,2,2,2,2,2,2,2,2,2,2,2,2
28,180,9,2,2,2,2,2,2,2,4,4,4,4,4,2,4,4,4,4
28,181,9,2,2,2,2,2,2,2,4,4,4,4,4,2,4,4,4,4
28,182,9,2,2,2,2,2,2,2,4,4,4,4,4,2,4,4,4,4
28,183,9,2,2,2,2,2,2,2,4,4,4,4,4,2,4,4,4,4
28,184,9,2,2,2,2,2,2,2,4,4,4,4,4,2,4,4,4,4
28,185,9,2,2,2,2,2,2,2,4,4,4,4,4,2,4,4,4,4
28,186,9,2,2,2,2,2,2,2,4,4,4,4,4,2,4,4,4,4
28,187,9,2,2,2,2,2,2,2,2,2,2,2,2,2,2,2,2,2
28,188,9,2,2,2,2,2,2,2,2,2,2,2,2,2,2,2,2,2
28,189,9,2,2,2,2,2,2,2,2,2,2,2,2,2,2,2,2,2
28,190,9,2,2,2,2,2,2,2,2,2,2,2,2,2,2,2,2,2
28,191,9,2,2,2,2,2,2,2,2,2,2,2,2,2,2,2,2,2
28,192,9,2,2,2,2,2,2,2,2,2,2,2,2,2,2,2,2,2
28,193,9,2,2,2,2,2,2,2,2,2,2,2,2,2,2,2,2,2
28,194,9,2,2,2,2,2,2,2,2,2,2,2,2,2,2,2,2,2
28,195,9,2,2,2,2,2,2,2,2,2,2,2,2,2,2,2,2,2
28,196,9,2,2,2,2,2,2,2,2,2,2,2,2,2,2,2,2,2
28,197,9,2,2,2,2,2,2,2,4,4,4,4,4,2,4,4,4,4
28,198,9,2,2,2,2,2,2,2,4,4,4,4,4,2,4,4,4,4
28,199,9,2,2,2,2,2,2,2,4,4,4,4,4,2,4,4,4,4
28,200,9,2,2,2,2,2,2,2,4,4,4,4,4,2,4,4,4,4
28,201,9,2,2,2,2,2,2,2,2,2,2,2,2,2,2,2,2,2
28,202,9,2,2,2,2,2,2,2,2,2,2,2,2,2,2,2,2,2
28,203,9,2,2,2,2,2,2,2,2,2,2,2,2,2,2,2,2,2
28,204,9,2,2,2,2,2,2,2,2,2,2,2,2,2,2,2,2,2
28,205,9,2,2,2,2,2,2,2,2,2,2,2,2,2,2,2,2,2
28,206,9,2,2,2,2,2,2,2,2,2,2,2,2,2,2,2,2,2
28,207,9,2,2,2,2,2,2,2,2,2,2,2,2,2,2,2,2,2
28,208,9,2,2,2,2,2,2,2,2,2,2,2,2,2,2,2,2,2
28,209,9,2,2,2,2,2,2,2,2,2,2,2,2,2,2,2,2,2
28,210,9,2,2,2,2,2,2,2,2,2,2,2,2,2,2,2,2,2
28,211,9,2,2,2,2,2,2,2,2,2,2,2,2,2,2,2,2,2
28,212,9,2,2,2,2,2,2,2,4,4,4,4,4,2,4,4,4,4
28,213,9,2,2,2,2,2,2,2,4,4,4,4,4,2,4,4,4,4
28,214,9,2,2,2,2,2,2,2,4,4,4,4,4,2,4,4,4,4
28,215,9,2,2,2,2,2,2,2,4,4,4,4,4,2,4,4,4,4
28,216,9,2,2,2,2,2,2,2,4,4,4,4,4,2,4,4,4,4
28,217,9,2,2,2,2,2,2,2,4,4,4,4,4,2,4,4,4,4
28,218,9,2,2,2,2,2,2,2,2,2,2,2,2,2,2,2,2,2
28,219,9,2,2,2,2,2,2,2,2,2,2,2,2,2,2,2,2,2
28,220,9,2,2,2,2,2,2,2,2,2,2,2,2,2,2,2,2,2
28,221,9,2,2,2,2,2,2,2,2,2,2,2,2,2,2,2,2,2
28,222,9,2,2,2,2,2,2,2,2,2,2,2,2,2,2,2,2,2
28,223,9,2,2,2,2,2,2,2,2,2,2,2,2,2,2,2,2,2
28,224,9,2,2,2,2,2,2,2,2,2,2,2,2,2,2,2,2,2
28,225,9,2,2,2,2,2,2,2,4,4,4,4,4,2,4,4,4,4
28,226,9,2,2,2,2,2,2,2,4,4,4,4,4,2,4,4,4,4
28,227,9,2,2,2,2,2,2,2,4,4,4,4,4,2,4,4,4,4
28,228,9,2,2,2,2,2,2,2,4,4,4,4,4,2,4,4,4,4
28,229,9,2,2,2,2,2,2,2,4,4,4,4,4,2,4,4,4,4
28,230,9,2,2,2,2,2,2,2,4,4,4,4,4,2,4,4,4,4
28,231,9,2,2,2,2,2,2,2,4,4,4,4,4,2,4,4,4,4
28,232,9,2,2,2,2,2,2,2,4,4,4,4,4,2,4,4,4,4
28,233,9,2,2,2,2,2,2,2,2,2,2,2,2,2,2,2,2,2
28,234,9,2,2,2,2,2,2,2,2,2,2,2,2,2,2,2,2,2
28,235,9,2,2,2,2,2,2,2,2,2,2,2,2,2,2,2,2,2
28,236,9,2,2,2,2,2,2,2,4,4,4,4,4,2,4,4,4,4
28,237,9,2,2,2,2,2,2,2,4,4,4,4,4,2,4,4,4,4
28,238,9,2,2,2,2,2,2,2,4,4,4,4,4,2,4,4,4,4
28,239,9,2,2,2,2,2,2,2,4,4,4,4,4,2,4,4,4,4
28,240,9,2,2,2,2,2,2,2,4,4,4,4,4,2,4,4,4,4
28,241,9,2,2,2,2,2,2,2,4,4,4,4,4,2,4,4,4,4
28,242,9,2,2,2,2,2,2,2,4,4,4,4,4,2,4,4,4,4
28,243,9,2,2,2,2,2,2,2,4,4,4,4,4,2,4,4,4,4
28,244,9,2,2,2,2,2,2,2,2,2,2,2,2,2,2,2,2,2
28,245,9,2,2,2,2,2,2,2,2,2,2,2,2,2,2,2,2,2
28,246,9,2,2,2,2,2,2,2,2,2,2,2,2,2,2,2,2,2
28,247,9,2,2,2,2,2,2,2,2,2,2,2,2,2,2,2,2,2
28,248,9,2,2,2,2,2,2,2,2,2,2,2,2,2,2,2,2,2
28,249,9,2,2,2,2,2,2,2,2,2,2,2,2,2,2,2,2,2
28,250,9,2,2,2,2,2,2,2,4,4,4,4,4,2,4,4,4,4
28,251,9,2,2,2,2,2,2,2,4,4,4,4,4,2,4,4,4,4
28,252,9,2,2,2,2,2,2,2,4,4,4,4,4,2,4,4,4,4
28,253,9,2,2,2,2,2,2,2,4,4,4,4,4,2,4,4,4,4
28,254,9,2,2,2,2,2,2,2,4,4,4,4,4,2,4,4,4,4
28,255,9,2,2,2,2,2,2,2,2,2,2,2,2,2,2,2,2,2
28,256,9,2,2,2,2,2,2,2,4,4,4,4,4,2,4,4,4,4
28,257,9,2,2,2,2,2,2,2,4,4,4,4,4,2,4,4,4,4
28,258,9,2,2,2,2,2,2,2,4,4,4,4,4,2,4,4,4,4
28,259,10,4,4,4,4,4,4,4,3,3,3,3,3,4,3,3,3,3
28,260,10,4,4,4,4,4,4,4,3,3,3,3,3,4,3,3,3,3
28,261,10,4,4,4,4,4,4,4,3,3,3,3,3,4,3,3,3,3
28,262,10,4,4,4,4,4,4,4,3,3,3,3,3,4,3,3,3,3
28,264,10,4,4,4,4,4,4,4,3,3,3,3,3,4,3,3,3,3
28,265,10,4,4,4,4,4,4,4,3,3,3,3,3,4,3,3,3,3
28,266,11,1,1,1,1,1,1,1,1,1,1,1,1,1,1,1,1,1
28,267,11,1,1,1,1,1,1,1,1,1,1,1,1,1,1,1,1,1
28,268,11,1,1,1,1,1,1,1,1,1,1,1,1,1,1,1,1,1
28,269,11,1,1,1,1,1,1,1,1,1,1,1,1,1,1,1,1,1
28,270,11,1,1,1,1,1,1,1,1,1,1,1,1,1,1,1,1,1
28,271,11,1,1,1,1,1,1,1,1,1,1,1,1,1,1,1,1,1
28,272,11,1,1,1,1,1,1,1,1,1,1,1,1,1,1,1,1,1
28,273,12,1,1,1,1,1,1,1,1,1,1,1,1,1,1,1,1,1
28,274,12,1,1,1,1,1,1,1,1,1,1,1,1,1,1,1,1,1
28,275,12,1,1,1,1,1,1,1,1,1,1,1,1,1,1,1,1,1
28,276,12,1,1,1,1,1,1,1,1,1,1,1,1,1,1,1,1,1
28,277,12,1,1,1,1,1,1,1,1,1,1,1,1,1,1,1,1,1
28,278,12,1,1,1,1,1,1,1,1,1,1,1,1,1,1,1,1,1
28,279,12,1,1,1,1,1,1,1,1,1,1,1,1,1,1,1,1,1
28,280,12,1,1,1,1,1,1,1,1,1,1,1,1,1,1,1,1,1
28,281,12,1,1,1,1,1,1,1,1,1,1,1,1,1,1,1,1,1
28,282,12,1,1,1,1,1,1,1,1,1,1,1,1,1,1,1,1,1
28,283,12,1,1,1,1,1,1,1,1,1,1,1,1,1,1,1,1,1
28,284,12,1,1,1,1,1,1,1,1,1,1,1,1,1,1,1,1,1
28,285,12,1,1,1,1,1,1,1,1,1,1,1,1,1,1,1,1,1
28,286,12,1,1,1,1,1,1,1,1,1,1,1,1,1,1,1,1,1
28,287,12,1,1,1,1,1,1,1,1,1,1,1,1,1,1,1,1,1
28,288,12,1,1,1,1,1,1,1,1,1,1,1,1,1,1,1,1,1
28,289,12,1,1,1,1,1,1,1,1,1,1,1,1,1,1,1,1,1
28,290,12,1,1,1,1,1,1,1,1,1,1,1,1,1,1,1,1,1
28,291,12,1,1,1,1,1,1,1,1,1,1,1,1,1,1,1,1,1
28,292,12,1,1,1,1,1,1,1,1,1,1,1,1,1,1,1,1,1
28,293,12,1,1,1,1,1,1,1,1,1,1,1,1,1,1,1,1,1
28,294,12,1,1,1,1,1,1,1,1,1,1,1,1,1,1,1,1,1
28,295,12,1,1,1,1,1,1,1,1,1,1,1,1,1,1,1,1,1
28,296,12,1,1,1,1,1,1,1,1,1,1,1,1,1,1,1,1,1
28,297,12,1,1,1,1,1,1,1,1,1,1,1,1,1,1,1,1,1
28,298,12,1,1,1,1,1,1,1,1,1,1,1,1,1,1,1,1,1
28,299,12,1,1,1,1,1,1,1,1,1,1,1,1,1,1,1,1,1
28,300,12,1,1,1,1,1,1,1,1,1,1,1,1,1,1,1,1,1
28,301,12,1,1,1,1,1,1,1,1,1,1,1,1,1,1,1,1,1
28,302,12,1,1,1,1,1,1,1,1,1,1,1,1,1,1,1,1,1
28,303,12,1,1,1,1,1,1,1,1,1,1,1,1,1,1,1,1,1
28,304,12,1,1,1,1,1,1,1,1,1,1,1,1,1,1,1,1,1
28,305,12,1,1,1,1,1,1,1,1,1,1,1,1,1,1,1,1,1
28,306,12,1,1,1,1,1,1,1,1,1,1,1,1,1,1,1,1,1
28,308,12,1,1,1,1,1,1,1,1,1,1,1,1,1,1,1,1,1
28,309,12,1,1,1,1,1,1,1,1,1,1,1,1,1,1,1,1,1
28,310,12,1,1,1,1,1,1,1,1,1,1,1,1,1,1,1,1,1
28,311,13,9,9,9,9,9,9,9,9,9,9,9,9,1,9,9,9,9
28,312,13,9,9,9,9,9,9,9,9,9,9,9,9,1,9,9,9,9
28,313,13,9,9,9,9,9,9,9,9,9,9,9,9,1,9,9,9,9
28,314,13,9,9,9,9,9,9,9,9,9,9,9,9,1,9,9,9,9
28,315,13,9,9,9,9,9,9,9,9,9,9,9,9,1,9,9,9,9
28,316,13,9,9,9,9,9,9,9,9,9,9,9,9,1,9,9,9,9
28,317,13,9,9,9,9,9,9,9,9,9,9,9,9,1,9,9,9,9
28,318,13,9,9,9,9,9,9,9,9,9,9,9,9,1,9,9,9,9
28,319,13,9,9,9,9,9,9,9,9,9,9,9,9,1,9,9,9,9
28,320,13,9,9,9,9,9,9,9,9,9,9,9,9,1,9,9,9,9
28,321,13,9,9,9,9,9,9,9,9,9,9,9,9,1,9,9,9,9
28,322,13,9,9,9,9,9,9,9,9,9,9,9,9,1,9,9,9,9
28,323,13,9,9,9,9,9,9,9,9,9,9,9,9,1,9,9,9,9
28,324,13,9,9,9,9,9,9,9,9,9,9,9,9,1,9,9,9,9
28,325,13,9,9,9,9,9,9,9,9,9,9,9,9,1,9,9,9,9
28,326,13,9,9,9,9,9,9,9,9,9,9,9,9,1,9,9,9,9
28,327,14,7,7,7,7,7,7,7,7,7,7,7,7,8,7,7,7,7
28,328,14,7,7,7,7,7,7,7,7,7,7,7,7,8,7,7,7,7
28,329,14,7,7,7,7,7,7,7,7,7,7,7,7,8,7,7,7,7
28,332,15,7,7,7,7,7,7,7,7,7,7,7,7,8,7,7,7,7
28,333,15,7,7,7,7,7,7,7,7,7,7,7,7,8,7,7,7,7
28,334,15,7,7,7,7,7,7,7,7,7,7,7,7,8,7,7,7,7
28,335,15,7,7,7,7,7,7,7,7,7,7,7,7,8,7,7,7,7
28,336,15,7,7,7,7,7,7,7,7,7,7,7,7,8,7,7,7,7
28,337,15,7,7,7,7,7,7,7,7,7,7,7,7,8,7,7,7,7
28,338,15,7,7,7,7,7,7,7,7,7,7,7,7,8,7,7,7,7
28,339,15,7,7,7,7,7,7,7,7,7,7,7,7,8,7,7,7,7
28,340,15,7,7,7,7,7,7,7,7,7,7,7,7,8,7,7,7,7
28,341,15,7,7,7,7,7,7,7,7,7,7,7,7,8,7,7,7,7
28,342,15,7,7,7,7,7,7,7,7,7,7,7,7,8,7,7,7,7
28,343,15,7,7,7,7,7,7,7,7,7,7,7,7,8,7,7,7,7
28,344,15,7,7,7,7,7,7,7,7,7,7,7,7,8,7,7,7,7
28,345,15,7,7,7,7,7,7,7,7,7,7,7,7,8,7,7,7,7
28,346,16,9,9,9,9,9,9,9,9,9,9,9,9,1,9,9,9,9
28,347,16,9,9,9,9,9,9,9,9,9,9,9,9,1,9,9,9,9
28,348,16,9,9,9,9,9,9,9,9,9,9,9,9,1,9,9,9,9
28,349,16,9,9,9,9,9,9,9,9,9,9,9,9,1,9,9,9,9
28,350,16,9,9,9,9,9,9,9,9,9,9,9,9,1,9,9,9,9
28,351,16,9,9,9,9,9,9,9,9,9,9,9,9,1,9,9,9,9
28,352,16,9,9,9,9,9,9,9,9,9,9,9,9,1,9,9,9,9
28,353,16,9,9,9,9,9,9,9,9,9,9,9,9,1,9,9,9,9
28,354,16,9,9,9,9,9,9,9,9,9,9,9,9,1,9,9,9,9
28,355,16,9,9,9,9,9,9,9,9,9,9,9,9,1,9,9,9,9
28,356,16,9,9,9,9,9,9,9,9,9,9,9,9,1,9,9,9,9
28,357,16,9,9,9,9,9,9,9,9,9,9,9,9,1,9,9,9,9
28,358,16,9,9,9,9,9,9,9,9,9,9,9,9,1,9,9,9,9
28,359,16,9,9,9,9,9,9,9,9,9,9,9,9,1,9,9,9,9
28,360,16,9,9,9,9,9,9,9,9,9,9,9,9,1,9,9,9,9
28,362,16,9,9,9,9,9,9,9,9,9,9,9,9,1,9,9,9,9
28,363,16,9,9,9,9,9,9,9,9,9,9,9,9,1,9,9,9,9
28,364,16,9,9,9,9,9,9,9,9,9,9,9,9,1,9,9,9,9
28,365,16,9,9,9,9,9,9,9,9,9,9,9,9,1,9,9,9,9
28,366,16,9,9,9,9,9,9,9,9,9,9,9,9,1,9,9,9,9
28,367,16,9,9,9,9,9,9,9,9,9,9,9,9,1,9,9,9,9
28,368,17,1,1,1,1,1,1,1,1,1,1,1,1,5,1,1,1,1
28,369,17,1,1,1,1,1,1,1,1,1,1,1,1,5,1,1,1,1
28,370,17,1,1,1,1,1,1,1,1,1,1,1,1,5,1,1,1,1
28,371,17,1,1,1,1,1,1,1,1,1,1,1,1,5,1,1,1,1
28,372,17,1,1,1,1,1,1,1,1,1,1,1,1,5,1,1,1,1
28,373,17,1,1,1,1,1,1,1,1,1,1,1,1,5,1,1,1,1
28,374,17,1,1,1,1,1,1,1,1,1,1,1,1,5,1,1,1,1
28,375,17,1,1,1,1,1,1,1,1,1,1,1,1,5,1,1,1,1
28,376,17,1,1,1,1,1,1,1,1,1,1,1,1,5,1,1,1,1
28,377,17,1,1,1,1,1,1,1,1,1,1,1,1,5,1,1,1,1
28,378,17,1,1,1,1,1,1,1,1,1,1,1,1,5,1,1,1,1
28,379,17,1,1,1,1,1,1,1,1,1,1,1,1,5,1,1,1,1
28,380,17,1,1,1,1,1,1,1,1,1,1,1,1,5,1,1,1,1
28,381,18,1,1,1,1,1,1,1,1,1,1,1,1,1,1,1,1,1
28,382,18,1,1,1,1,1,1,1,1,1,1,1,1,1,1,1,1,1
28,383,18,1,1,1,1,1,1,1,1,1,1,1,1,1,1,1,1,1
28,384,18,1,1,1,1,1,1,1,1,1,1,1,1,1,1,1,1,1
28,385,18,1,1,1,1,1,1,1,1,1,1,1,1,1,1,1,1,1
28,386,18,1,1,1,1,1,1,1,1,1,1,1,1,1,1,1,1,1
28,387,18,1,1,1,1,1,1,1,1,1,1,1,1,1,1,1,1,1
28,388,18,1,1,1,1,1,1,1,1,1,1,1,1,1,1,1,1,1
28,389,19,1,1,1,1,1,1,1,1,1,1,1,1,1,1,1,1,1
28,390,19,1,1,1,1,1,1,1,1,1,1,1,1,1,1,1,1,1
28,391,19,1,1,1,1,1,1,1,1,1,1,1,1,1,1,1,1,1
28,392,19,1,1,1,1,1,1,1,1,1,1,1,1,1,1,1,1,1
28,393,19,1,1,1,1,1,1,1,1,1,1,1,1,1,1,1,1,1
28,394,19,1,1,1,1,1,1,1,1,1,1,1,1,1,1,1,1,1
28,395,19,1,1,1,1,1,1,1,1,1,1,1,1,1,1,1,1,1
28,396,19,1,1,1,1,1,1,1,1,1,1,1,1,1,1,1,1,1
28,397,19,1,1,1,1,1,1,1,1,1,1,1,1,1,1,1,1,1
28,398,19,1,1,1,1,1,1,1,1,1,1,1,1,1,1,1,1,1
28,399,19,1,1,1,1,1,1,1,1,1,1,1,1,1,1,1,1,1
28,400,19,1,1,1,1,1,1,1,1,1,1,1,1,1,1,1,1,1
28,401,19,1,1,1,1,1,1,1,1,1,1,1,1,1,1,1,1,1
28,402,19,1,1,1,1,1,1,1,1,1,1,1,1,1,1,1,1,1
28,403,19,1,1,1,1,1,1,1,1,1,1,1,1,1,1,1,1,1
28,404,19,1,1,1,1,1,1,1,1,1,1,1,1,1,1,1,1,1
28,405,19,1,1,1,1,1,1,1,1,1,1,1,1,1,1,1,1,1
28,406,19,1,1,1,1,1,1,1,1,1,1,1,1,1,1,1,1,1
28,407,19,1,1,1,1,1,1,1,1,1,1,1,1,1,1,1,1,1
28,408,20,1,9,9,9,9,9,1,9,9,9,9,9,1,9,9,9,9
28,409,20,1,9,9,9,9,9,1,9,9,9,9,9,1,9,9,9,9
28,410,20,1,9,9,9,9,9,1,9,9,9,9,9,1,9,9,9,9
28,411,20,1,9,9,9,9,9,1,9,9,9,9,9,1,9,9,9,9
28,412,21,1,1,1,1,1,1,1,1,1,1,1,1,1,1,1,1,1
28,413,21,1,1,1,1,1,1,1,1,1,1,1,1,1,1,1,1,1
28,414,21,1,1,1,1,1,1,1,1,1,1,1,1,1,1,1,1,1
28,415,21,1,1,1,1,1,1,1,1,1,1,1,1,1,1,1,1,1
28,416,21,1,1,1,1,1,1,1,1,1,1,1,1,1,1,1,1,1
28,417,21,1,1,1,1,1,1,1,1,1,1,1,1,1,1,1,1,1
28,418,21,1,1,1,1,1,1,1,1,1,1,1,1,1,1,1,1,1
28,419,21,1,1,1,1,1,1,1,1,1,1,1,1,1,1,1,1,1
28,420,21,1,1,1,1,1,1,1,1,1,1,1,1,1,1,1,1,1
28,421,21,1,1,1,1,1,1,1,1,1,1,1,1,1,1,1,1,1
28,422,21,1,1,1,1,1,1,1,1,1,1,1,1,1,1,1,1,1
28,423,21,1,1,1,1,1,1,1,1,1,1,1,1,1,1,1,1,1
28,424,21,1,1,1,1,1,1,1,1,1,1,1,1,1,1,1,1,1
28,425,21,1,1,1,1,1,1,1,1,1,1,1,1,1,1,1,1,1
28,426,21,1,1,1,1,1,1,1,1,1,1,1,1,1,1,1,1,1
28,427,21,1,1,1,1,1,1,1,1,1,1,1,1,1,1,1,1,1
28,428,21,1,1,1,1,1,1,1,1,1,1,1,1,1,1,1,1,1
28,429,21,1,1,1,1,1,1,1,1,1,1,1,1,1,1,1,1,1
28,430,21,1,1,1,1,1,1,1,1,1,1,1,1,1,1,1,1,1
28,431,21,1,1,1,1,1,1,1,1,1,1,1,1,1,1,1,1,1
28,432,21,1,1,1,1,1,1,1,1,1,1,1,1,1,1,1,1,1
28,433,21,1,1,1,1,1,1,1,1,1,1,1,1,1,1,1,1,1
28,434,21,1,1,1,1,1,1,1,1,1,1,1,1,1,1,1,1,1
28,435,21,1,1,1,1,1,1,1,1,1,1,1,1,1,1,1,1,1
28,436,21,1,1,1,1,1,1,1,1,1,1,1,1,1,1,1,1,1
28,437,21,1,1,1,1,1,1,1,1,1,1,1,1,1,1,1,1,1
28,438,21,1,1,1,1,1,1,1,1,1,1,1,1,1,1,1,1,1
28,439,21,1,1,1,1,1,1,1,1,1,1,1,1,1,1,1,1,1
28,440,21,1,1,1,1,1,1,1,1,1,1,1,1,1,1,1,1,1
28,441,21,1,1,1,1,1,1,1,1,1,1,1,1,1,1,1,1,1
28,442,21,1,1,1,1,1,1,1,1,1,1,1,1,1,1,1,1,1
28,443,21,1,1,1,1,1,1,1,1,1,1,1,1,1,1,1,1,1
28,444,21,1,1,1,1,1,1,1,1,1,1,1,1,1,1,1,1,1
28,445,21,1,1,1,1,1,1,1,1,1,1,1,1,1,1,1,1,1
28,446,21,1,1,1,1,1,1,1,1,1,1,1,1,1,1,1,1,1
28,447,21,1,1,1,1,1,1,1,1,1,1,1,1,1,1,1,1,1
28,448,21,1,1,1,1,1,1,1,1,1,1,1,1,1,1,1,1,1
28,449,21,1,1,1,1,1,1,1,1,1,1,1,1,1,1,1,1,1
28,450,21,1,1,1,1,1,1,1,1,1,1,1,1,1,1,1,1,1
28,451,21,1,1,1,1,1,1,1,1,1,1,1,1,1,1,1,1,1
28,452,21,1,1,1,1,1,1,1,1,1,1,1,1,1,1,1,1,1
28,453,21,1,1,1,1,1,1,1,1,1,1,1,1,1,1,1,1,1
28,454,21,1,1,1,1,1,1,1,1,1,1,1,1,1,1,1,1,1
28,455,21,1,1,1,1,1,1,1,1,1,1,1,1,1,1,1,1,1
28,456,21,1,1,1,1,1,1,1,1,1,1,1,1,1,1,1,1,1
28,457,21,1,1,1,1,1,1,1,1,1,1,1,1,1,1,1,1,1
28,458,21,1,1,1,1,1,1,1,1,1,1,1,1,1,1,1,1,1
28,459,21,1,1,1,1,1,1,1,1,1,1,1,1,1,1,1,1,1
28,460,21,1,1,1,1,1,1,1,1,1,1,1,1,1,1,1,1,1
28,461,21,1,1,1,1,1,1,1,1,1,1,1,1,1,1,1,1,1
28,462,21,1,1,1,1,1,1,1,1,1,1,1,1,1,1,1,1,1
28,463,21,1,1,1,1,1,1,1,1,1,1,1,1,1,1,1,1,1
28,464,21,1,1,1,1,1,1,1,1,1,1,1,1,1,1,1,1,1
28,465,21,1,1,1,1,1,1,1,1,1,1,1,1,1,1,1,1,1
28,466,21,1,1,1,1,1,1,1,1,1,1,1,1,1,1,1,1,1
28,467,21,1,1,1,1,1,1,1,1,1,1,1,1,1,1,1,1,1
28,468,21,1,1,1,1,1,1,1,1,1,1,1,1,1,1,1,1,1
28,469,21,1,1,1,1,1,1,1,1,1,1,1,1,1,1,1,1,1
28,470,21,1,1,1,1,1,1,1,1,1,1,1,1,1,1,1,1,1
28,471,21,1,1,1,1,1,1,1,1,1,1,1,1,1,1,1,1,1
28,472,21,1,1,1,1,1,1,1,1,1,1,1,1,1,1,1,1,1
28,473,21,1,1,1,1,1,1,1,1,1,1,1,1,1,1,1,1,1
28,474,21,1,1,1,1,1,1,1,1,1,1,1,1,1,1,1,1,1
28,475,21,1,1,1,1,1,1,1,1,1,1,1,1,1,1,1,1,1
28,476,21,1,1,1,1,1,1,1,1,1,1,1,1,1,1,1,1,1
28,477,21,1,1,1,1,1,1,1,1,1,1,1,1,1,1,1,1,1
28,478,21,1,1,1,1,1,1,1,1,1,1,1,1,1,1,1,1,1
28,479,21,1,1,1,1,1,1,1,1,1,1,1,1,1,1,1,1,1
28,480,21,1,1,1,1,1,1,1,1,1,1,1,1,1,1,1,1,1
28,481,21,1,1,1,1,1,1,1,1,1,1,1,1,1,1,1,1,1
28,482,21,1,1,1,1,1,1,1,1,1,1,1,1,1,1,1,1,1
28,483,21,1,1,1,1,1,1,1,1,1,1,1,1,1,1,1,1,1
28,484,21,1,1,1,1,1,1,1,1,1,1,1,1,1,1,1,1,1
28,485,21,1,1,1,1,1,1,1,1,1,1,1,1,1,1,1,1,1
28,486,21,1,1,1,1,1,1,1,1,1,1,1,1,1,1,1,1,1
28,487,21,1,1,1,1,1,1,1,1,1,1,1,1,1,1,1,1,1
28,488,21,1,1,1,1,1,1,1,1,1,1,1,1,1,1,1,1,1
28,489,21,1,1,1,1,1,1,1,1,1,1,1,1,1,1,1,1,1
28,490,21,1,1,1,1,1,1,1,1,1,1,1,1,1,1,1,1,1
28,491,21,1,1,1,1,1,1,1,1,1,1,1,1,1,1,1,1,1
28,492,21,1,1,1,1,1,1,1,1,1,1,1,1,1,1,1,1,1
28,493,21,1,1,1,1,1,1,1,1,1,1,1,1,1,1,1,1,1
28,494,21,1,1,1,1,1,1,1,1,1,1,1,1,1,1,1,1,1
28,495,21,1,1,1,1,1,1,1,1,1,1,1,1,1,1,1,1,1
28,496,21,1,1,1,1,1,1,1,1,1,1,1,1,1,1,1,1,1
28,497,21,1,1,1,1,1,1,1,1,1,1,1,1,1,1,1,1,1
28,498,22,4,4,4,4,4,4,4,3,3,3,3,3,4,3,3,3,3
28,499,22,4,5,5,5,5,5,4,3,3,3,3,3,4,3,3,3,3
28,500,22,4,5,5,5,5,5,4,3,3,3,3,3,4,3,3,3,3
28,501,22,4,5,5,5,5,5,4,3,3,3,3,3,4,3,3,3,3
28,502,22,4,4,4,4,4,4,4,3,3,3,3,3,4,3,3,3,3
28,503,22,4,4,4,4,4,4,4,3,3,3,3,3,4,3,3,3,3
28,504,22,4,5,5,5,5,5,4,3,3,3,3,3,4,3,3,3,3
28,505,22,4,5,5,5,5,5,4,3,3,3,3,3,4,3,3,3,3
28,506,22,4,5,5,5,5,5,4,3,3,3,3,3,4,3,3,3,3
28,507,22,4,5,5,5,5,5,4,3,3,3,3,3,4,3,3,3,3
28,508,22,4,5,5,5,5,5,4,3,3,3,3,3,4,3,3,3,3
28,509,22,5,5,5,5,5,5,5,3,3,3,3,3,4,3,3,3,3
28,510,22,5,5,5,5,5,5,5,3,3,3,3,3,6,3,3,3,3
28,511,22,5,5,5,5,5,5,5,3,3,3,3,3,6,3,3,3,3
28,512,22,5,5,5,5,5,5,5,3,3,3,3,3,4,3,3,3,3
28,513,22,4,5,5,5,5,5,4,3,3,3,3,3,4,3,3,3,3
28,514,22,4,4,4,4,4,4,4,3,3,3,3,3,4,3,3,3,3
28,515,22,4,4,4,4,4,4,4,3,3,3,3,3,4,3,3,3,3
28,516,22,5,5,5,5,5,5,5,3,3,3,3,3,4,3,3,3,3
28,517,22,5,5,5,5,5,5,5,3,3,3,3,3,6,3,3,3,3
28,518,22,5,5,5,5,5,5,5,5,5,5,5,5,6,5,5,5,5
28,519,22,4,5,5,5,5,5,4,5,5,5,5,5,4,5,5,5,5
28,520,22,4,5,5,5,5,5,4,5,5,5,5,5,4,5,5,5,5
28,521,22,4,5,5,5,5,5,4,5,5,5,5,5,4,5,5,5,5
28,522,22,5,5,5,5,5,5,5,5,5,5,5,5,6,5,5,5,5
28,523,22,5,5,5,5,5,5,5,5,5,5,5,5,6,5,5,5,5
28,524,22,5,5,5,5,5,5,5,3,3,3,3,3,6,3,3,3,3
28,525,22,5,5,5,5,5,5,5,3,3,3,3,3,6,3,3,3,3
28,526,22,5,5,5,5,5,5,5,5,5,5,5,5,6,5,5,5,5
28,527,22,5,5,5,5,5,5,5,5,5,5,5,5,6,5,5,5,5
28,528,22,5,5,5,5,5,5,5,5,5,5,5,5,6,5,5,5,5
28,529,22,5,5,5,5,5,5,5,5,5,5,5,5,6,5,5,5,5
28,530,22,5,5,5,5,5,5,5,5,5,5,5,5,6,5,5,5,5
28,531,22,5,5,5,5,5,5,5,5,5,5,5,5,6,5,5,5,5
28,532,22,5,5,5,5,5,5,5,5,5,5,5,5,6,5,5,5,5
28,533,22,5,5,5,5,5,5,5,5,5,5,5,5,6,5,5,5,5
28,534,22,4,5,5,5,5,5,4,5,5,5,5,5,6,5,5,5,5
28,535,22,4,5,5,5,5,5,4,5,5,5,5,5,4,5,5,5,5
28,536,22,4,5,5,5,5,5,4,5,5,5,5,5,6,5,5,5,5
28,537,22,4,5,5,5,5,5,4,5,5,5,5,5,6,5,5,5,5
28,538,22,5,5,5,5,5,5,5,5,5,5,5,5,6,5,5,5,5
28,539,22,5,5,5,5,5,5,5,5,5,5,5,5,6,5,5,5,5
28,540,22,5,5,5,5,5,5,5,5,5,5,5,5,6,5,5,5,5
28,541,22,5,5,5,5,5,5,5,5,5,5,5,5,6,5,5,5,5
28,542,22,5,5,5,5,5,5,5,5,5,5,5,5,6,5,5,5,5
28,543,22,5,5,5,5,5,5,5,5,5,5,5,5,6,5,5,5,5
28,544,22,5,5,5,5,5,5,5,5,5,5,5,5,6,5,5,5,5
28,545,22,5,5,5,5,5,5,5,5,5,5,5,5,6,5,5,5,5
28,546,22,5,4,4,4,4,4,5,5,5,5,5,5,6,5,5,5,5
28,548,22,5,5,5,5,5,5,5,5,5,5,5,5,6,5,5,5,5
28,549,22,5,5,5,5,5,5,5,5,5,5,5,5,6,5,5,5,5
28,550,22,5,5,5,5,5,5,5,5,5,5,5,5,6,5,5,5,5
28,551,22,4,5,5,5,5,5,4,5,5,5,5,5,6,5,5,5,5
28,552,22,4,5,5,5,5,5,4,5,5,5,5,5,4,5,5,5,5
28,553,22,4,5,5,5,5,5,4,5,5,5,5,5,6,5,5,5,5
28,554,22,5,5,5,5,5,5,5,5,5,5,5,5,6,5,5,5,5
28,555,22,5,5,5,5,5,5,5,5,5,5,5,5,6,5,5,5,5
28,556,22,5,5,5,5,5,5,5,5,5,5,5,5,6,5,5,5,5
28,557,22,5,5,5,5,5,5,5,5,5,5,5,5,6,5,5,5,5
28,558,22,5,5,5,5,5,5,5,5,5,5,5,5,6,5,5,5,5
28,559,22,5,5,5,5,5,5,5,5,5,5,5,5,6,5,5,5,5
28,560,22,5,5,5,5,5,5,5,5,5,5,5,5,6,5,5,5,5
28,561,22,5,5,5,5,5,5,5,5,5,5,5,5,6,5,5,5,5
28,562,22,4,4,4,4,4,4,4,3,3,3,3,3,4,3,3,3,3
28,563,22,5,5,5,5,5,5,5,5,5,5,5,5,6,5,5,5,5
28,564,22,5,5,5,5,5,5,5,5,5,5,5,5,6,5,5,5,5
28,565,22,5,5,5,5,5,5,5,5,5,5,5,5,6,5,5,5,5
28,566,22,5,5,5,5,5,5,5,5,5,5,5,5,6,5,5,5,5
28,567,22,5,5,5,5,5,5,5,5,5,5,5,5,6,5,5,5,5
28,568,22,5,5,5,5,5,5,5,5,5,5,5,5,6,5,5,5,5
28,569,22,5,5,5,5,5,5,5,5,5,5,5,5,6,5,5,5,5
28,570,22,5,5,5,5,5,5,5,5,5,5,5,5,6,5,5,5,5
28,571,22,5,5,5,5,5,5,5,5,5,5,5,5,6,5,5,5,5
28,572,22,4,5,5,5,5,5,4,5,5,5,5,5,6,5,5,5,5
28,573,22,5,5,5,5,5,5,5,5,5,5,5,5,6,5,5,5,5
28,574,22,5,5,5,5,5,5,5,5,5,5,5,5,6,5,5,5,5
28,575,22,5,5,5,5,5,5,5,5,5,5,5,5,6,5,5,5,5
28,576,22,5,5,5,5,5,5,5,5,5,5,5,5,6,5,5,5,5
28,577,22,5,5,5,5,5,5,5,5,5,5,5,5,6,5,5,5,5
28,578,22,5,5,5,5,5,5,5,5,5,5,5,5,6,5,5,5,5
28,579,22,5,5,5,5,5,5,5,5,5,5,5,5,6,5,5,5,5
28,580,22,5,5,5,5,5,5,5,5,5,5,5,5,6,5,5,5,5
28,581,22,5,5,5,5,5,5,5,5,5,5,5,5,6,5,5,5,5
28,582,22,5,5,5,5,5,5,5,5,5,5,5,5,6,5,5,5,5
28,583,22,5,5,5,5,5,5,5,5,5,5,5,5,6,5,5,5,5
28,584,22,5,5,5,5,5,5,5,5,5,5,5,5,6,5,5,5,5
28,585,22,5,5,5,5,5,5,5,5,5,5,5,5,6,5,5,5,5
28,586,22,5,5,5,5,5,5,5,5,5,5,5,5,6,5,5,5,5
28,587,22,5,5,5,5,5,5,5,5,5,5,5,5,6,5,5,5,5
28,588,22,5,5,5,5,5,5,5,5,5,5,5,5,6,5,5,5,5
28,589,22,4,5,5,5,5,5,4,5,5,5,5,5,6,5,5,5,5
28,590,22,4,5,5,5,5,5,4,5,5,5,5,5,6,5,5,5,5
28,591,22,5,5,5,5,5,5,5,5,5,5,5,5,6,5,5,5,5
28,592,22,5,5,5,5,5,5,5,5,5,5,5,5,6,5,5,5,5
28,593,22,5,5,5,5,5,5,5,5,5,5,5,5,6,5,5,5,5
28,594,22,5,5,5,5,5,5,5,5,5,5,5,5,6,5,5,5,5
28,595,22,5,5,5,5,5,5,5,5,5,5,5,5,6,5,5,5,5
28,596,22,5,5,5,5,5,5,5,5,5,5,5,5,6,5,5,5,5
28,597,22,5,5,5,5,5,5,5,5,5,5,5,5,6,5,5,5,5
28,598,22,5,5,5,5,5,5,5,5,5,5,5,5,6,5,5,5,5
28,599,22,5,5,5,5,5,5,5,5,5,5,5,5,6,5,5,5,5
28,600,22,5,5,5,5,5,5,5,5,5,5,5,5,6,5,5,5,5
28,601,22,5,5,5,5,5,5,5,5,5,5,5,5,6,5,5,5,5
28,602,22,5,5,5,5,5,5,5,5,5,5,5,5,6,5,5,5,5
28,603,22,5,5,5,5,5,5,5,5,5,5,5,5,6,5,5,5,5
28,604,22,5,5,5,5,5,5,5,5,5,5,5,5,6,5,5,5,5
28,605,22,5,5,5,5,5,5,5,5,5,5,5,5,6,5,5,5,5
28,606,22,5,5,5,5,5,5,5,5,5,5,5,5,6,5,5,5,5
28,607,22,5,5,5,5,5,5,5,5,5,5,5,5,6,5,5,5,5
28,608,22,5,5,5,5,5,5,5,5,5,5,5,5,6,5,5,5,5
28,609,22,4,5,5,5,5,5,4,3,3,3,3,3,4,3,3,3,3
28,610,22,5,5,5,5,5,5,5,5,5,5,5,5,6,5,5,5,5
28,611,22,5,5,5,5,5,5,5,5,5,5,5,5,6,5,5,5,5
28,612,22,5,5,5,5,5,5,5,5,5,5,5,5,6,5,5,5,5
28,613,22,5,5,5,5,5,5,5,5,5,5,5,5,6,5,5,5,5
28,614,22,5,5,5,5,5,5,5,5,5,5,5,5,6,5,5,5,5
28,615,22,5,5,5,5,5,5,5,5,5,5,5,5,6,5,5,5,5
28,616,22,5,5,5,5,5,5,5,5,5,5,5,5,6,5,5,5,5
28,617,22,5,5,5,5,5,5,5,5,5,5,5,5,6,5,5,5,5
28,618,22,5,5,5,5,5,5,5,5,5,5,5,5,6,5,5,5,5
28,619,22,5,5,5,5,5,5,5,5,5,5,5,5,6,5,5,5,5
28,620,22,5,5,5,5,5,5,5,5,5,5,5,5,6,5,5,5,5
28,621,22,5,5,5,5,5,5,5,5,5,5,5,5,6,5,5,5,5
28,622,22,5,5,5,5,5,5,5,5,5,5,5,5,6,5,5,5,5
28,623,22,5,5,5,5,5,5,5,5,5,5,5,5,6,5,5,5,5
28,624,22,5,5,5,5,5,5,5,5,5,5,5,5,6,5,5,5,5
28,625,22,5,5,5,5,5,5,5,5,5,5,5,5,6,5,5,5,5
28,626,22,5,4,4,4,4,4,5,5,5,5,5,5,6,5,5,5,5
28,627,22,5,4,4,4,4,4,5,5,5,5,5,5,6,5,5,5,5
28,628,22,5,5,5,5,5,5,5,5,5,5,5,5,6,5,5,5,5
28,629,22,5,5,5,5,5,5,5,5,5,5,5,5,6,5,5,5,5
28,630,22,5,5,5,5,5,5,5,5,5,5,5,5,6,5,5,5,5
28,631,22,5,5,5,5,5,5,5,5,5,5,5,5,6,5,5,5,5
28,632,22,5,5,5,5,5,5,5,5,5,5,5,5,6,5,5,5,5
28,633,22,5,5,5,5,5,5,5,5,5,5,5,5,6,5,5,5,5
28,634,22,5,5,5,5,5,5,5,5,5,5,5,5,6,5,5,5,5
28,635,22,5,5,5,5,5,5,5,5,5,5,5,5,6,5,5,5,5
28,636,22,5,5,5,5,5,5,5,5,5,5,5,5,6,5,5,5,5
28,637,22,5,5,5,5,5,5,5,5,5,5,5,5,6,5,5,5,5
28,638,22,5,5,5,5,5,5,5,5,5,5,5,5,6,5,5,5,5
28,639,22,5,5,5,5,5,5,5,5,5,5,5,5,6,5,5,5,5
28,640,22,5,5,5,5,5,5,5,5,5,5,5,5,6,5,5,5,5
28,641,22,5,5,5,5,5,5,5,5,5,5,5,5,6,5,5,5,5
28,642,22,5,5,5,5,5,5,5,5,5,5,5,5,6,5,5,5,5
28,643,22,5,5,5,5,5,5,5,5,5,5,5,5,6,5,5,5,5
28,644,22,5,5,5,5,5,5,5,5,5,5,5,5,6,5,5,5,5
28,645,22,5,5,5,5,5,5,5,5,5,5,5,5,6,5,5,5,5
28,646,22,5,5,5,5,5,5,5,5,5,5,5,5,6,5,5,5,5
28,647,22,5,5,5,5,5,5,5,5,5,5,5,5,6,5,5,5,5
28,648,22,5,5,5,5,5,5,5,5,5,5,5,5,6,5,5,5,5
28,649,22,5,5,5,5,5,5,5,5,5,5,5,5,6,5,5,5,5
28,650,22,5,5,5,5,5,5,5,5,5,5,5,5,6,5,5,5,5
28,651,22,5,5,5,5,5,5,5,5,5,5,5,5,6,5,5,5,5
28,652,22,5,5,5,5,5,5,5,5,5,5,5,5,6,5,5,5,5
28,653,22,5,5,5,5,5,5,5,5,5,5,5,5,6,5,5,5,5
28,654,22,5,5,5,5,5,5,5,5,5,5,5,5,6,5,5,5,5
28,655,22,5,5,5,5,5,5,5,5,5,5,5,5,6,5,5,5,5
28,656,22,5,5,5,5,5,5,5,5,5,5,5,5,6,5,5,5,5
28,657,22,5,5,5,5,5,5,5,5,5,5,5,5,6,5,5,5,5
28,658,22,5,5,5,5,5,5,5,5,5,5,5,5,6,5,5,5,5
28,659,22,5,5,5,5,5,5,5,5,5,5,5,5,6,5,5,5,5
28,660,22,5,5,5,5,5,5,5,5,5,5,5,5,6,5,5,5,5
28,661,22,5,5,5,5,5,5,5,5,5,5,5,5,6,5,5,5,5
28,662,22,5,5,5,5,5,5,5,5,5,5,5,5,6,5,5,5,5
28,663,22,5,5,5,5,5,5,5,5,5,5,5,5,6,5,5,5,5
28,664,22,5,5,5,5,5,5,5,5,5,5,5,5,6,5,5,5,5
28,665,22,5,5,5,5,5,5,5,5,5,5,5,5,6,5,5,5,5
28,666,22,5,5,5,5,5,5,5,5,5,5,5,5,6,5,5,5,5
28,667,22,5,5,5,5,5,5,5,5,5,5,5,5,6,5,5,5,5
28,668,22,5,5,5,5,5,5,5,5,5,5,5,5,6,5,5,5,5
28,669,22,5,5,5,5,5,5,5,5,5,5,5,5,6,5,5,5,5
28,670,22,5,5,5,5,5,5,5,5,5,5,5,5,6,5,5,5,5
28,671,22,5,5,5,5,5,5,5,5,5,5,5,5,6,5,5,5,5
28,672,22,5,5,5,5,5,5,5,5,5,5,5,5,6,5,5,5,5
28,673,22,5,5,5,5,5,5,5,5,5,5,5,5,6,5,5,5,5
28,674,22,5,5,5,5,5,5,5,5,5,5,5,5,6,5,5,5,5
28,675,22,5,5,5,5,5,5,5,5,5,5,5,5,6,5,5,5,5
28,676,22,5,5,5,5,5,5,5,5,5,5,5,5,6,5,5,5,5
28,677,22,5,5,5,5,5,5,5,5,5,5,5,5,6,5,5,5,5
28,678,22,4,5,5,5,5,5,4,3,3,3,3,3,4,3,3,3,3
28,679,22,4,4,4,4,4,4,4,3,3,3,3,3,4,3,3,3,3
28,680,22,4,4,4,4,4,4,4,3,3,3,3,3,4,3,3,3,3
28,681,22,4,4,4,4,4,4,4,3,3,3,3,3,4,3,3,3,3
28,682,22,4,4,4,4,4,4,4,3,3,3,3,3,4,3,3,3,3
28,683,22,4,4,4,4,4,4,4,3,3,3,3,3,4,3,3,3,3
28,684,22,4,4,4,4,4,4,4,3,3,3,3,3,4,3,3,3,3
28,685,22,4,4,4,4,4,4,4,3,3,3,3,3,4,3,3,3,3
28,686,22,4,4,4,4,4,4,4,3,3,3,3,3,4,3,3,3,3
28,687,22,4,4,4,4,4,4,4,3,3,3,3,3,4,3,3,3,3
28,688,22,4,4,4,4,4,4,4,3,3,3,3,3,4,3,3,3,3
28,689,22,4,4,4,4,4,4,4,3,3,3,3,3,4,3,3,3,3
28,690,22,4,4,4,4,4,4,4,3,3,3,3,3,4,3,3,3,3
28,691,22,4,4,4,4,4,4,4,3,3,3,3,3,4,3,3,3,3
28,692,22,4,5,5,5,5,5,4,3,3,3,3,3,4,3,3,3,3
28,693,22,4,5,5,5,5,5,4,3,3,3,3,3,4,3,3,3,3
28,694,22,4,5,5,5,5,5,4,3,3,3,3,3,4,3,3,3,3
28,695,22,4,4,4,4,4,4,4,3,3,3,3,3,4,3,3,3,3
28,696,22,4,4,4,4,4,4,4,3,3,3,3,3,4,3,3,3,3
28,697,22,4,5,5,5,5,5,4,3,3,3,3,3,4,3,3,3,3
28,698,22,4,5,5,5,5,5,4,3,3,3,3,3,4,3,3,3,3
28,699,22,4,5,5,5,5,5,4,3,3,3,3,3,4,3,3,3,3
28,700,22,4,5,5,5,5,5,4,3,3,3,3,3,4,3,3,3,3
28,701,22,4,5,5,5,5,5,4,3,3,3,3,3,4,3,3,3,3
28,702,22,4,5,5,5,5,5,4,3,3,3,3,3,4,3,3,3,3
28,703,22,4,5,5,5,5,5,4,3,3,3,3,3,4,3,3,3,3
28,704,22,4,5,5,5,5,5,4,3,3,3,3,3,4,3,3,3,3
28,705,22,4,5,5,5,5,5,4,3,3,3,3,3,4,3,3,3,3
28,706,22,4,4,4,4,4,4,4,3,3,3,3,3,4,3,3,3,3
28,707,22,4,4,4,4,4,4,4,3,3,3,3,3,4,3,3,3,3
28,708,22,4,4,4,4,4,4,4,3,3,3,3,3,4,3,3,3,3
28,709,22,4,4,4,4,4,4,4,3,3,3,3,3,4,3,3,3,3
28,710,23,4,4,4,4,4,4,4,3,3,3,3,3,4,3,3,3,3
28,711,23,4,4,4,4,4,4,4,3,3,3,3,3,4,3,3,3,3
28,712,23,4,4,4,4,4,4,4,3,3,3,3,3,4,3,3,3,3
28,713,23,4,4,4,4,4,4,4,3,3,3,3,3,4,3,3,3,3
28,714,23,4,4,4,4,4,4,4,3,3,3,3,3,4,3,3,3,3
28,715,23,4,4,4,4,4,4,4,3,3,3,3,3,4,3,3,3,3
28,716,24,7,7,7,7,7,7,7,7,7,7,7,7,8,7,7,7,7
28,717,24,7,7,7,7,7,7,7,7,7,7,7,7,8,7,7,7,7
28,718,24,7,7,7,7,7,7,7,7,7,7,7,7,8,7,7,7,7
28,719,24,7,7,7,7,7,7,7,7,7,7,7,7,8,7,7,7,7
28,720,24,7,7,7,7,7,7,7,7,7,7,7,7,8,7,7,7,7
28,721,24,7,7,7,7,7,7,7,7,7,7,7,7,8,7,7,7,7
28,722,25,7,7,7,7,7,7,7,7,7,7,7,7,8,7,7,7,7
28,723,25,7,7,7,7,7,7,7,7,7,7,7,7,8,7,7,7,7
28,724,25,7,7,7,7,7,7,7,7,7,7,7,7,8,7,7,7,7
28,725,25,7,7,7,7,7,7,7,7,7,7,7,7,8,7,7,7,7
28,726,25,7,7,7,7,7,7,7,7,7,7,7,7,8,7,7,7,7
28,727,25,7,7,7,7,7,7,7,7,7,7,7,7,8,7,7,7,7
28,728,25,7,7,7,7,7,7,7,7,7,7,7,7,8,7,7,7,7
28,729,25,7,7,7,7,7,7,7,7,7,7,7,7,8,7,7,7,7
28,730,25,7,7,7,7,7,7,7,7,7,7,7,7,8,7,7,7,7
28,731,25,7,7,7,7,7,7,7,7,7,7,7,7,8,7,7,7,7
28,732,25,7,7,7,7,7,7,7,7,7,7,7,7,8,7,7,7,7
28,733,25,7,7,7,7,7,7,7,7,7,7,7,7,8,7,7,7,7
28,734,25,7,7,7,7,7,7,7,7,7,7,7,7,8,7,7,7,7
28,735,25,7,7,7,7,7,7,7,7,7,7,7,7,8,7,7,7,7
28,736,25,7,7,7,7,7,7,7,7,7,7,7,7,8,7,7,7,7
28,737,25,7,7,7,7,7,7,7,7,7,7,7,7,8,7,7,7,7
28,738,25,7,7,7,7,7,7,7,7,7,7,7,7,8,7,7,7,7
28,739,25,7,7,7,7,7,7,7,7,7,7,7,7,8,7,7,7,7
28,740,25,7,7,7,7,7,7,7,7,7,7,7,7,8,7,7,7,7
28,741,25,7,7,7,7,7,7,7,7,7,7,7,7,8,7,7,7,7
28,742,25,7,7,7,7,7,7,7,7,7,7,7,7,8,7,7,7,7
28,743,25,7,7,7,7,7,7,7,7,7,7,7,7,8,7,7,7,7
28,744,25,7,7,7,7,7,7,7,7,7,7,7,7,8,7,7,7,7
28,745,26,1,1,1,1,1,1,1,1,1,1,1,1,5,1,1,1,1
28,746,26,1,1,1,1,1,1,1,1,1,1,1,1,5,1,1,1,1
28,747,26,1,1,1,1,1,1,1,1,1,1,1,1,5,1,1,1,1
28,748,26,1,1,1,1,1,1,1,1,1,1,1,1,5,1,1,1,1
28,749,27,6,6,6,6,6,6,6,6,6,6,6,6,7,6,6,6,6
28,750,27,6,6,6,6,6,6,6,6,6,6,6,6,7,6,6,6,6
28,751,27,6,6,6,6,6,6,6,6,6,6,6,6,7,6,6,6,6
28,752,27,6,6,6,6,6,6,6,6,6,6,6,6,7,6,6,6,6
28,753,27,6,6,6,6,6,6,6,6,6,6,6,6,7,6,6,6,6
28,754,27,6,6,6,6,6,6,6,6,6,6,6,6,7,6,6,6,6
28,755,27,6,6,6,6,6,6,6,6,6,6,6,6,7,6,6,6,6
28,756,27,6,6,6,6,6,6,6,6,6,6,6,6,7,6,6,6,6
28,757,27,6,6,6,6,6,6,6,6,6,6,6,6,7,6,6,6,6
28,758,27,6,6,6,6,6,6,6,6,6,6,6,6,7,6,6,6,6
28,759,27,6,6,6,6,6,6,6,6,6,6,6,6,7,6,6,6,6
28,760,27,6,6,6,6,6,6,6,6,6,6,6,6,7,6,6,6,6
28,761,27,6,6,6,6,6,6,6,6,6,6,6,6,7,6,6,6,6
28,762,27,6,6,6,6,6,6,6,6,6,6,6,6,7,6,6,6,6
28,763,27,6,6,6,6,6,6,6,6,6,6,6,6,7,6,6,6,6
28,764,27,6,6,6,6,6,6,6,6,6,6,6,6,7,6,6,6,6
28,765,27,6,6,6,6,6,6,6,6,6,6,6,6,7,6,6,6,6
28,766,27,6,6,6,6,6,6,6,6,6,6,6,6,7,6,6,6,6
28,767,27,6,6,6,6,6,6,6,6,6,6,6,6,7,6,6,6,6
28,768,27,6,6,6,6,6,6,6,6,6,6,6,6,7,6,6,6,6
28,769,27,6,6,6,6,6,6,6,6,6,6,6,6,7,6,6,6,6
28,770,27,6,6,6,6,6,6,6,6,6,6,6,6,7,6,6,6,6
28,771,27,6,6,6,6,6,6,6,6,6,6,6,6,7,6,6,6,6
28,772,27,6,6,6,6,6,6,6,6,6,6,6,6,7,6,6,6,6
28,773,27,6,6,6,6,6,6,6,6,6,6,6,6,7,6,6,6,6
28,774,27,6,6,6,6,6,6,6,6,6,6,6,6,7,6,6,6,6
28,775,27,6,6,6,6,6,6,6,6,6,6,6,6,7,6,6,6,6
28,776,27,6,6,6,6,6,6,6,6,6,6,6,6,7,6,6,6,6
28,777,27,6,6,6,6,6,6,6,6,6,6,6,6,7,6,6,6,6
28,778,27,6,6,6,6,6,6,6,6,6,6,6,6,7,6,6,6,6
28,779,27,6,6,6,6,6,6,6,6,6,6,6,6,7,6,6,6,6
28,780,27,6,6,6,6,6,6,6,6,6,6,6,6,7,6,6,6,6
28,781,27,6,6,6,6,6,6,6,6,6,6,6,6,7,6,6,6,6
28,782,27,6,6,6,6,6,6,6,6,6,6,6,6,7,6,6,6,6
28,783,27,6,6,6,6,6,6,6,6,6,6,6,6,7,6,6,6,6
28,784,27,6,6,6,6,6,6,6,6,6,6,6,6,7,6,6,6,6
28,785,27,6,6,6,6,6,6,6,6,6,6,6,6,7,6,6,6,6
28,786,27,6,6,6,6,6,6,6,6,6,6,6,6,7,6,6,6,6
28,787,27,6,6,6,6,6,6,6,6,6,6,6,6,7,6,6,6,6
28,788,27,6,6,6,6,6,6,6,6,6,6,6,6,7,6,6,6,6
28,789,27,6,6,6,6,6,6,6,6,6,6,6,6,7,6,6,6,6
28,790,27,6,6,6,6,6,6,6,6,6,6,6,6,7,6,6,6,6
28,791,27,6,6,6,6,6,6,6,6,6,6,6,6,7,6,6,6,6
28,792,27,6,6,6,6,6,6,6,6,6,6,6,6,7,6,6,6,6
28,793,27,6,6,6,6,6,6,6,6,6,6,6,6,7,6,6,6,6
28,794,27,6,6,6,6,6,6,6,6,6,6,6,6,7,6,6,6,6
28,795,27,6,6,6,6,6,6,6,6,6,6,6,6,7,6,6,6,6
28,796,27,6,6,6,6,6,6,6,6,6,6,6,6,7,6,6,6,6
28,797,27,6,6,6,6,6,6,6,6,6,6,6,6,7,6,6,6,6
28,798,27,6,6,6,6,6,6,6,6,6,6,6,6,7,6,6,6,6
28,799,27,6,6,6,6,6,6,6,6,6,6,6,6,7,6,6,6,6
28,800,27,6,6,6,6,6,6,6,6,6,6,6,6,7,6,6,6,6
28,801,27,6,6,6,6,6,6,6,6,6,6,6,6,7,6,6,6,6
28,802,27,6,6,6,6,6,6,6,6,6,6,6,6,7,6,6,6,6
28,803,27,6,6,6,6,6,6,6,6,6,6,6,6,7,6,6,6,6
28,804,27,6,6,6,6,6,6,6,6,6,6,6,6,7,6,6,6,6
28,805,27,6,6,6,6,6,6,6,6,6,6,6,6,7,6,6,6,6
28,806,27,6,6,6,6,6,6,6,6,6,6,6,6,7,6,6,6,6
28,807,27,6,6,6,6,6,6,6,6,6,6,6,6,7,6,6,6,6
28,808,27,6,6,6,6,6,6,6,6,6,6,6,6,7,6,6,6,6
28,809,27,6,6,6,6,6,6,6,6,6,6,6,6,7,6,6,6,6
28,810,27,6,6,6,6,6,6,6,6,6,6,6,6,7,6,6,6,6
28,811,27,6,6,6,6,6,6,6,6,6,6,6,6,7,6,6,6,6
28,812,27,6,6,6,6,6,6,6,6,6,6,6,6,7,6,6,6,6
28,813,27,6,6,6,6,6,6,6,6,6,6,6,6,7,6,6,6,6
28,814,27,6,6,6,6,6,6,6,6,6,6,6,6,7,6,6,6,6
28,816,27,6,6,6,6,6,6,6,6,6,6,6,6,7,6,6,6,6
28,817,27,6,6,6,6,6,6,6,6,6,6,6,6,7,6,6,6,6
28,818,27,6,6,6,6,6,6,6,6,6,6,6,6,7,6,6,6,6
28,819,27,6,6,6,6,6,6,6,6,6,6,6,6,7,6,6,6,6
28,820,27,6,6,6,6,6,6,6,6,6,6,6,6,7,6,6,6,6
28,821,27,6,6,6,6,6,6,6,6,6,6,6,6,7,6,6,6,6
28,822,27,6,6,6,6,6,6,6,6,6,6,6,6,7,6,6,6,6
28,823,27,6,6,6,6,6,6,6,6,6,6,6,6,7,6,6,6,6
28,824,27,6,6,6,6,6,6,6,6,6,6,6,6,7,6,6,6,6
28,825,27,6,6,6,6,6,6,6,6,6,6,6,6,7,6,6,6,6
28,826,27,6,6,6,6,6,6,6,6,6,6,6,6,7,6,6,6,6
28,827,27,6,6,6,6,6,6,6,6,6,6,6,6,7,6,6,6,6
28,828,27,6,6,6,6,6,6,6,6,6,6,6,6,7,6,6,6,6
28,829,27,6,6,6,6,6,6,6,6,6,6,6,6,7,6,6,6,6
28,830,27,6,6,6,6,6,6,6,6,6,6,6,6,7,6,6,6,6
28,831,27,6,6,6,6,6,6,6,6,6,6,6,6,7,6,6,6,6
28,832,27,6,6,6,6,6,6,6,6,6,6,6,6,7,6,6,6,6
28,833,27,6,6,6,6,6,6,6,6,6,6,6,6,7,6,6,6,6
28,834,27,6,6,6,6,6,6,6,6,6,6,6,6,7,6,6,6,6
28,835,27,6,6,6,6,6,6,6,6,6,6,6,6,7,6,6,6,6
28,836,27,6,6,6,6,6,6,6,6,6,6,6,6,7,6,6,6,6
28,837,27,6,6,6,6,6,6,6,6,6,6,6,6,7,6,6,6,6
28,838,27,6,6,6,6,6,6,6,6,6,6,6,6,7,6,6,6,6
28,839,27,6,6,6,6,6,6,6,6,6,6,6,6,7,6,6,6,6
28,840,27,6,6,6,6,6,6,6,6,6,6,6,6,7,6,6,6,6
28,841,27,6,6,6,6,6,6,6,6,6,6,6,6,7,6,6,6,6
28,842,27,6,6,6,6,6,6,6,6,6,6,6,6,7,6,6,6,6
28,843,27,6,6,6,6,6,6,6,6,6,6,6,6,7,6,6,6,6
28,844,27,6,6,6,6,6,6,6,6,6,6,6,6,7,6,6,6,6
28,845,27,6,6,6,6,6,6,6,6,6,6,6,6,7,6,6,6,6
28,846,27,6,6,6,6,6,6,6,6,6,6,6,6,7,6,6,6,6
28,847,27,6,6,6,6,6,6,6,6,6,6,6,6,7,6,6,6,6
28,848,27,6,6,6,6,6,6,6,6,6,6,6,6,7,6,6,6,6
28,849,27,6,6,6,6,6,6,6,6,6,6,6,6,7,6,6,6,6
28,850,27,6,6,6,6,6,6,6,6,6,6,6,6,7,6,6,6,6
28,851,27,6,6,6,6,6,6,6,6,6,6,6,6,7,6,6,6,6
28,852,27,6,6,6,6,6,6,6,6,6,6,6,6,7,6,6,6,6
28,853,27,6,6,6,6,6,6,6,6,6,6,6,6,7,6,6,6,6
28,854,27,6,6,6,6,6,6,6,6,6,6,6,6,7,6,6,6,6
28,855,27,6,6,6,6,6,6,6,6,6,6,6,6,7,6,6,6,6
28,856,27,6,6,6,6,6,6,6,6,6,6,6,6,7,6,6,6,6
28,857,27,6,6,6,6,6,6,6,6,6,6,6,6,7,6,6,6,6
28,858,27,6,6,6,6,6,6,6,6,6,6,6,6,7,6,6,6,6
28,859,27,6,6,6,6,6,6,6,6,6,6,6,6,7,6,6,6,6
28,860,27,6,6,6,6,6,6,6,6,6,6,6,6,7,6,6,6,6
28,861,27,6,6,6,6,6,6,6,6,6,6,6,6,7,6,6,6,6
28,862,27,6,6,6,6,6,6,6,6,6,6,6,6,7,6,6,6,6
28,863,27,6,6,6,6,6,6,6,6,6,6,6,6,7,6,6,6,6
28,864,27,6,6,6,6,6,6,6,6,6,6,6,6,7,6,6,6,6
28,865,27,6,6,6,6,6,6,6,6,6,6,6,6,7,6,6,6,6
28,866,27,6,6,6,6,6,6,6,6,6,6,6,6,7,6,6,6,6
28,867,27,6,6,6,6,6,6,6,6,6,6,6,6,7,6,6,6,6
28,868,27,6,6,6,6,6,6,6,6,6,6,6,6,7,6,6,6,6
28,869,27,6,6,6,6,6,6,6,6,6,6,6,6,7,6,6,6,6
28,870,27,6,6,6,6,6,6,6,6,6,6,6,6,7,6,6,6,6
28,871,27,6,6,6,6,6,6,6,6,6,6,6,6,7,6,6,6,6
28,872,27,6,6,6,6,6,6,6,6,6,6,6,6,7,6,6,6,6
28,873,27,6,6,6,6,6,6,6,6,6,6,6,6,7,6,6,6,6
28,874,27,6,6,6,6,6,6,6,6,6,6,6,6,7,6,6,6,6
28,875,27,6,6,6,6,6,6,6,6,6,6,6,6,7,6,6,6,6
28,876,27,6,6,6,6,6,6,6,6,6,6,6,6,7,6,6,6,6
28,877,27,6,6,6,6,6,6,6,6,6,6,6,6,7,6,6,6,6
28,878,27,6,6,6,6,6,6,6,6,6,6,6,6,7,6,6,6,6
28,879,27,6,6,6,6,6,6,6,6,6,6,6,6,7,6,6,6,6
28,880,27,6,6,6,6,6,6,6,6,6,6,6,6,7,6,6,6,6
28,881,27,6,6,6,6,6,6,6,6,6,6,6,6,7,6,6,6,6
28,882,27,6,6,6,6,6,6,6,6,6,6,6,6,7,6,6,6,6
28,883,27,6,6,6,6,6,6,6,6,6,6,6,6,7,6,6,6,6
28,884,27,6,6,6,6,6,6,6,6,6,6,6,6,7,6,6,6,6
28,885,27,6,6,6,6,6,6,6,6,6,6,6,6,7,6,6,6,6
28,886,27,6,6,6,6,6,6,6,6,6,6,6,6,7,6,6,6,6
28,887,27,6,6,6,6,6,6,6,6,6,6,6,6,7,6,6,6,6
28,888,27,6,6,6,6,6,6,6,6,6,6,6,6,7,6,6,6,6
28,889,27,6,6,6,6,6,6,6,6,6,6,6,6,7,6,6,6,6
28,890,27,6,6,6,6,6,6,6,6,6,6,6,6,7,6,6,6,6
28,891,27,6,6,6,6,6,6,6,6,6,6,6,6,7,6,6,6,6
28,892,27,6,6,6,6,6,6,6,6,6,6,6,6,7,6,6,6,6
28,893,27,6,6,6,6,6,6,6,6,6,6,6,6,7,6,6,6,6
28,894,27,6,6,6,6,6,6,6,6,6,6,6,6,7,6,6,6,6
28,895,27,6,6,6,6,6,6,6,6,6,6,6,6,7,6,6,6,6
28,896,27,6,6,6,6,6,6,6,6,6,6,6,6,7,6,6,6,6
28,897,27,6,6,6,6,6,6,6,6,6,6,6,6,7,6,6,6,6
28,898,27,6,6,6,6,6,6,6,6,6,6,6,6,7,6,6,6,6
28,899,27,6,6,6,6,6,6,6,6,6,6,6,6,7,6,6,6,6
28,900,27,6,6,6,6,6,6,6,6,6,6,6,6,7,6,6,6,6
28,901,27,6,6,6,6,6,6,6,6,6,6,6,6,7,6,6,6,6
28,902,27,6,6,6,6,6,6,6,6,6,6,6,6,7,6,6,6,6
28,904,27,6,6,6,6,6,6,6,6,6,6,6,6,7,6,6,6,6
28,905,28,1,1,1,1,1,1,1,1,1,1,1,1,1,1,1,1,1
28,906,28,1,1,1,1,1,1,1,1,1,1,1,1,1,1,1,1,1
28,907,28,1,1,1,1,1,1,1,1,1,1,1,1,1,1,1,1,1
28,908,29,1,1,1,1,1,1,1,1,1,1,1,1,1,1,1,1,1
28,909,29,1,1,1,1,1,1,1,1,1,1,1,1,1,1,1,1,1
28,910,29,1,1,1,1,1,1,1,1,1,1,1,1,1,1,1,1,1
28,911,29,1,1,1,1,1,1,1,1,1,1,1,1,1,1,1,1,1
28,912,29,1,1,1,1,1,1,1,1,1,1,1,1,1,1,1,1,1
28,913,29,1,1,1,1,1,1,1,1,1,1,1,1,1,1,1,1,1
28,914,29,1,1,1,1,1,1,1,1,1,1,1,1,1,1,1,1,1
28,915,29,1,1,1,1,1,1,1,1,1,1,1,1,1,1,1,1,1
28,916,29,1,1,1,1,1,1,1,1,1,1,1,1,1,1,1,1,1
28,917,29,1,1,1,1,1,1,1,1,1,1,1,1,1,1,1,1,1
28,918,29,1,1,1,1,1,1,1,1,1,1,1,1,1,1,1,1,1
28,919,29,1,1,1,1,1,1,1,1,1,1,1,1,1,1,1,1,1
28,920,29,1,1,1,1,1,1,1,1,1,1,1,1,1,1,1,1,1
28,921,29,1,1,1,1,1,1,1,1,1,1,1,1,1,1,1,1,1
28,922,30,1,9,9,9,9,9,1,9,9,9,9,9,1,9,9,9,9
28,923,30,1,9,9,9,9,9,1,9,9,9,9,9,1,9,9,9,9
28,924,30,1,9,9,9,9,9,1,9,9,9,9,9,1,9,9,9,9
28,925,30,1,9,9,9,9,9,1,9,9,9,9,9,1,9,9,9,9
28,926,30,1,9,9,9,9,9,1,9,9,9,9,9,1,9,9,9,9
28,927,30,1,9,9,9,9,9,1,9,9,9,9,9,1,9,9,9,9
28,928,30,1,9,9,9,9,9,1,9,9,9,9,9,1,9,9,9,9
28,929,30,1,9,9,9,9,9,1,9,9,9,9,9,1,9,9,9,9
28,930,30,1,9,9,9,9,9,1,9,9,9,9,9,1,9,9,9,9
28,931,31,1,1,1,1,1,1,1,1,1,1,1,1,5,1,1,1,1
28,932,31,1,1,1,1,1,1,1,1,1,1,1,1,5,1,1,1,1
28,933,31,1,1,1,1,1,1,1,1,1,1,1,1,5,1,1,1,1
28,934,31,1,1,1,1,1,1,1,1,1,1,1,1,5,1,1,1,1
28,935,32,7,7,7,7,7,7,7,7,7,7,7,7,8,7,7,7,7
28,936,32,7,7,7,7,7,7,7,7,7,7,7,7,8,7,7,7,7
28,937,32,7,7,7,7,7,7,7,7,7,7,7,7,8,7,7,7,7
28,938,32,7,7,7,7,7,7,7,7,7,7,7,7,8,7,7,7,7
28,939,32,7,7,7,7,7,7,7,7,7,7,7,7,8,7,7,7,7
28,940,32,7,7,7,7,7,7,7,7,7,7,7,7,8,7,7,7,7
28,941,32,7,7,7,7,7,7,7,7,7,7,7,7,8,7,7,7,7
28,942,32,7,7,7,7,7,7,7,7,7,7,7,7,8,7,7,7,7
28,943,32,7,7,7,7,7,7,7,7,7,7,7,7,8,7,7,7,7
28,944,32,7,7,7,7,7,7,7,7,7,7,7,7,8,7,7,7,7
28,945,32,7,7,7,7,7,7,7,7,7,7,7,7,8,7,7,7,7
28,946,32,7,7,7,7,7,7,7,7,7,7,7,7,8,7,7,7,7
28,947,32,7,7,7,7,7,7,7,7,7,7,7,7,8,7,7,7,7
28,948,32,7,7,7,7,7,7,7,7,7,7,7,7,8,7,7,7,7
28,949,32,7,7,7,7,7,7,7,7,7,7,7,7,8,7,7,7,7
28,950,32,7,7,7,7,7,7,7,7,7,7,7,7,8,7,7,7,7
28,951,32,7,7,7,7,7,7,7,7,7,7,7,7,8,7,7,7,7
28,952,32,7,7,7,7,7,7,7,7,7,7,7,7,8,7,7,7,7
28,953,32,7,7,7,7,7,7,7,7,7,7,7,7,8,7,7,7,7
28,954,32,7,7,7,7,7,7,7,7,7,7,7,7,8,7,7,7,7
28,955,32,7,7,7,7,7,7,7,7,7,7,7,7,8,7,7,7,7
28,956,32,7,7,7,7,7,7,7,7,7,7,7,7,8,7,7,7,7
28,957,32,7,7,7,7,7,7,7,7,7,7,7,7,8,7,7,7,7
28,958,32,7,7,7,7,7,7,7,7,7,7,7,7,8,7,7,7,7
28,959,32,7,7,7,7,7,7,7,7,7,7,7,7,8,7,7,7,7
28,960,32,7,7,7,7,7,7,7,7,7,7,7,7,8,7,7,7,7
28,961,32,7,7,7,7,7,7,7,7,7,7,7,7,8,7,7,7,7
28,962,32,7,7,7,7,7,7,7,7,7,7,7,7,8,7,7,7,7
28,963,32,7,7,7,7,7,7,7,7,7,7,7,7,8,7,7,7,7
28,964,32,7,7,7,7,7,7,7,7,7,7,7,7,8,7,7,7,7
28,965,32,7,7,7,7,7,7,7,7,7,7,7,7,8,7,7,7,7
28,966,32,7,7,7,7,7,7,7,7,7,7,7,7,8,7,7,7,7
28,967,32,7,7,7,7,7,7,7,7,7,7,7,7,8,7,7,7,7
28,968,32,7,7,7,7,7,7,7,7,7,7,7,7,8,7,7,7,7
28,969,32,7,7,7,7,7,7,7,7,7,7,7,7,8,7,7,7,7
28,970,32,7,7,7,7,7,7,7,7,7,7,7,7,8,7,7,7,7
28,971,32,7,7,7,7,7,7,7,7,7,7,7,7,8,7,7,7,7
28,972,32,7,7,7,7,7,7,7,7,7,7,7,7,8,7,7,7,7
28,973,32,7,7,7,7,7,7,7,7,7,7,7,7,8,7,7,7,7
28,974,32,7,7,7,7,7,7,7,7,7,7,7,7,8,7,7,7,7
28,975,32,7,7,7,7,7,7,7,7,7,7,7,7,8,7,7,7,7
28,976,32,7,7,7,7,7,7,7,7,7,7,7,7,8,7,7,7,7
28,977,32,7,7,7,7,7,7,7,7,7,7,7,7,8,7,7,7,7
28,978,32,7,7,7,7,7,7,7,7,7,7,7,7,8,7,7,7,7
28,979,32,7,7,7,7,7,7,7,7,7,7,7,7,8,7,7,7,7
28,980,32,7,7,7,7,7,7,7,7,7,7,7,7,8,7,7,7,7
28,981,32,7,7,7,7,7,7,7,7,7,7,7,7,8,7,7,7,7
28,982,32,7,7,7,7,7,7,7,7,7,7,7,7,8,7,7,7,7
28,983,32,7,7,7,7,7,7,7,7,7,7,7,7,8,7,7,7,7
28,984,32,7,7,7,7,7,7,7,7,7,7,7,7,8,7,7,7,7
28,985,32,7,7,7,7,7,7,7,7,7,7,7,7,8,7,7,7,7
28,986,32,7,7,7,7,7,7,7,7,7,7,7,7,8,7,7,7,7
28,987,32,7,7,7,7,7,7,7,7,7,7,7,7,8,7,7,7,7
28,988,32,7,7,7,7,7,7,7,7,7,7,7,7,8,7,7,7,7
28,989,32,7,7,7,7,7,7,7,7,7,7,7,7,8,7,7,7,7
28,990,32,7,7,7,7,7,7,7,7,7,7,7,7,8,7,7,7,7
28,991,32,7,7,7,7,7,7,7,7,7,7,7,7,8,7,7,7,7
28,992,32,7,7,7,7,7,7,7,7,7,7,7,7,8,7,7,7,7
28,993,32,7,7,7,7,7,7,7,7,7,7,7,7,8,7,7,7,7
28,994,32,8,8,8,8,8,8,8,8,8,8,8,8,9,8,8,8,8
28,996,32,7,7,7,7,7,7,7,7,7,7,7,7,8,7,7,7,7
28,997,32,7,7,7,7,7,7,7,7,7,7,7,7,8,7,7,7,7
28,998,32,7,7,7,7,7,7,7,7,7,7,7,7,8,7,7,7,7
28,999,32,7,7,7,7,7,7,7,7,7,7,7,7,8,7,7,7,7
28,1000,32,7,7,7,7,7,7,7,7,7,7,7,7,8,7,7,7,7
28,1001,32,7,7,7,7,7,7,7,7,7,7,7,7,8,7,7,7,7
28,1002,32,7,7,7,7,7,7,7,7,7,7,7,7,8,7,7,7,7
28,1003,32,7,7,7,7,7,7,7,7,7,7,7,7,8,7,7,7,7
28,1004,32,7,7,7,7,7,7,7,7,7,7,7,7,8,7,7,7,7
28,1005,32,7,7,7,7,7,7,7,7,7,7,7,7,8,7,7,7,7
28,1006,32,7,7,7,7,7,7,7,7,7,7,7,7,8,7,7,7,7
28,1007,32,7,7,7,7,7,7,7,7,7,7,7,7,8,7,7,7,7
28,1008,32,7,7,7,7,7,7,7,7,7,7,7,7,8,7,7,7,7
28,1009,32,7,7,7,7,7,7,7,7,7,7,7,7,8,7,7,7,7
28,1010,32,7,7,7,7,7,7,7,7,7,7,7,7,8,7,7,7,7
28,1011,32,7,7,7,7,7,7,7,7,7,7,7,7,8,7,7,7,7
28,1012,32,7,7,7,7,7,7,7,7,7,7,7,7,8,7,7,7,7
28,1013,32,7,7,7,7,7,7,7,7,7,7,7,7,8,7,7,7,7
28,1014,32,7,7,7,7,7,7,7,7,7,7,7,7,8,7,7,7,7
28,1015,32,7,7,7,7,7,7,7,7,7,7,7,7,8,7,7,7,7
28,1016,32,7,7,7,7,7,7,7,7,7,7,7,7,8,7,7,7,7
28,1017,32,7,7,7,7,7,7,7,7,7,7,7,7,8,7,7,7,7
28,1018,32,7,7,7,7,7,7,7,7,7,7,7,7,8,7,7,7,7
28,1019,32,7,7,7,7,7,7,7,7,7,7,7,7,8,7,7,7,7
28,1020,32,7,7,7,7,7,7,7,7,7,7,7,7,8,7,7,7,7
28,1021,32,7,7,7,7,7,7,7,7,7,7,7,7,8,7,7,7,7
28,1024,32,7,7,7,7,7,7,7,7,7,7,7,7,8,7,7,7,7
28,1025,32,7,7,7,7,7,7,7,7,7,7,7,7,8,7,7,7,7
28,1026,32,7,7,7,7,7,7,7,7,7,7,7,7,8,7,7,7,7
28,1027,32,7,7,7,7,7,7,7,7,7,7,7,7,8,7,7,7,7
28,1028,32,7,7,7,7,7,7,7,7,7,7,7,7,8,7,7,7,7
28,1029,32,7,7,7,7,7,7,7,7,7,7,7,7,8,7,7,7,7
28,1030,32,7,7,7,7,7,7,7,7,7,7,7,7,8,7,7,7,7
28,1031,32,7,7,7,7,7,7,7,7,7,7,7,7,8,7,7,7,7
28,1032,32,7,7,7,7,7,7,7,7,7,7,7,7,8,7,7,7,7
28,1033,32,7,7,7,7,7,7,7,7,7,7,7,7,8,7,7,7,7
28,1034,32,7,7,7,7,7,7,7,7,7,7,7,7,8,7,7,7,7
28,1035,32,7,7,7,7,7,7,7,7,7,7,7,7,8,7,7,7,7
28,1036,32,7,7,7,7,7,7,7,7,7,7,7,7,8,7,7,7,7
28,1037,32,7,7,7,7,7,7,7,7,7,7,7,7,8,7,7,7,7
28,1038,32,7,7,7,7,7,7,7,7,7,7,7,7,8,7,7,7,7
28,1039,32,7,7,7,7,7,7,7,7,7,7,7,7,8,7,7,7,7
28,1040,32,7,7,7,7,7,7,7,7,7,7,7,7,8,7,7,7,7
28,1041,32,7,7,7,7,7,7,7,7,7,7,7,7,8,7,7,7,7
28,1042,32,7,7,7,7,7,7,7,7,7,7,7,7,8,7,7,7,7
28,1043,32,7,7,7,7,7,7,7,7,7,7,7,7,8,7,7,7,7
28,1044,32,7,7,7,7,7,7,7,7,7,7,7,7,8,7,7,7,7
28,1045,32,7,7,7,7,7,7,7,7,7,7,7,7,8,7,7,7,7
28,1046,32,7,7,7,7,7,7,7,7,7,7,7,7,8,7,7,7,7
28,1047,32,7,7,7,7,7,7,7,7,7,7,7,7,8,7,7,7,7
28,1048,32,7,7,7,7,7,7,7,7,7,7,7,7,8,7,7,7,7
28,1049,32,7,7,7,7,7,7,7,7,7,7,7,7,8,7,7,7,7
28,1050,32,7,7,7,7,7,7,7,7,7,7,7,7,8,7,7,7,7
28,1051,32,7,7,7,7,7,7,7,7,7,7,7,7,8,7,7,7,7
28,1052,32,7,7,7,7,7,7,7,7,7,7,7,7,8,7,7,7,7
28,1053,32,7,7,7,7,7,7,7,7,7,7,7,7,8,7,7,7,7
28,1054,32,7,7,7,7,7,7,7,7,7,7,7,7,8,7,7,7,7
28,1055,32,7,7,7,7,7,7,7,7,7,7,7,7,8,7,7,7,7
28,1056,32,7,7,7,7,7,7,7,7,7,7,7,7,8,7,7,7,7
28,1057,32,7,7,7,7,7,7,7,7,7,7,7,7,8,7,7,7,7
28,1058,32,7,7,7,7,7,7,7,7,7,7,7,7,8,7,7,7,7
28,1059,32,7,7,7,7,7,7,7,7,7,7,7,7,8,7,7,7,7
28,1060,32,7,7,7,7,7,7,7,7,7,7,7,7,8,7,7,7,7
28,1061,32,8,8,8,8,8,8,8,8,8,8,8,8,9,8,8,8,8
28,1062,32,7,7,7,7,7,7,7,7,7,7,7,7,8,7,7,7,7
28,1063,32,8,8,8,8,8,8,8,8,8,8,8,8,9,8,8,8,8
28,1064,32,8,8,8,8,8,8,8,8,8,8,8,8,9,8,8,8,8
28,1065,32,8,8,8,8,8,8,8,8,8,8,8,8,9,8,8,8,8
28,1067,32,8,8,8,8,8,8,8,8,8,8,8,8,9,8,8,8,8
28,1068,32,8,8,8,8,8,8,8,8,8,8,8,8,9,8,8,8,8
28,1069,32,8,8,8,8,8,8,8,8,8,8,8,8,9,8,8,8,8
28,1070,32,8,8,8,8,8,8,8,8,8,8,8,8,9,8,8,8,8
28,1071,32,8,8,8,8,8,8,8,8,8,8,8,8,9,8,8,8,8
28,1072,32,7,7,7,7,7,7,7,7,7,7,7,7,8,7,7,7,7
28,1073,32,7,7,7,7,7,7,7,7,7,7,7,7,8,7,7,7,7
28,1074,32,7,7,7,7,7,7,7,7,7,7,7,7,8,7,7,7,7
28,1075,32,7,7,7,7,7,7,7,7,7,7,7,7,8,7,7,7,7
28,1076,32,8,7,7,7,7,7,8,8,8,8,8,8,9,8,8,8,8
28,1078,32,8,8,8,8,8,8,8,8,8,8,8,8,9,8,8,8,8
28,1079,32,8,8,8,8,8,8,8,8,8,8,8,8,9,8,8,8,8
28,1080,32,8,8,8,8,8,8,8,8,8,8,8,8,9,8,8,8,8
28,1081,32,8,8,8,8,8,8,8,8,8,8,8,8,9,8,8,8,8
28,1082,32,8,8,8,8,8,8,8,8,8,8,8,8,9,8,8,8,8
28,1083,32,8,8,8,8,8,8,8,8,8,8,8,8,9,8,8,8,8
28,1084,32,8,8,8,8,8,8,8,8,8,8,8,8,9,8,8,8,8
28,1085,32,8,8,8,8,8,8,8,8,8,8,8,8,9,8,8,8,8
28,1086,32,8,8,8,8,8,8,8,8,8,8,8,8,9,8,8,8,8
28,1087,32,8,8,8,8,8,8,8,8,8,8,8,8,9,8,8,8,8
28,1088,32,8,8,8,8,8,8,8,8,8,8,8,8,9,8,8,8,8
28,1089,32,8,8,8,8,8,8,8,8,8,8,8,8,9,8,8,8,8
28,1090,32,8,8,8,8,8,8,8,8,8,8,8,8,9,8,8,8,8
28,1091,32,8,8,8,8,8,8,8,8,8,8,8,8,9,8,8,8,8
28,1093,32,8,8,8,8,8,8,8,8,8,8,8,8,9,8,8,8,8
28,1094,32,8,8,8,8,8,8,8,8,8,8,8,8,9,8,8,8,8
28,1095,32,8,8,8,8,8,8,8,8,8,8,8,8,9,8,8,8,8
28,1096,32,8,8,8,8,8,8,8,8,8,8,8,8,9,8,8,8,8
28,1097,32,8,8,8,8,8,8,8,8,8,8,8,8,9,8,8,8,8
28,1098,32,8,8,8,8,8,8,8,8,8,8,8,8,9,8,8,8,8
28,1099,32,8,8,8,8,8,8,8,8,8,8,8,8,9,8,8,8,8
28,1100,32,8,8,8,8,8,8,8,8,8,8,8,8,9,8,8,8,8
28,1101,32,8,8,8,8,8,8,8,8,8,8,8,8,9,8,8,8,8
28,1102,32,8,8,8,8,8,8,8,8,8,8,8,8,9,8,8,8,8
28,1103,32,8,8,8,8,8,8,8,8,8,8,8,8,9,8,8,8,8
28,1104,32,8,8,8,8,8,8,8,8,8,8,8,8,9,8,8,8,8
28,1105,32,8,8,8,8,8,8,8,8,8,8,8,8,9,8,8,8,8
28,1106,32,8,8,8,8,8,8,8,8,8,8,8,8,9,8,8,8,8
28,1107,32,8,8,8,8,8,8,8,8,8,8,8,8,9,8,8,8,8
28,1108,32,8,8,8,8,8,8,8,8,8,8,8,8,9,8,8,8,8
28,1109,32,8,8,8,8,8,8,8,8,8,8,8,8,9,8,8,8,8
28,1110,32,8,8,8,8,8,8,8,8,8,8,8,8,9,8,8,8,8
28,1112,32,8,8,8,8,8,8,8,8,8,8,8,8,9,8,8,8,8
28,1113,32,8,8,8,8,8,8,8,8,8,8,8,8,9,8,8,8,8
28,1114,32,8,8,8,8,8,8,8,8,8,8,8,8,9,8,8,8,8
28,1115,32,8,8,8,8,8,8,8,8,8,8,8,8,9,8,8,8,8
28,1116,32,8,8,8,8,8,8,8,8,8,8,8,8,9,8,8,8,8
28,1117,32,8,8,8,8,8,8,8,8,8,8,8,8,9,8,8,8,8
28,1118,32,8,8,8,8,8,8,8,8,8,8,8,8,9,8,8,8,8
28,1119,32,8,8,8,8,8,8,8,8,8,8,8,8,9,8,8,8,8
28,1120,32,8,8,8,8,8,8,8,8,8,8,8,8,9,8,8,8,8
28,1121,32,8,8,8,8,8,8,8,8,8,8,8,8,9,8,8,8,8
28,1122,32,8,8,8,8,8,8,8,8,8,8,8,8,9,8,8,8,8
28,1123,32,8,8,8,8,8,8,8,8,8,8,8,8,9,8,8,8,8
28,1124,32,8,8,8,8,8,8,8,8,8,8,8,8,9,8,8,8,8
28,1125,32,8,8,8,8,8,8,8,8,8,8,8,8,9,8,8,8,8
28,1126,32,8,8,8,8,8,8,8,8,8,8,8,8,9,8,8,8,8
28,1127,32,8,8,8,8,8,8,8,8,8,8,8,8,9,8,8,8,8
28,1128,32,8,8,8,8,8,8,8,8,8,8,8,8,9,8,8,8,8
28,1129,32,8,8,8,8,8,8,8,8,8,8,8,8,9,8,8,8,8
28,1130,32,8,8,8,8,8,8,8,8,8,8,8,8,9,8,8,8,8
28,1131,32,8,8,8,8,8,8,8,8,8,8,8,8,9,8,8,8,8
28,1132,32,8,8,8,8,8,8,8,8,8,8,8,8,9,8,8,8,8
28,1133,32,8,8,8,8,8,8,8,8,8,8,8,8,9,8,8,8,8
28,1134,32,8,8,8,8,8,8,8,8,8,8,8,8,9,8,8,8,8
28,1135,32,8,8,8,8,8,8,8,8,8,8,8,8,9,8,8,8,8
28,1136,32,8,8,8,8,8,8,8,8,8,8,8,8,9,8,8,8,8
28,1137,32,8,8,8,8,8,8,8,8,8,8,8,8,9,8,8,8,8
28,1138,32,8,8,8,8,8,8,8,8,8,8,8,8,9,8,8,8,8
28,1139,33,4,4,4,4,4,4,4,3,3,3,3,3,4,3,3,3,3
28,1140,33,4,4,4,4,4,4,4,3,3,3,3,3,4,3,3,3,3
28,1141,33,4,4,4,4,4,4,4,3,3,3,3,3,4,3,3,3,3
28,1142,33,4,4,4,4,4,4,4,3,3,3,3,3,4,3,3,3,3
28,1143,33,4,4,4,4,4,4,4,3,3,3,3,3,4,3,3,3,3
28,1144,33,4,4,4,4,4,4,4,3,3,3,3,3,4,3,3,3,3
28,1145,33,4,4,4,4,4,4,4,3,3,3,3,3,4,3,3,3,3
28,1146,33,4,4,4,4,4,4,4,3,3,3,3,3,4,3,3,3,3
28,1147,33,4,4,4,4,4,4,4,3,3,3,3,3,4,3,3,3,3
28,1148,33,4,4,4,4,4,4,4,3,3,3,3,3,4,3,3,3,3
28,1149,33,4,4,4,4,4,4,4,3,3,3,3,3,4,3,3,3,3
28,1150,33,4,4,4,4,4,4,4,3,3,3,3,3,4,3,3,3,3
28,1151,33,4,4,4,4,4,4,4,3,3,3,3,3,4,3,3,3,3
28,1152,33,4,4,4,4,4,4,4,3,3,3,3,3,4,3,3,3,3
28,1153,33,4,4,4,4,4,4,4,3,3,3,3,3,4,3,3,3,3
28,1154,33,4,4,4,4,4,4,4,3,3,3,3,3,4,3,3,3,3
28,1155,33,4,4,4,4,4,4,4,3,3,3,3,3,4,3,3,3,3
28,1156,33,4,4,4,4,4,4,4,3,3,3,3,3,4,3,3,3,3
28,1157,33,4,4,4,4,4,4,4,3,3,3,3,3,4,3,3,3,3
28,1158,33,4,4,4,4,4,4,4,3,3,3,3,3,4,3,3,3,3
28,1159,33,4,4,4,4,4,4,4,3,3,3,3,3,4,3,3,3,3
28,1160,33,4,4,4,4,4,4,4,3,3,3,3,3,4,3,3,3,3
28,1161,33,4,4,4,4,4,4,4,3,3,3,3,3,4,3,3,3,3
28,1162,33,4,4,4,4,4,4,4,3,3,3,3,3,4,3,3,3,3
28,1163,33,4,4,4,4,4,4,4,3,3,3,3,3,4,3,3,3,3
28,1164,33,4,4,4,4,4,4,4,3,3,3,3,3,4,3,3,3,3
28,1165,33,4,4,4,4,4,4,4,3,3,3,3,3,4,3,3,3,3
28,1166,33,4,4,4,4,4,4,4,3,3,3,3,3,4,3,3,3,3
28,1167,33,4,4,4,4,4,4,4,3,3,3,3,3,4,3,3,3,3
28,1168,33,4,4,4,4,4,4,4,3,3,3,3,3,4,3,3,3,3
28,1169,33,4,4,4,4,4,4,4,3,3,3,3,3,4,3,3,3,3
28,1170,33,4,4,4,4,4,4,4,3,3,3,3,3,4,3,3,3,3
28,1171,33,4,4,4,4,4,4,4,3,3,3,3,3,4,3,3,3,3
28,1172,33,4,4,4,4,4,4,4,3,3,3,3,3,4,3,3,3,3
28,1173,33,4,4,4,4,4,4,4,3,3,3,3,3,4,3,3,3,3
28,1174,33,4,4,4,4,4,4,4,3,3,3,3,3,4,3,3,3,3
28,1175,33,4,4,4,4,4,4,4,3,3,3,3,3,4,3,3,3,3
28,1176,33,4,4,4,4,4,4,4,3,3,3,3,3,4,3,3,3,3
28,1177,33,4,4,4,4,4,4,4,3,3,3,3,3,4,3,3,3,3
28,1178,33,4,4,4,4,4,4,4,3,3,3,3,3,4,3,3,3,3
28,1179,33,4,4,4,4,4,4,4,3,3,3,3,3,4,3,3,3,3
28,1180,33,4,4,4,4,4,4,4,3,3,3,3,3,4,3,3,3,3
28,1181,33,4,4,4,4,4,4,4,3,3,3,3,3,4,3,3,3,3
28,1182,33,4,4,4,4,4,4,4,3,3,3,3,3,4,3,3,3,3
28,1183,33,4,4,4,4,4,4,4,3,3,3,3,3,4,3,3,3,3
28,1184,33,4,4,4,4,4,4,4,3,3,3,3,3,4,3,3,3,3
28,1185,33,4,4,4,4,4,4,4,3,3,3,3,3,4,3,3,3,3
28,1186,33,4,4,4,4,4,4,4,3,3,3,3,3,4,3,3,3,3
28,1187,33,4,4,4,4,4,4,4,3,3,3,3,3,4,3,3,3,3
28,1188,33,4,4,4,4,4,4,4,3,3,3,3,3,4,3,3,3,3
28,1189,33,4,4,4,4,4,4,4,3,3,3,3,3,4,3,3,3,3
28,1190,33,4,4,4,4,4,4,4,3,3,3,3,3,4,3,3,3,3
28,1191,33,4,4,4,4,4,4,4,3,3,3,3,3,4,3,3,3,3
28,1192,33,4,4,4,4,4,4,4,3,3,3,3,3,4,3,3,3,3
28,1193,33,4,4,4,4,4,4,4,3,3,3,3,3,4,3,3,3,3
28,1194,33,4,4,4,4,4,4,4,3,3,3,3,3,4,3,3,3,3
28,1195,33,4,4,4,4,4,4,4,3,3,3,3,3,4,3,3,3,3
28,1196,33,4,4,4,4,4,4,4,3,3,3,3,3,4,3,3,3,3
28,1197,33,4,4,4,4,4,4,4,3,3,3,3,3,4,3,3,3,3
28,1198,33,4,4,4,4,4,4,4,3,3,3,3,3,4,3,3,3,3
28,1199,33,4,4,4,4,4,4,4,3,3,3,3,3,4,3,3,3,3
28,1200,33,4,4,4,4,4,4,4,3,3,3,3,3,4,3,3,3,3
28,1201,33,4,4,4,4,4,4,4,3,3,3,3,3,4,3,3,3,3
28,1202,33,4,4,4,4,4,4,4,3,3,3,3,3,4,3,3,3,3
28,1203,33,4,4,4,4,4,4,4,3,3,3,3,3,4,3,3,3,3
28,1204,33,4,4,4,4,4,4,4,3,3,3,3,3,4,3,3,3,3
28,1205,33,4,4,4,4,4,4,4,3,3,3,3,3,4,3,3,3,3
28,1206,33,4,4,4,4,4,4,4,3,3,3,3,3,4,3,3,3,3
28,1207,33,4,4,4,4,4,4,4,3,3,3,3,3,4,3,3,3,3
28,1208,33,4,4,4,4,4,4,4,3,3,3,3,3,4,3,3,3,3
28,1209,33,4,4,4,4,4,4,4,3,3,3,3,3,4,3,3,3,3
28,1210,33,4,4,4,4,4,4,4,3,3,3,3,3,4,3,3,3,3
28,1211,34,1,9,9,9,9,9,1,9,9,9,9,9,1,9,9,9,9
28,1212,34,1,9,9,9,9,9,1,9,9,9,9,9,1,9,9,9,9
28,1213,34,1,9,9,9,9,9,1,9,9,9,9,9,1,9,9,9,9
28,1214,34,1,9,9,9,9,9,1,9,9,9,9,9,1,9,9,9,9
28,1215,34,1,9,9,9,9,9,1,9,9,9,9,9,1,9,9,9,9
28,1216,34,1,9,9,9,9,9,1,9,9,9,9,9,1,9,9,9,9
28,1217,34,1,9,9,9,9,9,1,9,9,9,9,9,1,9,9,9,9
28,1218,34,1,9,9,9,9,9,1,9,9,9,9,9,1,9,9,9,9
28,1219,34,1,9,9,9,9,9,1,9,9,9,9,9,1,9,9,9,9
28,1220,34,1,9,9,9,9,9,1,9,9,9,9,9,1,9,9,9,9
28,1221,34,1,9,9,9,9,9,1,9,9,9,9,9,1,9,9,9,9
28,1222,34,1,9,9,9,9,9,1,9,9,9,9,9,1,9,9,9,9
28,1223,35,4,4,4,4,4,4,4,3,3,3,3,3,4,3,3,3,3
28,1224,35,4,4,4,4,4,4,4,3,3,3,3,3,4,3,3,3,3
28,1225,35,4,4,4,4,4,4,4,3,3,3,3,3,4,3,3,3,3
28,1226,35,4,4,4,4,4,4,4,3,3,3,3,3,4,3,3,3,3
28,1227,35,4,4,4,4,4,4,4,3,3,3,3,3,4,3,3,3,3
28,1228,35,4,4,4,4,4,4,4,3,3,3,3,3,4,3,3,3,3
28,1229,35,4,4,4,4,4,4,4,3,3,3,3,3,4,3,3,3,3
28,1230,35,4,4,4,4,4,4,4,3,3,3,3,3,4,3,3,3,3
28,1231,35,4,4,4,4,4,4,4,3,3,3,3,3,4,3,3,3,3
28,1232,35,4,4,4,4,4,4,4,3,3,3,3,3,4,3,3,3,3
28,1233,35,4,4,4,4,4,4,4,3,3,3,3,3,4,3,3,3,3
28,1234,35,4,4,4,4,4,4,4,3,3,3,3,3,4,3,3,3,3
28,1235,35,4,4,4,4,4,4,4,3,3,3,3,3,4,3,3,3,3
28,1236,35,4,4,4,4,4,4,4,3,3,3,3,3,4,3,3,3,3
28,1237,35,4,4,4,4,4,4,4,3,3,3,3,3,4,3,3,3,3
28,1238,35,4,4,4,4,4,4,4,3,3,3,3,3,4,3,3,3,3
28,1239,35,4,4,4,4,4,4,4,3,3,3,3,3,4,3,3,3,3
28,1240,35,4,4,4,4,4,4,4,3,3,3,3,3,4,3,3,3,3
28,1241,35,4,4,4,4,4,4,4,3,3,3,3,3,4,3,3,3,3
28,1242,35,4,4,4,4,4,4,4,3,3,3,3,3,4,3,3,3,3
28,1243,35,4,4,4,4,4,4,4,3,3,3,3,3,4,3,3,3,3
28,1244,35,4,4,4,4,4,4,4,3,3,3,3,3,4,3,3,3,3
28,1245,35,4,4,4,4,4,4,4,3,3,3,3,3,4,3,3,3,3
28,1246,35,4,4,4,4,4,4,4,3,3,3,3,3,4,3,3,3,3
28,1247,35,4,4,4,4,4,4,4,3,3,3,3,3,4,3,3,3,3
28,1248,35,4,4,4,4,4,4,4,3,3,3,3,3,4,3,3,3,3
28,1249,35,4,4,4,4,4,4,4,3,3,3,3,3,4,3,3,3,3
28,1250,35,4,4,4,4,4,4,4,3,3,3,3,3,4,3,3,3,3
28,1251,35,4,4,4,4,4,4,4,3,3,3,3,3,4,3,3,3,3
28,1252,35,4,4,4,4,4,4,4,3,3,3,3,3,4,3,3,3,3
28,1253,35,4,4,4,4,4,4,4,3,3,3,3,3,4,3,3,3,3
28,1254,35,4,4,4,4,4,4,4,3,3,3,3,3,4,3,3,3,3
28,1255,35,4,4,4,4,4,4,4,3,3,3,3,3,4,3,3,3,3
28,1256,35,4,4,4,4,4,4,4,3,3,3,3,3,4,3,3,3,3
28,1257,35,4,4,4,4,4,4,4,3,3,3,3,3,4,3,3,3,3
28,1258,35,4,4,4,4,4,4,4,3,3,3,3,3,4,3,3,3,3
28,1259,35,4,4,4,4,4,4,4,3,3,3,3,3,4,3,3,3,3
28,1260,35,4,4,4,4,4,4,4,3,3,3,3,3,4,3,3,3,3
28,1261,35,4,4,4,4,4,4,4,3,3,3,3,3,4,3,3,3,3
28,1262,35,4,4,4,4,4,4,4,3,3,3,3,3,4,3,3,3,3
28,1263,35,4,4,4,4,4,4,4,3,3,3,3,3,4,3,3,3,3
28,1264,35,4,4,4,4,4,4,4,3,3,3,3,3,4,3,3,3,3
28,1265,35,4,4,4,4,4,4,4,3,3,3,3,3,4,3,3,3,3
28,1266,35,4,4,4,4,4,4,4,3,3,3,3,3,4,3,3,3,3
28,1267,35,4,4,4,4,4,4,4,3,3,3,3,3,4,3,3,3,3
28,1268,35,4,4,4,4,4,4,4,3,3,3,3,3,4,3,3,3,3
28,1269,35,4,4,4,4,4,4,4,3,3,3,3,3,4,3,3,3,3
28,1270,35,4,4,4,4,4,4,4,3,3,3,3,3,4,3,3,3,3
28,1271,35,4,4,4,4,4,4,4,3,3,3,3,3,4,3,3,3,3
28,1272,35,4,4,4,4,4,4,4,3,3,3,3,3,4,3,3,3,3
28,1273,35,4,4,4,4,4,4,4,3,3,3,3,3,4,3,3,3,3
28,1274,35,4,4,4,4,4,4,4,3,3,3,3,3,4,3,3,3,3
28,1275,35,4,4,4,4,4,4,4,3,3,3,3,3,4,3,3,3,3
28,1276,35,4,4,4,4,4,4,4,3,3,3,3,3,4,3,3,3,3
28,1277,35,4,4,4,4,4,4,4,3,3,3,3,3,4,3,3,3,3
28,1278,36,4,9,9,9,9,9,4,9,9,9,9,9,4,9,9,9,9
28,1279,36,4,9,9,9,9,9,4,9,9,9,9,9,4,9,9,9,9
28,1280,37,1,1,1,1,1,1,1,1,1,1,1,1,1,1,1,1,1
28,1281,37,1,1,1,1,1,1,1,1,1,1,1,1,1,1,1,1,1
28,1282,37,1,1,1,1,1,1,1,1,1,1,1,1,1,1,1,1,1
28,1283,37,1,1,1,1,1,1,1,1,1,1,1,1,1,1,1,1,1
28,1284,37,1,1,1,1,1,1,1,1,1,1,1,1,1,1,1,1,1
28,1285,37,1,1,1,1,1,1,1,1,1,1,1,1,1,1,1,1,1
28,1286,37,1,1,1,1,1,1,1,1,1,1,1,1,1,1,1,1,1
28,1287,37,1,1,1,1,1,1,1,1,1,1,1,1,1,1,1,1,1
28,1288,37,1,1,1,1,1,1,1,1,1,1,1,1,1,1,1,1,1
28,1289,37,1,1,1,1,1,1,1,1,1,1,1,1,1,1,1,1,1
28,1290,37,1,1,1,1,1,1,1,1,1,1,1,1,1,1,1,1,1
28,1291,37,1,1,1,1,1,1,1,1,1,1,1,1,1,1,1,1,1
28,1292,37,1,1,1,1,1,1,1,1,1,1,1,1,1,1,1,1,1
28,1293,37,1,1,1,1,1,1,1,1,1,1,1,1,1,1,1,1,1
28,1294,37,1,1,1,1,1,1,1,1,1,1,1,1,1,1,1,1,1
28,1295,37,1,1,1,1,1,1,1,1,1,1,1,1,1,1,1,1,1
28,1296,37,1,1,1,1,1,1,1,1,1,1,1,1,1,1,1,1,1
28,1297,37,1,1,1,1,1,1,1,1,1,1,1,1,1,1,1,1,1
28,1298,37,1,1,1,1,1,1,1,1,1,1,1,1,1,1,1,1,1
28,1299,37,1,1,1,1,1,1,1,1,1,1,1,1,1,1,1,1,1
28,1300,37,1,1,1,1,1,1,1,1,1,1,1,1,1,1,1,1,1
28,1301,37,1,1,1,1,1,1,1,1,1,1,1,1,1,1,1,1,1
28,1302,37,1,1,1,1,1,1,1,1,1,1,1,1,1,1,1,1,1
28,1303,37,1,1,1,1,1,1,1,1,1,1,1,1,1,1,1,1,1
28,1304,38,3,3,3,3,3,3,3,4,4,4,4,4,3,4,4,4,4
28,1305,38,3,3,3,3,3,3,3,4,4,4,4,4,3,4,4,4,4
28,1306,38,3,3,3,3,3,3,3,4,4,4,4,4,3,4,4,4,4
28,1307,38,3,3,3,3,3,3,3,4,4,4,4,4,3,4,4,4,4
28,1308,38,3,3,3,3,3,3,3,4,4,4,4,4,3,4,4,4,4
28,1309,38,3,3,3,3,3,3,3,4,4,4,4,4,3,4,4,4,4
28,1310,38,3,3,3,3,3,3,3,4,4,4,4,4,3,4,4,4,4
28,1311,38,3,3,3,3,3,3,3,4,4,4,4,4,3,4,4,4,4
28,1312,38,3,3,3,3,3,3,3,4,4,4,4,4,3,4,4,4,4
28,1313,38,3,3,3,3,3,3,3,4,4,4,4,4,3,4,4,4,4
28,1314,38,3,3,3,3,3,3,3,4,4,4,4,4,3,4,4,4,4
28,1315,38,3,3,3,3,3,3,3,4,4,4,4,4,3,4,4,4,4
28,1316,38,3,3,3,3,3,3,3,4,4,4,4,4,3,4,4,4,4
28,1317,38,3,3,3,3,3,3,3,4,4,4,4,4,3,4,4,4,4
28,1318,38,3,3,3,3,3,3,3,4,4,4,4,4,3,4,4,4,4
28,1319,38,3,3,3,3,3,3,3,4,4,4,4,4,3,4,4,4,4
28,1320,38,3,3,3,3,3,3,3,4,4,4,4,4,3,4,4,4,4
28,1321,38,3,3,3,3,3,3,3,4,4,4,4,4,3,4,4,4,4
28,1322,38,3,3,3,3,3,3,3,4,4,4,4,4,3,4,4,4,4
28,1323,38,3,3,3,3,3,3,3,4,4,4,4,4,3,4,4,4,4
28,1324,38,3,3,3,3,3,3,3,4,4,4,4,4,3,4,4,4,4
28,1325,38,3,3,3,3,3,3,3,4,4,4,4,4,3,4,4,4,4
28,1326,38,3,3,3,3,3,3,3,4,4,4,4,4,3,4,4,4,4
28,1327,38,3,3,3,3,3,3,3,4,4,4,4,4,3,4,4,4,4
28,1328,38,3,3,3,3,3,3,3,4,4,4,4,4,3,4,4,4,4
28,1329,38,3,3,3,3,3,3,3,4,4,4,4,4,3,4,4,4,4
28,1330,38,3,3,3,3,3,3,3,4,4,4,4,4,3,4,4,4,4
28,1331,38,3,3,3,3,3,3,3,4,4,4,4,4,3,4,4,4,4
28,1332,38,3,3,3,3,3,3,3,4,4,4,4,4,3,4,4,4,4
28,1333,38,3,3,3,3,3,3,3,4,4,4,4,4,3,4,4,4,4
28,1334,38,3,3,3,3,3,3,3,4,4,4,4,4,3,4,4,4,4
28,1335,38,3,3,3,3,3,3,3,4,4,4,4,4,3,4,4,4,4
28,1336,38,3,3,3,3,3,3,3,4,4,4,4,4,3,4,4,4,4
28,1337,38,3,3,3,3,3,3,3,4,4,4,4,4,3,4,4,4,4
28,1338,38,3,3,3,3,3,3,3,4,4,4,4,4,3,4,4,4,4
28,1339,38,3,3,3,3,3,3,3,4,4,4,4,4,3,4,4,4,4
28,1340,38,3,3,3,3,3,3,3,4,4,4,4,4,3,4,4,4,4
28,1341,38,3,3,3,3,3,3,3,4,4,4,4,4,3,4,4,4,4
28,1342,38,3,3,3,3,3,3,3,4,4,4,4,4,3,4,4,4,4
28,1343,38,3,3,3,3,3,3,3,4,4,4,4,4,3,4,4,4,4
28,1344,38,3,3,3,3,3,3,3,4,4,4,4,4,3,4,4,4,4
28,1345,38,3,3,3,3,3,3,3,4,4,4,4,4,3,4,4,4,4
28,1346,38,3,3,3,3,3,3,3,4,4,4,4,4,3,4,4,4,4
28,1347,38,3,3,3,3,3,3,3,4,4,4,4,4,3,4,4,4,4
28,1348,38,3,3,3,3,3,3,3,4,4,4,4,4,3,4,4,4,4
28,1349,38,3,3,3,3,3,3,3,4,4,4,4,4,3,4,4,4,4
28,1350,38,3,3,3,3,3,3,3,4,4,4,4,4,3,4,4,4,4
28,1351,38,3,3,3,3,3,3,3,4,4,4,4,4,3,4,4,4,4
28,1352,38,3,3,3,3,3,3,3,4,4,4,4,4,3,4,4,4,4
28,1353,38,3,3,3,3,3,3,3,4,4,4,4,4,3,4,4,4,4
28,1354,38,3,3,3,3,3,3,3,4,4,4,4,4,3,4,4,4,4
28,1355,38,3,3,3,3,3,3,3,4,4,4,4,4,3,4,4,4,4
28,1356,38,3,3,3,3,3,3,3,4,4,4,4,4,3,4,4,4,4
28,1358,38,3,3,3,3,3,3,3,4,4,4,4,4,3,4,4,4,4
28,1359,38,3,3,3,3,3,3,3,4,4,4,4,4,3,4,4,4,4
28,1360,38,3,3,3,3,3,3,3,4,4,4,4,4,3,4,4,4,4
28,1361,38,3,3,3,3,3,3,3,4,4,4,4,4,3,4,4,4,4
28,1362,38,3,3,3,3,3,3,3,4,4,4,4,4,3,4,4,4,4
28,1363,38,3,3,3,3,3,3,3,4,4,4,4,4,3,4,4,4,4
28,1364,38,3,3,3,3,3,3,3,4,4,4,4,4,3,4,4,4,4
28,1365,38,3,3,3,3,3,3,3,4,4,4,4,4,3,4,4,4,4
28,1366,38,3,3,3,3,3,3,3,4,4,4,4,4,3,4,4,4,4
28,1367,38,3,3,3,3,3,3,3,4,4,4,4,4,3,4,4,4,4
28,1368,38,3,3,3,3,3,3,3,4,4,4,4,4,3,4,4,4,4
28,1369,38,3,3,3,3,3,3,3,4,4,4,4,4,3,4,4,4,4
28,1370,38,3,3,3,3,3,3,3,4,4,4,4,4,3,4,4,4,4
28,1371,38,3,3,3,3,3,3,3,4,4,4,4,4,3,4,4,4,4
28,1372,38,3,3,3,3,3,3,3,4,4,4,4,4,3,4,4,4,4
28,1373,38,3,3,3,3,3,3,3,4,4,4,4,4,3,4,4,4,4
28,1374,38,3,3,3,3,3,3,3,4,4,4,4,4,3,4,4,4,4
28,1375,38,3,3,3,3,3,3,3,4,4,4,4,4,3,4,4,4,4
28,1376,38,3,3,3,3,3,3,3,4,4,4,4,4,3,4,4,4,4
28,1377,38,3,3,3,3,3,3,3,4,4,4,4,4,3,4,4,4,4
28,1378,38,3,3,3,3,3,3,3,4,4,4,4,4,3,4,4,4,4
28,1379,38,3,3,3,3,3,3,3,4,4,4,4,4,3,4,4,4,4
28,1380,38,3,3,3,3,3,3,3,4,4,4,4,4,3,4,4,4,4
28,1381,38,3,3,3,3,3,3,3,4,4,4,4,4,3,4,4,4,4
28,1382,38,3,3,3,3,3,3,3,4,4,4,4,4,3,4,4,4,4
28,1383,38,3,3,3,3,3,3,3,4,4,4,4,4,3,4,4,4,4
28,1384,38,3,3,3,3,3,3,3,4,4,4,4,4,3,4,4,4,4
28,1385,38,3,3,3,3,3,3,3,4,4,4,4,4,3,4,4,4,4
28,1386,38,3,3,3,3,3,3,3,4,4,4,4,4,3,4,4,4,4
28,1387,38,3,3,3,3,3,3,3,4,4,4,4,4,3,4,4,4,4
28,1388,38,3,3,3,3,3,3,3,4,4,4,4,4,3,4,4,4,4
28,1389,38,3,3,3,3,3,3,3,4,4,4,4,4,3,4,4,4,4
28,1390,38,3,3,3,3,3,3,3,4,4,4,4,4,3,4,4,4,4
28,1391,38,3,3,3,3,3,3,3,4,4,4,4,4,3,4,4,4,4
28,1392,38,3,3,3,3,3,3,3,4,4,4,4,4,3,4,4,4,4
28,1393,38,3,3,3,3,3,3,3,4,4,4,4,4,3,4,4,4,4
28,1394,38,3,3,3,3,3,3,3,4,4,4,4,4,3,4,4,4,4
28,1395,38,3,3,3,3,3,3,3,4,4,4,4,4,3,4,4,4,4
28,1396,38,3,3,3,3,3,3,3,4,4,4,4,4,3,4,4,4,4
28,1397,38,3,3,3,3,3,3,3,4,4,4,4,4,3,4,4,4,4
28,1398,38,3,3,3,3,3,3,3,4,4,4,4,4,3,4,4,4,4
28,1399,38,3,3,3,3,3,3,3,4,4,4,4,4,3,4,4,4,4
28,1400,38,3,3,3,3,3,3,3,4,4,4,4,4,3,4,4,4,4
28,1401,38,3,3,3,3,3,3,3,4,4,4,4,4,3,4,4,4,4
28,1402,38,3,3,3,3,3,3,3,4,4,4,4,4,3,4,4,4,4
28,1403,38,3,3,3,3,3,3,3,4,4,4,4,4,3,4,4,4,4
28,1404,38,3,3,3,3,3,3,3,4,4,4,4,4,3,4,4,4,4
28,1405,38,3,3,3,3,3,3,3,4,4,4,4,4,3,4,4,4,4
28,1406,38,3,3,3,3,3,3,3,4,4,4,4,4,3,4,4,4,4
28,1407,38,3,3,3,3,3,3,3,4,4,4,4,4,3,4,4,4,4
28,1408,38,3,3,3,3,3,3,3,4,4,4,4,4,3,4,4,4,4
28,1409,38,3,3,3,3,3,3,3,4,4,4,4,4,3,4,4,4,4
28,1410,38,3,3,3,3,3,3,3,4,4,4,4,4,3,4,4,4,4
28,1411,38,3,3,3,3,3,3,3,4,4,4,4,4,3,4,4,4,4
28,1412,38,3,3,3,3,3,3,3,4,4,4,4,4,3,4,4,4,4
28,1413,38,3,3,3,3,3,3,3,4,4,4,4,4,3,4,4,4,4
28,1414,38,3,3,3,3,3,3,3,4,4,4,4,4,3,4,4,4,4
28,1415,38,3,3,3,3,3,3,3,4,4,4,4,4,3,4,4,4,4
28,1416,38,3,3,3,3,3,3,3,4,4,4,4,4,3,4,4,4,4
28,1417,38,3,3,3,3,3,3,3,4,4,4,4,4,3,4,4,4,4
28,1418,38,3,3,3,3,3,3,3,4,4,4,4,4,3,4,4,4,4
28,1419,38,3,3,3,3,3,3,3,4,4,4,4,4,3,4,4,4,4
28,1420,38,3,3,3,3,3,3,3,4,4,4,4,4,3,4,4,4,4
28,1421,38,3,3,3,3,3,3,3,4,4,4,4,4,3,4,4,4,4
28,1422,38,3,3,3,3,3,3,3,4,4,4,4,4,3,4,4,4,4
28,1423,38,3,3,3,3,3,3,3,4,4,4,4,4,3,4,4,4,4
28,1424,38,3,3,3,3,3,3,3,4,4,4,4,4,3,4,4,4,4
28,1425,38,3,3,3,3,3,3,3,4,4,4,4,4,3,4,4,4,4
28,1426,38,3,3,3,3,3,3,3,4,4,4,4,4,3,4,4,4,4
28,1427,38,3,3,3,3,3,3,3,4,4,4,4,4,3,4,4,4,4
28,1428,38,3,3,3,3,3,3,3,4,4,4,4,4,3,4,4,4,4
28,1429,38,3,3,3,3,3,3,3,4,4,4,4,4,3,4,4,4,4
28,1430,38,3,3,3,3,3,3,3,4,4,4,4,4,3,4,4,4,4
28,1431,38,3,3,3,3,3,3,3,4,4,4,4,4,3,4,4,4,4
28,1432,38,3,3,3,3,3,3,3,4,4,4,4,4,3,4,4,4,4
28,1433,38,3,3,3,3,3,3,3,4,4,4,4,4,3,4,4,4,4
28,1434,38,3,3,3,3,3,3,3,4,4,4,4,4,3,4,4,4,4
28,1435,38,3,3,3,3,3,3,3,4,4,4,4,4,3,4,4,4,4
28,1436,38,3,3,3,3,3,3,3,4,4,4,4,4,3,4,4,4,4
28,1437,38,3,3,3,3,3,3,3,4,4,4,4,4,3,4,4,4,4
28,1438,38,3,3,3,3,3,3,3,4,4,4,4,4,3,4,4,4,4
28,1439,38,3,3,3,3,3,3,3,4,4,4,4,4,3,4,4,4,4
28,1440,38,3,3,3,3,3,3,3,4,4,4,4,4,3,4,4,4,4
28,1441,38,3,3,3,3,3,3,3,4,4,4,4,4,3,4,4,4,4
28,1442,38,3,3,3,3,3,3,3,4,4,4,4,4,3,4,4,4,4
28,1443,38,3,3,3,3,3,3,3,4,4,4,4,4,3,4,4,4,4
28,1444,38,3,3,3,3,3,3,3,4,4,4,4,4,3,4,4,4,4
28,1445,38,3,3,3,3,3,3,3,4,4,4,4,4,3,4,4,4,4
28,1446,38,3,3,3,3,3,3,3,4,4,4,4,4,3,4,4,4,4
28,1447,38,3,3,3,3,3,3,3,4,4,4,4,4,3,4,4,4,4
28,1448,38,3,3,3,3,3,3,3,4,4,4,4,4,3,4,4,4,4
28,1449,38,3,3,3,3,3,3,3,4,4,4,4,4,3,4,4,4,4
28,1450,38,3,3,3,3,3,3,3,4,4,4,4,4,3,4,4,4,4
28,1451,38,3,3,3,3,3,3,3,4,4,4,4,4,3,4,4,4,4
28,1452,38,3,3,3,3,3,3,3,4,4,4,4,4,3,4,4,4,4
28,1453,38,3,3,3,3,3,3,3,4,4,4,4,4,3,4,4,4,4
28,1454,38,3,3,3,3,3,3,3,4,4,4,4,4,3,4,4,4,4
28,1455,38,3,3,3,3,3,3,3,4,4,4,4,4,3,4,4,4,4
28,1456,38,3,3,3,3,3,3,3,4,4,4,4,4,3,4,4,4,4
28,1457,38,3,3,3,3,3,3,3,4,4,4,4,4,3,4,4,4,4
28,1458,38,3,3,3,3,3,3,3,4,4,4,4,4,3,4,4,4,4
28,1459,38,3,3,3,3,3,3,3,4,4,4,4,4,3,4,4,4,4
28,1460,38,3,3,3,3,3,3,3,4,4,4,4,4,3,4,4,4,4
28,1461,38,3,3,3,3,3,3,3,4,4,4,4,4,3,4,4,4,4
28,1462,38,3,3,3,3,3,3,3,4,4,4,4,4,3,4,4,4,4
28,1463,38,3,3,3,3,3,3,3,4,4,4,4,4,3,4,4,4,4
28,1464,38,3,3,3,3,3,3,3,4,4,4,4,4,3,4,4,4,4
28,1465,38,3,3,3,3,3,3,3,4,4,4,4,4,3,4,4,4,4
28,1466,38,3,3,3,3,3,3,3,4,4,4,4,4,3,4,4,4,4
28,1467,38,3,3,3,3,3,3,3,4,4,4,4,4,3,4,4,4,4
28,1468,38,3,3,3,3,3,3,3,4,4,4,4,4,3,4,4,4,4
28,1469,38,3,3,3,3,3,3,3,4,4,4,4,4,3,4,4,4,4
28,1470,38,3,3,3,3,3,3,3,4,4,4,4,4,3,4,4,4,4
28,1471,38,3,3,3,3,3,3,3,4,4,4,4,4,3,4,4,4,4
28,1472,38,3,3,3,3,3,3,3,4,4,4,4,4,3,4,4,4,4
28,1473,38,3,3,3,3,3,3,3,4,4,4,4,4,3,4,4,4,4
28,1474,38,3,3,3,3,3,3,3,4,4,4,4,4,3,4,4,4,4
28,1475,38,3,3,3,3,3,3,3,4,4,4,4,4,3,4,4,4,4
28,1476,38,3,3,3,3,3,3,3,4,4,4,4,4,3,4,4,4,4
28,1477,38,3,3,3,3,3,3,3,4,4,4,4,4,3,4,4,4,4
28,1478,38,3,3,3,3,3,3,3,4,4,4,4,4,3,4,4,4,4
28,1479,38,3,3,3,3,3,3,3,4,4,4,4,4,3,4,4,4,4
28,1480,38,3,3,3,3,3,3,3,4,4,4,4,4,3,4,4,4,4
28,1481,38,3,3,3,3,3,3,3,4,4,4,4,4,3,4,4,4,4
28,1482,38,3,3,3,3,3,3,3,4,4,4,4,4,3,4,4,4,4
28,1483,38,3,3,3,3,3,3,3,4,4,4,4,4,3,4,4,4,4
28,1484,38,3,3,3,3,3,3,3,4,4,4,4,4,3,4,4,4,4
28,1485,38,3,3,3,3,3,3,3,4,4,4,4,4,3,4,4,4,4
28,1486,38,3,3,3,3,3,3,3,4,4,4,4,4,3,4,4,4,4
28,1487,38,3,3,3,3,3,3,3,4,4,4,4,4,3,4,4,4,4
28,1488,38,3,3,3,3,3,3,3,4,4,4,4,4,3,4,4,4,4
28,1489,38,3,3,3,3,3,3,3,4,4,4,4,4,3,4,4,4,4
28,1490,38,3,3,3,3,3,3,3,4,4,4,4,4,3,4,4,4,4
28,1491,38,3,3,3,3,3,3,3,4,4,4,4,4,3,4,4,4,4
28,1492,38,3,3,3,3,3,3,3,4,4,4,4,4,3,4,4,4,4
28,1493,38,3,3,3,3,3,3,3,4,4,4,4,4,3,4,4,4,4
28,1494,38,3,3,3,3,3,3,3,4,4,4,4,4,3,4,4,4,4
28,1495,38,3,3,3,3,3,3,3,4,4,4,4,4,3,4,4,4,4
28,1496,38,3,3,3,3,3,3,3,4,4,4,4,4,3,4,4,4,4
28,1497,39,1,1,1,1,1,1,1,1,1,1,1,1,5,1,1,1,1
28,1498,39,1,1,1,1,1,1,1,1,1,1,1,1,5,1,1,1,1
28,1499,39,1,1,1,1,1,1,1,1,1,1,1,1,5,1,1,1,1
28,1500,39,1,1,1,1,1,1,1,1,1,1,1,1,5,1,1,1,1
28,1501,39,1,1,1,1,1,1,1,1,1,1,1,1,5,1,1,1,1
28,1502,39,1,1,1,1,1,1,1,1,1,1,1,1,5,1,1,1,1
28,1503,39,1,1,1,1,1,1,1,1,1,1,1,1,5,1,1,1,1
28,1504,39,1,1,1,1,1,1,1,1,1,1,1,1,5,1,1,1,1
28,1505,39,1,1,1,1,1,1,1,1,1,1,1,1,5,1,1,1,1
28,1506,39,1,1,1,1,1,1,1,1,1,1,1,1,5,1,1,1,1
28,1507,39,1,1,1,1,1,1,1,1,1,1,1,1,5,1,1,1,1
28,1508,39,1,1,1,1,1,1,1,1,1,1,1,1,5,1,1,1,1
28,1509,39,1,1,1,1,1,1,1,1,1,1,1,1,5,1,1,1,1
28,1510,39,1,1,1,1,1,1,1,1,1,1,1,1,5,1,1,1,1
28,1511,39,1,1,1,1,1,1,1,1,1,1,1,1,5,1,1,1,1
28,1512,39,1,1,1,1,1,1,1,1,1,1,1,1,5,1,1,1,1
28,1513,39,1,1,1,1,1,1,1,1,1,1,1,1,5,1,1,1,1
28,1514,39,1,1,1,1,1,1,1,1,1,1,1,1,5,1,1,1,1
28,1515,39,1,1,1,1,1,1,1,1,1,1,1,1,5,1,1,1,1
28,1516,40,4,4,4,4,4,4,4,3,3,3,3,3,4,3,3,3,3
28,1517,40,4,4,4,4,4,4,4,3,3,3,3,3,4,3,3,3,3
28,1518,40,4,4,4,4,4,4,4,3,3,3,3,3,4,3,3,3,3
28,1519,40,4,4,4,4,4,4,4,3,3,3,3,3,4,3,3,3,3
28,1520,40,4,4,4,4,4,4,4,3,3,3,3,3,4,3,3,3,3
28,1521,40,4,4,4,4,4,4,4,3,3,3,3,3,4,3,3,3,3
28,1522,40,4,4,4,4,4,4,4,3,3,3,3,3,4,3,3,3,3
28,1523,40,4,4,4,4,4,4,4,3,3,3,3,3,4,3,3,3,3
28,1524,40,4,4,4,4,4,4,4,3,3,3,3,3,4,3,3,3,3
28,1525,40,4,4,4,4,4,4,4,3,3,3,3,3,4,3,3,3,3
28,1526,40,4,4,4,4,4,4,4,3,3,3,3,3,4,3,3,3,3
28,1527,40,4,4,4,4,4,4,4,3,3,3,3,3,4,3,3,3,3
28,1528,40,4,4,4,4,4,4,4,3,3,3,3,3,4,3,3,3,3
28,1529,40,4,4,4,4,4,4,4,3,3,3,3,3,4,3,3,3,3
28,1530,40,4,4,4,4,4,4,4,3,3,3,3,3,4,3,3,3,3
28,1531,40,4,4,4,4,4,4,4,3,3,3,3,3,4,3,3,3,3
28,1532,40,4,4,4,4,4,4,4,3,3,3,3,3,4,3,3,3,3
28,1533,40,4,4,4,4,4,4,4,3,3,3,3,3,4,3,3,3,3
28,1534,40,4,4,4,4,4,4,4,3,3,3,3,3,4,3,3,3,3
28,1535,40,4,4,4,4,4,4,4,3,3,3,3,3,4,3,3,3,3
28,1536,40,4,4,4,4,4,4,4,3,3,3,3,3,4,3,3,3,3
28,1537,40,4,4,4,4,4,4,4,3,3,3,3,3,4,3,3,3,3
28,1538,40,4,4,4,4,4,4,4,3,3,3,3,3,4,3,3,3,3
28,1539,40,4,4,4,4,4,4,4,3,3,3,3,3,4,3,3,3,3
28,1540,40,4,4,4,4,4,4,4,3,3,3,3,3,4,3,3,3,3
28,1541,40,4,4,4,4,4,4,4,3,3,3,3,3,4,3,3,3,3
28,1542,40,4,4,4,4,4,4,4,3,3,3,3,3,4,3,3,3,3
28,1543,40,4,4,4,4,4,4,4,3,3,3,3,3,4,3,3,3,3
28,1544,40,4,4,4,4,4,4,4,3,3,3,3,3,4,3,3,3,3
28,1545,40,4,4,4,4,4,4,4,3,3,3,3,3,4,3,3,3,3
28,1546,40,4,4,4,4,4,4,4,3,3,3,3,3,4,3,3,3,3
28,1547,40,4,4,4,4,4,4,4,3,3,3,3,3,4,3,3,3,3
28,1548,40,4,4,4,4,4,4,4,3,3,3,3,3,4,3,3,3,3
28,1549,40,4,4,4,4,4,4,4,3,3,3,3,3,4,3,3,3,3
28,1550,40,4,4,4,4,4,4,4,3,3,3,3,3,4,3,3,3,3
28,1551,40,4,4,4,4,4,4,4,3,3,3,3,3,4,3,3,3,3
28,1552,40,4,4,4,4,4,4,4,3,3,3,3,3,4,3,3,3,3
28,1553,40,4,4,4,4,4,4,4,3,3,3,3,3,4,3,3,3,3
28,1554,40,4,4,4,4,4,4,4,3,3,3,3,3,4,3,3,3,3
28,1555,40,4,4,4,4,4,4,4,3,3,3,3,3,4,3,3,3,3
28,1556,40,4,4,4,4,4,4,4,3,3,3,3,3,4,3,3,3,3
28,1557,40,4,4,4,4,4,4,4,3,3,3,3,3,4,3,3,3,3
28,1558,40,4,4,4,4,4,4,4,3,3,3,3,3,4,3,3,3,3
28,1559,40,4,4,4,4,4,4,4,3,3,3,3,3,4,3,3,3,3
28,1560,40,4,4,4,4,4,4,4,3,3,3,3,3,4,3,3,3,3
28,1561,40,4,4,4,4,4,4,4,3,3,3,3,3,4,3,3,3,3
28,1562,41,9,9,9,9,9,9,9,9,9,9,9,9,5,9,9,9,9
28,1563,41,9,9,9,9,9,9,9,9,9,9,9,9,5,9,9,9,9
28,1564,41,9,9,9,9,9,9,9,9,9,9,9,9,5,9,9,9,9
28,1565,41,9,9,9,9,9,9,9,9,9,9,9,9,5,9,9,9,9
28,1566,41,9,9,9,9,9,9,9,9,9,9,9,9,5,9,9,9,9
28,1567,41,9,9,9,9,9,9,9,9,9,9,9,9,5,9,9,9,9
28,1568,41,9,9,9,9,9,9,9,9,9,9,9,9,5,9,9,9,9
28,1569,41,9,9,9,9,9,9,9,9,9,9,9,9,5,9,9,9,9
28,1570,41,9,9,9,9,9,9,9,9,9,9,9,9,5,9,9,9,9
28,1571,41,9,9,9,9,9,9,9,9,9,9,9,9,5,9,9,9,9
28,1572,41,9,9,9,9,9,9,9,9,9,9,9,9,5,9,9,9,9
28,1573,41,9,9,9,9,9,9,9,9,9,9,9,9,5,9,9,9,9
28,1574,41,9,9,9,9,9,9,9,9,9,9,9,9,5,9,9,9,9
28,1575,41,9,9,9,9,9,9,9,9,9,9,9,9,5,9,9,9,9
28,1576,41,9,9,9,9,9,9,9,9,9,9,9,9,5,9,9,9,9
28,1577,41,9,9,9,9,9,9,9,9,9,9,9,9,5,9,9,9,9
28,1578,41,9,9,9,9,9,9,9,9,9,9,9,9,5,9,9,9,9
28,1579,41,9,9,9,9,9,9,9,9,9,9,9,9,5,9,9,9,9
28,1580,41,9,9,9,9,9,9,9,9,9,9,9,9,5,9,9,9,9
28,1581,41,9,9,9,9,9,9,9,9,9,9,9,9,5,9,9,9,9
28,1582,41,9,9,9,9,9,9,9,9,9,9,9,9,5,9,9,9,9
28,1583,41,9,9,9,9,9,9,9,9,9,9,9,9,5,9,9,9,9
28,1584,41,9,9,9,9,9,9,9,9,9,9,9,9,5,9,9,9,9
28,1585,41,9,9,9,9,9,9,9,9,9,9,9,9,5,9,9,9,9
28,1586,41,9,9,9,9,9,9,9,9,9,9,9,9,5,9,9,9,9
28,1587,41,9,9,9,9,9,9,9,9,9,9,9,9,5,9,9,9,9
28,1588,41,9,9,9,9,9,9,9,9,9,9,9,9,5,9,9,9,9
28,1589,41,9,9,9,9,9,9,9,9,9,9,9,9,5,9,9,9,9
28,1590,41,9,9,9,9,9,9,9,9,9,9,9,9,5,9,9,9,9
28,1591,41,9,9,9,9,9,9,9,9,9,9,9,9,5,9,9,9,9
28,1592,41,9,9,9,9,9,9,9,9,9,9,9,9,5,9,9,9,9
28,1593,41,9,9,9,9,9,9,9,9,9,9,9,9,5,9,9,9,9
28,1594,41,9,9,9,9,9,9,9,9,9,9,9,9,5,9,9,9,9
28,1595,41,9,9,9,9,9,9,9,9,9,9,9,9,5,9,9,9,9
28,1596,41,9,9,9,9,9,9,9,9,9,9,9,9,5,9,9,9,9
28,1597,41,9,9,9,9,9,9,9,9,9,9,9,9,5,9,9,9,9
28,1598,41,9,9,9,9,9,9,9,9,9,9,9,9,5,9,9,9,9
28,1599,41,9,9,9,9,9,9,9,9,9,9,9,9,5,9,9,9,9
28,1600,41,9,9,9,9,9,9,9,9,9,9,9,9,5,9,9,9,9
28,1601,41,9,9,9,9,9,9,9,9,9,9,9,9,5,9,9,9,9
28,1602,41,9,9,9,9,9,9,9,9,9,9,9,9,5,9,9,9,9
28,1603,41,9,9,9,9,9,9,9,9,9,9,9,9,5,9,9,9,9
28,1604,41,9,9,9,9,9,9,9,9,9,9,9,9,5,9,9,9,9
28,1605,41,9,9,9,9,9,9,9,9,9,9,9,9,5,9,9,9,9
28,1606,41,9,9,9,9,9,9,9,9,9,9,9,9,5,9,9,9,9
28,1607,41,9,9,9,9,9,9,9,9,9,9,9,9,5,9,9,9,9
28,1608,41,9,9,9,9,9,9,9,9,9,9,9,9,5,9,9,9,9
28,1609,41,9,9,9,9,9,9,9,9,9,9,9,9,5,9,9,9,9
28,1610,41,9,9,9,9,9,9,9,9,9,9,9,9,5,9,9,9,9
28,1611,41,9,9,9,9,9,9,9,9,9,9,9,9,5,9,9,9,9
28,1612,41,9,9,9,9,9,9,9,9,9,9,9,9,5,9,9,9,9
28,1613,41,9,9,9,9,9,9,9,9,9,9,9,9,5,9,9,9,9
28,1614,41,9,9,9,9,9,9,9,9,9,9,9,9,5,9,9,9,9
28,1615,41,9,9,9,9,9,9,9,9,9,9,9,9,5,9,9,9,9
28,1616,41,9,9,9,9,9,9,9,9,9,9,9,9,5,9,9,9,9
28,1617,41,9,9,9,9,9,9,9,9,9,9,9,9,5,9,9,9,9
28,1618,41,9,9,9,9,9,9,9,9,9,9,9,9,5,9,9,9,9
28,1619,41,9,9,9,9,9,9,9,9,9,9,9,9,5,9,9,9,9
28,1620,41,9,9,9,9,9,9,9,9,9,9,9,9,5,9,9,9,9
28,1621,41,9,9,9,9,9,9,9,9,9,9,9,9,5,9,9,9,9
28,1622,41,9,9,9,9,9,9,9,9,9,9,9,9,5,9,9,9,9
28,1623,41,9,9,9,9,9,9,9,9,9,9,9,9,5,9,9,9,9
28,1624,41,9,9,9,9,9,9,9,9,9,9,9,9,5,9,9,9,9
28,1625,41,9,9,9,9,9,9,9,9,9,9,9,9,5,9,9,9,9
28,1626,41,9,9,9,9,9,9,9,9,9,9,9,9,5,9,9,9,9
28,1627,41,9,9,9,9,9,9,9,9,9,9,9,9,5,9,9,9,9
28,1628,41,9,9,9,9,9,9,9,9,9,9,9,9,5,9,9,9,9
28,1629,41,9,9,9,9,9,9,9,9,9,9,9,9,5,9,9,9,9
28,1630,41,9,9,9,9,9,9,9,9,9,9,9,9,5,9,9,9,9
28,1631,41,9,9,9,9,9,9,9,9,9,9,9,9,5,9,9,9,9
28,1632,41,9,9,9,9,9,9,9,9,9,9,9,9,5,9,9,9,9
28,1633,41,9,9,9,9,9,9,9,9,9,9,9,9,5,9,9,9,9
28,1634,41,9,9,9,9,9,9,9,9,9,9,9,9,5,9,9,9,9
28,1635,41,9,9,9,9,9,9,9,9,9,9,9,9,5,9,9,9,9
28,1636,41,9,9,9,9,9,9,9,9,9,9,9,9,5,9,9,9,9
28,1637,41,9,9,9,9,9,9,9,9,9,9,9,9,5,9,9,9,9
28,1638,41,9,9,9,9,9,9,9,9,9,9,9,9,5,9,9,9,9
28,1639,41,9,9,9,9,9,9,9,9,9,9,9,9,5,9,9,9,9
28,1640,41,9,9,9,9,9,9,9,9,9,9,9,9,5,9,9,9,9
28,1641,41,9,9,9,9,9,9,9,9,9,9,9,9,5,9,9,9,9
28,1642,41,9,9,9,9,9,9,9,9,9,9,9,9,5,9,9,9,9
28,1643,41,9,9,9,9,9,9,9,9,9,9,9,9,5,9,9,9,9
28,1644,41,9,9,9,9,9,9,9,9,9,9,9,9,5,9,9,9,9
28,1645,41,9,9,9,9,9,9,9,9,9,9,9,9,5,9,9,9,9
28,1646,41,9,9,9,9,9,9,9,9,9,9,9,9,5,9,9,9,9
28,1647,41,9,9,9,9,9,9,9,9,9,9,9,9,5,9,9,9,9
28,1648,41,9,9,9,9,9,9,9,9,9,9,9,9,5,9,9,9,9
28,1649,41,9,9,9,9,9,9,9,9,9,9,9,9,5,9,9,9,9
28,1650,41,9,9,9,9,9,9,9,9,9,9,9,9,5,9,9,9,9
28,1651,41,9,9,9,9,9,9,9,9,9,9,9,9,5,9,9,9,9
28,1652,41,9,9,9,9,9,9,9,9,9,9,9,9,5,9,9,9,9
28,1653,41,9,9,9,9,9,9,9,9,9,9,9,9,5,9,9,9,9
28,1654,41,9,9,9,9,9,9,9,9,9,9,9,9,5,9,9,9,9
28,1655,41,9,9,9,9,9,9,9,9,9,9,9,9,5,9,9,9,9
28,1656,41,9,9,9,9,9,9,9,9,9,9,9,9,5,9,9,9,9
28,1657,41,9,9,9,9,9,9,9,9,9,9,9,9,5,9,9,9,9
28,1658,41,9,9,9,9,9,9,9,9,9,9,9,9,5,9,9,9,9
28,1659,41,9,9,9,9,9,9,9,9,9,9,9,9,5,9,9,9,9
28,1660,41,9,9,9,9,9,9,9,9,9,9,9,9,5,9,9,9,9
28,1661,41,9,9,9,9,9,9,9,9,9,9,9,9,5,9,9,9,9
28,1662,41,9,9,9,9,9,9,9,9,9,9,9,9,5,9,9,9,9
28,1663,41,9,9,9,9,9,9,9,9,9,9,9,9,5,9,9,9,9
28,1664,41,9,9,9,9,9,9,9,9,9,9,9,9,5,9,9,9,9
28,1665,41,9,9,9,9,9,9,9,9,9,9,9,9,5,9,9,9,9
28,1666,41,9,9,9,9,9,9,9,9,9,9,9,9,5,9,9,9,9
28,1667,41,9,9,9,9,9,9,9,9,9,9,9,9,5,9,9,9,9
28,1668,41,9,9,9,9,9,9,9,9,9,9,9,9,5,9,9,9,9
28,1669,41,9,9,9,9,9,9,9,9,9,9,9,9,5,9,9,9,9
28,1670,41,9,9,9,9,9,9,9,9,9,9,9,9,5,9,9,9,9
28,1671,41,9,9,9,9,9,9,9,9,9,9,9,9,5,9,9,9,9
28,1672,41,9,9,9,9,9,9,9,9,9,9,9,9,5,9,9,9,9
28,1673,41,9,9,9,9,9,9,9,9,9,9,9,9,5,9,9,9,9
28,1674,41,9,9,9,9,9,9,9,9,9,9,9,9,5,9,9,9,9
28,1675,41,9,9,9,9,9,9,9,9,9,9,9,9,5,9,9,9,9
28,1676,41,9,9,9,9,9,9,9,9,9,9,9,9,5,9,9,9,9
28,1677,41,9,9,9,9,9,9,9,9,9,9,9,9,5,9,9,9,9
28,1678,41,9,9,9,9,9,9,9,9,9,9,9,9,5,9,9,9,9
28,1679,41,9,9,9,9,9,9,9,9,9,9,9,9,5,9,9,9,9
28,1680,41,9,9,9,9,9,9,9,9,9,9,9,9,5,9,9,9,9
28,1681,41,9,9,9,9,9,9,9,9,9,9,9,9,5,9,9,9,9
28,1682,41,9,9,9,9,9,9,9,9,9,9,9,9,5,9,9,9,9
28,1683,41,9,9,9,9,9,9,9,9,9,9,9,9,5,9,9,9,9
28,1684,41,9,9,9,9,9,9,9,9,9,9,9,9,5,9,9,9,9
28,1685,41,9,9,9,9,9,9,9,9,9,9,9,9,5,9,9,9,9
28,1686,41,9,9,9,9,9,9,9,9,9,9,9,9,5,9,9,9,9
28,1687,41,9,9,9,9,9,9,9,9,9,9,9,9,5,9,9,9,9
28,1688,41,9,9,9,9,9,9,9,9,9,9,9,9,5,9,9,9,9
28,1689,41,9,9,9,9,9,9,9,9,9,9,9,9,5,9,9,9,9
28,1690,41,9,9,9,9,9,9,9,9,9,9,9,9,5,9,9,9,9
28,1691,41,9,9,9,9,9,9,9,9,9,9,9,9,5,9,9,9,9
28,1692,41,9,9,9,9,9,9,9,9,9,9,9,9,5,9,9,9,9
28,1693,41,9,9,9,9,9,9,9,9,9,9,9,9,5,9,9,9,9
28,1694,41,9,9,9,9,9,9,9,9,9,9,9,9,5,9,9,9,9
28,1695,41,9,9,9,9,9,9,9,9,9,9,9,9,5,9,9,9,9
28,1696,41,9,9,9,9,9,9,9,9,9,9,9,9,5,9,9,9,9
28,1697,41,9,9,9,9,9,9,9,9,9,9,9,9,5,9,9,9,9
28,1698,41,9,9,9,9,9,9,9,9,9,9,9,9,5,9,9,9,9
28,1699,41,9,9,9,9,9,9,9,9,9,9,9,9,5,9,9,9,9
28,1700,41,9,9,9,9,9,9,9,9,9,9,9,9,5,9,9,9,9
28,1701,41,9,9,9,9,9,9,9,9,9,9,9,9,5,9,9,9,9
28,1702,41,9,9,9,9,9,9,9,9,9,9,9,9,5,9,9,9,9
28,1703,41,9,9,9,9,9,9,9,9,9,9,9,9,5,9,9,9,9
28,1704,41,9,9,9,9,9,9,9,9,9,9,9,9,5,9,9,9,9
28,1705,41,9,9,9,9,9,9,9,9,9,9,9,9,5,9,9,9,9
28,1706,41,9,9,9,9,9,9,9,9,9,9,9,9,5,9,9,9,9
28,1707,41,9,9,9,9,9,9,9,9,9,9,9,9,5,9,9,9,9
28,1708,41,9,9,9,9,9,9,9,9,9,9,9,9,5,9,9,9,9
28,1709,41,9,9,9,9,9,9,9,9,9,9,9,9,5,9,9,9,9
28,1710,41,9,9,9,9,9,9,9,9,9,9,9,9,5,9,9,9,9
28,1711,41,9,9,9,9,9,9,9,9,9,9,9,9,5,9,9,9,9
28,1712,42,1,9,9,9,9,9,1,9,9,9,9,9,1,9,9,9,9
28,1713,42,1,9,9,9,9,9,1,9,9,9,9,9,1,9,9,9,9
28,1714,42,1,9,9,9,9,9,1,9,9,9,9,9,1,9,9,9,9
28,1715,42,1,9,9,9,9,9,1,9,9,9,9,9,1,9,9,9,9
28,1716,42,1,9,9,9,9,9,1,9,9,9,9,9,1,9,9,9,9
28,1717,42,1,9,9,9,9,9,1,9,9,9,9,9,1,9,9,9,9
28,1718,42,1,9,9,9,9,9,1,9,9,9,9,9,1,9,9,9,9
28,1719,43,1,1,1,1,1,1,1,1,1,1,1,1,1,1,1,1,1
28,1720,43,1,1,1,1,1,1,1,1,1,1,1,1,1,1,1,1,1
28,1721,43,1,1,1,1,1,1,1,1,1,1,1,1,1,1,1,1,1
28,1722,43,1,1,1,1,1,1,1,1,1,1,1,1,1,1,1,1,1
28,1723,43,1,1,1,1,1,1,1,1,1,1,1,1,1,1,1,1,1
28,1724,43,1,1,1,1,1,1,1,1,1,1,1,1,1,1,1,1,1
28,1725,43,1,1,1,1,1,1,1,1,1,1,1,1,1,1,1,1,1
28,1726,43,1,1,1,1,1,1,1,1,1,1,1,1,1,1,1,1,1
28,1727,43,1,1,1,1,1,1,1,1,1,1,1,1,1,1,1,1,1
28,1728,43,1,1,1,1,1,1,1,1,1,1,1,1,1,1,1,1,1
28,1729,43,1,1,1,1,1,1,1,1,1,1,1,1,1,1,1,1,1
28,1730,43,1,1,1,1,1,1,1,1,1,1,1,1,1,1,1,1,1
28,1731,43,1,1,1,1,1,1,1,1,1,1,1,1,1,1,1,1,1
28,1732,43,1,1,1,1,1,1,1,1,1,1,1,1,1,1,1,1,1
28,1733,43,1,1,1,1,1,1,1,1,1,1,1,1,1,1,1,1,1
28,1734,43,1,1,1,1,1,1,1,1,1,1,1,1,1,1,1,1,1
28,1735,43,1,1,1,1,1,1,1,1,1,1,1,1,1,1,1,1,1
28,1736,43,1,1,1,1,1,1,1,1,1,1,1,1,1,1,1,1,1
28,1737,43,1,1,1,1,1,1,1,1,1,1,1,1,1,1,1,1,1
28,1738,43,1,1,1,1,1,1,1,1,1,1,1,1,1,1,1,1,1
28,1739,43,1,1,1,1,1,1,1,1,1,1,1,1,1,1,1,1,1
28,1740,32,8,8,8,8,8,8,8,8,8,8,8,8,9,8,8,8,8
28,1741,32,8,8,8,8,8,8,8,8,8,8,8,8,9,8,8,8,8
28,1742,32,8,8,8,8,8,8,8,8,8,8,8,8,9,8,8,8,8
28,1743,32,8,8,8,8,8,8,8,8,8,8,8,8,9,8,8,8,8
28,1744,32,8,8,8,8,8,8,8,8,8,8,8,8,9,8,8,8,8
28,1745,32,8,8,8,8,8,8,8,8,8,8,8,8,9,8,8,8,8
28,1746,32,8,8,8,8,8,8,8,8,8,8,8,8,9,8,8,8,8
28,1747,32,8,8,8,8,8,8,8,8,8,8,8,8,9,8,8,8,8
28,1748,32,8,8,8,8,8,8,8,8,8,8,8,8,9,8,8,8,8
28,1749,32,8,8,8,8,8,8,8,8,8,8,8,8,9,8,8,8,8
28,1750,32,8,8,8,8,8,8,8,8,8,8,8,8,9,8,8,8,8
28,1751,32,8,8,8,8,8,8,8,8,8,8,8,8,9,8,8,8,8
28,1752,32,8,8,8,8,8,8,8,8,8,8,8,8,9,8,8,8,8
28,1753,32,8,8,8,8,8,8,8,8,8,8,8,8,9,8,8,8,8
28,1754,32,8,8,8,8,8,8,8,8,8,8,8,8,9,8,8,8,8
28,1755,32,8,8,8,8,8,8,8,8,8,8,8,8,9,8,8,8,8
28,1756,32,8,8,8,8,8,8,8,8,8,8,8,8,9,8,8,8,8
28,1757,32,8,8,8,8,8,8,8,8,8,8,8,8,9,8,8,8,8
28,1758,32,8,8,8,8,8,8,8,8,8,8,8,8,9,8,8,8,8
28,1759,32,8,8,8,8,8,8,8,8,8,8,8,8,9,8,8,8,8
28,1760,32,8,8,8,8,8,8,8,8,8,8,8,8,9,8,8,8,8
28,1761,32,8,8,8,8,8,8,8,8,8,8,8,8,9,8,8,8,8
28,1762,32,8,8,8,8,8,8,8,8,8,8,8,8,9,8,8,8,8
28,1763,32,8,8,8,8,8,8,8,8,8,8,8,8,9,8,8,8,8
28,1764,32,8,8,8,8,8,8,8,8,8,8,8,8,9,8,8,8,8
28,1765,32,8,8,8,8,8,8,8,8,8,8,8,8,9,8,8,8,8
28,1766,32,8,8,8,8,8,8,8,8,8,8,8,8,9,8,8,8,8
28,1767,32,8,8,8,8,8,8,8,8,8,8,8,8,9,8,8,8,8
28,1768,32,8,8,8,8,8,8,8,8,8,8,8,8,9,8,8,8,8
28,1769,32,8,8,8,8,8,8,8,8,8,8,8,8,9,8,8,8,8
28,1770,32,8,8,8,8,8,8,8,8,8,8,8,8,9,8,8,8,8
28,1771,32,8,8,8,8,8,8,8,8,8,8,8,8,9,8,8,8,8
28,1772,32,8,8,8,8,8,8,8,8,8,8,8,8,9,8,8,8,8
28,1773,32,8,8,8,8,8,8,8,8,8,8,8,8,9,8,8,8,8
28,1774,32,8,8,8,8,8,8,8,8,8,8,8,8,9,8,8,8,8
28,1775,32,8,8,8,8,8,8,8,8,8,8,8,8,9,8,8,8,8
28,1776,32,7,7,7,7,7,7,7,7,7,7,7,7,8,7,7,7,7
28,1777,32,7,7,7,7,7,7,7,7,7,7,7,7,8,7,7,7,7
28,1778,32,7,7,7,7,7,7,7,7,7,7,7,7,8,7,7,7,7
28,1779,32,7,7,7,7,7,7,7,7,7,7,7,7,8,7,7,7,7
28,1780,32,7,7,7,7,7,7,7,7,7,7,7,7,8,7,7,7,7
28,1781,32,7,7,7,7,7,7,7,7,7,7,7,7,8,7,7,7,7
28,1782,32,7,7,7,7,7,7,7,7,7,7,7,7,8,7,7,7,7
28,1783,32,7,7,7,7,7,7,7,7,7,7,7,7,8,7,7,7,7
28,1784,32,7,7,7,7,7,7,7,7,7,7,7,7,8,7,7,7,7
28,1785,32,7,7,7,7,7,7,7,7,7,7,7,7,8,7,7,7,7
28,1786,32,7,7,7,7,7,7,7,7,7,7,7,7,8,7,7,7,7
28,1787,32,7,7,7,7,7,7,7,7,7,7,7,7,8,7,7,7,7
28,1788,32,7,7,7,7,7,7,7,7,7,7,7,7,8,7,7,7,7
28,1789,32,7,7,7,7,7,7,7,7,7,7,7,7,8,7,7,7,7
28,1790,32,7,7,7,7,7,7,7,7,7,7,7,7,8,7,7,7,7
28,1791,32,7,7,7,7,7,7,7,7,7,7,7,7,8,7,7,7,7
28,1792,32,8,8,8,8,8,8,8,8,8,8,8,8,9,8,8,8,8
28,1793,32,8,8,8,8,8,8,8,8,8,8,8,8,9,8,8,8,8
28,1794,32,8,8,8,8,8,8,8,8,8,8,8,8,9,8,8,8,8
28,1795,32,8,8,8,8,8,8,8,8,8,8,8,8,9,8,8,8,8
28,1796,32,8,8,8,8,8,8,8,8,8,8,8,8,9,8,8,8,8
28,1797,32,8,8,8,8,8,8,8,8,8,8,8,8,9,8,8,8,8
28,1798,32,8,8,8,8,8,8,8,8,8,8,8,8,9,8,8,8,8
28,1799,32,8,8,8,8,8,8,8,8,8,8,8,8,9,8,8,8,8
28,1800,32,8,8,8,8,8,8,8,8,8,8,8,8,9,8,8,8,8
28,1801,32,8,8,8,8,8,8,8,8,8,8,8,8,9,8,8,8,8
28,1802,32,8,8,8,8,8,8,8,8,8,8,8,8,9,8,8,8,8
28,1803,32,8,8,8,8,8,8,8,8,8,8,8,8,9,8,8,8,8
28,1804,32,8,8,8,8,8,8,8,8,8,8,8,8,9,8,8,8,8
28,1805,32,8,8,8,8,8,8,8,8,8,8,8,8,9,8,8,8,8
28,1806,32,8,8,8,8,8,8,8,8,8,8,8,8,9,8,8,8,8
28,1807,32,8,8,8,8,8,8,8,8,8,8,8,8,9,8,8,8,8
28,1808,32,8,8,8,8,8,8,8,8,8,8,8,8,9,8,8,8,8
28,1809,32,8,8,8,8,8,8,8,8,8,8,8,8,9,8,8,8,8
28,1810,32,8,8,8,8,8,8,8,8,8,8,8,8,9,8,8,8,8
28,1811,32,8,8,8,8,8,8,8,8,8,8,8,8,9,8,8,8,8
28,1812,32,8,8,8,8,8,8,8,8,8,8,8,8,9,8,8,8,8
28,1813,32,8,8,8,8,8,8,8,8,8,8,8,8,9,8,8,8,8
28,1814,32,8,8,8,8,8,8,8,8,8,8,8,8,9,8,8,8,8
28,1815,32,8,8,8,8,8,8,8,8,8,8,8,8,9,8,8,8,8
28,1816,32,8,8,8,8,8,8,8,8,8,8,8,8,9,8,8,8,8
28,1817,32,8,8,8,8,8,8,8,8,8,8,8,8,9,8,8,8,8
28,1818,27,6,6,6,6,6,6,6,6,6,6,6,6,7,6,6,6,6
28,1819,27,6,6,6,6,6,6,6,6,6,6,6,6,7,6,6,6,6
28,1820,27,6,6,6,6,6,6,6,6,6,6,6,6,7,6,6,6,6
28,1821,27,6,6,6,6,6,6,6,6,6,6,6,6,7,6,6,6,6
28,1822,27,6,6,6,6,6,6,6,6,6,6,6,6,7,6,6,6,6
28,1823,27,6,6,6,6,6,6,6,6,6,6,6,6,7,6,6,6,6
28,1824,27,6,6,6,6,6,6,6,6,6,6,6,6,7,6,6,6,6
28,1825,27,6,6,6,6,6,6,6,6,6,6,6,6,7,6,6,6,6
28,1826,27,6,6,6,6,6,6,6,6,6,6,6,6,7,6,6,6,6
28,1827,27,6,6,6,6,6,6,6,6,6,6,6,6,7,6,6,6,6
28,1828,27,6,6,6,6,6,6,6,6,6,6,6,6,7,6,6,6,6
28,1829,27,6,6,6,6,6,6,6,6,6,6,6,6,7,6,6,6,6
28,1830,27,6,6,6,6,6,6,6,6,6,6,6,6,7,6,6,6,6
28,1831,27,6,6,6,6,6,6,6,6,6,6,6,6,7,6,6,6,6
28,1832,27,6,6,6,6,6,6,6,6,6,6,6,6,7,6,6,6,6
28,1833,27,6,6,6,6,6,6,6,6,6,6,6,6,7,6,6,6,6
28,1834,27,6,6,6,6,6,6,6,6,6,6,6,6,7,6,6,6,6
28,1835,27,6,6,6,6,6,6,6,6,6,6,6,6,7,6,6,6,6
28,1836,27,6,6,6,6,6,6,6,6,6,6,6,6,7,6,6,6,6
28,1837,27,6,6,6,6,6,6,6,6,6,6,6,6,7,6,6,6,6
28,1838,27,6,6,6,6,6,6,6,6,6,6,6,6,7,6,6,6,6
28,1839,27,6,6,6,6,6,6,6,6,6,6,6,6,7,6,6,6,6
28,1840,27,6,6,6,6,6,6,6,6,6,6,6,6,7,6,6,6,6
28,1841,27,6,6,6,6,6,6,6,6,6,6,6,6,7,6,6,6,6
28,1842,27,6,6,6,6,6,6,6,6,6,6,6,6,7,6,6,6,6
28,1843,27,6,6,6,6,6,6,6,6,6,6,6,6,7,6,6,6,6
28,1844,27,6,6,6,6,6,6,6,6,6,6,6,6,7,6,6,6,6
28,1845,27,6,6,6,6,6,6,6,6,6,6,6,6,7,6,6,6,6
28,1846,27,6,6,6,6,6,6,6,6,6,6,6,6,7,6,6,6,6
28,1847,27,6,6,6,6,6,6,6,6,6,6,6,6,7,6,6,6,6
28,1848,27,6,6,6,6,6,6,6,6,6,6,6,6,7,6,6,6,6
28,1849,27,6,6,6,6,6,6,6,6,6,6,6,6,7,6,6,6,6
28,1850,27,6,6,6,6,6,6,6,6,6,6,6,6,7,6,6,6,6
28,1851,27,6,6,6,6,6,6,6,6,6,6,6,6,7,6,6,6,6
28,1852,32,8,7,7,7,7,7,8,8,8,8,8,8,9,8,8,8,8
28,1853,32,8,7,7,7,7,7,8,8,8,8,8,8,9,8,8,8,8
28,1854,32,8,7,7,7,7,7,8,8,8,8,8,8,9,8,8,8,8
28,1855,32,8,8,8,8,8,8,8,8,8,8,8,8,9,8,8,8,8
28,1856,32,8,8,8,8,8,8,8,8,8,8,8,8,9,8,8,8,8
28,1857,32,8,8,8,8,8,8,8,8,8,8,8,8,9,8,8,8,8
28,1858,32,8,8,8,8,8,8,8,8,8,8,8,8,9,8,8,8,8
28,1859,32,8,7,7,7,7,7,8,8,8,8,8,8,9,8,8,8,8
28,1860,32,8,8,8,8,8,8,8,8,8,8,8,8,9,8,8,8,8
28,1861,32,8,8,8,8,8,8,8,8,8,8,8,8,9,8,8,8,8
28,1862,32,8,8,8,8,8,8,8,8,8,8,8,8,9,8,8,8,8
28,1863,32,8,8,8,8,8,8,8,8,8,8,8,8,9,8,8,8,8
28,1864,32,8,8,8,8,8,8,8,8,8,8,8,8,9,8,8,8,8
28,1865,32,8,8,8,8,8,8,8,8,8,8,8,8,9,8,8,8,8
28,1866,32,8,8,8,8,8,8,8,8,8,8,8,8,9,8,8,8,8
28,1867,32,8,8,8,8,8,8,8,8,8,8,8,8,9,8,8,8,8
28,1868,32,8,8,8,8,8,8,8,8,8,8,8,8,9,8,8,8,8
28,1869,32,8,8,8,8,8,8,8,8,8,8,8,8,9,8,8,8,8
28,1870,32,8,8,8,8,8,8,8,8,8,8,8,8,9,8,8,8,8
28,1871,32,8,8,8,8,8,8,8,8,8,8,8,8,9,8,8,8,8
28,1872,32,8,8,8,8,8,8,8,8,8,8,8,8,9,8,8,8,8
28,1873,32,8,8,8,8,8,8,8,8,8,8,8,8,9,8,8,8,8
28,1874,32,8,8,8,8,8,8,8,8,8,8,8,8,9,8,8,8,8
28,1875,32,8,8,8,8,8,8,8,8,8,8,8,8,9,8,8,8,8
28,1876,32,8,8,8,8,8,8,8,8,8,8,8,8,9,8,8,8,8
28,1877,32,8,8,8,8,8,8,8,8,8,8,8,8,9,8,8,8,8
28,1878,32,8,8,8,8,8,8,8,8,8,8,8,8,9,8,8,8,8
28,1879,32,8,8,8,8,8,8,8,8,8,8,8,8,9,8,8,8,8
28,1880,32,8,8,8,8,8,8,8,8,8,8,8,8,9,8,8,8,8
28,1881,32,8,8,8,8,8,8,8,8,8,8,8,8,9,8,8,8,8
28,1882,32,8,8,8,8,8,8,8,8,8,8,8,8,9,8,8,8,8
28,1883,32,8,8,8,8,8,8,8,8,8,8,8,8,9,8,8,8,8
28,1884,32,8,8,8,8,8,8,8,8,8,8,8,8,9,8,8,8,8
28,1885,32,8,8,8,8,8,8,8,8,8,8,8,8,9,8,8,8,8
28,1886,32,8,8,8,8,8,8,8,8,8,8,8,8,9,8,8,8,8
28,1887,32,8,8,8,8,8,8,8,8,8,8,8,8,9,8,8,8,8
28,1888,32,8,8,8,8,8,8,8,8,8,8,8,8,9,8,8,8,8
28,1889,32,8,8,8,8,8,8,8,8,8,8,8,8,9,8,8,8,8
28,1890,32,8,8,8,8,8,8,8,8,8,8,8,8,9,8,8,8,8
28,1891,32,8,8,8,8,8,8,8,8,8,8,8,8,9,8,8,8,8
28,1892,32,8,8,8,8,8,8,8,8,8,8,8,8,9,8,8,8,8
28,1893,32,8,8,8,8,8,8,8,8,8,8,8,8,9,8,8,8,8
28,1894,32,8,8,8,8,8,8,8,8,8,8,8,8,9,8,8,8,8
28,1895,32,8,8,8,8,8,8,8,8,8,8,8,8,9,8,8,8,8
28,1896,32,8,8,8,8,8,8,8,8,8,8,8,8,9,8,8,8,8
28,1897,32,8,8,8,8,8,8,8,8,8,8,8,8,9,8,8,8,8
28,1898,32,8,8,8,8,8,8,8,8,8,8,8,8,9,8,8,8,8
28,1899,32,8,8,8,8,8,8,8,8,8,8,8,8,9,8,8,8,8
28,1900,32,8,8,8,8,8,8,8,8,8,8,8,8,9,8,8,8,8
28,1901,32,8,8,8,8,8,8,8,8,8,8,8,8,9,8,8,8,8
28,1902,32,8,8,8,8,8,8,8,8,8,8,8,8,9,8,8,8,8
28,1903,32,8,8,8,8,8,8,8,8,8,8,8,8,9,8,8,8,8
28,1904,32,8,8,8,8,8,8,8,8,8,8,8,8,9,8,8,8,8
28,1905,32,8,8,8,8,8,8,8,8,8,8,8,8,9,8,8,8,8
28,1906,32,8,8,8,8,8,8,8,8,8,8,8,8,9,8,8,8,8
28,1907,32,8,8,8,8,8,8,8,8,8,8,8,8,9,8,8,8,8
28,1908,32,8,8,8,8,8,8,8,8,8,8,8,8,9,8,8,8,8
28,1909,32,8,8,8,8,8,8,8,8,8,8,8,8,9,8,8,8,8
28,1910,32,8,8,8,8,8,8,8,8,8,8,8,8,9,8,8,8,8
28,1911,32,8,8,8,8,8,8,8,8,8,8,8,8,9,8,8,8,8
28,1912,32,8,8,8,8,8,8,8,8,8,8,8,8,9,8,8,8,8
28,1913,32,8,8,8,8,8,8,8,8,8,8,8,8,9,8,8,8,8
28,1914,32,8,8,8,8,8,8,8,8,8,8,8,8,9,8,8,8,8
28,1915,32,8,8,8,8,8,8,8,8,8,8,8,8,9,8,8,8,8
28,1916,32,8,8,8,8,8,8,8,8,8,8,8,8,9,8,8,8,8
28,1917,32,8,8,8,8,8,8,8,8,8,8,8,8,9,8,8,8,8
28,1918,32,8,8,8,8,8,8,8,8,8,8,8,8,9,8,8,8,8
28,1919,32,8,8,8,8,8,8,8,8,8,8,8,8,9,8,8,8,8
28,1920,32,8,8,8,8,8,8,8,8,8,8,8,8,9,8,8,8,8
28,1921,32,8,8,8,8,8,8,8,8,8,8,8,8,9,8,8,8,8
28,1922,32,8,8,8,8,8,8,8,8,8,8,8,8,9,8,8,8,8
28,1923,32,8,8,8,8,8,8,8,8,8,8,8,8,9,8,8,8,8
28,1924,32,8,8,8,8,8,8,8,8,8,8,8,8,9,8,8,8,8
28,1925,32,8,8,8,8,8,8,8,8,8,8,8,8,9,8,8,8,8
28,1926,32,8,8,8,8,8,8,8,8,8,8,8,8,9,8,8,8,8
28,1927,32,8,8,8,8,8,8,8,8,8,8,8,8,9,8,8,8,8
28,1928,32,8,8,8,8,8,8,8,8,8,8,8,8,9,8,8,8,8
28,1929,32,8,8,8,8,8,8,8,8,8,8,8,8,9,8,8,8,8
28,1930,32,8,8,8,8,8,8,8,8,8,8,8,8,9,8,8,8,8
28,1931,32,8,8,8,8,8,8,8,8,8,8,8,8,9,8,8,8,8
28,1932,32,8,8,8,8,8,8,8,8,8,8,8,8,9,8,8,8,8
28,1933,32,8,8,8,8,8,8,8,8,8,8,8,8,9,8,8,8,8
28,1934,32,8,8,8,8,8,8,8,8,8,8,8,8,9,8,8,8,8
28,1935,32,8,8,8,8,8,8,8,8,8,8,8,8,9,8,8,8,8
28,1936,32,8,8,8,8,8,8,8,8,8,8,8,8,9,8,8,8,8
28,1937,32,8,8,8,8,8,8,8,8,8,8,8,8,9,8,8,8,8
28,1938,32,8,8,8,8,8,8,8,8,8,8,8,8,9,8,8,8,8
28,1939,32,8,8,8,8,8,8,8,8,8,8,8,8,9,8,8,8,8
28,1940,32,8,8,8,8,8,8,8,8,8,8,8,8,9,8,8,8,8
28,1941,32,7,7,7,7,7,7,7,7,7,7,7,7,8,7,7,7,7
28,1942,32,7,7,7,7,7,7,7,7,7,7,7,7,8,7,7,7,7
28,1943,32,7,7,7,7,7,7,7,7,7,7,7,7,8,7,7,7,7
28,1944,32,7,7,7,7,7,7,7,7,7,7,7,7,8,7,7,7,7
28,1945,32,7,7,7,7,7,7,7,7,7,7,7,7,8,7,7,7,7
28,1946,32,7,7,7,7,7,7,7,7,7,7,7,7,8,7,7,7,7
28,1947,32,7,7,7,7,7,7,7,7,7,7,7,7,8,7,7,7,7
28,1948,32,7,7,7,7,7,7,7,7,7,7,7,7,8,7,7,7,7
28,1949,32,7,7,7,7,7,7,7,7,7,7,7,7,8,7,7,7,7
28,1950,32,7,7,7,7,7,7,7,7,7,7,7,7,8,7,7,7,7
28,1951,32,7,7,7,7,7,7,7,7,7,7,7,7,8,7,7,7,7
28,1952,32,7,7,7,7,7,7,7,7,7,7,7,7,8,7,7,7,7
28,1953,32,7,7,7,7,7,7,7,7,7,7,7,7,8,7,7,7,7
28,1954,32,7,7,7,7,7,7,7,7,7,7,7,7,8,7,7,7,7
28,1955,32,7,7,7,7,7,7,7,7,7,7,7,7,8,7,7,7,7
28,1956,32,7,7,7,7,7,7,7,7,7,7,7,7,8,7,7,7,7
28,1957,32,7,7,7,7,7,7,7,7,7,7,7,7,8,7,7,7,7
28,1958,32,7,7,7,7,7,7,7,7,7,7,7,7,8,7,7,7,7
28,1959,32,7,7,7,7,7,7,7,7,7,7,7,7,8,7,7,7,7
28,1960,32,7,7,7,7,7,7,7,7,7,7,7,7,8,7,7,7,7
28,1961,32,7,7,7,7,7,7,7,7,7,7,7,7,8,7,7,7,7
28,1962,32,7,7,7,7,7,7,7,7,7,7,7,7,8,7,7,7,7
28,1963,32,7,7,7,7,7,7,7,7,7,7,7,7,8,7,7,7,7
28,1964,32,7,7,7,7,7,7,7,7,7,7,7,7,8,7,7,7,7
28,1965,32,7,7,7,7,7,7,7,7,7,7,7,7,8,7,7,7,7
28,1966,32,7,7,7,7,7,7,7,7,7,7,7,7,8,7,7,7,7
28,1967,32,7,7,7,7,7,7,7,7,7,7,7,7,8,7,7,7,7
28,1968,32,7,7,7,7,7,7,7,7,7,7,7,7,8,7,7,7,7
28,1969,32,7,7,7,7,7,7,7,7,7,7,7,7,8,7,7,7,7
28,1970,32,7,7,7,7,7,7,7,7,7,7,7,7,8,7,7,7,7
28,1971,32,7,7,7,7,7,7,7,7,7,7,7,7,8,7,7,7,7
28,1972,32,7,7,7,7,7,7,7,7,7,7,7,7,8,7,7,7,7
28,1973,32,7,7,7,7,7,7,7,7,7,7,7,7,8,7,7,7,7
28,1974,32,7,7,7,7,7,7,7,7,7,7,7,7,8,7,7,7,7
28,1975,32,7,7,7,7,7,7,7,7,7,7,7,7,8,7,7,7,7
28,1976,32,7,7,7,7,7,7,7,7,7,7,7,7,8,7,7,7,7
28,1977,32,7,7,7,7,7,7,7,7,7,7,7,7,8,7,7,7,7
28,1978,32,7,7,7,7,7,7,7,7,7,7,7,7,8,7,7,7,7
28,1979,27,6,6,6,6,6,6,6,6,6,6,6,6,7,6,6,6,6
28,1980,27,6,6,6,6,6,6,6,6,6,6,6,6,7,6,6,6,6
28,1981,27,6,6,6,6,6,6,6,6,6,6,6,6,7,6,6,6,6
28,1982,27,6,6,6,6,6,6,6,6,6,6,6,6,7,6,6,6,6
28,1983,27,6,6,6,6,6,6,6,6,6,6,6,6,7,6,6,6,6
28,1984,27,6,6,6,6,6,6,6,6,6,6,6,6,7,6,6,6,6
28,1985,27,6,6,6,6,6,6,6,6,6,6,6,6,7,6,6,6,6
28,1986,27,6,6,6,6,6,6,6,6,6,6,6,6,7,6,6,6,6
28,1987,27,6,6,6,6,6,6,6,6,6,6,6,6,7,6,6,6,6
28,1988,27,6,6,6,6,6,6,6,6,6,6,6,6,7,6,6,6,6
28,1989,27,6,6,6,6,6,6,6,6,6,6,6,6,7,6,6,6,6
28,1990,27,6,6,6,6,6,6,6,6,6,6,6,6,7,6,6,6,6
28,1991,27,6,6,6,6,6,6,6,6,6,6,6,6,7,6,6,6,6
28,1992,27,6,6,6,6,6,6,6,6,6,6,6,6,7,6,6,6,6
28,1993,27,6,6,6,6,6,6,6,6,6,6,6,6,7,6,6,6,6
28,1994,27,6,6,6,6,6,6,6,6,6,6,6,6,7,6,6,6,6
28,1995,27,6,6,6,6,6,6,6,6,6,6,6,6,7,6,6,6,6
28,1996,27,6,6,6,6,6,6,6,6,6,6,6,6,7,6,6,6,6
28,1997,22,5,4,4,4,4,4,5,3,3,3,3,3,4,3,3,3,3
28,1998,22,5,4,4,4,4,4,5,3,3,3,3,3,4,3,3,3,3
28,1999,22,5,4,4,4,4,4,5,3,3,3,3,3,6,3,3,3,3
28,2000,22,5,4,4,4,4,4,5,3,3,3,3,3,6,3,3,3,3
28,2001,22,5,4,4,4,4,4,5,5,5,5,5,5,6,5,5,5,5
28,2002,22,5,4,4,4,4,4,5,3,3,3,3,3,6,3,3,3,3
28,2003,22,5,4,4,4,4,4,5,3,3,3,3,3,4,3,3,3,3
28,2004,22,5,4,4,4,4,4,5,3,3,3,3,3,6,3,3,3,3
28,2005,22,5,4,4,4,4,4,5,3,3,3,3,3,6,3,3,3,3
28,2006,22,5,4,4,4,4,4,5,3,3,3,3,3,6,3,3,3,3
28,2007,22,5,4,4,4,4,4,5,3,3,3,3,3,6,3,3,3,3
28,2008,22,5,4,4,4,4,4,5,3,3,3,3,3,6,3,3,3,3
28,2009,22,5,4,4,4,4,4,5,3,3,3,3,3,6,3,3,3,3
28,2010,22,5,4,4,4,4,4,5,5,5,5,5,5,6,5,5,5,5
28,2011,3,2,2,2,2,2,2,2,2,2,2,2,2,2,2,2,2,2
28,2012,3,2,2,2,2,2,2,2,2,2,2,2,2,2,2,2,2,2
28,2013,3,3,3,3,3,3,3,3,2,2,2,2,2,3,2,2,2,2
28,2014,3,3,3,3,3,3,3,3,2,2,2,2,2,3,2,2,2,2
28,2015,3,2,2,2,2,2,2,2,2,2,2,2,2,2,2,2,2,2
28,2016,3,2,2,2,2,2,2,2,2,2,2,2,2,2,2,2,2,2
28,2017,3,2,2,2,2,2,2,2,2,2,2,2,2,2,2,2,2,2
28,2018,3,2,2,2,2,2,2,2,2,2,2,2,2,2,2,2,2,2
28,2019,3,3,3,3,3,3,3,3,2,2,2,2,2,2,2,2,2,2
28,2020,3,3,3,3,3,3,3,3,2,2,2,2,2,2,2,2,2,2
28,2021,3,3,3,3,3,3,3,3,2,2,2,2,2,2,2,2,2,2
28,2022,3,3,3,3,3,3,3,3,2,2,2,2,2,2,2,2,2,2
28,2023,3,3,3,3,3,3,3,3,2,2,2,2,2,3,2,2,2,2
28,2024,3,3,3,3,3,3,3,3,2,2,2,2,2,3,2,2,2,2
28,2025,3,3,3,3,3,3,3,3,2,2,2,2,2,2,2,2,2,2
28,2026,3,3,3,3,3,3,3,3,2,2,2,2,2,2,2,2,2,2
28,2027,3,3,3,3,3,3,3,3,2,2,2,2,2,2,2,2,2,2
28,2028,3,3,3,3,3,3,3,3,2,2,2,2,2,3,2,2,2,2
