{"entidad":20,"partes":[{"id":0,"nombre":"","tipologia":2,"primerdistrito":0,"distritos":23,"municipios":[{"id":1,"fraccion":1},{"id":2,"fraccion":1},{"id":3,"fraccion":0},{"id":4,"fraccion":0},{"id":5,"fraccion":1},{"id":6,"fraccion":0},{"id":7,"fraccion":1},{"id":8,"fraccion":0},{"id":9,"fraccion":0},{"id":10,"fraccion":0},{"id":11,"fraccion":1},{"id":12,"fraccion":1},{"id":13,"fraccion":1},{"id":14,"fraccion":0},{"id":15,"fraccion":1},{"id":17,"fraccion":0},{"id":16,"fraccion":1},{"id":19,"fraccion":0},{"id":18,"fraccion":0},{"id":21,"fraccion":0},{"id":20,"fraccion":0},{"id":23,"fraccion":1},{"id":22,"fraccion":0},{"id":25,"fraccion":1},{"id":24,"fraccion":1},{"id":27,"fraccion":0},{"id":26,"fraccion":0},{"id":29,"fraccion":1},{"id":28,"fraccion":1},{"id":31,"fraccion":0},{"id":30,"fraccion":1},{"id":34,"fraccion":1},{"id":35,"fraccion":1},{"id":32,"fraccion":0},{"id":33,"fraccion":1},{"id":38,"fraccion":1},{"id":39,"fraccion":1},{"id":36,"fraccion":0},{"id":37,"fraccion":1},{"id":42,"fraccion":1},{"id":43,"fraccion":1},{"id":40,"fraccion":0},{"id":41,"fraccion":0},{"id":46,"fraccion":1},{"id":47,"fraccion":1},{"id":44,"fraccion":1},{"id":45,"fraccion":0},{"id":51,"fraccion":0},{"id":50,"fraccion":0},{"id":49,"fraccion":1},{"id":48,"fraccion":1},{"id":55,"fraccion":1},{"id":54,"fraccion":1},{"id":53,"fraccion":1},{"id":52,"fraccion":1},{"id":59,"fraccion":1},{"id":58,"fraccion":0},{"id":57,"fraccion":1},{"id":56,"fraccion":1},{"id":63,"fraccion":0},{"id":62,"fraccion":1},{"id":61,"fraccion":0},{"id":60,"fraccion":0},{"id":68,"fraccion":1},{"id":69,"fraccion":0},{"id":70,"fraccion":1},{"id":71,"fraccion":1},{"id":64,"fraccion":1},{"id":65,"fraccion":1},{"id":67,"fraccion":1},{"id":76,"fraccion":0},{"id":77,"fraccion":0},{"id":78,"fraccion":1},{"id":79,"fraccion":0},{"id":72,"fraccion":0},{"id":73,"fraccion":0},{"id":74,"fraccion":0},{"id":75,"fraccion":1},{"id":85,"fraccion":1},{"id":84,"fraccion":0},{"id":87,"fraccion":0},{"id":86,"fraccion":0},{"id":81,"fraccion":0},{"id":80,"fraccion":0},{"id":83,"fraccion":0},{"id":82,"fraccion":0},{"id":93,"fraccion":1},{"id":92,"fraccion":0},{"id":95,"fraccion":0},{"id":94,"fraccion":0},{"id":89,"fraccion":1},{"id":88,"fraccion":0},{"id":91,"fraccion":0},{"id":90,"fraccion":1},{"id":102,"fraccion":0},{"id":103,"fraccion":1},{"id":100,"fraccion":1},{"id":101,"fraccion":0},{"id":98,"fraccion":1},{"id":99,"fraccion":0},{"id":96,"fraccion":1},{"id":97,"fraccion":1},{"id":110,"fraccion":1},{"id":111,"fraccion":0},{"id":108,"fraccion":0},{"id":109,"fraccion":0},{"id":106,"fraccion":1},{"id":107,"fraccion":1},{"id":104,"fraccion":0},{"id":105,"fraccion":0},{"id":119,"fraccion":1},{"id":118,"fraccion":1},{"id":117,"fraccion":1},{"id":116,"fraccion":0},{"id":115,"fraccion":0},{"id":114,"fraccion":1},{"id":113,"fraccion":1},{"id":112,"fraccion":0},{"id":127,"fraccion":0},{"id":126,"fraccion":1},{"id":125,"fraccion":1},{"id":124,"fraccion":1},{"id":123,"fraccion":0},{"id":122,"fraccion":1},{"id":121,"fraccion":0},{"id":120,"fraccion":0},{"id":137,"fraccion":1},{"id":136,"fraccion":1},{"id":139,"fraccion":1},{"id":138,"fraccion":1},{"id":141,"fraccion":0},{"id":140,"fraccion":1},{"id":143,"fraccion":0},{"id":142,"fraccion":1},{"id":129,"fraccion":1},{"id":128,"fraccion":1},{"id":131,"fraccion":0},{"id":130,"fraccion":0},{"id":133,"fraccion":0},{"id":132,"fraccion":0},{"id":135,"fraccion":1},{"id":134,"fraccion":1},{"id":152,"fraccion":1},{"id":153,"fraccion":0},{"id":155,"fraccion":1},{"id":156,"fraccion":0},{"id":157,"fraccion":0},{"id":158,"fraccion":1},{"id":159,"fraccion":1},{"id":144,"fraccion":1},{"id":145,"fraccion":1},{"id":146,"fraccion":1},{"id":147,"fraccion":0},{"id":148,"fraccion":1},{"id":149,"fraccion":1},{"id":150,"fraccion":0},{"id":151,"fraccion":1},{"id":171,"fraccion":1},{"id":170,"fraccion":0},{"id":169,"fraccion":0},{"id":168,"fraccion":0},{"id":175,"fraccion":0},{"id":174,"fraccion":0},{"id":173,"fraccion":1},{"id":172,"fraccion":0},{"id":163,"fraccion":1},{"id":162,"fraccion":0},{"id":161,"fraccion":0},{"id":160,"fraccion":0},{"id":167,"fraccion":0},{"id":166,"fraccion":1},{"id":165,"fraccion":0},{"id":164,"fraccion":0},{"id":186,"fraccion":1},{"id":187,"fraccion":0},{"id":184,"fraccion":0},{"id":185,"fraccion":1},{"id":190,"fraccion":0},{"id":191,"fraccion":0},{"id":188,"fraccion":1},{"id":189,"fraccion":1},{"id":178,"fraccion":0},{"id":179,"fraccion":1},{"id":176,"fraccion":0},{"id":177,"fraccion":1},{"id":182,"fraccion":1},{"id":183,"fraccion":0},{"id":180,"fraccion":1},{"id":181,"fraccion":1},{"id":205,"fraccion":1},{"id":204,"fraccion":0},{"id":207,"fraccion":1},{"id":206,"fraccion":1},{"id":201,"fraccion":0},{"id":200,"fraccion":0},{"id":203,"fraccion":0},{"id":202,"fraccion":0},{"id":197,"fraccion":1},{"id":196,"fraccion":1},{"id":199,"fraccion":1},{"id":198,"fraccion":0},{"id":193,"fraccion":0},{"id":192,"fraccion":0},{"id":195,"fraccion":1},{"id":194,"fraccion":0},{"id":220,"fraccion":0},{"id":221,"fraccion":0},{"id":222,"fraccion":0},{"id":223,"fraccion":1},{"id":216,"fraccion":1},{"id":217,"fraccion":0},{"id":218,"fraccion":1},{"id":219,"fraccion":0},{"id":212,"fraccion":0},{"id":213,"fraccion":0},{"id":214,"fraccion":0},{"id":215,"fraccion":1},{"id":208,"fraccion":1},{"id":209,"fraccion":1},{"id":210,"fraccion":0},{"id":211,"fraccion":1},{"id":239,"fraccion":1},{"id":238,"fraccion":1},{"id":237,"fraccion":1},{"id":236,"fraccion":0},{"id":235,"fraccion":0},{"id":234,"fraccion":0},{"id":233,"fraccion":1},{"id":232,"fraccion":1},{"id":231,"fraccion":1},{"id":230,"fraccion":0},{"id":229,"fraccion":0},{"id":228,"fraccion":1},{"id":227,"fraccion":0},{"id":226,"fraccion":0},{"id":225,"fraccion":0},{"id":224,"fraccion":1},{"id":254,"fraccion":1},{"id":255,"fraccion":0},{"id":252,"fraccion":0},{"id":253,"fraccion":1},{"id":250,"fraccion":0},{"id":251,"fraccion":1},{"id":248,"fraccion":1},{"id":249,"fraccion":1},{"id":246,"fraccion":1},{"id":247,"fraccion":0},{"id":244,"fraccion":0},{"id":245,"fraccion":0},{"id":242,"fraccion":0},{"id":243,"fraccion":1},{"id":240,"fraccion":1},{"id":241,"fraccion":1},{"id":275,"fraccion":1},{"id":274,"fraccion":1},{"id":273,"fraccion":1},{"id":272,"fraccion":0},{"id":279,"fraccion":1},{"id":278,"fraccion":0},{"id":277,"fraccion":0},{"id":276,"fraccion":1},{"id":283,"fraccion":0},{"id":282,"fraccion":0},{"id":281,"fraccion":0},{"id":280,"fraccion":0},{"id":287,"fraccion":1},{"id":286,"fraccion":1},{"id":285,"fraccion":1},{"id":284,"fraccion":0},{"id":258,"fraccion":0},{"id":259,"fraccion":0},{"id":256,"fraccion":1},{"id":257,"fraccion":1},{"id":262,"fraccion":0},{"id":263,"fraccion":0},{"id":260,"fraccion":0},{"id":261,"fraccion":0},{"id":266,"fraccion":1},{"id":267,"fraccion":1},{"id":264,"fraccion":0},{"id":265,"fraccion":0},{"id":270,"fraccion":0},{"id":271,"fraccion":0},{"id":268,"fraccion":1},{"id":269,"fraccion":0},{"id":305,"fraccion":1},{"id":304,"fraccion":1},{"id":307,"fraccion":0},{"id":306,"fraccion":1},{"id":309,"fraccion":1},{"id":308,"fraccion":0},{"id":311,"fraccion":1},{"id":310,"fraccion":0},{"id":313,"fraccion":1},{"id":312,"fraccion":1},{"id":315,"fraccion":0},{"id":314,"fraccion":1},{"id":317,"fraccion":1},{"id":316,"fraccion":0},{"id":319,"fraccion":1},{"id":318,"fraccion":1},{"id":288,"fraccion":1},{"id":289,"fraccion":0},{"id":290,"fraccion":1},{"id":291,"fraccion":0},{"id":292,"fraccion":0},{"id":293,"fraccion":0},{"id":294,"fraccion":1},{"id":295,"fraccion":0},{"id":296,"fraccion":0},{"id":297,"fraccion":1},{"id":298,"fraccion":0},{"id":299,"fraccion":0},{"id":300,"fraccion":0},{"id":301,"fraccion":1},{"id":302,"fraccion":0},{"id":303,"fraccion":0},{"id":343,"fraccion":1},{"id":342,"fraccion":0},{"id":341,"fraccion":0},{"id":340,"fraccion":1},{"id":339,"fraccion":1},{"id":338,"fraccion":1},{"id":337,"fraccion":0},{"id":336,"fraccion":1},{"id":351,"fraccion":1},{"id":350,"fraccion":0},{"id":349,"fraccion":1},{"id":348,"fraccion":0},{"id":347,"fraccion":1},{"id":346,"fraccion":1},{"id":345,"fraccion":0},{"id":344,"fraccion":1},{"id":326,"fraccion":1},{"id":327,"fraccion":1},{"id":324,"fraccion":0},{"id":325,"fraccion":1},{"id":322,"fraccion":1},{"id":323,"fraccion":0},{"id":320,"fraccion":1},{"id":321,"fraccion":1},{"id":334,"fraccion":1},{"id":335,"fraccion":1},{"id":332,"fraccion":0},{"id":333,"fraccion":0},{"id":330,"fraccion":1},{"id":331,"fraccion":0},{"id":328,"fraccion":0},{"id":329,"fraccion":0},{"id":373,"fraccion":1},{"id":372,"fraccion":0},{"id":375,"fraccion":1},{"id":374,"fraccion":1},{"id":369,"fraccion":1},{"id":368,"fraccion":0},{"id":371,"fraccion":1},{"id":370,"fraccion":1},{"id":381,"fraccion":1},{"id":380,"fraccion":1},{"id":383,"fraccion":1},{"id":382,"fraccion":0},{"id":377,"fraccion":1},{"id":376,"fraccion":1},{"id":379,"fraccion":0},{"id":378,"fraccion":0},{"id":356,"fraccion":0},{"id":357,"fraccion":1},{"id":358,"fraccion":0},{"id":359,"fraccion":1},{"id":352,"fraccion":1},{"id":353,"fraccion":1},{"id":354,"fraccion":1},{"id":355,"fraccion":1},{"id":364,"fraccion":0},{"id":365,"fraccion":0},{"id":366,"fraccion":0},{"id":367,"fraccion":0},{"id":360,"fraccion":0},{"id":361,"fraccion":1},{"id":362,"fraccion":1},{"id":363,"fraccion":0},{"id":410,"fraccion":0},{"id":411,"fraccion":0},{"id":408,"fraccion":1},{"id":409,"fraccion":1},{"id":414,"fraccion":1},{"id":415,"fraccion":0},{"id":412,"fraccion":1},{"id":413,"fraccion":0},{"id":402,"fraccion":1},{"id":403,"fraccion":0},{"id":401,"fraccion":0},{"id":406,"fraccion":0},{"id":407,"fraccion":1},{"id":404,"fraccion":0},{"id":405,"fraccion":0},{"id":395,"fraccion":1},{"id":394,"fraccion":1},{"id":393,"fraccion":0},{"id":392,"fraccion":0},{"id":399,"fraccion":1},{"id":398,"fraccion":0},{"id":397,"fraccion":0},{"id":396,"fraccion":1},{"id":387,"fraccion":0},{"id":386,"fraccion":1},{"id":385,"fraccion":0},{"id":384,"fraccion":1},{"id":391,"fraccion":0},{"id":390,"fraccion":1},{"id":389,"fraccion":1},{"id":388,"fraccion":1},{"id":440,"fraccion":0},{"id":441,"fraccion":1},{"id":442,"fraccion":0},{"id":443,"fraccion":1},{"id":444,"fraccion":1},{"id":445,"fraccion":1},{"id":446,"fraccion":1},{"id":447,"fraccion":1},{"id":432,"fraccion":1},{"id":433,"fraccion":1},{"id":434,"fraccion":1},{"id":435,"fraccion":0},{"id":436,"fraccion":0},{"id":437,"fraccion":1},{"id":438,"fraccion":0},{"id":439,"fraccion":1},{"id":425,"fraccion":0},{"id":424,"fraccion":0},{"id":427,"fraccion":1},{"id":426,"fraccion":1},{"id":429,"fraccion":1},{"id":428,"fraccion":0},{"id":431,"fraccion":1},{"id":430,"fraccion":1},{"id":417,"fraccion":1},{"id":416,"fraccion":0},{"id":419,"fraccion":1},{"id":418,"fraccion":1},{"id":421,"fraccion":1},{"id":420,"fraccion":1},{"id":423,"fraccion":0},{"id":422,"fraccion":0},{"id":478,"fraccion":1},{"id":479,"fraccion":0},{"id":476,"fraccion":1},{"id":477,"fraccion":1},{"id":474,"fraccion":0},{"id":475,"fraccion":0},{"id":472,"fraccion":1},{"id":473,"fraccion":0},{"id":470,"fraccion":1},{"id":471,"fraccion":1},{"id":468,"fraccion":0},{"id":469,"fraccion":0},{"id":466,"fraccion":1},{"id":467,"fraccion":0},{"id":464,"fraccion":0},{"id":465,"fraccion":0},{"id":463,"fraccion":1},{"id":462,"fraccion":0},{"id":461,"fraccion":0},{"id":460,"fraccion":1},{"id":459,"fraccion":1},{"id":458,"fraccion":0},{"id":457,"fraccion":0},{"id":456,"fraccion":1},{"id":455,"fraccion":0},{"id":454,"fraccion":1},{"id":453,"fraccion":0},{"id":452,"fraccion":0},{"id":451,"fraccion":0},{"id":450,"fraccion":0},{"id":449,"fraccion":1},{"id":448,"fraccion":0},{"id":508,"fraccion":0},{"id":509,"fraccion":1},{"id":510,"fraccion":1},{"id":511,"fraccion":0},{"id":504,"fraccion":1},{"id":505,"fraccion":1},{"id":506,"fraccion":1},{"id":507,"fraccion":1},{"id":500,"fraccion":0},{"id":501,"fraccion":0},{"id":502,"fraccion":1},{"id":503,"fraccion":0},{"id":496,"fraccion":0},{"id":497,"fraccion":0},{"id":498,"fraccion":1},{"id":499,"fraccion":0},{"id":493,"fraccion":1},{"id":492,"fraccion":0},{"id":495,"fraccion":0},{"id":494,"fraccion":1},{"id":489,"fraccion":1},{"id":488,"fraccion":1},{"id":491,"fraccion":0},{"id":490,"fraccion":0},{"id":485,"fraccion":0},{"id":484,"fraccion":0},{"id":487,"fraccion":1},{"id":486,"fraccion":0},{"id":481,"fraccion":1},{"id":480,"fraccion":1},{"id":483,"fraccion":1},{"id":482,"fraccion":0},{"id":550,"fraccion":1},{"id":551,"fraccion":1},{"id":548,"fraccion":0},{"id":549,"fraccion":1},{"id":546,"fraccion":0},{"id":547,"fraccion":1},{"id":544,"fraccion":1},{"id":545,"fraccion":0},{"id":558,"fraccion":0},{"id":559,"fraccion":1},{"id":556,"fraccion":1},{"id":557,"fraccion":0},{"id":554,"fraccion":0},{"id":555,"fraccion":0},{"id":552,"fraccion":1},{"id":553,"fraccion":1},{"id":567,"fraccion":1},{"id":566,"fraccion":0},{"id":565,"fraccion":1},{"id":564,"fraccion":1},{"id":563,"fraccion":0},{"id":562,"fraccion":0},{"id":561,"fraccion":0},{"id":560,"fraccion":0},{"id":570,"fraccion":1},{"id":569,"fraccion":1},{"id":568,"fraccion":0},{"id":516,"fraccion":0},{"id":517,"fraccion":0},{"id":518,"fraccion":1},{"id":519,"fraccion":1},{"id":512,"fraccion":1},{"id":513,"fraccion":0},{"id":514,"fraccion":1},{"id":515,"fraccion":1},{"id":524,"fraccion":1},{"id":525,"fraccion":1},{"id":526,"fraccion":1},{"id":527,"fraccion":1},{"id":520,"fraccion":0},{"id":521,"fraccion":1},{"id":522,"fraccion":1},{"id":523,"fraccion":1},{"id":533,"fraccion":1},{"id":532,"fraccion":1},{"id":535,"fraccion":1},{"id":534,"fraccion":1},{"id":529,"fraccion":1},{"id":528,"fraccion":1},{"id":531,"fraccion":1},{"id":530,"fraccion":0},{"id":541,"fraccion":0},{"id":540,"fraccion":0},{"id":543,"fraccion":0},{"id":542,"fraccion":0},{"id":537,"fraccion":0},{"id":536,"fraccion":1},{"id":539,"fraccion":0},{"id":538,"fraccion":1}]},{"id":1,"nombre":"OAXACA DE JUAREZ","tipologia":3,"primerdistrito":23,"distritos":2,"municipios":[{"id":154,"fraccion":0},{"id":66,"fraccion":1},{"id":400,"fraccion":0}]}],"cumulos":[{"id":0,"tipo":3,"secciones":[2260,618,619,617,622,623,2258,620,2259,621,627,626,625,624,766,631,767,630,629,768,628,769,846,1107]},{"id":1,"tipo":2,"secciones":[635,634,633,637,636]},{"id":2,"tipo":2,"secciones":[715,714,716]},{"id":3,"tipo":2,"secciones":[717,718]},{"id":4,"tipo":2,"secciones":[425,424,427,426,429,428,431,430,423,422]},{"id":5,"tipo":3,"secciones":[440,441,442,443,444,445,1614,446,1615,447,432,433,434,435,436,437,912,438,439,911,1616,453,452,451,450,449,448]},{"id":6,"tipo":2,"secciones":[455,454]},{"id":7,"tipo":2,"secciones":[457,456]},{"id":8,"tipo":2,"secciones":[661,662]},{"id":9,"tipo":3,"secciones":[2033,2034,2035,2036,2037,2038,2039,2040,739,2041,738,2042,131,2043,2044,133,2045,132,2046,740,2047,2048,2049,2453,653,652,655,654,649,648,651,650,645,1195,644,1194,647,1193,646,1199,1198,643,1197,1196,1202,1203,1200,1201,660,656,657,658,659]},{"id":10,"tipo":3,"secciones":[410,411,408,409,414,415,412,413,402,403,400,401,406,407,404,405,399,398,397,1151,1150,1149,1148,1147,1146,1145,1144,1143,417,416,1142,419,1141,418,1140,421,1139,420,1153,1152,1155,1154,1157,1156,1159,1158,1161,1160,1187,1186,1185,1184,1191,1190,1189,1188,1192]},{"id":11,"tipo":2,"secciones":[379,378]},{"id":12,"tipo":2,"secciones":[381,380,383,385,382,384]},{"id":13,"tipo":2,"secciones":[460,459]},{"id":14,"tipo":1,"secciones":[171,170,2304,169,168,175,174,173,172,163,162,161,160,167,166,165,164,157,158,159,1353]},{"id":15,"tipo":3,"secciones":[239,238,237,236,235,234,233,232,254,252,253,250,1782,251,1783,248,249,246,247,244,245,242,243,240,241]},{"id":16,"tipo":2,"secciones":[275,258,274,259,273,272,262,263,260,261,266,267,264,265,270,271,268,269]},{"id":17,"tipo":2,"secciones":[200,199,198]},{"id":18,"tipo":1,"secciones":[1548,102,1549,103,100,1550,101,1551,98,1544,99,1545,1546,1547,97,2256,2257,2253,2252,2255,2254,2249,2251,2250,1552]},{"id":19,"tipo":2,"secciones":[187,188]},{"id":20,"tipo":1,"secciones":[1210,1211,898,1212,897]},{"id":21,"tipo":3,"secciones":[1685,178,179,176,177]},{"id":22,"tipo":1,"secciones":[941,1972,942,1971]},{"id":23,"tipo":2,"secciones":[127,129,128,130]},{"id":24,"tipo":1,"secciones":[279,278,277,276,282,1601,281,280]},{"id":25,"tipo":2,"secciones":[152,147,148,149,150,151]},{"id":26,"tipo":3,"secciones":[1375,137,1374,136,1373,2,139,1372,3,138,4,141,5,140,6,143,7,142,8,9,10,11,12,13,135,14,134,15,17,16,19,18,21,20,23,22,25,24,27,26,29,28,31,30,34,32,33,1393,1392,1395,1394,1389,1390,1391,1384,1385,1386,1387,1380,1381,1382,1383,1376,1377,1378,1379]},{"id":27,"tipo":2,"secciones":[190,191,189]},{"id":28,"tipo":1,"secciones":[2124,2174,2173,2123]},{"id":29,"tipo":2,"secciones":[255,256,257]},{"id":30,"tipo":3,"secciones":[283,287,286,285,284,326,327,324,325,322,323,320,321,332,330,331,328,329,305,304,307,306,309,308,311,310,313,312,315,314,317,316,319,318,186,288,289,184,290,185,291,292,293,294,295,296,297,298,299,182,300,183,301,180,302,181,303]},{"id":31,"tipo":2,"secciones":[368,365,366,367]},{"id":32,"tipo":2,"secciones":[126,125]},{"id":33,"tipo":2,"secciones":[116,115,114,113]},{"id":34,"tipo":2,"secciones":[153,154,155,156]},{"id":35,"tipo":2,"secciones":[124,123,122,121]},{"id":36,"tipo":3,"secciones":[77,78,79,85,1896,84,1897,86,81,80,83,82,1888,1889,1890,1891,1892,1893,1894,1895]},{"id":37,"tipo":2,"secciones":[96,93,92,95,94,91,90]},{"id":38,"tipo":2,"secciones":[119,118,117,120]},{"id":39,"tipo":2,"secciones":[112,111]},{"id":40,"tipo":3,"secciones":[1864,1865,76,1862,1863,74,1860,75,1861]},{"id":41,"tipo":2,"secciones":[70,71,72,73]},{"id":42,"tipo":2,"secciones":[68,69]},{"id":43,"tipo":2,"secciones":[65,66,67]},{"id":44,"tipo":2,"secciones":[51,50,49,48,55,54,53,52,43,56,46,47,44,45]},{"id":45,"tipo":2,"secciones":[39,40,41]},{"id":46,"tipo":3,"secciones":[927,372,64,369,371,370,59,2125,58,2126,57,63,929,62,928,61,60,930]},{"id":47,"tipo":2,"secciones":[1117,1118]},{"id":48,"tipo":2,"secciones":[979,980]},{"id":49,"tipo":2,"secciones":[958,959,961,960]},{"id":50,"tipo":2,"secciones":[984,985,982,983]},{"id":51,"tipo":2,"secciones":[1165,1164,1167,1166]},{"id":52,"tipo":3,"secciones":[2070,2435,144,145,2451,146,926,1600,1986,1985,1984,1995,1998,1997,1996,205,204,207,206,201,203,202,1980,1981,1982,1983,1978,1979,1599,220,221,1598,222,1597,223,1596,1005,1595,216,1594,217,218,1006,219,212,213,1280,214,215,208,209,210,211,231,230,229,228,227,226,225,224]},{"id":53,"tipo":2,"secciones":[1001,1000,999]},{"id":54,"tipo":2,"secciones":[940,939,938]},{"id":55,"tipo":2,"secciones":[949,950]},{"id":56,"tipo":2,"secciones":[924,925]},{"id":57,"tipo":2,"secciones":[933,932]},{"id":58,"tipo":2,"secciones":[952,953,954]},{"id":59,"tipo":2,"secciones":[956,957,955]},{"id":60,"tipo":3,"secciones":[395,394,393,392,1278,1279,1281,391,390,2274,389]},{"id":61,"tipo":2,"secciones":[943,948,944,945,946,947]},{"id":62,"tipo":2,"secciones":[986,987,990,991,988,989,993,992,995,994,997,996,998]},{"id":63,"tipo":2,"secciones":[891,892]},{"id":64,"tipo":2,"secciones":[905,904,903,902,901,900]},{"id":65,"tipo":2,"secciones":[916,914,915]},{"id":66,"tipo":2,"secciones":[895,894]},{"id":67,"tipo":2,"secciones":[922,923,921]},{"id":68,"tipo":2,"secciones":[918,919,917]},{"id":69,"tipo":2,"secciones":[937,936,935,934]},{"id":70,"tipo":2,"secciones":[910,909,908]},{"id":71,"tipo":3,"secciones":[2065,2067,2066,2069,2068,2353,2352,2355,2354,2357,1266,2356,2359,2358,2361,842,2360,843,841,844,845]},{"id":72,"tipo":2,"secciones":[838,839,840]},{"id":73,"tipo":3,"secciones":[881,880,883,885,884,887,886,889,888,890,877,878,879]},{"id":74,"tipo":2,"secciones":[817,816,819,818,814,815]},{"id":75,"tipo":2,"secciones":[850,849,848,847]},{"id":76,"tipo":2,"secciones":[866,867,868,869,870]},{"id":77,"tipo":2,"secciones":[971,970,969,968,975,974,973,972,963,962,976,977,967,966,965,964]},{"id":78,"tipo":2,"secciones":[851,855,854,853,852,859,858,857,856,861,860]},{"id":79,"tipo":2,"secciones":[800,799,798]},{"id":80,"tipo":3,"secciones":[821,820,823,822,1646,829,828,468,830,825,466,824,467,827,464,826,465,463,462,461,1176]},{"id":81,"tipo":2,"secciones":[807,808]},{"id":82,"tipo":2,"secciones":[797,796,795]},{"id":83,"tipo":3,"secciones":[1560,801,1593,802,1592,1591,1590,2247,1589,2246,876]},{"id":84,"tipo":2,"secciones":[864,865,863,862]},{"id":85,"tipo":2,"secciones":[834,832,833,831]},{"id":86,"tipo":2,"secciones":[812,813]},{"id":87,"tipo":2,"secciones":[751,752]},{"id":88,"tipo":2,"secciones":[787,786,785,784,782,783]},{"id":89,"tipo":2,"secciones":[764,765]},{"id":90,"tipo":2,"secciones":[793,792]},{"id":91,"tipo":2,"secciones":[780,781,778,779,777]},{"id":92,"tipo":2,"secciones":[804,805,806]},{"id":93,"tipo":2,"secciones":[791,790]},{"id":94,"tipo":2,"secciones":[35,36]},{"id":95,"tipo":2,"secciones":[734,735]},{"id":96,"tipo":2,"secciones":[728,729,730,731,732,733,721,722,723,724,725,726,727]},{"id":97,"tipo":2,"secciones":[719,720]},{"id":98,"tipo":2,"secciones":[747,748]},{"id":99,"tipo":2,"secciones":[746,745,744]},{"id":100,"tipo":2,"secciones":[770,771]},{"id":101,"tipo":2,"secciones":[774,775,772,773]},{"id":102,"tipo":2,"secciones":[754,755,753]},{"id":103,"tipo":2,"secciones":[666,667]},{"id":104,"tipo":2,"secciones":[664,665,663]},{"id":105,"tipo":2,"secciones":[743,742,741]},{"id":106,"tipo":2,"secciones":[711,710]},{"id":107,"tipo":2,"secciones":[687,686,685,684,683,682,681,680,679,678,677,676,675,674,673,672,702,703,700,701,698,699,696,697,694,695,692,693,690,691,688,689,705,704,707,706,709,708,669,670,671]},{"id":108,"tipo":3,"secciones":[668,1606]},{"id":109,"tipo":2,"secciones":[758,757]},{"id":110,"tipo":2,"secciones":[737,736]},{"id":111,"tipo":2,"secciones":[2420,2419]},{"id":112,"tipo":2,"secciones":[1397,1396]},{"id":113,"tipo":2,"secciones":[2416,2412,2413,2414,2415]},{"id":114,"tipo":2,"secciones":[2417,2418]},{"id":115,"tipo":2,"secciones":[1350,2450,1351,1348,1349,1347]},{"id":116,"tipo":2,"secciones":[1407,1408]},{"id":117,"tipo":2,"secciones":[1364,1363]},{"id":118,"tipo":2,"secciones":[1366,1365]},{"id":119,"tipo":2,"secciones":[1400,1399,1398]},{"id":120,"tipo":2,"secciones":[1651,1650]},{"id":121,"tipo":2,"secciones":[1410,1409]},{"id":122,"tipo":2,"secciones":[1411,1414,1413,1412]},{"id":123,"tipo":2,"secciones":[1405,1404,1406]},{"id":124,"tipo":2,"secciones":[1461,1462]},{"id":125,"tipo":3,"secciones":[871,872,873,2431,2430]},{"id":126,"tipo":2,"secciones":[2434,2433,2432]},{"id":127,"tipo":2,"secciones":[1362,1361]},{"id":128,"tipo":2,"secciones":[1419,1421,1420]},{"id":129,"tipo":2,"secciones":[1424,1425,1423]},{"id":130,"tipo":2,"secciones":[1426,1427,1430,1428,1429]},{"id":131,"tipo":2,"secciones":[1299,1298,1297,1301,1300]},{"id":132,"tipo":2,"secciones":[1438,1439]},{"id":133,"tipo":2,"secciones":[1441,1440,1443,1442,1445,1444,1447,1446]},{"id":134,"tipo":2,"secciones":[1270,1268,1269,1267]},{"id":135,"tipo":2,"secciones":[2423,2429,2428,2425,2424,2427,2426]},{"id":136,"tipo":2,"secciones":[1359,1360]},{"id":137,"tipo":2,"secciones":[1292,1293]},{"id":138,"tipo":2,"secciones":[1290,1288,1289,1286,1287]},{"id":139,"tipo":2,"secciones":[1333,1335,1334]},{"id":140,"tipo":2,"secciones":[1294,1295]},{"id":141,"tipo":2,"secciones":[1311,1310,1312,1313]},{"id":142,"tipo":2,"secciones":[1305,1304]},{"id":143,"tipo":2,"secciones":[1227,1226]},{"id":144,"tipo":2,"secciones":[1221,1223,1222,1224]},{"id":145,"tipo":2,"secciones":[1234,1235]},{"id":146,"tipo":2,"secciones":[1271,1274,1275,1272,1273]},{"id":147,"tipo":2,"secciones":[1206,1207,1205,1208,1209]},{"id":148,"tipo":2,"secciones":[1217,1218]},{"id":149,"tipo":2,"secciones":[1216,1215]},{"id":150,"tipo":2,"secciones":[1238,1239,1240]},{"id":151,"tipo":2,"secciones":[1252,1251]},{"id":152,"tipo":2,"secciones":[1250,1249]},{"id":153,"tipo":2,"secciones":[1276,1277]},{"id":154,"tipo":2,"secciones":[1316,1317]},{"id":155,"tipo":2,"secciones":[1130,1129]},{"id":156,"tipo":2,"secciones":[1244,1245,1246,1247,1243]},{"id":157,"tipo":2,"secciones":[1241,1242]},{"id":158,"tipo":2,"secciones":[1431,1434,1435,1432,1433,1436]},{"id":159,"tipo":3,"secciones":[1134,1135,2135,2137,2136,2138]},{"id":160,"tipo":2,"secciones":[1119,1128,1126,1127,1124,1125,1122,1123,1120,1121]},{"id":161,"tipo":2,"secciones":[1214,1213]},{"id":162,"tipo":2,"secciones":[1132,1131]},{"id":163,"tipo":2,"secciones":[1109,1108]},{"id":164,"tipo":2,"secciones":[1100,1101,1102,1103,1099,1105,1104]},{"id":165,"tipo":2,"secciones":[1170,1171]},{"id":166,"tipo":2,"secciones":[1116,1113,1112,1115,1114]},{"id":167,"tipo":2,"secciones":[1003,1004]},{"id":168,"tipo":2,"secciones":[1168,1169]},{"id":169,"tipo":2,"secciones":[1232,1233]},{"id":170,"tipo":2,"secciones":[1138,1137]},{"id":171,"tipo":2,"secciones":[1163,1162]},{"id":172,"tipo":2,"secciones":[1229,1228,1231,1230]},{"id":173,"tipo":2,"secciones":[1172,1173,1174,1175]},{"id":174,"tipo":2,"secciones":[1701,1700,1699]},{"id":175,"tipo":2,"secciones":[1557,1556,1555]},{"id":176,"tipo":2,"secciones":[1786,1784,1785]},{"id":177,"tipo":2,"secciones":[1698,1697,1696,1692,1693,1694,1695,1691]},{"id":178,"tipo":2,"secciones":[1790,1791,1792]},{"id":179,"tipo":2,"secciones":[1832,1833,1829,1830,1831]},{"id":180,"tipo":2,"secciones":[1763,1762,1761,1760,1767,1766,1765,1764,1768,1746,1747,1748,1749,1750,1751,1752,1753,1754,1755,1756,1757,1758,1759]},{"id":181,"tipo":2,"secciones":[1787,1788]},{"id":182,"tipo":2,"secciones":[1858,1856,1857]},{"id":183,"tipo":2,"secciones":[1942,1943,1940,1941,1948,1949,1946,1947,1944,1945]},{"id":184,"tipo":2,"secciones":[1839,1840]},{"id":185,"tipo":2,"secciones":[1853,1852,1855,1854,1851]},{"id":186,"tipo":2,"secciones":[1823,1822,1821,1820,1819,1818,1817,1816,1824,1825]},{"id":187,"tipo":2,"secciones":[760,759]},{"id":188,"tipo":2,"secciones":[1541,1542,1543]},{"id":189,"tipo":2,"secciones":[1815,1814,1813,1812,1811,1810]},{"id":190,"tipo":2,"secciones":[1711,1710,1709]},{"id":191,"tipo":2,"secciones":[1669,1668,1670]},{"id":192,"tipo":2,"secciones":[1602,1603]},{"id":193,"tipo":2,"secciones":[1609,1610,1611,1612]},{"id":194,"tipo":2,"secciones":[1780,1781]},{"id":195,"tipo":2,"secciones":[1659,1658,1663,1662,1664,1661,1660]},{"id":196,"tipo":2,"secciones":[1671,1672]},{"id":197,"tipo":2,"secciones":[1665,1667,1666]},{"id":198,"tipo":2,"secciones":[1744,1745,1743]},{"id":199,"tipo":2,"secciones":[1883,1882,1886,1885,1884]},{"id":200,"tipo":2,"secciones":[1898,1899,1900,1901,1902]},{"id":201,"tipo":2,"secciones":[1706,1705,1704]},{"id":202,"tipo":2,"secciones":[1809,1808,1806,1807,1804,1805,1802,1803,1800,1801,1798,1799,1796,1797,1794,1795,1793]},{"id":203,"tipo":2,"secciones":[1778,1779]},{"id":204,"tipo":2,"secciones":[1731,1730,1733,1732,1735,1734,1737,1736]},{"id":205,"tipo":3,"secciones":[1729,1728,38,37,1605,1718,1719,1716,1717,1714,1715,1712,1713,1726,1727,1724,1725,1722,1723,1720,1721]},{"id":206,"tipo":2,"secciones":[1540,1535,1536,1537,1538,1539]},{"id":207,"tipo":2,"secciones":[1561,1563,1562]},{"id":208,"tipo":2,"secciones":[1582,1583,1580,1581,1578,1579,1576,1577,1574,1575,1572,1573,1570,1571,1568,1569,1565,1564,1567,1566,1584]},{"id":209,"tipo":2,"secciones":[1638,1637]},{"id":210,"tipo":2,"secciones":[1634,1635]},{"id":211,"tipo":2,"secciones":[1324,1325,1326,1327,1329,1328,1331,1330,1332]},{"id":212,"tipo":2,"secciones":[1322,1323]},{"id":213,"tipo":2,"secciones":[1657,1656,1655,1654]},{"id":214,"tipo":2,"secciones":[1346,1345]},{"id":215,"tipo":2,"secciones":[1339,1338,1340,1343,1342,1344]},{"id":216,"tipo":2,"secciones":[1337,1336]},{"id":217,"tipo":2,"secciones":[1673,1674]},{"id":218,"tipo":2,"secciones":[1625,1624,1617,1619,1618,1621,1620,1623,1622]},{"id":219,"tipo":3,"secciones":[1627,1686,1687,1629,1628,1631,1630,1632,1633,1688,1689]},{"id":220,"tipo":2,"secciones":[1608,1607]},{"id":221,"tipo":2,"secciones":[1679,1678]},{"id":222,"tipo":3,"secciones":[1253,1370,1369,1368]},{"id":223,"tipo":2,"secciones":[1403,1402]},{"id":224,"tipo":2,"secciones":[1496,1497]},{"id":225,"tipo":2,"secciones":[1459,1460]},{"id":226,"tipo":2,"secciones":[1453,1452]},{"id":227,"tipo":2,"secciones":[1449,1451,1450]},{"id":228,"tipo":2,"secciones":[1490,1491,1488,1489,1487,1486,1485]},{"id":229,"tipo":2,"secciones":[1456,1457,1455,1454]},{"id":230,"tipo":2,"secciones":[1644,1645]},{"id":231,"tipo":2,"secciones":[1647,1648]},{"id":232,"tipo":2,"secciones":[1588,1587,1586,1585]},{"id":233,"tipo":2,"secciones":[1509,1508,1510,1505,1504,1507,1506,1502,1503,1500,1501,1498,1499]},{"id":234,"tipo":2,"secciones":[1483,1482]},{"id":235,"tipo":2,"secciones":[1559,1558]},{"id":236,"tipo":2,"secciones":[1320,1321]},{"id":237,"tipo":2,"secciones":[1479,1478,1477,1476,1475,1474,1473,1481,1480]},{"id":238,"tipo":3,"secciones":[2082,2184,2083,2080,2081,2077,2181,2180,2079,2183,2078,2182]},{"id":239,"tipo":2,"secciones":[2132,2131]},{"id":240,"tipo":3,"secciones":[343,342,341,340,339,338,337,336,351,350,349,348,347,346,345,344,356,358,359,352,353,354,355,334,335,333,360,362,363]},{"id":241,"tipo":2,"secciones":[2156,2157]},{"id":242,"tipo":2,"secciones":[1875,1877,1876]},{"id":243,"tipo":2,"secciones":[2390,2389,2388,2387,2386]},{"id":244,"tipo":3,"secciones":[2200,2201,2202,2203,2204,2205,2206,2207,197,196,195,194,2050,2051,2052,2053,2054,2055,2226,2227,2224,2225,1872,2228,2219,1866,2218,1867,2217,2216,2223,1870,2222,1871,2221,1868,2220,1869,2211,2210,2209,2208,2215,2214,2213,2212]},{"id":245,"tipo":2,"secciones":[2116,2112,2113,2114,2115]},{"id":246,"tipo":2,"secciones":[2327,2326,2325,2330,2329,2328]},{"id":247,"tipo":2,"secciones":[2002,2003]},{"id":248,"tipo":2,"secciones":[2336,2337,2338]},{"id":249,"tipo":2,"secciones":[2405,2406]},{"id":250,"tipo":2,"secciones":[2311,2314,2315,2312,2313]},{"id":251,"tipo":2,"secciones":[1953,1952,1954,1951]},{"id":252,"tipo":2,"secciones":[1961,1960]},{"id":253,"tipo":3,"secciones":[2235,2236,2363,2365,2364,2366]},{"id":254,"tipo":2,"secciones":[1976,1977]},{"id":255,"tipo":2,"secciones":[2232,2233,2231]},{"id":256,"tipo":2,"secciones":[2032,2025,2027,2026,2029,2028,2031,2030]},{"id":257,"tipo":2,"secciones":[2268,2269,2270,2271,2265,2266,2267]},{"id":258,"tipo":2,"secciones":[2117,2118,2119,2120,2121,2122]},{"id":259,"tipo":2,"secciones":[2151,2154,2155,2152,2153]},{"id":260,"tipo":2,"secciones":[2331,2334,2333,2332]},{"id":261,"tipo":2,"secciones":[2148,2149]},{"id":262,"tipo":2,"secciones":[2404,2400,2401,2402,2403,2399,2398,2397,2396,2395,2394]},{"id":263,"tipo":2,"secciones":[2133,2134]},{"id":264,"tipo":3,"secciones":[373,2443,2442,2441,2440,2447,2446,2445,2444,1739,1738,2439,2438,1740,2437,2436,2448,2449]},{"id":265,"tipo":2,"secciones":[2230,2229]},{"id":266,"tipo":2,"secciones":[1912,1911]},{"id":267,"tipo":2,"secciones":[1994,1993]},{"id":268,"tipo":2,"secciones":[1836,1837,1834,1835]},{"id":269,"tipo":3,"secciones":[1307,1306,1309,1308,639,638,1524,1525,1527,1520,1521,1522,1523,1463,1532,1464,1533,1534,641,1528,640,1529,1530,642,1531,1517,1516,1519,1518]},{"id":270,"tipo":2,"secciones":[2302,2303,2301]},{"id":271,"tipo":2,"secciones":[2320,2318,2319]},{"id":272,"tipo":2,"secciones":[1909,1910]},{"id":273,"tipo":2,"secciones":[2057,2058,2059]},{"id":274,"tipo":2,"secciones":[2017,2016,2019,2018,2021,2020,2023,2022,2024,2014,2015,2012,2013]},{"id":275,"tipo":2,"secciones":[2408,2409,2410,2411]},{"id":276,"tipo":3,"secciones":[713,712,2339,2340,2341,2342,2343,2344,2345,2346,2347,2348,2349,2350,2351]},{"id":277,"tipo":2,"secciones":[2391,2392]},{"id":278,"tipo":2,"secciones":[2323,2322,2321]},{"id":279,"tipo":3,"secciones":[1968,1965,1465,1967,1466,1966,1467,1468,1469,1470,1471]},{"id":280,"tipo":2,"secciones":[1881,1880]},{"id":281,"tipo":2,"secciones":[1932,1931,1930,1929]},{"id":282,"tipo":2,"secciones":[1879,1878]},{"id":283,"tipo":2,"secciones":[2316,2317]},{"id":284,"tipo":2,"secciones":[1770,1769]},{"id":285,"tipo":3,"secciones":[2300,2298,2299,2296,2297,2294,2295,2292,2293,2291,913]},{"id":286,"tipo":2,"secciones":[1973,1974,1975]},{"id":287,"tipo":2,"secciones":[1096,1097,1098,1092,1093,1094,1095,1088,1089,1090,1091,1087,1086,1085,1084]},{"id":288,"tipo":2,"secciones":[2238,2239,2237,2241,2240,2243,2242]},{"id":289,"tipo":2,"secciones":[1969,1970]},{"id":290,"tipo":3,"secciones":[2374,2375,2372,2373,2370,2371,2368,2369,2382,2383,2262,2380,2263,2381,2378,2379,2376,2377,1358,1356,1357,1354,1355,2385,2384,2452,375,1938,1939,1937,110,108,109,377,106,376,107,104,105,2086,2087,2367]},{"id":291,"tipo":2,"secciones":[2073,2072,2075,2074]},{"id":292,"tipo":2,"secciones":[2306,2307,2305,2310,2308,2309]},{"id":293,"tipo":3,"secciones":[1680,1681,1682,1771,1775,1774,1773,1772]},{"id":294,"tipo":2,"secciones":[2060,2061]},{"id":295,"tipo":2,"secciones":[2167,2170,2169,2168]},{"id":296,"tipo":2,"secciones":[1991,1992]},{"id":297,"tipo":2,"secciones":[1964,1963,1962]},{"id":298,"tipo":2,"secciones":[1957,1956,1959,1958,1955]},{"id":299,"tipo":2,"secciones":[2187,2186,2188]},{"id":300,"tipo":2,"secciones":[2099,2098,2097,2096,2103,2102,2101,2100,2107,2106,2105,2104,2111,2110,2109,2108,2090,2091,2088,2089,2094,2095,2092,2093]},{"id":301,"tipo":2,"secciones":[2129,2128,2130]},{"id":302,"tipo":2,"secciones":[2146,2147,2144,2145]},{"id":303,"tipo":2,"secciones":[2084,2085]},{"id":304,"tipo":3,"secciones":[1874,1639]},{"id":305,"tipo":2,"secciones":[2164,2163,2162,2161,2160,2158,2159]},{"id":306,"tipo":2,"secciones":[2191,2190,2192,2193,2194,2195,2196,2197,2198]},{"id":307,"tipo":2,"secciones":[2064,2062,2063]},{"id":308,"tipo":2,"secciones":[2006,2007,2005,2010,2011,2008,2009]},{"id":309,"tipo":3,"secciones":[2166,2165]},{"id":310,"tipo":2,"secciones":[1915,1914,1917,1916]},{"id":311,"tipo":2,"secciones":[1927,1926,1925,1924,1923,1922,1919,1921,1920]},{"id":312,"tipo":2,"secciones":[2000,2001,1999]},{"id":313,"tipo":2,"secciones":[2177,2176,2179,2178]},{"id":314,"tipo":3,"secciones":[1008,2288,2289,2287,2286,87,2285,2284,2283,2282,2281,1007,2280,2279,2278,2277,2276,89,2275,88]},{"id":315,"tipo":2,"secciones":[2141,2140,2143,2142]}],"separados":[{"id":0,"municipio1":11,"municipio2":458,"tiempo":258.0000,"tiempopromedio":39.9445,"desviacion":45.5150},{"id":1,"municipio1":73,"municipio2":467,"tiempo":208.0000,"tiempopromedio":39.9445,"desviacion":45.5150},{"id":2,"municipio1":95,"municipio2":232,"tiempo":227.0000,"tiempopromedio":39.9445,"desviacion":45.5150},{"id":3,"municipio1":95,"municipio2":131,"tiempo":212.0000,"tiempopromedio":39.9445,"desviacion":45.5150},{"id":4,"municipio1":95,"municipio2":133,"tiempo":253.0000,"tiempopromedio":39.9445,"desviacion":45.5150},{"id":5,"municipio1":95,"municipio2":181,"tiempo":268.0000,"tiempopromedio":39.9445,"desviacion":45.5150},{"id":6,"municipio1":115,"municipio2":187,"tiempo":176.0000,"tiempopromedio":39.9445,"desviacion":45.5150},{"id":7,"municipio1":115,"municipio2":328,"tiempo":187.0000,"tiempopromedio":39.9445,"desviacion":45.5150},{"id":8,"municipio1":122,"municipio2":466,"tiempo":177.0000,"tiempopromedio":39.9445,"desviacion":45.5150},{"id":9,"municipio1":122,"municipio2":265,"tiempo":269.0000,"tiempopromedio":39.9445,"desviacion":45.5150},{"id":10,"municipio1":122,"municipio2":211,"tiempo":200.0000,"tiempopromedio":39.9445,"desviacion":45.5150},{"id":11,"municipio1":131,"municipio2":328,"tiempo":202.0000,"tiempopromedio":39.9445,"desviacion":45.5150},{"id":12,"municipio1":133,"municipio2":324,"tiempo":235.0000,"tiempopromedio":39.9445,"desviacion":45.5150},{"id":13,"municipio1":133,"municipio2":337,"tiempo":190.0000,"tiempopromedio":39.9445,"desviacion":45.5150},{"id":14,"municipio1":133,"municipio2":214,"tiempo":204.0000,"tiempopromedio":39.9445,"desviacion":45.5150},{"id":15,"municipio1":134,"municipio2":445,"tiempo":247.0000,"tiempopromedio":39.9445,"desviacion":45.5150},{"id":16,"municipio1":134,"municipio2":501,"tiempo":229.0000,"tiempopromedio":39.9445,"desviacion":45.5150},{"id":17,"municipio1":134,"municipio2":383,"tiempo":250.0000,"tiempopromedio":39.9445,"desviacion":45.5150},{"id":18,"municipio1":156,"municipio2":312,"tiempo":205.0000,"tiempopromedio":39.9445,"desviacion":45.5150},{"id":19,"municipio1":173,"municipio2":214,"tiempo":213.0000,"tiempopromedio":39.9445,"desviacion":45.5150},{"id":20,"municipio1":181,"municipio2":324,"tiempo":250.0000,"tiempopromedio":39.9445,"desviacion":45.5150},{"id":21,"municipio1":212,"municipio2":469,"tiempo":255.0000,"tiempopromedio":39.9445,"desviacion":45.5150},{"id":22,"municipio1":213,"municipio2":387,"tiempo":241.0000,"tiempopromedio":39.9445,"desviacion":45.5150},{"id":23,"municipio1":214,"municipio2":220,"tiempo":249.0000,"tiempopromedio":39.9445,"desviacion":45.5150},{"id":24,"municipio1":214,"municipio2":324,"tiempo":297.0000,"tiempopromedio":39.9445,"desviacion":45.5150},{"id":25,"municipio1":211,"municipio2":496,"tiempo":184.0000,"tiempopromedio":39.9445,"desviacion":45.5150},{"id":26,"municipio1":378,"municipio2":567,"tiempo":217.0000,"tiempopromedio":39.9445,"desviacion":45.5150},{"id":27,"municipio1":378,"municipio2":467,"tiempo":320.0000,"tiempopromedio":39.9445,"desviacion":45.5150},{"id":28,"municipio1":387,"municipio2":478,"tiempo":197.0000,"tiempopromedio":39.9445,"desviacion":45.5150},{"id":29,"municipio1":387,"municipio2":490,"tiempo":327.0000,"tiempopromedio":39.9445,"desviacion":45.5150},{"id":30,"municipio1":387,"municipio2":542,"tiempo":326.0000,"tiempopromedio":39.9445,"desviacion":45.5150},{"id":31,"municipio1":387,"municipio2":467,"tiempo":380.0000,"tiempopromedio":39.9445,"desviacion":45.5150},{"id":32,"municipio1":458,"municipio2":469,"tiempo":231.0000,"tiempopromedio":39.9445,"desviacion":45.5150},{"id":33,"municipio1":451,"municipio2":467,"tiempo":427.0000,"tiempopromedio":39.9445,"desviacion":45.5150},{"id":34,"municipio1":501,"municipio2":567,"tiempo":255.0000,"tiempopromedio":39.9445,"desviacion":45.5150}],"distritos":[{"d":1,"des":[{"mu":1,"s":[1]},{"mu":34,"s":[193]},{"mu":42,"s":[279,278,277,276,282,281,280]},{"mu":45,"s":[368,365,366,367]},{"mu":62,"s":[458]},{"mu":65,"s":[469]},{"mu":74,"s":[666,667]},{"mu":94,"s":[758,757]},{"mu":97,"s":[762]},{"mu":111,"s":[797,796,795]},{"mu":119,"s":[811]},{"mu":125,"s":[836]},{"mu":135,"s":[874]},{"mu":142,"s":[893]},{"mu":153,"s":[916,914,915]},{"mu":172,"s":[979,980]},{"mu":176,"s":[1001,1000,999]},{"mu":183,"s":[1096,1097,1098,1092,1093,1094,1095,1088,1089,1090,1091,1087,1086,1085,1084]},{"mu":185,"s":[1106]},{"mu":194,"s":[1132,1131]},{"mu":197,"s":[1136]},{"mu":202,"s":[1168,1169]},{"mu":212,"s":[1214,1213]},{"mu":214,"s":[1217,1218]},{"mu":216,"s":[1220]},{"mu":222,"s":[1234,1235]},{"mu":223,"s":[1236]},{"mu":246,"s":[1296]},{"mu":256,"s":[1318]},{"mu":259,"s":[1322,1323]},{"mu":261,"s":[1333,1335,1334]},{"mu":266,"s":[1352]},{"mu":278,"s":[1400,1399,1398]},{"mu":286,"s":[1416]},{"mu":294,"s":[1437]},{"mu":297,"s":[1448]},{"mu":301,"s":[1458]},{"mu":336,"s":[1601]},{"mu":337,"s":[1602,1603]},{"mu":359,"s":[1649]},{"mu":363,"s":[1657,1656,1655,1654]},{"mu":365,"s":[1665,1667,1666]},{"mu":420,"s":[1873]},{"mu":433,"s":[1907]},{"mu":443,"s":[1933]},{"mu":444,"s":[1934]},{"mu":458,"s":[1976,1977]},{"mu":461,"s":[1991,1992]},{"mu":472,"s":[2056]},{"mu":474,"s":[2060,2061]},{"mu":497,"s":[2148,2149]},{"mu":504,"s":[2171]},{"mu":514,"s":[2199]},{"mu":519,"s":[2235,2236]},{"mu":522,"s":[2245]},{"mu":541,"s":[2316,2317]},{"mu":544,"s":[2324]},{"mu":546,"s":[2331,2334,2333,2332]},{"mu":552,"s":[2363,2365,2364,2366]},{"mu":559,"s":[2407]},{"mu":560,"s":[2408,2409,2410,2411]},{"mu":562,"s":[2417,2418]}],"p":[{"t":1, "v":"144618"},{"t":4, "v":"01:32"},{"t":5, "v":"-4.91"},{"t":6, "v":"-7460"},{"t":7, "v":"0.106959"},{"t":8, "v":"0.528047"}]},{"d":2,"des":[{"mu":2,"s":[2,3,4,5,6,7,8,9,10,11,12,13,14,15,17,16,19,18,21,20,23,22,25,24,27,26,29,28,31,30,34,32,33]},{"mu":24,"s":[137,136,139,138,141,140,143,142,135,134]},{"mu":167,"s":[952,953,954]},{"mu":170,"s":[971,970,969,968,975,974,973,972,963,962,976,977,967,966,965,964]},{"mu":276,"s":[1375,1374,1373,1372,1393,1392,1395,1394,1389,1390,1391,1384,1385,1386,1387,1380,1381,1382,1383,1376,1377,1378,1379,1388]},{"mu":307,"s":[1479,1478,1477,1476,1475,1474,1473,1481,1480]},{"mu":404,"s":[1809,1808,1806,1807,1804,1805,1802,1803,1800,1801,1798,1799,1796,1797,1794,1795,1793]}],"p":[{"t":1, "v":"150388"},{"t":4, "v":"01:29"},{"t":5, "v":"-1.11"},{"t":6, "v":"-1690"},{"t":7, "v":"0.005492"},{"t":8, "v":"0.344842"}]},{"d":3,"des":[{"mu":3,"s":[35,36]},{"mu":8,"s":[65,66,67]},{"mu":10,"s":[70,71,72,73]},{"mu":17,"s":[112,111]},{"mu":47,"s":[373]},{"mu":67,"s":[618,619,617,622,623,620,621,627,626,625,624,631,630,629,628]},{"mu":80,"s":[717,718]},{"mu":98,"s":[763]},{"mu":100,"s":[766,767,768,769]},{"mu":101,"s":[770,771]},{"mu":105,"s":[787,786,785,784,782,783]},{"mu":112,"s":[800,799,798]},{"mu":120,"s":[812,813]},{"mu":129,"s":[846]},{"mu":186,"s":[1107]},{"mu":241,"s":[1285]},{"mu":243,"s":[1291]},{"mu":270,"s":[1362,1361]},{"mu":290,"s":[1422]},{"mu":293,"s":[1431,1434,1435,1432,1433,1436]},{"mu":299,"s":[1453,1452]},{"mu":313,"s":[1494]},{"mu":351,"s":[1639]},{"mu":358,"s":[1647,1648]},{"mu":360,"s":[1651,1650]},{"mu":369,"s":[1675]},{"mu":379,"s":[1701,1700,1699]},{"mu":388,"s":[1739,1738,1740]},{"mu":389,"s":[1741]},{"mu":390,"s":[1742]},{"mu":395,"s":[1776]},{"mu":408,"s":[1827]},{"mu":421,"s":[1874]},{"mu":430,"s":[1904]},{"mu":453,"s":[1964,1963,1962]},{"mu":526,"s":[2260,2258,2259]},{"mu":555,"s":[2391,2392]},{"mu":570,"s":[2443,2442,2441,2440,2447,2446,2445,2444,2439,2438,2437,2436,2448,2449]}],"p":[{"t":1, "v":"153148"},{"t":4, "v":"00:39"},{"t":5, "v":"0.70"},{"t":6, "v":"1070"},{"t":7, "v":"0.002198"},{"t":8, "v":"0.622045"}]},{"d":4,"des":[{"mu":4,"s":[39,40,41]},{"mu":60,"s":[455,454]},{"mu":191,"s":[1117,1118]},{"mu":192,"s":[1119,1128,1126,1127,1124,1125,1122,1123,1120,1121]},{"mu":195,"s":[1133]},{"mu":201,"s":[1165,1164,1167,1166]},{"mu":206,"s":[1177,1178,1179,1180,1181,1182,1183]},{"mu":226,"s":[1241,1242]},{"mu":231,"s":[1253]},{"mu":274,"s":[1370,1369,1368]},{"mu":296,"s":[1441,1440,1443,1442,1445,1444,1447,1446]},{"mu":321,"s":[1515]},{"mu":323,"s":[1540,1535,1536,1537,1538,1539]},{"mu":333,"s":[1588,1587,1586,1585]},{"mu":397,"s":[1778,1779]},{"mu":436,"s":[1912,1911]},{"mu":438,"s":[1915,1914,1917,1916]},{"mu":455,"s":[1969,1970]},{"mu":460,"s":[1987,1990,1989,1988]},{"mu":499,"s":[2151,2154,2155,2152,2153]},{"mu":503,"s":[2167,2170,2169,2168]},{"mu":505,"s":[2172]},{"mu":517,"s":[2232,2233,2231]},{"mu":540,"s":[2311,2314,2315,2312,2313]},{"mu":554,"s":[2390,2389,2388,2387,2386]}],"p":[{"t":1, "v":"151237"},{"t":4, "v":"01:42"},{"t":5, "v":"-0.55"},{"t":6, "v":"-841"},{"t":7, "v":"0.001361"},{"t":8, "v":"0.576894"}]},{"d":5,"des":[{"mu":5,"s":[42]},{"mu":13,"s":[87,89,88]},{"mu":25,"s":[144,145,146]},{"mu":31,"s":[187,188]},{"mu":32,"s":[190,191,189]},{"mu":37,"s":[2451,926,205,204,207,206,201,203,202,220,221,222,223,216,217,218,219,212,213,1280,214,215,208,209,210,211,231,230,229,228,227,226,225,224]},{"mu":55,"s":[395,394,393,392,391,390,389]},{"mu":96,"s":[761]},{"mu":149,"s":[907]},{"mu":157,"s":[924,925]},{"mu":162,"s":[940,939,938]},{"mu":163,"s":[941,942]},{"mu":179,"s":[1005,1006]},{"mu":180,"s":[1008,1007]},{"mu":188,"s":[1110]},{"mu":200,"s":[1163,1162]},{"mu":230,"s":[1252,1251]},{"mu":237,"s":[1278,1279,1281]},{"mu":245,"s":[1294,1295]},{"mu":249,"s":[1303]},{"mu":258,"s":[1320,1321]},{"mu":260,"s":[1324,1325,1326,1327,1329,1328,1331,1330,1332]},{"mu":288,"s":[1418]},{"mu":335,"s":[1600,1599,1598,1597,1596,1595,1594]},{"mu":349,"s":[1636]},{"mu":374,"s":[1683]},{"mu":377,"s":[1690]},{"mu":382,"s":[1706,1705,1704]},{"mu":401,"s":[1787,1788]},{"mu":456,"s":[1972,1971]},{"mu":459,"s":[1986,1985,1984,1980,1981,1982,1983,1978,1979]},{"mu":462,"s":[1994,1993]},{"mu":463,"s":[1995,1998,1997,1996]},{"mu":477,"s":[2070]},{"mu":486,"s":[2117,2118,2119,2120,2121,2122]},{"mu":502,"s":[2166,2165]},{"mu":520,"s":[2238,2239,2237,2241,2240,2243,2242]},{"mu":533,"s":[2274]},{"mu":534,"s":[2288,2289,2287,2286,2285,2284,2283,2282,2281,2280,2279,2278,2277,2276,2275]},{"mu":568,"s":[2434,2433,2432]},{"mu":569,"s":[2435]}],"p":[{"t":1, "v":"154598"},{"t":4, "v":"01:04"},{"t":5, "v":"1.66"},{"t":6, "v":"2520"},{"t":7, "v":"0.012199"},{"t":8, "v":"0.608886"}]},{"d":6,"des":[{"mu":6,"s":[51,50,49,48,55,54,53,52,43,56,46,47,44,45]},{"mu":15,"s":[102,103,100,101,98,99,97]},{"mu":57,"s":[410,411,408,409,414,415,412,413,402,403,400,401,406,407,404,405,399,398,397,417,416,419,418,421,420]},{"mu":199,"s":[1151,1150,1149,1148,1147,1146,1145,1144,1143,1142,1141,1140,1139,1153,1152,1155,1154,1157,1156,1159,1158,1161,1160]},{"mu":207,"s":[1187,1186,1185,1184,1191,1190,1189,1188,1192]},{"mu":263,"s":[1339,1338,1340,1343,1342,1344]},{"mu":325,"s":[1548,1549,1550,1551,1544,1545,1546,1547,1552]},{"mu":405,"s":[1815,1814,1813,1812,1811,1810]},{"mu":525,"s":[2256,2257,2253,2252,2255,2254,2249,2251,2250]}],"p":[{"t":1, "v":"150315"},{"t":4, "v":"01:36"},{"t":5, "v":"-1.16"},{"t":6, "v":"-1763"},{"t":7, "v":"0.005976"},{"t":8, "v":"0.748253"}]},{"d":7,"des":[{"mu":7,"s":[64,59,58,57,63,62,61,60]},{"mu":21,"s":[126,125]},{"mu":46,"s":[372,369,371,370]},{"mu":53,"s":[387]},{"mu":54,"s":[388]},{"mu":86,"s":[743,742,741]},{"mu":90,"s":[750]},{"mu":91,"s":[751,752]},{"mu":93,"s":[756]},{"mu":99,"s":[764,765]},{"mu":103,"s":[776]},{"mu":113,"s":[801,802]},{"mu":126,"s":[837]},{"mu":137,"s":[876]},{"mu":141,"s":[891,892]},{"mu":144,"s":[896]},{"mu":147,"s":[905,904,903,902,901,900]},{"mu":148,"s":[906]},{"mu":158,"s":[927,929,928,930]},{"mu":174,"s":[984,985,982,983]},{"mu":177,"s":[1002]},{"mu":196,"s":[1134,1135]},{"mu":215,"s":[1219]},{"mu":217,"s":[1221,1223,1222,1224]},{"mu":221,"s":[1232,1233]},{"mu":224,"s":[1237]},{"mu":248,"s":[1302]},{"mu":254,"s":[1315]},{"mu":262,"s":[1337,1336]},{"mu":269,"s":[1359,1360]},{"mu":272,"s":[1366,1365]},{"mu":273,"s":[1367]},{"mu":279,"s":[1401]},{"mu":281,"s":[1405,1404,1406]},{"mu":285,"s":[1415]},{"mu":292,"s":[1426,1427,1430,1428,1429]},{"mu":302,"s":[1459,1460]},{"mu":319,"s":[1513]},{"mu":327,"s":[1554]},{"mu":329,"s":[1559,1558]},{"mu":330,"s":[1560]},{"mu":334,"s":[1593,1592,1591,1590,1589]},{"mu":338,"s":[1604]},{"mu":352,"s":[1640]},{"mu":391,"s":[1744,1745,1743]},{"mu":396,"s":[1777]},{"mu":398,"s":[1780,1781]},{"mu":402,"s":[1789]},{"mu":403,"s":[1790,1791,1792]},{"mu":423,"s":[1879,1878]},{"mu":428,"s":[1898,1899,1900,1901,1902]},{"mu":452,"s":[1961,1960]},{"mu":457,"s":[1973,1974,1975]},{"mu":464,"s":[2000,2001,1999]},{"mu":465,"s":[2002,2003]},{"mu":479,"s":[2073,2072,2075,2074]},{"mu":480,"s":[2076]},{"mu":485,"s":[2116,2112,2113,2114,2115]},{"mu":488,"s":[2125,2126]},{"mu":489,"s":[2127]},{"mu":493,"s":[2135,2137,2136,2138]},{"mu":494,"s":[2139]},{"mu":495,"s":[2141,2140,2143,2142]},{"mu":511,"s":[2187,2186,2188]},{"mu":518,"s":[2234]},{"mu":521,"s":[2244]},{"mu":523,"s":[2247,2246]},{"mu":524,"s":[2248]},{"mu":527,"s":[2261]},{"mu":539,"s":[2306,2307,2305,2310,2308,2309]},{"mu":543,"s":[2323,2322,2321]},{"mu":547,"s":[2335]},{"mu":548,"s":[2336,2337,2338]},{"mu":551,"s":[2362]},{"mu":556,"s":[2393]},{"mu":565,"s":[2422]}],"p":[{"t":1, "v":"154328"},{"t":4, "v":"01:00"},{"t":5, "v":"1.48"},{"t":6, "v":"2250"},{"t":7, "v":"0.009724"},{"t":8, "v":"0.435267"}]},{"d":8,"des":[{"mu":9,"s":[68,69]},{"mu":50,"s":[379,378]},{"mu":51,"s":[381,380,383,385,382,384]},{"mu":64,"s":[468,466,467,464,465,463,462,461]},{"mu":75,"s":[668]},{"mu":109,"s":[793,792]},{"mu":114,"s":[803]},{"mu":117,"s":[809]},{"mu":122,"s":[821,820,823,822,829,828,830,825,824,827,826]},{"mu":128,"s":[842,843,841,844,845]},{"mu":143,"s":[895,894]},{"mu":159,"s":[931]},{"mu":161,"s":[937,936,935,934]},{"mu":168,"s":[956,957,955]},{"mu":198,"s":[1138,1137]},{"mu":204,"s":[1172,1173,1174,1175]},{"mu":205,"s":[1176]},{"mu":219,"s":[1227,1226]},{"mu":233,"s":[1266]},{"mu":235,"s":[1271,1274,1275,1272,1273]},{"mu":282,"s":[1407,1408]},{"mu":314,"s":[1495]},{"mu":326,"s":[1553]},{"mu":331,"s":[1561,1563,1562]},{"mu":340,"s":[1606]},{"mu":346,"s":[1626]},{"mu":356,"s":[1644,1645]},{"mu":357,"s":[1646]},{"mu":368,"s":[1673,1674]},{"mu":381,"s":[1703]},{"mu":410,"s":[1832,1833,1829,1830,1831]},{"mu":411,"s":[1836,1837,1834,1835]},{"mu":412,"s":[1838]},{"mu":429,"s":[1903]},{"mu":450,"s":[1953,1952,1954,1951]},{"mu":476,"s":[2065,2067,2066,2069,2068]},{"mu":550,"s":[2353,2352,2355,2354,2357,2356,2359,2358,2361,2360]},{"mu":561,"s":[2416,2412,2413,2414,2415]},{"mu":563,"s":[2420,2419]}],"p":[{"t":1, "v":"150015"},{"t":4, "v":"01:35"},{"t":5, "v":"-1.36"},{"t":6, "v":"-2063"},{"t":7, "v":"0.008182"},{"t":8, "v":"0.518990"}]},{"d":9,"des":[{"mu":11,"s":[76,74,75]},{"mu":44,"s":[357,364,361,343,342,341,340,339,338,337,336,351,350,349,348,347,346,345,344,356,358,359,352,353,354,355,334,335,333,360,362,363]},{"mu":131,"s":[851,855,854,853,852,859,858,857,856,861,860]},{"mu":133,"s":[866,867,868,869,870]},{"mu":164,"s":[943,948,944,945,946,947]},{"mu":181,"s":[1009]},{"mu":232,"s":[1255,1254,1263,1262,1261,1260,1259,1258,1257,1256,1264,1265]},{"mu":418,"s":[1864,1865,1862,1863,1860,1861]},{"mu":469,"s":[2032,2025,2027,2026,2029,2028,2031,2030]}],"p":[{"t":1, "v":"144031"},{"t":4, "v":"01:22"},{"t":5, "v":"-5.29"},{"t":6, "v":"-8047"},{"t":7, "v":"0.124452"},{"t":8, "v":"1.141933"}]},{"d":10,"des":[{"mu":12,"s":[77,78,79,85,84,86,81,80,83,82]},{"mu":35,"s":[197,196,195,194]},{"mu":52,"s":[386]},{"mu":280,"s":[1403,1402]},{"mu":305,"s":[1465,1466,1467,1468,1469,1470,1471]},{"mu":413,"s":[1839,1840]},{"mu":419,"s":[1872,1866,1867,1870,1871,1868,1869]},{"mu":422,"s":[1875,1877,1876]},{"mu":427,"s":[1896,1897,1888,1889,1890,1891,1892,1893,1894,1895]},{"mu":441,"s":[1928]},{"mu":454,"s":[1968,1965,1967,1966]},{"mu":466,"s":[2004]},{"mu":471,"s":[2050,2051,2052,2053,2055]},{"mu":473,"s":[2057,2058,2059]},{"mu":507,"s":[2175]},{"mu":513,"s":[2191,2190,2192,2193,2194,2195,2196,2197,2198]},{"mu":515,"s":[2200,2201,2202,2203,2204,2205,2206,2207,2054,2226,2227,2224,2225,2228,2219,2218,2217,2216,2223,2222,2221,2220,2211,2210,2209,2208,2215,2214,2213,2212]}],"p":[{"t":1, "v":"150919"},{"t":4, "v":"01:21"},{"t":5, "v":"-0.76"},{"t":6, "v":"-1159"},{"t":7, "v":"0.002584"},{"t":8, "v":"0.632161"}]},{"d":11,"des":[{"mu":14,"s":[96,93,92,95,94,91,90]},{"mu":59,"s":[440,441,442,443,444,445,446,447,432,433,434,435,436,437,438,439,453,452,451,450,449,448]},{"mu":61,"s":[457,456]},{"mu":82,"s":[728,729,730,731,732,733,721,722,723,724,725,726,727]},{"mu":92,"s":[754,755,753]},{"mu":110,"s":[794]},{"mu":123,"s":[834,832,833,831]},{"mu":145,"s":[898,897]},{"mu":151,"s":[912,911]},{"mu":165,"s":[949,950]},{"mu":209,"s":[1204]},{"mu":211,"s":[1210,1211,1212]},{"mu":236,"s":[1276,1277]},{"mu":252,"s":[1311,1310,1312,1313]},{"mu":264,"s":[1346,1345]},{"mu":265,"s":[1350,2450,1351,1348,1349,1347]},{"mu":277,"s":[1397,1396]},{"mu":289,"s":[1419,1421,1420]},{"mu":317,"s":[1511]},{"mu":344,"s":[1614,1615,1616]},{"mu":353,"s":[1641]},{"mu":361,"s":[1652]},{"mu":362,"s":[1653]},{"mu":366,"s":[1669,1668,1670]},{"mu":370,"s":[1676]},{"mu":385,"s":[1711,1710,1709]},{"mu":393,"s":[1770,1769]},{"mu":425,"s":[1883,1882,1886,1885,1884]},{"mu":496,"s":[2146,2147,2144,2145]},{"mu":512,"s":[2189]},{"mu":529,"s":[2264]},{"mu":535,"s":[2290]}],"p":[{"t":1, "v":"154156"},{"t":4, "v":"01:27"},{"t":5, "v":"1.37"},{"t":6, "v":"2078"},{"t":7, "v":"0.008294"},{"t":8, "v":"0.721268"}]},{"d":12,"des":[{"mu":16,"s":[110,108,109,106,107,104,105]},{"mu":40,"s":[255,256,257]},{"mu":49,"s":[375,377,376]},{"mu":78,"s":[713,712]},{"mu":83,"s":[734,735]},{"mu":102,"s":[774,775,772,773]},{"mu":107,"s":[789]},{"mu":118,"s":[810]},{"mu":124,"s":[835]},{"mu":130,"s":[850,849,848,847]},{"mu":171,"s":[978]},{"mu":210,"s":[1206,1207,1205,1208,1209]},{"mu":218,"s":[1225]},{"mu":239,"s":[1283]},{"mu":250,"s":[1305,1304]},{"mu":253,"s":[1314]},{"mu":257,"s":[1319]},{"mu":268,"s":[1358,1356,1357,1354,1355]},{"mu":284,"s":[1411,1414,1413,1412]},{"mu":295,"s":[1438,1439]},{"mu":315,"s":[1496,1497]},{"mu":318,"s":[1512]},{"mu":343,"s":[1613]},{"mu":371,"s":[1677]},{"mu":372,"s":[1679,1678]},{"mu":373,"s":[1680,1681,1682]},{"mu":380,"s":[1702]},{"mu":383,"s":[1707]},{"mu":384,"s":[1708]},{"mu":394,"s":[1771,1775,1774,1773,1772]},{"mu":409,"s":[1828]},{"mu":424,"s":[1881,1880]},{"mu":431,"s":[1905]},{"mu":445,"s":[1935]},{"mu":446,"s":[1936]},{"mu":447,"s":[1938,1939,1937]},{"mu":482,"s":[2084,2085]},{"mu":483,"s":[2086,2087]},{"mu":500,"s":[2156,2157]},{"mu":501,"s":[2164,2163,2162,2161,2160,2158,2159]},{"mu":510,"s":[2185]},{"mu":528,"s":[2262,2263]},{"mu":532,"s":[2273]},{"mu":549,"s":[2339,2340,2341,2342,2343,2344,2345,2346,2347,2348,2349,2350,2351]},{"mu":553,"s":[2374,2375,2372,2373,2370,2371,2368,2369,2382,2383,2380,2381,2378,2379,2376,2377,2385,2384,2452,2367]}],"p":[{"t":1, "v":"150415"},{"t":4, "v":"01:06"},{"t":5, "v":"-1.09"},{"t":6, "v":"-1663"},{"t":7, "v":"0.005318"},{"t":8, "v":"0.537939"}]},{"d":13,"des":[{"mu":18,"s":[116,115,114,113]},{"mu":20,"s":[124,123,122,121]},{"mu":28,"s":[171,170,169,168,175,174,173,172,163,162,161,160,167,166,165,164,157,158,159]},{"mu":48,"s":[374]},{"mu":68,"s":[632]},{"mu":77,"s":[711,710]},{"mu":134,"s":[871,872,873]},{"mu":146,"s":[899]},{"mu":150,"s":[910,909,908]},{"mu":152,"s":[913]},{"mu":155,"s":[920]},{"mu":156,"s":[922,923,921]},{"mu":169,"s":[958,959,961,960]},{"mu":203,"s":[1170,1171]},{"mu":229,"s":[1250,1249]},{"mu":238,"s":[1282]},{"mu":267,"s":[1353]},{"mu":287,"s":[1417]},{"mu":312,"s":[1493]},{"mu":341,"s":[1608,1607]},{"mu":348,"s":[1634,1635]},{"mu":350,"s":[1638,1637]},{"mu":387,"s":[1731,1730,1733,1732,1735,1734,1737,1736]},{"mu":434,"s":[1908]},{"mu":449,"s":[1950]},{"mu":451,"s":[1957,1956,1959,1958,1955]},{"mu":478,"s":[2071]},{"mu":492,"s":[2133,2134]},{"mu":516,"s":[2230,2229]},{"mu":530,"s":[2268,2269,2270,2271,2265,2266,2267]},{"mu":536,"s":[2300,2298,2299,2296,2297,2294,2295,2292,2293,2291]},{"mu":538,"s":[2304]},{"mu":564,"s":[2421]},{"mu":567,"s":[2431,2430]}],"p":[{"t":1, "v":"161157"},{"t":4, "v":"01:51"},{"t":5, "v":"5.97"},{"t":6, "v":"9079"},{"t":7, "v":"0.158384"},{"t":8, "v":"0.731131"}]},{"d":14,"des":[{"mu":19,"s":[119,118,117,120]},{"mu":23,"s":[131,133,132]},{"mu":36,"s":[200,199,198]},{"mu":71,"s":[653,652,655,654,649,648,651,650,645,644,647,646,643,660,656,657,658,659]},{"mu":73,"s":[664,665,663]},{"mu":85,"s":[739,738,740]},{"mu":208,"s":[1195,1194,1193,1199,1198,1197,1196,1202,1203,1200,1201]},{"mu":240,"s":[1284]},{"mu":242,"s":[1290,1288,1289,1286,1287]},{"mu":298,"s":[1449,1451,1450]},{"mu":345,"s":[1625,1624,1617,1619,1618,1621,1620,1623,1622]},{"mu":378,"s":[1698,1697,1696,1692,1693,1694,1695,1691]},{"mu":448,"s":[1942,1943,1940,1941,1948,1949,1946,1947,1944,1945]},{"mu":470,"s":[2033,2034,2035,2036,2037,2038,2039,2040,2041,2042,2043,2044,2045,2046,2047,2048,2049,2453]}],"p":[{"t":1, "v":"150850"},{"t":4, "v":"01:29"},{"t":5, "v":"-0.81"},{"t":6, "v":"-1228"},{"t":7, "v":"0.002900"},{"t":8, "v":"0.532507"}]},{"d":15,"des":[{"mu":22,"s":[127,129,128,130]},{"mu":27,"s":[153,154,155,156]},{"mu":29,"s":[178,179,176,177]},{"mu":38,"s":[235,234,233,232]},{"mu":39,"s":[239,238,237,236,254,252,253,250,251,248,249,246,247,244,245,242,243,240,241]},{"mu":58,"s":[425,424,427,426,429,428,431,430,423,422]},{"mu":95,"s":[760,759]},{"mu":106,"s":[788]},{"mu":115,"s":[804,805,806]},{"mu":136,"s":[875]},{"mu":139,"s":[882]},{"mu":160,"s":[933,932]},{"mu":173,"s":[981]},{"mu":175,"s":[986,987,990,991,988,989,993,992,995,994,997,996,998]},{"mu":187,"s":[1109,1108]},{"mu":189,"s":[1111]},{"mu":193,"s":[1130,1129]},{"mu":220,"s":[1229,1228,1231,1230]},{"mu":228,"s":[1248]},{"mu":234,"s":[1270,1268,1269,1267]},{"mu":244,"s":[1292,1293]},{"mu":255,"s":[1316,1317]},{"mu":275,"s":[1371]},{"mu":309,"s":[1484]},{"mu":311,"s":[1492]},{"mu":320,"s":[1514]},{"mu":324,"s":[1541,1542,1543]},{"mu":328,"s":[1557,1556,1555]},{"mu":354,"s":[1642]},{"mu":355,"s":[1643]},{"mu":375,"s":[1685]},{"mu":399,"s":[1782,1783]},{"mu":417,"s":[1859]},{"mu":426,"s":[1887]},{"mu":432,"s":[1906]},{"mu":435,"s":[1909,1910]},{"mu":437,"s":[1913]},{"mu":439,"s":[1918]},{"mu":491,"s":[2132,2131]},{"mu":531,"s":[2272]},{"mu":545,"s":[2327,2326,2325,2330,2329,2328]},{"mu":558,"s":[2405,2406]}],"p":[{"t":1, "v":"157840"},{"t":4, "v":"01:24"},{"t":5, "v":"3.79"},{"t":6, "v":"5762"},{"t":7, "v":"0.063791"},{"t":8, "v":"0.457880"}]},{"d":16,"des":[{"mu":26,"s":[152,147,148,149,150,151]},{"mu":104,"s":[780,781,778,779,777]},{"mu":339,"s":[1605]},{"mu":386,"s":[1729,1728,38,37,1718,1719,1716,1717,1714,1715,1712,1713,1726,1727,1724,1725,1722,1723,1720,1721]},{"mu":566,"s":[2423,2429,2428,2425,2424,2427,2426]}],"p":[{"t":1, "v":"153475"},{"t":4, "v":"00:09"},{"t":5, "v":"0.92"},{"t":6, "v":"1397"},{"t":7, "v":"0.003748"},{"t":8, "v":"0.395085"}]},{"d":17,"des":[{"mu":30,"s":[186,184,185,182,183,180,181]},{"mu":43,"s":[283,287,286,285,284,326,327,324,325,322,323,320,321,332,330,331,328,329,305,304,307,306,309,308,311,310,313,312,315,314,317,316,319,318,288,289,290,291,292,293,294,295,296,297,298,299,300,301,302,303]},{"mu":72,"s":[661,662]},{"mu":127,"s":[838,839,840]},{"mu":138,"s":[881,880,877,878,879]},{"mu":140,"s":[883,885,884,887,886,889,888,890]},{"mu":481,"s":[2082,2083,2080,2081,2077,2079,2078]},{"mu":509,"s":[2184,2181,2180,2183,2182]},{"mu":557,"s":[2404,2400,2401,2402,2403,2399,2398,2397,2396,2395,2394]}],"p":[{"t":1, "v":"152188"},{"t":4, "v":"00:41"},{"t":5, "v":"0.07"},{"t":6, "v":"110"},{"t":7, "v":"0.000023"},{"t":8, "v":"0.718643"}]},{"d":18,"des":[{"mu":41,"s":[275,258,274,259,273,272,262,263,260,261,266,267,264,265,270,271,268,269]},{"mu":76,"s":[687,686,685,684,683,682,681,680,679,678,677,676,675,674,673,672,702,703,700,701,698,699,696,697,694,695,692,693,690,691,688,689,705,704,707,706,709,708,669,670,671]},{"mu":121,"s":[817,816,819,818,814,815]},{"mu":247,"s":[1299,1298,1297,1301,1300]},{"mu":303,"s":[1461,1462]},{"mu":306,"s":[1472]},{"mu":442,"s":[1932,1931,1930,1929]}],"p":[{"t":1, "v":"154558"},{"t":4, "v":"00:40"},{"t":5, "v":"1.63"},{"t":6, "v":"2480"},{"t":7, "v":"0.011815"},{"t":8, "v":"0.926208"}]},{"d":19,"des":[{"mu":56,"s":[396]},{"mu":69,"s":[635,634,633,637,636]},{"mu":79,"s":[715,714,716]},{"mu":87,"s":[746,745,744]},{"mu":108,"s":[791,790]},{"mu":166,"s":[951]},{"mu":178,"s":[1003,1004]},{"mu":184,"s":[1100,1101,1102,1103,1099,1105,1104]},{"mu":190,"s":[1116,1113,1112,1115,1114]},{"mu":225,"s":[1238,1239,1240]},{"mu":283,"s":[1410,1409]},{"mu":300,"s":[1456,1457,1455,1454]},{"mu":310,"s":[1490,1491,1488,1489,1487,1486,1485]},{"mu":342,"s":[1609,1610,1611,1612]},{"mu":367,"s":[1671,1672]},{"mu":407,"s":[1826]},{"mu":416,"s":[1858,1856,1857]},{"mu":467,"s":[2006,2007,2005,2010,2011,2008,2009]},{"mu":475,"s":[2064,2062,2063]},{"mu":484,"s":[2099,2098,2097,2096,2103,2102,2101,2100,2107,2106,2105,2104,2111,2110,2109,2108,2090,2091,2088,2089,2094,2095,2092,2093]},{"mu":487,"s":[2124,2123]},{"mu":506,"s":[2174,2173]}],"p":[{"t":1, "v":"154896"},{"t":4, "v":"00:59"},{"t":5, "v":"1.85"},{"t":6, "v":"2818"},{"t":7, "v":"0.015255"},{"t":8, "v":"0.473186"}]},{"d":20,"des":[{"mu":70,"s":[639,638,641,640,642]},{"mu":116,"s":[807,808]},{"mu":251,"s":[1307,1306,1309,1308]},{"mu":304,"s":[1463,1464]},{"mu":322,"s":[1524,1525,1527,1520,1521,1522,1523,1532,1533,1534,1528,1529,1530,1531,1517,1516,1519,1518]},{"mu":406,"s":[1823,1822,1821,1820,1819,1818,1817,1816,1824,1825]},{"mu":414,"s":[1849,1848,1850,1845,1844,1847,1846,1841,1843,1842]},{"mu":440,"s":[1927,1926,1925,1924,1923,1922,1919,1921,1920]},{"mu":508,"s":[2177,2176,2179,2178]}],"p":[{"t":1, "v":"153260"},{"t":4, "v":"01:14"},{"t":5, "v":"0.78"},{"t":6, "v":"1182"},{"t":7, "v":"0.002683"},{"t":8, "v":"0.596513"}]},{"d":21,"des":[{"mu":33,"s":[192]},{"mu":63,"s":[460,459]},{"mu":81,"s":[719,720]},{"mu":84,"s":[737,736]},{"mu":88,"s":[747,748]},{"mu":89,"s":[749]},{"mu":132,"s":[864,865,863,862]},{"mu":227,"s":[1244,1245,1246,1247,1243]},{"mu":291,"s":[1424,1425,1423]},{"mu":308,"s":[1483,1482]},{"mu":347,"s":[1627,1629,1628,1631,1630,1632,1633]},{"mu":376,"s":[1686,1687,1688,1689]},{"mu":392,"s":[1763,1762,1761,1760,1767,1766,1765,1764,1768,1746,1747,1748,1749,1750,1751,1752,1753,1754,1755,1756,1757,1758,1759]},{"mu":537,"s":[2302,2303,2301]}],"p":[{"t":1, "v":"142020"},{"t":4, "v":"00:23"},{"t":5, "v":"-6.61"},{"t":6, "v":"-10058"},{"t":7, "v":"0.194423"},{"t":8, "v":"0.601814"}]},{"d":22,"des":[{"mu":182,"s":[1032,1033,1034,1035,1036,1037,1038,1039,1024,1025,1026,1027,1028,1029,1030,1031,1049,1048,1051,1050,1053,1052,1055,1054,1041,1040,1043,1042,1045,1044,1047,1046,1066,1067,1064,1065,1070,1071,1068,1069,1058,1059,1056,1057,1062,1063,1060,1061,1083,1082,1081,1080,1075,1074,1073,1072,1079,1078,1077,1076,1016,1017,1018,1019,1020,1021,1022,1023,1010,1011,1012,1013,1014,1015]}],"p":[{"t":1, "v":"155764"},{"t":4, "v":"00:00"},{"t":5, "v":"2.42"},{"t":6, "v":"3686"},{"t":7, "v":"0.026102"},{"t":8, "v":"0.779390"}]},{"d":23,"des":[{"mu":213,"s":[1216,1215]},{"mu":271,"s":[1364,1363]},{"mu":316,"s":[1509,1508,1510,1505,1504,1507,1506,1502,1503,1500,1501,1498,1499]},{"mu":332,"s":[1582,1583,1580,1581,1578,1579,1576,1577,1574,1575,1572,1573,1570,1571,1568,1569,1565,1564,1567,1566,1584]},{"mu":364,"s":[1659,1658,1663,1662,1664,1661,1660]},{"mu":415,"s":[1853,1852,1855,1854,1851]},{"mu":468,"s":[2017,2016,2019,2018,2021,2020,2023,2022,2024,2014,2015,2012,2013]},{"mu":490,"s":[2129,2128,2130]},{"mu":498,"s":[2150]},{"mu":542,"s":[2320,2318,2319]}],"p":[{"t":1, "v":"154217"},{"t":4, "v":"01:26"},{"t":5, "v":"1.41"},{"t":6, "v":"2139"},{"t":7, "v":"0.008788"},{"t":8, "v":"0.391789"}]},{"d":24,"des":[{"mu":66,"s":[504,505,484,544,545,558,559,567,566,565,564,563,562,561,560,575,574,573,572,571,570,568,524,525,541,540,543,542,539,610,611,608,609,614,615,612,613,576,577,578,579,580,581,582,583,584,585,586,587,588,589,590,591,593,592,595,594,597,596,599,598,601,600,603,602,605,604,607,606]},{"mu":154,"s":[918,919,917]},{"mu":400,"s":[1786,1784,1785]}],"p":[{"t":1, "v":"151156"},{"t":4, "v":"00:08"},{"t":5, "v":"-0.61"},{"t":6, "v":"-922"},{"t":7, "v":"0.001635"},{"t":8, "v":"0.346657"}]},{"d":25,"des":[{"mu":66,"s":[478,479,476,477,474,475,472,473,470,471,508,509,510,511,506,507,500,501,502,503,496,497,498,499,493,492,495,494,489,488,491,490,485,487,486,481,480,483,482,550,551,548,549,546,547,556,557,554,555,552,553,569,516,517,518,519,512,513,514,515,526,527,520,521,522,523,533,532,535,534,529,528,531,530,537,536,538,616]}],"p":[{"t":1, "v":"152413"},{"t":4, "v":"00:00"},{"t":5, "v":"0.22"},{"t":6, "v":"335"},{"t":7, "v":"0.000215"},{"t":8, "v":"0.360019"}]}],"calificaciones":[{"t":"1","a":"1.0","p":"0.782500","sp":"0.782500"},{"t":"2","a":"0.5","p":"14.727347","sp":"29.454693"}],"total":{"p":15.509847,"sp":30.237193},"sellos":[{"n":"escenario","v":"md5"},{"n":"calificacion","v":"md5"},{"n":"municipios","v":"md5"},{"n":"secciones","v":"md5"},{"n":"tiemposmunicipios","v":"md5"}],"version":"Versi�n 1.2c rev 2"}