{"entidad":26,"partes":[{"id":0,"nombre":"","tipologia":6,"primerdistrito":0,"distritos":4,"municipios":[{"id":1,"fraccion":0},{"id":2,"fraccion":0},{"id":3,"fraccion":0},{"id":4,"fraccion":0},{"id":5,"fraccion":0},{"id":6,"fraccion":1},{"id":7,"fraccion":1},{"id":8,"fraccion":0},{"id":9,"fraccion":0},{"id":10,"fraccion":0},{"id":11,"fraccion":0},{"id":12,"fraccion":0},{"id":13,"fraccion":0},{"id":14,"fraccion":0},{"id":15,"fraccion":0},{"id":16,"fraccion":0},{"id":17,"fraccion":0},{"id":18,"fraccion":1},{"id":19,"fraccion":0},{"id":20,"fraccion":1},{"id":21,"fraccion":0},{"id":22,"fraccion":1},{"id":23,"fraccion":0},{"id":24,"fraccion":0},{"id":26,"fraccion":0},{"id":27,"fraccion":0},{"id":28,"fraccion":0},{"id":29,"fraccion":0},{"id":31,"fraccion":1},{"id":32,"fraccion":0},{"id":33,"fraccion":1},{"id":34,"fraccion":1},{"id":35,"fraccion":0},{"id":36,"fraccion":0},{"id":37,"fraccion":1},{"id":38,"fraccion":0},{"id":39,"fraccion":0},{"id":40,"fraccion":1},{"id":41,"fraccion":0},{"id":42,"fraccion":0},{"id":43,"fraccion":0},{"id":44,"fraccion":0},{"id":45,"fraccion":0},{"id":46,"fraccion":0},{"id":47,"fraccion":0},{"id":48,"fraccion":0},{"id":50,"fraccion":1},{"id":51,"fraccion":0},{"id":52,"fraccion":0},{"id":54,"fraccion":0},{"id":56,"fraccion":0},{"id":57,"fraccion":0},{"id":62,"fraccion":0},{"id":64,"fraccion":0},{"id":66,"fraccion":1},{"id":67,"fraccion":0},{"id":68,"fraccion":0},{"id":69,"fraccion":0},{"id":70,"fraccion":0}]},{"id":1,"nombre":"HERMOSILLO","tipologia":1,"primerdistrito":4,"distritos":6,"municipios":[{"id":49,"fraccion":1}]},{"id":2,"nombre":"CAJEME","tipologia":1,"primerdistrito":10,"distritos":3,"municipios":[{"id":59,"fraccion":1}]},{"id":3,"nombre":"NOGALES","tipologia":2,"primerdistrito":13,"distritos":2,"municipios":[{"id":25,"fraccion":0},{"id":30,"fraccion":1}]},{"id":4,"nombre":"SAN LUIS RIO COLORADO","tipologia":2,"primerdistrito":15,"distritos":2,"municipios":[{"id":53,"fraccion":0},{"id":55,"fraccion":1}]},{"id":5,"nombre":"GUAYMAS","tipologia":4,"primerdistrito":17,"distritos":2,"municipios":[{"id":72,"fraccion":0},{"id":58,"fraccion":0},{"id":60,"fraccion":0},{"id":61,"fraccion":1}]},{"id":6,"nombre":"NAVOJOA","tipologia":4,"primerdistrito":19,"distritos":2,"municipios":[{"id":65,"fraccion":1},{"id":71,"fraccion":0},{"id":63,"fraccion":0}]}],"cumulos":[{"id":0,"tipo":0,"secciones":[598,618]},{"id":1,"tipo":0,"secciones":[731,732,733]},{"id":2,"tipo":0,"secciones":[936,938]},{"id":3,"tipo":0,"secciones":[956,957,958,959]},{"id":4,"tipo":0,"secciones":[964,965]},{"id":5,"tipo":0,"secciones":[966,971]},{"id":6,"tipo":0,"secciones":[976,977,978,979,980,973,974,975]},{"id":7,"tipo":0,"secciones":[1097,1098]},{"id":8,"tipo":0,"secciones":[1272,1278]},{"id":9,"tipo":0,"secciones":[1380,1381]},{"id":10,"tipo":2,"secciones":[1,2]},{"id":11,"tipo":2,"secciones":[3,4,5,6,7,8,9,10,11,12,13,14,15,16,17,18,19,20,21,22,23,24,25,26,27,28,29,30,31,32]},{"id":12,"tipo":2,"secciones":[34,1362,35,1363,1364,37,1365]},{"id":13,"tipo":2,"secciones":[38,39,40]},{"id":14,"tipo":2,"secciones":[41,42,43,44,45]},{"id":15,"tipo":2,"secciones":[48,49,50,51]},{"id":16,"tipo":2,"secciones":[52,53]},{"id":17,"tipo":2,"secciones":[54,55]},{"id":18,"tipo":2,"secciones":[56,57]},{"id":19,"tipo":2,"secciones":[58,59,60,61,62,63]},{"id":20,"tipo":2,"secciones":[64,65]},{"id":21,"tipo":2,"secciones":[66,67,68,69]},{"id":22,"tipo":2,"secciones":[70,71,72,73,74,75,76,77,78,79,80,81,82,83,84,85,86,87,88]},{"id":23,"tipo":2,"secciones":[89,90,91]},{"id":24,"tipo":2,"secciones":[96,97,98,99,92,93,94,95]},{"id":25,"tipo":2,"secciones":[101,102,103,104,105]},{"id":26,"tipo":2,"secciones":[107,108]},{"id":27,"tipo":2,"secciones":[110,111]},{"id":28,"tipo":2,"secciones":[112,113,114,115,116,117,120,121,122]},{"id":29,"tipo":2,"secciones":[128,129,130,131,132,133,134,135,136,137,123,124,125,126,127]},{"id":30,"tipo":2,"secciones":[138,139,140,141]},{"id":31,"tipo":2,"secciones":[144,145,142,143]},{"id":32,"tipo":2,"secciones":[146,147,148]},{"id":33,"tipo":2,"secciones":[149,150,151,152,153,154,155,156,157,158]},{"id":34,"tipo":2,"secciones":[240,241,243,244,245,246,233,234,235,236,238,239]},{"id":35,"tipo":2,"secciones":[249,250,251]},{"id":36,"tipo":2,"secciones":[256,257,258,259,260,261,262,263,252,253,254,255]},{"id":37,"tipo":2,"secciones":[265,266]},{"id":38,"tipo":2,"secciones":[272,267,268,269,270,271]},{"id":39,"tipo":2,"secciones":[274,275,276]},{"id":40,"tipo":2,"secciones":[278,279,280]},{"id":41,"tipo":2,"secciones":[281,282,283,284,285]},{"id":42,"tipo":2,"secciones":[288,286,287]},{"id":43,"tipo":2,"secciones":[289,290,291]},{"id":44,"tipo":2,"secciones":[320,321,322,323,324,325,326,327,328,292,293,294,295,296,297,298,299,300,301,302,303,304,305,306,307,308,309,310,311,312,313,314,315,316,317,319]},{"id":45,"tipo":2,"secciones":[329,330]},{"id":46,"tipo":2,"secciones":[331,332,333,334,335]},{"id":47,"tipo":2,"secciones":[624,620,621,622,623]},{"id":48,"tipo":2,"secciones":[625,626,629,630,1366,1367]},{"id":49,"tipo":2,"secciones":[640,641,642,643,644,645,646,647,648,631,632,633,634,635,636,637,638,639]},{"id":50,"tipo":2,"secciones":[649,650,651]},{"id":51,"tipo":2,"secciones":[743,744,745,746]},{"id":52,"tipo":2,"secciones":[747,748,749,750,751,752,753,754,755,756,757,758,759]},{"id":53,"tipo":2,"secciones":[768,769,770,771,772,760,761,762,763,764,765,766,767]},{"id":54,"tipo":2,"secciones":[992,993,994,995,996,997,998,999,1000,1001,1002,1003,1004,1005,1006,1007,1008,1009,1010,1011,1012,1013,1014,1015,1016,1017,1018,1019,1020,1021]},{"id":55,"tipo":2,"secciones":[1109,1110,1111,1112,1113,1114,1115,1116,1117,1118,1119,1120,1121,1122,1123,1124,1125,1126,1127,1128,1129,1130,1131,1132,1133,1134,1135,1136,1137]},{"id":56,"tipo":2,"secciones":[1153,1154,1158,1159,1160,1161,1162,1163,1164,1165,1166,1167,1168,1169,1170,1171,1172,1173,1174,1175,1176,1177,1178,1179,1180,1181,1182,1183,1184,1185,1186,1187,1188,1138,1139,1140,1141,1143,1144,1145]},{"id":57,"tipo":2,"secciones":[1216,1217,1218,1219,1220,1221,1222,1223,1224,1225,1226,1227,1228,1229,1189,1190,1191,1192,1193,1194,1195,1196,1197,1198,1199,1200,1201,1202,1203,1204,1205,1206,1207,1208,1209,1210,1211,1212,1213,1214,1215]},{"id":58,"tipo":2,"secciones":[1307,1308,1309]},{"id":59,"tipo":2,"secciones":[1312,1313,1314,1315,1310,1311]},{"id":60,"tipo":2,"secciones":[1316,1317,1318,1319,1320,1321,1322]},{"id":61,"tipo":2,"secciones":[1328,1329,1330,1323,1324,1325,1326,1327]},{"id":62,"tipo":2,"secciones":[1152,1331,1155,1156,1157,1142,1146,1147,1148,1149,1150,1151]},{"id":63,"tipo":2,"secciones":[1104,1105,1106,1107,1108,1101,1102,1103]},{"id":64,"tipo":3,"secciones":[1058,1082]},{"id":65,"tipo":3,"secciones":[933,934,935]},{"id":66,"tipo":3,"secciones":[1298,1299,1300,1301]}],"separados":[{"id":0,"municipio1":40,"municipio2":61,"tiempo":253.0000,"tiempopromedio":76.0955,"desviacion":51.1782}],"distritos":[{"d":1,"dinx":1,"des":[{"mu":34,"s":[248]},{"mu":39,"s":[272,267,268,269,270,271]},{"mu":40,"s":[273]},{"mu":48,"s":[331,332,333,334,335]},{"mu":62,"s":[1109,1110,1111,1112,1113,1114,1115,1116,1117,1118,1119,1120,1121,1122,1123,1124,1125,1126,1127,1128,1129,1130,1131,1132,1133,1134,1135,1136,1137]},{"mu":64,"s":[1216,1217,1218,1219,1220,1221,1222,1223,1224,1225,1226,1227,1228,1229,1189,1190,1191,1192,1193,1194,1195,1196,1197,1198,1199,1200,1201,1202,1203,1204,1205,1206,1207,1208,1209,1210,1211,1212,1213,1214,1215]},{"mu":66,"s":[1306]},{"mu":67,"s":[1307,1308,1309]},{"mu":68,"s":[1312,1313,1314,1315,1310,1311]},{"mu":69,"s":[1316,1317,1318,1319,1320,1321,1322]}],"p":[{"t":1, "v":"124155"},{"t":4, "v":"03:00"},{"t":5, "v":"-2.07"},{"t":6, "v":"-2630"},{"t":7, "v":"0.019121"},{"t":8, "v":"0.997970"}]},{"d":2,"dinx":2,"des":[{"mu":3,"s":[34,1362,35,1363,1364,37,1365]},{"mu":6,"s":[46]},{"mu":31,"s":[232]},{"mu":38,"s":[265,266]},{"mu":42,"s":[278,279,280]},{"mu":43,"s":[281,282,283,284,285]},{"mu":46,"s":[320,321,322,323,324,325,326,327,328,292,293,294,295,296,297,298,299,300,301,302,303,304,305,306,307,308,309,310,311,312,313,314,315,316,317,319]},{"mu":52,"s":[625,626,629,630,1366,1367]},{"mu":70,"s":[1328,1329,1330,1323,1324,1325,1326,1327]}],"p":[{"t":1, "v":"122727"},{"t":4, "v":"01:02"},{"t":5, "v":"-3.20"},{"t":6, "v":"-4058"},{"t":7, "v":"0.045526"},{"t":8, "v":"0.189317"}]},{"d":3,"dinx":3,"des":[{"mu":1,"s":[1,2]},{"mu":4,"s":[38,39,40]},{"mu":5,"s":[41,42,43,44,45]},{"mu":7,"s":[47]},{"mu":8,"s":[48,49,50,51]},{"mu":9,"s":[52,53]},{"mu":11,"s":[56,57]},{"mu":12,"s":[58,59,60,61,62,63]},{"mu":13,"s":[64,65]},{"mu":14,"s":[66,67,68,69]},{"mu":16,"s":[89,90,91]},{"mu":17,"s":[96,97,98,99,92,93,94,95]},{"mu":18,"s":[100]},{"mu":20,"s":[106]},{"mu":21,"s":[107,108]},{"mu":22,"s":[109]},{"mu":23,"s":[110,111]},{"mu":24,"s":[112,113,114,115,116,117,120,121,122]},{"mu":26,"s":[138,139,140,141]},{"mu":28,"s":[146,147,148]},{"mu":29,"s":[149,150,151,152,153,154,155,156,157,158]},{"mu":32,"s":[240,241,243,244,245,246,233,234,235,236,238,239]},{"mu":33,"s":[247]},{"mu":35,"s":[249,250,251]},{"mu":36,"s":[256,257,258,259,260,261,262,263,252,253,254,255]},{"mu":37,"s":[264]},{"mu":41,"s":[274,275,276]},{"mu":44,"s":[288,286,287]},{"mu":45,"s":[289,290,291]},{"mu":47,"s":[329,330]},{"mu":50,"s":[619]},{"mu":51,"s":[624,620,621,622,623]},{"mu":54,"s":[649,650,651]},{"mu":56,"s":[743,744,745,746]},{"mu":57,"s":[747,748,749,750,751,752,753,754,755,756,757,758,759]}],"p":[{"t":1, "v":"126226"},{"t":4, "v":"02:36"},{"t":5, "v":"-0.44"},{"t":6, "v":"-559"},{"t":7, "v":"0.000863"},{"t":8, "v":"0.498013"}]},{"d":4,"dinx":4,"des":[{"mu":2,"s":[3,4,5,6,7,8,9,10,11,12,13,14,15,16,17,18,19,20,21,22,23,24,25,26,27,28,29,30,31,32]},{"mu":10,"s":[54,55]},{"mu":15,"s":[70,71,72,73,74,75,76,77,78,79,80,81,82,83,84,85,86,87,88]},{"mu":19,"s":[101,102,103,104,105]},{"mu":27,"s":[144,145,142,143]}],"p":[{"t":1, "v":"128727"},{"t":4, "v":"01:11"},{"t":5, "v":"1.53"},{"t":6, "v":"1942"},{"t":7, "v":"0.010430"},{"t":8, "v":"0.203727"}]},{"d":5,"dinx":5,"des":[{"mu":49,"s":[376,377,385,386,387,388,392,393,394,395,396,397,398,399,401,402,403,404,405,406,407,408,409,410,411,412,419,420,421,422,423,424,425,426,427,428,429,430,431,432,433,434,435,436,437,438,440,441,442,443,444,445,446,447,448,449,450,451,452,453,454,455,458,459,460,461,462,463,464,465,466,467,468,469,470,471,472,473,474,475,476,477,478,479,480,493,1361,1505,1506,1507,1508,1510,1511]}],"p":[{"t":1, "v":"130817"},{"t":4, "v":"00:00"},{"t":5, "v":"3.18"},{"t":6, "v":"4032"},{"t":7, "v":"0.044955"},{"t":8, "v":"0.079321"}]},{"d":6,"dinx":6,"des":[{"mu":49,"s":[571,573,574,575,576,577,578,579,588,590,591,597,599,600,601,602,603,604,605,606,608,609,610,611,612,613,614,615,616,1406,1407,1442,1443,1479,1481,1483,1484,1485,1486,1487,1488,1489,1490,1491,1492,1493,1494,1495,1496,1497,1498,1499,1500,1501,1502,1503,1504,1509,1513,1514,1531,1533,1534,1535,1536,1537,1538,1539,1541,1542,1543,1544,1545,1546,1547,1552,1554,598,618]}],"p":[{"t":1, "v":"130486"},{"t":4, "v":"00:00"},{"t":5, "v":"2.92"},{"t":6, "v":"3701"},{"t":7, "v":"0.037877"},{"t":8, "v":"0.559209"}]},{"d":7,"dinx":7,"des":[{"mu":49,"s":[337,338,339,340,341,342,343,344,345,346,347,348,349,350,354,355,356,357,358,359,360,361,362,363,364,365,368,369,370,371,372,373,378,379,380,381,382,383,389,390]}],"p":[{"t":1, "v":"131772"},{"t":4, "v":"00:00"},{"t":5, "v":"3.93"},{"t":6, "v":"4987"},{"t":7, "v":"0.068771"},{"t":8, "v":"0.023319"}]},{"d":8,"dinx":8,"des":[{"mu":49,"s":[336,351,353,366,367,374,375,384,400,1332,1333,1334,1335,1336,1337,1338,1339,1340,1341,1342,1343,1344,1345,1346,1347,1348,1349,1350,1351,1352,1353,1354,1355,1356,1357,1358,1359,1360,1444,1445,1446,1447,1448,1449,1450,1451,1452,1453,1454,1455,1456,1457,1458,1459,1460,1461,1462,1463,1464,1465,1466,1467,1468,1469,1470,1471,1472,1473,1474,1475,1476,1477,1478,1480,1482]}],"p":[{"t":1, "v":"129974"},{"t":4, "v":"00:00"},{"t":5, "v":"2.52"},{"t":6, "v":"3189"},{"t":7, "v":"0.028123"},{"t":8, "v":"0.020124"}]},{"d":9,"dinx":9,"des":[{"mu":49,"s":[499,500,501,502,503,504,505,506,517,518,519,520,521,522,523,524,525,526,527,528,531,532,533,534,535,536,537,538,539,540,542,543,544,545,546,549,550,551,552,553,554,555,556,557,559,560,561,562,566,567,568,569,570,572,1396,1397,1398,1399,1400,1401,1402,1403,1404,1405,1512]}],"p":[{"t":1, "v":"130329"},{"t":4, "v":"00:00"},{"t":5, "v":"2.80"},{"t":6, "v":"3544"},{"t":7, "v":"0.034732"},{"t":8, "v":"0.123495"}]},{"d":10,"dinx":10,"des":[{"mu":49,"s":[391,413,414,415,416,417,418,439,456,457,481,482,483,484,485,486,487,488,489,490,491,492,494,495,496,497,498,507,508,509,510,511,512,513,514,515,516,529,530,541,547,548,558,563,564,565,581,582,584,586,587,589,592,593,1529,1530,1532,1540,1548,1549,1550,1551,1553,1555,1556]}],"p":[{"t":1, "v":"130925"},{"t":4, "v":"00:00"},{"t":5, "v":"3.27"},{"t":6, "v":"4140"},{"t":7, "v":"0.047395"},{"t":8, "v":"0.122080"}]},{"d":11,"dinx":11,"des":[{"mu":59,"s":[808,820,830,836,837,838,848,849,850,853,854,859,861,862,863,864,865,869,870,871,872,873,880,881,882,883,884,894,895,896,897,898,899,902,903,904,905,911,912,915,916,917,923,924,925,929,930,931,932,955,962,967,968,969,970,972,981,982,983,984,985,986,987,988,989,990,991,966,971,976,977,978,979,980,973,974,975]}],"p":[{"t":1, "v":"136295"},{"t":4, "v":"00:00"},{"t":5, "v":"7.50"},{"t":6, "v":"9510"},{"t":7, "v":"0.250073"},{"t":8, "v":"0.349822"}]},{"d":12,"dinx":12,"des":[{"mu":59,"s":[773,774,775,776,777,778,779,780,781,782,783,784,785,786,787,788,789,792,793,794,795,798,799,800,801,802,803,804,805,809,810,811,812,813,814,815,816,817,818,819,821,822,824,825,826,827,828,829,832,833,834,835,839,840,844,845,846,847,851,852,937,939,940,941,942,943,944,945,946,947,948,949,950,951,952,953,954,936,938,933,934,935]}],"p":[{"t":1, "v":"136349"},{"t":4, "v":"00:00"},{"t":5, "v":"7.54"},{"t":6, "v":"9564"},{"t":7, "v":"0.252921"},{"t":8, "v":"0.256271"}]},{"d":13,"dinx":13,"des":[{"mu":59,"s":[790,791,796,797,806,807,823,831,841,842,843,855,856,857,858,860,866,867,868,874,875,876,877,878,879,885,886,887,888,889,890,891,892,893,900,901,906,907,908,909,910,913,914,918,919,920,921,922,926,927,928,960,961,963,956,957,958,959,964,965]}],"p":[{"t":1, "v":"136536"},{"t":4, "v":"00:00"},{"t":5, "v":"7.69"},{"t":6, "v":"9751"},{"t":7, "v":"0.262907"},{"t":8, "v":"0.046125"}]},{"d":14,"dinx":14,"des":[{"mu":25,"s":[128,129,130,131,132,133,134,135,136,137,123,124,125,126,127]},{"mu":30,"s":[159,160,161,162,163,164,165,166,167,168,169,170,171,172,173,174,175,176,177,178,179,180,181,182,183,184,185,186,187,188,189,190,191,192,193,194,195,196,197,198,199,200,201,202,203,204,205,208,211,212,213,214,228,229,230,1408,1409,1410,1429,1432,1437,1438,1439,1440,1441]}],"p":[{"t":1, "v":"125175"},{"t":4, "v":"01:29"},{"t":5, "v":"-1.27"},{"t":6, "v":"-1610"},{"t":7, "v":"0.007165"},{"t":8, "v":"0.501845"}]},{"d":15,"dinx":15,"des":[{"mu":30,"s":[206,207,209,210,215,216,217,218,219,220,221,222,223,225,226,231,1368,1369,1370,1371,1372,1373,1374,1375,1376,1377,1378,1379,1382,1383,1384,1385,1386,1387,1388,1389,1390,1391,1392,1393,1394,1395,1411,1412,1413,1414,1415,1416,1417,1418,1419,1420,1421,1422,1423,1424,1425,1426,1427,1428,1430,1431,1433,1434,1435,1436,1380,1381]}],"p":[{"t":1, "v":"124697"},{"t":4, "v":"00:00"},{"t":5, "v":"-1.65"},{"t":6, "v":"-2088"},{"t":7, "v":"0.012052"},{"t":8, "v":"0.092545"}]},{"d":16,"dinx":16,"des":[{"mu":53,"s":[640,641,642,643,644,645,646,647,648,631,632,633,634,635,636,637,638,639]},{"mu":55,"s":[652,653,654,659,660,661,663,664,669,670,672,673,683,684,700,701,702,703,717,718,734,735,736,737,738,739,740,741,742,731,732,733]}],"p":[{"t":1, "v":"117719"},{"t":4, "v":"02:51"},{"t":5, "v":"-7.15"},{"t":6, "v":"-9066"},{"t":7, "v":"0.227244"},{"t":8, "v":"0.461305"}]},{"d":17,"dinx":17,"des":[{"mu":55,"s":[655,656,657,658,662,665,666,667,668,671,674,675,676,677,678,679,680,681,682,685,686,687,688,689,690,691,692,693,694,695,696,697,698,699,704,705,706,707,708,709,710,711,712,713,714,715,716,719,720,721,722,723,724,725,726,727,728,729,730]}],"p":[{"t":1, "v":"118000"},{"t":4, "v":"00:00"},{"t":5, "v":"-6.93"},{"t":6, "v":"-8785"},{"t":7, "v":"0.213375"},{"t":8, "v":"0.039409"}]},{"d":18,"dinx":18,"des":[{"mu":58,"s":[768,769,770,771,772,760,761,762,763,764,765,766,767]},{"mu":60,"s":[992,993,994,995,996,997,998,999,1000,1001,1002,1003,1004,1005,1006,1007,1008,1009,1010,1011,1012,1013,1014,1015,1016,1017,1018,1019,1020,1021]},{"mu":61,"s":[1085,1087,1088,1089,1091,1092,1093,1094,1095,1096,1099,1100,1097,1098]},{"mu":72,"s":[1104,1105,1106,1107,1108,1101,1102,1103]}],"p":[{"t":1, "v":"118626"},{"t":4, "v":"01:00"},{"t":5, "v":"-6.44"},{"t":6, "v":"-8159"},{"t":7, "v":"0.184048"},{"t":8, "v":"0.561626"}]},{"d":19,"dinx":19,"des":[{"mu":61,"s":[1022,1024,1025,1026,1027,1028,1029,1030,1031,1032,1033,1034,1035,1036,1037,1038,1039,1040,1041,1042,1043,1044,1045,1046,1047,1048,1049,1050,1051,1052,1053,1054,1055,1056,1057,1059,1060,1061,1062,1063,1064,1065,1066,1067,1068,1069,1070,1071,1072,1073,1074,1075,1076,1077,1078,1079,1080,1081,1083,1084,1090,1515,1516,1517,1518,1519,1520,1521,1522,1523,1524,1525,1526,1527,1528,1058,1082]}],"p":[{"t":1, "v":"121841"},{"t":4, "v":"00:00"},{"t":5, "v":"-3.90"},{"t":6, "v":"-4944"},{"t":7, "v":"0.067577"},{"t":8, "v":"0.280967"}]},{"d":20,"dinx":20,"des":[{"mu":63,"s":[1153,1154,1158,1159,1160,1161,1162,1163,1164,1165,1166,1167,1168,1169,1170,1171,1172,1173,1174,1175,1176,1177,1178,1179,1180,1181,1182,1183,1184,1185,1186,1187,1188,1138,1139,1140,1141,1143,1144,1145]},{"mu":65,"s":[1270,1271,1275,1276,1277,1285,1286,1290,1291,1292,1293,1294,1295,1296,1297,1272,1278,1298,1299,1300,1301]},{"mu":71,"s":[1152,1331,1155,1156,1157,1142,1146,1147,1148,1149,1150,1151]}],"p":[{"t":1, "v":"119482"},{"t":4, "v":"00:43"},{"t":5, "v":"-5.76"},{"t":6, "v":"-7303"},{"t":7, "v":"0.147454"},{"t":8, "v":"0.517384"}]},{"d":21,"dinx":21,"des":[{"mu":65,"s":[1230,1231,1232,1233,1234,1235,1236,1237,1238,1239,1240,1241,1242,1243,1244,1245,1246,1247,1248,1249,1250,1251,1252,1253,1254,1255,1256,1257,1258,1259,1260,1261,1262,1263,1264,1265,1266,1267,1268,1269,1273,1274,1279,1280,1281,1282,1283,1284,1287,1288,1289,1302,1303,1304,1305]}],"p":[{"t":1, "v":"121622"},{"t":4, "v":"00:00"},{"t":5, "v":"-4.07"},{"t":6, "v":"-5163"},{"t":7, "v":"0.073697"},{"t":8, "v":"0.232029"}]}],"calificaciones":[{"t":"1","a":"1.0","p":"2.036305","sp":"2.036305"},{"t":"2","a":"0.5","p":"6.155902","sp":"12.311803"}],"total":{"p":8.192206,"sp":14.348108},"sellos":[{"n":"escenario","v":"md5"},{"n":"calificacion","v":"md5"},{"n":"municipios","v":"md5"},{"n":"secciones","v":"md5"},{"n":"tiemposmunicipios","v":"md5"}],"version":"Versi�n 1.4a 04/05/2016 Distritaci�n Local 2016"}