edon,seccion,munn,escenario1,escenario2,escenario3,pri_clv1,pri_clv2,juanZepedaPerez1,lorenzoLopezMendez1a,lorenzoLopezMendez1b,antonioPerezGomez1,leonardoLopezPerez1,magdalenaGironLopez1,JoseDomingoVazquezLopez1a,JoseDomingoVazquezLopez1b
7,1,1,5,5,24,3,24,5,5,5,5,5,5,5,5
7,2,1,5,5,24,3,24,5,5,5,5,5,5,5,5
7,3,1,5,5,24,3,24,5,5,5,5,5,5,5,5
7,4,1,5,5,24,3,24,5,5,5,5,5,5,5,5
7,5,1,5,5,24,3,24,5,5,5,5,5,5,5,5
7,6,1,5,5,24,3,24,5,5,5,5,5,5,5,5
7,7,2,1,1,16,2,16,1,1,1,1,1,1,1,1
7,8,2,1,1,16,2,16,1,1,1,1,1,1,1,1
7,9,2,1,1,16,2,16,1,1,1,1,1,1,1,1
7,10,2,1,1,16,2,16,1,1,1,1,1,1,1,1
7,11,2,1,1,16,2,16,1,1,1,1,1,1,1,1
7,12,2,1,1,16,2,16,1,1,1,1,1,1,1,1
7,13,2,1,1,16,2,16,1,1,1,1,1,1,1,1
7,14,2,1,1,16,2,16,1,1,1,1,1,1,1,1
7,15,2,1,1,16,2,16,1,1,1,1,1,1,1,1
7,16,2,1,1,16,2,16,1,1,1,1,1,1,1,1
7,17,2,1,1,16,2,16,1,1,1,1,1,1,1,1
7,18,2,1,1,16,2,16,1,1,1,1,1,1,1,1
7,19,2,1,1,16,2,16,1,1,1,1,1,1,1,1
7,20,2,1,1,16,2,16,1,1,1,1,1,1,1,1
7,21,3,5,5,24,3,24,5,5,5,5,5,5,5,5
7,22,3,5,5,24,3,24,5,5,5,5,5,5,5,5
7,23,3,5,5,24,3,24,5,5,5,5,5,5,5,5
7,24,3,5,5,24,3,24,5,5,5,5,5,5,5,5
7,25,3,5,5,24,3,24,5,5,5,5,5,5,5,5
7,26,3,5,5,24,3,24,5,5,5,5,5,5,5,5
7,27,3,5,5,24,3,24,5,5,5,5,5,5,5,5
7,28,3,5,5,24,3,24,5,5,5,5,5,5,5,5
7,29,3,5,5,24,3,24,5,5,5,5,5,5,5,5
7,30,3,5,5,24,3,24,5,5,5,5,5,5,5,5
7,31,3,5,5,24,3,24,5,5,5,5,5,5,5,5
7,32,3,5,5,24,3,24,5,5,5,5,5,5,5,5
7,33,3,5,5,24,3,24,5,5,5,5,5,5,5,5
7,34,3,5,5,24,3,24,5,5,5,5,5,5,5,5
7,35,4,19,19,23,4,23,19,19,19,19,19,19,19,7
7,36,4,19,19,23,4,23,19,19,19,19,19,19,19,7
7,37,4,19,19,23,4,23,19,19,19,19,19,19,19,7
7,38,4,19,19,23,4,23,19,19,19,19,19,19,19,7
7,39,4,19,19,23,4,23,19,19,19,19,19,19,19,7
7,40,4,19,19,23,4,23,19,19,19,19,19,19,19,7
7,41,4,19,19,23,4,23,19,19,19,19,19,19,19,7
7,42,4,19,19,23,4,23,19,19,19,19,19,19,19,7
7,43,4,19,19,23,4,23,19,19,19,19,19,19,19,7
7,44,5,23,23,11,5,11,23,23,23,23,22,23,23,23
7,45,5,23,23,11,5,11,23,23,23,23,22,23,23,23
7,46,5,23,23,11,5,11,23,23,23,23,22,23,23,23
7,47,5,23,23,11,5,11,23,23,23,23,22,23,23,23
7,48,5,23,23,11,5,11,23,23,23,23,22,23,23,23
7,49,5,23,23,11,5,11,23,23,23,23,22,23,23,23
7,50,5,23,23,11,5,11,23,23,23,23,22,23,23,23
7,51,5,23,23,11,5,11,23,23,23,23,22,23,23,23
7,52,5,23,23,11,5,11,23,23,23,23,22,23,23,23
7,53,5,23,23,11,5,11,23,23,23,23,22,23,23,23
7,54,6,9,9,18,6,18,9,9,9,9,9,9,9,9
7,55,6,9,9,18,6,18,9,9,9,9,9,9,9,9
7,56,6,9,9,18,6,18,9,9,9,9,9,9,9,9
7,57,6,9,9,18,6,18,9,9,9,9,9,9,9,9
7,58,6,9,9,18,6,18,9,9,9,9,9,9,9,9
7,59,6,9,9,18,6,18,9,9,9,9,9,9,9,9
7,60,6,9,9,18,6,18,9,9,9,9,9,9,9,9
7,61,6,9,9,18,6,18,9,9,9,9,9,9,9,9
7,62,6,9,9,18,6,18,9,9,9,9,9,9,9,9
7,63,6,9,9,18,6,18,9,9,9,9,9,9,9,9
7,64,6,9,9,18,6,18,9,9,9,9,9,9,9,9
7,65,6,9,9,18,6,18,9,9,9,9,9,9,9,9
7,66,6,9,9,18,6,18,9,9,9,9,9,9,9,9
7,67,6,9,9,18,6,18,9,9,9,9,9,9,9,9
7,68,7,19,19,23,4,23,18,19,18,19,19,19,19,19
7,69,7,19,19,23,4,23,18,19,18,19,19,19,19,19
7,70,7,19,19,23,4,23,18,19,18,19,19,19,19,19
7,71,7,19,19,23,4,23,18,19,18,19,19,19,19,19
7,72,8,9,9,7,8,7,9,9,9,9,9,9,9,9
7,73,8,9,9,7,8,7,9,9,9,9,9,9,9,9
7,74,8,9,9,7,8,7,9,9,9,9,9,9,9,9
7,75,8,9,9,7,8,7,9,9,9,9,9,9,9,9
7,76,8,9,9,7,8,7,9,9,9,9,9,9,9,9
7,77,8,9,9,7,8,7,9,9,9,9,9,9,9,9
7,78,8,9,9,7,8,7,9,9,9,9,9,9,9,9
7,79,8,9,9,7,8,7,9,9,9,9,9,9,9,9
7,80,8,9,9,7,8,7,9,9,9,9,9,9,9,9
7,81,116,9,9,7,8,7,9,9,9,9,9,9,9,9
7,82,8,9,9,7,8,7,9,9,9,9,9,9,9,9
7,83,116,9,9,7,8,7,9,9,9,9,9,9,9,9
7,84,8,9,9,7,8,7,9,9,9,9,9,9,9,9
7,85,8,9,9,7,8,7,9,9,9,9,9,9,9,9
7,86,116,9,9,7,8,7,9,9,9,9,9,9,9,9
7,87,116,9,9,7,8,7,9,9,9,9,9,9,9,9
7,88,9,11,11,6,9,6,11,11,11,11,11,11,11,11
7,89,9,11,11,6,9,6,11,11,11,11,11,11,11,11
7,90,9,11,11,6,9,6,11,11,11,11,11,11,11,11
7,91,9,11,11,6,9,6,11,11,11,11,11,11,11,11
7,92,9,11,11,6,9,6,11,11,11,11,11,11,11,11
7,93,9,11,11,6,9,6,11,11,11,11,11,11,11,11
7,94,9,11,11,6,9,6,11,11,11,11,11,11,11,11
7,95,9,11,11,6,9,6,11,11,11,11,11,11,11,11
7,96,9,11,11,6,9,6,11,11,11,11,11,11,11,11
7,97,9,11,11,6,9,6,11,11,11,11,11,11,11,11
7,98,9,11,11,6,9,6,11,11,11,11,11,11,11,11
7,99,9,11,11,6,9,6,11,11,11,11,11,11,11,11
7,100,9,11,11,6,9,6,11,11,11,11,11,11,11,11
7,101,9,11,11,6,9,6,11,11,11,11,11,11,11,11
7,102,9,11,11,6,9,6,11,11,11,11,11,11,11,11
7,103,9,11,11,6,9,6,11,11,11,11,11,11,11,11
7,104,9,11,11,6,9,6,11,11,11,11,11,11,11,11
7,105,9,11,11,6,9,6,11,11,11,11,11,11,11,11
7,106,9,11,11,6,9,6,11,11,11,11,11,11,11,11
7,107,9,11,11,6,9,6,11,11,11,11,11,11,11,11
7,108,9,11,11,6,9,6,11,11,11,11,11,11,11,11
7,109,9,11,11,6,9,6,11,11,11,11,11,11,11,11
7,110,9,11,11,6,9,6,11,11,11,11,11,11,11,11
7,111,9,11,11,6,9,6,11,11,11,11,11,11,11,11
7,112,9,11,11,6,9,6,11,11,11,11,11,11,11,11
7,113,10,9,9,18,10,18,9,9,9,9,9,9,9,9
7,114,10,9,9,18,10,18,9,9,9,9,9,9,9,9
7,115,10,9,9,18,10,18,9,9,9,9,9,9,9,9
7,116,11,9,9,18,10,18,9,9,9,9,9,9,9,9
7,117,11,9,9,18,10,18,9,9,9,9,9,9,9,9
7,118,11,9,9,18,10,18,9,9,9,9,9,9,9,9
7,119,11,9,9,18,10,18,9,9,9,9,9,9,9,9
7,120,11,9,9,18,10,18,9,9,9,9,9,9,9,9
7,121,11,9,9,18,10,18,9,9,9,9,9,9,9,9
7,122,11,9,9,18,10,18,9,9,9,9,9,9,9,9
7,123,11,9,9,18,10,18,9,9,9,9,9,9,9,9
7,124,11,9,9,18,10,18,9,9,9,9,9,9,9,9
7,125,11,9,9,18,10,18,9,9,9,9,9,9,9,9
7,126,11,9,9,18,10,18,9,9,9,9,9,9,9,9
7,127,11,9,9,18,10,18,9,9,9,9,9,9,9,9
7,128,11,9,9,18,10,18,9,9,9,9,9,9,9,9
7,129,11,9,9,18,10,18,9,9,9,9,9,9,9,9
7,130,12,10,10,9,11,9,10,10,10,10,10,10,10,10
7,131,12,10,10,9,11,9,10,10,10,10,10,10,10,10
7,132,12,10,10,9,11,9,10,10,10,10,10,10,10,10
7,133,12,10,10,9,11,9,10,10,10,10,10,10,10,10
7,134,12,10,10,9,11,9,10,10,10,10,10,10,10,10
7,135,12,10,10,9,11,9,10,10,10,10,10,10,10,10
7,136,12,10,10,9,11,9,10,10,10,10,10,10,10,10
7,137,12,10,10,9,11,9,10,10,10,10,10,10,10,10
7,138,12,10,10,9,11,9,10,10,10,10,10,10,10,10
7,139,12,10,10,9,11,9,10,10,10,10,10,10,10,10
7,140,12,10,10,9,11,9,10,10,10,10,10,10,10,10
7,141,12,10,10,9,11,9,10,10,10,10,10,10,10,10
7,142,12,10,10,9,11,9,10,10,10,10,10,10,10,10
7,143,12,10,10,9,11,9,10,10,10,10,10,10,10,10
7,144,13,23,23,11,12,11,23,23,23,23,23,23,23,23
7,145,13,23,23,11,12,11,23,23,23,23,23,23,23,23
7,146,13,23,23,11,12,11,23,23,23,23,23,23,23,23
7,147,13,23,23,11,12,11,23,23,23,23,23,23,23,23
7,148,13,23,23,11,12,11,23,23,23,23,23,23,23,23
7,149,13,23,23,11,12,11,23,23,23,23,23,23,23,23
7,150,13,23,23,11,12,11,23,23,23,23,23,23,23,23
7,151,13,23,23,11,12,11,23,23,23,23,23,23,23,23
7,152,13,23,23,11,12,11,23,23,23,23,23,23,23,23
7,153,13,23,23,11,12,11,23,23,23,23,23,23,23,23
7,154,13,23,23,11,12,11,23,23,23,23,23,23,23,23
7,155,14,23,23,11,12,11,23,23,23,23,23,23,23,23
7,156,14,23,23,11,12,11,23,23,23,23,23,23,23,23
7,157,14,23,23,11,12,11,23,23,23,23,23,23,23,23
7,158,14,23,23,11,12,11,23,23,23,23,23,23,23,23
7,159,14,23,23,11,12,11,23,23,23,23,23,23,23,23
7,160,14,23,23,11,12,11,23,23,23,23,23,23,23,23
7,161,14,23,23,11,12,11,23,23,23,23,23,23,23,23
7,162,14,23,23,11,12,11,23,23,23,23,23,23,23,23
7,163,15,12,12,19,18,19,12,12,12,12,12,12,12,12
7,164,15,12,12,19,18,19,12,12,12,12,12,12,12,12
7,165,15,12,12,19,18,19,12,12,12,12,12,12,12,12
7,166,15,12,12,19,18,19,12,12,12,12,12,12,12,12
7,167,15,12,12,19,18,19,12,12,12,12,12,12,12,12
7,168,15,12,12,19,18,19,12,12,12,12,12,12,12,12
7,169,15,12,12,19,18,19,12,12,12,12,12,12,12,12
7,170,15,12,12,19,18,19,12,12,12,12,12,12,12,12
7,171,15,12,12,19,18,19,12,12,12,12,12,12,12,12
7,172,15,12,12,19,18,19,12,12,12,12,12,12,12,12
7,173,15,12,12,19,18,19,12,12,12,12,12,12,12,12
7,174,15,12,12,19,18,19,12,12,12,12,12,12,12,12
7,175,15,12,12,19,18,19,12,12,12,12,12,12,12,12
7,176,15,12,12,19,18,19,12,12,12,12,12,12,12,12
7,177,15,12,12,19,18,19,12,12,12,12,12,12,12,12
7,178,15,12,12,19,18,19,12,12,12,12,12,12,12,12
7,179,15,12,12,19,18,19,12,12,12,12,12,12,12,12
7,180,15,12,12,19,18,19,12,12,12,12,12,12,12,12
7,181,15,12,12,19,18,19,12,12,12,12,12,12,12,12
7,182,15,12,12,19,18,19,12,12,12,12,12,12,12,12
7,183,15,12,12,19,18,19,12,12,12,12,12,12,12,12
7,184,15,12,12,19,18,19,12,12,12,12,12,12,12,12
7,185,15,12,12,19,18,19,12,12,12,12,12,12,12,12
7,186,16,20,20,20,14,20,20,20,20,20,20,20,20,20
7,187,16,20,20,20,14,20,20,20,20,20,20,20,20,20
7,188,16,20,20,20,14,20,20,20,20,20,20,20,20,20
7,189,16,20,20,20,14,20,20,20,20,20,20,20,20,20
7,190,16,20,20,20,14,20,20,20,20,20,20,20,20,20
7,191,16,20,20,20,14,20,20,20,20,20,20,20,20,20
7,192,16,20,20,20,14,20,20,20,20,20,20,20,20,20
7,193,16,20,20,20,14,20,20,20,20,20,20,20,20,20
7,194,16,20,20,20,14,20,20,20,20,20,20,20,20,20
7,195,16,20,20,20,14,20,20,20,20,20,20,20,20,20
7,196,16,20,20,20,14,20,20,20,20,20,20,20,20,20
7,197,17,13,13,21,20,21,13,13,13,13,13,13,13,13
7,198,17,13,13,21,20,21,13,13,13,13,13,13,13,13
7,199,17,13,13,21,20,21,13,13,13,13,13,13,13,13
7,200,17,13,13,21,20,21,13,13,13,13,13,13,13,13
7,201,17,13,13,21,20,21,13,13,13,13,13,13,13,13
7,202,17,13,13,21,20,21,13,13,13,13,13,13,13,13
7,203,17,13,13,21,20,21,13,13,13,13,13,13,13,13
7,204,17,13,13,21,20,21,13,13,13,13,13,13,13,13
7,205,17,13,13,21,20,21,13,13,13,13,13,13,13,13
7,206,17,13,13,21,20,21,13,13,13,13,13,13,13,13
7,207,17,13,13,21,20,21,13,13,13,13,13,13,13,13
7,208,17,13,13,21,20,21,13,13,13,13,13,13,13,13
7,209,17,13,13,21,20,21,13,13,13,13,13,13,13,13
7,210,17,13,13,21,20,21,13,13,13,13,13,13,13,13
7,211,17,13,13,21,20,21,13,13,13,13,13,13,13,13
7,212,17,13,13,21,20,21,13,13,13,13,13,13,13,13
7,213,17,13,13,21,20,21,13,13,13,13,13,13,13,13
7,214,17,13,13,21,20,21,13,13,13,13,13,13,13,13
7,215,17,13,13,21,20,21,13,13,13,13,13,13,13,13
7,216,17,13,13,21,20,21,13,13,13,13,13,13,13,13
7,217,17,13,13,21,20,21,13,13,13,13,13,13,13,13
7,218,17,13,13,21,20,21,13,13,13,13,13,13,13,13
7,219,17,13,13,21,20,21,13,13,13,13,13,13,13,13
7,220,17,13,13,21,20,21,13,13,13,13,13,13,13,13
7,221,17,13,13,21,20,21,13,13,13,13,13,13,13,13
7,222,17,13,13,21,20,21,13,13,13,13,13,13,13,13
7,223,17,13,13,21,20,21,13,13,13,13,13,13,13,13
7,224,17,13,13,21,20,21,13,13,13,13,13,13,13,13
7,225,17,13,13,21,20,21,13,13,13,13,13,13,13,13
7,226,17,13,13,21,20,21,13,13,13,13,13,13,13,13
7,227,17,13,13,21,20,21,13,13,13,13,13,13,13,13
7,228,17,13,13,21,20,21,13,13,13,13,13,13,13,13
7,229,17,13,13,21,20,21,13,13,13,13,13,13,13,13
7,230,17,13,13,21,20,21,13,13,13,13,13,13,13,13
7,231,17,13,13,21,20,21,13,13,13,13,13,13,13,13
7,232,17,13,13,21,20,21,13,13,13,13,13,13,13,13
7,233,17,13,13,21,20,21,13,13,13,13,13,13,13,13
7,234,18,4,4,12,11,12,4,4,4,4,4,4,4,4
7,235,18,4,4,12,11,12,4,4,4,4,4,4,4,4
7,236,18,4,4,12,11,12,4,4,4,4,4,4,4,4
7,237,18,4,4,12,11,12,4,4,4,4,4,4,4,4
7,238,18,4,4,12,11,12,4,4,4,4,4,4,4,4
7,239,19,6,6,8,7,8,6,6,6,6,6,6,6,6
7,240,19,6,6,8,7,8,6,6,6,6,6,6,6,6
7,241,19,6,6,8,7,8,6,6,6,6,6,6,6,6
7,242,19,6,6,8,7,8,6,6,6,6,6,6,6,6
7,243,19,6,6,8,7,8,6,6,6,6,6,6,6,6
7,244,19,6,6,8,7,8,6,6,6,6,6,6,6,6
7,245,19,6,6,8,7,8,6,6,6,6,6,6,6,6
7,246,19,6,6,8,7,8,6,6,6,6,6,6,6,6
7,247,19,6,6,8,7,8,6,6,6,6,6,6,6,6
7,248,19,6,6,8,7,8,6,6,6,6,6,6,6,6
7,249,19,6,6,8,7,8,6,6,6,6,6,6,6,6
7,250,19,6,6,8,7,8,6,6,6,6,6,6,6,6
7,251,19,6,6,8,7,8,6,6,6,6,6,6,6,6
7,252,19,6,6,8,7,8,6,6,6,6,6,6,6,6
7,253,19,6,6,8,7,8,6,6,6,6,6,6,6,6
7,254,19,6,6,8,7,8,6,6,6,6,6,6,6,6
7,255,19,6,6,8,7,8,6,6,6,6,6,6,6,6
7,256,19,6,6,8,7,8,6,6,6,6,6,6,6,6
7,257,19,6,6,8,7,8,6,6,6,6,6,6,6,6
7,258,19,6,6,8,7,8,6,6,6,6,6,6,6,6
7,259,19,6,6,8,7,8,6,6,6,6,6,6,6,6
7,260,19,6,6,8,7,8,6,6,6,6,6,6,6,6
7,261,19,6,6,8,7,8,6,6,6,6,6,6,6,6
7,262,19,6,6,8,7,8,6,6,6,6,6,6,6,6
7,263,19,6,6,8,7,8,6,6,6,6,6,6,6,6
7,264,19,6,6,8,7,8,6,6,6,6,6,6,6,6
7,265,19,6,6,8,7,8,6,6,6,6,6,6,6,6
7,266,19,6,6,8,7,8,6,6,6,6,6,6,6,6
7,267,19,6,6,8,7,8,6,6,6,6,6,6,6,6
7,268,19,6,6,8,7,8,6,6,6,6,6,6,6,6
7,269,19,6,6,8,7,8,6,6,6,6,6,6,6,6
7,270,19,6,6,8,7,8,6,6,6,6,6,6,6,6
7,271,19,6,6,8,7,8,6,6,6,6,6,6,6,6
7,272,19,6,6,8,7,8,6,6,6,6,6,6,6,6
7,273,19,6,6,8,7,8,6,6,6,6,6,6,6,6
7,274,19,6,6,8,7,8,6,6,6,6,6,6,6,6
7,275,19,6,6,8,7,8,6,6,6,6,6,6,6,6
7,276,19,6,6,8,7,8,6,6,6,6,6,6,6,6
7,277,19,6,6,8,7,8,6,6,6,6,6,6,6,6
7,278,19,6,6,8,7,8,6,6,6,6,6,6,6,6
7,279,19,6,6,8,7,8,6,6,6,6,6,6,6,6
7,280,19,6,6,8,7,8,6,6,6,6,6,6,6,6
7,281,19,6,6,8,7,8,6,6,6,6,6,6,6,6
7,282,19,6,6,8,7,8,6,6,6,6,6,6,6,6
7,283,19,6,6,8,7,8,6,6,6,6,6,6,6,6
7,284,19,6,6,8,7,8,6,6,6,6,6,6,6,6
7,285,19,6,6,8,7,8,6,6,6,6,6,6,6,6
7,286,19,6,6,8,7,8,6,6,6,6,6,6,6,6
7,287,19,6,6,8,7,8,6,6,6,6,6,6,6,6
7,288,19,6,6,8,7,8,6,6,6,6,6,6,6,6
7,289,19,6,6,8,7,8,6,6,6,6,6,6,6,6
7,290,19,6,6,8,7,8,6,6,6,6,6,6,6,6
7,291,19,6,6,8,7,8,6,6,6,6,6,6,6,6
7,292,19,6,6,8,7,8,6,6,6,6,6,6,6,6
7,293,20,8,8,7,8,7,8,8,8,8,8,8,8,8
7,294,20,8,8,7,8,7,8,8,8,8,8,8,8,8
7,295,20,8,8,7,8,7,8,8,8,8,8,8,8,8
7,296,20,8,8,7,8,7,8,8,8,8,8,8,8,8
7,297,20,8,8,7,8,7,8,8,8,8,8,8,8,8
7,298,20,8,8,7,8,7,8,8,8,8,8,8,8,8
7,299,20,8,8,7,8,7,8,8,8,8,8,8,8,8
7,300,20,8,8,7,8,7,8,8,8,8,8,8,8,8
7,301,20,8,8,7,8,7,8,8,8,8,8,8,8,8
7,302,20,8,8,7,8,7,8,8,8,8,8,8,8,8
7,303,20,8,8,7,8,7,8,8,8,8,8,8,8,8
7,304,20,8,8,7,8,7,8,8,8,8,8,8,8,8
7,305,20,8,8,7,8,7,8,8,8,8,8,8,8,8
7,306,20,8,8,7,8,7,8,8,8,8,8,8,8,8
7,307,20,8,8,7,8,7,8,8,8,8,8,8,8,8
7,308,20,8,8,7,8,7,8,8,8,8,8,8,8,8
7,309,20,8,8,7,8,7,8,8,8,8,8,8,8,8
7,310,20,8,8,7,8,7,8,8,8,8,8,8,8,8
7,311,20,8,8,7,8,7,8,8,8,8,8,8,8,8
7,312,20,8,8,7,8,7,8,8,8,8,8,8,8,8
7,313,20,8,8,7,8,7,8,8,8,8,8,8,8,8
7,314,20,8,8,7,8,7,8,8,8,8,8,8,8,8
7,315,20,8,8,7,8,7,8,8,8,8,8,8,8,8
7,316,20,8,8,7,8,7,8,8,8,8,8,8,8,8
7,317,21,10,10,12,11,12,10,10,10,10,10,10,10,10
7,318,21,10,10,12,11,12,10,10,10,10,10,10,10,10
7,319,21,10,10,12,11,12,10,10,10,10,10,10,10,10
7,320,21,10,10,12,11,12,10,10,10,10,10,10,10,10
7,321,21,10,10,12,11,12,10,10,10,10,10,10,10,10
7,322,21,10,10,12,11,12,10,10,10,10,10,10,10,10
7,323,21,10,10,12,11,12,10,10,10,10,10,10,10,10
7,324,21,10,10,12,11,12,10,10,10,10,10,10,10,10
7,325,21,10,10,12,11,12,10,10,10,10,10,10,10,10
7,326,21,10,10,12,11,12,10,10,10,10,10,10,10,10
7,327,21,10,10,12,11,12,10,10,10,10,10,10,10,10
7,328,21,10,10,12,11,12,10,10,10,10,10,10,10,10
7,329,21,10,10,12,11,12,10,10,10,10,10,10,10,10
7,330,21,10,10,12,11,12,10,10,10,10,10,10,10,10
7,331,22,23,23,10,15,10,23,21,21,21,23,23,23,23
7,332,22,23,23,10,15,10,23,21,21,21,23,23,23,23
7,333,22,23,23,10,15,10,23,21,21,21,23,23,23,23
7,334,22,23,23,10,15,10,23,21,21,21,23,23,23,23
7,335,22,23,23,10,15,10,23,21,21,21,23,23,23,23
7,336,23,21,21,5,15,5,21,21,21,21,21,21,21,21
7,337,23,21,21,5,15,5,21,21,21,21,21,21,21,21
7,338,23,21,21,5,15,5,21,21,21,21,21,21,21,21
7,339,23,21,21,5,15,5,21,21,21,21,21,21,21,21
7,340,23,21,21,5,15,5,21,21,21,21,21,21,21,21
7,341,23,21,21,5,15,5,21,21,21,21,21,21,21,21
7,342,23,21,21,5,15,5,21,21,21,21,21,21,21,21
7,343,23,21,21,5,15,5,21,21,21,21,21,21,21,21
7,344,23,21,21,5,15,5,21,21,21,21,21,21,21,21
7,345,23,21,21,5,15,5,21,21,21,21,21,21,21,21
7,346,23,21,21,5,15,5,21,21,21,21,21,21,21,21
7,347,23,21,21,5,15,5,21,21,21,21,21,21,21,21
7,348,23,21,21,5,15,5,21,21,21,21,21,21,21,21
7,349,23,21,21,5,15,5,21,21,21,21,21,21,21,21
7,350,23,21,21,5,15,5,21,21,21,21,21,21,21,21
7,351,23,21,21,5,15,5,21,21,21,21,21,21,21,21
7,352,23,21,21,5,15,5,21,21,21,21,21,21,21,21
7,353,23,21,21,5,15,5,21,21,21,21,21,21,21,21
7,354,23,21,21,5,15,5,21,21,21,21,21,21,21,21
7,355,23,21,21,5,15,5,21,21,21,21,21,21,21,21
7,356,23,21,21,5,15,5,21,21,21,21,21,21,21,21
7,357,23,21,21,5,15,5,21,21,21,21,21,21,21,21
7,358,23,21,21,5,15,5,21,21,21,21,21,21,21,21
7,359,23,21,21,5,15,5,21,21,21,21,21,21,21,21
7,360,23,21,21,5,15,5,21,21,21,21,21,21,21,21
7,361,23,21,21,5,15,5,21,21,21,21,21,21,21,21
7,362,23,21,21,5,15,5,21,21,21,21,21,21,21,21
7,363,23,21,21,5,15,5,21,21,21,21,21,21,21,21
7,364,23,21,21,5,15,5,21,21,21,21,21,21,21,21
7,365,23,21,21,5,15,5,21,21,21,21,21,21,21,21
7,366,23,21,21,5,15,5,21,21,21,21,21,21,21,21
7,367,23,21,21,5,15,5,21,21,21,21,21,21,21,21
7,368,23,21,21,5,15,5,21,21,21,21,21,21,21,21
7,369,23,21,21,5,15,5,21,21,21,21,21,21,21,21
7,370,23,21,21,5,15,5,21,21,21,21,21,21,21,21
7,371,23,21,21,5,15,5,21,21,21,21,21,21,21,21
7,372,23,21,21,5,15,5,21,21,21,21,21,21,21,21
7,373,23,21,21,5,15,5,21,21,21,21,21,21,21,21
7,374,23,21,21,5,15,5,21,21,21,21,21,21,21,21
7,375,24,19,19,23,4,23,18,19,18,19,19,19,19,18
7,376,24,19,19,23,4,23,18,19,18,19,19,19,19,18
7,377,24,19,19,23,4,23,18,19,18,19,19,19,19,18
7,378,24,19,19,23,4,23,18,19,18,19,19,19,19,18
7,379,24,19,19,23,4,23,18,19,18,19,19,19,19,18
7,380,24,19,19,23,4,23,18,19,18,19,19,19,19,18
7,381,25,4,4,11,5,11,4,4,4,4,4,4,4,4
7,382,25,4,4,11,5,11,4,4,4,4,4,4,4,4
7,383,25,4,4,11,5,11,4,4,4,4,4,4,4,4
7,384,26,23,23,10,15,10,23,21,21,21,23,23,23,23
7,385,26,23,23,10,15,10,23,21,21,21,23,23,23,23
7,386,26,23,23,10,15,10,23,21,21,21,23,23,23,23
7,387,26,23,23,10,15,10,23,21,21,21,23,23,23,23
7,388,26,23,23,10,15,10,23,21,21,21,23,23,23,23
7,389,26,23,23,10,15,10,23,21,21,21,23,23,23,23
7,390,26,23,23,10,15,10,23,21,21,21,23,23,23,23
7,391,26,23,23,10,15,10,23,21,21,21,23,23,23,23
7,392,26,23,23,10,15,10,23,21,21,21,23,23,23,23
7,393,26,23,23,10,15,10,23,21,21,21,23,23,23,23
7,394,26,23,23,10,15,10,23,21,21,21,23,23,23,23
7,395,26,23,23,10,15,10,23,21,21,21,23,23,23,23
7,396,26,23,23,10,15,10,23,21,21,21,23,23,23,23
7,397,26,23,23,10,15,10,23,21,21,21,23,23,23,23
7,398,112,21,21,10,15,10,21,21,21,21,21,21,21,21
7,399,112,21,21,10,15,10,21,21,21,21,21,21,21,21
7,400,26,23,23,10,15,10,23,21,21,21,23,23,23,23
7,401,26,23,23,10,15,10,23,21,21,21,23,23,23,23
7,402,27,1,1,16,2,16,1,1,1,1,1,1,1,1
7,403,27,1,1,16,2,16,1,1,1,1,1,1,1,1
7,404,27,1,1,16,2,16,1,1,1,1,1,1,1,1
7,405,27,1,1,16,2,16,1,1,1,1,1,1,1,1
7,406,27,1,1,16,2,16,1,1,1,1,1,1,1,1
7,407,27,1,1,16,2,16,1,1,1,1,1,1,1,1
7,408,27,1,1,16,2,16,1,1,1,1,1,1,1,1
7,409,27,1,1,16,2,16,1,1,1,1,1,1,1,1
7,410,27,1,1,16,2,16,1,1,1,1,1,1,1,1
7,411,27,1,1,16,2,16,1,1,1,1,1,1,1,1
7,412,27,1,1,16,2,16,1,1,1,1,1,1,1,1
7,413,27,1,1,16,2,16,1,1,1,1,1,1,1,1
7,414,27,1,1,16,2,16,1,1,1,1,1,1,1,1
7,415,27,1,1,16,2,16,1,1,1,1,1,1,1,1
7,416,27,1,1,16,2,16,1,1,1,1,1,1,1,1
7,417,27,1,1,16,2,16,1,1,1,1,1,1,1,1
7,418,27,1,1,16,2,16,1,1,1,1,1,1,1,1
7,419,27,1,1,16,2,16,1,1,1,1,1,1,1,1
7,420,27,1,1,16,2,16,1,1,1,1,1,1,1,1
7,421,27,1,1,16,2,16,1,1,1,1,1,1,1,1
7,422,27,1,1,16,2,16,1,1,1,1,1,1,1,1
7,423,27,1,1,16,2,16,1,1,1,1,1,1,1,1
7,424,27,1,1,16,2,16,1,1,1,1,1,1,1,1
7,425,27,1,1,16,2,16,1,1,1,1,1,1,1,1
7,426,27,1,1,16,2,16,1,1,1,1,1,1,1,1
7,427,27,1,1,16,2,16,1,1,1,1,1,1,1,1
7,428,27,1,1,16,2,16,1,1,1,1,1,1,1,1
7,429,27,1,1,16,2,16,1,1,1,1,1,1,1,1
7,430,27,1,1,16,2,16,1,1,1,1,1,1,1,1
7,431,27,1,1,16,2,16,1,1,1,1,1,1,1,1
7,432,27,1,1,16,2,16,1,1,1,1,1,1,1,1
7,433,28,1,1,16,2,16,1,1,1,1,1,1,1,1
7,434,28,1,1,16,2,16,1,1,1,1,1,1,1,1
7,435,28,1,1,16,2,16,1,1,1,1,1,1,1,1
7,436,29,1,1,9,11,9,1,1,1,1,1,1,1,1
7,437,29,1,1,9,11,9,1,1,1,1,1,1,1,1
7,438,29,1,1,9,11,9,1,1,1,1,1,1,1,1
7,439,30,9,9,18,10,18,9,9,9,9,9,9,9,6
7,440,30,9,9,18,10,18,9,9,9,9,9,9,9,6
7,441,30,9,9,18,10,18,9,9,9,9,9,9,9,6
7,442,30,9,9,18,10,18,9,9,9,9,9,9,9,6
7,443,30,9,9,18,10,18,9,9,9,9,9,9,9,6
7,444,30,9,9,18,10,18,9,9,9,9,9,9,9,6
7,445,30,9,9,18,10,18,9,9,9,9,9,9,9,6
7,446,30,9,9,18,10,18,9,9,9,9,9,9,9,6
7,447,30,9,9,18,10,18,9,9,9,9,9,9,9,6
7,448,30,9,9,18,10,18,9,9,9,9,9,9,9,6
7,449,30,9,9,18,10,18,9,9,9,9,9,9,9,6
7,450,30,9,9,18,10,18,9,9,9,9,9,9,9,6
7,451,30,9,9,18,10,18,9,9,9,9,9,9,9,6
7,452,30,9,9,18,10,18,9,9,9,9,9,9,9,6
7,453,30,9,9,18,10,18,9,9,9,9,9,9,9,6
7,454,30,9,9,18,10,18,9,9,9,9,9,9,9,6
7,455,30,9,9,18,10,18,9,9,9,9,9,9,9,6
7,456,31,17,17,2,17,2,17,17,17,17,17,17,17,17
7,457,31,17,17,2,17,2,17,17,17,17,17,17,17,17
7,458,31,17,17,2,17,2,17,17,17,17,17,17,17,17
7,459,31,17,17,2,17,2,17,17,17,17,17,17,17,17
7,460,31,17,17,2,17,2,17,17,17,17,17,17,17,17
7,461,31,17,17,2,17,2,17,17,17,17,17,17,17,17
7,462,31,17,17,2,17,2,17,17,17,17,17,17,17,17
7,463,31,17,17,2,17,2,17,17,17,17,17,17,17,17
7,464,31,17,17,2,17,2,17,17,17,17,17,17,17,17
7,465,31,17,17,2,17,2,17,17,17,17,17,17,17,17
7,466,31,17,17,2,17,2,17,17,17,17,17,17,17,17
7,467,31,17,17,2,17,2,17,17,17,17,17,17,17,17
7,468,31,17,17,2,17,2,17,17,17,17,17,17,17,17
7,469,31,17,17,2,17,2,17,17,17,17,17,17,17,17
7,470,31,17,17,2,17,2,17,17,17,17,17,17,17,17
7,471,31,17,17,2,17,2,17,17,17,17,17,17,17,17
7,472,31,17,17,2,17,2,17,17,17,17,17,17,17,17
7,473,31,17,17,2,17,2,17,17,17,17,17,17,17,17
7,474,31,17,17,2,17,2,17,17,17,17,17,17,17,17
7,475,31,17,17,2,17,2,17,17,17,17,17,17,17,17
7,476,31,17,17,2,17,2,17,17,17,17,17,17,17,17
7,477,31,17,17,2,17,2,17,17,17,17,17,17,17,17
7,478,31,17,17,2,17,2,17,17,17,17,17,17,17,17
7,479,31,17,17,2,17,2,17,17,17,17,17,17,17,17
7,480,31,17,17,2,17,2,17,17,17,17,17,17,17,17
7,481,31,17,17,2,17,2,17,17,17,17,17,17,17,17
7,482,31,17,17,2,17,2,17,17,17,17,17,17,17,17
7,483,31,17,17,2,17,2,17,17,17,17,17,17,17,17
7,484,31,17,17,2,17,2,17,17,17,17,17,17,17,17
7,485,31,17,17,2,17,2,17,17,17,17,17,17,17,17
7,486,31,17,17,2,17,2,17,17,17,17,17,17,17,17
7,487,31,17,17,2,17,2,17,17,17,17,17,17,17,17
7,488,31,17,17,2,17,2,17,17,17,17,17,17,17,17
7,489,32,5,5,24,3,24,5,5,5,5,5,5,5,5
7,490,32,5,5,24,3,24,5,5,5,5,5,5,5,5
7,491,32,5,5,24,3,24,5,5,5,5,5,5,5,5
7,492,32,5,5,24,3,24,5,5,5,5,5,5,5,5
7,493,32,5,5,24,3,24,5,5,5,5,5,5,5,5
7,494,32,5,5,24,3,24,5,5,5,5,5,5,5,5
7,495,32,5,5,24,3,24,5,5,5,5,5,5,5,5
7,496,32,5,5,24,3,24,5,5,5,5,5,5,5,5
7,497,32,5,5,24,3,24,5,5,5,5,5,5,5,5
7,498,32,5,5,24,3,24,5,5,5,5,5,5,5,5
7,499,32,5,5,24,3,24,5,5,5,5,5,5,5,5
7,500,32,5,5,24,3,24,5,5,5,5,5,5,5,5
7,501,32,5,5,24,3,24,5,5,5,5,5,5,5,5
7,502,33,4,4,11,5,11,4,4,4,4,4,4,4,4
7,503,33,4,4,11,5,11,4,4,4,4,4,4,4,4
7,504,34,9,9,17,6,17,9,9,9,9,9,9,9,6
7,505,34,9,9,17,6,17,9,9,9,9,9,9,9,6
7,506,34,9,9,17,6,17,9,9,9,9,9,9,9,6
7,507,34,9,9,17,6,17,9,9,9,9,9,9,9,6
7,508,34,9,9,17,6,17,9,9,9,9,9,9,9,6
7,509,34,9,9,17,6,17,9,9,9,9,9,9,9,6
7,510,34,9,9,17,6,17,9,9,9,9,9,9,9,6
7,511,34,9,9,17,6,17,9,9,9,9,9,9,9,6
7,512,34,9,9,17,6,17,9,9,9,9,9,9,9,6
7,513,34,9,9,17,6,17,9,9,9,9,9,9,9,6
7,514,34,9,9,17,6,17,9,9,9,9,9,9,9,6
7,515,34,9,9,17,6,17,9,9,9,9,9,9,9,6
7,516,34,9,9,17,6,17,9,9,9,9,9,9,9,6
7,517,34,9,9,17,6,17,9,9,9,9,9,9,9,6
7,518,34,9,9,17,6,17,9,9,9,9,9,9,9,6
7,519,34,9,9,17,6,17,9,9,9,9,9,9,9,6
7,520,34,9,9,17,6,17,9,9,9,9,9,9,9,6
7,521,34,9,9,17,6,17,9,9,9,9,9,9,9,6
7,522,34,9,9,17,6,17,9,9,9,9,9,9,9,6
7,523,34,9,9,17,6,17,9,9,9,9,9,9,9,6
7,524,34,9,9,17,6,17,9,9,9,9,9,9,9,6
7,525,34,9,9,17,6,17,9,9,9,9,9,9,9,6
7,526,34,9,9,17,6,17,9,9,9,9,9,9,9,6
7,527,34,9,9,17,6,17,9,9,9,9,9,9,9,6
7,528,34,9,9,17,6,17,9,9,9,9,9,9,9,6
7,529,34,9,9,17,6,17,9,9,9,9,9,9,9,6
7,530,34,9,9,17,6,17,9,9,9,9,9,9,9,6
7,531,34,9,9,17,6,17,9,9,9,9,9,9,9,6
7,532,35,2,2,19,18,19,2,2,2,2,2,2,2,2
7,533,35,2,2,19,18,19,2,2,2,2,2,2,2,2
7,534,35,2,2,19,18,19,2,2,2,2,2,2,2,2
7,535,35,2,2,19,18,19,2,2,2,2,2,2,2,2
7,536,35,2,2,19,18,19,2,2,2,2,2,2,2,2
7,537,36,9,9,18,10,18,9,9,9,9,9,9,9,9
7,538,36,9,9,18,10,18,9,9,9,9,9,9,9,9
7,539,36,9,9,18,10,18,9,9,9,9,9,9,9,9
7,540,37,3,3,15,1,15,3,3,3,3,3,3,3,3
7,541,37,3,3,15,1,15,3,3,3,3,3,3,3,3
7,542,37,3,3,15,1,15,3,3,3,3,3,3,3,3
7,543,37,3,3,15,1,15,3,3,3,3,3,3,3,3
7,544,37,3,3,15,1,15,3,3,3,3,3,3,3,3
7,545,37,3,3,15,1,15,3,3,3,3,3,3,3,3
7,546,37,3,3,15,1,15,3,3,3,3,3,3,3,3
7,547,37,3,3,15,1,15,3,3,3,3,3,3,3,3
7,548,37,3,3,15,1,15,3,3,3,3,3,3,3,3
7,549,37,3,3,15,1,15,3,3,3,3,3,3,3,3
7,550,37,3,3,15,1,15,3,3,3,3,3,3,3,3
7,551,37,3,3,15,1,15,3,3,3,3,3,3,3,3
7,552,37,3,3,15,1,15,3,3,3,3,3,3,3,3
7,553,37,3,3,15,1,15,3,3,3,3,3,3,3,3
7,554,37,3,3,15,1,15,3,3,3,3,3,3,3,3
7,555,37,3,3,15,1,15,3,3,3,3,3,3,3,3
7,556,38,22,22,4,19,4,18,18,18,22,22,22,22,22
7,557,38,22,22,4,19,4,18,18,18,22,22,22,22,22
7,558,38,22,22,4,19,4,18,18,18,22,22,22,22,22
7,559,38,22,22,4,19,4,18,18,18,22,22,22,22,22
7,560,38,22,22,4,19,4,18,18,18,22,22,22,22,22
7,561,38,22,22,4,19,4,18,18,18,22,22,22,22,22
7,562,38,22,22,4,19,4,18,18,18,22,22,22,22,22
7,563,38,22,22,4,19,4,18,18,18,22,22,22,22,22
7,564,38,22,22,4,19,4,18,18,18,22,22,22,22,22
7,565,38,22,22,4,19,4,18,18,18,22,22,22,22,22
7,566,39,21,21,5,15,5,21,21,21,21,22,21,21,21
7,567,39,21,21,5,15,5,21,21,21,21,22,21,21,21
7,568,39,21,21,5,15,5,21,21,21,21,22,21,21,21
7,569,39,21,21,5,15,5,21,21,21,21,22,21,21,21
7,570,39,21,21,5,15,5,21,21,21,21,22,21,21,21
7,571,39,21,21,5,15,5,21,21,21,21,22,21,21,21
7,572,39,21,21,5,15,5,21,21,21,21,22,21,21,21
7,573,39,21,21,5,15,5,21,21,21,21,22,21,21,21
7,574,39,21,21,5,15,5,21,21,21,21,22,21,21,21
7,575,39,21,21,5,15,5,21,21,21,21,22,21,21,21
7,576,39,21,21,5,15,5,21,21,21,21,22,21,21,21
7,577,40,3,3,15,1,15,3,3,3,3,3,3,3,3
7,578,40,3,3,15,1,15,3,3,3,3,3,3,3,3
7,579,40,3,3,15,1,15,3,3,3,3,3,3,3,3
7,580,40,3,3,15,1,15,3,3,3,3,3,3,3,3
7,581,40,3,3,15,1,15,3,3,3,3,3,3,3,3
7,582,40,3,3,15,1,15,3,3,3,3,3,3,3,3
7,583,40,3,3,15,1,15,3,3,3,3,3,3,3,3
7,584,40,3,3,15,1,15,3,3,3,3,3,3,3,3
7,585,40,3,3,15,1,15,3,3,3,3,3,3,3,3
7,586,40,3,3,15,1,15,3,3,3,3,3,3,3,3
7,587,40,3,3,15,1,15,3,3,3,3,3,3,3,3
7,588,40,3,3,15,1,15,3,3,3,3,3,3,3,3
7,589,40,3,3,15,1,15,3,3,3,3,3,3,3,3
7,590,40,3,3,15,1,15,3,3,3,3,3,3,3,3
7,591,40,3,3,15,1,15,3,3,3,3,3,3,3,3
7,592,40,3,3,15,1,15,3,3,3,3,3,3,3,3
7,593,40,3,3,15,1,15,3,3,3,3,3,3,3,3
7,594,40,3,3,15,1,15,3,3,3,3,3,3,3,3
7,595,40,3,3,15,1,15,3,3,3,3,3,3,3,3
7,596,40,3,3,15,1,15,3,3,3,3,3,3,3,3
7,597,40,3,3,15,1,15,3,3,3,3,3,3,3,3
7,598,40,3,3,15,1,15,3,3,3,3,3,3,3,3
7,599,40,3,3,15,1,15,3,3,3,3,3,3,3,3
7,600,40,3,3,15,1,15,3,3,3,3,3,3,3,3
7,601,40,3,3,15,1,15,3,3,3,3,3,3,3,3
7,602,41,6,6,17,6,17,6,6,6,6,6,6,7,7
7,603,41,6,6,17,6,17,6,6,6,6,6,6,7,7
7,604,41,6,6,17,6,17,6,6,6,6,6,6,7,7
7,605,41,6,6,17,6,17,6,6,6,6,6,6,7,7
7,606,41,6,6,17,6,17,6,6,6,6,6,6,7,7
7,607,41,6,6,17,6,17,6,6,6,6,6,6,7,7
7,608,41,6,6,17,6,17,6,6,6,6,6,6,7,7
7,609,41,6,6,17,6,17,6,6,6,6,6,6,7,7
7,610,41,6,6,17,6,17,6,6,6,6,6,6,7,7
7,611,41,6,6,17,6,17,6,6,6,6,6,6,7,7
7,612,41,6,6,17,6,17,6,6,6,6,6,6,7,7
7,613,41,6,6,17,6,17,6,6,6,6,6,6,7,7
7,614,41,6,6,17,6,17,6,6,6,6,6,6,7,7
7,615,41,6,6,17,6,17,6,6,6,6,6,6,7,7
7,616,41,6,6,17,6,17,6,6,6,6,6,6,7,7
7,617,42,23,23,11,5,11,23,23,23,23,23,23,23,23
7,618,42,23,23,11,5,11,23,23,23,23,23,23,23,23
7,619,42,23,23,11,5,11,23,23,23,23,23,23,23,23
7,620,42,23,23,11,5,11,23,23,23,23,23,23,23,23
7,621,43,4,4,12,5,12,4,4,4,4,4,4,4,4
7,622,43,4,4,12,5,12,4,4,4,4,4,4,4,4
7,623,43,4,4,12,5,12,4,4,4,4,4,4,4,4
7,624,43,4,4,12,5,12,4,4,4,4,4,4,4,4
7,625,43,4,4,12,5,12,4,4,4,4,4,4,4,4
7,626,43,4,4,12,5,12,4,4,4,4,4,4,4,4
7,627,44,1,1,5,11,5,1,1,1,1,1,1,1,1
7,628,44,1,1,5,11,5,1,1,1,1,1,1,1,1
7,629,44,1,1,5,11,5,1,1,1,1,1,1,1,1
7,630,44,1,1,5,11,5,1,1,1,1,1,1,1,1
7,631,44,1,1,5,11,5,1,1,1,1,1,1,1,1
7,632,44,1,1,5,11,5,1,1,1,1,1,1,1,1
7,633,44,1,1,5,11,5,1,1,1,1,1,1,1,1
7,634,44,1,1,5,11,5,1,1,1,1,1,1,1,1
7,635,44,1,1,5,11,5,1,1,1,1,1,1,1,1
7,636,45,4,4,12,5,12,4,4,4,4,4,4,4,4
7,637,45,4,4,12,5,12,4,4,4,4,4,4,4,4
7,638,46,13,13,21,20,21,13,13,13,13,13,13,13,13
7,639,46,13,13,21,20,21,13,13,13,13,13,13,13,13
7,640,46,13,13,21,20,21,13,13,13,13,13,13,13,13
7,641,46,13,13,21,20,21,13,13,13,13,13,13,13,13
7,642,46,13,13,21,20,21,13,13,13,13,13,13,13,13
7,643,46,13,13,21,20,21,13,13,13,13,13,13,13,13
7,644,46,13,13,21,20,21,13,13,13,13,13,13,13,13
7,645,46,13,13,21,20,21,13,13,13,13,13,13,13,13
7,646,46,13,13,21,20,21,13,13,13,13,13,13,13,13
7,647,46,13,13,21,20,21,13,13,13,13,13,13,13,13
7,648,46,13,13,21,20,21,13,13,13,13,13,13,13,13
7,649,46,13,13,21,20,21,13,13,13,13,13,13,13,13
7,650,46,13,13,21,20,21,13,13,13,13,13,13,13,13
7,651,46,13,13,21,20,21,13,13,13,13,13,13,13,13
7,652,46,13,13,21,20,21,13,13,13,13,13,13,13,13
7,653,46,13,13,21,20,21,13,13,13,13,13,13,13,13
7,654,46,13,13,21,20,21,13,13,13,13,13,13,13,13
7,655,46,13,13,21,20,21,13,13,13,13,13,13,13,13
7,656,46,13,13,21,20,21,13,13,13,13,13,13,13,13
7,657,46,13,13,21,20,21,13,13,13,13,13,13,13,13
7,658,46,13,13,21,20,21,13,13,13,13,13,13,13,13
7,659,46,13,13,21,20,21,13,13,13,13,13,13,13,13
7,660,46,13,13,21,20,21,13,13,13,13,13,13,13,13
7,661,46,13,13,21,20,21,13,13,13,13,13,13,13,13
7,662,47,23,23,11,12,11,23,23,23,23,23,23,23,23
7,663,47,23,23,11,12,11,23,23,23,23,23,23,23,23
7,664,47,23,23,11,12,11,23,23,23,23,23,23,23,23
7,665,47,23,23,11,12,11,23,23,23,23,23,23,23,23
7,666,47,23,23,11,12,11,23,23,23,23,23,23,23,23
7,667,47,23,23,11,12,11,23,23,23,23,23,23,23,23
7,668,47,23,23,11,12,11,23,23,23,23,23,23,23,23
7,669,48,4,4,12,5,12,4,4,4,4,4,4,4,4
7,670,48,4,4,12,5,12,4,4,4,4,4,4,4,4
7,671,48,4,4,12,5,12,4,4,4,4,4,4,4,4
7,672,48,4,4,12,5,12,4,4,4,4,4,4,4,4
7,673,48,4,4,12,5,12,4,4,4,4,4,4,4,4
7,674,48,4,4,12,5,12,4,4,4,4,4,4,4,4
7,675,48,4,4,12,5,12,4,4,4,4,4,4,4,4
7,676,48,4,4,12,5,12,4,4,4,4,4,4,4,4
7,677,48,4,4,12,5,12,4,4,4,4,4,4,4,4
7,678,48,4,4,12,5,12,4,4,4,4,4,4,4,4
7,679,48,4,4,12,5,12,4,4,4,4,4,4,4,4
7,680,48,4,4,12,5,12,4,4,4,4,4,4,4,4
7,681,48,4,4,12,5,12,4,4,4,4,4,4,4,4
7,682,49,21,21,10,12,10,21,21,21,21,21,21,21,21
7,683,49,21,21,10,12,10,21,21,21,21,21,21,21,21
7,684,49,21,21,10,12,10,21,21,21,21,21,21,21,21
7,685,118,21,21,10,15,10,21,21,21,21,21,21,21,21
7,686,49,21,21,10,12,10,21,21,21,21,21,21,21,21
7,687,49,21,21,10,12,10,21,21,21,21,21,21,21,21
7,688,49,21,21,10,12,10,21,21,21,21,21,21,21,21
7,689,49,21,21,10,12,10,21,21,21,21,21,21,21,21
7,690,49,21,21,10,12,10,21,21,21,21,21,21,21,21
7,691,49,21,21,10,12,10,21,21,21,21,21,21,21,21
7,692,50,20,20,20,14,20,20,20,20,20,20,20,20,20
7,693,50,20,20,20,14,20,20,20,20,20,20,20,20,20
7,694,50,20,20,20,14,20,20,20,20,20,20,20,20,20
7,695,50,20,20,20,14,20,20,20,20,20,20,20,20,20
7,696,50,20,20,20,14,20,20,20,20,20,20,20,20,20
7,697,51,11,11,24,3,24,11,11,11,11,11,11,11,11
7,698,51,11,11,24,3,24,11,11,11,11,11,11,11,11
7,699,51,11,11,24,3,24,11,11,11,11,11,11,11,11
7,700,51,11,11,24,3,24,11,11,11,11,11,11,11,11
7,701,51,11,11,24,3,24,11,11,11,11,11,11,11,11
7,702,51,11,11,24,3,24,11,11,11,11,11,11,11,11
7,703,51,11,11,24,3,24,11,11,11,11,11,11,11,11
7,704,51,11,11,24,3,24,11,11,11,11,11,11,11,11
7,705,51,11,11,24,3,24,11,11,11,11,11,11,11,11
7,706,51,11,11,24,3,24,11,11,11,11,11,11,11,11
7,707,51,11,11,24,3,24,11,11,11,11,11,11,11,11
7,708,51,11,11,24,3,24,11,11,11,11,11,11,11,11
7,709,51,11,11,24,3,24,11,11,11,11,11,11,11,11
7,710,51,11,11,24,3,24,11,11,11,11,11,11,11,11
7,711,51,11,11,24,3,24,11,11,11,11,11,11,11,11
7,712,51,11,11,24,3,24,11,11,11,11,11,11,11,11
7,713,51,11,11,24,3,24,11,11,11,11,11,11,11,11
7,714,51,11,11,24,3,24,11,11,11,11,11,11,11,11
7,715,51,11,11,24,3,24,11,11,11,11,11,11,11,11
7,716,51,11,11,24,3,24,11,11,11,11,11,11,11,11
7,717,51,11,11,24,3,24,11,11,11,11,11,11,11,11
7,718,52,7,7,23,4,23,7,7,7,7,7,7,7,7
7,719,52,7,7,23,4,23,7,7,7,7,7,7,7,7
7,720,52,7,7,23,4,23,7,7,7,7,7,7,7,7
7,721,52,7,7,23,4,23,7,7,7,7,7,7,7,7
7,722,52,7,7,23,4,23,7,7,7,7,7,7,7,7
7,723,52,7,7,23,4,23,7,7,7,7,7,7,7,7
7,724,52,7,7,23,4,23,7,7,7,7,7,7,7,7
7,725,52,7,7,23,4,23,7,7,7,7,7,7,7,7
7,726,52,7,7,23,4,23,7,7,7,7,7,7,7,7
7,727,52,7,7,23,4,23,7,7,7,7,7,7,7,7
7,728,52,7,7,23,4,23,7,7,7,7,7,7,7,7
7,729,52,7,7,23,4,23,7,7,7,7,7,7,7,7
7,730,52,7,7,23,4,23,7,7,7,7,7,7,7,7
7,731,52,7,7,23,4,23,7,7,7,7,7,7,7,7
7,732,52,7,7,23,4,23,7,7,7,7,7,7,7,7
7,733,52,7,7,23,4,23,7,7,7,7,7,7,7,7
7,734,52,7,7,23,4,23,7,7,7,7,7,7,7,7
7,735,52,7,7,23,4,23,7,7,7,7,7,7,7,7
7,736,52,7,7,23,4,23,7,7,7,7,7,7,7,7
7,737,52,7,7,23,4,23,7,7,7,7,7,7,7,7
7,738,52,7,7,23,4,23,7,7,7,7,7,7,7,7
7,739,52,7,7,23,4,23,7,7,7,7,7,7,7,7
7,740,52,7,7,23,4,23,7,7,7,7,7,7,7,7
7,741,52,7,7,23,4,23,7,7,7,7,7,7,7,7
7,742,52,7,7,23,4,23,7,7,7,7,7,7,7,7
7,743,52,7,7,23,4,23,7,7,7,7,7,7,7,7
7,744,52,7,7,23,4,23,7,7,7,7,7,7,7,7
7,745,52,7,7,23,4,23,7,7,7,7,7,7,7,7
7,746,52,7,7,23,4,23,7,7,7,7,7,7,7,7
7,747,114,7,7,23,4,23,7,7,7,7,7,7,7,7
7,748,114,7,7,23,4,23,7,7,7,7,7,7,7,7
7,749,52,7,7,23,4,23,7,7,7,7,7,7,7,7
7,750,52,7,7,23,4,23,7,7,7,7,7,7,7,7
7,751,52,7,7,23,4,23,7,7,7,7,7,7,7,7
7,752,52,7,7,23,4,23,7,7,7,7,7,7,7,7
7,753,52,7,7,23,4,23,7,7,7,7,7,7,7,7
7,754,52,7,7,23,4,23,7,7,7,7,7,7,7,7
7,755,52,7,7,23,4,23,7,7,7,7,7,7,7,7
7,756,114,7,7,23,4,23,7,7,7,7,7,7,7,7
7,757,114,7,7,23,4,23,7,7,7,7,7,7,7,7
7,758,114,7,7,23,4,23,7,7,7,7,7,7,7,7
7,759,52,7,7,23,4,23,7,7,7,7,7,7,7,7
7,760,53,5,5,18,10,18,5,5,5,5,5,5,5,5
7,761,53,5,5,18,10,18,5,5,5,5,5,5,5,5
7,762,53,5,5,18,10,18,5,5,5,5,5,5,5,5
7,763,53,5,5,18,10,18,5,5,5,5,5,5,5,5
7,764,53,5,5,18,10,18,5,5,5,5,5,5,5,5
7,765,54,3,3,15,1,15,3,3,3,3,3,3,3,3
7,766,54,3,3,15,1,15,3,3,3,3,3,3,3,3
7,767,54,3,3,15,1,15,3,3,3,3,3,3,3,3
7,768,54,3,3,15,1,15,3,3,3,3,3,3,3,3
7,769,54,3,3,15,1,15,3,3,3,3,3,3,3,3
7,770,54,3,3,15,1,15,3,3,3,3,3,3,3,3
7,771,54,3,3,15,1,15,3,3,3,3,3,3,3,3
7,772,54,3,3,15,1,15,3,3,3,3,3,3,3,3
7,773,54,3,3,15,1,15,3,3,3,3,3,3,3,3
7,774,54,3,3,15,1,15,3,3,3,3,3,3,3,3
7,775,54,3,3,15,1,15,3,3,3,3,3,3,3,3
7,776,54,3,3,15,1,15,3,3,3,3,3,3,3,3
7,777,54,3,3,15,1,15,3,3,3,3,3,3,3,3
7,778,54,3,3,15,1,15,3,3,3,3,3,3,3,3
7,779,54,3,3,15,1,15,3,3,3,3,3,3,3,3
7,780,55,2,2,19,18,19,2,2,2,2,2,2,2,2
7,781,55,2,2,19,18,19,2,2,2,2,2,2,2,2
7,782,56,23,23,10,15,10,23,21,21,21,23,23,23,23
7,783,56,23,23,10,15,10,23,21,21,21,23,23,23,23
7,784,56,23,23,10,15,10,23,21,21,21,23,23,23,23
7,785,56,23,23,10,15,10,23,21,21,21,23,23,23,23
7,786,56,23,23,10,15,10,23,21,21,21,23,23,23,23
7,787,57,5,5,18,10,18,5,5,5,5,5,5,5,5
7,788,57,5,5,18,10,18,5,5,5,5,5,5,5,5
7,789,57,5,5,18,10,18,5,5,5,5,5,5,5,5
7,790,57,5,5,18,10,18,5,5,5,5,5,5,5,5
7,791,57,5,5,18,10,18,5,5,5,5,5,5,5,5
7,792,57,5,5,18,10,18,5,5,5,5,5,5,5,5
7,793,57,5,5,18,10,18,5,5,5,5,5,5,5,5
7,794,57,5,5,18,10,18,5,5,5,5,5,5,5,5
7,795,57,5,5,18,10,18,5,5,5,5,5,5,5,5
7,796,57,5,5,18,10,18,5,5,5,5,5,5,5,5
7,797,57,5,5,18,10,18,5,5,5,5,5,5,5,5
7,798,57,5,5,18,10,18,5,5,5,5,5,5,5,5
7,799,57,5,5,18,10,18,5,5,5,5,5,5,5,5
7,800,57,5,5,18,10,18,5,5,5,5,5,5,5,5
7,801,57,5,5,18,10,18,5,5,5,5,5,5,5,5
7,802,57,5,5,18,10,18,5,5,5,5,5,5,5,5
7,803,57,5,5,18,10,18,5,5,5,5,5,5,5,5
7,804,57,5,5,18,10,18,5,5,5,5,5,5,5,5
7,805,57,5,5,18,10,18,5,5,5,5,5,5,5,5
7,806,57,5,5,18,10,18,5,5,5,5,5,5,5,5
7,807,57,5,5,18,10,18,5,5,5,5,5,5,5,5
7,808,57,5,5,18,10,18,5,5,5,5,5,5,5,5
7,809,57,5,5,18,10,18,5,5,5,5,5,5,5,5
7,810,57,5,5,18,10,18,5,5,5,5,5,5,5,5
7,811,57,5,5,18,10,18,5,5,5,5,5,5,5,5
7,812,57,5,5,18,10,18,5,5,5,5,5,5,5,5
7,813,57,5,5,18,10,18,5,5,5,5,5,5,5,5
7,814,58,8,8,16,2,16,8,8,8,8,8,8,8,8
7,815,59,18,18,3,21,3,17,18,17,18,18,17,18,18
7,816,59,18,18,3,21,3,17,18,17,18,18,17,18,18
7,817,59,18,18,3,21,3,17,18,17,18,18,17,18,18
7,818,59,18,18,3,21,3,17,18,17,18,18,17,18,18
7,819,59,18,18,3,21,3,17,18,17,18,18,17,18,18
7,820,59,18,18,3,21,3,17,18,17,18,18,17,18,18
7,821,59,17,17,3,17,3,17,17,17,17,17,17,17,17
7,822,59,17,17,3,21,3,17,17,17,17,17,17,17,17
7,823,59,17,17,3,21,3,17,17,17,17,17,17,17,17
7,824,59,19,19,3,21,3,19,19,19,19,19,19,19,19
7,825,59,19,19,3,21,3,19,19,19,19,19,19,19,19
7,826,59,19,19,3,21,3,19,19,19,19,19,19,19,19
7,827,59,19,19,3,21,3,19,19,19,19,19,19,19,19
7,828,59,19,19,3,21,3,19,19,19,19,19,19,19,19
7,829,59,19,19,3,21,3,19,19,19,19,19,19,19,19
7,830,59,17,17,3,21,3,17,17,17,17,17,17,17,17
7,831,59,19,19,3,21,3,19,19,19,19,19,19,19,19
7,832,59,19,19,3,21,3,19,19,19,19,19,19,19,19
7,833,59,19,19,3,21,3,19,19,19,19,19,19,19,19
7,834,59,19,19,3,21,3,19,19,19,19,19,19,19,19
7,835,59,18,18,3,21,3,17,18,17,18,18,17,18,18
7,836,59,18,18,3,21,3,17,18,17,18,18,17,18,18
7,837,59,17,17,3,17,3,17,17,17,17,17,17,17,17
7,838,59,18,18,3,17,3,17,18,17,18,18,17,18,18
7,839,59,18,18,3,17,3,17,18,17,18,18,17,18,18
7,840,59,18,18,3,17,3,17,18,17,18,18,17,18,18
7,841,59,18,18,3,21,3,17,18,17,18,18,17,18,18
7,842,59,18,18,3,21,3,17,18,17,18,18,17,18,18
7,843,59,18,18,3,17,3,17,18,17,18,18,17,18,18
7,844,59,18,18,3,21,3,17,18,17,18,18,17,18,18
7,845,59,19,19,3,21,3,19,19,19,19,19,19,19,19
7,846,59,19,19,3,21,3,19,19,19,19,19,19,19,19
7,847,59,19,19,3,21,3,19,19,19,19,19,19,19,19
7,848,59,19,19,3,21,3,19,19,19,19,19,19,19,19
7,849,59,19,19,3,21,3,19,19,19,19,19,19,19,19
7,850,59,19,19,3,21,3,19,19,19,19,19,19,19,19
7,851,59,19,19,3,21,3,19,19,19,19,19,19,19,19
7,852,59,19,19,3,21,3,19,19,19,19,19,19,19,19
7,853,59,19,19,3,21,3,19,19,19,19,19,19,19,19
7,854,59,19,19,3,21,3,19,19,19,19,19,19,19,19
7,855,59,19,19,3,21,3,19,19,19,19,19,19,19,19
7,856,59,19,19,3,21,3,19,19,19,19,19,19,19,19
7,857,59,19,19,3,21,3,19,19,19,19,19,19,19,19
7,858,59,19,19,3,21,3,19,19,19,19,19,19,19,19
7,859,59,19,19,3,21,3,19,19,19,19,19,19,19,19
7,860,59,19,19,3,21,3,19,19,19,19,19,19,19,19
7,861,59,19,19,3,21,3,19,19,19,19,19,19,19,19
7,862,59,19,19,3,21,3,19,19,19,19,19,19,19,19
7,863,59,19,19,3,21,3,19,19,19,19,19,19,19,19
7,864,59,19,19,3,21,3,19,19,19,19,19,19,19,19
7,865,59,19,19,3,21,3,19,19,19,19,19,19,19,19
7,866,59,19,19,3,21,3,19,19,19,19,19,19,19,19
7,867,113,19,19,23,21,23,19,19,19,19,19,19,19,19
7,868,113,19,19,23,21,23,19,19,19,19,19,19,19,19
7,869,113,19,19,23,21,23,19,19,19,19,19,19,19,19
7,870,59,19,19,3,21,3,19,19,19,19,19,19,19,19
7,871,59,19,19,3,21,3,19,19,19,19,19,19,19,19
7,872,59,19,19,23,21,23,19,19,19,19,19,19,19,19
7,873,115,19,19,23,21,23,19,19,19,19,19,19,19,19
7,874,113,19,19,23,21,23,19,19,19,19,19,19,19,19
7,875,115,19,19,23,21,23,19,19,19,19,19,19,19,19
7,876,115,19,19,23,21,23,19,19,19,19,19,19,19,19
7,877,115,19,19,23,21,23,19,19,19,19,19,19,19,19
7,878,113,19,19,23,21,23,19,19,19,19,19,19,19,19
7,879,113,19,19,23,21,23,19,19,19,19,19,19,19,19
7,880,115,19,19,23,21,23,19,19,19,19,19,19,19,19
7,881,59,19,19,23,21,23,19,19,19,19,19,19,19,19
7,882,60,4,4,11,11,11,4,4,4,4,4,4,4,4
7,883,60,4,4,11,11,11,4,4,4,4,4,4,4,4
7,884,60,4,4,11,11,11,4,4,4,4,4,4,4,4
7,885,61,10,10,21,20,21,10,10,10,10,10,10,10,10
7,886,61,10,10,21,20,21,10,10,10,10,10,10,10,10
7,887,61,10,10,21,20,21,10,10,10,10,10,10,10,10
7,888,61,10,10,21,20,21,10,10,10,10,10,10,10,10
7,889,61,10,10,21,20,21,10,10,10,10,10,10,10,10
7,890,61,10,10,21,20,21,10,10,10,10,10,10,10,10
7,891,61,10,10,21,20,21,10,10,10,10,10,10,10,10
7,892,61,10,10,21,20,21,10,10,10,10,10,10,10,10
7,893,61,10,10,21,20,21,10,10,10,10,10,10,10,10
7,894,61,10,10,21,20,21,10,10,10,10,10,10,10,10
7,895,61,10,10,21,20,21,10,10,10,10,10,10,10,10
7,896,61,10,10,21,20,21,10,10,10,10,10,10,10,10
7,897,61,10,10,21,20,21,10,10,10,10,10,10,10,10
7,898,61,10,10,21,20,21,10,10,10,10,10,10,10,10
7,899,61,10,10,21,20,21,10,10,10,10,10,10,10,10
7,900,61,10,10,21,20,21,10,10,10,10,10,10,10,10
7,901,61,10,10,21,20,21,10,10,10,10,10,10,10,10
7,902,61,10,10,21,20,21,10,10,10,10,10,10,10,10
7,903,61,10,10,21,20,21,10,10,10,10,10,10,10,10
7,904,61,10,10,21,20,21,10,10,10,10,10,10,10,10
7,905,61,10,10,21,20,21,10,10,10,10,10,10,10,10
7,906,61,10,10,21,20,21,10,10,10,10,10,10,10,10
7,907,61,10,10,21,20,21,10,10,10,10,10,10,10,10
7,908,61,10,10,21,20,21,10,10,10,10,10,10,10,10
7,909,61,10,10,21,20,21,10,10,10,10,10,10,10,10
7,910,61,10,10,21,20,21,10,10,10,10,10,10,10,10
7,911,61,10,10,21,20,21,10,10,10,10,10,10,10,10
7,912,61,10,10,21,20,21,10,10,10,10,10,10,10,10
7,913,62,4,4,12,5,12,4,4,4,4,4,4,4,4
7,914,62,4,4,12,5,12,4,4,4,4,4,4,4,4
7,915,62,4,4,12,5,12,4,4,4,4,4,4,4,4
7,916,62,4,4,12,5,12,4,4,4,4,4,4,4,4
7,917,62,4,4,12,5,12,4,4,4,4,4,4,4,4
7,918,62,4,4,12,5,12,4,4,4,4,4,4,4,4
7,919,62,4,4,12,5,12,4,4,4,4,4,4,4,4
7,920,62,4,4,12,5,12,4,4,4,4,4,4,4,4
7,921,62,4,4,12,5,12,4,4,4,4,4,4,4,4
7,922,62,4,4,12,5,12,4,4,4,4,4,4,4,4
7,923,63,1,1,9,11,9,1,1,1,1,1,1,1,1
7,924,63,1,1,9,11,9,1,1,1,1,1,1,1,1
7,925,64,18,18,10,4,10,18,18,18,18,18,18,18,18
7,926,64,18,18,10,4,10,18,18,18,18,18,18,18,18
7,927,64,18,18,10,4,10,18,18,18,18,18,18,18,18
7,928,64,18,18,10,4,10,18,18,18,18,18,18,18,18
7,929,64,18,18,10,4,10,18,18,18,18,18,18,18,18
7,930,64,18,18,10,4,10,18,18,18,18,18,18,18,18
7,931,64,18,18,10,4,10,18,18,18,18,18,18,18,18
7,932,64,18,18,10,4,10,18,18,18,18,18,18,18,18
7,933,64,18,18,10,4,10,18,18,18,18,18,18,18,18
7,934,64,18,18,10,4,10,18,18,18,18,18,18,18,18
7,935,64,18,18,10,4,10,18,18,18,18,18,18,18,18
7,936,64,18,18,10,4,10,18,18,18,18,18,18,18,18
7,937,64,18,18,10,4,10,18,18,18,18,18,18,18,18
7,938,64,18,18,10,4,10,18,18,18,18,18,18,18,18
7,939,64,18,18,10,4,10,18,18,18,18,18,18,18,18
7,940,64,18,18,10,4,10,18,18,18,18,18,18,18,18
7,941,64,18,18,10,4,10,18,18,18,18,18,18,18,18
7,942,64,18,18,10,4,10,18,18,18,18,18,18,18,18
7,943,64,18,18,10,4,10,18,18,18,18,18,18,18,18
7,944,65,20,20,20,14,20,20,20,20,20,20,20,20,20
7,945,65,20,20,20,14,20,20,20,20,20,20,20,20,20
7,946,65,20,20,20,14,20,20,20,20,20,20,20,20,20
7,947,65,20,20,20,14,20,20,20,20,20,20,20,20,20
7,948,65,20,20,20,14,20,20,20,20,20,20,20,20,20
7,949,65,20,20,20,14,20,20,20,20,20,20,20,20,20
7,950,65,20,20,20,14,20,20,20,20,20,20,20,20,20
7,951,65,20,20,20,14,20,20,20,20,20,20,20,20,20
7,952,65,20,20,20,14,20,20,20,20,20,20,20,20,20
7,953,65,20,20,20,14,20,20,20,20,20,20,20,20,20
7,954,65,20,20,20,14,20,20,20,20,20,20,20,20,20
7,955,65,20,20,20,14,20,20,20,20,20,20,20,20,20
7,956,65,20,20,20,14,20,20,20,20,20,20,20,20,20
7,957,65,20,20,20,14,20,20,20,20,20,20,20,20,20
7,958,65,20,20,20,14,20,20,20,20,20,20,20,20,20
7,959,65,20,20,20,14,20,20,20,20,20,20,20,20,20
7,960,65,20,20,20,14,20,20,20,20,20,20,20,20,20
7,961,65,20,20,20,14,20,20,20,20,20,20,20,20,20
7,962,65,20,20,20,14,20,20,20,20,20,20,20,20,20
7,963,65,20,20,20,14,20,20,20,20,20,20,20,20,20
7,964,65,20,20,20,14,20,20,20,20,20,20,20,20,20
7,965,65,20,20,20,14,20,20,20,20,20,20,20,20,20
7,966,65,20,20,20,14,20,20,20,20,20,20,20,20,20
7,967,65,20,20,20,14,20,20,20,20,20,20,20,20,20
7,968,65,20,20,20,14,20,20,20,20,20,20,20,20,20
7,969,65,20,20,20,14,20,20,20,20,20,20,20,20,20
7,970,65,20,20,20,14,20,20,20,20,20,20,20,20,20
7,971,65,20,20,20,14,20,20,20,20,20,20,20,20,20
7,972,65,20,20,20,14,20,20,20,20,20,20,20,20,20
7,973,65,20,20,20,14,20,20,20,20,20,20,20,20,20
7,974,65,20,20,20,14,20,20,20,20,20,20,20,20,20
7,975,65,20,20,20,14,20,20,20,20,20,20,20,20,20
7,976,65,20,20,20,14,20,20,20,20,20,20,20,20,20
7,977,66,17,17,10,15,10,18,17,18,21,17,18,17,17
7,978,66,17,17,10,15,10,18,17,18,21,17,18,17,17
7,979,66,17,17,10,15,10,18,17,18,21,17,18,17,17
7,980,66,17,17,10,15,10,18,17,18,21,17,18,17,17
7,981,66,17,17,10,15,10,18,17,18,21,17,18,17,17
7,982,66,17,17,10,15,10,18,17,18,21,17,18,17,17
7,983,66,17,17,10,15,10,18,17,18,21,17,18,17,17
7,984,66,17,17,10,15,10,18,17,18,21,17,18,17,17
7,985,67,4,4,11,12,11,4,4,4,4,4,4,4,4
7,986,67,4,4,11,12,11,4,4,4,4,4,4,4,4
7,987,67,4,4,11,12,11,4,4,4,4,4,4,4,4
7,988,67,4,4,11,12,11,4,4,4,4,4,4,4,4
7,989,67,4,4,11,12,11,4,4,4,4,4,4,4,4
7,990,68,4,4,12,5,12,4,4,4,4,4,4,4,4
7,991,68,4,4,12,5,12,4,4,4,4,4,4,4,4
7,992,68,4,4,12,5,12,4,4,4,4,4,4,4,4
7,993,68,4,4,12,5,12,4,4,4,4,4,4,4,4
7,994,68,4,4,12,5,12,4,4,4,4,4,4,4,4
7,995,68,4,4,12,5,12,4,4,4,4,4,4,4,4
7,996,68,4,4,12,5,12,4,4,4,4,4,4,4,4
7,997,68,4,4,12,5,12,4,4,4,4,4,4,4,4
7,998,68,4,4,12,5,12,4,4,4,4,4,4,4,4
7,999,68,4,4,12,5,12,4,4,4,4,4,4,4,4
7,1000,68,4,4,12,5,12,4,4,4,4,4,4,4,4
7,1001,68,4,4,12,5,12,4,4,4,4,4,4,4,4
7,1002,68,4,4,12,5,12,4,4,4,4,4,4,4,4
7,1003,68,4,4,12,5,12,4,4,4,4,4,4,4,4
7,1004,68,4,4,12,5,12,4,4,4,4,4,4,4,4
7,1005,68,4,4,12,5,12,4,4,4,4,4,4,4,4
7,1006,68,4,4,12,5,12,4,4,4,4,4,4,4,4
7,1007,68,4,4,12,5,12,4,4,4,4,4,4,4,4
7,1008,69,11,11,24,3,24,11,11,11,11,11,11,11,11
7,1009,69,11,11,24,3,24,11,11,11,11,11,11,11,11
7,1010,69,11,11,24,3,24,11,11,11,11,11,11,11,11
7,1011,69,11,11,24,3,24,11,11,11,11,11,11,11,11
7,1012,69,11,11,24,3,24,11,11,11,11,11,11,11,11
7,1013,69,11,11,24,3,24,11,11,11,11,11,11,11,11
7,1014,69,11,11,24,3,24,11,11,11,11,11,11,11,11
7,1015,69,11,11,24,3,24,11,11,11,11,11,11,11,11
7,1016,69,11,11,24,3,24,11,11,11,11,11,11,11,11
7,1017,69,11,11,24,3,24,11,11,11,11,11,11,11,11
7,1018,69,11,11,24,3,24,11,11,11,11,11,11,11,11
7,1019,69,11,11,24,3,24,11,11,11,11,11,11,11,11
7,1020,69,11,11,24,3,24,11,11,11,11,11,11,11,11
7,1021,69,11,11,24,3,24,11,11,11,11,11,11,11,11
7,1022,69,11,11,24,3,24,11,11,11,11,11,11,11,11
7,1023,69,11,11,24,3,24,11,11,11,11,11,11,11,11
7,1024,69,11,11,24,3,24,11,11,11,11,11,11,11,11
7,1025,69,11,11,24,3,24,11,11,11,11,11,11,11,11
7,1026,69,11,11,24,3,24,11,11,11,11,11,11,11,11
7,1027,69,11,11,24,3,24,11,11,11,11,11,11,11,11
7,1028,69,11,11,24,3,24,11,11,11,11,11,11,11,11
7,1029,69,11,11,24,3,24,11,11,11,11,11,11,11,11
7,1030,69,11,11,24,3,24,11,11,11,11,11,11,11,11
7,1031,69,11,11,24,3,24,11,11,11,11,11,11,11,11
7,1032,69,11,11,24,3,24,11,11,11,11,11,11,11,11
7,1033,69,11,11,24,3,24,11,11,11,11,11,11,11,11
7,1034,70,5,5,18,10,18,5,5,5,5,5,5,5,5
7,1035,70,5,5,18,10,18,5,5,5,5,5,5,5,5
7,1036,70,5,5,18,10,18,5,5,5,5,5,5,5,5
7,1037,70,5,5,18,10,18,5,5,5,5,5,5,5,5
7,1038,70,5,5,18,10,18,5,5,5,5,5,5,5,5
7,1039,71,23,23,11,12,11,23,23,23,23,23,23,23,23
7,1040,71,23,23,11,12,11,23,23,23,23,23,23,23,23
7,1041,71,23,23,11,12,11,23,23,23,23,23,23,23,23
7,1042,71,23,23,11,12,11,23,23,23,23,23,23,23,23
7,1043,71,23,23,11,12,11,23,23,23,23,23,23,23,23
7,1044,71,23,23,11,12,11,23,23,23,23,23,23,23,23
7,1045,71,23,23,11,12,11,23,23,23,23,23,23,23,23
7,1046,71,23,23,11,12,11,23,23,23,23,23,23,23,23
7,1047,71,23,23,11,12,11,23,23,23,23,23,23,23,23
7,1048,71,23,23,11,12,11,23,23,23,23,23,23,23,23
7,1049,72,4,4,11,12,11,4,4,4,4,4,4,4,4
7,1050,72,4,4,11,12,11,4,4,4,4,4,4,4,4
7,1051,72,4,4,11,12,11,4,4,4,4,4,4,4,4
7,1052,73,4,4,12,5,12,4,4,4,4,4,4,4,4
7,1053,73,4,4,12,5,12,4,4,4,4,4,4,4,4
7,1054,73,4,4,12,5,12,4,4,4,4,4,4,4,4
7,1055,73,4,4,12,5,12,4,4,4,4,4,4,4,4
7,1056,73,4,4,12,5,12,4,4,4,4,4,4,4,4
7,1057,73,4,4,12,5,12,4,4,4,4,4,4,4,4
7,1058,73,4,4,12,5,12,4,4,4,4,4,4,4,4
7,1059,73,4,4,12,5,12,4,4,4,4,4,4,4,4
7,1060,73,4,4,12,5,12,4,4,4,4,4,4,4,4
7,1061,73,4,4,12,5,12,4,4,4,4,4,4,4,4
7,1062,73,4,4,12,5,12,4,4,4,4,4,4,4,4
7,1063,73,4,4,12,5,12,4,4,4,4,4,4,4,4
7,1064,73,4,4,12,5,12,4,4,4,4,4,4,4,4
7,1065,73,4,4,12,5,12,4,4,4,4,4,4,4,4
7,1066,73,4,4,12,5,12,4,4,4,4,4,4,4,4
7,1067,73,4,4,12,5,12,4,4,4,4,4,4,4,4
7,1068,73,4,4,12,5,12,4,4,4,4,4,4,4,4
7,1069,73,4,4,12,5,12,4,4,4,4,4,4,4,4
7,1070,74,8,8,8,7,8,8,8,8,8,8,8,8,8
7,1071,74,8,8,8,7,8,8,8,8,8,8,8,8,8
7,1072,74,8,8,8,7,8,8,8,8,8,8,8,8,8
7,1073,74,8,8,8,7,8,8,8,8,8,8,8,8,8
7,1074,74,8,8,8,7,8,8,8,8,8,8,8,8,8
7,1075,74,8,8,8,7,8,8,8,8,8,8,8,8,8
7,1076,74,8,8,8,7,8,8,8,8,8,8,8,8,8
7,1077,74,8,8,8,7,8,8,8,8,8,8,8,8,8
7,1078,74,8,8,8,7,8,8,8,8,8,8,8,8,8
7,1079,74,8,8,8,7,8,8,8,8,8,8,8,8,8
7,1080,74,8,8,8,7,8,8,8,8,8,8,8,8,8
7,1081,74,8,8,8,7,8,8,8,8,8,8,8,8,8
7,1082,75,22,22,4,19,4,22,22,22,22,22,22,22,22
7,1083,75,22,22,4,19,4,22,22,22,22,22,22,22,22
7,1084,75,22,22,4,19,4,22,22,22,22,22,22,22,22
7,1085,75,22,22,4,19,4,22,22,22,22,22,22,22,22
7,1086,75,22,22,4,19,4,22,22,22,22,22,22,22,22
7,1087,75,22,22,4,19,4,22,22,22,22,22,22,22,22
7,1088,75,22,22,4,19,4,22,22,22,22,22,22,22,22
7,1089,75,22,22,4,19,4,22,22,22,22,22,22,22,22
7,1090,75,22,22,4,19,4,22,22,22,22,22,22,22,22
7,1091,75,22,22,4,19,4,22,22,22,22,22,22,22,22
7,1092,76,20,20,20,14,20,20,20,20,20,20,20,20,20
7,1093,76,20,20,20,14,20,20,20,20,20,20,20,20,20
7,1094,76,20,20,20,14,20,20,20,20,20,20,20,20,20
7,1095,76,20,20,20,14,20,20,20,20,20,20,20,20,20
7,1096,76,20,20,20,14,20,20,20,20,20,20,20,20,20
7,1097,76,20,20,20,14,20,20,20,20,20,20,20,20,20
7,1098,76,20,20,20,14,20,20,20,20,20,20,20,20,20
7,1099,76,20,20,20,14,20,20,20,20,20,20,20,20,20
7,1100,76,20,20,20,14,20,20,20,20,20,20,20,20,20
7,1101,76,20,20,20,14,20,20,20,20,20,20,20,20,20
7,1102,76,20,20,20,14,20,20,20,20,20,20,20,20,20
7,1103,76,20,20,20,14,20,20,20,20,20,20,20,20,20
7,1104,76,20,20,20,14,20,20,20,20,20,20,20,20,20
7,1105,76,20,20,20,14,20,20,20,20,20,20,20,20,20
7,1106,76,20,20,20,14,20,20,20,20,20,20,20,20,20
7,1107,76,20,20,20,14,20,20,20,20,20,20,20,20,20
7,1108,76,20,20,20,14,20,20,20,20,20,20,20,20,20
7,1109,76,20,20,20,14,20,20,20,20,20,20,20,20,20
7,1110,76,20,20,20,14,20,20,20,20,20,20,20,20,20
7,1111,76,20,20,20,14,20,20,20,20,20,20,20,20,20
7,1112,76,20,20,20,14,20,20,20,20,20,20,20,20,20
7,1113,77,24,24,1,22,1,24,24,24,24,24,24,24,24
7,1114,77,24,24,1,22,1,24,24,24,24,24,24,24,24
7,1115,77,24,24,1,22,1,24,24,24,24,24,24,24,24
7,1116,77,24,24,1,22,1,24,24,24,24,24,24,24,24
7,1117,77,24,24,1,22,1,24,24,24,24,24,24,24,24
7,1118,77,24,24,1,22,1,24,24,24,24,24,24,24,24
7,1119,77,24,24,1,22,1,24,24,24,24,24,24,24,24
7,1120,77,24,24,1,22,1,24,24,24,24,24,24,24,24
7,1121,77,24,24,1,22,1,24,24,24,24,24,24,24,24
7,1122,77,24,24,1,22,1,24,24,24,24,24,24,24,24
7,1123,77,24,24,1,22,1,24,24,24,24,24,24,24,24
7,1124,77,24,24,1,22,1,24,24,24,24,24,24,24,24
7,1125,77,24,24,1,22,1,24,24,24,24,24,24,24,24
7,1126,77,24,24,1,22,1,24,24,24,24,24,24,24,24
7,1127,77,24,24,1,22,1,24,24,24,24,24,24,24,24
7,1128,77,24,24,1,22,1,24,24,24,24,24,24,24,24
7,1129,77,24,24,1,22,1,24,24,24,24,24,24,24,24
7,1130,77,24,24,1,22,1,24,24,24,24,24,24,24,24
7,1131,77,24,24,1,22,1,24,24,24,24,24,24,24,24
7,1132,77,24,24,1,22,1,24,24,24,24,24,24,24,24
7,1133,77,24,24,1,22,1,24,24,24,24,24,24,24,24
7,1134,77,24,24,1,22,1,24,24,24,24,24,24,24,24
7,1135,77,24,24,1,22,1,24,24,24,24,24,24,24,24
7,1136,77,24,24,1,22,1,24,24,24,24,24,24,24,24
7,1137,77,24,24,1,22,1,24,24,24,24,24,24,24,24
7,1138,77,24,24,1,22,1,24,24,24,24,24,24,24,24
7,1139,77,24,24,1,22,1,24,24,24,24,24,24,24,24
7,1140,77,24,24,1,22,1,24,24,24,24,24,24,24,24
7,1141,77,24,24,1,22,1,24,24,24,24,24,24,24,24
7,1142,77,24,24,1,22,1,24,24,24,24,24,24,24,24
7,1143,77,24,24,1,22,1,24,24,24,24,24,24,24,24
7,1144,77,24,24,1,22,1,24,24,24,24,24,24,24,24
7,1145,77,24,24,1,22,1,24,24,24,24,24,24,24,24
7,1146,77,24,24,1,22,1,24,24,24,24,24,24,24,24
7,1147,77,24,24,1,22,1,24,24,24,24,24,24,24,24
7,1148,77,24,24,1,22,1,24,24,24,24,24,24,24,24
7,1149,77,24,24,1,22,1,24,24,24,24,24,24,24,24
7,1150,77,24,24,1,22,1,24,24,24,24,24,24,24,24
7,1151,77,24,24,1,22,1,24,24,24,24,24,24,24,24
7,1152,77,24,24,1,22,1,24,24,24,24,24,24,24,24
7,1153,77,24,24,1,22,1,24,24,24,24,24,24,24,24
7,1154,77,24,24,1,22,1,24,24,24,24,24,24,24,24
7,1155,77,24,24,1,22,1,24,24,24,24,24,24,24,24
7,1156,77,24,24,1,22,1,24,24,24,24,24,24,24,24
7,1157,77,24,24,1,22,1,24,24,24,24,24,24,24,24
7,1158,77,24,24,1,22,1,24,24,24,24,24,24,24,24
7,1159,77,24,24,1,22,1,24,24,24,24,24,24,24,24
7,1160,77,24,24,1,22,1,24,24,24,24,24,24,24,24
7,1161,77,24,24,1,22,1,24,24,24,24,24,24,24,24
7,1162,77,24,24,1,22,1,24,24,24,24,24,24,24,24
7,1163,77,24,24,1,22,1,24,24,24,24,24,24,24,24
7,1164,901,21,21,5,22,5,21,21,21,21,21,21,21,21
7,1165,78,1,1,9,11,9,1,1,1,1,1,1,1,1
7,1166,78,1,1,9,11,9,1,1,1,1,1,1,1,1
7,1167,78,1,1,9,11,9,1,1,1,1,1,1,1,1
7,1168,78,1,1,9,11,9,1,1,1,1,1,1,1,1
7,1169,78,1,1,9,11,9,1,1,1,1,1,1,1,1
7,1170,78,1,1,9,11,9,1,1,1,1,1,1,1,1
7,1171,78,1,1,9,11,9,1,1,1,1,1,1,1,1
7,1172,78,1,1,9,11,9,1,1,1,1,1,1,1,1
7,1173,78,1,1,9,11,9,1,1,1,1,1,1,1,1
7,1174,78,1,1,9,11,9,1,1,1,1,1,1,1,1
7,1175,78,1,1,9,11,9,1,1,1,1,1,1,1,1
7,1176,78,1,1,9,11,9,1,1,1,1,1,1,1,1
7,1177,78,1,1,9,11,9,1,1,1,1,1,1,1,1
7,1178,79,18,18,2,17,2,18,18,18,18,18,18,18,18
7,1179,79,18,18,2,17,2,18,18,18,18,18,18,18,18
7,1180,79,18,18,2,17,2,18,18,18,18,18,18,18,18
7,1181,79,18,18,2,17,2,18,18,18,18,18,18,18,18
7,1182,79,18,18,2,17,2,18,18,18,18,18,18,18,18
7,1183,79,18,18,2,17,2,18,18,18,18,18,18,18,18
7,1184,79,18,18,2,17,2,18,18,18,18,18,18,18,18
7,1185,79,18,18,2,17,2,18,18,18,18,18,18,18,18
7,1186,79,18,18,2,17,2,18,18,18,18,18,18,18,18
7,1187,80,1,1,16,2,16,1,1,1,1,1,1,1,1
7,1188,80,1,1,16,2,16,1,1,1,1,1,1,1,1
7,1189,81,5,5,7,8,7,5,5,5,5,5,5,5,5
7,1190,81,5,5,7,8,7,5,5,5,5,5,5,5,5
7,1191,81,5,5,7,8,7,5,5,5,5,5,5,5,5
7,1192,81,5,5,7,8,7,5,5,5,5,5,5,5,5
7,1193,81,5,5,7,8,7,5,5,5,5,5,5,5,5
7,1194,81,5,5,7,8,7,5,5,5,5,5,5,5,5
7,1195,81,5,5,7,8,7,5,5,5,5,5,5,5,5
7,1196,81,5,5,7,8,7,5,5,5,5,5,5,5,5
7,1197,81,5,5,7,8,7,5,5,5,5,5,5,5,5
7,1198,81,5,5,7,8,7,5,5,5,5,5,5,5,5
7,1199,81,5,5,7,8,7,5,5,5,5,5,5,5,5
7,1200,81,5,5,7,8,7,5,5,5,5,5,5,5,5
7,1201,81,5,5,7,8,7,5,5,5,5,5,5,5,5
7,1202,81,5,5,7,8,7,5,5,5,5,5,5,5,5
7,1203,81,5,5,7,8,7,5,5,5,5,5,5,5,5
7,1204,81,5,5,7,8,7,5,5,5,5,5,5,5,5
7,1205,81,5,5,7,8,7,5,5,5,5,5,5,5,5
7,1206,81,5,5,7,8,7,5,5,5,5,5,5,5,5
7,1207,82,22,22,4,12,4,22,22,22,22,22,22,22,22
7,1208,82,22,22,4,12,4,22,22,22,22,22,22,22,22
7,1209,82,22,22,4,12,4,22,22,22,22,22,22,22,22
7,1210,82,22,22,4,12,4,22,22,22,22,22,22,22,22
7,1211,82,22,22,4,12,4,22,22,22,22,22,22,22,22
7,1212,82,22,22,4,12,4,22,22,22,22,22,22,22,22
7,1213,117,22,22,4,12,4,22,22,22,22,22,22,22,22
7,1214,82,22,22,4,12,4,22,22,22,22,22,22,22,22
7,1215,82,22,22,4,12,4,22,22,22,22,22,22,22,22
7,1216,82,22,22,4,12,4,22,22,22,22,22,22,22,22
7,1217,82,22,22,4,12,4,22,22,22,22,22,22,22,22
7,1218,82,22,22,4,12,4,22,22,22,22,22,22,22,22
7,1219,82,22,22,4,12,4,22,22,22,22,22,22,22,22
7,1220,82,22,22,4,12,4,22,22,22,22,22,22,22,22
7,1221,82,22,22,4,12,4,22,22,22,22,22,22,22,22
7,1222,83,17,17,2,17,2,17,17,17,17,17,17,17,17
7,1223,83,17,17,2,17,2,17,17,17,17,17,17,17,17
7,1224,83,17,17,2,17,2,17,17,17,17,17,17,17,17
7,1225,83,17,17,2,17,2,17,17,17,17,17,17,17,17
7,1226,84,6,6,8,7,8,6,6,6,6,6,6,6,6
7,1227,84,6,6,8,7,8,6,6,6,6,6,6,6,6
7,1228,84,6,6,8,7,8,6,6,6,6,6,6,6,6
7,1229,84,6,6,8,7,8,6,6,6,6,6,6,6,6
7,1230,84,6,6,8,7,8,6,6,6,6,6,6,6,6
7,1231,84,6,6,8,7,8,6,6,6,6,6,6,6,6
7,1232,84,6,6,8,7,8,6,6,6,6,6,6,6,6
7,1233,85,4,4,12,5,12,4,4,4,4,4,4,4,4
7,1234,85,4,4,12,5,12,4,4,4,4,4,4,4,4
7,1235,85,4,4,12,5,12,4,4,4,4,4,4,4,4
7,1236,86,23,23,11,11,11,23,23,23,23,23,23,23,23
7,1237,86,23,23,11,11,11,23,23,23,23,23,23,23,23
7,1238,86,23,23,11,11,11,23,23,23,23,23,23,23,23
7,1239,86,23,23,11,11,11,23,23,23,23,23,23,23,23
7,1240,87,10,10,21,23,21,10,10,10,10,10,10,10,10
7,1241,87,10,10,21,23,21,10,10,10,10,10,10,10,10
7,1242,87,10,10,21,23,21,10,10,10,10,10,10,10,10
7,1243,87,10,10,21,23,21,10,10,10,10,10,10,10,10
7,1244,87,10,10,21,23,21,10,10,10,10,10,10,10,10
7,1245,87,10,10,21,23,21,10,10,10,10,10,10,10,10
7,1246,87,10,10,21,23,21,10,10,10,10,10,10,10,10
7,1247,88,2,2,19,18,19,2,2,2,2,2,2,2,2
7,1248,88,2,2,19,18,19,2,2,2,2,2,2,2,2
7,1249,88,2,2,19,18,19,2,2,2,2,2,2,2,2
7,1250,88,2,2,19,18,19,2,2,2,2,2,2,2,2
7,1251,88,2,2,19,18,19,2,2,2,2,2,2,2,2
7,1252,88,2,2,19,18,19,2,2,2,2,2,2,2,2
7,1253,88,2,2,19,18,19,2,2,2,2,2,2,2,2
7,1254,88,2,2,19,18,19,2,2,2,2,2,2,2,2
7,1255,88,2,2,19,18,19,2,2,2,2,2,2,2,2
7,1256,88,2,2,19,18,19,2,2,2,2,2,2,2,2
7,1257,88,2,2,19,18,19,2,2,2,2,2,2,2,2
7,1258,88,2,2,19,18,19,2,2,2,2,2,2,2,2
7,1259,88,2,2,19,18,19,2,2,2,2,2,2,2,2
7,1260,88,2,2,19,18,19,2,2,2,2,2,2,2,2
7,1261,88,2,2,19,18,19,2,2,2,2,2,2,2,2
7,1262,88,2,2,19,18,19,2,2,2,2,2,2,2,2
7,1263,88,2,2,19,18,19,2,2,2,2,2,2,2,2
7,1264,89,4,4,12,5,12,4,4,4,4,4,4,4,4
7,1265,90,12,12,14,18,14,12,12,12,12,12,12,12,12
7,1266,90,12,12,14,18,14,12,12,12,12,12,12,12,12
7,1267,90,12,12,14,18,14,12,12,12,12,12,12,12,12
7,1268,90,12,12,14,13,14,12,12,12,12,12,12,12,12
7,1269,90,12,12,14,13,14,12,12,12,12,12,12,12,12
7,1270,90,12,12,14,13,14,12,12,12,12,12,12,12,12
7,1271,90,12,12,14,13,14,12,12,12,12,12,12,12,12
7,1272,90,12,12,14,13,14,12,12,12,12,12,12,12,12
7,1273,90,12,12,14,13,14,12,12,12,12,12,12,12,12
7,1274,90,12,12,14,13,14,12,12,12,12,12,12,12,12
7,1275,90,12,12,14,13,14,12,12,12,12,12,12,12,12
7,1276,90,12,12,14,13,14,12,12,12,12,12,12,12,12
7,1277,90,12,12,14,13,14,12,12,12,12,12,12,12,12
7,1278,90,12,12,14,13,14,12,12,12,12,12,12,12,12
7,1279,90,12,12,14,13,14,12,12,12,12,12,12,12,12
7,1280,90,12,12,14,13,14,12,12,12,12,12,12,12,12
7,1281,90,12,12,14,13,14,12,12,12,12,12,12,12,12
7,1282,90,12,12,14,13,14,12,12,12,12,12,12,12,12
7,1283,90,12,12,14,13,14,12,12,12,12,12,12,12,12
7,1284,90,12,12,14,13,14,12,12,12,12,12,12,12,12
7,1285,90,12,12,14,13,14,12,12,12,12,12,12,12,12
7,1286,90,12,12,14,13,14,12,12,12,12,12,12,12,12
7,1287,90,12,12,14,13,14,12,12,12,12,12,12,12,12
7,1288,90,12,12,14,13,14,12,12,12,12,12,12,12,12
7,1289,90,12,12,14,13,14,12,12,12,12,12,12,12,12
7,1290,90,12,12,14,13,14,12,12,12,12,12,12,12,12
7,1291,90,12,12,14,13,14,12,12,12,12,12,12,12,12
7,1292,90,12,12,14,13,14,12,12,12,12,12,12,12,12
7,1293,90,12,12,14,13,14,12,12,12,12,12,12,12,12
7,1294,90,12,12,14,13,14,12,12,12,12,12,12,12,12
7,1295,90,12,12,14,13,14,12,12,12,12,12,12,12,12
7,1296,90,12,12,14,13,14,12,12,12,12,12,12,12,12
7,1297,90,12,12,14,13,14,12,12,12,12,12,12,12,12
7,1298,90,12,12,14,13,14,12,12,12,12,12,12,12,12
7,1299,90,12,12,14,13,14,12,12,12,12,12,12,12,12
7,1300,90,12,12,14,13,14,12,12,12,12,12,12,12,12
7,1301,90,12,12,14,13,14,12,12,12,12,12,12,12,12
7,1302,90,12,12,14,13,14,12,12,12,12,12,12,12,12
7,1303,90,12,12,14,13,14,12,12,12,12,12,12,12,12
7,1304,90,12,12,14,13,14,12,12,12,12,12,12,12,12
7,1305,90,12,12,14,13,14,12,12,12,12,12,12,12,12
7,1306,90,12,12,14,13,14,12,12,12,12,12,12,12,12
7,1307,90,12,12,14,13,14,12,12,12,12,12,12,12,12
7,1308,90,12,12,14,13,14,12,12,12,12,12,12,12,12
7,1309,90,12,12,14,13,14,12,12,12,12,12,12,12,12
7,1310,90,12,12,14,13,14,12,12,12,12,12,12,12,12
7,1311,90,12,12,14,13,14,12,12,12,12,12,12,12,12
7,1312,90,12,12,14,13,14,12,12,12,12,12,12,12,12
7,1313,90,12,12,14,13,14,12,12,12,12,12,12,12,12
7,1314,90,12,12,14,13,14,12,12,12,12,12,12,12,12
7,1315,90,12,12,14,13,14,12,12,12,12,12,12,12,12
7,1316,90,12,12,14,13,14,12,12,12,12,12,12,12,12
7,1317,90,12,12,14,13,14,12,12,12,12,12,12,12,12
7,1318,90,12,12,14,13,14,12,12,12,12,12,12,12,12
7,1319,90,12,12,14,13,14,12,12,12,12,12,12,12,12
7,1320,90,12,12,14,13,14,12,12,12,12,12,12,12,12
7,1321,90,12,12,14,13,14,12,12,12,12,12,12,12,12
7,1322,90,12,12,14,13,14,12,12,12,12,12,12,12,12
7,1323,90,12,12,14,13,14,12,12,12,12,12,12,12,12
7,1324,90,12,12,14,13,14,12,12,12,12,12,12,12,12
7,1325,90,12,12,14,13,14,12,12,12,12,12,12,12,12
7,1326,90,2,2,14,13,14,2,2,2,2,2,2,2,2
7,1327,90,2,2,14,13,14,2,2,2,2,2,2,2,2
7,1328,90,2,2,14,13,14,2,2,2,2,2,2,2,2
7,1329,90,12,12,14,13,14,12,12,12,12,12,12,12,12
7,1330,90,12,12,14,13,14,12,12,12,12,12,12,12,12
7,1331,90,12,12,14,13,14,12,12,12,12,12,12,12,12
7,1332,90,2,2,14,13,14,2,2,2,2,2,2,2,2
7,1333,90,2,2,14,13,14,2,2,2,2,2,2,2,2
7,1334,90,2,2,14,13,14,2,2,2,2,2,2,2,2
7,1335,90,2,2,14,13,14,2,2,2,2,2,2,2,2
7,1336,90,2,2,14,13,14,2,2,2,2,2,2,2,2
7,1337,90,2,2,14,13,14,2,2,2,2,2,2,2,2
7,1338,90,2,2,14,13,14,2,2,2,2,2,2,2,2
7,1339,90,2,2,14,13,14,2,2,2,2,2,2,2,2
7,1340,90,2,2,14,13,14,2,2,2,2,2,2,2,2
7,1341,90,2,2,14,13,14,2,2,2,2,2,2,2,2
7,1342,90,2,2,14,13,14,2,2,2,2,2,2,2,2
7,1343,90,2,2,14,13,14,2,2,2,2,2,2,2,2
7,1344,90,3,3,19,18,19,3,3,3,3,3,3,3,3
7,1345,90,5,5,19,18,19,5,5,5,5,5,5,5,5
7,1346,90,5,5,19,18,19,5,5,5,5,5,5,5,5
7,1347,90,12,12,19,18,19,12,12,12,12,12,12,12,12
7,1348,90,12,12,19,18,19,12,12,12,12,12,12,12,12
7,1349,90,12,12,19,18,19,12,12,12,12,12,12,12,12
7,1350,90,3,3,19,18,19,3,3,3,3,3,3,3,3
7,1351,90,3,3,19,18,19,3,3,3,3,3,3,3,3
7,1352,90,12,12,19,18,19,12,12,12,12,12,12,12,12
7,1353,90,12,12,19,18,19,12,12,12,12,12,12,12,12
7,1354,90,12,12,19,18,19,12,12,12,12,12,12,12,12
7,1355,90,12,12,19,18,19,12,12,12,12,12,12,12,12
7,1356,90,12,12,19,18,19,12,12,12,12,12,12,12,12
7,1357,90,3,3,19,18,19,3,3,3,3,3,3,3,3
7,1358,90,12,12,19,18,19,12,12,12,12,12,12,12,12
7,1359,90,12,12,19,18,19,12,12,12,12,12,12,12,12
7,1360,90,12,12,19,18,19,12,12,12,12,12,12,12,12
7,1361,90,12,12,19,18,19,12,12,12,12,12,12,12,12
7,1362,90,12,12,19,18,19,12,12,12,12,12,12,12,12
7,1363,90,12,12,19,1,19,12,12,12,12,12,12,12,12
7,1364,90,12,12,19,1,19,12,12,12,12,12,12,12,12
7,1365,90,12,12,19,1,19,12,12,12,12,12,12,12,12
7,1366,90,12,12,19,1,19,12,12,12,12,12,12,12,12
7,1367,90,12,12,19,1,19,12,12,12,12,12,12,12,12
7,1368,90,12,12,19,1,19,12,12,12,12,12,12,12,12
7,1369,90,12,12,19,18,19,12,12,12,12,12,12,12,12
7,1370,90,12,12,19,18,19,12,12,12,12,12,12,12,12
7,1371,90,12,12,19,1,19,12,12,12,12,12,12,12,12
7,1372,90,12,12,19,1,19,12,12,12,12,12,12,12,12
7,1373,90,12,12,19,1,19,12,12,12,12,12,12,12,12
7,1374,90,12,12,19,18,19,12,12,12,12,12,12,12,12
7,1375,90,12,12,19,18,19,12,12,12,12,12,12,12,12
7,1376,90,12,12,19,1,19,12,12,12,12,12,12,12,12
7,1377,90,3,3,15,1,15,3,3,3,3,3,3,3,3
7,1378,90,3,3,15,1,15,3,3,3,3,3,3,3,3
7,1379,90,3,3,15,1,15,3,3,3,3,3,3,3,3
7,1380,90,3,3,15,1,15,3,3,3,3,3,3,3,3
7,1381,90,3,3,15,1,15,3,3,3,3,3,3,3,3
7,1382,90,3,3,15,1,15,3,3,3,3,3,3,3,3
7,1383,90,3,3,15,1,15,3,3,3,3,3,3,3,3
7,1384,90,3,3,15,1,15,3,3,3,3,3,3,3,3
7,1385,90,2,2,15,1,15,2,2,2,2,2,2,2,2
7,1386,90,2,2,14,13,14,2,2,2,2,2,2,2,2
7,1387,90,2,2,15,1,15,2,2,2,2,2,2,2,2
7,1388,90,2,2,15,1,15,2,2,2,2,2,2,2,2
7,1389,90,3,3,15,1,15,3,3,3,3,3,3,3,3
7,1390,90,2,2,15,1,15,2,2,2,2,2,2,2,2
7,1391,90,2,2,15,1,15,2,2,2,2,2,2,2,2
7,1392,90,2,2,15,1,15,2,2,2,2,2,2,2,2
7,1393,90,3,3,15,1,15,3,3,3,3,3,3,3,3
7,1394,90,3,3,15,1,15,3,3,3,3,3,3,3,3
7,1395,90,3,3,15,1,15,3,3,3,3,3,3,3,3
7,1396,90,3,3,15,1,15,3,3,3,3,3,3,3,3
7,1397,90,3,3,15,1,15,3,3,3,3,3,3,3,3
7,1398,90,3,3,15,1,15,3,3,3,3,3,3,3,3
7,1399,90,2,2,15,1,15,2,2,2,2,2,2,2,2
7,1400,90,2,2,15,1,15,2,2,2,2,2,2,2,2
7,1401,90,3,3,15,1,15,3,3,3,3,3,3,3,3
7,1402,90,12,12,14,13,14,12,12,12,12,12,12,12,12
7,1403,90,2,2,14,13,14,2,2,2,2,2,2,2,2
7,1404,91,4,4,11,12,11,4,4,4,4,4,4,4,4
7,1405,91,4,4,11,12,11,4,4,4,4,4,4,4,4
7,1406,92,4,4,11,12,11,4,4,4,4,4,4,4,4
7,1407,92,4,4,11,12,11,4,4,4,4,4,4,4,4
7,1408,92,4,4,11,12,11,4,4,4,4,4,4,4,4
7,1409,92,4,4,11,12,11,4,4,4,4,4,4,4,4
7,1410,92,4,4,11,12,11,4,4,4,4,4,4,4,4
7,1411,93,10,10,12,11,12,10,10,10,10,10,10,10,10
7,1412,93,10,10,12,11,12,10,10,10,10,10,10,10,10
7,1413,93,10,10,12,11,12,10,10,10,10,10,10,10,10
7,1414,93,10,10,12,11,12,10,10,10,10,10,10,10,10
7,1415,93,10,10,12,11,12,10,10,10,10,10,10,10,10
7,1416,93,10,10,12,11,12,10,10,10,10,10,10,10,10
7,1417,93,10,10,12,11,12,10,10,10,10,10,10,10,10
7,1418,93,10,10,12,11,12,10,10,10,10,10,10,10,10
7,1419,93,10,10,12,11,12,10,10,10,10,10,10,10,10
7,1420,93,10,10,12,11,12,10,10,10,10,10,10,10,10
7,1421,93,10,10,12,11,12,10,10,10,10,10,10,10,10
7,1422,93,10,10,12,11,12,10,10,10,10,10,10,10,10
7,1423,93,10,10,12,11,12,10,10,10,10,10,10,10,10
7,1424,93,10,10,12,11,12,10,10,10,10,10,10,10,10
7,1425,93,10,10,12,11,12,10,10,10,10,10,10,10,10
7,1426,93,10,10,12,11,12,10,10,10,10,10,10,10,10
7,1427,93,10,10,12,11,12,10,10,10,10,10,10,10,10
7,1428,93,10,10,12,11,12,10,10,10,10,10,10,10,10
7,1429,93,10,10,12,11,12,10,10,10,10,10,10,10,10
7,1430,93,10,10,12,11,12,10,10,10,10,10,10,10,10
7,1431,93,10,10,12,11,12,10,10,10,10,10,10,10,10
7,1432,93,10,10,12,11,12,10,10,10,10,10,10,10,10
7,1433,93,10,10,12,11,12,10,10,10,10,10,10,10,10
7,1434,93,10,10,12,11,12,10,10,10,10,10,10,10,10
7,1435,93,10,10,12,11,12,10,10,10,10,10,10,10,10
7,1436,93,10,10,12,11,12,10,10,10,10,10,10,10,10
7,1437,93,10,10,12,11,12,10,10,10,10,10,10,10,10
7,1438,94,18,18,10,17,10,18,18,18,18,18,18,18,18
7,1439,94,18,18,10,17,10,18,18,18,18,18,18,18,18
7,1440,94,18,18,10,17,10,18,18,18,18,18,18,18,18
7,1441,94,18,18,10,17,10,18,18,18,18,18,18,18,18
7,1442,94,18,18,10,17,10,18,18,18,18,18,18,18,18
7,1443,94,18,18,10,17,10,18,18,18,18,18,18,18,18
7,1444,94,18,18,10,17,10,18,18,18,18,18,18,18,18
7,1445,94,18,18,10,17,10,18,18,18,18,18,18,18,18
7,1446,94,18,18,10,17,10,18,18,18,18,18,18,18,18
7,1447,94,18,18,10,17,10,18,18,18,18,18,18,18,18
7,1448,94,18,18,10,17,10,18,18,18,18,18,18,18,18
7,1449,94,18,18,10,17,10,18,18,18,18,18,18,18,18
7,1450,94,18,18,10,17,10,18,18,18,18,18,18,18,18
7,1451,94,18,18,10,17,10,18,18,18,18,18,18,18,18
7,1452,94,18,18,10,17,10,18,18,18,18,18,18,18,18
7,1453,94,18,18,10,17,10,18,18,18,18,18,18,18,18
7,1454,95,21,21,5,22,5,24,21,24,21,21,21,21,21
7,1455,95,21,21,5,22,5,24,21,24,21,21,21,21,21
7,1456,95,21,21,5,22,5,24,21,24,21,21,21,21,21
7,1457,95,21,21,5,22,5,24,21,24,21,21,21,21,21
7,1458,95,21,21,5,22,5,24,21,24,21,21,21,21,21
7,1459,95,21,21,5,22,5,24,21,24,21,21,21,21,21
7,1460,95,21,21,5,22,5,24,21,24,21,21,21,21,21
7,1461,95,21,21,5,22,5,24,21,24,21,21,21,21,21
7,1462,95,21,21,5,22,5,24,21,24,21,21,21,21,21
7,1463,95,21,21,5,22,5,24,21,24,21,21,21,21,21
7,1464,96,22,22,4,19,4,22,22,22,22,22,22,22,22
7,1465,96,22,22,4,19,4,22,22,22,22,22,22,22,22
7,1466,96,22,22,4,19,4,22,22,22,22,22,22,22,22
7,1467,96,22,22,4,19,4,22,22,22,22,22,22,22,22
7,1468,96,22,22,4,19,4,22,22,22,22,22,22,22,22
7,1469,96,22,22,4,19,4,22,22,22,22,22,22,22,22
7,1470,96,22,22,4,19,4,22,22,22,22,22,22,22,22
7,1471,96,22,22,4,19,4,22,22,22,22,22,22,22,22
7,1472,96,22,22,4,19,4,22,22,22,22,22,22,22,22
7,1473,96,22,22,4,19,4,22,22,22,22,22,22,22,22
7,1474,96,22,22,4,19,4,22,22,22,22,22,22,22,22
7,1475,96,22,22,4,19,4,22,22,22,22,22,22,22,22
7,1476,96,22,22,4,19,4,22,22,22,22,22,22,22,22
7,1477,96,22,22,4,19,4,22,22,22,22,22,22,22,22
7,1478,96,22,22,4,19,4,22,22,22,22,22,22,22,22
7,1479,96,22,22,4,19,4,22,22,22,22,22,22,22,22
7,1480,96,22,22,4,19,4,22,22,22,22,22,22,22,22
7,1481,96,22,22,4,19,4,22,22,22,22,22,22,22,22
7,1482,96,22,22,4,19,4,22,22,22,22,22,22,22,22
7,1483,96,22,22,4,19,4,22,22,22,22,22,22,22,22
7,1484,96,22,22,4,19,4,22,22,22,22,22,22,22,22
7,1485,96,22,22,4,19,4,22,22,22,22,22,22,22,22
7,1486,97,11,11,6,9,6,11,11,11,11,11,11,11,11
7,1487,97,11,11,6,9,6,11,11,11,11,11,11,11,11
7,1488,97,11,11,6,9,6,11,11,11,11,11,11,11,11
7,1489,97,11,11,6,9,6,11,11,11,11,11,11,11,11
7,1490,97,11,11,6,9,6,11,11,11,11,11,11,11,11
7,1491,97,11,11,6,9,6,11,11,11,11,11,11,11,11
7,1492,97,11,11,6,9,6,11,11,11,11,11,11,11,11
7,1493,97,11,11,6,9,6,11,11,11,11,11,11,11,11
7,1494,97,11,11,6,9,6,11,11,11,11,11,11,11,11
7,1495,97,11,11,6,9,6,11,11,11,11,11,11,11,11
7,1496,97,11,11,6,9,6,11,11,11,11,11,11,11,11
7,1497,97,11,11,6,9,6,11,11,11,11,11,11,11,11
7,1498,97,11,11,6,9,6,11,11,11,11,11,11,11,11
7,1499,97,11,11,6,9,6,11,11,11,11,11,11,11,11
7,1500,97,11,11,6,9,6,11,11,11,11,11,11,11,11
7,1501,97,11,11,6,9,6,11,11,11,11,11,11,11,11
7,1502,97,11,11,6,9,6,11,11,11,11,11,11,11,11
7,1503,97,11,11,6,9,6,11,11,11,11,11,11,11,11
7,1504,97,11,11,6,9,6,11,11,11,11,11,11,11,11
7,1505,97,11,11,6,9,6,11,11,11,11,11,11,11,11
7,1506,97,11,11,6,9,6,11,11,11,11,11,11,11,11
7,1507,97,11,11,6,9,6,11,11,11,11,11,11,11,11
7,1508,97,11,11,6,9,6,11,11,11,11,11,11,11,11
7,1509,97,11,11,6,9,6,11,11,11,11,11,11,11,11
7,1510,97,11,11,6,9,6,11,11,11,11,11,11,11,11
7,1511,97,11,11,6,9,6,11,11,11,11,11,11,11,11
7,1512,97,11,11,6,9,6,11,11,11,11,11,11,11,11
7,1513,97,11,11,6,9,6,11,11,11,11,11,11,11,11
7,1514,97,11,11,6,9,6,11,11,11,11,11,11,11,11
7,1515,97,11,11,6,9,6,11,11,11,11,11,11,11,11
7,1516,97,11,11,6,9,6,11,11,11,11,11,11,11,11
7,1517,97,11,11,6,9,6,11,11,11,11,11,11,11,11
7,1518,97,11,11,6,9,6,11,11,11,11,11,11,11,11
7,1519,97,11,11,6,9,6,11,11,11,11,11,11,11,11
7,1520,97,11,11,6,9,6,11,11,11,11,11,11,11,11
7,1521,97,11,11,6,9,6,11,11,11,11,11,11,11,11
7,1522,97,11,11,6,9,6,11,11,11,11,11,11,11,11
7,1523,97,11,11,6,9,6,11,11,11,11,11,11,11,11
7,1524,97,11,11,6,9,6,11,11,11,11,11,11,11,11
7,1525,97,11,11,6,9,6,11,11,11,11,11,11,11,11
7,1526,97,11,11,6,9,6,11,11,11,11,11,11,11,11
7,1527,97,11,11,6,9,6,11,11,11,11,11,11,11,11
7,1528,97,11,11,6,9,6,11,11,11,11,11,11,11,11
7,1529,97,11,11,6,9,6,11,11,11,11,11,11,11,11
7,1530,98,1,1,16,2,16,1,1,1,1,1,1,1,1
7,1531,98,1,1,16,2,16,1,1,1,1,1,1,1,1
7,1532,99,7,7,17,6,17,7,7,7,7,7,7,6,6
7,1533,99,7,7,17,6,17,7,7,7,7,7,7,6,6
7,1534,99,7,7,17,6,17,7,7,7,7,7,7,6,6
7,1535,99,7,7,17,6,17,7,7,7,7,7,7,6,6
7,1536,99,7,7,17,6,17,7,7,7,7,7,7,6,6
7,1537,99,7,7,17,6,17,7,7,7,7,7,7,6,6
7,1538,99,7,7,17,6,17,7,7,7,7,7,7,6,6
7,1539,99,7,7,17,6,17,7,7,7,7,7,7,6,6
7,1540,99,7,7,17,6,17,7,7,7,7,7,7,6,6
7,1541,99,7,7,17,6,17,7,7,7,7,7,7,6,6
7,1542,99,7,7,17,6,17,7,7,7,7,7,7,6,6
7,1543,99,7,7,17,6,17,7,7,7,7,7,7,6,6
7,1544,99,7,7,17,6,17,7,7,7,7,7,7,6,6
7,1545,99,7,7,17,6,17,7,7,7,7,7,7,6,6
7,1546,99,7,7,17,6,17,7,7,7,7,7,7,6,6
7,1547,99,7,7,17,6,17,7,7,7,7,7,7,6,6
7,1548,99,7,7,17,6,17,7,7,7,7,7,7,6,6
7,1549,99,7,7,17,6,17,7,7,7,7,7,7,6,6
7,1550,99,7,7,17,6,17,7,7,7,7,7,7,6,6
7,1551,99,7,7,17,6,17,7,7,7,7,7,7,6,6
7,1552,99,7,7,17,6,17,7,7,7,7,7,7,6,6
7,1553,99,7,7,17,6,17,7,7,7,7,7,7,6,6
7,1554,99,7,7,17,6,17,7,7,7,7,7,7,6,6
7,1555,99,7,7,17,6,17,7,7,7,7,7,7,6,6
7,1556,99,7,7,17,6,17,7,7,7,7,7,7,6,6
7,1557,99,7,7,17,6,17,7,7,7,7,7,7,6,6
7,1558,99,7,7,17,6,17,7,7,7,7,7,7,6,6
7,1559,99,7,7,17,6,17,7,7,7,7,7,7,6,6
7,1560,99,7,7,17,6,17,7,7,7,7,7,7,6,6
7,1561,99,7,7,17,6,17,7,7,7,7,7,7,6,6
7,1562,99,7,7,17,6,17,7,7,7,7,7,7,6,6
7,1563,99,7,7,17,6,17,7,7,7,7,7,7,6,6
7,1564,99,7,7,17,6,17,7,7,7,7,7,7,6,6
7,1565,99,7,7,17,6,17,7,7,7,7,7,7,6,6
7,1566,99,7,7,17,6,17,7,7,7,7,7,7,6,6
7,1567,99,7,7,17,6,17,7,7,7,7,7,7,6,6
7,1568,100,22,22,4,19,4,22,22,22,22,20,22,22,22
7,1569,100,22,22,4,19,4,22,22,22,22,20,22,22,22
7,1570,100,22,22,4,19,4,22,22,22,22,20,22,22,22
7,1571,100,22,22,4,19,4,22,22,22,22,20,22,22,22
7,1572,100,22,22,4,19,4,22,22,22,22,20,22,22,22
7,1573,100,22,22,4,19,4,22,22,22,22,20,22,22,22
7,1574,100,22,22,4,19,4,22,22,22,22,20,22,22,22
7,1575,100,22,22,4,19,4,22,22,22,22,20,22,22,22
7,1576,100,22,22,4,19,4,22,22,22,22,20,22,22,22
7,1577,100,22,22,4,19,4,22,22,22,22,20,22,22,22
7,1578,100,22,22,4,19,4,22,22,22,22,20,22,22,22
7,1579,100,22,22,4,19,4,22,22,22,22,20,22,22,22
7,1580,101,2,2,19,18,19,2,2,2,2,2,2,2,2
7,1581,101,2,2,19,18,19,2,2,2,2,2,2,2,2
7,1582,101,2,2,19,18,19,2,2,2,2,2,2,2,2
7,1583,101,2,2,19,18,19,2,2,2,2,2,2,2,2
7,1584,101,2,2,19,18,19,2,2,2,2,2,2,2,2
7,1585,101,2,2,19,18,19,2,2,2,2,2,2,2,2
7,1586,101,2,2,19,18,19,2,2,2,2,2,2,2,2
7,1587,101,2,2,19,18,19,2,2,2,2,2,2,2,2
7,1588,101,2,2,19,18,19,2,2,2,2,2,2,2,2
7,1589,101,2,2,19,18,19,2,2,2,2,2,2,2,2
7,1590,101,2,2,19,18,19,2,2,2,2,2,2,2,2
7,1591,101,2,2,19,18,19,2,2,2,2,2,2,2,2
7,1592,101,2,2,19,18,19,2,2,2,2,2,2,2,2
7,1593,101,2,2,19,18,19,2,2,2,2,2,2,2,2
7,1594,101,2,2,19,18,19,2,2,2,2,2,2,2,2
7,1595,101,2,2,19,18,19,2,2,2,2,2,2,2,2
7,1596,101,2,2,19,18,19,2,2,2,2,2,2,2,2
7,1597,101,2,2,19,18,19,2,2,2,2,2,2,2,2
7,1598,101,2,2,19,18,19,2,2,2,2,2,2,2,2
7,1599,101,2,2,19,18,19,2,2,2,2,2,2,2,2
7,1600,101,2,2,19,18,19,2,2,2,2,2,2,2,2
7,1601,101,2,2,19,18,19,2,2,2,2,2,2,2,2
7,1602,102,15,15,13,24,13,15,15,15,15,15,15,15,15
7,1603,102,15,15,13,24,13,15,15,15,15,15,15,15,15
7,1604,102,15,15,13,24,13,15,15,15,15,15,15,15,15
7,1605,102,15,15,13,24,13,15,15,15,15,15,15,15,15
7,1606,102,15,15,13,24,13,15,15,15,15,15,15,15,15
7,1607,102,15,15,13,24,13,15,15,15,15,15,15,15,15
7,1608,102,15,15,13,24,13,15,15,15,15,15,15,15,15
7,1609,102,15,15,13,24,13,15,15,15,15,15,15,15,15
7,1610,102,15,15,13,24,13,15,15,15,15,15,15,15,15
7,1611,102,15,15,13,24,13,15,15,15,15,15,15,15,15
7,1612,102,15,15,13,24,13,15,15,15,15,15,15,15,15
7,1613,102,15,15,13,24,13,15,15,15,15,15,15,15,15
7,1614,102,15,15,9,24,9,15,15,15,15,15,15,15,15
7,1615,102,15,15,9,24,9,15,15,15,15,15,15,15,15
7,1616,102,15,15,9,24,9,15,15,15,15,15,15,15,15
7,1617,102,15,15,9,24,9,15,15,15,15,15,15,15,15
7,1618,102,15,15,13,24,13,15,15,15,15,15,15,15,15
7,1619,102,15,15,13,24,13,15,15,15,15,15,15,15,15
7,1620,102,15,15,13,24,13,15,15,15,15,15,15,15,15
7,1621,102,16,16,13,16,13,16,16,16,16,16,16,16,16
7,1622,102,16,16,13,16,13,16,16,16,16,16,16,16,16
7,1623,102,16,16,13,16,13,16,16,16,16,16,16,16,16
7,1624,102,16,16,13,16,13,16,16,16,16,16,16,16,16
7,1625,102,16,16,13,16,13,16,16,16,16,16,16,16,16
7,1626,102,16,16,13,16,13,16,16,16,16,16,16,16,16
7,1627,102,16,16,13,16,13,16,16,16,16,16,16,16,16
7,1628,102,15,15,13,24,13,15,15,15,15,15,15,15,15
7,1629,102,15,15,13,24,13,15,15,15,15,15,15,15,15
7,1630,102,15,15,13,24,13,15,15,15,15,15,15,15,15
7,1631,102,15,15,13,24,13,15,15,15,15,15,15,15,15
7,1632,102,15,15,13,24,13,15,15,15,15,15,15,15,15
7,1633,102,15,15,9,24,9,15,15,15,15,15,15,15,15
7,1634,102,15,15,9,24,9,15,15,15,15,15,15,15,15
7,1635,102,15,15,9,24,9,15,15,15,15,15,15,15,15
7,1636,102,15,15,9,24,9,15,15,15,15,15,15,15,15
7,1637,102,15,15,9,24,9,15,15,15,15,15,15,15,15
7,1638,102,14,14,9,23,9,14,14,14,14,14,14,14,14
7,1639,102,14,14,9,23,9,14,14,14,14,14,14,14,14
7,1640,102,14,14,9,23,9,14,14,14,14,14,14,14,14
7,1641,102,14,14,9,23,9,14,14,14,14,14,14,14,14
7,1642,102,15,15,9,24,9,15,15,15,15,15,15,15,15
7,1643,102,15,15,9,24,9,15,15,15,15,15,15,15,15
7,1644,102,15,15,9,24,9,15,15,15,15,15,15,15,15
7,1645,102,15,15,9,24,9,15,15,15,15,15,15,15,15
7,1646,102,15,15,9,24,9,15,15,15,15,15,15,15,15
7,1647,102,15,15,9,24,9,15,15,15,15,15,15,15,15
7,1648,102,15,15,9,24,9,15,15,15,15,15,15,15,15
7,1649,102,15,15,9,24,9,15,15,15,15,15,15,15,15
7,1650,102,15,15,9,24,9,15,15,15,15,15,15,15,15
7,1651,102,15,15,9,24,9,15,15,15,15,15,15,15,15
7,1652,102,15,15,13,24,13,15,15,15,15,15,15,15,15
7,1653,102,15,15,13,24,13,15,15,15,15,15,15,15,15
7,1654,102,15,15,13,24,13,15,15,15,15,15,15,15,15
7,1655,102,16,16,13,16,13,16,16,16,16,16,16,16,16
7,1656,102,16,16,13,16,13,16,16,16,16,16,16,16,16
7,1657,102,16,16,13,16,13,16,16,16,16,16,16,16,16
7,1658,102,16,16,13,16,13,16,16,16,16,16,16,16,16
7,1659,102,16,16,13,16,13,16,16,16,16,16,16,16,16
7,1660,102,16,16,13,16,13,16,16,16,16,16,16,16,16
7,1661,102,16,16,13,16,13,16,16,16,16,16,16,16,16
7,1662,102,16,16,13,16,13,16,16,16,16,16,16,16,16
7,1663,102,16,16,13,16,13,16,16,16,16,16,16,16,16
7,1664,102,16,16,13,16,13,16,16,16,16,16,16,16,16
7,1665,102,16,16,13,16,13,16,16,16,16,16,16,16,16
7,1666,102,16,16,13,16,13,16,16,16,16,16,16,16,16
7,1667,102,14,14,13,24,13,14,14,14,14,14,14,14,14
7,1668,102,15,15,13,24,13,15,15,15,15,15,15,15,15
7,1669,102,15,15,9,24,9,15,15,15,15,15,15,15,15
7,1670,102,15,15,9,24,9,15,15,15,15,15,15,15,15
7,1671,102,15,15,9,24,9,15,15,15,15,15,15,15,15
7,1672,102,14,14,9,23,9,14,14,14,14,14,14,14,14
7,1673,102,14,14,9,23,9,14,14,14,14,14,14,14,14
7,1674,102,14,14,9,24,9,14,14,14,14,14,14,14,14
7,1675,102,14,14,9,24,9,14,14,14,14,14,14,14,14
7,1676,102,14,14,9,24,9,14,14,14,14,14,14,14,14
7,1677,102,14,14,9,24,9,14,14,14,14,14,14,14,14
7,1678,102,14,14,9,24,9,14,14,14,14,14,14,14,14
7,1679,102,14,14,22,24,22,14,14,14,14,14,14,14,14
7,1680,102,14,14,22,24,22,14,14,14,14,14,14,14,14
7,1681,102,14,14,22,16,22,14,14,14,14,14,14,14,14
7,1682,102,16,16,22,16,22,16,16,16,16,16,16,16,16
7,1683,102,16,16,13,16,13,16,16,16,16,16,16,16,16
7,1684,102,16,16,13,16,13,16,16,16,16,16,16,16,16
7,1685,102,16,16,13,16,13,16,16,16,16,16,16,16,16
7,1686,102,16,16,22,16,22,16,16,16,16,16,16,16,16
7,1687,102,16,16,22,16,22,16,16,16,16,16,16,16,16
7,1688,102,16,16,22,16,22,16,16,16,16,16,16,16,16
7,1689,102,16,16,22,16,22,16,16,16,16,16,16,16,16
7,1690,102,16,16,22,16,22,16,16,16,16,16,16,16,16
7,1691,102,14,14,22,16,22,14,14,14,14,14,14,14,14
7,1692,102,14,14,22,16,22,14,14,14,14,14,14,14,14
7,1693,102,14,14,22,16,22,14,14,14,14,14,14,14,14
7,1694,102,14,14,22,23,22,14,14,14,14,14,14,14,14
7,1695,102,14,14,22,23,22,14,14,14,14,14,14,14,14
7,1696,102,14,14,22,23,22,14,14,14,14,14,14,14,14
7,1697,102,14,14,22,23,22,14,14,14,14,14,14,14,14
7,1698,102,14,14,22,23,22,14,14,14,14,14,14,14,14
7,1699,102,14,14,22,23,22,14,14,14,14,14,14,14,14
7,1700,102,14,14,22,23,22,14,14,14,14,14,14,14,14
7,1701,102,14,14,9,23,9,14,14,14,14,14,14,14,14
7,1702,102,14,14,9,23,9,14,14,14,14,14,14,14,14
7,1703,102,14,14,9,23,9,14,14,14,14,14,14,14,14
7,1704,102,14,14,22,23,22,14,14,14,14,14,14,14,14
7,1705,102,14,14,22,23,22,14,14,14,14,14,14,14,14
7,1706,102,14,14,22,23,22,14,14,14,14,14,14,14,14
7,1707,102,14,14,22,23,22,14,14,14,14,14,14,14,14
7,1708,102,14,14,22,23,22,14,14,14,14,14,14,14,14
7,1709,102,14,14,22,23,22,14,14,14,14,14,14,14,14
7,1710,102,14,14,22,23,22,14,14,14,14,14,14,14,14
7,1711,102,14,14,22,23,22,14,14,14,14,14,14,14,14
7,1712,102,16,16,22,16,22,16,16,16,16,16,16,16,16
7,1713,102,16,16,22,16,22,16,16,16,16,16,16,16,16
7,1714,102,16,16,22,16,22,16,16,16,16,16,16,16,16
7,1715,102,16,16,22,16,22,16,16,16,16,16,16,16,16
7,1716,102,16,16,22,16,22,16,16,16,16,16,16,16,16
7,1717,102,16,16,22,16,22,16,16,16,16,16,16,16,16
7,1718,102,16,16,22,16,22,16,16,16,16,16,16,16,16
7,1719,102,16,16,22,16,22,16,16,16,16,16,16,16,16
7,1720,102,16,16,22,16,22,16,16,16,16,16,16,16,16
7,1721,102,14,14,22,16,22,14,14,14,14,14,14,14,14
7,1722,102,14,14,22,23,22,14,14,14,14,14,14,14,14
7,1723,102,14,14,22,23,22,14,14,14,14,14,14,14,14
7,1724,102,14,14,22,23,22,14,14,14,14,14,14,14,14
7,1725,102,14,14,22,23,22,14,14,14,14,14,14,14,14
7,1726,102,14,14,22,23,22,14,14,14,14,14,14,14,14
7,1727,102,14,14,22,23,22,14,14,14,14,14,14,14,14
7,1728,102,16,16,22,16,22,16,16,16,16,16,16,16,16
7,1729,102,16,16,22,16,22,16,16,16,16,16,16,16,16
7,1730,102,16,16,22,16,22,16,16,16,16,16,16,16,16
7,1731,102,14,14,22,23,22,14,14,14,14,14,14,14,14
7,1732,102,14,14,22,23,22,14,14,14,14,14,14,14,14
7,1733,102,14,14,22,23,22,14,14,14,14,14,14,14,14
7,1734,102,14,14,22,23,22,14,14,14,14,14,14,14,14
7,1735,102,14,14,22,23,22,14,14,14,14,14,14,14,14
7,1736,102,14,14,22,23,22,14,14,14,14,14,14,14,14
7,1737,102,14,14,22,23,22,14,14,14,14,14,14,14,14
7,1738,102,14,14,22,23,22,14,14,14,14,14,14,14,14
7,1739,102,14,14,9,23,9,14,14,14,14,14,14,14,14
7,1740,102,14,14,22,23,22,14,14,14,14,14,14,14,14
7,1741,102,14,14,22,23,22,14,14,14,14,14,14,14,14
7,1742,102,16,16,22,16,22,16,16,16,16,16,16,16,16
7,1743,102,16,16,22,16,22,16,16,16,16,16,16,16,16
7,1744,102,16,16,13,16,13,16,16,16,16,16,16,16,16
7,1745,102,14,14,22,23,22,14,14,14,14,14,14,14,14
7,1746,102,14,14,22,23,22,14,14,14,14,14,14,14,14
7,1747,102,14,14,22,23,22,14,14,14,14,14,14,14,14
7,1748,102,14,14,22,23,22,14,14,14,14,14,14,14,14
7,1749,102,15,15,9,24,9,15,15,15,15,15,15,15,15
7,1750,102,16,16,13,16,13,16,16,16,16,16,16,16,16
7,1751,102,16,16,22,16,22,16,16,16,16,16,16,16,16
7,1752,102,16,16,13,16,13,16,16,16,16,16,16,16,16
7,1753,102,14,14,22,23,22,14,14,14,14,14,14,14,14
7,1754,102,16,16,13,16,13,16,16,16,16,16,16,16,16
7,1755,103,3,3,15,10,15,3,3,3,3,3,3,3,3
7,1756,103,3,3,15,10,15,3,3,3,3,3,3,3,3
7,1757,103,3,3,15,10,15,3,3,3,3,3,3,3,3
7,1758,103,3,3,15,10,15,3,3,3,3,3,3,3,3
7,1759,103,3,3,15,10,15,3,3,3,3,3,3,3,3
7,1760,103,3,3,15,10,15,3,3,3,3,3,3,3,3
7,1761,103,3,3,15,10,15,3,3,3,3,3,3,3,3
7,1762,103,3,3,15,10,15,3,3,3,3,3,3,3,3
7,1763,103,3,3,15,10,15,3,3,3,3,3,3,3,3
7,1764,103,3,3,15,10,15,3,3,3,3,3,3,3,3
7,1765,103,3,3,15,10,15,3,3,3,3,3,3,3,3
7,1766,103,3,3,15,10,15,3,3,3,3,3,3,3,3
7,1767,103,3,3,15,10,15,3,3,3,3,3,3,3,3
7,1768,103,3,3,15,10,15,3,3,3,3,3,3,3,3
7,1769,103,3,3,15,10,15,3,3,3,3,3,3,3,3
7,1770,103,3,3,15,10,15,3,3,3,3,3,3,3,3
7,1771,104,6,6,8,7,8,6,6,6,6,6,6,6,6
7,1772,104,6,6,8,7,8,6,6,6,6,6,6,6,6
7,1773,104,6,6,8,7,8,6,6,6,6,6,6,6,6
7,1774,104,6,6,8,7,8,6,6,6,6,6,6,6,6
7,1775,104,6,6,8,7,8,6,6,6,6,6,6,6,6
7,1776,104,6,6,8,7,8,6,6,6,6,6,6,6,6
7,1777,104,6,6,8,7,8,6,6,6,6,6,6,6,6
7,1778,105,12,12,19,18,19,12,12,12,12,12,12,12,12
7,1779,105,12,12,19,18,19,12,12,12,12,12,12,12,12
7,1780,105,12,12,19,18,19,12,12,12,12,12,12,12,12
7,1781,105,12,12,19,18,19,12,12,12,12,12,12,12,12
7,1782,105,12,12,19,18,19,12,12,12,12,12,12,12,12
7,1783,105,12,12,19,18,19,12,12,12,12,12,12,12,12
7,1784,105,12,12,19,18,19,12,12,12,12,12,12,12,12
7,1785,105,12,12,19,18,19,12,12,12,12,12,12,12,12
7,1786,106,8,8,16,2,16,8,8,8,8,8,8,8,8
7,1787,106,8,8,16,2,16,8,8,8,8,8,8,8,8
7,1788,106,8,8,16,2,16,8,8,8,8,8,8,8,8
7,1789,106,8,8,16,2,16,8,8,8,8,8,8,8,8
7,1790,106,8,8,16,2,16,8,8,8,8,8,8,8,8
7,1791,106,8,8,16,2,16,8,8,8,8,8,8,8,8
7,1792,106,8,8,16,2,16,8,8,8,8,8,8,8,8
7,1793,106,8,8,16,2,16,8,8,8,8,8,8,8,8
7,1794,106,8,8,16,2,16,8,8,8,8,8,8,8,8
7,1795,106,8,8,16,2,16,8,8,8,8,8,8,8,8
7,1796,106,8,8,16,2,16,8,8,8,8,8,8,8,8
7,1797,106,8,8,16,2,16,8,8,8,8,8,8,8,8
7,1798,106,8,8,16,2,16,8,8,8,8,8,8,8,8
7,1799,106,8,8,16,2,16,8,8,8,8,8,8,8,8
7,1800,106,8,8,16,2,16,8,8,8,8,8,8,8,8
7,1801,106,8,8,16,2,16,8,8,8,8,8,8,8,8
7,1802,106,8,8,16,2,16,8,8,8,8,8,8,8,8
7,1803,106,8,8,16,2,16,8,8,8,8,8,8,8,8
7,1804,106,8,8,16,2,16,8,8,8,8,8,8,8,8
7,1805,106,8,8,16,2,16,8,8,8,8,8,8,8,8
7,1806,106,8,8,16,2,16,8,8,8,8,8,8,8,8
7,1807,106,8,8,16,2,16,8,8,8,8,8,8,8,8
7,1808,106,8,8,16,2,16,8,8,8,8,8,8,8,8
7,1809,106,8,8,16,2,16,8,8,8,8,8,8,8,8
7,1810,106,8,8,16,2,16,8,8,8,8,8,8,8,8
7,1811,106,8,8,16,2,16,8,8,8,8,8,8,8,8
7,1812,107,3,3,24,3,24,3,3,3,3,3,3,3,3
7,1813,107,3,3,24,3,24,3,3,3,3,3,3,3,3
7,1814,107,3,3,24,3,24,3,3,3,3,3,3,3,3
7,1815,107,3,3,24,3,24,3,3,3,3,3,3,3,3
7,1816,107,3,3,24,3,24,3,3,3,3,3,3,3,3
7,1817,107,3,3,24,3,24,3,3,3,3,3,3,3,3
7,1818,107,3,3,24,3,24,3,3,3,3,3,3,3,3
7,1819,107,3,3,24,3,24,3,3,3,3,3,3,3,3
7,1820,107,3,3,24,3,24,3,3,3,3,3,3,3,3
7,1821,107,3,3,24,3,24,3,3,3,3,3,3,3,3
7,1822,107,3,3,24,3,24,3,3,3,3,3,3,3,3
7,1823,107,3,3,24,3,24,3,3,3,3,3,3,3,3
7,1824,107,3,3,24,3,24,3,3,3,3,3,3,3,3
7,1825,107,3,3,24,3,24,3,3,3,3,3,3,3,3
7,1826,107,3,3,24,3,24,3,3,3,3,3,3,3,3
7,1827,107,3,3,24,3,24,3,3,3,3,3,3,3,3
7,1828,108,8,8,7,8,7,8,8,8,8,8,8,8,8
7,1829,108,8,8,7,8,7,8,8,8,8,8,8,8,8
7,1830,108,8,8,7,8,7,8,8,8,8,8,8,8,8
7,1831,108,8,8,7,8,7,8,8,8,8,8,8,8,8
7,1832,108,8,8,7,8,7,8,8,8,8,8,8,8,8
7,1833,108,8,8,7,8,7,8,8,8,8,8,8,8,8
7,1834,108,8,8,7,8,7,8,8,8,8,8,8,8,8
7,1835,108,8,8,7,8,7,8,8,8,8,8,8,8,8
7,1836,108,8,8,7,8,7,8,8,8,8,8,8,8,8
7,1837,108,8,8,7,8,7,8,8,8,8,8,8,8,8
7,1838,108,8,8,7,8,7,8,8,8,8,8,8,8,8
7,1839,108,8,8,7,8,7,8,8,8,8,8,8,8,8
7,1840,108,8,8,7,8,7,8,8,8,8,8,8,8,8
7,1841,108,8,8,7,8,7,8,8,8,8,8,8,8,8
7,1842,108,8,8,7,8,7,8,8,8,8,8,8,8,8
7,1843,108,8,8,7,8,7,8,8,8,8,8,8,8,8
7,1844,108,8,8,7,8,7,8,8,8,8,8,8,8,8
7,1845,108,8,8,7,8,7,8,8,8,8,8,8,8,8
7,1846,108,8,8,7,8,7,8,8,8,8,8,8,8,8
7,1847,108,8,8,7,8,7,8,8,8,8,8,8,8,8
7,1848,108,8,8,7,8,7,8,8,8,8,8,8,8,8
7,1849,108,8,8,7,8,7,8,8,8,8,8,8,8,8
7,1850,108,8,8,7,8,7,8,8,8,8,8,8,8,8
7,1851,108,8,8,7,8,7,8,8,8,8,8,8,8,8
7,1852,108,8,8,7,8,7,8,8,8,8,8,8,8,8
7,1853,108,8,8,7,8,7,8,8,8,8,8,8,8,8
7,1854,108,8,8,7,8,7,8,8,8,8,8,8,8,8
7,1855,108,8,8,7,8,7,8,8,8,8,8,8,8,8
7,1856,109,13,13,6,9,6,13,13,13,13,13,13,13,13
7,1857,109,13,13,6,9,6,13,13,13,13,13,13,13,13
7,1858,109,13,13,6,9,6,13,13,13,13,13,13,13,13
7,1859,109,13,13,6,9,6,13,13,13,13,13,13,13,13
7,1860,109,13,13,6,9,6,13,13,13,13,13,13,13,13
7,1861,109,13,13,6,9,6,13,13,13,13,13,13,13,13
7,1862,109,13,13,6,9,6,13,13,13,13,13,13,13,13
7,1863,109,13,13,6,9,6,13,13,13,13,13,13,13,13
7,1864,109,13,13,6,9,6,13,13,13,13,13,13,13,13
7,1865,109,13,13,6,9,6,13,13,13,13,13,13,13,13
7,1866,109,13,13,6,9,6,13,13,13,13,13,13,13,13
7,1867,109,13,13,6,9,6,13,13,13,13,13,13,13,13
7,1868,109,13,13,6,9,6,13,13,13,13,13,13,13,13
7,1869,109,13,13,6,9,6,13,13,13,13,13,13,13,13
7,1870,109,13,13,6,9,6,13,13,13,13,13,13,13,13
7,1871,109,13,13,6,9,6,13,13,13,13,13,13,13,13
7,1872,109,13,13,6,9,6,13,13,13,13,13,13,13,13
7,1873,109,13,13,6,9,6,13,13,13,13,13,13,13,13
7,1874,109,13,13,6,9,6,13,13,13,13,13,13,13,13
7,1875,109,13,13,6,9,6,13,13,13,13,13,13,13,13
7,1876,109,13,13,6,9,6,13,13,13,13,13,13,13,13
7,1877,109,13,13,6,9,6,13,13,13,13,13,13,13,13
7,1878,109,13,13,6,9,6,13,13,13,13,13,13,13,13
7,1879,109,13,13,6,9,6,13,13,13,13,13,13,13,13
7,1880,109,13,13,6,9,6,13,13,13,13,13,13,13,13
7,1881,109,13,13,6,9,6,13,13,13,13,13,13,13,13
7,1882,109,13,13,6,9,6,13,13,13,13,13,13,13,13
7,1883,109,13,13,6,9,6,13,13,13,13,13,13,13,13
7,1884,109,13,13,6,9,6,13,13,13,13,13,13,13,13
7,1885,109,13,13,6,9,6,13,13,13,13,13,13,13,13
7,1886,109,13,13,6,9,6,13,13,13,13,13,13,13,13
7,1887,109,13,13,6,9,6,13,13,13,13,13,13,13,13
7,1888,109,13,13,6,9,6,13,13,13,13,13,13,13,13
7,1889,109,13,13,6,9,6,13,13,13,13,13,13,13,13
7,1890,109,13,13,6,9,6,13,13,13,13,13,13,13,13
7,1891,109,13,13,6,9,6,13,13,13,13,13,13,13,13
7,1892,109,13,13,6,9,6,13,13,13,13,13,13,13,13
7,1893,109,13,13,6,9,6,13,13,13,13,13,13,13,13
7,1894,109,13,13,6,9,6,13,13,13,13,13,13,13,13
7,1895,109,13,13,6,9,6,13,13,13,13,13,13,13,13
7,1896,109,13,13,6,9,6,13,13,13,13,13,13,13,13
7,1897,109,13,13,6,9,6,13,13,13,13,13,13,13,13
7,1898,109,13,13,6,9,6,13,13,13,13,13,13,13,13
7,1899,109,13,13,6,9,6,13,13,13,13,13,13,13,13
7,1900,109,13,13,6,9,6,13,13,13,13,13,13,13,13
7,1901,109,13,13,6,9,6,13,13,13,13,13,13,13,13
7,1902,110,17,17,2,19,2,17,17,17,17,17,17,17,17
7,1903,110,17,17,2,19,2,17,17,17,17,17,17,17,17
7,1904,110,17,17,2,19,2,17,17,17,17,17,17,17,17
7,1905,110,17,17,2,19,2,17,17,17,17,17,17,17,17
7,1906,110,17,17,2,19,2,17,17,17,17,17,17,17,17
7,1907,110,17,17,2,19,2,17,17,17,17,17,17,17,17
7,1908,110,17,17,2,19,2,17,17,17,17,17,17,17,17
7,1909,110,17,17,2,19,2,17,17,17,17,17,17,17,17
7,1910,110,17,17,2,19,2,17,17,17,17,17,17,17,17
7,1911,110,17,17,2,19,2,17,17,17,17,17,17,17,17
7,1912,110,17,17,2,19,2,17,17,17,17,17,17,17,17
7,1913,110,17,17,2,19,2,17,17,17,17,17,17,17,17
7,1914,110,17,17,2,19,2,17,17,17,17,17,17,17,17
7,1915,111,21,21,5,15,5,21,21,21,21,21,21,21,21
7,1916,111,21,21,5,15,5,21,21,21,21,21,21,21,21
7,1917,111,21,21,5,15,5,21,21,21,21,21,21,21,21
7,1918,111,21,21,5,15,5,21,21,21,21,21,21,21,21
7,1919,111,21,21,5,15,5,21,21,21,21,21,21,21,21
7,1920,111,21,21,5,15,5,21,21,21,21,21,21,21,21
7,1921,111,21,21,5,15,5,21,21,21,21,21,21,21,21
7,1922,111,21,21,5,15,5,21,21,21,21,21,21,21,21
7,1923,111,21,21,5,15,5,21,21,21,21,21,21,21,21
7,1924,111,21,21,5,15,5,21,21,21,21,21,21,21,21
7,1925,111,21,21,5,15,5,21,21,21,21,21,21,21,21
7,1926,111,21,21,5,15,5,21,21,21,21,21,21,21,21
7,1927,111,21,21,5,15,5,21,21,21,21,21,21,21,21
7,1928,111,21,21,5,15,5,21,21,21,21,21,21,21,21
7,1929,111,21,21,5,15,5,21,21,21,21,21,21,21,21
7,1930,102,15,15,13,24,13,15,15,15,15,15,15,15,15
7,1931,102,15,15,13,24,13,15,15,15,15,15,15,15,15
7,1932,102,15,15,13,24,13,15,15,15,15,15,15,15,15
7,1933,102,15,15,13,24,13,15,15,15,15,15,15,15,15
7,1934,102,15,15,13,24,13,15,15,15,15,15,15,15,15
7,1935,102,15,15,13,24,13,15,15,15,15,15,15,15,15
7,1936,102,15,15,13,24,13,15,15,15,15,15,15,15,15
7,1937,102,15,15,13,24,13,15,15,15,15,15,15,15,15
7,1938,102,15,15,13,24,13,15,15,15,15,15,15,15,15
7,1939,102,15,15,13,24,13,15,15,15,15,15,15,15,15
7,1940,102,15,15,13,24,13,15,15,15,15,15,15,15,15
7,1941,102,15,15,13,24,13,15,15,15,15,15,15,15,15
7,1942,102,15,15,13,24,13,15,15,15,15,15,15,15,15
7,1943,102,15,15,13,24,13,15,15,15,15,15,15,15,15
7,1944,102,15,15,13,24,13,15,15,15,15,15,15,15,15
7,1945,102,15,15,13,24,13,15,15,15,15,15,15,15,15
7,1946,102,15,15,13,24,13,15,15,15,15,15,15,15,15
7,1947,102,15,15,13,24,13,15,15,15,15,15,15,15,15
7,1948,102,15,15,13,24,13,15,15,15,15,15,15,15,15
7,1949,102,15,15,13,24,13,15,15,15,15,15,15,15,15
7,1950,102,15,15,13,24,13,15,15,15,15,15,15,15,15
7,1951,102,15,15,13,24,13,15,15,15,15,15,15,15,15
7,1952,102,15,15,13,24,13,15,15,15,15,15,15,15,15
7,1953,102,15,15,13,24,13,15,15,15,15,15,15,15,15
7,1954,102,15,15,13,24,13,15,15,15,15,15,15,15,15
7,1955,102,15,15,13,24,13,15,15,15,15,15,15,15,15
7,1956,102,15,15,13,24,13,15,15,15,15,15,15,15,15
7,1957,102,15,15,13,16,13,15,15,15,15,15,15,15,15
7,1958,102,15,15,13,24,13,15,15,15,15,15,15,15,15
7,1959,102,15,15,13,24,13,15,15,15,15,15,15,15,15
7,1960,102,16,16,13,16,13,16,16,16,16,16,16,16,16
7,1961,102,16,16,13,16,13,16,16,16,16,16,16,16,16
7,1962,102,16,16,13,16,13,16,16,16,16,16,16,16,16
7,1963,102,16,16,13,16,13,16,16,16,16,16,16,16,16
7,1964,102,16,16,13,16,13,16,16,16,16,16,16,16,16
7,1965,102,16,16,13,16,13,16,16,16,16,16,16,16,16
7,1966,102,16,16,13,16,13,16,16,16,16,16,16,16,16
7,1967,102,16,16,13,16,13,16,16,16,16,16,16,16,16
7,1968,102,16,16,13,16,13,16,16,16,16,16,16,16,16
7,1969,102,16,16,13,16,13,16,16,16,16,16,16,16,16
7,1970,102,16,16,13,16,13,16,16,16,16,16,16,16,16
7,1971,102,16,16,13,16,13,16,16,16,16,16,16,16,16
7,1972,102,16,16,13,16,13,16,16,16,16,16,16,16,16
7,1973,102,16,16,13,16,13,16,16,16,16,16,16,16,16
7,1974,102,16,16,13,16,13,16,16,16,16,16,16,16,16
7,1975,102,16,16,13,16,13,16,16,16,16,16,16,16,16
7,1976,90,2,2,14,13,14,2,2,2,2,2,2,2,2
7,1977,90,2,2,14,13,14,2,2,2,2,2,2,2,2
7,1978,90,2,2,14,13,14,2,2,2,2,2,2,2,2
7,1979,90,2,2,14,13,14,2,2,2,2,2,2,2,2
7,1980,90,2,2,14,13,14,2,2,2,2,2,2,2,2
7,1981,90,2,2,14,13,14,2,2,2,2,2,2,2,2
7,1982,90,3,3,15,1,15,3,3,3,3,3,3,3,3
7,1983,90,2,2,14,13,14,2,2,2,2,2,2,2,2
7,1984,90,3,3,15,13,15,3,3,3,3,3,3,3,3
7,1985,90,2,2,14,13,14,2,2,2,2,2,2,2,2
7,1986,90,2,2,15,13,15,2,2,2,2,2,2,2,2
7,1987,90,2,2,14,13,14,2,2,2,2,2,2,2,2
7,1988,90,2,2,14,13,14,2,2,2,2,2,2,2,2
7,1989,90,2,2,14,13,14,2,2,2,2,2,2,2,2
7,1990,90,2,2,14,13,14,2,2,2,2,2,2,2,2
7,1991,90,2,2,14,13,14,2,2,2,2,2,2,2,2
7,1992,90,2,2,14,13,14,2,2,2,2,2,2,2,2
7,1993,90,2,2,14,13,14,2,2,2,2,2,2,2,2
7,1994,90,2,2,14,13,14,2,2,2,2,2,2,2,2
7,1995,90,2,2,14,13,14,2,2,2,2,2,2,2,2
7,1996,90,2,2,14,13,14,2,2,2,2,2,2,2,2
7,1997,90,2,2,14,13,14,2,2,2,2,2,2,2,2
7,1998,90,2,2,14,13,14,2,2,2,2,2,2,2,2
7,1999,90,2,2,14,13,14,2,2,2,2,2,2,2,2
7,2000,90,2,2,14,13,14,2,2,2,2,2,2,2,2
7,2001,90,2,2,14,13,14,2,2,2,2,2,2,2,2
7,2002,90,2,2,15,1,15,2,2,2,2,2,2,2,2
7,2003,90,2,2,14,13,14,2,2,2,2,2,2,2,2
7,2004,90,2,2,14,13,14,2,2,2,2,2,2,2,2
7,2005,90,2,2,15,1,15,2,2,2,2,2,2,2,2
7,2006,90,2,2,14,1,14,2,2,2,2,2,2,2,2
7,2007,90,2,2,15,1,15,2,2,2,2,2,2,2,2
7,2008,90,2,2,15,1,15,2,2,2,2,2,2,2,2
7,2009,90,2,2,15,1,15,2,2,2,2,2,2,2,2
7,2010,90,2,2,15,1,15,2,2,2,2,2,2,2,2
7,2011,90,2,2,15,1,15,2,2,2,2,2,2,2,2
7,2012,102,16,16,13,16,13,16,16,16,16,16,16,16,16
7,2013,102,16,16,13,16,13,16,16,16,16,16,16,16,16
7,2014,102,16,16,13,16,13,16,16,16,16,16,16,16,16
7,2015,102,16,16,13,16,13,16,16,16,16,16,16,16,16
7,2016,102,16,16,13,16,13,16,16,16,16,16,16,16,16
7,2017,102,16,16,13,16,13,16,16,16,16,16,16,16,16
7,2018,102,16,16,13,16,13,16,16,16,16,16,16,16,16
7,2019,102,16,16,13,16,13,16,16,16,16,16,16,16,16
7,2020,102,16,16,13,16,13,16,16,16,16,16,16,16,16
7,2021,102,16,16,13,16,13,16,16,16,16,16,16,16,16
7,2022,102,16,16,13,16,13,16,16,16,16,16,16,16,16
7,2023,102,16,16,13,16,13,16,16,16,16,16,16,16,16
7,2024,102,16,16,13,16,13,16,16,16,16,16,16,16,16
7,2025,102,16,16,13,16,13,16,16,16,16,16,16,16,16
7,2026,102,16,16,13,16,13,16,16,16,16,16,16,16,16
7,2027,102,16,16,13,16,13,16,16,16,16,16,16,16,16
7,2028,102,16,16,22,16,22,16,16,16,16,16,16,16,16
7,2029,102,16,16,22,16,22,16,16,16,16,16,16,16,16
7,2030,102,16,16,22,16,22,16,16,16,16,16,16,16,16
7,2031,102,16,16,22,16,22,16,16,16,16,16,16,16,16
7,2032,102,16,16,22,16,22,16,16,16,16,16,16,16,16
7,2033,102,16,16,22,16,22,16,16,16,16,16,16,16,16
7,2034,102,16,16,22,16,22,16,16,16,16,16,16,16,16
7,2035,102,16,16,22,16,22,16,16,16,16,16,16,16,16
7,2036,102,16,16,22,16,22,16,16,16,16,16,16,16,16
7,2037,102,16,16,22,16,22,16,16,16,16,16,16,16,16
7,2038,102,16,16,22,16,22,16,16,16,16,16,16,16,16
7,2039,102,16,16,22,16,22,16,16,16,16,16,16,16,16
7,2040,102,16,16,22,16,22,16,16,16,16,16,16,16,16
7,2041,102,16,16,22,16,22,16,16,16,16,16,16,16,16
7,2042,102,16,16,22,16,22,16,16,16,16,16,16,16,16
7,2043,102,16,16,22,16,22,16,16,16,16,16,16,16,16
7,2044,102,16,16,22,16,22,16,16,16,16,16,16,16,16
7,2045,102,16,16,22,16,22,16,16,16,16,16,16,16,16
7,2046,102,16,16,22,16,22,16,16,16,16,16,16,16,16
7,2047,90,3,3,15,1,15,3,3,3,3,3,3,3,3
7,2048,90,3,3,15,1,15,3,3,3,3,3,3,3,3