{"entidad":21,"partes":[{"id":0,"nombre":"","tipologia":6,"primerdistrito":0,"distritos":17,"municipios":[{"id":1,"fraccion":0},{"id":2,"fraccion":1},{"id":3,"fraccion":1},{"id":4,"fraccion":1},{"id":5,"fraccion":0},{"id":7,"fraccion":0},{"id":8,"fraccion":0},{"id":9,"fraccion":1},{"id":11,"fraccion":1},{"id":12,"fraccion":0},{"id":15,"fraccion":1},{"id":17,"fraccion":1},{"id":16,"fraccion":0},{"id":19,"fraccion":0},{"id":18,"fraccion":0},{"id":21,"fraccion":1},{"id":20,"fraccion":0},{"id":23,"fraccion":0},{"id":22,"fraccion":0},{"id":25,"fraccion":1},{"id":24,"fraccion":0},{"id":27,"fraccion":1},{"id":26,"fraccion":0},{"id":29,"fraccion":0},{"id":34,"fraccion":0},{"id":35,"fraccion":0},{"id":32,"fraccion":0},{"id":33,"fraccion":1},{"id":38,"fraccion":0},{"id":39,"fraccion":0},{"id":43,"fraccion":0},{"id":41,"fraccion":0},{"id":46,"fraccion":0},{"id":47,"fraccion":0},{"id":44,"fraccion":1},{"id":45,"fraccion":0},{"id":51,"fraccion":1},{"id":49,"fraccion":0},{"id":48,"fraccion":1},{"id":55,"fraccion":0},{"id":54,"fraccion":0},{"id":53,"fraccion":0},{"id":52,"fraccion":0},{"id":59,"fraccion":0},{"id":58,"fraccion":1},{"id":57,"fraccion":0},{"id":56,"fraccion":1},{"id":63,"fraccion":0},{"id":61,"fraccion":0},{"id":60,"fraccion":0},{"id":68,"fraccion":0},{"id":70,"fraccion":0},{"id":71,"fraccion":0},{"id":64,"fraccion":0},{"id":65,"fraccion":1},{"id":66,"fraccion":0},{"id":67,"fraccion":1},{"id":76,"fraccion":0},{"id":77,"fraccion":1},{"id":78,"fraccion":1},{"id":72,"fraccion":0},{"id":74,"fraccion":1},{"id":75,"fraccion":0},{"id":85,"fraccion":0},{"id":84,"fraccion":0},{"id":87,"fraccion":0},{"id":81,"fraccion":0},{"id":83,"fraccion":0},{"id":93,"fraccion":0},{"id":92,"fraccion":0},{"id":95,"fraccion":0},{"id":94,"fraccion":0},{"id":89,"fraccion":1},{"id":88,"fraccion":1},{"id":103,"fraccion":0},{"id":100,"fraccion":0},{"id":101,"fraccion":1},{"id":98,"fraccion":0},{"id":99,"fraccion":0},{"id":96,"fraccion":0},{"id":97,"fraccion":1},{"id":110,"fraccion":1},{"id":111,"fraccion":0},{"id":109,"fraccion":1},{"id":106,"fraccion":0},{"id":107,"fraccion":0},{"id":104,"fraccion":0},{"id":105,"fraccion":0},{"id":119,"fraccion":1},{"id":118,"fraccion":0},{"id":117,"fraccion":1},{"id":116,"fraccion":0},{"id":114,"fraccion":1},{"id":113,"fraccion":1},{"id":112,"fraccion":1},{"id":127,"fraccion":0},{"id":126,"fraccion":0},{"id":123,"fraccion":0},{"id":122,"fraccion":0},{"id":120,"fraccion":1},{"id":137,"fraccion":0},{"id":136,"fraccion":1},{"id":139,"fraccion":0},{"id":138,"fraccion":1},{"id":141,"fraccion":1},{"id":140,"fraccion":1},{"id":143,"fraccion":0},{"id":142,"fraccion":0},{"id":129,"fraccion":0},{"id":128,"fraccion":1},{"id":131,"fraccion":0},{"id":133,"fraccion":0},{"id":132,"fraccion":1},{"id":135,"fraccion":1},{"id":134,"fraccion":1},{"id":152,"fraccion":0},{"id":153,"fraccion":0},{"id":154,"fraccion":1},{"id":155,"fraccion":1},{"id":156,"fraccion":0},{"id":157,"fraccion":0},{"id":158,"fraccion":0},{"id":159,"fraccion":1},{"id":144,"fraccion":1},{"id":145,"fraccion":0},{"id":146,"fraccion":1},{"id":147,"fraccion":0},{"id":148,"fraccion":0},{"id":149,"fraccion":0},{"id":150,"fraccion":0},{"id":151,"fraccion":0},{"id":171,"fraccion":0},{"id":170,"fraccion":1},{"id":169,"fraccion":0},{"id":168,"fraccion":0},{"id":175,"fraccion":0},{"id":174,"fraccion":0},{"id":173,"fraccion":0},{"id":172,"fraccion":1},{"id":163,"fraccion":0},{"id":162,"fraccion":0},{"id":160,"fraccion":0},{"id":167,"fraccion":0},{"id":165,"fraccion":0},{"id":164,"fraccion":1},{"id":186,"fraccion":0},{"id":187,"fraccion":0},{"id":185,"fraccion":0},{"id":190,"fraccion":0},{"id":191,"fraccion":0},{"id":188,"fraccion":0},{"id":189,"fraccion":0},{"id":178,"fraccion":0},{"id":179,"fraccion":0},{"id":176,"fraccion":0},{"id":900,"fraccion":1},{"id":182,"fraccion":0},{"id":180,"fraccion":1},{"id":181,"fraccion":0},{"id":205,"fraccion":0},{"id":204,"fraccion":1},{"id":207,"fraccion":1},{"id":206,"fraccion":0},{"id":201,"fraccion":0},{"id":200,"fraccion":1},{"id":203,"fraccion":0},{"id":197,"fraccion":0},{"id":196,"fraccion":1},{"id":199,"fraccion":0},{"id":198,"fraccion":0},{"id":193,"fraccion":0},{"id":194,"fraccion":1},{"id":212,"fraccion":1},{"id":213,"fraccion":0},{"id":208,"fraccion":0},{"id":209,"fraccion":1},{"id":211,"fraccion":0}]},{"id":1,"nombre":"SAN SEBASTIAN TLACOTEPEC","tipologia":6,"primerdistrito":17,"distritos":1,"municipios":[{"id":217,"fraccion":0},{"id":36,"fraccion":0},{"id":37,"fraccion":0},{"id":125,"fraccion":0},{"id":10,"fraccion":0},{"id":214,"fraccion":0},{"id":130,"fraccion":0},{"id":177,"fraccion":0},{"id":62,"fraccion":0},{"id":13,"fraccion":0},{"id":121,"fraccion":0},{"id":195,"fraccion":0}]},{"id":2,"nombre":"JOPALA","tipologia":6,"primerdistrito":18,"distritos":1,"municipios":[{"id":69,"fraccion":0},{"id":6,"fraccion":0},{"id":202,"fraccion":0},{"id":79,"fraccion":0},{"id":73,"fraccion":0},{"id":192,"fraccion":1},{"id":14,"fraccion":0},{"id":86,"fraccion":0},{"id":216,"fraccion":1},{"id":80,"fraccion":0},{"id":82,"fraccion":0},{"id":215,"fraccion":0},{"id":28,"fraccion":0},{"id":210,"fraccion":0},{"id":91,"fraccion":0},{"id":31,"fraccion":1},{"id":90,"fraccion":1},{"id":30,"fraccion":0},{"id":102,"fraccion":0},{"id":161,"fraccion":0},{"id":40,"fraccion":0},{"id":108,"fraccion":0},{"id":166,"fraccion":0},{"id":50,"fraccion":0},{"id":184,"fraccion":0},{"id":124,"fraccion":0},{"id":183,"fraccion":0}]},{"id":3,"nombre":"PUEBLA","tipologia":6,"primerdistrito":19,"distritos":7,"municipios":[{"id":115,"fraccion":1},{"id":42,"fraccion":1}]}],"cumulos":[{"id":0,"tipo":2,"secciones":[1,2,3,4,5,6,7,8,9,10,11,12,13,14,15,17,16,19,18]},{"id":1,"tipo":2,"secciones":[63,62,61]},{"id":2,"tipo":3,"secciones":[1597,1596,1587]},{"id":3,"tipo":2,"secciones":[76,77,78,75]},{"id":4,"tipo":2,"secciones":[100,101,98,99,96,97,85,84,87,86,81,80,83,82,93,92,95,94,89,88,91,90]},{"id":5,"tipo":2,"secciones":[68,69,70,64,65,66,67]},{"id":6,"tipo":2,"secciones":[71,72,73,74]},{"id":7,"tipo":2,"secciones":[115,114,113]},{"id":8,"tipo":3,"secciones":[129,128,131,130,133,132,119,118,117,116,127,126,125,2550,124,123,122,121,120]},{"id":9,"tipo":2,"secciones":[103,106,104,105]},{"id":10,"tipo":2,"secciones":[112,110,111,108,109,107]},{"id":11,"tipo":2,"secciones":[154,155,156,157,158,159,171,170,169,168,175,174,173,172,163,162,161,160,167,166,165,164,186,187,184,185,190,191,188,189,178,179,176,177,182,183,180,181,205,204,207,206,201,200,203,202,197,196,199,198,193,192,195,194,220,221,216,217,218,219,212,213,214,215,208,209,210,211]},{"id":12,"tipo":2,"secciones":[222,223]},{"id":13,"tipo":2,"secciones":[137,136,138,135,134]},{"id":14,"tipo":2,"secciones":[152,153,148,149,150,151]},{"id":15,"tipo":2,"secciones":[238,237,236,235,234]},{"id":16,"tipo":2,"secciones":[252,250,251,248,249,246,247,245]},{"id":17,"tipo":2,"secciones":[233,232,231,230,229,228,227,226,225]},{"id":18,"tipo":2,"secciones":[260,261]},{"id":19,"tipo":2,"secciones":[239,240]},{"id":20,"tipo":2,"secciones":[272,271]},{"id":21,"tipo":3,"secciones":[254,258,255,259,256,2490,257,2491,253,2492,2493,2494,2495,2498,2497,2496]},{"id":22,"tipo":2,"secciones":[279,281,280]},{"id":23,"tipo":2,"secciones":[262,263,266,267,264,265,270,268,269]},{"id":24,"tipo":2,"secciones":[305,304,294,295,296,297,298,299,300,301,302,303]},{"id":25,"tipo":2,"secciones":[275,274,276]},{"id":26,"tipo":2,"secciones":[315,314,316]},{"id":27,"tipo":2,"secciones":[288,289,290,291,292,293,283,282,287,286,285,284]},{"id":28,"tipo":2,"secciones":[322,320,321,319]},{"id":29,"tipo":2,"secciones":[307,306,309,308,311,310,313,312]},{"id":30,"tipo":2,"secciones":[324,323]},{"id":31,"tipo":2,"secciones":[317,318]},{"id":32,"tipo":2,"secciones":[369,368,370,364,365,366,367]},{"id":33,"tipo":2,"secciones":[373,372,375,374,371,381,380,383,382,377,376,379,378,394,393,392,387,386,385,384,391,390,389,388]},{"id":34,"tipo":3,"secciones":[339,1070,338,337,336,950,1095,326,1048,327,325,334,2549,335,332,333,1079,330,331,328,329]},{"id":35,"tipo":2,"secciones":[343,342,341,340]},{"id":36,"tipo":2,"secciones":[425,424,427,426,429,428,423]},{"id":37,"tipo":2,"secciones":[440,441,442,443,444,445,446,447,439,458,457,456,455,454,453,452,451,450,449,448]},{"id":38,"tipo":2,"secciones":[395,397,396]},{"id":39,"tipo":2,"secciones":[415,417,416,419,418,421,420,422]},{"id":40,"tipo":2,"secciones":[493,492,495,494,489,491,490]},{"id":41,"tipo":2,"secciones":[500,501]},{"id":42,"tipo":2,"secciones":[460,459]},{"id":43,"tipo":2,"secciones":[478,479,476,477,474,475,472,473,470,471,468,469,466,467,464,465,463,462,461,488,485,484,487,486,481,480,483,482]},{"id":44,"tipo":2,"secciones":[516,517,515]},{"id":45,"tipo":2,"secciones":[508,509,510,511,505,506,507]},{"id":46,"tipo":2,"secciones":[512,513,514]},{"id":47,"tipo":2,"secciones":[550,548,549,546,547,544,545]},{"id":48,"tipo":2,"secciones":[533,532,534,529,528,531,530,526,527]},{"id":49,"tipo":2,"secciones":[524,525]},{"id":50,"tipo":2,"secciones":[518,519,520,521,522,523]},{"id":51,"tipo":2,"secciones":[593,592,588,589,590,591]},{"id":52,"tipo":2,"secciones":[576,577,578,579,580,581,582,583,584,585,586,587,575,574,573,572,571,570,569]},{"id":53,"tipo":2,"secciones":[567,566,565,568]},{"id":54,"tipo":2,"secciones":[564,563,562,561,560,558,559,556,557,555]},{"id":55,"tipo":2,"secciones":[649,648,650,647,646]},{"id":56,"tipo":3,"secciones":[410,411,408,409,414,278,2038,412,277,2039,413,2040,402,2041,403,400,401,406,407,404,405,399,398,645,644,641,640,643,642,774,775,772,773,770,771]},{"id":57,"tipo":2,"secciones":[631,635,634,633,632,639,638,637,636]},{"id":58,"tipo":2,"secciones":[610,611,608,609,614,615,612,613,618,619,616,617,622,623,620,621,627,626,625,624,630,629,628,595,594,597,596,599,598,601,600,603,602,605,604,607,606]},{"id":59,"tipo":2,"secciones":[700,698,699,696,697]},{"id":60,"tipo":2,"secciones":[694,695,693]},{"id":61,"tipo":3,"secciones":[687,686,685,684,683,682,681,680,679,678,21,20,23,22,25,24,27,692,26,690,691,688,689]},{"id":62,"tipo":2,"secciones":[653,652,655,654,651,672,668,669,670,671,664,665,666,667,660,661,662,663,656,657,658,659]},{"id":63,"tipo":2,"secciones":[709,711,710]},{"id":64,"tipo":2,"secciones":[707,706,708]},{"id":65,"tipo":2,"secciones":[705,704]},{"id":66,"tipo":2,"secciones":[702,703,701]},{"id":67,"tipo":3,"secciones":[766,767,764,765,2335,2334,2333,2336,2337,2338,2339,2340,2341,2342,920,2343,921,2344,918,2345,919,2346,916,2347,917,2348,914,915,912,913,535,768,769,541,540,543,542,537,536,539,538]},{"id":68,"tipo":2,"secciones":[747,746,745,744,751,750,749,748,739,738,737,736,743,742,741,740,762,763,760,761,754,755,752,753,758,759,756,757,730,731,732,733,734,735]},{"id":69,"tipo":2,"secciones":[728,729,727]},{"id":70,"tipo":2,"secciones":[713,712,715,714,717,716,719,718,720,721,722,723,724,725,726]},{"id":71,"tipo":2,"secciones":[800,799,798,797]},{"id":72,"tipo":2,"secciones":[796,795,794,793,792]},{"id":73,"tipo":2,"secciones":[791,790,789,788,787,786]},{"id":74,"tipo":2,"secciones":[785,784,782,783,780,781,779]},{"id":75,"tipo":2,"secciones":[823,824]},{"id":76,"tipo":2,"secciones":[821,822]},{"id":77,"tipo":2,"secciones":[817,816,819,818,812,813,814,815,809,810,811]},{"id":78,"tipo":2,"secciones":[804,805,806,807,801,802,803,808]},{"id":79,"tipo":2,"secciones":[838,839,840,841]},{"id":80,"tipo":2,"secciones":[835,836,837]},{"id":81,"tipo":3,"secciones":[883,504,885,884,887,886,889,888,831,891,502,830,890,503,893,892,895,894,834,832,833,896]},{"id":82,"tipo":2,"secciones":[829,828,825,827,826]},{"id":83,"tipo":2,"secciones":[864,865,866,859,858,857,863,862,861,860]},{"id":84,"tipo":2,"secciones":[855,854,856]},{"id":85,"tipo":2,"secciones":[851,850,848,853,852,846,847]},{"id":86,"tipo":2,"secciones":[842,843,844,845]},{"id":87,"tipo":3,"secciones":[926,927,924,925,922,923,1784,496,497,498,499]},{"id":88,"tipo":2,"secciones":[911,910,909,908,907,906,905,904,903,902,901,900,899,898,897]},{"id":89,"tipo":3,"secciones":[881,880,882,875,1790,876,1791,877,878,1792,879,1789]},{"id":90,"tipo":2,"secciones":[867,868,869,870,871,872,873,874]},{"id":91,"tipo":3,"secciones":[1643,1646,1647,1644,1645,46,47,45,51,50,49,48,55,54,53,52,59,58,1650,57,1649,56,1648,60]},{"id":92,"tipo":2,"secciones":[1642,1640,1641,1638,1639,1636,1637]},{"id":93,"tipo":3,"secciones":[1634,432,1635,433,1632,434,1633,435,436,437,438,1627,1626,1629,1628,1631,431,1630,430]},{"id":94,"tipo":2,"secciones":[1625,1624,1610,1611,1612,1613,1614,1615,1617,1616,1619,1618,1621,1620,1623,1622]},{"id":95,"tipo":2,"secciones":[1684,1682,1683]},{"id":96,"tipo":2,"secciones":[1680,1681,1677,1679,1678]},{"id":97,"tipo":2,"secciones":[1676,1675,1674]},{"id":98,"tipo":2,"secciones":[1673,1672]},{"id":99,"tipo":2,"secciones":[1703,1702,1707,1706,1705,1704]},{"id":100,"tipo":2,"secciones":[1697,1696,1695]},{"id":101,"tipo":2,"secciones":[1692,1693,1694,1691]},{"id":102,"tipo":2,"secciones":[1685,1686,1687,1688,1689,1690]},{"id":103,"tipo":2,"secciones":[1786,1787,1785,1788]},{"id":104,"tipo":2,"secciones":[1763,1762,1761,1760,1767,1766,1765,1764,1771,1770,1769,1768,1773,1772,1726,1727,1724,1725,1722,1723,1720,1721,1729,1728,1731,1730,1733,1732,1735,1734,1737,1736,1739,1738,1741,1740,1743,1742,1744,1745,1746,1747,1748,1749,1750,1751,1752,1753,1754,1755,1756,1757,1758,1759]},{"id":105,"tipo":2,"secciones":[1718,1716,1717,1715]},{"id":106,"tipo":2,"secciones":[1714,1712,1713,1711,1710,1709,1708]},{"id":107,"tipo":2,"secciones":[1847,1846]},{"id":108,"tipo":3,"secciones":[1659,1658,1657,1656,1663,1662,1661,1660,1651,1655,1654,1653,1652,1845,1844,1841,1840,1843,1842,1836,2659,1837,1838,1839,2662,1832,1833,2660,1834,2661,1835,1828,1829,1830,1831,1824,1825,1826,1827,2641,1669,1823,2640,1668,1822,1671,1821,2642,1670,1820,2645,1665,1819,2644,1818,2647,1667,1817,2646,1816,1666,1815,1814,1813,1812,1811,1810,1809,1808,1806,1807,1804,1805,1802,1803,1800,1801,2633,2634,2635,2636,2637,2638,2639]},{"id":109,"tipo":3,"secciones":[34,35,551,32,33,38,39,36,37,42,43,40,41,554,44,552,553,1798,1799,29,28,31,30]},{"id":110,"tipo":2,"secciones":[1796,1797,1794,1795,1793]},{"id":111,"tipo":2,"secciones":[1870,1871,1868,1869]},{"id":112,"tipo":2,"secciones":[2033,2034,2035,2036,2037]},{"id":113,"tipo":2,"secciones":[1853,1852,1855,1854,1849,1848,1851,1850,1856,1857]},{"id":114,"tipo":2,"secciones":[1875,1874,1873,1876]},{"id":115,"tipo":2,"secciones":[1888,1889,1890]},{"id":116,"tipo":3,"secciones":[1775,1778,1779,1776,1777,1782,1783,1780,1781,2245,2244,2247,2246,2241,2240,2243,2242,2234,2235,2233,2238,2239,2236,2237,1866,1867,1864,1865,1858,1859,1862,1863,1860,1861]},{"id":117,"tipo":2,"secciones":[1881,1880,1879,1878,1877]},{"id":118,"tipo":2,"secciones":[1896,1891,1892,1893,1894,1895]},{"id":119,"tipo":3,"secciones":[932,1933,1932,1931,929,1930,928,1929,931,930]},{"id":120,"tipo":3,"secciones":[1602,1606]},{"id":121,"tipo":2,"secciones":[1897,1898,1899,1900,1901,1902,1903,1905,1904]},{"id":122,"tipo":2,"secciones":[2017,2019,2018,2021,2020,2023,2022,2024]},{"id":123,"tipo":2,"secciones":[2048,2042,2043,2044,2045,2046,2047]},{"id":124,"tipo":2,"secciones":[1913,1912,1915,1914,1917,1916,1919,1918,1907,1906,1909,1908,1911,1910,1927,1926,1925,1924,1923,1922,1921,1920,1928]},{"id":125,"tipo":2,"secciones":[2032,2025,2027,2026,2029,2028,2031,2030]},{"id":126,"tipo":2,"secciones":[2049,2050]},{"id":127,"tipo":2,"secciones":[2090,2091,2089,2094,2092,2093]},{"id":128,"tipo":2,"secciones":[2083,2086,2087,2084,2085,2088]},{"id":129,"tipo":2,"secciones":[2065,2064,2067,2066,2069,2068,2071,2070,2073,2072,2075,2074,2077,2076,2079,2078,2080,2081,2058,2059,2060,2061,2062,2063]},{"id":130,"tipo":2,"secciones":[2051,2052,2053,2054,2055,2056,2057]},{"id":131,"tipo":2,"secciones":[2117,2118,2119,2129,2128,2131,2130,2124,2125,2126,2127,2120,2121,2122,2123]},{"id":132,"tipo":2,"secciones":[2112,2113,2114,2115,2111,2110,2109]},{"id":133,"tipo":2,"secciones":[2099,2098,2103,2102,2101,2100,2107,2106,2105,2104,2108]},{"id":134,"tipo":2,"secciones":[2097,2096,2095]},{"id":135,"tipo":2,"secciones":[1883,1882,1887,1886,1885,1884]},{"id":136,"tipo":2,"secciones":[2181,2183,2182]},{"id":137,"tipo":2,"secciones":[2175,2177,2176,2179,2178,2180]},{"id":138,"tipo":2,"secciones":[2135,2134,2141,2140,2143,2142,2137,2136,2139,2138,2167,2166,2165,2164,2163,2162,2161,2160,2174,2173,2172,2171,2170,2169,2168,2150,2151,2148,2149,2146,2147,2144,2145,2158,2159,2156,2157,2154,2155,2152,2153]},{"id":139,"tipo":2,"secciones":[2219,2232,2223,2222,2221,2220,2226,2227,2224,2225,2230,2231,2228,2229]},{"id":140,"tipo":2,"secciones":[2218,2217,2216,2211,2210,2209,2215,2214,2213,2212]},{"id":141,"tipo":2,"secciones":[2201,2202,2203,2204,2205,2206,2207,2208]},{"id":142,"tipo":2,"secciones":[2200,2185,2184,2187,2186,2189,2188,2191,2190,2192,2193,2194,2195,2196,2197,2198,2199]},{"id":143,"tipo":2,"secciones":[2264,2265,2266,2262,2263]},{"id":144,"tipo":2,"secciones":[2253,2255,2254,2260,2261,2256,2257,2258,2259]},{"id":145,"tipo":2,"secciones":[2252,2251]},{"id":146,"tipo":2,"secciones":[2249,2248,2250]},{"id":147,"tipo":2,"secciones":[2302,2306,2303,2307,2300,2304,2301,2305,2299,2308,2309]},{"id":148,"tipo":2,"secciones":[2298,2296,2297,2295]},{"id":149,"tipo":2,"secciones":[2294,2292,2293,2290,2291,2288,2289,2287,2286,2285,2284,2283,2282,2281,2280,2279,2278,2277,2276,2275,2274,2273,2272]},{"id":150,"tipo":2,"secciones":[2268,2269,2270,2271,2267]},{"id":151,"tipo":3,"secciones":[2327,2536,2326,2535,2328,778,776,777]},{"id":152,"tipo":2,"secciones":[2323,2322,2321,2320,2325,2324,2319]},{"id":153,"tipo":2,"secciones":[2318,2317]},{"id":154,"tipo":2,"secciones":[2310,2311,2314,2315,2312,2313,2316]},{"id":155,"tipo":2,"secciones":[2374,2375,2372,2373,2370,2371,2368,2369,2382,2383,2380,2381,2378,2379,2376,2377,2390,2389,2388,2387,2386,2385,2384,2363,2362,2365,2364,2367,2366]},{"id":156,"tipo":3,"secciones":[1701,1700,1699,1698,2361,2360]},{"id":157,"tipo":2,"secciones":[2353,2352,2355,2354,2357,2356,2359,2358,2349,2350,2351]},{"id":158,"tipo":2,"secciones":[2331,2330,2329,2332]},{"id":159,"tipo":2,"secciones":[2412,2409,2410,2411]},{"id":160,"tipo":2,"secciones":[2407,2408]},{"id":161,"tipo":2,"secciones":[2404,2400,2401,2402,2403,2399,2398,2397,2396,2395,2394,2393]},{"id":162,"tipo":2,"secciones":[2391,2392]},{"id":163,"tipo":2,"secciones":[2473,2472,2475,2474,2477,2476,2479,2478,2465,2464,2467,2466,2469,2468,2471,2470,2488,2489,2462,2463,2460,2461,2480,2481,2482,2483,2484,2485,2486,2487]},{"id":164,"tipo":2,"secciones":[2429,2431,2430,2432]},{"id":165,"tipo":2,"secciones":[2421,2420,2423,2422,2428,2425,2424,2427,2426]},{"id":166,"tipo":2,"secciones":[2413,2414,2415]},{"id":167,"tipo":2,"secciones":[2527,2532,2529,2528,2531,2530]},{"id":168,"tipo":2,"secciones":[2526,2524,2525,2522,2523,2520,2521]},{"id":169,"tipo":2,"secciones":[2507,2506,2505,2504,2503,2502]},{"id":170,"tipo":2,"secciones":[2501,2500,2499]},{"id":171,"tipo":3,"secciones":[1451,1437]},{"id":172,"tipo":3,"secciones":[1449,1450]},{"id":173,"tipo":2,"secciones":[2541,2540,2543,2542,2537,2539,2538,2548,2544,2545,2546,2547]},{"id":174,"tipo":2,"secciones":[2533,2534]},{"id":175,"tipo":3,"secciones":[1495,1483]}],"separados":[{"id":0,"municipio1":10,"municipio2":62,"tiempo":91.0000,"tiempopromedio":26.1205,"desviacion":18.0147},{"id":1,"municipio1":24,"municipio2":48,"tiempo":104.0000,"tiempopromedio":26.1205,"desviacion":18.0147},{"id":2,"municipio1":37,"municipio2":177,"tiempo":89.0000,"tiempopromedio":26.1205,"desviacion":18.0147},{"id":3,"municipio1":48,"municipio2":156,"tiempo":82.0000,"tiempopromedio":26.1205,"desviacion":18.0147},{"id":4,"municipio1":69,"municipio2":91,"tiempo":131.0000,"tiempopromedio":26.1205,"desviacion":18.0147},{"id":5,"municipio1":91,"municipio2":108,"tiempo":91.0000,"tiempopromedio":26.1205,"desviacion":18.0147},{"id":6,"municipio1":91,"municipio2":124,"tiempo":92.0000,"tiempopromedio":26.1205,"desviacion":18.0147},{"id":7,"municipio1":177,"municipio2":217,"tiempo":95.0000,"tiempopromedio":26.1205,"desviacion":18.0147}],"distritos":[{"d":1,"des":[{"mu":1,"s":[1,2,3,4,5,6,7,8,9,10,11,12,13,14,15,17,16,19,18]},{"mu":15,"s":[129,128,131,130,133,132,119,118,117,116,127,126,125,124,123,122,121,120]},{"mu":20,"s":[222,223]},{"mu":41,"s":[324,323]},{"mu":99,"s":[823,824]},{"mu":132,"s":[1719]},{"mu":150,"s":[1888,1889,1890]},{"mu":152,"s":[1897,1898,1899,1900,1901,1902,1903,1905,1904]},{"mu":162,"s":[2051,2052,2053,2054,2055,2056,2057]},{"mu":182,"s":[2252,2251]},{"mu":193,"s":[2331,2330,2329,2332]},{"mu":900,"s":[2550]}],"p":[{"t":1, "v":"218495"},{"t":4, "v":"00:32"},{"t":5, "v":"-1.71"},{"t":6, "v":"-3806"},{"t":7, "v":"0.013029"},{"t":8, "v":"0.373884"}]},{"d":2,"des":[{"mu":17,"s":[139,141,140,143,142,144,145,146,147]},{"mu":25,"s":[244,242,243,241]},{"mu":44,"s":[351,350,349,348,347,346,345,344,356,357,358,359,352,353,354,355,360,361,362,363]},{"mu":77,"s":[677,676,675,674,673]},{"mu":157,"s":[2032,2025,2027,2026,2029,2028,2031,2030]},{"mu":172,"s":[2133,2132]},{"mu":186,"s":[2294,2292,2293,2290,2291,2288,2289,2287,2286,2285,2284,2283,2282,2281,2280,2279,2278,2277,2276,2275,2274,2273,2272]},{"mu":204,"s":[2417,2416,2419,2418]},{"mu":207,"s":[2443,2442,2441,2440,2447,2446,2445,2444,2435,2434,2433,2439,2438,2437,2436,2459,2450,2451,2448,2449,2454,2455,2452,2453]},{"mu":211,"s":[2507,2506,2505,2504,2503,2502]}],"p":[{"t":1, "v":"228035"},{"t":4, "v":"00:34"},{"t":5, "v":"2.58"},{"t":6, "v":"5734"},{"t":7, "v":"0.029569"},{"t":8, "v":"0.413310"}]},{"d":3,"des":[{"mu":3,"s":[34,35,32,33,38,39,36,37,42,43,40,41,44,29,28,31,30]},{"mu":7,"s":[71,72,73,74]},{"mu":9,"s":[79]},{"mu":24,"s":[239,240]},{"mu":32,"s":[275,274,276]},{"mu":43,"s":[343,342,341,340]},{"mu":53,"s":[460,459]},{"mu":56,"s":[496,497,498,499]},{"mu":60,"s":[512,513,514]},{"mu":63,"s":[524,525]},{"mu":67,"s":[551,554,552,553]},{"mu":71,"s":[593,592,588,589,590,591]},{"mu":75,"s":[649,648,650,647,646]},{"mu":81,"s":[702,703,701]},{"mu":97,"s":[820]},{"mu":100,"s":[829,828,825,827,826]},{"mu":113,"s":[926,927,924,925,922,923]},{"mu":114,"s":[932,929,928,931,930]},{"mu":122,"s":[1676,1675,1674]},{"mu":128,"s":[1701,1700,1699,1698]},{"mu":134,"s":[1774]},{"mu":136,"s":[1784]},{"mu":140,"s":[1798,1799]},{"mu":142,"s":[1847,1846]},{"mu":146,"s":[1872]},{"mu":147,"s":[1875,1874,1873,1876]},{"mu":154,"s":[1933,1932,1931,1930,1929]},{"mu":156,"s":[2017,2019,2018,2021,2020,2023,2022,2024]},{"mu":158,"s":[2033,2034,2035,2036,2037]},{"mu":165,"s":[2083,2086,2087,2084,2085,2088]},{"mu":168,"s":[2099,2098,2103,2102,2101,2100,2107,2106,2105,2104,2108]},{"mu":170,"s":[2116]},{"mu":189,"s":[2310,2311,2314,2315,2312,2313,2316]},{"mu":190,"s":[2318,2317]},{"mu":191,"s":[2323,2322,2321,2320,2325,2324,2319]},{"mu":196,"s":[2361,2360]},{"mu":201,"s":[2407,2408]},{"mu":203,"s":[2413,2414,2415]},{"mu":206,"s":[2429,2431,2430,2432]}],"p":[{"t":1, "v":"223204"},{"t":4, "v":"01:08"},{"t":5, "v":"0.41"},{"t":6, "v":"903"},{"t":7, "v":"0.000733"},{"t":8, "v":"0.572672"}]},{"d":4,"des":[{"mu":4,"s":[46,47,45,51,50,49,48,55,54,53,52,59,58,57,56,60]},{"mu":39,"s":[317,318]},{"mu":98,"s":[821,822]},{"mu":105,"s":[851,850,848,853,852,846,847]},{"mu":118,"s":[1642,1640,1641,1638,1639,1636,1637]},{"mu":119,"s":[1643,1646,1647,1644,1645,1650,1649,1648]},{"mu":151,"s":[1896,1891,1892,1893,1894,1895]},{"mu":163,"s":[2065,2064,2067,2066,2069,2068,2071,2070,2073,2072,2075,2074,2077,2076,2079,2078,2080,2081,2058,2059,2060,2061,2062,2063]}],"p":[{"t":1, "v":"217226"},{"t":4, "v":"00:26"},{"t":5, "v":"-2.28"},{"t":6, "v":"-5075"},{"t":7, "v":"0.023165"},{"t":8, "v":"0.318686"}]},{"d":5,"des":[{"mu":5,"s":[63,62,61]},{"mu":11,"s":[102]},{"mu":21,"s":[224]},{"mu":33,"s":[278,277]},{"mu":34,"s":[279,281,280]},{"mu":48,"s":[410,411,408,409,414,412,413,402,403,400,401,406,407,404,405,399,398]},{"mu":52,"s":[440,441,442,443,444,445,446,447,439,458,457,456,455,454,453,452,451,450,449,448]},{"mu":57,"s":[500,501]},{"mu":70,"s":[576,577,578,579,580,581,582,583,584,585,586,587,575,574,573,572,571,570,569]},{"mu":74,"s":[645,644,641,640,643,642]},{"mu":83,"s":[707,706,708]},{"mu":87,"s":[747,746,745,744,751,750,749,748,739,738,737,736,743,742,741,740,762,763,760,761,754,755,752,753,758,759,756,757,730,731,732,733,734,735]},{"mu":89,"s":[774,775,772,773,770,771]},{"mu":159,"s":[2038,2039,2040,2041]},{"mu":164,"s":[2082]},{"mu":167,"s":[2097,2096,2095]},{"mu":175,"s":[2181,2183,2182]},{"mu":185,"s":[2268,2269,2270,2271,2267]},{"mu":198,"s":[2391,2392]}],"p":[{"t":1, "v":"218223"},{"t":4, "v":"01:00"},{"t":5, "v":"-1.83"},{"t":6, "v":"-4078"},{"t":7, "v":"0.014957"},{"t":8, "v":"0.559983"}]},{"d":6,"des":[{"mu":8,"s":[76,77,78,75]},{"mu":72,"s":[610,611,608,609,614,615,612,613,618,619,616,617,622,623,620,621,627,626,625,624,630,629,628,595,594,597,596,599,598,601,600,603,602,605,604,607,606]},{"mu":93,"s":[796,795,794,793,792]},{"mu":171,"s":[2117,2118,2119,2129,2128,2131,2130,2124,2125,2126,2127,2120,2121,2122,2123]},{"mu":208,"s":[2473,2472,2475,2474,2477,2476,2479,2478,2465,2464,2467,2466,2469,2468,2471,2470,2488,2489,2462,2463,2460,2461,2480,2481,2482,2483,2484,2485,2486,2487]}],"p":[{"t":1, "v":"218558"},{"t":4, "v":"00:52"},{"t":5, "v":"-1.68"},{"t":6, "v":"-3743"},{"t":7, "v":"0.012601"},{"t":8, "v":"0.751102"}]},{"d":7,"des":[{"mu":12,"s":[103,106,104,105]},{"mu":23,"s":[238,237,236,235,234]},{"mu":46,"s":[373,372,375,374,371,381,380,383,382,377,376,379,378,394,393,392,387,386,385,384,391,390,389,388]},{"mu":51,"s":[432,433,434,435,436,437,438,431,430]},{"mu":59,"s":[508,509,510,511,505,506,507]},{"mu":64,"s":[533,532,534,529,528,531,530,526,527]},{"mu":68,"s":[564,563,562,561,560,558,559,556,557,555]},{"mu":95,"s":[804,805,806,807,801,802,803,808]},{"mu":117,"s":[1634,1635,1632,1633,1627,1626,1629,1628,1631,1630]},{"mu":131,"s":[1718,1716,1717,1715]},{"mu":143,"s":[1853,1852,1855,1854,1849,1848,1851,1850,1856,1857]},{"mu":179,"s":[2219,2232,2223,2222,2221,2220,2226,2227,2224,2225,2230,2231,2228,2229]}],"p":[{"t":1, "v":"220824"},{"t":4, "v":"00:47"},{"t":5, "v":"-0.66"},{"t":6, "v":"-1477"},{"t":7, "v":"0.001962"},{"t":8, "v":"0.434573"}]},{"d":8,"des":[{"mu":16,"s":[137,136,138,135,134]},{"mu":45,"s":[369,368,370,364,365,366,367]},{"mu":54,"s":[478,479,476,477,474,475,472,473,470,471,468,469,466,467,464,465,463,462,461,488,485,484,487,486,481,480,483,482]},{"mu":55,"s":[493,492,495,494,489,491,490]},{"mu":85,"s":[713,712,715,714,717,716,719,718,720,721,722,723,724,725,726]},{"mu":96,"s":[817,816,819,818,812,813,814,815,809,810,811]},{"mu":106,"s":[855,854,856]},{"mu":200,"s":[2405,2406]},{"mu":207,"s":[2458,2456,2457]},{"mu":212,"s":[2511,2510,2509,2508,2518,2519,2516,2517,2514,2515,2512,2513]}],"p":[{"t":1, "v":"202168"},{"t":4, "v":"00:51"},{"t":5, "v":"-9.06"},{"t":6, "v":"-20133"},{"t":7, "v":"0.364549"},{"t":8, "v":"0.751343"}]},{"d":9,"des":[{"mu":18,"s":[152,153,148,149,150,151]},{"mu":27,"s":[254,258,255,259,256,257,253]},{"mu":38,"s":[315,314,316]},{"mu":84,"s":[709,711,710]},{"mu":94,"s":[800,799,798,797]},{"mu":155,"s":[2016,2002,2000,2001,2006,2007,2005,2008,2009,2014,2015,2012,2013,1987,1986,1985,1984,1988,1995,1994,1999,1996,1976,1937]},{"mu":160,"s":[2048,2042,2043,2044,2045,2046,2047]},{"mu":176,"s":[2200,2185,2184,2187,2186,2189,2188,2191,2190,2192,2193,2194,2195,2196,2197,2198,2199]},{"mu":209,"s":[2490,2491,2492,2493,2494,2495,2498,2497,2496]}],"p":[{"t":1, "v":"212600"},{"t":4, "v":"00:47"},{"t":5, "v":"-4.36"},{"t":6, "v":"-9701"},{"t":7, "v":"0.084640"},{"t":8, "v":"0.414291"}]},{"d":10,"des":[{"mu":19,"s":[154,155,156,157,158,159,171,170,169,168,175,174,173,172,163,162,161,160,167,166,165,164,186,187,184,185,190,191,188,189,178,179,176,177,182,183,180,181,205,204,207,206,201,200,203,202,197,196,199,198,193,192,195,194,220,221,216,217,218,219,212,213,214,215,208,209,210,211]},{"mu":22,"s":[233,232,231,230,229,228,227,226,225]},{"mu":107,"s":[864,865,866,859,858,857,863,862,861,860]},{"mu":126,"s":[1692,1693,1694,1691]},{"mu":127,"s":[1697,1696,1695]},{"mu":148,"s":[1881,1880,1879,1878,1877]},{"mu":174,"s":[2175,2177,2176,2179,2178,2180]},{"mu":188,"s":[2302,2306,2303,2307,2300,2304,2301,2305,2299,2308,2309]}],"p":[{"t":1, "v":"215016"},{"t":4, "v":"00:25"},{"t":5, "v":"-3.28"},{"t":6, "v":"-7285"},{"t":7, "v":"0.047732"},{"t":8, "v":"0.439693"}]},{"d":11,"des":[{"mu":26,"s":[252,250,251,248,249,246,247,245]},{"mu":35,"s":[288,289,290,291,292,293,283,282,287,286,285,284]},{"mu":49,"s":[415,417,416,419,418,421,420,422]},{"mu":61,"s":[516,517,515]},{"mu":76,"s":[653,652,655,654,651,672,668,669,670,671,664,665,666,667,660,661,662,663,656,657,658,659]},{"mu":92,"s":[791,790,789,788,787,786]},{"mu":103,"s":[838,839,840,841]},{"mu":123,"s":[1680,1681,1677,1679,1678]},{"mu":137,"s":[1786,1787,1785,1788]},{"mu":139,"s":[1796,1797,1794,1795,1793]},{"mu":181,"s":[2249,2248,2250]}],"p":[{"t":1, "v":"212029"},{"t":4, "v":"00:21"},{"t":5, "v":"-4.62"},{"t":6, "v":"-10272"},{"t":7, "v":"0.094897"},{"t":8, "v":"0.343795"}]},{"d":12,"des":[{"mu":29,"s":[262,263,266,267,264,265,270,268,269]},{"mu":47,"s":[395,397,396]},{"mu":104,"s":[842,843,844,845]},{"mu":149,"s":[1883,1882,1887,1886,1885,1884]},{"mu":155,"s":[2003,2004,2010,2011,1991,1990,1989,1993,1992,1998,1997,1972,1973,1974,1975,1968,1969,1970,1971,1980,1981,1982,1983,1977,1978,1979,1957,1956,1959,1958,1953,1952,1955,1954,1965,1964,1967,1966,1961,1960,1963,1962,1942,1943,1940,1941,1938,1939,1936,1950,1951,1948,1949,1946,1947,1944,1945,1935,1934]}],"p":[{"t":1, "v":"215420"},{"t":4, "v":"00:23"},{"t":5, "v":"-3.10"},{"t":6, "v":"-6881"},{"t":7, "v":"0.042585"},{"t":8, "v":"0.323381"}]},{"d":13,"des":[{"mu":2,"s":[21,20,23,22,25,24,27,26]},{"mu":78,"s":[687,686,685,684,683,682,681,680,679,678,692,690,691,688,689]},{"mu":109,"s":[881,880,882,875,876,877,878,879]},{"mu":129,"s":[1703,1702,1707,1706,1705,1704]},{"mu":138,"s":[1790,1791,1792,1789]},{"mu":169,"s":[2112,2113,2114,2115,2111,2110,2109]},{"mu":173,"s":[2135,2134,2141,2140,2143,2142,2137,2136,2139,2138,2167,2166,2165,2164,2163,2162,2161,2160,2174,2173,2172,2171,2170,2169,2168,2150,2151,2148,2149,2146,2147,2144,2145,2158,2159,2156,2157,2154,2155,2152,2153]},{"mu":199,"s":[2404,2400,2401,2402,2403,2399,2398,2397,2396,2395,2394,2393]}],"p":[{"t":1, "v":"215907"},{"t":4, "v":"00:57"},{"t":5, "v":"-2.88"},{"t":6, "v":"-6394"},{"t":7, "v":"0.036770"},{"t":8, "v":"0.881801"}]},{"d":14,"des":[{"mu":58,"s":[504,502,503]},{"mu":65,"s":[535,541,540,543,542,537,536,539,538]},{"mu":88,"s":[766,767,764,765,768,769]},{"mu":101,"s":[831,830,834,832,833]},{"mu":110,"s":[883,885,884,887,886,889,888,891,890,893,892,895,894,896]},{"mu":112,"s":[920,921,918,919,916,917,914,915,912,913]},{"mu":178,"s":[2218,2217,2216,2211,2210,2209,2215,2214,2213,2212]},{"mu":187,"s":[2298,2296,2297,2295]},{"mu":194,"s":[2335,2334,2333,2336,2337,2338,2339,2340,2341,2342,2343,2344,2345,2346,2347,2348]},{"mu":197,"s":[2374,2375,2372,2373,2370,2371,2368,2369,2382,2383,2380,2381,2378,2379,2376,2377,2390,2389,2388,2387,2386,2385,2384,2363,2362,2365,2364,2367,2366]},{"mu":213,"s":[2526,2524,2525,2522,2523,2520,2521]}],"p":[{"t":1, "v":"223773"},{"t":4, "v":"01:02"},{"t":5, "v":"0.66"},{"t":6, "v":"1472"},{"t":7, "v":"0.001948"},{"t":8, "v":"0.580399"}]},{"d":15,"des":[{"mu":66,"s":[550,548,549,546,547,544,545]},{"mu":111,"s":[911,910,909,908,907,906,905,904,903,902,901,900,899,898,897]},{"mu":116,"s":[1625,1624,1610,1611,1612,1613,1614,1615,1617,1616,1619,1618,1621,1620,1623,1622]},{"mu":145,"s":[1870,1871,1868,1869]},{"mu":153,"s":[1913,1912,1915,1914,1917,1916,1919,1918,1907,1906,1909,1908,1911,1910,1927,1926,1925,1924,1923,1922,1921,1920,1928]},{"mu":205,"s":[2421,2420,2423,2422,2428,2425,2424,2427,2426]}],"p":[{"t":1, "v":"217386"},{"t":4, "v":"00:22"},{"t":5, "v":"-2.21"},{"t":6, "v":"-4915"},{"t":7, "v":"0.021727"},{"t":8, "v":"0.283190"}]},{"d":16,"des":[{"mu":120,"s":[1659,1658,1657,1656,1663,1662,1661,1660,1651,1655,1654,1653,1652,2659,2662,2660,2661,2641,1669,2640,1668,1671,2642,1670,2645,1665,2644,2647,1667,2646,1666,2633,2634,2635,2636,2637,2638,2639]},{"mu":141,"s":[1845,1844,1841,1840,1843,1842,1836,1837,1838,1839,1832,1833,1834,1835,1828,1829,1830,1831,1824,1825,1826,1827,1823,1822,1821,1820,1819,1818,1817,1816,1815,1814,1813,1812,1811,1810,1809,1808,1806,1807,1804,1805,1802,1803,1800,1801]}],"p":[{"t":1, "v":"236867"},{"t":4, "v":"00:02"},{"t":5, "v":"6.55"},{"t":6, "v":"14566"},{"t":7, "v":"0.190813"},{"t":8, "v":"0.424946"}]},{"d":17,"des":[{"mu":133,"s":[1763,1762,1761,1760,1767,1766,1765,1764,1771,1770,1769,1768,1773,1772,1726,1727,1724,1725,1722,1723,1720,1721,1729,1728,1731,1730,1733,1732,1735,1734,1737,1736,1739,1738,1741,1740,1743,1742,1744,1745,1746,1747,1748,1749,1750,1751,1752,1753,1754,1755,1756,1757,1758,1759]},{"mu":135,"s":[1775,1778,1779,1776,1777,1782,1783,1780,1781]},{"mu":144,"s":[1866,1867,1864,1865,1858,1859,1862,1863,1860,1861]},{"mu":180,"s":[2245,2244,2247,2246,2241,2240,2243,2242,2234,2235,2233,2238,2239,2236,2237]}],"p":[{"t":1, "v":"224805"},{"t":4, "v":"00:13"},{"t":5, "v":"1.13"},{"t":6, "v":"2504"},{"t":7, "v":"0.005638"},{"t":8, "v":"0.454358"}]},{"d":18,"des":[{"mu":10,"s":[100,101,98,99,96,97,85,84,87,86,81,80,83,82,93,92,95,94,89,88,91,90]},{"mu":13,"s":[112,110,111,108,109,107]},{"mu":36,"s":[305,304,294,295,296,297,298,299,300,301,302,303]},{"mu":37,"s":[307,306,309,308,311,310,313,312]},{"mu":62,"s":[518,519,520,521,522,523]},{"mu":121,"s":[1673,1672]},{"mu":125,"s":[1685,1686,1687,1688,1689,1690]},{"mu":130,"s":[1714,1712,1713,1711,1710,1709,1708]},{"mu":177,"s":[2201,2202,2203,2204,2205,2206,2207,2208]},{"mu":195,"s":[2353,2352,2355,2354,2357,2356,2359,2358,2349,2350,2351]},{"mu":214,"s":[2527,2532,2529,2528,2531,2530]},{"mu":217,"s":[2541,2540,2543,2542,2537,2539,2538,2548,2544,2545,2546,2547]}],"p":[{"t":1, "v":"232114"},{"t":4, "v":"00:58"},{"t":5, "v":"4.41"},{"t":6, "v":"9813"},{"t":7, "v":"0.086602"},{"t":8, "v":"0.681788"}]},{"d":19,"des":[{"mu":6,"s":[68,69,70,64,65,66,67]},{"mu":14,"s":[115,114,113]},{"mu":28,"s":[260,261]},{"mu":30,"s":[272,271]},{"mu":31,"s":[273]},{"mu":40,"s":[322,320,321,319]},{"mu":50,"s":[425,424,427,426,429,428,423]},{"mu":69,"s":[567,566,565,568]},{"mu":73,"s":[631,635,634,633,632,639,638,637,636]},{"mu":79,"s":[694,695,693]},{"mu":80,"s":[700,698,699,696,697]},{"mu":82,"s":[705,704]},{"mu":86,"s":[728,729,727]},{"mu":90,"s":[778,776,777]},{"mu":91,"s":[785,784,782,783,780,781,779]},{"mu":102,"s":[835,836,837]},{"mu":108,"s":[867,868,869,870,871,872,873,874]},{"mu":124,"s":[1684,1682,1683]},{"mu":161,"s":[2049,2050]},{"mu":166,"s":[2090,2091,2089,2094,2092,2093]},{"mu":183,"s":[2253,2255,2254,2260,2261,2256,2257,2258,2259]},{"mu":184,"s":[2264,2265,2266,2262,2263]},{"mu":192,"s":[2327,2326,2328]},{"mu":202,"s":[2412,2409,2410,2411]},{"mu":210,"s":[2501,2500,2499]},{"mu":215,"s":[2533,2534]},{"mu":216,"s":[2536,2535]}],"p":[{"t":1, "v":"214456"},{"t":4, "v":"00:57"},{"t":5, "v":"-3.53"},{"t":6, "v":"-7845"},{"t":7, "v":"0.055352"},{"t":8, "v":"0.647391"}]},{"d":20,"des":[{"mu":42,"s":[339,338,337,336,326,327,325,334,2549,335,332,333,330,331,328,329]},{"mu":115,"s":[952,953,954,948,949,951,946,947,1008,1009,1010,1011,1005,1004,1007,1006,978,979,976,977,980,975,974,1096,1092,1093,1094,1128,1032,1033,1027,1028,1029,1030,1031,1049,1051,1050,1053,1052,1055,1045,1044,1047,1046,1071,1069,1058,1059,1056,1057,1062,1060,1061,1070,950,1095,1048,1079]}],"p":[{"t":1, "v":"230645"},{"t":4, "v":"00:12"},{"t":5, "v":"3.75"},{"t":6, "v":"8344"},{"t":7, "v":"0.062614"},{"t":8, "v":"0.328860"}]},{"d":21,"des":[{"mu":115,"s":[1375,1374,1373,1372,1371,1358,1359,1356,1357,1355,1405,1404,1401,1400,1403,1402,1397,1396,1399,1398,1597,1596,1587,1384,1385,1386,1383,1411,1410,1409,1415,1414,1413,1412,1419,1418,1417,1416,1422,1421,1420,1601,1576,1574,1575,1572,1573,1586]}],"p":[{"t":1, "v":"231824"},{"t":4, "v":"00:00"},{"t":5, "v":"4.28"},{"t":6, "v":"9523"},{"t":7, "v":"0.081559"},{"t":8, "v":"0.265154"}]},{"d":22,"des":[{"mu":115,"s":[2612,2609,2621,2620,2619,2618,2617,2616,2581,2580,2582,2577,2576,2579,2578,2565,2566,2567,2572,2573,2574,2575,2568,2569,2570,2571,2658,2656,2657,2649,2648,2651,2650,2653,2652,2655,2654,1237,1238,1244,1245,1246,1243,1255,1254,1253,1249,1248,1260,1259,1258,1257,1256,1602,1606,1608,1609,1600,1603,1604,1605,1607,1599,1593,1592,1591,1590,1561,1563]}],"p":[{"t":1, "v":"227380"},{"t":4, "v":"00:00"},{"t":5, "v":"2.28"},{"t":6, "v":"5079"},{"t":7, "v":"0.023199"},{"t":8, "v":"0.384187"}]},{"d":23,"des":[{"mu":115,"s":[1354,1303,1302,1339,1338,1341,1340,1342,1318,1319,1494,1492,1493,1490,1491,1488,1489,1502,1503,1500,1501,1498,1499,1496,1497,1479,1487,1486,1485,1484,1482,1481,1480,1524,1525,1526,1527,1520,1521,1522,1523,1532,1533,1534,1528,1529,1530,1531,1509,1508,1511,1510,1507,1506,1517,1516,1519,1518,1513,1512,1515,1514,1456,1457,1458,1459,1460,1461,1462,1463,1464,1465,1466,1467,1468,1469,1470,1495,1483,1445,1444,1446,1448,1455,1582,1583,1580,1581,1578,1579,1577,1570,1571,1568,1569,1598,1595,1594,1589,1588,1585,1584,1548,1549,1550,1551,1544,1545,1546,1547,1540,1541,1542,1543,1537,1538,1539,1565,1564,1567,1566,1562,1557,1556,1553,1552,1555,1554]}],"p":[{"t":1, "v":"230116"},{"t":4, "v":"00:00"},{"t":5, "v":"3.52"},{"t":6, "v":"7815"},{"t":7, "v":"0.054926"},{"t":8, "v":"0.142251"}]},{"d":24,"des":[{"mu":115,"s":[2623,2622,2624,2625,2626,2627,2628,2629,2630,2631,2632,1054,1041,1043,1042,1066,1067,1064,1065,1068,1063,1075,1074,1073,1072,1078,1077,1076,1278,1279,1276,1277,1275,1370,1369,1368,1367,1366,1365,1364,1363,1362,1361,1360,1352,1353,1350,1351,1348,1349,1346,1347,1344,1345,1406,1393,1392,1395,1394,1388,1389,1390,1391,1387,1380,1381,1382,1376,1377,1378,1379,1307,1306,1305,1304,1311,1310,1309,1308,1299,1298,1297,1296,1301,1290,1291,1288,1289,1294,1295,1292,1293,1282,1283,1280,1281,1287,1337,1336,1343,1329,1328,1331,1330,1333,1332,1335,1334,1320,1321,1322,1323,1324,1325,1326,1327,1312,1313,1314,1315,1316,1317,1408]}],"p":[{"t":1, "v":"232381"},{"t":4, "v":"00:00"},{"t":5, "v":"4.53"},{"t":6, "v":"10080"},{"t":7, "v":"0.091379"},{"t":8, "v":"0.108607"}]},{"d":25,"des":[{"mu":115,"s":[2556,2557,2558,2559,2552,2553,2554,2555,2551,2615,2614,2613,2611,2610,2608,2598,2599,2596,2597,2594,2595,2592,2593,2606,2607,2604,2605,2602,2603,2600,2601,2583,2589,2588,2591,2590,2585,2584,2587,2586,2564,2560,2561,2562,2563,2643,1221,1220,1223,1222,1217,1216,1219,1218,1229,1228,1231,1230,1225,1224,1227,1226,1236,1239,1232,1233,1235,1240,1241,1242,1252,1251,1176,1177,1178,1179,1180,1181,1182,1183,1187,1186,1185,1184,1191,1190,1189,1188,1195,1194,1193,1192,1199,1198,1197,1196,1202,1203,1200,1201,1206,1207,1204,1205,1210,1211,1208,1209,1214,1215,1212,1213,1535,1536,1559,1558]}],"p":[{"t":1, "v":"229968"},{"t":4, "v":"00:00"},{"t":5, "v":"3.45"},{"t":6, "v":"7667"},{"t":7, "v":"0.052865"},{"t":8, "v":"0.094946"}]},{"d":26,"des":[{"mu":115,"s":[2663,956,957,958,959,955,944,945,941,940,943,942,937,936,939,938,933,935,934,1016,1017,1018,1019,1020,1021,1022,1023,1012,1013,1014,1015,1001,1000,1003,1002,993,992,995,994,997,996,999,998,986,987,984,985,990,991,988,989,982,983,981,971,970,969,968,973,972,963,962,961,960,967,966,965,964,1100,1101,1102,1103,1097,1098,1099,1088,1089,1090,1091,1117,1116,1119,1118,1113,1112,1115,1114,1109,1108,1111,1110,1105,1104,1107,1106,1134,1135,1132,1133,1130,1131,1129,1126,1127,1124,1125,1122,1123,1120,1121,1151,1150,1149,1148,1147,1146,1145,1144,1143,1142,1141,1140,1139,1138,1137,1136,1034,1035,1036,1037,1038,1039,1024,1025,1026,1040,1083,1082,1081,1080,1087,1086,1085,1084,1263,1262,1261,1270,1271,1268,1269,1266,1267,1264,1265,1274,1272,1273,1153,1152,1155,1154,1157,1156,1159,1158,1161,1160,1163,1162,1165,1164,1167,1166,1168,1169,1170,1171,1172,1173,1174,1175,1300,1286,1284,1285,1451,1437,1449,1450,1478,1477,1476,1475,1474,1473,1472,1505,1504,1426,1427,1424,1425,1430,1431,1428,1429,1434,1435,1432,1433,1438,1439,1436,1423,1471,1441,1440,1443,1442,1447,1453,1452,1454]}],"p":[{"t":1, "v":"230409"},{"t":4, "v":"00:00"},{"t":5, "v":"3.65"},{"t":6, "v":"8108"},{"t":7, "v":"0.059122"},{"t":8, "v":"0.133389"}]}],"calificaciones":[{"t":"1","a":"1.0","p":"1.554934","sp":"1.554934"},{"t":"2","a":"0.5","p":"11.107979","sp":"22.215957"}],"total":{"p":12.662913,"sp":23.770891},"sellos":[{"n":"escenario","v":"md5"},{"n":"calificacion","v":"md5"},{"n":"municipios","v":"md5"},{"n":"secciones","v":"md5"},{"n":"tiemposmunicipios","v":"md5"}],"version":"Versi�n 1.3a Rev 1"}