Sección, Distrito 
1,1
2,1
3,1
4,1
5,1
6,1
7,1
8,1
9,1
10,1
11,1
12,1
13,1
14,1
15,1
16,1
17,1
18,1
19,1
20,1
21,1
22,1
23,1
24,1
25,1
26,1
27,1
28,1
29,1
30,1
31,1
32,1
33,1
34,1
35,1
36,1
37,1
38,1
39,1
40,1
41,1
42,1
43,1
44,1
45,1
46,1
47,1
48,1
49,1
50,1
736,1
737,1
738,1
739,1
717,1
718,1
719,1
720,1
721,1
722,1
723,1
724,1
725,1
726,1
727,1
728,1
729,1
730,1
731,1
732,1
733,1
734,1
928,1
916,1
917,1
918,1
919,1
920,1
921,1
922,1
923,1
924,1
925,1
926,1
927,1
1178,1
1179,1
1180,1
1181,1
1182,1
1183,1
1184,1
1185,1
1186,1
1187,1
1188,1
1189,1
1190,1
1191,1
1192,1
1193,1
1194,1
1195,1
1196,1
1197,1
1198,1
1199,1
1200,1
1201,1
1202,1
1203,1
2032,1
2033,1
2026,1
2027,1
2028,1
2029,1
2030,1
2031,1
2059,1
2060,1
2061,1
2062,1
2063,1
2064,1
2065,1
2066,1
2067,1
2068,1
2069,1
2070,1
2071,1
2072,1
2073,1
2074,1
2075,1
2076,1
2077,1
2078,1
2079,1
2080,1
2081,1
2082,1
2083,1
2084,1
2085,1
2086,1
2087,1
2088,1
2089,1
2090,1
2091,1
2092,1
2093,1
2094,1
2095,1
2096,1
2097,1
2098,1
2099,1
2100,1
2101,1
2102,1
2103,1
2104,1
2105,1
2106,1
2107,1
2108,1
2816,1
2817,1
2818,1
2819,1
2820,1
2821,1
2822,1
2823,1
2824,1
2825,1
2826,1
2827,1
2828,1
2829,1
2830,1
2831,1
2832,1
2833,1
2834,1
2835,1
2836,1
2837,1
2838,1
2839,1
2840,1
2841,1
2842,1
2843,1
2844,1
2845,1
2846,1
2847,1
2848,1
2849,1
2850,1
2851,1
2852,1
2853,1
2854,1
2855,1
2856,1
2857,1
2858,1
2859,1
2860,1
2861,1
2862,1
2863,1
2864,1
2865,1
2866,1
2867,1
2868,1
2869,1
2870,1
2871,1
2872,1
2873,1
2874,1
2875,1
2876,1
2877,1
2878,1
2879,1
2880,1
2881,1
2882,1
2883,1
2884,1
2885,1
2886,1
2887,1
2888,1
2889,1
2890,1
128,2
129,2
130,2
131,2
132,2
133,2
134,2
135,2
136,2
137,2
138,2
139,2
140,2
51,2
52,2
53,2
54,2
55,2
56,2
57,2
58,2
59,2
60,2
61,2
62,2
63,2
64,2
65,2
66,2
67,2
68,2
69,2
70,2
71,2
72,2
73,2
74,2
75,2
76,2
77,2
78,2
79,2
80,2
81,2
82,2
83,2
84,2
85,2
86,2
87,2
88,2
89,2
90,2
91,2
92,2
93,2
94,2
95,2
96,2
97,2
98,2
99,2
100,2
101,2
102,2
103,2
104,2
105,2
106,2
107,2
108,2
109,2
110,2
111,2
112,2
113,2
114,2
115,2
116,2
117,2
118,2
119,2
120,2
121,2
122,2
123,2
124,2
125,2
126,2
127,2
256,2
257,2
258,2
259,2
260,2
261,2
262,2
263,2
264,2
265,2
266,2
267,2
268,2
269,2
270,2
271,2
272,2
273,2
274,2
275,2
276,2
277,2
278,2
279,2
280,2
281,2
282,2
283,2
284,2
285,2
286,2
287,2
244,2
245,2
246,2
247,2
248,2
249,2
250,2
251,2
252,2
253,2
254,2
255,2
320,2
321,2
322,2
323,2
324,2
325,2
326,2
327,2
328,2
329,2
330,2
288,2
289,2
290,2
291,2
292,2
293,2
294,2
295,2
296,2
297,2
298,2
299,2
300,2
301,2
302,2
303,2
304,2
305,2
306,2
307,2
308,2
309,2
310,2
311,2
312,2
313,2
314,2
315,2
316,2
317,2
318,2
319,2
652,2
653,2
654,2
655,2
656,2
657,2
658,2
659,2
660,2
661,2
1204,2
1205,2
1206,2
1207,2
1208,2
1209,2
1210,2
1211,2
1212,2
1213,2
1214,2
1215,2
1216,2
1217,2
1218,2
1219,2
1220,2
1221,2
1222,2
1223,2
1224,2
1225,2
1226,2
1227,2
1228,2
1229,2
1230,2
1231,2
1232,2
1233,2
1234,2
1235,2
1236,2
1237,2
1238,2
1239,2
1240,2
1241,2
1242,2
1243,2
1244,2
1245,2
1246,2
1247,2
1248,2
1249,2
1250,2
1251,2
1252,2
1254,2
1255,2
1256,2
1257,2
1258,2
1259,2
1260,2
2736,2
2737,2
2738,2
2739,2
2740,2
2741,2
2742,2
2743,2
2732,2
2733,2
2734,2
2735,2
2752,2
2753,2
2754,2
2755,2
2756,2
2757,2
2758,2
2759,2
2760,2
2761,2
2762,2
2763,2
2764,2
2765,2
2766,2
2767,2
2768,2
2769,2
2770,2
2771,2
2772,2
2773,2
2774,2
2775,2
2776,2
2777,2
2744,2
2745,2
2746,2
2747,2
2748,2
2749,2
2750,2
2751,2
141,3
142,3
143,3
144,3
145,3
146,3
147,3
148,3
149,3
150,3
151,3
152,3
153,3
154,3
155,3
156,3
157,3
158,3
159,3
160,3
161,3
162,3
163,3
164,3
165,3
166,3
167,3
168,3
169,3
170,3
171,3
172,3
173,3
174,3
175,3
176,3
177,3
178,3
179,3
180,3
181,3
182,3
183,3
184,3
185,3
186,3
187,3
188,3
189,3
190,3
191,3
192,3
193,3
194,3
195,3
196,3
197,3
198,3
199,3
200,3
201,3
202,3
203,3
204,3
205,3
206,3
207,3
208,3
209,3
210,3
211,3
212,3
213,3
214,3
215,3
216,3
217,3
218,3
219,3
220,3
221,3
222,3
223,3
224,3
225,3
226,3
227,3
228,3
229,3
230,3
231,3
232,3
233,3
234,3
235,3
236,3
237,3
238,3
239,3
240,3
241,3
242,3
243,3
494,3
495,3
497,3
498,3
499,3
500,3
501,3
502,3
503,3
504,3
506,3
507,3
508,3
509,3
510,3
511,3
512,3
513,3
514,3
515,3
516,3
517,3
518,3
519,3
520,3
521,3
522,3
523,3
524,3
525,3
496,3
505,3
640,3
641,3
642,3
643,3
644,3
645,3
646,3
647,3
648,3
649,3
650,3
651,3
609,3
610,3
611,3
612,3
613,3
614,3
615,3
616,3
617,3
618,3
619,3
620,3
621,3
622,3
623,3
624,3
625,3
626,3
627,3
628,3
629,3
630,3
631,3
632,3
633,3
634,3
635,3
636,3
637,3
638,3
639,3
2505,3
2506,3
2507,3
2508,3
2509,3
2510,3
2511,3
2512,3
2513,3
2514,3
2515,3
2516,3
2517,3
2518,3
2519,3
2520,3
2521,3
2522,3
2523,3
2524,3
2525,3
2526,3
2527,3
2528,3
2529,3
2530,3
2531,3
2532,3
2533,3
2534,3
2535,3
2536,3
2537,3
2538,3
2539,3
2540,3
2541,3
2542,3
331,4
332,4
333,4
334,4
335,4
740,4
741,4
742,4
743,4
744,4
745,4
746,4
747,4
748,4
749,4
750,4
751,4
768,4
769,4
770,4
771,4
772,4
773,4
774,4
775,4
776,4
777,4
778,4
779,4
780,4
781,4
782,4
783,4
784,4
785,4
786,4
787,4
788,4
789,4
790,4
791,4
792,4
793,4
794,4
795,4
796,4
797,4
798,4
799,4
800,4
801,4
802,4
803,4
804,4
805,4
806,4
807,4
808,4
809,4
810,4
811,4
812,4
813,4
814,4
815,4
816,4
817,4
818,4
819,4
820,4
821,4
822,4
752,4
753,4
754,4
755,4
756,4
757,4
758,4
759,4
760,4
761,4
762,4
763,4
764,4
765,4
766,4
767,4
2560,4
2561,4
2563,4
2564,4
2566,4
2568,4
2569,4
2570,4
2571,4
2572,4
2573,4
2574,4
2575,4
2576,4
2577,4
2578,4
2579,4
2580,4
2581,4
2582,4
2583,4
2584,4
2585,4
2586,4
2587,4
2588,4
2589,4
2590,4
2591,4
2592,4
2593,4
2594,4
2595,4
2596,4
2597,4
2598,4
2599,4
2600,4
2601,4
2602,4
2543,4
2544,4
2545,4
2546,4
2547,4
2548,4
2549,4
2550,4
2551,4
2552,4
2553,4
2554,4
2555,4
2556,4
2557,4
2558,4
2559,4
2603,4
2604,4
2605,4
2606,4
2607,4
2784,4
2785,4
2786,4
2787,4
2788,4
2789,4
2778,4
2779,4
2780,4
2781,4
2782,4
2783,4
2891,4
2892,4
2893,4
2894,4
2895,4
2896,4
2897,4
2898,4
2899,4
2900,4
2901,4
2902,4
2903,4
2904,4
2905,4
2944,4
2945,4
2946,4
2948,4
2934,4
2935,4
2936,4
2937,4
2938,4
2939,4
2940,4
2941,4
2942,4
2943,4
336,5
337,5
338,5
339,5
340,5
341,5
342,5
343,5
344,5
345,5
346,5
348,5
349,5
350,5
351,5
352,5
353,5
354,5
355,5
356,5
357,5
358,5
359,5
360,5
361,5
362,5
363,5
364,5
365,5
366,5
367,5
368,5
369,5
370,5
371,5
372,5
373,5
374,5
375,5
376,5
377,5
378,5
379,5
380,5
381,5
382,5
383,5
384,5
385,5
386,5
387,5
388,5
389,5
390,5
391,5
392,5
393,5
394,5
395,5
396,5
397,5
398,5
399,5
400,5
401,5
402,5
403,5
404,5
405,5
406,5
407,5
408,5
409,5
410,5
411,5
412,5
413,5
414,5
415,5
416,5
417,5
418,5
419,5
420,5
421,5
422,5
423,5
424,5
425,5
426,5
427,5
428,5
429,5
430,5
431,5
432,5
433,5
434,5
435,5
436,5
437,5
438,5
439,5
440,5
441,5
442,5
443,5
444,5
445,5
446,5
447,5
448,5
449,5
450,5
451,5
452,5
453,5
454,5
455,5
456,5
457,5
458,5
459,5
460,5
461,5
462,5
463,5
464,5
465,5
466,5
467,5
468,5
469,5
470,5
471,5
472,5
473,5
474,5
475,5
476,5
477,5
478,5
479,5
480,5
481,5
482,5
483,5
484,5
485,5
486,5
487,5
488,5
489,5
490,5
491,5
492,5
493,5
526,5
527,5
528,5
529,5
530,5
531,5
532,5
533,5
534,5
535,5
536,5
537,5
538,5
539,5
540,5
541,5
542,5
543,5
544,5
545,5
546,5
547,5
548,5
549,5
550,5
551,5
552,5
553,5
554,5
555,5
556,5
557,5
558,5
559,5
560,5
561,5
563,5
564,5
565,5
566,5
3102,5
3103,5
3104,5
3105,5
3106,5
3107,5
3108,5
3109,5
3110,5
3111,5
3112,5
3113,5
3114,5
3115,5
3116,5
3117,5
3118,5
3119,5
3120,5
576,6
577,6
578,6
579,6
580,6
581,6
582,6
583,6
584,6
585,6
586,6
587,6
588,6
589,6
590,6
591,6
592,6
593,6
594,6
595,6
596,6
597,6
598,6
599,6
600,6
601,6
602,6
603,6
604,6
605,6
606,6
607,6
608,6
567,6
568,6
569,6
570,6
571,6
572,6
573,6
574,6
575,6
1912,6
1913,6
1914,6
1915,6
1916,6
1917,6
1918,6
1919,6
1920,6
1921,6
1922,6
1923,6
1924,6
1925,6
1926,6
1927,6
1928,6
1929,6
1930,6
1931,6
1932,6
1933,6
1934,6
1935,6
1936,6
1937,6
1938,6
1939,6
1940,6
1941,6
1942,6
1943,6
1944,6
1945,6
1946,6
1947,6
1948,6
1949,6
1950,6
1951,6
1952,6
1953,6
1954,6
1955,6
1956,6
1957,6
1958,6
1959,6
1960,6
1961,6
1962,6
1963,6
1964,6
1965,6
1966,6
1967,6
1968,6
1969,6
1970,6
1971,6
1972,6
1973,6
1974,6
1975,6
1976,6
1977,6
1978,6
1979,6
1980,6
1981,6
1982,6
1983,6
1984,6
1985,6
1986,6
1987,6
1988,6
1989,6
1990,6
1991,6
1992,6
1993,6
1994,6
1995,6
1996,6
1997,6
1998,6
1999,6
2000,6
2001,6
2002,6
2003,6
2004,6
2005,6
2006,6
2007,6
2008,6
2009,6
2010,6
2011,6
2012,6
2013,6
2014,6
2015,6
2016,6
2017,6
2018,6
2019,6
2020,6
2021,6
2022,6
2023,6
2024,6
2025,6
2048,6
2049,6
2050,6
2051,6
2052,6
2053,6
2054,6
2055,6
2056,6
2057,6
2058,6
2034,6
2035,6
2036,6
2037,6
2038,6
2039,6
2040,6
2041,6
2042,6
2043,6
2044,6
2045,6
2046,6
2047,6
2446,6
2447,6
2448,6
2449,6
2450,6
2451,6
2452,6
2453,6
2454,6
2455,6
2456,6
2457,6
2458,6
2459,6
2460,6
2461,6
2462,6
2463,6
2464,6
2465,6
2466,6
2467,6
2468,6
2469,6
2470,6
2471,6
2472,6
2473,6
2474,6
2475,6
2476,6
2477,6
2478,6
2479,6
2480,6
2481,6
2482,6
2483,6
2484,6
2485,6
2486,6
2487,6
2488,6
2489,6
2490,6
2491,6
2492,6
2493,6
2494,6
2495,6
2496,6
2497,6
2498,6
2499,6
2500,6
2501,6
2502,6
2503,6
2504,6
662,7
663,7
664,7
665,7
666,7
667,7
668,7
669,7
670,7
671,7
672,7
673,7
674,7
675,7
676,7
677,7
678,7
679,7
680,7
681,7
682,7
683,7
684,7
685,7
686,7
687,7
688,7
689,7
690,7
691,7
692,7
693,7
694,7
695,7
696,7
697,7
698,7
699,7
700,7
701,7
702,7
703,7
704,7
705,7
706,7
707,7
708,7
709,7
710,7
711,7
712,7
713,7
714,7
715,7
716,7
1859,7
1860,7
1861,7
1862,7
1863,7
1864,7
1865,7
1866,7
1867,7
1868,7
1869,7
1870,7
1871,7
1872,7
1873,7
1874,7
1875,7
1876,7
1877,7
1878,7
1879,7
1880,7
1881,7
1882,7
1883,7
1884,7
1885,7
1886,7
1887,7
1888,7
1889,7
1890,7
1891,7
1892,7
1893,7
2304,7
2305,7
2306,7
2307,7
2308,7
2309,7
2310,7
2311,7
2312,7
2313,7
2314,7
2315,7
2316,7
2317,7
2318,7
2319,7
2320,7
2321,7
2322,7
2323,7
2324,7
2325,7
2326,7
2327,7
2328,7
2329,7
2330,7
2331,7
2332,7
2333,7
2334,7
2335,7
2336,7
2337,7
2338,7
2339,7
2340,7
2341,7
2342,7
2343,7
2344,7
2345,7
2346,7
2263,7
2264,7
2265,7
2266,7
2267,7
2268,7
2269,7
2270,7
2271,7
2272,7
2273,7
2274,7
2275,7
2276,7
2277,7
2278,7
2279,7
2280,7
2281,7
2282,7
2283,7
2284,7
2285,7
2286,7
2287,7
2288,7
2289,7
2290,7
2291,7
2292,7
2293,7
2294,7
2295,7
2296,7
2297,7
2298,7
2299,7
2300,7
2301,7
2302,7
2303,7
2644,7
2645,7
2646,7
2647,7
2648,7
2649,7
2650,7
2651,7
2652,7
2653,7
2790,7
2791,7
2792,7
2793,7
2794,7
2795,7
2796,7
2797,7
2798,7
2799,7
2800,7
2801,7
2802,7
2803,7
2804,7
2805,7
2806,7
2807,7
2808,7
2809,7
2810,7
2811,7
2812,7
2813,7
2814,7
2815,7
2949,7
2950,7
2951,7
2952,7
2953,7
2954,7
2955,7
2956,7
2957,7
2958,7
2959,7
2960,7
2961,7
2962,7
2963,7
2964,7
2965,7
2966,7
2967,7
2968,7
2969,7
2970,7
2971,7
2972,7
2973,7
2974,7
2975,7
2976,7
2977,7
2978,7
2979,7
2980,7
2981,7
2982,7
2983,7
2984,7
2985,7
2986,7
2987,7
2988,7
2989,7
2990,7
2991,7
2992,7
2993,7
2994,7
2995,7
2996,7
2997,7
2998,7
2999,7
3000,7
3001,7
3002,7
3003,7
3004,7
3005,7
896,8
897,8
898,8
899,8
900,8
901,8
902,8
903,8
904,8
905,8
906,8
907,8
908,8
909,8
910,8
911,8
912,8
913,8
914,8
915,8
823,8
824,8
825,8
826,8
827,8
828,8
829,8
830,8
831,8
832,8
833,8
834,8
835,8
836,8
837,8
838,8
839,8
840,8
841,8
842,8
843,8
844,8
845,8
846,8
847,8
848,8
849,8
850,8
851,8
852,8
853,8
854,8
855,8
856,8
857,8
858,8
859,8
860,8
861,8
862,8
863,8
864,8
865,8
866,8
867,8
868,8
869,8
870,8
871,8
872,8
873,8
874,8
875,8
876,8
877,8
878,8
879,8
880,8
881,8
882,8
883,8
884,8
885,8
886,8
887,8
888,8
889,8
890,8
891,8
892,8
893,8
894,8
895,8
1894,8
1895,8
1896,8
1897,8
1898,8
1899,8
1900,8
1901,8
1902,8
1903,8
1904,8
1905,8
1906,8
1907,8
1908,8
1909,8
1910,8
1911,8
2368,8
2369,8
2370,8
2371,8
2372,8
2373,8
2374,8
2347,8
2348,8
2349,8
2350,8
2351,8
2352,8
2353,8
2354,8
2355,8
2356,8
2357,8
2358,8
2359,8
2360,8
2361,8
2362,8
2363,8
2364,8
2365,8
2366,8
2367,8
2432,8
2433,8
2434,8
2435,8
2436,8
2437,8
2438,8
2439,8
2440,8
2441,8
2442,8
2443,8
2444,8
2445,8
2375,8
2376,8
2377,8
2378,8
2379,8
2380,8
2381,8
2382,8
2383,8
2384,8
2385,8
2386,8
2387,8
2388,8
2389,8
2390,8
2391,8
2392,8
2393,8
2394,8
2395,8
2396,8
2397,8
2398,8
2399,8
2400,8
2401,8
2402,8
2403,8
2404,8
2405,8
2406,8
2407,8
2408,8
2409,8
2410,8
2411,8
2412,8
2413,8
2414,8
2415,8
2416,8
2417,8
2418,8
2419,8
2420,8
2421,8
2422,8
2423,8
2424,8
2425,8
2426,8
2427,8
2428,8
2429,8
2430,8
2431,8
2109,9
2110,9
2111,9
2112,9
2113,9
2114,9
2115,9
2116,9
2117,9
2118,9
2119,9
2120,9
2121,9
2122,9
2123,9
2124,9
2125,9
2126,9
2127,9
2128,9
2129,9
2130,9
2131,9
2132,9
2133,9
2134,9
2135,9
2136,9
2137,9
2138,9
2139,9
2140,9
2141,9
2142,9
2143,9
2144,9
2145,9
2146,9
2147,9
2148,9
2149,9
2150,9
2151,9
2152,9
2153,9
2154,9
2155,9
2156,9
2157,9
2158,9
2159,9
2160,9
2161,9
2162,9
2163,9
2164,9
2165,9
2166,9
2167,9
2168,9
2169,9
2170,9
2171,9
2172,9
2173,9
2174,9
2175,9
2176,9
2177,9
2178,9
2179,9
2180,9
2181,9
2182,9
2183,9
2184,9
2185,9
2186,9
2187,9
2188,9
2189,9
2190,9
2191,9
2192,9
2193,9
2194,9
2195,9
2196,9
2197,9
2198,9
2199,9
2200,9
2201,9
2202,9
2203,9
2204,9
2205,9
2206,9
2207,9
2208,9
2209,9
2210,9
2211,9
2212,9
2213,9
2214,9
2215,9
2216,9
2217,9
2218,9
2219,9
2220,9
2221,9
2222,9
2223,9
2224,9
2225,9
2226,9
2227,9
2228,9
2229,9
2230,9
2231,9
2232,9
2233,9
2234,9
2235,9
2236,9
2237,9
2238,9
2239,9
2240,9
2241,9
2242,9
2243,9
2244,9
2245,9
2246,9
2247,9
2248,9
2249,9
2250,9
2251,9
2252,9
2253,9
2254,9
2255,9
2256,9
2257,9
2258,9
2259,9
2260,9
2261,9
2262,9
2624,9
2625,9
2626,9
2627,9
2628,9
2629,9
2630,9
2631,9
2632,9
2633,9
2634,9
2635,9
2636,9
2637,9
2638,9
2639,9
2640,9
2641,9
2642,9
2643,9
2608,9
2609,9
2610,9
2611,9
2612,9
2613,9
2614,9
2615,9
2616,9
2617,9
2618,9
2619,9
2620,9
2621,9
2622,9
2623,9
2906,9
2907,9
2908,9
2909,9
2910,9
2911,9
2912,9
2913,9
2914,9
2915,9
2916,9
2917,9
2918,9
2919,9
2920,9
2921,9
2922,9
2923,9
2924,9
2925,9
2926,9
2927,9
2928,9
2929,9
2930,9
2931,9
2932,9
2933,9
3121,10
3122,10
3123,10
3124,10
3125,10
3126,10
3127,10
3128,10
3129,10
3130,10
1534,10
1535,10
1536,10
1537,10
1552,10
1553,10
1554,10
1555,10
1556,10
1557,10
1558,10
1559,10
1560,10
1561,10
1562,10
1563,10
1564,10
1565,10
1566,10
1567,10
1568,10
1569,10
1570,10
1571,10
1572,10
1578,10
1579,10
1580,10
1581,10
1582,10
1583,10
1584,10
1585,10
1586,10
1587,10
1588,10
1589,10
1590,10
1591,10
1592,10
1593,10
1594,10
1595,10
1596,10
1597,10
1598,10
1599,10
1600,10
1601,10
1602,10
1603,10
1604,10
1605,10
1606,10
1607,10
1608,10
1609,10
1610,10
1611,10
1612,10
1613,10
1614,10
1615,10
1616,10
1617,10
1618,10
1619,10
1620,10
1621,10
1622,10
1623,10
1624,10
1625,10
1626,10
1628,10
1629,10
1630,10
1631,10
1633,10
1634,10
1635,10
1636,10
1637,10
1638,10
1639,10
1641,10
1642,10
1643,10
1644,10
1645,10
1646,10
1647,10
1649,10
1650,10
1651,10
1652,10
1653,10
1655,10
1656,10
1657,10
1658,10
1659,10
1662,10
1663,10
1664,10
1665,10
1668,10
1669,10
1672,10
1673,10
1666,10
1667,10
1670,10
1671,10
1261,11
1262,11
1263,11
1264,11
1265,11
1266,11
1267,11
1268,11
1269,11
1270,11
1271,11
1272,11
1273,11
1274,11
1275,11
1276,11
1277,11
1278,11
1279,11
1280,11
1281,11
1282,11
1283,11
1284,11
1285,11
1286,11
1287,11
1288,11
1289,11
1290,11
1291,11
1292,11
1293,11
1294,11
1295,11
1296,11
1299,11
1300,11
1301,11
1302,11
1303,11
1304,11
1305,11
1306,11
1307,11
1310,11
1311,11
1312,11
1313,11
1314,11
1315,11
1316,11
1317,11
1318,11
1319,11
1320,11
1321,11
1324,11
1325,11
1326,11
1327,11
1328,11
1329,11
1330,11
1331,11
1332,11
1337,11
1338,11
1339,11
1340,11
1341,11
1342,11
1351,11
1352,11
1353,11
1354,11
1355,11
1356,11
1357,11
1358,11
1359,11
1360,11
1361,11
1371,11
1372,11
1373,11
1374,11
1375,11
1376,11
1377,11
1378,11
1379,11
1470,11
1471,11
1472,11
1473,11
1477,11
1478,11
1479,11
1480,11
1481,11
1674,11
1675,11
1676,11
1677,11
1678,11
1679,11
1680,11
1681,11
1682,11
1683,11
1684,11
1685,11
1686,11
1687,11
1688,11
1689,11
1690,11
1691,11
1692,11
1693,11
1694,11
1695,11
1696,11
1697,11
1698,11
1699,11
1700,11
1701,11
1702,11
1703,11
1704,11
1705,11
1706,11
1707,11
1708,11
1709,11
1710,11
1711,11
1712,11
1713,11
1714,11
1715,11
1716,11
1717,11
1718,11
1719,11
1720,11
1727,11
1730,11
1743,11
3006,12
3007,12
3008,12
3009,12
3010,12
3011,12
3012,12
3013,12
3014,12
3015,12
3016,12
3017,12
3018,12
3019,12
3020,12
3021,12
3022,12
3023,12
3024,12
3025,12
3026,12
3027,12
3028,12
3029,12
3030,12
1399,12
1400,12
1401,12
1423,12
1424,12
1425,12
1426,12
1458,12
1459,12
1463,12
1464,12
1465,12
1466,12
1467,12
1468,12
1469,12
1483,12
1484,12
1490,12
1491,12
1492,12
1493,12
1494,12
1501,12
1502,12
1507,12
1511,12
1522,12
1542,12
1543,12
1544,12
1545,12
1546,12
1547,12
1548,12
1549,12
1550,12
1551,12
1573,12
1574,12
1575,12
1576,12
1577,12
1627,12
1640,12
1648,12
1721,12
1722,12
1723,12
1724,12
1725,12
1726,12
1728,12
1729,12
1731,12
1732,12
1733,12
1734,12
1735,12
1736,12
1737,12
1738,12
1739,12
1740,12
1741,12
1742,12
1744,12
1745,12
1746,12
1747,12
1748,12
1749,12
1750,12
1751,12
1752,12
1753,12
1754,12
1755,12
1756,12
1757,12
1758,12
1759,12
1760,12
1761,12
1762,12
1763,12
1764,12
1765,12
1766,12
1767,12
1768,12
1769,12
1770,12
1771,12
1772,12
1773,12
1774,12
1775,12
1776,12
1777,12
1778,12
1779,12
1780,12
1781,12
1782,12
1783,12
1784,12
1785,12
1786,12
1787,12
1788,12
1789,12
1790,12
1791,12
1792,12
1793,12
1794,12
1795,12
1796,12
1797,12
1798,12
1799,12
1800,12
1801,12
1802,12
1803,12
1804,12
1805,12
1806,12
1807,12
1808,12
1809,12
1810,12
1811,12
1812,12
1813,12
1814,12
1815,12
1816,12
1817,12
1818,12
1819,12
1820,12
1821,12
1823,12
1824,12
1825,12
1826,12
1827,12
1828,12
1829,12
1830,12
1831,12
1832,12
1833,12
1834,12
1835,12
1836,12
1837,12
1838,12
1839,12
1840,12
1841,12
1842,12
1843,12
1844,12
1845,12
1846,12
1847,12
1848,12
1849,12
1850,12
1851,12
1852,12
1853,12
1854,12
1855,12
1856,12
1857,12
1858,12
3031,13
3032,13
3033,13
3034,13
3035,13
3036,13
3037,13
3038,13
3039,13
3040,13
3041,13
3042,13
3043,13
3044,13
3045,13
3046,13
3047,13
3048,13
3049,13
3050,13
3051,13
3052,13
3053,13
3054,13
3055,13
3056,13
3057,13
3058,13
3059,13
3060,13
3061,13
3062,13
3063,13
3064,13
3065,13
3066,13
3067,13
3068,13
3069,13
3070,13
3071,13
3072,13
3073,13
3074,13
3075,13
3076,13
3077,13
3078,13
3079,13
3080,13
3081,13
3082,13
3083,13
3084,13
3085,13
3086,13
3087,13
3088,13
3089,13
3090,13
3091,13
3092,13
3093,13
3094,13
3095,13
3096,13
3097,13
3098,13
3099,13
3100,13
3101,13
3131,13
3132,13
3133,13
3134,13
3135,13
3136,13
3137,13
3138,13
3139,13
3140,13
3141,13
3142,13
3143,13
3144,13
3145,13
3146,13
3147,13
3148,13
3149,13
3150,13
3151,13
3152,13
3153,13
3154,13
1297,13
1298,13
1308,13
1309,13
1322,13
1323,13
1333,13
1334,13
1335,13
1336,13
1343,13
1344,13
1345,13
1346,13
1347,13
1348,13
1349,13
1350,13
1362,13
1363,13
1364,13
1365,13
1366,13
1367,13
1368,13
1369,13
1370,13
1380,13
1381,13
1382,13
1383,13
1384,13
1385,13
1386,13
1387,13
1388,13
1389,13
1390,13
1391,13
1393,13
1394,13
1395,13
1396,13
1397,13
1398,13
1402,13
1403,13
1404,13
1405,13
1406,13
1407,13
1408,13
1409,13
1410,13
1411,13
1412,13
1413,13
1414,13
1415,13
1416,13
1417,13
1418,13
1419,13
1420,13
1421,13
1422,13
1427,13
1428,13
1429,13
1430,13
1431,13
1432,13
1433,13
1434,13
1435,13
1436,13
1437,13
1438,13
1439,13
1440,13
1441,13
1442,13
1443,13
1444,13
1445,13
1446,13
1447,13
1448,13
1449,13
1450,13
1451,13
1452,13
1453,13
1454,13
1455,13
1456,13
1457,13
1460,13
1461,13
1462,13
1474,13
1475,13
1476,13
1482,13
1485,13
1486,13
1487,13
1488,13
1489,13
1495,13
1497,13
1498,13
1499,13
1503,13
1504,13
1505,13
1506,13
1508,13
1509,13
1510,13
1512,13
1513,13
1514,13
1515,13
1516,13
1517,13
1518,13
1519,13
1520,13
1521,13
1523,13
1524,13
1525,13
1526,13
1527,13
1528,13
1529,13
1530,13
1531,13
1532,13
1533,13
1538,13
1539,13
1540,13
1541,13
1654,13
1660,13
1661,13
947,14
948,14
949,14
950,14
952,14
953,14
954,14
955,14
956,14
957,14
958,14
959,14
960,14
961,14
962,14
963,14
968,14
970,14
971,14
972,14
973,14
974,14
975,14
976,14
977,14
978,14
981,14
982,14
983,14
984,14
985,14
986,14
987,14
988,14
989,14
990,14
991,14
992,14
993,14
994,14
995,14
996,14
997,14
998,14
999,14
1000,14
1001,14
1002,14
1003,14
1004,14
1005,14
1006,14
1007,14
1008,14
1009,14
1010,14
1011,14
1012,14
1013,14
1014,14
1015,14
1016,14
1017,14
1018,14
1019,14
1020,14
1021,14
1022,14
1023,14
1024,14
1025,14
1026,14
1027,14
1028,14
1029,14
1030,14
1031,14
1032,14
1033,14
1034,14
1035,14
1036,14
1037,14
1038,14
1039,14
1040,14
1041,14
1042,14
1043,14
1044,14
1045,14
1046,14
1047,14
1048,14
1049,14
1050,14
1051,14
1052,14
1053,14
1054,14
1055,14
1056,14
1057,14
1058,14
1059,14
1060,14
1061,14
1062,14
1063,14
1064,14
1065,14
1066,14
1067,14
1068,14
1069,14
1070,14
1071,14
1072,14
1073,14
1074,14
1075,14
1076,14
1077,14
1079,14
1080,14
1081,14
1082,14
1083,14
1084,14
1085,14
1086,14
1087,14
1088,14
1089,14
1090,14
1091,14
1092,14
1093,14
1094,14
1095,14
1096,14
1097,14
1098,14
1099,14
1100,14
1101,14
1102,14
1103,14
1104,14
1105,14
1106,14
1107,14
1108,14
1109,14
1110,14
1111,14
1112,14
1113,14
1156,14
1157,14
1158,14
1159,14
1161,14
1162,14
1163,14
1164,14
1165,14
1166,14
1167,14
1168,14
1169,14
1170,14
1171,14
1172,14
1173,14
1174,14
1175,14
1176,14
1177,14
1155,14
1078,14
929,15
930,15
931,15
932,15
933,15
934,15
935,15
936,15
937,15
938,15
939,15
940,15
941,15
942,15
943,15
944,15
945,15
946,15
951,15
964,15
965,15
966,15
967,15
969,15
979,15
980,15
1114,15
1115,15
1116,15
1117,15
1118,15
1119,15
1120,15
1121,15
1122,15
1123,15
1124,15
1125,15
1126,15
1128,15
1129,15
1131,15
1132,15
1133,15
1134,15
1135,15
1136,15
1137,15
1138,15
1139,15
1140,15
1141,15
1142,15
1143,15
1144,15
1145,15
1146,15
1147,15
1148,15
1149,15
1150,15
1151,15
1152,15
1153,15
1154,15
1160,15
1127,15
1130,15
2688,15
2689,15
2690,15
2691,15
2692,15
2693,15
2694,15
2695,15
2696,15
2697,15
2698,15
2699,15
2700,15
2701,15
2702,15
2703,15
2704,15
2705,15
2706,15
2707,15
2708,15
2709,15
2710,15
2711,15
2712,15
2713,15
2714,15
2715,15
2716,15
2717,15
2718,15
2719,15
2720,15
2721,15
2722,15
2723,15
2724,15
2725,15
2726,15
2727,15
2728,15
2729,15
2730,15
2731,15
2654,15
2655,15
2656,15
2657,15
2658,15
2659,15
2660,15
2661,15
2662,15
2663,15
2664,15
2665,15
2666,15
2667,15
2668,15
2669,15
2670,15
2671,15
2672,15
2673,15
2674,15
2675,15
2676,15
2677,15
2678,15
2679,15
2680,15
2681,15
2682,15
2683,15
2684,15
2685,15
2686,15
2687,15
