{"entidad":17,"partes":[{"id":0,"nombre":"TEMIXCO","tipologia":6,"primerdistrito":0,"distritos":2,"municipios":[{"id":1,"fraccion":0},{"id":17,"fraccion":1},{"id":21,"fraccion":0},{"id":24,"fraccion":0},{"id":25,"fraccion":0},{"id":12,"fraccion":0},{"id":14,"fraccion":0},{"id":31,"fraccion":0}]},{"id":1,"nombre":"AXOCHIAPAN","tipologia":6,"primerdistrito":2,"distritos":1,"municipios":[{"id":3,"fraccion":0},{"id":19,"fraccion":0},{"id":4,"fraccion":0},{"id":10,"fraccion":0},{"id":13,"fraccion":0}]},{"id":2,"nombre":"COATLAN DEL RIO","tipologia":6,"primerdistrito":3,"distritos":1,"municipios":[{"id":18,"fraccion":0},{"id":5,"fraccion":0},{"id":901,"fraccion":0},{"id":15,"fraccion":0}]},{"id":3,"nombre":"TETELA DEL VOLCAN","tipologia":6,"primerdistrito":4,"distritos":2,"municipios":[{"id":16,"fraccion":0},{"id":32,"fraccion":0},{"id":33,"fraccion":0},{"id":6,"fraccion":1},{"id":22,"fraccion":0},{"id":30,"fraccion":0}]},{"id":4,"nombre":"TEPOZTLAN","tipologia":6,"primerdistrito":6,"distritos":5,"municipios":[{"id":2,"fraccion":1},{"id":20,"fraccion":1},{"id":7,"fraccion":1},{"id":23,"fraccion":1},{"id":9,"fraccion":1},{"id":26,"fraccion":1},{"id":11,"fraccion":1},{"id":27,"fraccion":1},{"id":29,"fraccion":1}]},{"id":5,"nombre":"EMILIANO ZAPATA","tipologia":6,"primerdistrito":11,"distritos":1,"municipios":[{"id":8,"fraccion":0},{"id":28,"fraccion":0}]}],"cumulos":[{"id":0,"tipo":0,"secciones":[357,358]},{"id":1,"tipo":2,"secciones":[32,33,34,35,36,37,38,39,40,41,42,43,24,25,26,27,28,29,30,31]},{"id":2,"tipo":2,"secciones":[96,86,87,88,89,90,91,92,93,94,95]},{"id":3,"tipo":2,"secciones":[391,392,393,394,395,396,397,398,399,400,401,402,403,404,405,406,407,408,409,410,411]},{"id":4,"tipo":2,"secciones":[548,549,550,551,552,553,554]},{"id":5,"tipo":2,"secciones":[576,577,578,569,570,571,572,573,574,575]},{"id":6,"tipo":2,"secciones":[640,641,642,643,644,645,646,647,648,649,650,651,652,653,611,613,614,615,616,617,618,619,620,621,622,623,624,625,626,627,628,629,630,631,632,633,634,635,636,637,638,639]},{"id":7,"tipo":2,"secciones":[654,655,656,657,658,659,660,661,662,663,664,665,666,667,668,669]},{"id":8,"tipo":3,"secciones":[768,769,770,771,772,773,774,775,12,13,14,15,16,17,18,19,20,21,22,23,412,413,670,414,671,415,672,416,673,417,674,418,675,419,676,420,677,421,678,422,679,680,681,682,683,684,685,686,687,688,703,704,705,706,760,761,762,763,764,765,766,767]},{"id":9,"tipo":2,"secciones":[695,696,697,698,699,700,701,702]},{"id":10,"tipo":2,"secciones":[734,735,736,737,738,739,740,741,742,743,744,745,746,747,748,749,750,751,752,753,754,755,756,757,758,759]},{"id":11,"tipo":2,"secciones":[776,777,778,779,780,781,782,783,784,785,786,787,788,789,790,791,792,793,794,795,796,797,798]},{"id":12,"tipo":2,"secciones":[864,865,866,867,868,850,851,852,853,854,855,856,857,858,859,860,861,862,863]},{"id":13,"tipo":2,"secciones":[869,870,871,872,873,874,875,876,877,878,879,880,881,882,883,884,885,886,887,888,889,890,891,892,893,894]},{"id":14,"tipo":2,"secciones":[896,897,898,899,900,895]},{"id":15,"tipo":2,"secciones":[901,902,903,904,905,906]},{"id":16,"tipo":2,"secciones":[387,388]},{"id":17,"tipo":3,"secciones":[104,105]},{"id":18,"tipo":2,"secciones":[555,556,557,558,559,560,561,562,563,564,565,566,567,568]},{"id":19,"tipo":2,"secciones":[689,690,691,692,693,694]},{"id":20,"tipo":2,"secciones":[544,545,546,547,537,538,539,540,541,542,543]},{"id":21,"tipo":2,"secciones":[423,424,425,426,427,428,429,430]},{"id":22,"tipo":2,"secciones":[1,2,3,4,5,6,7,8,9,10,11]},{"id":23,"tipo":2,"secciones":[707,708,709,710,711,712,713,714,715,716,717,718,719,720,721,722,723,724,725,726,727,728,729,730,731,732,733]},{"id":24,"tipo":2,"secciones":[64,65,66,67,68,69,70,71,72,73,74,75,76,77,78,79,80,81,82,83,84,85,44,45,46,47,48,49,50,51,52,53,54,55,56,57,58,59,60,61,62,63]},{"id":25,"tipo":3,"secciones":[160,161,135,136,176,177,149,150,151,152,153,185,154,186,187,155,156,126,159]},{"id":26,"tipo":3,"secciones":[465,487,476]},{"id":27,"tipo":3,"secciones":[442,444]},{"id":28,"tipo":3,"secciones":[446,447]},{"id":29,"tipo":3,"secciones":[451,452]},{"id":30,"tipo":3,"secciones":[528,529,530,531,532,533,534,535,536,527]},{"id":31,"tipo":2,"secciones":[512,513,514,515,516,517,518,519,520,521,522,523,524,525,526,501,502,503,504,505,506,507,508,509,510,511]}],"separados":[],"distritos":[{"d":1,"des":[{"mu":1,"s":0},{"mu":12,"s":0},{"mu":14,"s":0},{"mu":17,"s":[579,580,581,582,583,584,585,586,587,588,589,590,591,592,593,601,602,603,604,605,606,607,608,609,610]},{"mu":21,"s":0}],"p":[{"t":1, "v":"127837"},{"t":4, "v":"0"},{"t":5, "v":"-13.68"},{"t":6, "v":"-20265"},{"t":7, "v":"0.832143"},{"t":8, "v":"0.342286"}],"process": {"partes": 1,"municipios": {"enteros": [{ "id": 1,"name": "AMACUZAC","indigena": 0},{ "id": 12,"name": "JOJUTLA","indigena": 0},{ "id": 14,"name": "MAZATEPEC","indigena": 0},{ "id": 21,"name": "TETECALA","indigena": 0}],"fracciones": [{ "id": 17,"name": "PUENTE DE IXTLA","indigena": 0}]},"indigenas": {"poblacion": "127837","pindigenas": "4308","porcentaje": "3.371506","porcentaje_round": "3.37","indigena": 0}}},{"d":2,"des":[{"mu":17,"s":[594,595,596,597,598,599,600]},{"mu":24,"s":0},{"mu":25,"s":0},{"mu":31,"s":0}],"p":[{"t":1, "v":"138355"},{"t":4, "v":"0"},{"t":5, "v":"-6.58"},{"t":6, "v":"-9747"},{"t":7, "v":"0.192512"},{"t":8, "v":"0.629009"}],"process": {"partes": 1,"municipios": {"enteros": [{ "id": 24,"name": "TLALTIZAPAN DE ZAPATA","indigena": 0},{ "id": 25,"name": "TLAQUILTENANGO","indigena": 0},{ "id": 31,"name": "ZACATEPEC","indigena": 0}],"fracciones": [{ "id": 17,"name": "PUENTE DE IXTLA","indigena": 0}]},"indigenas": {"poblacion": "138355","pindigenas": "3621","porcentaje": "2.618566","porcentaje_round": "2.61","indigena": 0}}},{"d":3,"des":[{"mu":3,"s":0},{"mu":4,"s":0},{"mu":10,"s":0},{"mu":13,"s":0},{"mu":19,"s":0}],"p":[{"t":1, "v":"167892"},{"t":4, "v":"0"},{"t":5, "v":"13.36"},{"t":6, "v":"19790"},{"t":7, "v":"0.793551"},{"t":8, "v":"0.397836"}],"process": {"partes": 1,"municipios": {"enteros": [{ "id": 3,"name": "AXOCHIAPAN","indigena": 0},{ "id": 4,"name": "AYALA","indigena": 0},{ "id": 10,"name": "JANTETELCO","indigena": 0},{ "id": 13,"name": "JONACATEPEC","indigena": 0},{ "id": 19,"name": "TEPALCINGO","indigena": 0}],"fracciones": []},"indigenas": {"poblacion": "167892","pindigenas": "6973","porcentaje": "4.155550","porcentaje_round": "4.15","indigena": 0}}},{"d":4,"des":[{"mu":5,"s":0},{"mu":15,"s":0},{"mu":18,"s":0},{"mu":901,"s":0}],"p":[{"t":1, "v":"149397"},{"t":4, "v":"0"},{"t":5, "v":"0.87"},{"t":6, "v":"1295"},{"t":7, "v":"0.003397"},{"t":8, "v":"0.422440"}],"process": {"partes": 1,"municipios": {"enteros": [{ "id": 5,"name": "COATLAN DEL RIO","indigena": 0},{ "id": 15,"name": "MIACATLAN","indigena": 0},{ "id": 18,"name": "TEMIXCO","indigena": 0},{ "id": 901,"name": "CUERNAVACA SUR","indigena": 0}],"fracciones": []},"indigenas": {"poblacion": "149397","pindigenas": "5868","porcentaje": "3.930500","porcentaje_round": "3.93","indigena": 0}}},{"d":5,"des":[{"mu":6,"s":[97,98,99,100,101,102,103,106,107,118,125,181,104,105]},{"mu":16,"s":0},{"mu":22,"s":0},{"mu":30,"s":0},{"mu":32,"s":0},{"mu":33,"s":0}],"p":[{"t":1, "v":"141339"},{"t":4, "v":"0"},{"t":5, "v":"-4.57"},{"t":6, "v":"-6763"},{"t":7, "v":"0.092684"},{"t":8, "v":"0.338837"}],"process": {"partes": 1,"municipios": {"enteros": [{ "id": 16,"name": "OCUITUCO","indigena": 0},{ "id": 22,"name": "TETELA DEL VOLCAN","indigena": 0},{ "id": 30,"name": "YECAPIXTLA","indigena": 0},{ "id": 32,"name": "ZACUALPAN DE AMILPAS","indigena": 0},{ "id": 33,"name": "TEMOAC","indigena": 0}],"fracciones": [{ "id": 6,"name": "CUAUTLA","indigena": 0}]},"indigenas": {"poblacion": "141339","pindigenas": "10179","porcentaje": "7.203941","porcentaje_round": "7.20","indigena": 0}}},{"d":6,"des":[{"mu":6,"s":[108,109,110,111,112,113,114,115,116,117,119,120,121,122,123,124,127,128,129,130,131,132,133,134,137,138,139,140,141,142,143,144,145,146,147,148,157,158,162,163,164,165,166,167,168,169,170,171,172,173,174,175,178,179,180,182,183,184,160,161,135,136,176,177,149,150,151,152,153,185,154,186,187,155,156,126,159]}],"p":[{"t":1, "v":"140681"},{"t":4, "v":"0"},{"t":5, "v":"-5.01"},{"t":6, "v":"-7421"},{"t":7, "v":"0.111596"},{"t":8, "v":"0.341644"}],"process": {"partes": 1,"municipios": {"enteros": [],"fracciones": [{ "id": 6,"name": "CUAUTLA","indigena": 0}]},"indigenas": {"poblacion": "140681","pindigenas": "10137","porcentaje": "7.210000","porcentaje_round": "7.21","indigena": 0}}},{"d":7,"des":[{"mu":2,"s":0},{"mu":9,"s":0},{"mu":20,"s":0},{"mu":23,"s":0},{"mu":26,"s":0},{"mu":27,"s":0},{"mu":29,"s":[800,801,802,807,828,829,830,831,832,833,834,835,836,837,838,839,840,841,842,843,844,845,846,847]}],"p":[{"t":1, "v":"155563"},{"t":4, "v":"0"},{"t":5, "v":"5.04"},{"t":6, "v":"7461"},{"t":7, "v":"0.112787"},{"t":8, "v":"0.203778"}],"process": {"partes": 1,"municipios": {"enteros": [{ "id": 2,"name": "ATLATLAHUCAN","indigena": 0},{ "id": 9,"name": "HUITZILAC","indigena": 0},{ "id": 20,"name": "TEPOZTLAN","indigena": 0},{ "id": 23,"name": "TLALNEPANTLA","indigena": 0},{ "id": 26,"name": "TLAYACAPAN","indigena": 0},{ "id": 27,"name": "TOTOLAPAN","indigena": 0}],"fracciones": [{ "id": 29,"name": "YAUTEPEC","indigena": 0}]},"indigenas": {"poblacion": "155563","pindigenas": "10540","porcentaje": "6.778442","porcentaje_round": "6.77","indigena": 0}}},{"d":8,"des":[{"mu":7,"s":[188,189,190,191,192,193,194,195,196,197,198,199,200,201,202,203,204,205,206,211,212,213,214,215,216,217,218,219,220,221,222,223,224,225,226,227,228,229,230,231,232,233,234,235,236,237,238,245,246,247,248,249,250,251,252,253,254,255,262,263,264,265,266,267,268,269,270,278,279,280,281,289,290,291,292,293,390]}],"p":[{"t":1, "v":"153481"},{"t":4, "v":"0"},{"t":5, "v":"3.63"},{"t":6, "v":"5379"},{"t":7, "v":"0.058621"},{"t":8, "v":"0.033429"}],"process": {"partes": 1,"municipios": {"enteros": [],"fracciones": [{ "id": 7,"name": "CUERNAVACA NORTE","indigena": 0}]},"indigenas": {"poblacion": "153481","pindigenas": "3758","porcentaje": "2.450000","porcentaje_round": "2.45","indigena": 0}}},{"d":9,"des":[{"mu":7,"s":[256,257,258,259,260,261,282,283,284,285,286,287,288,305,306,307,308,309,310,332,333,334,335,336,337,338,339,340,341,342,359,360]},{"mu":11,"s":[431,432,433,434,435,436,437,438,439,440,441,443,445,448,449,450,459,460,461,462,463,466,467,468,469,470,471,472,473,474,475,477,478,479,480,481,442,444,446,447,451,452]}],"p":[{"t":1, "v":"156454"},{"t":4, "v":"0"},{"t":5, "v":"5.64"},{"t":6, "v":"8352"},{"t":7, "v":"0.141335"},{"t":8, "v":"0.161759"}],"process": {"partes": 1,"municipios": {"enteros": [],"fracciones": [{ "id": 7,"name": "CUERNAVACA NORTE","indigena": 0},{ "id": 11,"name": "JIUTEPEC","indigena": 0}]},"indigenas": {"poblacion": "156454","pindigenas": "3612","porcentaje": "2.310007","porcentaje_round": "2.31","indigena": 0}}},{"d":10,"des":[{"mu":7,"s":[207,208,209,210,239,240,241,242,243,244,271,272,273,274,275,276,277,294,295,296,297,298,299,300,301,302,303,304,311,312,313,314,315,316,317,318,319,320,321,322,323,324,325,326,327,328,329,330,331,343,344,345,346,347,348,349,350,351,352,353,354,355,356,361,362,363,364,365,366,367,368,369,370,371,372,373,374,375,376,377,378,379,380,381,382,383,384,385,386,389,612,357,358,907]}],"p":[{"t":1, "v":"152400"},{"t":4, "v":"0"},{"t":5, "v":"2.90"},{"t":6, "v":"4298"},{"t":7, "v":"0.037426"},{"t":8, "v":"0.230492"}],"process": {"partes": 1,"municipios": {"enteros": [],"fracciones": [{ "id": 7,"name": "CUERNAVACA NORTE","indigena": 0}]},"indigenas": {"poblacion": "152400","pindigenas": "3733","porcentaje": "2.450000","porcentaje_round": "2.45","indigena": 0}}},{"d":11,"des":[{"mu":11,"s":[453,454,455,456,457,458,464,482,483,484,485,486,488,489,490,491,492,493,494,495,496,497,498,499,500,465,487,476]},{"mu":29,"s":[799,803,804,805,806,808,809,810,811,812,813,814,815,816,817,818,819,820,821,822,823,824,825,826,827,848,849]}],"p":[{"t":1, "v":"153874"},{"t":4, "v":"0"},{"t":5, "v":"3.90"},{"t":6, "v":"5772"},{"t":7, "v":"0.067501"},{"t":8, "v":"0.213073"}],"process": {"partes": 1,"municipios": {"enteros": [],"fracciones": [{ "id": 11,"name": "JIUTEPEC","indigena": 0},{ "id": 29,"name": "YAUTEPEC","indigena": 0}]},"indigenas": {"poblacion": "153874","pindigenas": "3840","porcentaje": "2.497072","porcentaje_round": "2.49","indigena": 0}}},{"d":12,"des":[{"mu":8,"s":0},{"mu":28,"s":0}],"p":[{"t":1, "v":"139954"},{"t":4, "v":"0"},{"t":5, "v":"-5.50"},{"t":6, "v":"-8148"},{"t":7, "v":"0.134531"},{"t":8, "v":"0.339764"}],"process": {"partes": 1,"municipios": {"enteros": [{ "id": 8,"name": "EMILIANO ZAPATA","indigena": 0},{ "id": 28,"name": "XOCHITEPEC","indigena": 0}],"fracciones": []},"indigenas": {"poblacion": "139954","pindigenas": "3843","porcentaje": "2.747053","porcentaje_round": "2.74","indigena": 0}}}],"calificaciones":[{"t": 1,"a": 1.0,"p": 2.578085,"sp": 2.578085},{"t": 2,"a": 0.5,"p": 3.654346,"sp": 7.308693}],"total":{"p":6.232431,"sp":9.886778},"sellos":[{"n":"escenario","v":"md5"},{"n":"calificacion","v":"md5"},{"n":"municipios","v":"md5"},{"n":"secciones","v":"md5"},{"n":"tiemposmunicipios","v":"md5"}],"version":"Versión 1.local.20171104.1|federal"}