{"entidad":6,"partes":[{"id":0,"nombre":"MINATITLAN","tipologia":3,"primerdistrito":0,"distritos":7,"municipios":[{"id":6,"fraccion":0},{"id":8,"fraccion":1},{"id":9,"fraccion":0}]},{"id":1,"nombre":"COMALA","tipologia":3,"primerdistrito":7,"distritos":4,"municipios":[{"id":2,"fraccion":0},{"id":3,"fraccion":1},{"id":5,"fraccion":1}]},{"id":2,"nombre":"CUAUHTEMOC","tipologia":2,"primerdistrito":11,"distritos":4,"municipios":[{"id":1,"fraccion":1},{"id":4,"fraccion":0}]},{"id":3,"nombre":"TECOMAN","tipologia":2,"primerdistrito":15,"distritos":4,"municipios":[{"id":7,"fraccion":0},{"id":10,"fraccion":1}]}],"cumulos":[{"id":0,"tipo":0,"secciones":[336,334,335]},{"id":1,"tipo":2,"secciones":[96,97,98,99,100,101,102,103,104,92,93,94,95]},{"id":2,"tipo":2,"secciones":[128,129,130,131,132,133,134,135,136,137,120,121,122,123,124,125,126,127]},{"id":3,"tipo":2,"secciones":[170,171,172,173,174,175,176,177,178,179,180,181,182,183,184,185,186,187,188,189,190]},{"id":4,"tipo":2,"secciones":[192,193,194,195,196,197,198,199,191]},{"id":5,"tipo":2,"secciones":[272,273,274,275,276,270,271]},{"id":6,"tipo":3,"secciones":[228,229,230]},{"id":7,"tipo":3,"secciones":[90,91]},{"id":8,"tipo":3,"secciones":[322,323]},{"id":9,"tipo":3,"secciones":[146,167,168]},{"id":10,"tipo":3,"secciones":[145,166,169]},{"id":11,"tipo":3,"secciones":[162,164,165]},{"id":12,"tipo":3,"secciones":[320,321,317,318,319]},{"id":13,"tipo":3,"secciones":[256,253,254,255]}],"separados":[],"distritos":[{"d":1,"dinx":1,"des":[{"mu":8,"s":[222,223,224,225,226,227,231,232,233,234,242,251,252,257,260,228,229,230,256,253,254,255]},{"mu":9,"s":[272,273,274,275,276,270,271]}],"p":[{"t":1, "v":"40454"},{"t":4, "v":"00:50"},{"t":5, "v":"-0.51"},{"t":6, "v":"-206"},{"t":7, "v":"0.001137"},{"t":8, "v":"0.701719"}]},{"d":2,"dinx":2,"des":[{"mu":6,"s":[170,171,172,173,174,175,176,177,178,179,180,181,182,183,184,185,186,187,188,189,190]},{"mu":8,"s":[215,261,263,264,265,266,267]}],"p":[{"t":1, "v":"39539"},{"t":4, "v":"00:37"},{"t":5, "v":"-2.76"},{"t":6, "v":"-1121"},{"t":7, "v":"0.033764"},{"t":8, "v":"0.237365"}]},{"d":3,"dinx":3,"des":[{"mu":8,"s":[244,246,247,248,249,250]}],"p":[{"t":1, "v":"39271"},{"t":4, "v":"00:00"},{"t":5, "v":"-3.42"},{"t":6, "v":"-1389"},{"t":7, "v":"0.051844"},{"t":8, "v":"0.140821"}]},{"d":4,"dinx":4,"des":[{"mu":8,"s":[235,236,237,238,239,240,241,243,245]}],"p":[{"t":1, "v":"39607"},{"t":4, "v":"00:00"},{"t":5, "v":"-2.59"},{"t":6, "v":"-1053"},{"t":7, "v":"0.029791"},{"t":8, "v":"0.281002"}]},{"d":5,"dinx":5,"des":[{"mu":8,"s":[200,201,202,203,204,205,206,207,208,209,210,211,212,213,214,216,217,218,219,220,221,258,259,262,268,269]}],"p":[{"t":1, "v":"39343"},{"t":4, "v":"00:00"},{"t":5, "v":"-3.24"},{"t":6, "v":"-1317"},{"t":7, "v":"0.046607"},{"t":8, "v":"0.575801"}]},{"d":6,"dinx":6,"des":[{"mu":1,"s":[3,7,8,14,15,25,26,27,38,39,40,47,48,54,55,63,64,65,73,74,75,76,81,83,84,85,86,87,88,89,90,91]}],"p":[{"t":1, "v":"43910"},{"t":4, "v":"00:00"},{"t":5, "v":"7.99"},{"t":6, "v":"3250"},{"t":7, "v":"0.284014"},{"t":8, "v":"0.291054"}]},{"d":7,"dinx":7,"des":[{"mu":1,"s":[62,82]},{"mu":4,"s":[128,129,130,131,132,133,134,135,136,137,120,121,122,123,124,125,126,127]}],"p":[{"t":1, "v":"42695"},{"t":4, "v":"00:15"},{"t":5, "v":"5.00"},{"t":6, "v":"2035"},{"t":7, "v":"0.111366"},{"t":8, "v":"0.204659"}]},{"d":8,"dinx":8,"des":[{"mu":1,"s":[9,16,17,28,29,30,31,32,41,42,43,44,45,49,50,51,52,56,57,58,59,60,61,66,67,68,69,70,71,72]}],"p":[{"t":1, "v":"43799"},{"t":4, "v":"00:00"},{"t":5, "v":"7.72"},{"t":6, "v":"3139"},{"t":7, "v":"0.264947"},{"t":8, "v":"0.128910"}]},{"d":9,"dinx":9,"des":[{"mu":1,"s":[1,2,4,5,6,10,11,12,13,18,19,20,21,22,23,24,33,34,35,36,37,46,53,77,78,79,80]}],"p":[{"t":1, "v":"44469"},{"t":4, "v":"00:00"},{"t":5, "v":"9.37"},{"t":6, "v":"3809"},{"t":7, "v":"0.390106"},{"t":8, "v":"0.079244"}]},{"d":10,"dinx":10,"des":[{"mu":10,"s":[277,278,279,280,281,282,283,284,285,287,288,291,292,293,294,299,300]}],"p":[{"t":1, "v":"39127"},{"t":4, "v":"00:00"},{"t":5, "v":"-3.77"},{"t":6, "v":"-1533"},{"t":7, "v":"0.063153"},{"t":8, "v":"0.117584"}]},{"d":11,"dinx":11,"des":[{"mu":7,"s":[192,193,194,195,196,197,198,199,191]},{"mu":10,"s":[336,334,335,320,321,317,318,319,286,289,290,295,296,297,301,325,326,327,329,330,331,332,333]}],"p":[{"t":1, "v":"39841"},{"t":4, "v":"00:25"},{"t":5, "v":"-2.01"},{"t":6, "v":"-819"},{"t":7, "v":"0.018019"},{"t":8, "v":"0.225715"}]},{"d":12,"dinx":12,"des":[{"mu":10,"s":[322,323,298,302,303,304,305,306,307,308,309,310,311,312,313,314,315,316,324,328]}],"p":[{"t":1, "v":"39106"},{"t":4, "v":"00:00"},{"t":5, "v":"-3.82"},{"t":6, "v":"-1554"},{"t":7, "v":"0.064896"},{"t":8, "v":"0.192193"}]},{"d":13,"dinx":13,"des":[{"mu":5,"s":[153,154,160,161,162,164,165,339,340,341,342,343,344,345,346,347,348,349,350,351,352,353,354,355,356,357,358,359,360,361,370,371,372]}],"p":[{"t":1, "v":"39932"},{"t":4, "v":"00:00"},{"t":5, "v":"-1.79"},{"t":6, "v":"-728"},{"t":7, "v":"0.014236"},{"t":8, "v":"0.120523"}]},{"d":14,"dinx":14,"des":[{"mu":5,"s":[138,139,140,141,142,143,144,147,148,151,155,156,157]}],"p":[{"t":1, "v":"39787"},{"t":4, "v":"00:00"},{"t":5, "v":"-2.15"},{"t":6, "v":"-873"},{"t":7, "v":"0.020474"},{"t":8, "v":"0.305552"}]},{"d":15,"dinx":15,"des":[{"mu":3,"s":[105,106,107,108,109,110,111,112,113,114,115,116,117,118,119]},{"mu":5,"s":[152,146,167,168,337,338,362,363,364,365,366,367,368,369]}],"p":[{"t":1, "v":"39542"},{"t":4, "v":"00:16"},{"t":5, "v":"-2.75"},{"t":6, "v":"-1118"},{"t":7, "v":"0.033584"},{"t":8, "v":"0.142379"}]},{"d":16,"dinx":16,"des":[{"mu":2,"s":[96,97,98,99,100,101,102,103,104,92,93,94,95]},{"mu":5,"s":[149,150,158,159,145,166,169]}],"p":[{"t":1, "v":"40133"},{"t":4, "v":"00:11"},{"t":5, "v":"-1.30"},{"t":6, "v":"-527"},{"t":7, "v":"0.007458"},{"t":8, "v":"0.280103"}]}],"calificaciones":[{"t":"1","a":"1.0","p":"1.435396","sp":"1.435396"},{"t":"2","a":"0.5","p":"4.024625","sp":"8.049251"}],"total":{"p":5.460021,"sp":9.484647},"sellos":[{"n":"escenario","v":"md5"},{"n":"calificacion","v":"md5"},{"n":"municipios","v":"md5"},{"n":"secciones","v":"md5"},{"n":"tiemposmunicipios","v":"md5"}],"version":"Versi�n 1.4a 04/05/2016 Distritaci�n Local 2016"}