{"entidad":15,"partes":[{"id":0,"nombre":"","tipologia":6,"primerdistrito":0,"distritos":9,"municipios":[{"id":1,"fraccion":0},{"id":3,"fraccion":0},{"id":4,"fraccion":0},{"id":5,"fraccion":0},{"id":6,"fraccion":0},{"id":7,"fraccion":0},{"id":8,"fraccion":1},{"id":12,"fraccion":0},{"id":14,"fraccion":0},{"id":18,"fraccion":0},{"id":19,"fraccion":0},{"id":21,"fraccion":0},{"id":27,"fraccion":0},{"id":28,"fraccion":0},{"id":33,"fraccion":0},{"id":38,"fraccion":0},{"id":41,"fraccion":0},{"id":42,"fraccion":0},{"id":43,"fraccion":0},{"id":44,"fraccion":0},{"id":46,"fraccion":1},{"id":47,"fraccion":0},{"id":48,"fraccion":0},{"id":49,"fraccion":0},{"id":50,"fraccion":0},{"id":52,"fraccion":0},{"id":53,"fraccion":0},{"id":55,"fraccion":0},{"id":56,"fraccion":0},{"id":57,"fraccion":0},{"id":63,"fraccion":0},{"id":64,"fraccion":0},{"id":65,"fraccion":0},{"id":67,"fraccion":0},{"id":68,"fraccion":0},{"id":72,"fraccion":0},{"id":73,"fraccion":0},{"id":74,"fraccion":0},{"id":75,"fraccion":0},{"id":77,"fraccion":0},{"id":78,"fraccion":0},{"id":79,"fraccion":0},{"id":80,"fraccion":1},{"id":81,"fraccion":0},{"id":83,"fraccion":0},{"id":86,"fraccion":0},{"id":87,"fraccion":0},{"id":88,"fraccion":0},{"id":89,"fraccion":0},{"id":91,"fraccion":0},{"id":98,"fraccion":0},{"id":99,"fraccion":0},{"id":102,"fraccion":0},{"id":103,"fraccion":0},{"id":106,"fraccion":1},{"id":108,"fraccion":0},{"id":111,"fraccion":0},{"id":112,"fraccion":0},{"id":114,"fraccion":0},{"id":115,"fraccion":0},{"id":116,"fraccion":0},{"id":117,"fraccion":0},{"id":118,"fraccion":0},{"id":119,"fraccion":0},{"id":120,"fraccion":0},{"id":123,"fraccion":0},{"id":124,"fraccion":0}]},{"id":1,"nombre":"ATLAUTLA","tipologia":3,"primerdistrito":9,"distritos":3,"municipios":[{"id":35,"fraccion":1},{"id":69,"fraccion":0},{"id":40,"fraccion":1},{"id":104,"fraccion":0},{"id":9,"fraccion":0},{"id":15,"fraccion":1},{"id":17,"fraccion":0},{"id":51,"fraccion":0},{"id":84,"fraccion":0},{"id":22,"fraccion":0},{"id":26,"fraccion":0},{"id":90,"fraccion":0},{"id":95,"fraccion":0}]},{"id":2,"nombre":"CHICOLOAPAN","tipologia":3,"primerdistrito":12,"distritos":2,"municipios":[{"id":2,"fraccion":0},{"id":66,"fraccion":0},{"id":100,"fraccion":0},{"id":101,"fraccion":0},{"id":70,"fraccion":0},{"id":904,"fraccion":0},{"id":11,"fraccion":0},{"id":76,"fraccion":1},{"id":16,"fraccion":1},{"id":85,"fraccion":0},{"id":29,"fraccion":0},{"id":93,"fraccion":0},{"id":62,"fraccion":1},{"id":94,"fraccion":0},{"id":31,"fraccion":0}]},{"id":3,"nombre":"VALLE DE CHALCO SOLIDARIDAD","tipologia":0,"primerdistrito":14,"distritos":1,"municipios":[{"id":122,"fraccion":0}]},{"id":4,"nombre":"CHIMALHUACAN","tipologia":3,"primerdistrito":15,"distritos":3,"municipios":[{"id":32,"fraccion":1},{"id":71,"fraccion":0},{"id":30,"fraccion":0}]},{"id":5,"nombre":"NEZAHUALCOYOTL","tipologia":1,"primerdistrito":18,"distritos":3,"municipios":[{"id":60,"fraccion":1}]},{"id":6,"nombre":"ECATEPEC DE MORELOS","tipologia":2,"primerdistrito":21,"distritos":5,"municipios":[{"id":34,"fraccion":1},{"id":901,"fraccion":0}]},{"id":7,"nombre":"TECAMAC","tipologia":0,"primerdistrito":26,"distritos":1,"municipios":[{"id":82,"fraccion":0}]},{"id":8,"nombre":"TOLUCA","tipologia":1,"primerdistrito":27,"distritos":2,"municipios":[{"id":107,"fraccion":1}]},{"id":9,"nombre":"TULTEPEC","tipologia":3,"primerdistrito":29,"distritos":4,"municipios":[{"id":96,"fraccion":1},{"id":97,"fraccion":0},{"id":36,"fraccion":0},{"id":37,"fraccion":0},{"id":902,"fraccion":1},{"id":903,"fraccion":0},{"id":10,"fraccion":0},{"id":45,"fraccion":0},{"id":109,"fraccion":0},{"id":113,"fraccion":1},{"id":20,"fraccion":0},{"id":54,"fraccion":0},{"id":23,"fraccion":0},{"id":24,"fraccion":0},{"id":121,"fraccion":0},{"id":59,"fraccion":0},{"id":92,"fraccion":0},{"id":125,"fraccion":0}]},{"id":10,"nombre":"TULTITLAN SUR","tipologia":0,"primerdistrito":33,"distritos":1,"municipios":[{"id":110,"fraccion":0}]},{"id":11,"nombre":"CUAUTITLAN IZCALLI","tipologia":3,"primerdistrito":34,"distritos":4,"municipios":[{"id":25,"fraccion":1},{"id":105,"fraccion":1},{"id":13,"fraccion":1}]},{"id":12,"nombre":"NICOLAS ROMERO","tipologia":0,"primerdistrito":38,"distritos":1,"municipios":[{"id":39,"fraccion":0},{"id":61,"fraccion":0}]},{"id":13,"nombre":"NAUCALPAN DE JUAREZ","tipologia":1,"primerdistrito":39,"distritos":2,"municipios":[{"id":58,"fraccion":1}]}],"cumulos":[{"id":0,"tipo":0,"secciones":[2855,2856,2857,2858,2859,2860,2861,2862,2863,2864,2865,2866,2867]},{"id":1,"tipo":0,"secciones":[4954,4955]},{"id":2,"tipo":0,"secciones":[6016,6017,6014,6015]},{"id":3,"tipo":2,"secciones":[1,2,3,4,5,6,7,8,9,10,11,12,13,14,15,16,17,18,19,20,21,22,23,24,25,26,27,28,29,30,31,32]},{"id":4,"tipo":2,"secciones":[33,34,35,36,37,38,39,40,41,42,43,44,45,46,47,48,49,50,51,52,53,54,55,56,57,58]},{"id":5,"tipo":2,"secciones":[64,65,66,67,68,69,70,71,72,73,74,75,76,77,78,79,80,81,59,60,61,62,63]},{"id":6,"tipo":2,"secciones":[82,83,84,85,86,87,88,89,90,91,92,93]},{"id":7,"tipo":2,"secciones":[128,129,130,131,132,133,134,135,136,137,138,139,140,141,142,143,144,145,146,147,148,149,150,94,95,96,97,98,99,100,101,102,103,104,105,106,107,109,110,111,112,113,114,115,116,117,118,119,120,121,122,123,124,125,126,127]},{"id":8,"tipo":2,"secciones":[151,152,153,154,155]},{"id":9,"tipo":2,"secciones":[160,161,162,163,164,165,156,157,158,159]},{"id":10,"tipo":3,"secciones":[5137,5138,5139,5140,5141,5142,5143,5144,5145,5146,5147,5148,5149,5150,5151,5152,5153,5154,5155,5156,5157,166,5158,167,5159,168,5160,169,5161,170,5162,171,5163,172,5164,173,5165,174,5166,175,5167,176,5168,177,178,179,180,181,182,183,184,185,186,187,188,189,190,191,192]},{"id":11,"tipo":2,"secciones":[193,194,195,196,197,198,199,200,201,202,203,204,205,206,207,208,209,210,211,212,213,214,215,216,217,218]},{"id":12,"tipo":2,"secciones":[224,225,226,227,228,229,230,231,232,219,220,221,222,223]},{"id":13,"tipo":2,"secciones":[233,234,235,236,237,238,239,240,241,242,243,244,245,246]},{"id":14,"tipo":2,"secciones":[247,248,249]},{"id":15,"tipo":2,"secciones":[448,449,450,451,452,453,454,455,417,418,419,420,421,422,423,424,425,426,427,428,429,430,431,432,433,434,435,436,437,438,439,440,441,442,443,444,445,446,447]},{"id":16,"tipo":3,"secciones":[1952,1953,1954,1955,456,457,458,459,460,461,462,463,464,465,466,467,468]},{"id":17,"tipo":3,"secciones":[469,470,471,472,473,474,475,476,477,478,479,480,481,482,483,484,485,486,487,489,3823,3824,3825,3826,3827]},{"id":18,"tipo":2,"secciones":[490,491,492,493,494]},{"id":19,"tipo":2,"secciones":[495,496,497,498,499,500,501,502,503,504,505,506,507,508,509,510]},{"id":20,"tipo":2,"secciones":[512,513,514,515,516,517,518,519,520,521,522,511]},{"id":21,"tipo":2,"secciones":[523,524,525,526,527,528,529,530,531,532,533,534,535,536,537,538,539,540,541,542,543,544,545,546,547,548,549,550,551,552,553,554,555,556,557,558,559,560,561,562,563,564,565,566,567,568,569,570,571,572,573,574,575,576,577,578,579,580,581,582,583,584,585,586,587,588,589,590,591,592,593,594,595,596,597,598,599,600,601,602,603,604,605,606,607,608,609,610,611,612,613,614,615,616,617,618,619,620,621,622,623,624,625,626,627,628]},{"id":22,"tipo":2,"secciones":[640,641,642,643,644,645,646,647,629,630,631,632,633,634,635,636,637,638,639]},{"id":23,"tipo":2,"secciones":[648,649,650,651,652,653]},{"id":24,"tipo":2,"secciones":[656,657,658,659,660,661,662,663,664,654,655]},{"id":25,"tipo":2,"secciones":[665,666,667,668,669,670,671,672,673,674,675,676,677,678,679,680,681,682,683,684,685,686,687,688,689,690,691]},{"id":26,"tipo":2,"secciones":[1024,1025,1026,1027,1035,1036,1037,1038,1039,1040,1041,1042,1043,1044,1045,1046,1047,1048,1049,1050,1051,1052,1053,1054,1055,1056,1057,1058,1059,1060,1062,1063,1064,1065,937,938,1066,1067,1068,1069,1070,1071,1072,1073,1074,1075,1076,1077,1078,1079,1080,966,967,986,987,988,989,990,991,992,993,994,995,996,1017,1018,1019,1020,1021,1022,1023]},{"id":27,"tipo":2,"secciones":[1088,1089,1090,1091,1092,1093,1094,1081,1082,1083,1084,1085,1086,1087]},{"id":28,"tipo":2,"secciones":[1095,1096]},{"id":29,"tipo":2,"secciones":[1104,1105,1106,1107,1108,1097,1098,1099,1100,1101,1102,1103]},{"id":30,"tipo":2,"secciones":[1142,1143,1144,1145,1146,1147,1148]},{"id":31,"tipo":2,"secciones":[1286,1287,1288,1289,1290,1291,1292,1293,1294,1295,1296,1297,1298,1299,1300,1301]},{"id":32,"tipo":2,"secciones":[6400,6401,6402,6403,6404,6405,6406,6407,6408,6409,6410,6411,6412,6413,6414,6415,6416,6417,6418,6419,6420,6421,6422,6423,6424,6425,6426,6427,6428,6429,6430,6431,6432,1956,1957,1958,1960,1961,1962,1963,1964,1965,1966,1967,1968,1969,1970,1971,1972,1973,1974,1975,6394,6395,6396,6397,6398,6399]},{"id":33,"tipo":2,"secciones":[1984,1985,1986,1987,1988,1989,1990,1991,1976,1977,1978,1979,1980,1981,1982,1983]},{"id":34,"tipo":2,"secciones":[2048,2049,2050,2051,2052,2053,2054,2055,2056,2057,2058,2059,2060,2061,2062,2063,2064,2065,2066,2067,1992,1993,1994,1995,1996,1997,1998,1999,2000,2001,2002,2003,2004,2005,2006,2007,2008,2009,2010,2011,2012,2013,2014,2015,2016,2017,2018,2019,2020,2021,2022,2023,2024,2025,2026,2027,2028,2029,2030,2031,2032,2033,2034,2035,2036,2037,2038,2039,2040,2041,2042,2043,2044,2045,2046,2047]},{"id":35,"tipo":2,"secciones":[2068,2069,2070,2071,2072]},{"id":36,"tipo":2,"secciones":[2176,2177,2178,2179,2180,2181,2182,2164,2165,2166,2167,2168,2169,2170,2171,2172,2173,2174,2175]},{"id":37,"tipo":2,"secciones":[2183,2184,2185,2186,2187]},{"id":38,"tipo":2,"secciones":[2188,2189,2190,2191,2192,2193,2194,2195,2196,2197,2198,2199,2200,2201,2202,2203,2204,2205,2206,2207,2208,2209,2210,2211,2212,2213,2214,2215,2216,2217,2218,2219,2220,2221,2222,2223,2224,2225,2226,2227,2228,2229,2230,2231,2232,2233,2234,2235]},{"id":39,"tipo":2,"secciones":[2240,2241,2242,2236,2237,2238,2239]},{"id":40,"tipo":2,"secciones":[2256,2257,2258,2259,2250,2251,2252,2253,2254,2255]},{"id":41,"tipo":3,"secciones":[4158,4159,4160,4161,4162,4163,4164,2260,2261,2262,2263,2264,2265,2266,2267,2268,2269,2270,2271,2272,2273,2274,2275,2276,2277,2278,2279,2280,2281,2282,2283,2284,2285,2286,2287,2288,2289,2290,2291,2292,2293,2294,2295,2296,2297,2298,2299,2300,2301,2302,2303]},{"id":42,"tipo":2,"secciones":[2304,2305,2306,2307,2308,2309,2310,2311,2312,2313]},{"id":43,"tipo":2,"secciones":[2314,2315,2316,2317,2318,2319,2320,2321,2322,2323,2324,2325,2326,2327,2328,2329,2330,2331,2332,2333,2334,2335,2336,2337,2338,2339,2340,2341,2342,2343]},{"id":44,"tipo":2,"secciones":[2368,2369,2370,2371,2372,2344,2345,2346,2347,2348,2349,2350,2351,2352,2353,2354,2355,2356,2357,2358,2359,2360,2361,2362,2363,2364,2365,2366,2367]},{"id":45,"tipo":2,"secciones":[2373,2374,2375,2376,2377]},{"id":46,"tipo":2,"secciones":[2384,2385,2378,2379,2380,2381,2382,2383]},{"id":47,"tipo":2,"secciones":[2386,2387,2388,2389,2390,2391,2392,2393,2394,2395,2396,2397,2398,2399,2400,2401,2402,2403,2404,2405,2406,2407,2408,2409,2410,2411,2412,2413,2414,4142,2415,4143,2416,2417,2418,2419,2420,2421,2422,2423,2424,2425,2426,2427,2428,2429,2430,2431]},{"id":48,"tipo":2,"secciones":[2432,2433,2434,2435,2436,2437,2438,2439,2440,2441,2442,2443,2444,2445,2446,2447]},{"id":49,"tipo":2,"secciones":[2448,2449,2450,2451,2452,2453,2454,2455,2456,2457,2458,2459,2460,2461,2462,2463]},{"id":50,"tipo":2,"secciones":[2464,2465,2466,2467,2468,2469,2470,2471,2472,2473,2474,2475,2476,2477,2478,2479,2480,2481,2482,2483,2484,2485,2486,2487,2488,2489,2490,2491,2492,2493,2494,2495,2496,2497,2498,2499,2500,2501,2502,2503,2504,2505,2506,2507,2508,2509,2510,2511,2512,2513,2514,2515,2516,2517,2518,2519,2520,2521,2522,2523,2524,2525,2526,2527,2528,2529,2530,2531,2532,2533,2534,2535,2536,2537,2538,2539,2540,2541,2542,2543,2544,2545,2546,2547,2548,2549]},{"id":51,"tipo":2,"secciones":[2550,2551,2552,2553]},{"id":52,"tipo":2,"secciones":[2560,2561,2562,2563,2564,2565,2566,2567,2568,2569,2570,2571,2554,2555,2556,2557,2558,2559]},{"id":53,"tipo":2,"secciones":[3040,3041,3042,3043,3044,3045,3036,3037,3038,3039]},{"id":54,"tipo":2,"secciones":[3723,3724,3725,3726,3727,3728,3729,3730,3731,3732,3733,3734,3735,3736,3737,3738,3739,3740,3741,3742,3743,3744,3745,3746,3747,3748,3749,3750,3751,3752,3753,3754,3755,3756,3757,3758,3759,3760,3761,3762,3763,3764,3765,3766,3767,3768,3769,3770,3771,3772,3773,3774,3775,3776,3777,3778,3779,3780,3781,3782,3783,3784,3785,3786,3787,3788,3789,3790,3791,3792,3793,3794,3795,3796,3797,3798,3799,3800,3801,3802,3803,3804,3805,3806,3807,3808,3809,3810,3811,3812,3813,3814,3815,3816,3817,3818,3819,3820,3821,3822]},{"id":55,"tipo":2,"secciones":[3840,3841,3842,3843,3844,3845,3846,3847,3848,3849,3828,3829,3830,3831,3832,3833,3834,3835,3836,3837,3838,3839]},{"id":56,"tipo":2,"secciones":[3850,3851,3852,3853,3854,3855,3856,3857,3858,3859,3860,3861,3862]},{"id":57,"tipo":2,"secciones":[3872,3873,3874,3875,3876,3877,3878,3879,3863,3864,3865,3866,3867,3868,3869,3870,3871]},{"id":58,"tipo":2,"secciones":[3880,3881,3882,3883,3884,3885,3886,3887,3888,3889,3890,3891,3892,3893,3894,3895,3896,3897,3898]},{"id":59,"tipo":2,"secciones":[3899,3900,3901,3902]},{"id":60,"tipo":2,"secciones":[3904,3905,5441,3906,5442,3907,3908,3909,3910,3911,3912,3913,3914,3915,3916,3917,3918,3919,3920,3921,3923,3924,3925,3926,3903]},{"id":61,"tipo":2,"secciones":[3936,3937,3938,3939,3927,3928,3929,3930,3931,3932,3933,3934,3935]},{"id":62,"tipo":2,"secciones":[3940,3941]},{"id":63,"tipo":2,"secciones":[3968,3969,3970,3971,3972,3973,3974,3975,3976,3977,3978,3979,3980,3981,3982,3983,3984,3985,3986,3987,3988,3989,3990,3991,3992,3993,3994,3995,3996,3997,3998,3999,4000,4001,4002,4003,4004,4005,4006,4007,5938,5939,5940,5941,5942,5943,5944,5945,5946,5947,5948,5949,5950,5951,5952,5953,3942,3943,3944,3945,3946,3947,3948,3949,3950,3951,3952,3953,3954,3955,3956,3957,3958,3959,3960,3961,3962,3963,3964,3965,3966,3967]},{"id":64,"tipo":2,"secciones":[4016,4017,4008,4009,4010,4011,4012,4013,4014,4015]},{"id":65,"tipo":2,"secciones":[4018,4019,4020,4021]},{"id":66,"tipo":2,"secciones":[4022,4023,4024,4025]},{"id":67,"tipo":2,"secciones":[4032,4097,4034,4035,4036,4100,4037,4038,4039,4103,4040,4041,4042,4043,4051,4052,4053,4054,4055,4056,4057,4058,4059,4060,4061,4068,4069,4070,4071,4072,4073,4074,4075,4076,4077,4078,4079,4086,4087,4088,4089,4026,4090]},{"id":68,"tipo":2,"secciones":[4128,4129,4130,4131,4132,4133,4134,4135,4136,4137,4138,4139,4140,4141,4121,4122,4123,4124,4125,4126,4127]},{"id":69,"tipo":2,"secciones":[4144,4145,4146,4147]},{"id":70,"tipo":2,"secciones":[4148,4149,4150,4151,4152,4153,4154,4155,4156,4157]},{"id":71,"tipo":2,"secciones":[4165,4166,4167,4168,4169,4170,4171,4172,4173,4174,4175,4176,4177,4178,4179,4180,4181,4182,4183,4184,4185,4186,4187]},{"id":72,"tipo":2,"secciones":[4188,4189,4190,4191,4192,4193,4194,4195,4196,4197,4198,4199,4200,4201,4202,4203,4204,4205,4206,4207,4208,4209,4210,4211,4212,4213,4214,6262,4215,6263,6264,4216,4217,6265,4218,6266,4219,6267,4220,6268,4221,6269,4222,6270,4223,6271,4224,6272,6273,4225,4226,6274,4227,6275,4228,6276,4229,6277,4230,6278,4231,6279,4232,6280,4233,6281,4234,6282,4235,6283,6284,4236,4237,6285,4238,6286,4239,6287,4240,6288,4241,6289,4242,6290,4243,6291,4244,6292,4245,6293,4246,6294,4247,6295,6296,4248,4249,6297,4250,6298,6299,4251,6300,6301,4253,4254,6302,4255,6303,6304,6305,6306,6307,6308,6309,6310,6311,6312,6313,6314,6315,6316,6317,6318,6319,6320,6321,6322,6323,6324,6325,6326,6327,6328,6329,6330,6331,6332,6333,6334,6335,6336,6337,6338,6339,6340,6341,6342,6343,6344,6345,6346,6347,6348,6349,6350,6351]},{"id":73,"tipo":2,"secciones":[4291,4292,4293,4294,4295,4297,4298,4299,4300,4303,4304,4305,4307,4308,4309,4310,4312,4313,4314,4315,4316,4319,4256,4321,4257,4258,4322,4323,4259,4324,4260,4325,4261,4262,4263,4264,4265,4274,4275,4276,4277,4279,4280,4283]},{"id":74,"tipo":2,"secciones":[4326,4327,4328,4329,4330]},{"id":75,"tipo":2,"secciones":[4331,4332,4333,4334,4335,4336,4337,4338,4339,4340,4341,4342,4343,4344,4345]},{"id":76,"tipo":2,"secciones":[4352,4353,4354,4355,4356,4357,4358,4359,4360,4361,4362,4363,4364,4365,4366,4367,4368,4369,4370,4371,4372,4373,4374,4375,4376,4377,4378,4379,4346,4347,4348,4349,4350,4351]},{"id":77,"tipo":2,"secciones":[4384,4385,4386,4387,4388,4389,4390,4391,4392,4393,4394,4395,4396,4397,4398,4399,4400,4401,4402,4380,4381,4382,4383]},{"id":78,"tipo":2,"secciones":[4416,4417,4418,4419,4420,4421,4422,4423,4424,4425,4426,4427,4428,4403,4404,4405,4406,4407,4408,4409,4410,4411,4412,4413,4414,4415]},{"id":79,"tipo":2,"secciones":[4429,4430,4431,4432,4433,4434,4435,4436,4437,4438,4439,4440,4441,4442,4443,4444,4445,4446,4447,4448,4449,4450,4451,4452,4453,4454,4455,4456,4457,4458,4459,4460,4461,4462,4463,4464,4465]},{"id":80,"tipo":2,"secciones":[4466,4467,4468,4469,4470]},{"id":81,"tipo":2,"secciones":[4480,4481,4482,4483,4484,4485,4486,4487,4488,4489,4490,4491,4492,4493,4494,4495,4496,4497,4471,4472,4473,4474,4475,4476,4477,4478,4479]},{"id":82,"tipo":2,"secciones":[4498,4499,4500,4501,4502,4503,4504,4505,4506,4507,4508,4509,4510,4511,4512,4513,4514,4515,4516,4517,4518,4519,4520,4521,4522]},{"id":83,"tipo":2,"secciones":[4544,4545,4523,4524,4525,4526,4527,4528,4529,4530,4531,4532,4533,4534,4535,4536,4537,4538,4539,4540,4541,4542,4543]},{"id":84,"tipo":2,"secciones":[4546,4547,4548,4549,4550,6183,4551,4552,4553,4554,4555]},{"id":85,"tipo":2,"secciones":[4560,4561,4562,4563,4556,4557,4558,4559]},{"id":86,"tipo":2,"secciones":[4588,4589,4590,4591,4592,4593,4594,4595,4596,4597,4598,4599,4600]},{"id":87,"tipo":2,"secciones":[4608,4601,4602,4603,4604,4605,4606,4607]},{"id":88,"tipo":2,"secciones":[4609,4610]},{"id":89,"tipo":2,"secciones":[4611,4612,4613,4614,4615,4616,4617,4618,4619,4620,4621,4622,4623,4624,4625,4626,4627,4628,4629,4630,4631,4632,4633,4634,4635,4636,4637,4638,4639,4640,4641,4642,4643,4644,4645,4646,4647,4648,4649,4650,4651,4652,4653,4654,4655,4656,4657,4658,4659,4660,4661,4662,4663,4664,4665,4666,4667,4668,4669,4670,4671,4672,4673,4674,4675,4676,4677,4678,4679,4680,4681,4682,4683,4684,4685,4686,4687,4688,4689,4690]},{"id":90,"tipo":2,"secciones":[4691,4692,4693,4694,4695,4696,4697,4698,4700]},{"id":91,"tipo":2,"secciones":[4704,4705,4706,4707,4708,4709,4710,4711,4712,4713,4714,4715,4716,4717,4718,4719,4720,4721,4722,4723,4724,4701,4702,4703]},{"id":92,"tipo":2,"secciones":[4725,4726,4727,4728,4729,4730,4731,4732,4733,4734,4735]},{"id":93,"tipo":2,"secciones":[4736,4737,4738,4739,4740,4741,4742,4743,4744,4745,4746,4747,4748,4749,4750,4751,4752,4753,4754,4755,4756]},{"id":94,"tipo":2,"secciones":[5443,5444,5445,5446,5447,5448,5449,5450,5451]},{"id":95,"tipo":2,"secciones":[5632,5633,5634,5635,5636,5637,5638,5639,5640,5641,5642,5643,5644,5645,5646,5647,5649,5650,5651,5652,5653,6171,6172,6173,6174,6175,6176,6177,6178,6179,6180,6181,6182,5482,5483,5484,5485,5486,5487,5488,5489,5490,5491,5492,5493,5494,5495,5496,5497,5498,5499,5500,5501,5502,5503,5504,5505,5506,5507,5508,5509,5510,5511,5512,5513,5514,5515,5516,5517,5518,5519,5520,5521,5522,5523,5524,5525,5526,5527,5528,5529,5530,5531,5532,5533,5534,5535,5536,5537,5538,5539,5540,5541,5542,5543,5544,5545,5546,5547,5548,5549,5550,5551,5552,5553,5554,5555,5556,5557,5558,5559,5560,5561,5562,5563,5564,5565,5566,5567,5626,5627,5628,5629,5630,5631]},{"id":96,"tipo":2,"secciones":[5654,5655,5656,5657,5658,5659,5660,5661,5662,5663,5664,5665,5666,5667,5668,5669,5670,5671,5672,5673,5674,5675,5676,5677,5678,5679,5680,5681]},{"id":97,"tipo":2,"secciones":[5696,5697,5698,5699,5700,5701,5702,5703,5682,5683,5684,5685,5686,5687,5688,5689,5690,5691,5692,5693,5694,5695]},{"id":98,"tipo":3,"secciones":[5704,5705,5706,5707,5708,5709,5710,5711,5712,5713,5714,5715,5716,4564,5717,4565,5718,4566,5719,4567,5720,4568,5721,4569,5722,4570,4571,4572,4573,4574,4575,4576,4577,4578,4579,4580,4581,4582,4583,4584,4585,4586,4587]},{"id":99,"tipo":2,"secciones":[5723,5724,5725,5726,5727,5728,5729,5730,5731,5732,5733,5734,5735,5736,5737,5738,5739,5740,5741,5742,5743,5744,5745,5746,5747]},{"id":100,"tipo":2,"secciones":[5760,5761,5762,5763,5764,5765,5766,5767,5768,5769,5770,5771,5772,5773,5774,5775,5776,5777,5778,5779,5780,5781,5782,5783,5784,5785,5786,5787,5788,5789,5790,108,5748,5749,5750,5751,5752,5753,5754,5755,5756,5757,5758,5759]},{"id":101,"tipo":2,"secciones":[5792,5793,5794,5795,5796,5797,5798,5799,5800,5801,5802,5803,5804,5791]},{"id":102,"tipo":2,"secciones":[5805,5806]},{"id":103,"tipo":2,"secciones":[5807,5808,5809,5810,5811,5812,5813,5814,5815,5816,5817,5818,5819,5820,5821]},{"id":104,"tipo":2,"secciones":[5824,5825,5826,5827,5828,5829,5830,5831,5832,5833,5834,5835,5836,5837,5838,5839,5840,5841,5842,5843,5844,5845,5846,5847,5848,5849,5850,5851,5852,5853,5854,5855,5856,5857,5858,5859,5860,5861,5862,5863,5864,5865,5866,5867,5868,5822,5823]},{"id":105,"tipo":2,"secciones":[5872,5873,5874,5875,5876,5877,5878,5879,5869,5870,5871]},{"id":106,"tipo":2,"secciones":[5888,5889,5890,5891,5892,5893,5894,5895,5896,5897,5898,5899,5900,5901,5902,5903,5904,5905,5906,5907,5908,5909,5910,5911,5912,5913,5914,5915,5916,5917,5918,5919,5920,5921,5922,5923,5880,5881,5882,5883,5884,5885,5886,5887]},{"id":107,"tipo":2,"secciones":[1028,1029,1030,1031,1032,1033,1034,2083,2084,5924,2085,1061,5925,2086,5926,5927,5928,2114,2115,2116,2117,2118,2119,2120,2121,912,913,914,915,916,917,918,919,920,921,922,923,924,925,926,927,928,929,930,931,932,933,934,935,936,939,940,941,942,943,944,945,946,947,948,949,950,951,952,953,954,955,956,957,958,959,960,961,962,963,964,965,968,969,970,971,972,973,974,975,976,977,978,979,980,981,982,983,984,985,997,998,999,1000,1001,1002,1003,1004,1005,1006,1007,1008,1009,1010,1011,1012,1013,1014,1015,1016]},{"id":108,"tipo":2,"secciones":[4288,4289,4290,4296,4301,4302,4306,4317,4318,4320,5929,4266,5930,4267,4268,4269,4270,4271,4272,4273,4278,4281,4282,4284,4285,4286,4287]},{"id":109,"tipo":2,"secciones":[4096,4033,4098,4099,4101,4102,4104,4105,4044,4045,4046,4047,4048,4049,4050,4062,4063,4064,4065,4066,4067,5932,5933,5934,5935,4080,5936,4081,5937,4082,4083,4084,4085,4091,4027,4092,4028,4093,4029,4030,4094,4095,4031]},{"id":110,"tipo":2,"secciones":[2247,2248,2249]},{"id":111,"tipo":2,"secciones":[4757,4758,4759,4760,4761,4762,4763,4764,4765,4766,4767,4768,4769,4770,4771,4772,4773,4774,4775,4776,4777,4778,4779,4780,4781,4782,4783,4784,4785,4786,4787,4788,4789,4790,4791,4792,4793,4794,4795,4796,4797,4798,4799,4800,4801,4802,4803,4804,4805,4806,4807,4808,4809,4810,4811,4812,4813,4814,4815,4816,4817,4818,4819,4820,4821,4822,4823,4824,4825,4826,4827,4828,4829,4830,4831,4832,4833,4834,4835]},{"id":112,"tipo":2,"secciones":[2243,2244,2245,2246]},{"id":113,"tipo":2,"secciones":[4106,4107,4108,4109,4110,4111,4112,4113,4114,4115,4116,4117,4118]},{"id":114,"tipo":3,"secciones":[4844,4845,4846]},{"id":115,"tipo":3,"secciones":[280,281]},{"id":116,"tipo":3,"secciones":[1171,1276]},{"id":117,"tipo":3,"secciones":[4838,4839]},{"id":118,"tipo":3,"secciones":[5458,5469]},{"id":119,"tipo":3,"secciones":[5474,5475,5478,5479,5480,5481]},{"id":120,"tipo":3,"secciones":[5472,5465]},{"id":121,"tipo":3,"secciones":[5968,5969,5970,5966,5967]},{"id":122,"tipo":3,"secciones":[6144,6145,6146,6147,6148,6149,6150,6151,6152,6153,6154,6155,6156,6157,6158,6159,6160,6161,6162,6163,6164,6165,6166,6167,6168,6169,6170,6140,6141,6142,6143]},{"id":123,"tipo":2,"secciones":[6352,6353,6354,6355,6356,1109,6357,1110,6358,1111,6359,6360,6361,1114,6362,1115,6363,1116,6364,1117,6365,1118,6366,1119,6367,1120,6368,1121,6369,1122,6370,1123,6371,1124,6372,1125,6373,1126,6374,1127,6375,1128,6376,1129,6377,1130,6378,1131,6379,1132,6380,1133,6381,1134,6382,1135,6383,1136,6384,1137,6385,1138,6386,1139,6387,1140,6388,6389,6390,6391]},{"id":124,"tipo":2,"secciones":[5473,5476,5477,5452,5453,5454,5455,5456,5457,5459,5460,5461,5462,5463,5464,5466,5467,5468,5470,5471]}],"separados":[{"id":0,"municipio1":5,"municipio2":75,"tiempo":49.0000,"tiempopromedio":17.6731,"desviacion":10.2829},{"id":1,"municipio1":21,"municipio2":119,"tiempo":49.0000,"tiempopromedio":17.6731,"desviacion":10.2829},{"id":2,"municipio1":96,"municipio2":113,"tiempo":49.0000,"tiempopromedio":17.6731,"desviacion":10.2829}],"distritos":[{"d":1,"des":[{"mu":1,"s":0},{"mu":3,"s":0},{"mu":27,"s":0},{"mu":46,"s":0},{"mu":57,"s":0},{"mu":65,"s":0},{"mu":72,"s":0},{"mu":80,"s":0},{"mu":86,"s":0},{"mu":103,"s":0}],"p":[{"t":1, "v":"382845"},{"t":4, "v":"0"},{"t":5, "v":"3.43"},{"t":6, "v":"12702"},{"t":7, "v":"0.052339"},{"t":8, "v":"0.542198"}],"process": {"partes": 1,"municipios": {"enteros": [{ "id": 1,"name": "ACAMBAY DE RUIZ CASTAÑEDA","indigena": 0},{ "id": 3,"name": "ACULCO","indigena": 0},{ "id": 27,"name": "CHAPA DE MOTA","indigena": 0},{ "id": 46,"name": "JILOTEPEC","indigena": 0},{ "id": 57,"name": "MORELOS","indigena": 0},{ "id": 65,"name": "EL ORO","indigena": 0},{ "id": 72,"name": "POLOTITLAN","indigena": 0},{ "id": 80,"name": "SOYANIQUILPAN DE JUAREZ","indigena": 0},{ "id": 86,"name": "TEMASCALCINGO","indigena": 0},{ "id": 103,"name": "TIMILPAN","indigena": 0}],"fracciones": []},"indigenas": {"poblacion": "382845","pindigenas": "82810","porcentaje": "21.632723","porcentaje_round": "21.63","indigena": 0}}},{"d":2,"des":[{"mu":4,"s":0},{"mu":7,"s":0},{"mu":8,"s":0},{"mu":42,"s":0},{"mu":67,"s":0},{"mu":78,"s":0},{"mu":79,"s":0},{"mu":81,"s":0},{"mu":83,"s":0},{"mu":87,"s":0},{"mu":98,"s":0},{"mu":106,"s":0},{"mu":111,"s":0},{"mu":117,"s":0},{"mu":118,"s":0},{"mu":123,"s":0}],"p":[{"t":1, "v":"379838"},{"t":4, "v":"0"},{"t":5, "v":"2.62"},{"t":6, "v":"9695"},{"t":7, "v":"0.030491"},{"t":8, "v":"0.342199"}],"process": {"partes": 1,"municipios": {"enteros": [{ "id": 4,"name": "ALMOLOYA DE ALQUISIRAS","indigena": 0},{ "id": 7,"name": "AMANALCO","indigena": 0},{ "id": 8,"name": "AMATEPEC","indigena": 0},{ "id": 42,"name": "IXTAPAN DEL ORO","indigena": 0},{ "id": 67,"name": "OTZOLOAPAN","indigena": 0},{ "id": 78,"name": "SAN SIMON DE GUERRERO","indigena": 0},{ "id": 79,"name": "SANTO TOMAS","indigena": 0},{ "id": 81,"name": "SULTEPEC","indigena": 0},{ "id": 83,"name": "TEJUPILCO","indigena": 0},{ "id": 87,"name": "TEMASCALTEPEC","indigena": 0},{ "id": 98,"name": "TEXCALTITLAN","indigena": 0},{ "id": 106,"name": "TLATLAYA","indigena": 0},{ "id": 111,"name": "VALLE DE BRAVO","indigena": 0},{ "id": 117,"name": "ZACAZONAPAN","indigena": 0},{ "id": 118,"name": "ZACUALPAN","indigena": 0},{ "id": 123,"name": "LUVIANOS","indigena": 0}],"fracciones": []},"indigenas": {"poblacion": "379838","pindigenas": "11166","porcentaje": "2.940041","porcentaje_round": "2.94","indigena": 0}}},{"d":3,"des":[{"mu":5,"s":0},{"mu":88,"s":0},{"mu":119,"s":0}],"p":[{"t":1, "v":"400565"},{"t":4, "v":"0"},{"t":5, "v":"8.22"},{"t":6, "v":"30422"},{"t":7, "v":"0.300230"},{"t":8, "v":"0.676634"}],"process": {"partes": 1,"municipios": {"enteros": [{ "id": 5,"name": "ALMOLOYA DE JUAREZ","indigena": 0},{ "id": 88,"name": "TEMOAYA","indigena": 1},{ "id": 119,"name": "ZINACANTEPEC","indigena": 0}],"fracciones": []},"indigenas": {"poblacion": "400565","pindigenas": "54219","porcentaje": "13.537922","porcentaje_round": "13.53","indigena": 0}}},{"d":4,"des":[{"mu":6,"s":0},{"mu":12,"s":0},{"mu":19,"s":0},{"mu":44,"s":0},{"mu":52,"s":0},{"mu":63,"s":0},{"mu":64,"s":0},{"mu":99,"s":0},{"mu":102,"s":0}],"p":[{"t":1, "v":"378924"},{"t":4, "v":"0"},{"t":5, "v":"2.37"},{"t":6, "v":"8781"},{"t":7, "v":"0.025013"},{"t":8, "v":"0.353731"}],"process": {"partes": 1,"municipios": {"enteros": [{ "id": 6,"name": "ALMOLOYA DEL RIO","indigena": 0},{ "id": 12,"name": "ATIZAPAN","indigena": 0},{ "id": 19,"name": "CAPULHUAC","indigena": 0},{ "id": 44,"name": "XALATLACO","indigena": 0},{ "id": 52,"name": "LERMA","indigena": 0},{ "id": 63,"name": "OCOYOACAC","indigena": 0},{ "id": 64,"name": "OCUILAN","indigena": 0},{ "id": 99,"name": "TEXCALYACAC","indigena": 0},{ "id": 102,"name": "TIANGUISTENCO","indigena": 0}],"fracciones": []},"indigenas": {"poblacion": "378924","pindigenas": "15894","porcentaje": "4.194894","porcentaje_round": "4.19","indigena": 0}}},{"d":5,"des":[{"mu":14,"s":0},{"mu":43,"s":0},{"mu":48,"s":0},{"mu":49,"s":0}],"p":[{"t":1, "v":"365680"},{"t":4, "v":"0"},{"t":5, "v":"-1.21"},{"t":6, "v":"-4463"},{"t":7, "v":"0.006461"},{"t":8, "v":"0.357361"}],"process": {"partes": 1,"municipios": {"enteros": [{ "id": 14,"name": "ATLACOMULCO","indigena": 0},{ "id": 43,"name": "IXTLAHUACA","indigena": 0},{ "id": 48,"name": "JIQUIPILCO","indigena": 0},{ "id": 49,"name": "JOCOTITLAN","indigena": 0}],"fracciones": []},"indigenas": {"poblacion": "365680","pindigenas": "105198","porcentaje": "28.774081","porcentaje_round": "28.77","indigena": 0}}},{"d":6,"des":[{"mu":18,"s":0},{"mu":28,"s":0},{"mu":55,"s":0},{"mu":56,"s":0},{"mu":74,"s":0},{"mu":77,"s":0}],"p":[{"t":1, "v":"381544"},{"t":4, "v":"0"},{"t":5, "v":"3.08"},{"t":6, "v":"11401"},{"t":7, "v":"0.042166"},{"t":8, "v":"0.331026"}],"process": {"partes": 1,"municipios": {"enteros": [{ "id": 18,"name": "CALIMAYA","indigena": 0},{ "id": 28,"name": "CHAPULTEPEC","indigena": 0},{ "id": 55,"name": "METEPEC","indigena": 0},{ "id": 56,"name": "MEXICALTZINGO","indigena": 0},{ "id": 74,"name": "SAN ANTONIO LA ISLA","indigena": 0},{ "id": 77,"name": "SAN MATEO ATENCO","indigena": 0}],"fracciones": []},"indigenas": {"poblacion": "381544","pindigenas": "4151","porcentaje": "1.088331","porcentaje_round": "1.08","indigena": 0}}},{"d":7,"des":[{"mu":21,"s":0},{"mu":41,"s":0},{"mu":50,"s":0},{"mu":53,"s":0},{"mu":73,"s":0},{"mu":89,"s":0},{"mu":91,"s":0},{"mu":108,"s":0},{"mu":114,"s":0},{"mu":120,"s":0}],"p":[{"t":1, "v":"379042"},{"t":4, "v":"0"},{"t":5, "v":"2.40"},{"t":6, "v":"8899"},{"t":7, "v":"0.025690"},{"t":8, "v":"0.205651"}],"process": {"partes": 1,"municipios": {"enteros": [{ "id": 21,"name": "COATEPEC HARINAS","indigena": 0},{ "id": 41,"name": "IXTAPAN DE LA SAL","indigena": 0},{ "id": 50,"name": "JOQUICINGO","indigena": 0},{ "id": 53,"name": "MALINALCO","indigena": 0},{ "id": 73,"name": "RAYON","indigena": 0},{ "id": 89,"name": "TENANCINGO","indigena": 0},{ "id": 91,"name": "TENANGO DEL VALLE","indigena": 0},{ "id": 108,"name": "TONATICO","indigena": 0},{ "id": 114,"name": "VILLA GUERRERO","indigena": 0},{ "id": 120,"name": "ZUMPAHUACAN","indigena": 0}],"fracciones": []},"indigenas": {"poblacion": "379042","pindigenas": "2484","porcentaje": "0.655626","porcentaje_round": "0.65","indigena": 0}}},{"d":8,"des":[{"mu":33,"s":0},{"mu":75,"s":0},{"mu":112,"s":0},{"mu":115,"s":0},{"mu":124,"s":0}],"p":[{"t":1, "v":"388095"},{"t":4, "v":"0"},{"t":5, "v":"4.85"},{"t":6, "v":"17952"},{"t":7, "v":"0.104545"},{"t":8, "v":"0.433332"}],"process": {"partes": 1,"municipios": {"enteros": [{ "id": 33,"name": "DONATO GUERRA","indigena": 0},{ "id": 75,"name": "SAN FELIPE DEL PROGRESO","indigena": 1},{ "id": 112,"name": "VILLA DE ALLENDE","indigena": 0},{ "id": 115,"name": "VILLA VICTORIA","indigena": 0},{ "id": 124,"name": "SAN JOSE DEL RINCON","indigena": 0}],"fracciones": []},"indigenas": {"poblacion": "388095","pindigenas": "138357","porcentaje": "35.659024","porcentaje_round": "35.65","indigena": 0}}},{"d":9,"des":[{"mu":38,"s":0},{"mu":47,"s":0},{"mu":68,"s":0},{"mu":116,"s":0}],"p":[{"t":1, "v":"394122"},{"t":4, "v":"0"},{"t":5, "v":"6.48"},{"t":6, "v":"23979"},{"t":7, "v":"0.186527"},{"t":8, "v":"0.597173"}],"process": {"partes": 1,"municipios": {"enteros": [{ "id": 38,"name": "HUIXQUILUCAN","indigena": 0},{ "id": 47,"name": "JILOTZINGO","indigena": 0},{ "id": 68,"name": "OTZOLOTEPEC","indigena": 0},{ "id": 116,"name": "XONACATLAN","indigena": 0}],"fracciones": []},"indigenas": {"poblacion": "394122","pindigenas": "31697","porcentaje": "8.042964","porcentaje_round": "8.04","indigena": 0}}},{"d":10,"des":[{"mu":9,"s":0},{"mu":15,"s":0},{"mu":17,"s":0},{"mu":35,"s":0},{"mu":40,"s":[6144,6145,6146,6147,6148,6149,6150,6151,6152,6153,6154,6155,6156,6157,6158,6159,6160,6161,6162,6163,6164,6165,6166,6167,6168,6169,6170,6140,6141,6142,6143,2149,2150,2151,2152,2153,2154,2155,2157,2159,2160,2161,2162,6109,6110,6111,6112,6113,6114,6115,6116,6117,6118,6119,6120,6124,6125,6126,6127,6128,6129,6130,6131,6137,6138,6139]},{"mu":51,"s":0},{"mu":69,"s":0},{"mu":90,"s":0},{"mu":95,"s":0},{"mu":104,"s":0}],"p":[{"t":1, "v":"343032"},{"t":4, "v":"0"},{"t":5, "v":"-7.32"},{"t":6, "v":"-27111"},{"t":7, "v":"0.238434"},{"t":8, "v":"0.451251"}],"process": {"partes": 1,"municipios": {"enteros": [{ "id": 9,"name": "AMECAMECA","indigena": 0},{ "id": 15,"name": "ATLAUTLA","indigena": 0},{ "id": 17,"name": "AYAPANGO","indigena": 0},{ "id": 35,"name": "ECATZINGO","indigena": 0},{ "id": 51,"name": "JUCHITEPEC","indigena": 0},{ "id": 69,"name": "OZUMBA","indigena": 0},{ "id": 90,"name": "TENANGO DEL AIRE","indigena": 0},{ "id": 95,"name": "TEPETLIXPA","indigena": 0},{ "id": 104,"name": "TLALMANALCO","indigena": 0}],"fracciones": [{ "id": 40,"name": "IXTAPALUCA","indigena": 0}]},"indigenas": {"poblacion": "343032","pindigenas": "7979","porcentaje": "2.326311","porcentaje_round": "2.32","indigena": 0}}},{"d":11,"des":[{"mu":22,"s":0},{"mu":26,"s":0},{"mu":84,"s":0}],"p":[{"t":1, "v":"333606"},{"t":4, "v":"0"},{"t":5, "v":"-9.87"},{"t":6, "v":"-36537"},{"t":7, "v":"0.433056"},{"t":8, "v":"0.406381"}],"process": {"partes": 1,"municipios": {"enteros": [{ "id": 22,"name": "COCOTITLAN","indigena": 0},{ "id": 26,"name": "CHALCO","indigena": 0},{ "id": 84,"name": "TEMAMATLA","indigena": 0}],"fracciones": []},"indigenas": {"poblacion": "333606","pindigenas": "17269","porcentaje": "5.176600","porcentaje_round": "5.17","indigena": 0}}},{"d":12,"des":[{"mu":40,"s":[2073,2074,2075,2076,2077,2078,2079,2080,2082,2087,2088,2089,2090,2091,2092,2093,2094,2095,2097,2098,2099,2100,2101,2102,2103,2104,2105,2106,2107,2108,2109,2110,2111,2112,2113,2122,2123,2124,2125,2126,2127,2128,2130,2131,2132,2133,2134,2135,2136,2137,2138,2139,2140,2141,2142,2143,2144,2145,2146,2147,2148,2156,2158,2163,6050,6051,6052,6053,6054,6055,6056,6057,6058,6059,6060,6061,6062,6063,6064,6065,6066,6067,6068,6069,6070,6071,6072,6073,6074,6075,6076,6077,6078,6079,6080,6081,6082,6083,6084,6085,6086,6087,6088,6089,6090,6091,6092,6093,6094,6095,6096,6097,6098,6099,6100,6101,6102,6103,6104,6105,6106,6107,6108,6121,6122,6123,6132,6133,6134,6135,6136,6233,6234,6235,6236,6237,6238,6239,6240,6241,6242,6243,6244,6245,6246,6247,6248,6249,6250,6251,6252,6253,6254,6255,6256,6257,6258,6259,6260,6261]}],"p":[{"t":1, "v":"344321"},{"t":4, "v":"0"},{"t":5, "v":"-6.98"},{"t":6, "v":"-25822"},{"t":7, "v":"0.216300"},{"t":8, "v":"0.131820"}],"process": {"partes": 1,"municipios": {"enteros": [],"fracciones": [{ "id": 40,"name": "IXTAPALUCA","indigena": 0}]},"indigenas": {"poblacion": "344321","pindigenas": "16560","porcentaje": "4.810000","porcentaje_round": "4.81","indigena": 0}}},{"d":13,"des":[{"mu":2,"s":0},{"mu":16,"s":0},{"mu":29,"s":0},{"mu":62,"s":0},{"mu":66,"s":0},{"mu":70,"s":0},{"mu":76,"s":0},{"mu":85,"s":0},{"mu":93,"s":0},{"mu":94,"s":0},{"mu":904,"s":0}],"p":[{"t":1, "v":"356120"},{"t":4, "v":"0"},{"t":5, "v":"-3.79"},{"t":6, "v":"-14023"},{"t":7, "v":"0.063791"},{"t":8, "v":"0.268809"}],"process": {"partes": 1,"municipios": {"enteros": [{ "id": 2,"name": "ACOLMAN","indigena": 0},{ "id": 16,"name": "AXAPUSCO","indigena": 0},{ "id": 29,"name": "CHIAUTLA","indigena": 0},{ "id": 62,"name": "NOPALTEPEC","indigena": 0},{ "id": 66,"name": "OTUMBA","indigena": 0},{ "id": 70,"name": "PAPALOTLA","indigena": 0},{ "id": 76,"name": "SAN MARTIN DE LAS PIRAMIDES SUR","indigena": 0},{ "id": 85,"name": "TEMASCALAPA","indigena": 0},{ "id": 93,"name": "TEOTIHUACAN","indigena": 0},{ "id": 94,"name": "TEPETLAOXTOC","indigena": 0},{ "id": 904,"name": "SAN MARTIN DE LAS PIRAMIDES NORTE","indigena": 0}],"fracciones": []},"indigenas": {"poblacion": "356120","pindigenas": "10498","porcentaje": "2.948129","porcentaje_round": "2.94","indigena": 0}}},{"d":14,"des":[{"mu":11,"s":0},{"mu":31,"s":0},{"mu":100,"s":0},{"mu":101,"s":0}],"p":[{"t":1, "v":"347589"},{"t":4, "v":"0"},{"t":5, "v":"-6.09"},{"t":6, "v":"-22554"},{"t":7, "v":"0.165015"},{"t":8, "v":"0.424152"}],"process": {"partes": 1,"municipios": {"enteros": [{ "id": 11,"name": "ATENCO","indigena": 0},{ "id": 31,"name": "CHICONCUAC","indigena": 0},{ "id": 100,"name": "TEXCOCO","indigena": 0},{ "id": 101,"name": "TEZOYUCA","indigena": 0}],"fracciones": []},"indigenas": {"poblacion": "347589","pindigenas": "17140","porcentaje": "4.932420","porcentaje_round": "4.93","indigena": 0}}},{"d":15,"des":[{"mu":122,"s":0}],"p":[{"t":1, "v":"357648"},{"t":4, "v":"0"},{"t":5, "v":"-3.38"},{"t":6, "v":"-12495"},{"t":7, "v":"0.050646"},{"t":8, "v":"0.178918"}],"process": {"partes": 1,"municipios": {"enteros": [{ "id": 122,"name": "VALLE DE CHALCO SOLIDARIDAD","indigena": 0}],"fracciones": []},"indigenas": {"poblacion": "357648","pindigenas": "28858","porcentaje": "8.070000","porcentaje_round": "8.07","indigena": 0}}},{"d":16,"des":[{"mu":30,"s":0},{"mu":32,"s":[1158,1159,1172,1173,1192,1210,1211,1212,1236,1237,1238,1274,1275,1171,1276,5968,5969,5970,5966,5967,5971,5972,5973,5974,5975,5976,5977,5978,5979,5980,5981,5982,5983,5984,5985,5986,5987,5988,5989,5990]}],"p":[{"t":1, "v":"355448"},{"t":4, "v":"0"},{"t":5, "v":"-3.97"},{"t":6, "v":"-14695"},{"t":7, "v":"0.070051"},{"t":8, "v":"0.281918"}],"process": {"partes": 1,"municipios": {"enteros": [{ "id": 30,"name": "CHICOLOAPAN","indigena": 0}],"fracciones": [{ "id": 32,"name": "CHIMALHUACAN","indigena": 0}]},"indigenas": {"poblacion": "355448","pindigenas": "22765","porcentaje": "6.405728","porcentaje_round": "6.40","indigena": 0}}},{"d":17,"des":[{"mu":32,"s":[1149,1150,1151,1152,1153,1154,1155,1156,1157,1160,1161,1162,1163,1164,1165,1166,1167,1168,1169,1170,1174,1175,1176,1177,1178,1179,1180,1181,1182,1183,1184,1185,1186,1187,1188,1189,1190,1191,1193,1194,1195,1196,1197,1198,1199,1200,1201,1202,1203,1204,1205,1206,1207,1208,1209,1213,1214,1215,1216,1217,1218,1219,1220,1221,1222,1223,1224,1225,1226,1227,1228,1229,1230,1231,1232,1233,1234,1235,1239,1267,1268,1271,1272,1273,1278,1279,1280,1281,1282,1283,1284]}],"p":[{"t":1, "v":"353992"},{"t":4, "v":"0"},{"t":5, "v":"-4.36"},{"t":6, "v":"-16151"},{"t":7, "v":"0.084621"},{"t":8, "v":"0.036638"}],"process": {"partes": 1,"municipios": {"enteros": [],"fracciones": [{ "id": 32,"name": "CHIMALHUACAN","indigena": 0}]},"indigenas": {"poblacion": "353992","pindigenas": "33832","porcentaje": "9.560000","porcentaje_round": "9.56","indigena": 0}}},{"d":18,"des":[{"mu":32,"s":[1240,1241,1242,1243,1244,1245,1246,1247,1248,1249,1250,1251,1252,1255,1256,1257,1266,1270,1285,5954,5955,5956,5957,5958,5959,5960,5961,5962,5963,5964,5965]},{"mu":71,"s":0}],"p":[{"t":1, "v":"349894"},{"t":4, "v":"0"},{"t":5, "v":"-5.47"},{"t":6, "v":"-20249"},{"t":7, "v":"0.133010"},{"t":8, "v":"0.174195"}],"process": {"partes": 1,"municipios": {"enteros": [{ "id": 71,"name": "LA PAZ","indigena": 0}],"fracciones": [{ "id": 32,"name": "CHIMALHUACAN","indigena": 0}]},"indigenas": {"poblacion": "349894","pindigenas": "28986","porcentaje": "8.286696","porcentaje_round": "8.28","indigena": 0}}},{"d":19,"des":[{"mu":60,"s":[3107,3108,3109,3110,3111,3112,3113,3114,3115,3116,3117,3118,3119,3120,3121,3122,3123,3124,3125,3126,3127,3128,3129,3130,3131,3132,3133,3134,3135,3136,3137,3138,3139,3140,3141,3142,3143,3144,3145,3146,3147,3148,3149,3150,3151,3152,3153,3154,3155,3156,3157,3158,3159,3160,3161,3162,3163,3164,3165,3166,3167,3168,3169,3170,3171,3172,3173,3174,3175,3176,3177,3178,3179,3180,3181,3182,3183,3184,3185,3186,3194,3195,3196,3197,3198,3199,3200,3201,3202,3203,3204,3205,3206,3207,3208,3209,3210,3211,3212,3213,3214,3215,3216,3217,3218,3219,3220,3221,3222,3223,3224,3225,3226,3227,3228,3229,3230,3231,3232,3233,3234,3235,3236,3237,3238,3239,3240,3241,3242,3243,3244,3245,3246,3247,3248,3249,3250,3251,3252,3253,3254,3255,3256,3257,3258,3259,3260,3261,3262,3263,3264,3265,3266,3267,3268,3269,3270,3271,3272,3273,3274,3275,3276,3277,3278,3279,3280,3281,3282,3283,3287,3288,3350,3351,3352,3353,3354,3355,3372,3373,3374,3375,3376,3377,3378,3379,3380,3381,3382,3383,3393,3394,3395,3396,3397,3398,3399,3407,3408,3409,3410,3411,3412,3426,3427,3428,3429,3430,3431,3432,3433,3434,3450,3451]}],"p":[{"t":1, "v":"363648"},{"t":4, "v":"0"},{"t":5, "v":"-1.75"},{"t":6, "v":"-6495"},{"t":7, "v":"0.013685"},{"t":8, "v":"0.341257"}],"process": {"partes": 1,"municipios": {"enteros": [],"fracciones": [{ "id": 60,"name": "NEZAHUALCOYOTL","indigena": 0}]},"indigenas": {"poblacion": "363648","pindigenas": "12180","porcentaje": "3.350000","porcentaje_round": "3.35","indigena": 0}}},{"d":20,"des":[{"mu":60,"s":[1253,1254,1258,1259,1260,1261,1262,1263,1264,1265,3053,3054,3055,3056,3057,3058,3059,3060,3064,3065,3066,3067,3068,3069,3070,3071,3072,3073,3089,3090,3091,3092,3093,3094,3095,3096,3097,3497,3511,3512,3513,3514,3515,3516,3517,3518,3519,3520,3521,3522,3523,3524,3525,3526,3527,3528,3529,3530,3531,3532,3533,3534,3535,3536,3537,3538,3539,3540,3541,3542,3543,3544,3545,3546,3547,3548,3549,3550,3551,3552,3553,3554,3555,3556,3557,3558,3559,3560,3561,3562,3563,3564,3565,3566,3567,3568,3569,3570,3571,3572,3573,3574,3575,3576,3577,3578,3590,3591,3592,3593,3594,3595,3596,3597,3598,3599,3600,3601,3602,3603,3604,3605,3606,3607,3608,3609,3610,3611,3612,3613,3622,3623,3624,3625,3626,3627,3628,3629,3630,3631,3632,3633,3634,3635,3636,3637,3638,3639,3640,3650,3651,3652,3653,3654,3655,3656,3657,3658,3659,3660,3661,3662,3663,3664,3665,3666,3667,3668,3669,3670,3671,3672,3673,3674,3675,3676,3677,3678,3679,3680,3681,3682,3683,3684,3685,3686,3687,3688,3689,3690,3691,3692,3693,3694,3695,3696,3697,3698,3699,3700,3701,3702,3703,3704,3705,3706,3707,3708,3709,3710,3711,3712,3713,3714,3715,3716,3717,3718,3719,3720,3721,3722]}],"p":[{"t":1, "v":"364305"},{"t":4, "v":"0"},{"t":5, "v":"-1.58"},{"t":6, "v":"-5838"},{"t":7, "v":"0.011056"},{"t":8, "v":"0.039809"}],"process": {"partes": 1,"municipios": {"enteros": [],"fracciones": [{ "id": 60,"name": "NEZAHUALCOYOTL","indigena": 0}]},"indigenas": {"poblacion": "364305","pindigenas": "12204","porcentaje": "3.350000","porcentaje_round": "3.35","indigena": 0}}},{"d":21,"des":[{"mu":60,"s":[3046,3047,3048,3049,3050,3051,3052,3061,3062,3063,3074,3075,3076,3077,3078,3079,3080,3081,3082,3083,3084,3085,3086,3087,3088,3098,3099,3100,3101,3102,3103,3104,3105,3106,3284,3285,3286,3289,3290,3291,3292,3293,3294,3295,3296,3297,3298,3299,3300,3301,3302,3303,3304,3305,3306,3307,3308,3309,3310,3311,3312,3313,3314,3315,3316,3317,3318,3319,3320,3321,3322,3323,3324,3325,3326,3327,3328,3329,3330,3331,3332,3333,3334,3335,3336,3337,3338,3339,3340,3341,3342,3343,3344,3345,3346,3347,3348,3349,3356,3357,3358,3359,3360,3361,3362,3363,3364,3365,3366,3367,3368,3369,3370,3371,3384,3385,3386,3387,3388,3389,3390,3391,3392,3400,3401,3402,3403,3404,3405,3406,3413,3414,3415,3416,3417,3418,3419,3420,3421,3422,3423,3424,3425,3435,3436,3437,3438,3439,3440,3441,3442,3443,3444,3445,3446,3447,3448,3449,3452,3453,3454,3455,3456,3457,3458,3459,3460,3461,3462,3463,3464,3465,3466,3467,3468,3469,3470,3471,3472,3473,3474,3475,3476,3477,3478,3479,3480,3481,3482,3483,3484,3485,3486,3487,3488,3489,3490,3491,3492,3493,3494,3495,3496,3498,3499,3500,3501,3502,3503,3504,3505,3506,3507,3508,3509,3510,3579,3580,3581,3582,3583,3584,3585,3586,3587,3588,3589,3614,3615,3616,3617,3618,3619,3620,3621,3641,3642,3643,3644,3645,3646,3647,3648,3649]}],"p":[{"t":1, "v":"363716"},{"t":4, "v":"0"},{"t":5, "v":"-1.74"},{"t":6, "v":"-6427"},{"t":7, "v":"0.013400"},{"t":8, "v":"0.025864"}],"process": {"partes": 1,"municipios": {"enteros": [],"fracciones": [{ "id": 60,"name": "NEZAHUALCOYOTL","indigena": 0}]},"indigenas": {"poblacion": "363716","pindigenas": "12183","porcentaje": "3.350000","porcentaje_round": "3.35","indigena": 0}}},{"d":22,"des":[{"mu":34,"s":[1302,1305,1306,1307,1308,1309,1310,1311,1312,1313,1314,1315,1316,1317,1318,1319,1320,1321,1323,1324,1325,1326,1327,1328,1329,1330,1331,1332,1333,1334,1335,1336,1337,1338,1339,1340,1341,1342,1343,1344,1345,1346,1347,1348,1349,1350,1351,1352,1353,1354,1355,1356,1357,1358,1359,1360,1361,1362,1363,1364,1365,1366,1367,1368,1369,1370,1371,1393,1501,1502,1503,1504,1505,1506,1507,1508,1509,1510,1511,1512,1513,1514,1515,1516,1517,1519,1520,1521,1522,1523,1524,1525,1526,1527,1528,1836,1856,1857,1860,5991,5992,5993,5994,5995,5996,5997,5998,5999,6000,6001,6002,6003,6004,6005,6006,6007,6008,6009,6010,6011,6019,6020,6021,6022,6023,6208,6209,6210,6211,6212,6213,6214,6215,6216,6217,6218,6219,6220,6221,6222,6223,6224,6225,6226,6227,6228,6229,6230,6231,6232]}],"p":[{"t":1, "v":"370919"},{"t":4, "v":"0"},{"t":5, "v":"0.21"},{"t":6, "v":"776"},{"t":7, "v":"0.000195"},{"t":8, "v":"0.123351"}],"process": {"partes": 1,"municipios": {"enteros": [],"fracciones": [{ "id": 34,"name": "ECATEPEC DE MORELOS","indigena": 0}]},"indigenas": {"poblacion": "370919","pindigenas": "15355","porcentaje": "4.140000","porcentaje_round": "4.14","indigena": 0}}},{"d":23,"des":[{"mu":34,"s":[1518,1529,1530,1531,1532,1533,1535,1536,1537,1538,1539,1540,1541,1542,1543,1544,1545,1546,1547,1548,1549,1550,1551,1552,1553,1554,1555,1556,1557,1558,1559,1560,1561,1562,1563,1564,1565,1566,1567,1568,1569,1570,1571,1572,1573,1574,1575,1576,1577,1578,1579,1580,1582,1583,1587,1591,1592,1593,1594,1821,1833,1834,1837,1838,1839,1840,1841,1842,1843,1844,1845,1846,1847,1848,1849,1850,1851,1852,1853,1854,1855,1858,1859,1861,1862,1863,1864,1865,1866,1867,1868,1869,1870,1871,1872,1873,1874,1875,1876,1877,1878,1879,1880,1881,1882,1883,1884,1885,1886,1887,1888,1889,1890,1891,1892,1893,1894,1895,1896,1897,1898,1899,1900,1901,1902,1903,1904,1905,1906,1907,1908,1909,1910,1911,1912,1913,1914,1915,1916,1917,1918,1919,1920,1921,1922,1923,1924,1925,1926,1927,1928,1929,1930,1931,1932,1933,1934,1935,1936,1937,1938,1939,1940,1941,1942,1943,1944,1945,1946,1947,1948,1949,1950,1951,6481,6482,6483,6486,6487,6488,6492,6493,6494,6495,6498]}],"p":[{"t":1, "v":"374920"},{"t":4, "v":"0"},{"t":5, "v":"1.29"},{"t":6, "v":"4777"},{"t":7, "v":"0.007403"},{"t":8, "v":"0.133377"}],"process": {"partes": 1,"municipios": {"enteros": [],"fracciones": [{ "id": 34,"name": "ECATEPEC DE MORELOS","indigena": 0}]},"indigenas": {"poblacion": "374920","pindigenas": "15520","porcentaje": "4.140000","porcentaje_round": "4.14","indigena": 0}}},{"d":24,"des":[{"mu":34,"s":[1735,1736,1737,1738,1739,1740,1741,1742,1743,1744,1745,1746,1747,1748,1749,1750,1751,1752,1753,1754,1755,1756,1757,1758,1759,1760,1761,1762,1763,1764,1765,1766,1767,1768,1769,1770,1771,1772,1773,1774,1775,1776,1777,1778,1779,1780,1782,1783,1784,1785,1786,1787,1788,1789,1790,1791,1792,1793,1794,1795,1796,1797,1798,1799,1800,1801,1802,1803,1804,1805,1806,1807,1808,1809,1810,1811,6016,6017,6014,6015,1812,1813,1814,1815,1816,1817,1818,1819,1820,1823,1824,1825,1826,1827,1828,1829,1830,1831,1832,1835,6012,6013,6018,6024,6025,6026,6027,6028,6029,6030,6031,6032,6033,6034,6035,6036,6037,6038,6039,6040,6041,6042,6043,6044,6045,6046,6047,6048,6049,6484,6485,6489,6490,6491,6496,6497]}],"p":[{"t":1, "v":"370534"},{"t":4, "v":"0"},{"t":5, "v":"0.11"},{"t":6, "v":"391"},{"t":7, "v":"0.000050"},{"t":8, "v":"0.134900"}],"process": {"partes": 1,"municipios": {"enteros": [],"fracciones": [{ "id": 34,"name": "ECATEPEC DE MORELOS","indigena": 0}]},"indigenas": {"poblacion": "370534","pindigenas": "15338","porcentaje": "4.140000","porcentaje_round": "4.14","indigena": 0}}},{"d":25,"des":[{"mu":34,"s":[1372,1373,1374,1375,1376,1377,1378,1379,1380,1381,1382,1383,1384,1385,1386,1387,1388,1389,1390,1391,1392,1394,1395,1396,1397,1398,1399,1400,1401,1402,1403,1404,1405,1406,1407,1408,1411,1412,1413,1414,1415,1416,1417,1418,1419,1421,1422,1423,1434,1435,1436,1437,1438,1448,1449,1450,1451,1452,1469,1470,1471,1489,1490,1491,1492,1493,1494,1495,1496,1497,1498,1534,1595,1596,1597,1598,1610,1611,1612]},{"mu":901,"s":0}],"p":[{"t":1, "v":"374475"},{"t":4, "v":"0"},{"t":5, "v":"1.17"},{"t":6, "v":"4332"},{"t":7, "v":"0.006088"},{"t":8, "v":"0.113189"}],"process": {"partes": 1,"municipios": {"enteros": [{ "id": 901,"name": "TLALNEPANTLA DE BAZ ORIENTE","indigena": 0}],"fracciones": [{ "id": 34,"name": "ECATEPEC DE MORELOS","indigena": 0}]},"indigenas": {"poblacion": "374475","pindigenas": "14415","porcentaje": "3.850358","porcentaje_round": "3.85","indigena": 0}}},{"d":26,"des":[{"mu":34,"s":[1409,1410,1420,1424,1425,1426,1427,1428,1429,1430,1431,1432,1433,1439,1440,1441,1442,1443,1444,1445,1446,1447,1453,1454,1455,1456,1457,1458,1459,1460,1461,1462,1463,1464,1465,1466,1467,1468,1472,1473,1474,1475,1476,1477,1478,1479,1480,1481,1482,1483,1484,1485,1486,1487,1488,1499,1500,1581,1584,1585,1586,1588,1589,1590,1599,1600,1601,1602,1603,1604,1605,1606,1607,1608,1609,1613,1614,1615,1616,1617,1618,1619,1620,1621,1622,1623,1624,1625,1626,1627,1628,1629,1630,1631,1632,1633,1634,1635,1636,1637,1638,1639,1640,1641,1642,1643,1644,1645,1646,1647,1648,1649,1650,1651,1652,1653,1654,1655,1656,1657,1658,1659,1660,1661,1662,1663,1664,1665,1666,1667,1668,1669,1670,1671,1672,1673,1674,1675,1676,1677,1678,1679,1680,1681,1682,1683,1684,1685,1686,1687,1688,1689,1690,1691,1692,1693,1694,1695,1696,1697,1698,1699,1700,1701,1702,1703,1704,1705,1706,1707,1708,1709,1710,1711,1712,1713,1714,1715,1716,1717,1718,1719,1720,1721,1722,1723,1724,1725,1726,1727,1729,1730,1732,1733,1734]}],"p":[{"t":1, "v":"374361"},{"t":4, "v":"0"},{"t":5, "v":"1.14"},{"t":6, "v":"4218"},{"t":7, "v":"0.005772"},{"t":8, "v":"0.024659"}],"process": {"partes": 1,"municipios": {"enteros": [],"fracciones": [{ "id": 34,"name": "ECATEPEC DE MORELOS","indigena": 0}]},"indigenas": {"poblacion": "374361","pindigenas": "15496","porcentaje": "4.140000","porcentaje_round": "4.14","indigena": 0}}},{"d":27,"des":[{"mu":82,"s":0}],"p":[{"t":1, "v":"363101"},{"t":4, "v":"0"},{"t":5, "v":"-1.90"},{"t":6, "v":"-7042"},{"t":7, "v":"0.016087"},{"t":8, "v":"0.331233"}],"process": {"partes": 1,"municipios": {"enteros": [{ "id": 82,"name": "TECAMAC","indigena": 0}],"fracciones": []},"indigenas": {"poblacion": "363101","pindigenas": "11001","porcentaje": "3.030000","porcentaje_round": "3.03","indigena": 0}}},{"d":28,"des":[{"mu":107,"s":[5178,5179,5194,5195,5196,5197,5198,5199,5200,5201,5202,5203,5204,5205,5206,5207,5208,5209,5210,5211,5212,5213,5214,5215,5216,5217,5218,5219,5220,5221,5222,5223,5224,5225,5226,5227,5228,5229,5230,5231,5232,5233,5234,5235,5236,5237,5238,5239,5240,5241,5242,5243,5244,5245,5246,5247,5248,5249,5250,5251,5252,5253,5254,5255,5256,5257,5258,5259,5260,5261,5262,5263,5264,5265,5279,5280,5281,5282,5283,5289,5290,5291,5292,5293,5294,5295,5296,5297,5298,5299,5300,5301,5307,5308,5309,5310,5311,5312,5313,5314,5315,5316,5317,5318,5319,5320,5321,5322,5323,5324,5325,5326,5327,5328,5329,5330,5331,5332,5333,5334,5335,5336,5337,5338,5339,5340,5341,5342,5343,5344,5345,5346,5347,5348,5349,5350,5351,5352,5353,5417,5418,5419,5420,5421,5422,5423,5424,5425,5426,5427,5428,5429,5430,5431,5432,5433,5434,5435,5436,5437,5438,5439,5440]}],"p":[{"t":1, "v":"409423"},{"t":4, "v":"0"},{"t":5, "v":"10.61"},{"t":6, "v":"39280"},{"t":7, "v":"0.500521"},{"t":8, "v":"0.368631"}],"process": {"partes": 1,"municipios": {"enteros": [],"fracciones": [{ "id": 107,"name": "TOLUCA","indigena": 0}]},"indigenas": {"poblacion": "409423","pindigenas": "32547","porcentaje": "7.950000","porcentaje_round": "7.95","indigena": 0}}},{"d":29,"des":[{"mu":107,"s":[3922,5169,5170,5171,5172,5173,5174,5175,5176,5177,5180,5181,5182,5183,5184,5185,5186,5187,5188,5189,5190,5191,5192,5193,5266,5267,5268,5269,5270,5271,5272,5273,5274,5275,5276,5277,5278,5284,5285,5286,5287,5288,5302,5303,5304,5305,5306,5354,5355,5356,5357,5358,5359,5360,5361,5362,5363,5364,5365,5367,5368,5369,5370,5371,5372,5373,5374,5375,5376,5377,5378,5379,5380,5381,5382,5383,5384,5385,5386,5387,5388,5389,5390,5391,5392,5393,5394,5395,5396,5397,5398,5399,5400,5401,5402,5403,5404,5405,5406,5407,5408,5409,5410,5411,5412,5413,5414,5415,5416,6433,6434,6435,6436,6437,6438,6439,6440,6441,6442,6443,6444,6445,6446,6447,6448,6449,6450,6451,6452,6453,6454,6455,6456,6457,6458,6459,6460,6461,6462]}],"p":[{"t":1, "v":"408666"},{"t":4, "v":"0"},{"t":5, "v":"10.41"},{"t":6, "v":"38523"},{"t":7, "v":"0.481415"},{"t":8, "v":"0.331661"}],"process": {"partes": 1,"municipios": {"enteros": [],"fracciones": [{ "id": 107,"name": "TOLUCA","indigena": 0}]},"indigenas": {"poblacion": "408666","pindigenas": "32483","porcentaje": "7.950000","porcentaje_round": "7.95","indigena": 0}}},{"d":30,"des":[{"mu":10,"s":0},{"mu":36,"s":0},{"mu":37,"s":0},{"mu":97,"s":0},{"mu":121,"s":0}],"p":[{"t":1, "v":"361043"},{"t":4, "v":"0"},{"t":5, "v":"-2.46"},{"t":6, "v":"-9100"},{"t":7, "v":"0.026863"},{"t":8, "v":"0.439640"}],"process": {"partes": 1,"municipios": {"enteros": [{ "id": 10,"name": "APAXCO","indigena": 0},{ "id": 36,"name": "HUEHUETOCA","indigena": 0},{ "id": 37,"name": "HUEYPOXTLA","indigena": 0},{ "id": 97,"name": "TEQUIXQUIAC","indigena": 0},{ "id": 121,"name": "ZUMPANGO","indigena": 0}],"fracciones": []},"indigenas": {"poblacion": "361043","pindigenas": "9369","porcentaje": "2.595443","porcentaje_round": "2.59","indigena": 0}}},{"d":31,"des":[{"mu":20,"s":0},{"mu":45,"s":0},{"mu":902,"s":[5589,5590,5591,5592,5593,5594,5595,5601,5602,5603,5604,5605,5606,5607,5608,5610,5611,5612,5613,5614,5615,5616,5617,5618,5619,5620,5621,5622,5623,5624]}],"p":[{"t":1, "v":"359901"},{"t":4, "v":"0"},{"t":5, "v":"-2.77"},{"t":6, "v":"-10242"},{"t":7, "v":"0.034029"},{"t":8, "v":"0.151299"}],"process": {"partes": 1,"municipios": {"enteros": [{ "id": 20,"name": "COACALCO DE BERRIOZABAL","indigena": 0},{ "id": 45,"name": "JALTENCO SUR","indigena": 0}],"fracciones": [{ "id": 902,"name": "TULTITLAN NORTE","indigena": 0}]},"indigenas": {"poblacion": "359901","pindigenas": "6711","porcentaje": "1.864819","porcentaje_round": "1.86","indigena": 0}}},{"d":32,"des":[{"mu":23,"s":0},{"mu":24,"s":0},{"mu":92,"s":0},{"mu":96,"s":0},{"mu":113,"s":0}],"p":[{"t":1, "v":"342908"},{"t":4, "v":"0"},{"t":5, "v":"-7.36"},{"t":6, "v":"-27235"},{"t":7, "v":"0.240620"},{"t":8, "v":"0.756966"}],"process": {"partes": 1,"municipios": {"enteros": [{ "id": 23,"name": "COYOTEPEC","indigena": 0},{ "id": 24,"name": "CUAUTITLAN","indigena": 0},{ "id": 92,"name": "TEOLOYUCAN","indigena": 0},{ "id": 96,"name": "TEPOTZOTLAN","indigena": 0},{ "id": 113,"name": "VILLA DEL CARBON","indigena": 0}],"fracciones": []},"indigenas": {"poblacion": "342908","pindigenas": "9927","porcentaje": "2.895036","porcentaje_round": "2.89","indigena": 0}}},{"d":33,"des":[{"mu":54,"s":0},{"mu":59,"s":0},{"mu":109,"s":0},{"mu":125,"s":0},{"mu":902,"s":[5568,5569,5570,5571,5572,5573,5574,5575,5576,5577,5578,5579,5580,5581,5582,5583,5584,5585,5586,5587,5588,5596,5597,5598,5599,5600,5609,5625]},{"mu":903,"s":0}],"p":[{"t":1, "v":"358252"},{"t":4, "v":"0"},{"t":5, "v":"-3.21"},{"t":6, "v":"-11891"},{"t":7, "v":"0.045868"},{"t":8, "v":"0.217150"}],"process": {"partes": 1,"municipios": {"enteros": [{ "id": 54,"name": "MELCHOR OCAMPO","indigena": 0},{ "id": 59,"name": "NEXTLALPAN","indigena": 0},{ "id": 109,"name": "TULTEPEC","indigena": 0},{ "id": 125,"name": "TONANITLA","indigena": 0},{ "id": 903,"name": "JALTENCO NORTE","indigena": 0}],"fracciones": [{ "id": 902,"name": "TULTITLAN NORTE","indigena": 0}]},"indigenas": {"poblacion": "358252","pindigenas": "13022","porcentaje": "3.635609","porcentaje_round": "3.63","indigena": 0}}},{"d":34,"des":[{"mu":110,"s":0}],"p":[{"t":1, "v":"330292"},{"t":4, "v":"0"},{"t":5, "v":"-10.77"},{"t":6, "v":"-39851"},{"t":7, "v":"0.515177"},{"t":8, "v":"0.203909"}],"process": {"partes": 1,"municipios": {"enteros": [{ "id": 110,"name": "TULTITLAN SUR","indigena": 0}],"fracciones": []},"indigenas": {"poblacion": "330292","pindigenas": "9443","porcentaje": "2.860000","porcentaje_round": "2.86","indigena": 0}}},{"d":35,"des":[{"mu":13,"s":[250,251,252,253,254,255,256,257,271,272,273,274,275,276,277,278,279,282,283,284,285,286,287,288,289,299,300,301,302,303,304,305,306,307,308,309,310,311,312,313,314,322,323,324,325,326,327,328,329,330,331,332,333,334,335,336,337,338,339,340,341,342,343,344,350,351,352,353,354,355,356,357,358,359,360,361,362,371,372,373,374,375,376,377,378,379,380,381,382,383,384,385,386,388,389,390,391,392,393,394,395,396,397,398,399,400,401,402,403,404,405,406,407,408,409,410,411,412,413,414,415,416,280,281]}],"p":[{"t":1, "v":"369274"},{"t":4, "v":"0"},{"t":5, "v":"-0.23"},{"t":6, "v":"-869"},{"t":7, "v":"0.000245"},{"t":8, "v":"0.213018"}],"process": {"partes": 1,"municipios": {"enteros": [],"fracciones": [{ "id": 13,"name": "ATIZAPAN DE ZARAGOZA","indigena": 0}]},"indigenas": {"poblacion": "369274","pindigenas": "14066","porcentaje": "3.810000","porcentaje_round": "3.81","indigena": 0}}},{"d":36,"des":[{"mu":13,"s":[258,259,260,261,262,263,264,265,266,267,268,269,270,290,291,292,293,294,295,296,297,298,315,316,317,318,319,320,321,345,346,347,348,349,363,364,365,366,367,368,369,370,387]},{"mu":25,"s":[832,840,841,842,843,844,845,846,847,848,849,851,852,853,854,855,856,857,858,859,860,861,862,863,864,865,866,867,868,869,870,871,872,873,874,875,876,881,882,883,884,885,886,887,888,889,890,891,892,893,894,895,896,897,898,899,900,901,902,903,904,905]},{"mu":105,"s":[4963,4964,4965,4966,4967,4968,4969,4971,4972,4973,4974,4975,4976,4977,4978,4979,4980,4981,4982,5092,5093,5094,5095,5096,5097,5098,5099,5100,5101,5102,5103,5104,5105,5106,5107,5108,5109,5110,5111,5112,5113,5114,5115,5116,5117,5118,5119,5120,5121,5122,5123,5124,5125,5126,5127,5128,5129,5130,5131,5132,5133,5134,5135,5136]}],"p":[{"t":1, "v":"371288"},{"t":4, "v":"0"},{"t":5, "v":"0.31"},{"t":6, "v":"1145"},{"t":7, "v":"0.000425"},{"t":8, "v":"0.219104"}],"process": {"partes": 1,"municipios": {"enteros": [],"fracciones": [{ "id": 13,"name": "ATIZAPAN DE ZARAGOZA","indigena": 0},{ "id": 25,"name": "CUAUTITLAN IZCALLI","indigena": 0},{ "id": 105,"name": "TLALNEPANTLA DE BAZ PONIENTE","indigena": 0}]},"indigenas": {"poblacion": "371288","pindigenas": "11052","porcentaje": "2.977391","porcentaje_round": "2.97","indigena": 0}}},{"d":37,"des":[{"mu":25,"s":[692,693,694,695,696,697,698,699,700,701,702,703,704,705,706,707,708,709,710,711,712,713,714,715,716,717,718,719,720,721,722,723,724,725,726,727,728,729,730,731,732,733,734,735,736,737,738,739,740,741,742,743,744,745,746,747,748,749,750,751,752,753,754,755,756,757,758,759,760,761,762,763,764,765,766,767,768,769,770,771,772,773,774,775,776,777,778,779,780,781,782,783,784,785,786,787,788,789,790,791,792,793,794,795,796,797,798,799,800,801,802,803,804,805,806,807,808,809,810,811,812,813,814,815,816,817,818,819,820,821,822,823,824,825,827,828,829,830,831,833,834,835,836,837,838,839,850,877,878,879,880,906,907,908,909,910,6184,6185,6186,6187,6188,6189,6190,6191,6192,6193,6194,6195,6196,6197,6198,6199,6200,6201,6202,6203,6204,6205,6206,6207,6463,6464,6465,6466,6467,6468,6469,6470,6471,6472,6473,6474,6475,6476,6477,6478,6479,6480]}],"p":[{"t":1, "v":"371347"},{"t":4, "v":"0"},{"t":5, "v":"0.33"},{"t":6, "v":"1204"},{"t":7, "v":"0.000470"},{"t":8, "v":"0.242959"}],"process": {"partes": 1,"municipios": {"enteros": [],"fracciones": [{ "id": 25,"name": "CUAUTITLAN IZCALLI","indigena": 0}]},"indigenas": {"poblacion": "371347","pindigenas": "6757","porcentaje": "1.820000","porcentaje_round": "1.82","indigena": 0}}},{"d":38,"des":[{"mu":105,"s":[4954,4955,4844,4845,4846,4838,4839,4836,4837,4840,4841,4842,4843,4847,4848,4849,4850,4851,4852,4853,4854,4855,4856,4857,4858,4859,4860,4861,4862,4863,4864,4865,4866,4867,4868,4869,4870,4871,4872,4873,4874,4875,4876,4877,4878,4879,4880,4881,4882,4883,4884,4885,4886,4887,4888,4889,4890,4891,4892,4893,4894,4895,4896,4897,4898,4899,4900,4901,4902,4903,4904,4905,4906,4907,4908,4909,4910,4911,4912,4913,4914,4915,4916,4917,4918,4919,4920,4921,4922,4923,4924,4925,4926,4927,4928,4929,4930,4931,4932,4933,4934,4935,4936,4937,4938,4939,4940,4941,4942,4943,4944,4945,4946,4947,4948,4949,4950,4951,4952,4953,4956,4957,4958,4959,4960,4961,4962,4970,4983,4984,4985,4986,4987,4988,4989,4990,4991,4992,4993,4994,4995,4996,4997,4998,4999,5000,5001,5002,5003,5004,5005,5006,5007,5008,5009,5010,5011,5012,5013,5014,5015,5016,5017,5018,5019,5020,5021,5022,5023,5024,5025,5026,5027,5028,5029,5030,5031,5032,5033,5034,5035,5036,5037,5038,5039,5040,5041,5042,5043,5044,5045,5046,5047,5048,5049,5050,5051,5052,5053,5054,5055,5056,5057,5058,5059,5060,5061,5062,5063,5064,5065,5066,5067,5068,5069,5070,5071,5072,5073,5074,5075,5076,5077,5078,5079,5080,5081,5082,5083,5084,5085,5086,5087,5088,5089,5090,5091]}],"p":[{"t":1, "v":"373189"},{"t":4, "v":"0"},{"t":5, "v":"0.82"},{"t":6, "v":"3046"},{"t":7, "v":"0.003010"},{"t":8, "v":"0.331428"}],"process": {"partes": 1,"municipios": {"enteros": [],"fracciones": [{ "id": 105,"name": "TLALNEPANTLA DE BAZ PONIENTE","indigena": 0}]},"indigenas": {"poblacion": "373189","pindigenas": "13207","porcentaje": "3.540000","porcentaje_round": "3.54","indigena": 0}}},{"d":39,"des":[{"mu":39,"s":0},{"mu":61,"s":0}],"p":[{"t":1, "v":"377555"},{"t":4, "v":"0"},{"t":5, "v":"2.00"},{"t":6, "v":"7412"},{"t":7, "v":"0.017822"},{"t":8, "v":"0.194273"}],"process": {"partes": 1,"municipios": {"enteros": [{ "id": 39,"name": "ISIDRO FABELA","indigena": 0},{ "id": 61,"name": "NICOLAS ROMERO","indigena": 0}],"fracciones": []},"indigenas": {"poblacion": "377555","pindigenas": "19181","porcentaje": "5.081222","porcentaje_round": "5.08","indigena": 0}}},{"d":40,"des":[{"mu":58,"s":[2855,2856,2857,2858,2859,2860,2861,2862,2863,2864,2865,2866,2867,2572,2573,2574,2575,2576,2577,2578,2579,2580,2581,2593,2594,2595,2596,2723,2724,2725,2726,2727,2728,2729,2730,2731,2732,2733,2734,2735,2736,2737,2738,2739,2740,2741,2742,2743,2744,2745,2746,2747,2748,2749,2750,2751,2752,2753,2754,2755,2756,2757,2758,2759,2760,2761,2762,2763,2764,2765,2766,2767,2768,2769,2770,2771,2772,2773,2774,2775,2776,2777,2778,2779,2780,2781,2782,2783,2784,2785,2786,2787,2788,2789,2790,2791,2792,2793,2794,2795,2796,2797,2798,2799,2800,2801,2802,2803,2804,2805,2806,2807,2808,2809,2810,2811,2812,2813,2814,2815,2816,2817,2818,2819,2820,2821,2822,2823,2824,2825,2826,2827,2828,2829,2830,2831,2832,2833,2834,2835,2836,2837,2838,2839,2840,2841,2842,2843,2844,2845,2846,2847,2848,2849,2850,2851,2852,2853,2868,2888,2889,2890,2891,2892,2893,2894,2895,2896,2897,2898,2899,2908,2909,2910,2911,2912,2913,2914,2921,2922,2923,2924,2925,2926,2927,2938,2939,2940,2958,2959,2960,2961,2962,2963,2964,2965,2966,2967,2968,2995,2996,2997,2998,2999,3000,3001,3002,3003,3004,3005,3006,3007,3008,3009,3010,3033,3034,3035]}],"p":[{"t":1, "v":"416375"},{"t":4, "v":"0"},{"t":5, "v":"12.49"},{"t":6, "v":"46232"},{"t":7, "v":"0.693369"},{"t":8, "v":"0.223182"}],"process": {"partes": 1,"municipios": {"enteros": [],"fracciones": [{ "id": 58,"name": "NAUCALPAN DE JUAREZ","indigena": 0}]},"indigenas": {"poblacion": "416375","pindigenas": "26851","porcentaje": "6.450000","porcentaje_round": "6.45","indigena": 0}}},{"d":41,"des":[{"mu":58,"s":[2582,2583,2584,2585,2586,2587,2588,2589,2590,2591,2592,2597,2598,2599,2600,2601,2602,2603,2604,2605,2606,2607,2608,2609,2610,2611,2612,2613,2614,2615,2616,2617,2618,2619,2620,2621,2622,2623,2624,2625,2626,2627,2628,2629,2630,2631,2632,2633,2634,2635,2636,2637,2638,2639,2640,2641,2642,2643,2644,2645,2646,2647,2648,2649,2650,2651,2652,2653,2654,2655,2656,2657,2658,2659,2660,2661,2662,2663,2664,2665,2666,2668,2669,2670,2671,2672,2673,2674,2675,2676,2677,2678,2679,2680,2681,2682,2683,2684,2685,2686,2687,2688,2689,2690,2691,2692,2693,2694,2695,2696,2697,2698,2699,2700,2701,2702,2703,2704,2705,2706,2707,2708,2709,2711,2713,2715,2717,2718,2719,2720,2721,2854,2869,2870,2871,2872,2873,2874,2875,2876,2877,2878,2879,2880,2881,2882,2883,2884,2885,2886,2887,2900,2901,2902,2903,2904,2905,2906,2907,2915,2916,2917,2918,2919,2920,2928,2929,2930,2931,2932,2933,2934,2935,2936,2937,2941,2942,2943,2944,2945,2946,2947,2948,2949,2950,2951,2952,2953,2954,2955,2956,2957,2969,2970,2971,2972,2973,2974,2975,2976,2977,2978,2979,2980,2981,2982,2983,2984,2985,2986,2987,2988,2989,2990,2991,2992,2993,2994,3011,3012,3013,3014,3015,3016,3017,3018,3019,3020,3021,3022,3023,3024,3025,3026,3027,3028,3029,3030,3031,3032,6392,6393]}],"p":[{"t":1, "v":"414065"},{"t":4, "v":"0"},{"t":5, "v":"11.87"},{"t":6, "v":"43922"},{"t":7, "v":"0.625811"},{"t":8, "v":"0.203939"}],"process": {"partes": 1,"municipios": {"enteros": [],"fracciones": [{ "id": 58,"name": "NAUCALPAN DE JUAREZ","indigena": 0}]},"indigenas": {"poblacion": "414065","pindigenas": "26703","porcentaje": "6.450000","porcentaje_round": "6.45","indigena": 0}}}],"calificaciones":[{"t": 1,"a": 1.0,"p": 5.487768,"sp": 5.487768},{"t": 2,"a": 0.5,"p": 11.558186,"sp": 23.116372}],"total":{"p":17.045954,"sp":28.604140},"sellos":[{"n":"escenario","v":"md5"},{"n":"calificacion","v":"md5"},{"n":"municipios","v":"md5"},{"n":"secciones","v":"md5"},{"n":"tiemposmunicipios","v":"md5"}],"version":"Versión 1.5.20161103.2|federal"}