{"entidad":21,"partes":[{"id":0,"nombre":"","tipologia":3,"primerdistrito":0,"distritos":11,"municipios":[{"id":1,"fraccion":0},{"id":2,"fraccion":1},{"id":3,"fraccion":0},{"id":4,"fraccion":1},{"id":5,"fraccion":0},{"id":6,"fraccion":0},{"id":7,"fraccion":0},{"id":8,"fraccion":0},{"id":9,"fraccion":1},{"id":10,"fraccion":1},{"id":11,"fraccion":1},{"id":12,"fraccion":0},{"id":13,"fraccion":1},{"id":14,"fraccion":0},{"id":15,"fraccion":1},{"id":16,"fraccion":0},{"id":17,"fraccion":0},{"id":18,"fraccion":0},{"id":19,"fraccion":0},{"id":20,"fraccion":0},{"id":21,"fraccion":1},{"id":22,"fraccion":0},{"id":23,"fraccion":0},{"id":24,"fraccion":0},{"id":25,"fraccion":0},{"id":26,"fraccion":0},{"id":27,"fraccion":1},{"id":28,"fraccion":0},{"id":29,"fraccion":0},{"id":30,"fraccion":0},{"id":31,"fraccion":1},{"id":32,"fraccion":0},{"id":33,"fraccion":1},{"id":34,"fraccion":0},{"id":35,"fraccion":0},{"id":36,"fraccion":1},{"id":37,"fraccion":1},{"id":38,"fraccion":0},{"id":39,"fraccion":0},{"id":40,"fraccion":0},{"id":41,"fraccion":0},{"id":42,"fraccion":1},{"id":43,"fraccion":0},{"id":44,"fraccion":0},{"id":45,"fraccion":0},{"id":46,"fraccion":0},{"id":47,"fraccion":0},{"id":48,"fraccion":1},{"id":49,"fraccion":1},{"id":50,"fraccion":0},{"id":51,"fraccion":1},{"id":52,"fraccion":0},{"id":53,"fraccion":1},{"id":54,"fraccion":0},{"id":55,"fraccion":0},{"id":56,"fraccion":1},{"id":57,"fraccion":0},{"id":58,"fraccion":1},{"id":59,"fraccion":0},{"id":60,"fraccion":0},{"id":61,"fraccion":0},{"id":62,"fraccion":1},{"id":63,"fraccion":0},{"id":64,"fraccion":0},{"id":65,"fraccion":1},{"id":66,"fraccion":0},{"id":67,"fraccion":0},{"id":68,"fraccion":0},{"id":69,"fraccion":0},{"id":70,"fraccion":0},{"id":71,"fraccion":1},{"id":72,"fraccion":0},{"id":73,"fraccion":0},{"id":74,"fraccion":1},{"id":75,"fraccion":0},{"id":76,"fraccion":1},{"id":77,"fraccion":0},{"id":78,"fraccion":1},{"id":79,"fraccion":0},{"id":80,"fraccion":0},{"id":81,"fraccion":0},{"id":82,"fraccion":0},{"id":83,"fraccion":0},{"id":84,"fraccion":0},{"id":85,"fraccion":0},{"id":86,"fraccion":0},{"id":87,"fraccion":0},{"id":88,"fraccion":1},{"id":89,"fraccion":1},{"id":90,"fraccion":0},{"id":91,"fraccion":0},{"id":92,"fraccion":0},{"id":93,"fraccion":0},{"id":94,"fraccion":0},{"id":95,"fraccion":0},{"id":96,"fraccion":0},{"id":97,"fraccion":1},{"id":98,"fraccion":0},{"id":99,"fraccion":0},{"id":100,"fraccion":0},{"id":101,"fraccion":1},{"id":102,"fraccion":0},{"id":103,"fraccion":0},{"id":104,"fraccion":0},{"id":105,"fraccion":0},{"id":106,"fraccion":0},{"id":107,"fraccion":0},{"id":108,"fraccion":0},{"id":109,"fraccion":1},{"id":110,"fraccion":1},{"id":111,"fraccion":0},{"id":112,"fraccion":1},{"id":113,"fraccion":1},{"id":114,"fraccion":0},{"id":116,"fraccion":0},{"id":117,"fraccion":1},{"id":118,"fraccion":0},{"id":119,"fraccion":1},{"id":120,"fraccion":1},{"id":121,"fraccion":1},{"id":122,"fraccion":0},{"id":123,"fraccion":1},{"id":124,"fraccion":0},{"id":125,"fraccion":1},{"id":126,"fraccion":0},{"id":127,"fraccion":0},{"id":128,"fraccion":1},{"id":129,"fraccion":0},{"id":130,"fraccion":1},{"id":131,"fraccion":0},{"id":132,"fraccion":1},{"id":133,"fraccion":1},{"id":134,"fraccion":1},{"id":135,"fraccion":1},{"id":136,"fraccion":1},{"id":137,"fraccion":0},{"id":138,"fraccion":1},{"id":139,"fraccion":0},{"id":140,"fraccion":0},{"id":141,"fraccion":1},{"id":142,"fraccion":0},{"id":143,"fraccion":0},{"id":144,"fraccion":1},{"id":145,"fraccion":0},{"id":146,"fraccion":1},{"id":147,"fraccion":0},{"id":148,"fraccion":0},{"id":149,"fraccion":0},{"id":150,"fraccion":0},{"id":151,"fraccion":0},{"id":152,"fraccion":0},{"id":153,"fraccion":0},{"id":154,"fraccion":0},{"id":155,"fraccion":0},{"id":156,"fraccion":0},{"id":157,"fraccion":0},{"id":158,"fraccion":1},{"id":159,"fraccion":1},{"id":160,"fraccion":0},{"id":161,"fraccion":0},{"id":162,"fraccion":0},{"id":163,"fraccion":0},{"id":164,"fraccion":1},{"id":165,"fraccion":0},{"id":166,"fraccion":0},{"id":167,"fraccion":0},{"id":168,"fraccion":0},{"id":169,"fraccion":0},{"id":170,"fraccion":1},{"id":171,"fraccion":0},{"id":172,"fraccion":0},{"id":173,"fraccion":0},{"id":174,"fraccion":0},{"id":175,"fraccion":0},{"id":176,"fraccion":0},{"id":177,"fraccion":1},{"id":178,"fraccion":1},{"id":179,"fraccion":0},{"id":180,"fraccion":1},{"id":181,"fraccion":0},{"id":182,"fraccion":0},{"id":183,"fraccion":0},{"id":184,"fraccion":0},{"id":185,"fraccion":0},{"id":186,"fraccion":0},{"id":187,"fraccion":1},{"id":188,"fraccion":0},{"id":189,"fraccion":0},{"id":190,"fraccion":0},{"id":191,"fraccion":0},{"id":192,"fraccion":0},{"id":193,"fraccion":0},{"id":194,"fraccion":1},{"id":195,"fraccion":1},{"id":196,"fraccion":1},{"id":197,"fraccion":0},{"id":198,"fraccion":0},{"id":199,"fraccion":0},{"id":200,"fraccion":1},{"id":201,"fraccion":0},{"id":202,"fraccion":0},{"id":203,"fraccion":0},{"id":204,"fraccion":0},{"id":205,"fraccion":0},{"id":206,"fraccion":0},{"id":207,"fraccion":0},{"id":208,"fraccion":0},{"id":209,"fraccion":0},{"id":210,"fraccion":0},{"id":211,"fraccion":0},{"id":212,"fraccion":0},{"id":213,"fraccion":0},{"id":214,"fraccion":1},{"id":215,"fraccion":0},{"id":216,"fraccion":0},{"id":217,"fraccion":1},{"id":900,"fraccion":1},{"id":901,"fraccion":0},{"id":902,"fraccion":1},{"id":903,"fraccion":1},{"id":904,"fraccion":1},{"id":905,"fraccion":1}]},{"id":1,"nombre":"PUEBLA PONIENTE","tipologia":1,"primerdistrito":11,"distritos":4,"municipios":[{"id":115,"fraccion":1},{"id":906,"fraccion":1}]}],"cumulos":[{"id":0,"tipo":3,"secciones":[1587,1596,1597]},{"id":1,"tipo":2,"secciones":[1,2,3,4,5,6,7,8,9,10,11,12,13,14,15,16,17,18,19]},{"id":2,"tipo":2,"secciones":[32,33,34,35,36,37,38,39,40,41,28,29,30,31]},{"id":3,"tipo":2,"secciones":[61,62,63]},{"id":4,"tipo":2,"secciones":[71,72,73,74]},{"id":5,"tipo":2,"secciones":[75,76,77,78]},{"id":6,"tipo":2,"secciones":[103,104,105,106]},{"id":7,"tipo":3,"secciones":[128,129,130,131,132,133,116,117,118,2550,119,120,121,122,123,124,125,126,127]},{"id":8,"tipo":2,"secciones":[134,135,136,137,138]},{"id":9,"tipo":2,"secciones":[148,149,150,151,152,153]},{"id":10,"tipo":2,"secciones":[154,155,156,157,158,159,160,161,162,163,164,165,166,167,168,169,170,171,172,173,174,175,176,177,178,179,180,181,182,183,184,185,186,187,188,189,190,191,192,193,194,195,196,197,198,199,200,201,202,203,204,205,206,207,208,209,210,211,212,213,214,215,216,217,218,219,220,221]},{"id":11,"tipo":2,"secciones":[222,223]},{"id":12,"tipo":2,"secciones":[225,226,227,228,229,230,231,232,233]},{"id":13,"tipo":2,"secciones":[234,235,236,237,238]},{"id":14,"tipo":3,"secciones":[640,641,770,642,771,643,772,644,773,645,774,775,398,399,400,401,402,403,404,277,405,278,406,407,408,409,410,411,412,413,414,2038,2039,2040,2041]},{"id":15,"tipo":2,"secciones":[245,246,247,248,249,250,251,252]},{"id":16,"tipo":3,"secciones":[256,2496,257,2497,258,2498,259,253,254,255,2495]},{"id":17,"tipo":2,"secciones":[262,263,264,265,266,267,268,269,270]},{"id":18,"tipo":2,"secciones":[274,275,276]},{"id":19,"tipo":2,"secciones":[279,280,281]},{"id":20,"tipo":2,"secciones":[288,289,290,291,292,293,282,283,284,285,286,287]},{"id":21,"tipo":2,"secciones":[314,315,316]},{"id":22,"tipo":2,"secciones":[317,318]},{"id":23,"tipo":2,"secciones":[323,324]},{"id":24,"tipo":2,"secciones":[340,341,342,343]},{"id":25,"tipo":2,"secciones":[368,369,370,364,365,366,367]},{"id":26,"tipo":2,"secciones":[384,385,386,387,388,389,390,391,392,393,394,371,372,373,374,375,376,377,378,379,380,381,382,383]},{"id":27,"tipo":2,"secciones":[395,396,397]},{"id":28,"tipo":2,"secciones":[448,449,450,451,452,453,454,455,456,457,458,439,440,441,442,443,444,445,446,447]},{"id":29,"tipo":3,"secciones":[1872,459,460]},{"id":30,"tipo":2,"secciones":[461,462,463,464,465,466,467,468,469,470,471,472,473,474,475,476,477,478,479,480,481,482,483,484,485,486,487,488]},{"id":31,"tipo":2,"secciones":[489,490,491,492,493,494,495]},{"id":32,"tipo":2,"secciones":[500,501]},{"id":33,"tipo":3,"secciones":[896,832,833,834,883,884,885,502,886,503,887,504,888,889,890,891,892,893,894,830,895,831]},{"id":34,"tipo":2,"secciones":[505,506,507,508,509,510,511]},{"id":35,"tipo":2,"secciones":[512,513,514]},{"id":36,"tipo":2,"secciones":[515,516,517]},{"id":37,"tipo":2,"secciones":[524,525]},{"id":38,"tipo":2,"secciones":[528,529,530,531,532,533,534,526,527]},{"id":39,"tipo":3,"secciones":[768,769,912,913,914,915,916,917,918,535,919,536,920,537,921,538,539,540,541,2333,542,2334,543,2335,2336,2337,2338,2339,2340,2341,2342,2343,2344,2345,2346,2347,2348,764,765,766,767]},{"id":40,"tipo":2,"secciones":[544,545,546,547,548,549,550]},{"id":41,"tipo":2,"secciones":[551,552,553,554]},{"id":42,"tipo":2,"secciones":[560,561,562,563,564,555,556,557,558,559]},{"id":43,"tipo":2,"secciones":[576,577,578,579,580,581,582,583,584,585,586,587,569,570,571,572,573,574,575]},{"id":44,"tipo":3,"secciones":[592,593,2033,2034,2035,2036,2037,588,589,590,591]},{"id":45,"tipo":2,"secciones":[594,595,596,597,598,599,600,601,602,603,604,605,606,607,608,609,610,611,612,613,614,615,616,617,618,619,620,621,622,623,624,625,626,627,628,629,630]},{"id":46,"tipo":2,"secciones":[646,647,648,649,650]},{"id":47,"tipo":3,"secciones":[1858,1859,1860,1861,1862,1863,1864,1865,1866,1867,651,652,653,1677,654,1678,655,1679,656,1680,657,1681,658,659,660,661,662,663,664,665,666,667,668,669,670,671,415,672,416,417,418,419,420,421,422,1720,1721,2233,1722,2234,1723,2235,1724,2236,1725,2237,1726,2238,1727,2239,1728,2240,1729,2241,1730,2242,1731,2243,1732,2244,1733,2245,1734,2246,1735,2247,1736,1737,1738,1739,1740,1741,1742,1743,1744,1745,1746,1747,1748,1749,1750,1751,1752,1753,1754,1755,1756,1757,1758,1759,1760,1761,1762,1763,1764,1765,1766,1767,1768,1769,1770,1771,1772,1773,1775,1776,1777,1778,1779,1780,1781,1782,1783]},{"id":48,"tipo":3,"secciones":[678,679,680,681,682,683,684,685,686,687,688,689,690,691,692,20,21,22,23,24,25,26,27]},{"id":49,"tipo":2,"secciones":[701,702,703]},{"id":50,"tipo":2,"secciones":[706,707,708]},{"id":51,"tipo":2,"secciones":[709,710,711]},{"id":52,"tipo":2,"secciones":[712,713,714,715,716,717,718,719,720,721,722,723,724,725,726]},{"id":53,"tipo":2,"secciones":[730,731,732,733,734,735,736,737,738,739,740,741,742,743,744,745,746,747,748,749,750,751,752,753,754,755,756,757,758,759,760,761,762,763]},{"id":54,"tipo":2,"secciones":[786,787,788,789,790,791]},{"id":55,"tipo":2,"secciones":[792,793,794,795,796]},{"id":56,"tipo":2,"secciones":[800,797,798,799]},{"id":57,"tipo":2,"secciones":[801,802,803,804,805,806,807,808]},{"id":58,"tipo":2,"secciones":[816,817,818,819,809,810,811,812,813,814,815]},{"id":59,"tipo":2,"secciones":[821,822]},{"id":60,"tipo":2,"secciones":[823,824]},{"id":61,"tipo":2,"secciones":[825,826,827,828,829]},{"id":62,"tipo":2,"secciones":[838,839,840,841]},{"id":63,"tipo":2,"secciones":[842,843,844,845]},{"id":64,"tipo":2,"secciones":[848,850,851,852,853,846,847]},{"id":65,"tipo":2,"secciones":[854,855,856]},{"id":66,"tipo":2,"secciones":[864,865,866,857,858,859,860,861,862,863]},{"id":67,"tipo":3,"secciones":[880,1792,881,882,875,876,877,1789,878,1790,879,1791]},{"id":68,"tipo":2,"secciones":[897,898,899,900,901,902,903,904,905,906,907,908,909,910,911]},{"id":69,"tipo":3,"secciones":[496,497,498,499,1784,922,923,924,925,926,927]},{"id":70,"tipo":2,"secciones":[928,929,930,931,932]},{"id":71,"tipo":2,"secciones":[1610,1611,1612,1613,1614,1615,1616,1617,1618,1619,1620,1621,1622,1623,1624,1625]},{"id":72,"tipo":3,"secciones":[1632,1633,1634,1635,430,431,432,433,434,435,436,437,438,1626,1627,1628,1629,1630,1631]},{"id":73,"tipo":2,"secciones":[1636,1637,1638,1639,1640,1641,1642]},{"id":74,"tipo":3,"secciones":[1643,1644,1645,45,1646,46,1647,47,1648,48,1649,49,1650,50,51,52,53,54,55,56,57,58,59,60]},{"id":75,"tipo":3,"secciones":[1800,1801,1802,1803,1804,1805,1806,1807,1808,1809,1810,1811,1812,1813,1814,1815,1816,1817,1818,1819,1820,1821,1822,1823,1824,1825,1826,1827,1828,1829,1830,1831,1832,1833,1834,1835,1836,1837,1838,1839,1840,1841,1842,1843,1844,1845,325,326,327,328,2633,329,2634,330,2635,331,2636,332,2637,333,2638,334,2639,335,2640,336,2641,337,2642,338,339,2644,2645,2646,2647,2659,2660,2661,2662,1651,1652,1653,1654,1655,1656,1657,1658,1659,1660,1661,1662,1663,1665,1666,1667,1668,1669,1670,1671]},{"id":76,"tipo":2,"secciones":[1674,1675,1676]},{"id":77,"tipo":2,"secciones":[1691,1692,1693,1694]},{"id":78,"tipo":2,"secciones":[1696,1697,1695]},{"id":79,"tipo":2,"secciones":[1702,1703,1704,1705,1706,1707]},{"id":80,"tipo":2,"secciones":[1715,1716,1717,1718]},{"id":81,"tipo":2,"secciones":[1785,1786,1787,1788]},{"id":82,"tipo":2,"secciones":[1793,1794,1795,1796,1797]},{"id":83,"tipo":2,"secciones":[1798,1799]},{"id":84,"tipo":2,"secciones":[1846,1847]},{"id":85,"tipo":2,"secciones":[1856,1857,1848,1849,1850,1851,1852,1853,1854,1855]},{"id":86,"tipo":2,"secciones":[1868,1869,1870,1871]},{"id":87,"tipo":2,"secciones":[1873,1874,1875,1876]},{"id":88,"tipo":2,"secciones":[1877,1878,1879,1880,1881]},{"id":89,"tipo":2,"secciones":[1882,1883,1884,1885,1886,1887]},{"id":90,"tipo":2,"secciones":[1888,1889,1890]},{"id":91,"tipo":2,"secciones":[1891,1892,1893,1894,1895,1896]},{"id":92,"tipo":2,"secciones":[1904,1905,1897,1898,1899,1900,1901,1902,1903]},{"id":93,"tipo":2,"secciones":[1920,1921,1922,1923,1924,1925,1926,1927,1928,1906,1907,1908,1909,1910,1911,1912,1913,1914,1915,1916,1917,1918,1919]},{"id":94,"tipo":2,"secciones":[1929,1930,1931,1932]},{"id":95,"tipo":2,"secciones":[1934,1935,1936,1937,1938,1939,1940,1941,1942,1943,1944,1945,1946,1947,1948,1949,1950,1951,1952,1953,1954,1955,1956,1957,1958,1959,1960,1961,1962,1963,1964,1965,1966,1967,1968,1969,1970,1971,1972,1973,1974,1975,1976,1977,1978,1979,1980,1981,1982,1983,1984,1985,1986,1987,1988,1989,1990,1991,1992,1993,1994,1995,1996,1997,1998,1999,2000,2001,2002,2003,2004,2005,2006,2007,2008,2009,2010,2011,2012,2013,2014,2015,2016]},{"id":96,"tipo":2,"secciones":[2017,2018,2019,2020,2021,2022,2023,2024]},{"id":97,"tipo":2,"secciones":[2032,2025,2026,2027,2028,2029,2030,2031]},{"id":98,"tipo":2,"secciones":[2048,2042,2043,2044,2045,2046,2047]},{"id":99,"tipo":2,"secciones":[2051,2052,2053,2054,2055,2056,2057]},{"id":100,"tipo":2,"secciones":[2080,2081,2058,2059,2060,2061,2062,2063,2064,2065,2066,2067,2068,2069,2070,2071,2072,2073,2074,2075,2076,2077,2078,2079]},{"id":101,"tipo":2,"secciones":[2083,2084,2085,2086,2087,2088]},{"id":102,"tipo":2,"secciones":[2096,2097,2095]},{"id":103,"tipo":2,"secciones":[2098,2099,2100,2101,2102,2103,2104,2105,2106,2107,2108]},{"id":104,"tipo":2,"secciones":[2112,2113,2114,2115,2109,2110,2111]},{"id":105,"tipo":2,"secciones":[2117,2118,2119,2120,2121,2122,2123,2124,2125,2126,2127,2128,2129,2130,2131]},{"id":106,"tipo":2,"secciones":[2134,2135,2136,2137,2138,2139,2140,2141,2142,2143,2144,2145,2146,2147,2148,2149,2150,2151,2152,2153,2154,2155,2156,2157,2158,2159,2160,2161,2162,2163,2164,2165,2166,2167,2168,2169,2170,2171,2172,2173,2174]},{"id":107,"tipo":2,"secciones":[2176,2177,2178,2179,2180,2175]},{"id":108,"tipo":2,"secciones":[2181,2182,2183]},{"id":109,"tipo":2,"secciones":[2184,2185,2186,2187,2188,2189,2190,2191,2192,2193,2194,2195,2196,2197,2198,2199,2200]},{"id":110,"tipo":3,"secciones":[518,519,520,521,522,523,294,295,296,297,298,299,300,301,2349,302,2350,303,2351,304,2352,305,2353,306,2354,307,2355,308,2356,309,2357,310,2358,311,2359,312,313,80,81,82,83,84,85,86,87,88,89,90,91,92,93,94,95,96,97,98,99,100,101,107,108,109,110,111,112,1672,1673,1685,1686,1687,1688,2201,1689,2202,1690,2203,2204,2205,2206,2207,2208,1708,1709,1710,1711,1712,1713,1714,2527,2528,2529,2530,2531,2532,2537,2538,2539,2540,2541,2542,2543,2544,2545,2546,2547,2548]},{"id":111,"tipo":3,"secciones":[2209,2210,2211,2212,2213,2214,2215,2216,2217,2218,2295,2296,2297,2298]},{"id":112,"tipo":2,"secciones":[2219,2220,2221,2222,2223,2224,2225,2226,2227,2228,2229,2230,2231,2232]},{"id":113,"tipo":2,"secciones":[2248,2249,2250]},{"id":114,"tipo":2,"secciones":[2251,2252]},{"id":115,"tipo":2,"secciones":[2267,2268,2269,2270,2271]},{"id":116,"tipo":2,"secciones":[2272,2273,2274,2275,2276,2277,2278,2279,2280,2281,2282,2283,2284,2285,2286,2287,2288,2289,2290,2291,2292,2293,2294]},{"id":117,"tipo":2,"secciones":[2304,2305,2306,2307,2308,2309,2299,2300,2301,2302,2303]},{"id":118,"tipo":2,"secciones":[2310,2311,2312,2313,2314,2315,2316]},{"id":119,"tipo":2,"secciones":[2317,2318]},{"id":120,"tipo":2,"secciones":[2320,2321,2322,2323,2324,2325,2319]},{"id":121,"tipo":2,"secciones":[2329,2330,2331,2332]},{"id":122,"tipo":3,"secciones":[1698,1699,1700,1701,2360,2361]},{"id":123,"tipo":2,"secciones":[2368,2369,2370,2371,2372,2373,2374,2375,2376,2377,2378,2379,2380,2381,2382,2383,2384,2385,2386,2387,2388,2389,2390,2362,2363,2364,2365,2366,2367]},{"id":124,"tipo":2,"secciones":[2391,2392]},{"id":125,"tipo":2,"secciones":[2400,2401,2402,2403,2404,2393,2394,2395,2396,2397,2398,2399]},{"id":126,"tipo":2,"secciones":[2407,2408]},{"id":127,"tipo":2,"secciones":[2413,2414,2415]},{"id":128,"tipo":2,"secciones":[2420,2421,2422,2423,2424,2425,2426,2427,2428]},{"id":129,"tipo":2,"secciones":[2432,2429,2430,2431]},{"id":130,"tipo":2,"secciones":[2460,2461,2462,2463,2464,2465,2466,2467,2468,2469,2470,2471,2472,2473,2474,2475,2476,2477,2478,2479,2480,2481,2482,2483,2484,2485,2486,2487,2488,2489]},{"id":131,"tipo":2,"secciones":[2490,2491,2492,2493,2494]},{"id":132,"tipo":2,"secciones":[2502,2503,2504,2505,2506,2507]},{"id":133,"tipo":2,"secciones":[42,43,44]},{"id":134,"tipo":3,"secciones":[2549,1079]},{"id":135,"tipo":3,"secciones":[1449,1450,1451,1437]},{"id":136,"tipo":3,"secciones":[1495,1483]},{"id":137,"tipo":3,"secciones":[1602,1606]},{"id":138,"tipo":2,"secciones":[240,239]},{"id":139,"tipo":2,"secciones":[2520,2521,2522,2523,2524,2525,2526]},{"id":140,"tipo":2,"secciones":[2256,2257,2258,2259,2260,2261,2253,2254,2255]},{"id":141,"tipo":2,"secciones":[784,785,779,780,781,782,783]},{"id":142,"tipo":2,"secciones":[2262,2263,2264,2265,2266]},{"id":143,"tipo":2,"secciones":[1682,1683,1684]},{"id":144,"tipo":2,"secciones":[423,424,425,426,427,428,429]},{"id":145,"tipo":2,"secciones":[64,65,66,67,68,69,70]},{"id":146,"tipo":2,"secciones":[2089,2090,2091,2092,2093,2094]},{"id":147,"tipo":2,"secciones":[320,321,322,319]},{"id":148,"tipo":2,"secciones":[696,697,698,699,700]},{"id":149,"tipo":2,"secciones":[2433,2434,2435,2436,2437,2438,2439,2440,2441,2442,2443,2444,2445,2446,2447,2448,2449,2450,2451,2452,2453,2454,2455,2456,2457,2458,2459]},{"id":150,"tipo":2,"secciones":[2409,2410,2411,2412]},{"id":151,"tipo":2,"secciones":[835,836,837]},{"id":152,"tipo":2,"secciones":[2533,2534]},{"id":153,"tipo":2,"secciones":[2049,2050]},{"id":154,"tipo":2,"secciones":[113,114,115]},{"id":155,"tipo":2,"secciones":[260,261]},{"id":156,"tipo":2,"secciones":[693,694,695]},{"id":157,"tipo":2,"secciones":[2499,2500,2501]},{"id":158,"tipo":2,"secciones":[704,705]},{"id":159,"tipo":2,"secciones":[2535,2536]},{"id":160,"tipo":2,"secciones":[727,728,729]},{"id":161,"tipo":2,"secciones":[352,353,354,355,356,357,358,359,360,361,362,363,344,345,346,347,348,349,350,351]},{"id":162,"tipo":2,"secciones":[776,777,778]},{"id":163,"tipo":2,"secciones":[2326,2327,2328]},{"id":164,"tipo":2,"secciones":[272,271]},{"id":165,"tipo":2,"secciones":[631,632,633,634,635,636,637,638]},{"id":166,"tipo":2,"secciones":[867,868,869,870,871,872,873,874]},{"id":167,"tipo":2,"secciones":[565,566,567,568]},{"id":168,"tipo":2,"secciones":[241,242,243,244]},{"id":169,"tipo":2,"secciones":[144,145,146,147,139,140,141,143]},{"id":170,"tipo":2,"secciones":[2132,2133]},{"id":171,"tipo":2,"secciones":[2416,2417,2418,2419]},{"id":172,"tipo":2,"secciones":[673,674,675,676,677]},{"id":173,"tipo":2,"secciones":[2512,2513,2514,2515,2516,2517,2518,2519,2508,2509,2510,2511]}],"separados":[],"distritos":[{"d":1,"des":[{"mu":1,"s":[1,2,3,4,5,6,7,8,9,10,11,12,13,14,15,16,17,18,19]},{"mu":4,"s":[45,46,47,48,49,50,51,52,53,54,55,56,57,58,59,60]},{"mu":15,"s":[128,129,130,131,132,133,116,117,118,119,120,121,122,123,124,125,126,127]},{"mu":39,"s":[317,318]},{"mu":41,"s":[323,324]},{"mu":99,"s":[823,824]},{"mu":119,"s":[1643,1644,1645,1646,1647,1648,1649,1650]},{"mu":145,"s":[1868,1869,1870,1871]},{"mu":150,"s":[1888,1889,1890]},{"mu":152,"s":[1904,1905,1897,1898,1899,1900,1901,1902,1903]},{"mu":162,"s":[2051,2052,2053,2054,2055,2056,2057]},{"mu":163,"s":[2080,2081,2058,2059,2060,2061,2062,2063,2064,2065,2066,2067,2068,2069,2070,2071,2072,2073,2074,2075,2076,2077,2078,2079]},{"mu":182,"s":[2251,2252]},{"mu":900,"s":[2550]}],"p":[{"t":1, "v":"379761"},{"t":4, "v":"0"},{"t":5, "v":"-1.44"},{"t":6, "v":"-5561"},{"t":7, "v":"0.009257"},{"t":8, "v":"0.271177"}]},{"d":2,"des":[{"mu":2,"s":[20,21,22,23,24,25,26,27]},{"mu":17,"s":[144,145,146,147,139,140,141,143]},{"mu":25,"s":[241,242,243,244]},{"mu":44,"s":[352,353,354,355,356,357,358,359,360,361,362,363,344,345,346,347,348,349,350,351]},{"mu":55,"s":[489,490,491,492,493,494,495]},{"mu":77,"s":[673,674,675,676,677]},{"mu":78,"s":[678,679,680,681,682,683,684,685,686,687,688,689,690,691,692]},{"mu":157,"s":[2032,2025,2026,2027,2028,2029,2030,2031]},{"mu":172,"s":[2132,2133]},{"mu":173,"s":[2134,2135,2136,2137,2138,2139,2140,2141,2142,2143,2144,2145,2146,2147,2148,2149,2150,2151,2152,2153,2154,2155,2156,2157,2158,2159,2160,2161,2162,2163,2164,2165,2166,2167,2168,2169,2170,2171,2172,2173,2174]},{"mu":186,"s":[2272,2273,2274,2275,2276,2277,2278,2279,2280,2281,2282,2283,2284,2285,2286,2287,2288,2289,2290,2291,2292,2293,2294]},{"mu":204,"s":[2416,2417,2418,2419]},{"mu":207,"s":[2433,2434,2435,2436,2437,2438,2439,2440,2441,2442,2443,2444,2445,2446,2447,2448,2449,2450,2451,2452,2453,2454,2455,2456,2457,2458,2459]},{"mu":211,"s":[2502,2503,2504,2505,2506,2507]},{"mu":902,"s":[142]}],"p":[{"t":1, "v":"391539"},{"t":4, "v":"0"},{"t":5, "v":"1.61"},{"t":6, "v":"6217"},{"t":7, "v":"0.011570"},{"t":8, "v":"0.349281"}]},{"d":3,"des":[{"mu":3,"s":[32,33,34,35,36,37,38,39,40,41,28,29,30,31]},{"mu":7,"s":[71,72,73,74]},{"mu":9,"s":[79]},{"mu":20,"s":[222,223]},{"mu":32,"s":[274,275,276]},{"mu":38,"s":[314,315,316]},{"mu":43,"s":[340,341,342,343]},{"mu":53,"s":[459,460]},{"mu":56,"s":[496,497,498,499]},{"mu":60,"s":[512,513,514]},{"mu":63,"s":[524,525]},{"mu":67,"s":[551,552,553,554]},{"mu":71,"s":[592,593,588,589,590,591]},{"mu":75,"s":[646,647,648,649,650]},{"mu":81,"s":[701,702,703]},{"mu":84,"s":[709,710,711]},{"mu":87,"s":[730,731,732,733,734,735,736,737,738,739,740,741,742,743,744,745,746,747,748,749,750,751,752,753,754,755,756,757,758,759,760,761,762,763]},{"mu":97,"s":[820]},{"mu":100,"s":[825,826,827,828,829]},{"mu":113,"s":[922,923,924,925,926,927]},{"mu":114,"s":[928,929,930,931,932]},{"mu":122,"s":[1674,1675,1676]},{"mu":128,"s":[1698,1699,1700,1701]},{"mu":132,"s":[1719]},{"mu":134,"s":[1774]},{"mu":136,"s":[1784]},{"mu":140,"s":[1798,1799]},{"mu":142,"s":[1846,1847]},{"mu":146,"s":[1872]},{"mu":147,"s":[1873,1874,1875,1876]},{"mu":153,"s":[1920,1921,1922,1923,1924,1925,1926,1927,1928,1906,1907,1908,1909,1910,1911,1912,1913,1914,1915,1916,1917,1918,1919]},{"mu":154,"s":[1929,1930,1931,1932]},{"mu":156,"s":[2017,2018,2019,2020,2021,2022,2023,2024]},{"mu":158,"s":[2033,2034,2035,2036,2037]},{"mu":168,"s":[2098,2099,2100,2101,2102,2103,2104,2105,2106,2107,2108]},{"mu":170,"s":[2116]},{"mu":189,"s":[2310,2311,2312,2313,2314,2315,2316]},{"mu":190,"s":[2317,2318]},{"mu":193,"s":[2329,2330,2331,2332]},{"mu":196,"s":[2360,2361]},{"mu":201,"s":[2407,2408]},{"mu":203,"s":[2413,2414,2415]},{"mu":205,"s":[2420,2421,2422,2423,2424,2425,2426,2427,2428]},{"mu":206,"s":[2432,2429,2430,2431]},{"mu":901,"s":[42,43,44]},{"mu":904,"s":[1933]}],"p":[{"t":1, "v":"396284"},{"t":4, "v":"0"},{"t":5, "v":"2.84"},{"t":6, "v":"10962"},{"t":7, "v":"0.035971"},{"t":8, "v":"0.529657"}]},{"d":4,"des":[{"mu":5,"s":[61,62,63]},{"mu":11,"s":[102]},{"mu":19,"s":[154,155,156,157,158,159,160,161,162,163,164,165,166,167,168,169,170,171,172,173,174,175,176,177,178,179,180,181,182,183,184,185,186,187,188,189,190,191,192,193,194,195,196,197,198,199,200,201,202,203,204,205,206,207,208,209,210,211,212,213,214,215,216,217,218,219,220,221]},{"mu":21,"s":[224]},{"mu":22,"s":[225,226,227,228,229,230,231,232,233]},{"mu":24,"s":[240,239]},{"mu":33,"s":[277,278]},{"mu":34,"s":[279,280,281]},{"mu":48,"s":[398,399,400,401,402,403,404,405,406,407,408,409,410,411,412,413,414]},{"mu":52,"s":[448,449,450,451,452,453,454,455,456,457,458,439,440,441,442,443,444,445,446,447]},{"mu":57,"s":[500,501]},{"mu":70,"s":[576,577,578,579,580,581,582,583,584,585,586,587,569,570,571,572,573,574,575]},{"mu":74,"s":[640,641,642,643,644,645]},{"mu":83,"s":[706,707,708]},{"mu":89,"s":[770,771,772,773,774,775]},{"mu":107,"s":[864,865,866,857,858,859,860,861,862,863]},{"mu":126,"s":[1691,1692,1693,1694]},{"mu":148,"s":[1877,1878,1879,1880,1881]},{"mu":159,"s":[2038,2039,2040,2041]},{"mu":164,"s":[2082]},{"mu":165,"s":[2083,2084,2085,2086,2087,2088]},{"mu":167,"s":[2096,2097,2095]},{"mu":174,"s":[2176,2177,2178,2179,2180,2175]},{"mu":175,"s":[2181,2182,2183]},{"mu":185,"s":[2267,2268,2269,2270,2271]},{"mu":188,"s":[2304,2305,2306,2307,2308,2309,2299,2300,2301,2302,2303]},{"mu":191,"s":[2320,2321,2322,2323,2324,2325,2319]},{"mu":198,"s":[2391,2392]}],"p":[{"t":1, "v":"372972"},{"t":4, "v":"0"},{"t":5, "v":"-3.21"},{"t":6, "v":"-12350"},{"t":7, "v":"0.045656"},{"t":8, "v":"0.634536"}]},{"d":5,"des":[{"mu":6,"s":[64,65,66,67,68,69,70]},{"mu":8,"s":[75,76,77,78]},{"mu":16,"s":[134,135,136,137,138]},{"mu":28,"s":[260,261]},{"mu":30,"s":[272,271]},{"mu":31,"s":[273]},{"mu":40,"s":[320,321,322,319]},{"mu":50,"s":[423,424,425,426,427,428,429]},{"mu":54,"s":[461,462,463,464,465,466,467,468,469,470,471,472,473,474,475,476,477,478,479,480,481,482,483,484,485,486,487,488]},{"mu":73,"s":[631,632,633,634,635,636,637,638]},{"mu":79,"s":[693,694,695]},{"mu":80,"s":[696,697,698,699,700]},{"mu":82,"s":[704,705]},{"mu":85,"s":[712,713,714,715,716,717,718,719,720,721,722,723,724,725,726]},{"mu":86,"s":[727,728,729]},{"mu":90,"s":[776,777,778]},{"mu":102,"s":[835,836,837]},{"mu":108,"s":[867,868,869,870,871,872,873,874]},{"mu":161,"s":[2049,2050]},{"mu":166,"s":[2089,2090,2091,2092,2093,2094]},{"mu":171,"s":[2117,2118,2119,2120,2121,2122,2123,2124,2125,2126,2127,2128,2129,2130,2131]},{"mu":192,"s":[2326,2327,2328]},{"mu":200,"s":[2405,2406]},{"mu":202,"s":[2409,2410,2411,2412]},{"mu":208,"s":[2460,2461,2462,2463,2464,2465,2466,2467,2468,2469,2470,2471,2472,2473,2474,2475,2476,2477,2478,2479,2480,2481,2482,2483,2484,2485,2486,2487,2488,2489]},{"mu":210,"s":[2499,2500,2501]},{"mu":212,"s":[2512,2513,2514,2515,2516,2517,2518,2519,2508,2509,2510,2511]},{"mu":215,"s":[2533,2534]},{"mu":216,"s":[2535,2536]},{"mu":903,"s":[639]}],"p":[{"t":1, "v":"383618"},{"t":4, "v":"0"},{"t":5, "v":"-0.44"},{"t":6, "v":"-1704"},{"t":7, "v":"0.000869"},{"t":8, "v":"0.468567"}]},{"d":6,"des":[{"mu":10,"s":[80,81,82,83,84,85,86,87,88,89,90,91,92,93,94,95,96,97,98,99,100,101]},{"mu":13,"s":[107,108,109,110,111,112]},{"mu":29,"s":[262,263,264,265,266,267,268,269,270]},{"mu":36,"s":[294,295,296,297,298,299,300,301,302,303,304,305]},{"mu":37,"s":[306,307,308,309,310,311,312,313]},{"mu":47,"s":[395,396,397]},{"mu":62,"s":[518,519,520,521,522,523]},{"mu":64,"s":[528,529,530,531,532,533,534,526,527]},{"mu":66,"s":[544,545,546,547,548,549,550]},{"mu":104,"s":[842,843,844,845]},{"mu":111,"s":[897,898,899,900,901,902,903,904,905,906,907,908,909,910,911]},{"mu":116,"s":[1610,1611,1612,1613,1614,1615,1616,1617,1618,1619,1620,1621,1622,1623,1624,1625]},{"mu":121,"s":[1672,1673]},{"mu":125,"s":[1685,1686,1687,1688,1689,1690]},{"mu":130,"s":[1708,1709,1710,1711,1712,1713,1714]},{"mu":177,"s":[2201,2202,2203,2204,2205,2206,2207,2208]},{"mu":195,"s":[2349,2350,2351,2352,2353,2354,2355,2356,2357,2358,2359]},{"mu":214,"s":[2527,2528,2529,2530,2531,2532]},{"mu":217,"s":[2537,2538,2539,2540,2541,2542,2543,2544,2545,2546,2547,2548]}],"p":[{"t":1, "v":"387230"},{"t":4, "v":"0"},{"t":5, "v":"0.50"},{"t":6, "v":"1908"},{"t":7, "v":"0.001090"},{"t":8, "v":"0.743878"}]},{"d":7,"des":[{"mu":12,"s":[103,104,105,106]},{"mu":23,"s":[234,235,236,237,238]},{"mu":45,"s":[368,369,370,364,365,366,367]},{"mu":46,"s":[384,385,386,387,388,389,390,391,392,393,394,371,372,373,374,375,376,377,378,379,380,381,382,383]},{"mu":51,"s":[430,431,432,433,434,435,436,437,438]},{"mu":59,"s":[505,506,507,508,509,510,511]},{"mu":68,"s":[560,561,562,563,564,555,556,557,558,559]},{"mu":95,"s":[801,802,803,804,805,806,807,808]},{"mu":96,"s":[816,817,818,819,809,810,811,812,813,814,815]},{"mu":98,"s":[821,822]},{"mu":105,"s":[848,850,851,852,853,846,847]},{"mu":106,"s":[854,855,856]},{"mu":109,"s":[880,881,882,875,876,877,878,879]},{"mu":117,"s":[1632,1633,1634,1635,1626,1627,1628,1629,1630,1631]},{"mu":118,"s":[1636,1637,1638,1639,1640,1641,1642]},{"mu":129,"s":[1702,1703,1704,1705,1706,1707]},{"mu":131,"s":[1715,1716,1717,1718]},{"mu":138,"s":[1792,1789,1790,1791]},{"mu":143,"s":[1856,1857,1848,1849,1850,1851,1852,1853,1854,1855]},{"mu":151,"s":[1891,1892,1893,1894,1895,1896]},{"mu":169,"s":[2112,2113,2114,2115,2109,2110,2111]},{"mu":179,"s":[2219,2220,2221,2222,2223,2224,2225,2226,2227,2228,2229,2230,2231,2232]},{"mu":199,"s":[2400,2401,2402,2403,2404,2393,2394,2395,2396,2397,2398,2399]}],"p":[{"t":1, "v":"402529"},{"t":4, "v":"0"},{"t":5, "v":"4.47"},{"t":6, "v":"17207"},{"t":7, "v":"0.088631"},{"t":8, "v":"0.601156"}]},{"d":8,"des":[{"mu":14,"s":[113,114,115]},{"mu":58,"s":[502,503,504]},{"mu":65,"s":[535,536,537,538,539,540,541,542,543]},{"mu":69,"s":[565,566,567,568]},{"mu":72,"s":[594,595,596,597,598,599,600,601,602,603,604,605,606,607,608,609,610,611,612,613,614,615,616,617,618,619,620,621,622,623,624,625,626,627,628,629,630]},{"mu":88,"s":[768,769,764,765,766,767]},{"mu":91,"s":[784,785,779,780,781,782,783]},{"mu":93,"s":[792,793,794,795,796]},{"mu":101,"s":[832,833,834,830,831]},{"mu":110,"s":[896,883,884,885,886,887,888,889,890,891,892,893,894,895]},{"mu":112,"s":[912,913,914,915,916,917,918,919,920,921]},{"mu":124,"s":[1682,1683,1684]},{"mu":178,"s":[2209,2210,2211,2212,2213,2214,2215,2216,2217,2218]},{"mu":183,"s":[2256,2257,2258,2259,2260,2261,2253,2254,2255]},{"mu":184,"s":[2262,2263,2264,2265,2266]},{"mu":187,"s":[2295,2296,2297,2298]},{"mu":194,"s":[2333,2334,2335,2336,2337,2338,2339,2340,2341,2342,2343,2344,2345,2346,2347,2348]},{"mu":197,"s":[2368,2369,2370,2371,2372,2373,2374,2375,2376,2377,2378,2379,2380,2381,2382,2383,2384,2385,2386,2387,2388,2389,2390,2362,2363,2364,2365,2366,2367]},{"mu":213,"s":[2520,2521,2522,2523,2524,2525,2526]}],"p":[{"t":1, "v":"388149"},{"t":4, "v":"0"},{"t":5, "v":"0.73"},{"t":6, "v":"2827"},{"t":7, "v":"0.002392"},{"t":8, "v":"0.563467"}]},{"d":9,"des":[{"mu":18,"s":[148,149,150,151,152,153]},{"mu":27,"s":[256,257,258,259,253,254,255]},{"mu":94,"s":[800,797,798,799]},{"mu":149,"s":[1882,1883,1884,1885,1886,1887]},{"mu":155,"s":[1934,1935,1936,1937,1938,1939,1940,1941,1942,1943,1944,1945,1946,1947,1948,1949,1950,1951,1952,1953,1954,1955,1956,1957,1958,1959,1960,1961,1962,1963,1964,1965,1966,1967,1968,1969,1970,1971,1972,1973,1974,1975,1976,1977,1978,1979,1980,1981,1982,1983,1984,1985,1986,1987,1988,1989,1990,1991,1992,1993,1994,1995,1996,1997,1998,1999,2000,2001,2002,2003,2004,2005,2006,2007,2008,2009,2010,2011,2012,2013,2014,2015,2016]},{"mu":160,"s":[2048,2042,2043,2044,2045,2046,2047]},{"mu":176,"s":[2184,2185,2186,2187,2188,2189,2190,2191,2192,2193,2194,2195,2196,2197,2198,2199,2200]},{"mu":209,"s":[2490,2491,2492,2493,2494]},{"mu":905,"s":[2496,2497,2498,2495]}],"p":[{"t":1, "v":"385597"},{"t":4, "v":"0"},{"t":5, "v":"0.07"},{"t":6, "v":"275"},{"t":7, "v":"0.000023"},{"t":8, "v":"0.473970"}]},{"d":10,"des":[{"mu":26,"s":[245,246,247,248,249,250,251,252]},{"mu":49,"s":[415,416,417,418,419,420,421,422]},{"mu":61,"s":[515,516,517]},{"mu":76,"s":[651,652,653,654,655,656,657,658,659,660,661,662,663,664,665,666,667,668,669,670,671,672]},{"mu":103,"s":[838,839,840,841]},{"mu":123,"s":[1677,1678,1679,1680,1681]},{"mu":133,"s":[1720,1721,1722,1723,1724,1725,1726,1727,1728,1729,1730,1731,1732,1733,1734,1735,1736,1737,1738,1739,1740,1741,1742,1743,1744,1745,1746,1747,1748,1749,1750,1751,1752,1753,1754,1755,1756,1757,1758,1759,1760,1761,1762,1763,1764,1765,1766,1767,1768,1769,1770,1771,1772,1773]},{"mu":135,"s":[1775,1776,1777,1778,1779,1780,1781,1782,1783]},{"mu":137,"s":[1785,1786,1787,1788]},{"mu":139,"s":[1793,1794,1795,1796,1797]},{"mu":144,"s":[1858,1859,1860,1861,1862,1863,1864,1865,1866,1867]},{"mu":180,"s":[2233,2234,2235,2236,2237,2238,2239,2240,2241,2242,2243,2244,2245,2246,2247]},{"mu":181,"s":[2248,2249,2250]}],"p":[{"t":1, "v":"378505"},{"t":4, "v":"0"},{"t":5, "v":"-1.77"},{"t":6, "v":"-6817"},{"t":7, "v":"0.013911"},{"t":8, "v":"0.305481"}]},{"d":11,"des":[{"mu":35,"s":[288,289,290,291,292,293,282,283,284,285,286,287]},{"mu":42,"s":[325,326,327,328,329,330,331,332,333,334,335,336,337,338,339]},{"mu":92,"s":[786,787,788,789,790,791]},{"mu":120,"s":[2633,2634,2635,2636,2637,2638,2639,2640,2641,2642,2644,2645,2646,2647,2659,2660,2661,2662,1651,1652,1653,1654,1655,1656,1657,1658,1659,1660,1661,1662,1663,1665,1666,1667,1668,1669,1670,1671]},{"mu":127,"s":[1696,1697,1695]},{"mu":141,"s":[1800,1801,1802,1803,1804,1805,1806,1807,1808,1809,1810,1811,1812,1813,1814,1815,1816,1817,1818,1819,1820,1821,1822,1823,1824,1825,1826,1827,1828,1829,1830,1831,1832,1833,1834,1835,1836,1837,1838,1839,1840,1841,1842,1843,1844,1845]}],"p":[{"t":1, "v":"384995"},{"t":4, "v":"0"},{"t":5, "v":"-0.08"},{"t":6, "v":"-327"},{"t":7, "v":"0.000032"},{"t":8, "v":"0.343404"}]},{"d":12,"des":[{"mu":115,"s":[2625,2663,938,939,940,941,942,943,944,945,946,947,948,949,950,951,952,953,954,955,956,957,958,959,960,961,962,963,964,972,973,974,975,976,977,978,979,980,981,982,983,984,985,986,993,994,995,996,997,998,999,1000,1001,1002,1003,1004,1005,1006,1007,1008,1009,1010,1011,1012,1013,1014,1015,1016,1017,1018,1019,1020,1024,1025,1026,1027,1028,1029,1030,1031,1032,1033,1034,1035,1036,1037,1038,1039,1040,1041,1042,1043,1044,1045,1046,1047,1048,1049,1050,1051,1052,1053,1054,1055,1056,1057,1058,1059,1060,1061,1062,1063,1064,1065,1066,1067,1068,1069,1070,1071,1072,1073,1074,1075,1076,1077,1078,1085,1086,1087,1088,1089,1090,1091,1092,1093,1094,1095,1096,1097,1098,1099,1100,1101,1102,1103,1104,1105,1120,1121,1122,1123,1124,1125,1126,1127,1128,1129,1130,1131,1132,1133,1134,1135,1136,1137,1148,1149,1150,1151,1152,1153,1154,1155,1156,1157,1158,1310,1328,1329,1330,1348,1349,1350,1351,1365,1366,1367,1368,1369,1378,1379,1380,1392,1393,1394,1395,1406,1079]},{"mu":906,"s":[2549]}],"p":[{"t":1, "v":"383613"},{"t":4, "v":"0"},{"t":5, "v":"-0.44"},{"t":6, "v":"-1709"},{"t":7, "v":"0.000874"},{"t":8, "v":"0.284199"}]},{"d":13,"des":[{"mu":115,"s":[2622,2623,2624,2626,2627,2628,2629,2630,2631,2632,1302,1303,1304,1318,1319,1320,1327,1331,1332,1333,1334,1335,1336,1337,1338,1339,1340,1341,1342,1343,1344,1345,1346,1347,1352,1353,1354,1355,1356,1357,1358,1359,1360,1361,1362,1363,1364,1370,1371,1372,1373,1374,1375,1376,1377,1381,1382,1383,1384,1385,1386,1387,1388,1389,1390,1391,1396,1397,1398,1399,1400,1401,1402,1403,1404,1405,1408,1409,1410,1411,1412,1413,1414,1415,1416,1417,1418,1419,1420,1421,1422,1491,1541,1542,1543,1544,1545,1546,1547,1548,1549,1550,1551,1568,1569,1570,1571,1572,1573,1574,1575,1576,1577,1578,1579,1580,1581,1583,1584,1585,1586,1588,1595,1601,1587,1596,1597]}],"p":[{"t":1, "v":"381559"},{"t":4, "v":"0"},{"t":5, "v":"-0.98"},{"t":6, "v":"-3763"},{"t":7, "v":"0.004239"},{"t":8, "v":"0.268650"}]},{"d":14,"des":[{"mu":115,"s":[2551,2552,2553,2554,2555,2556,2557,2558,2559,2560,2561,2562,2563,2564,2565,2566,2567,2568,2569,2570,2571,2572,2573,2574,2575,2576,2577,2578,2579,2580,2581,2582,2583,2584,2585,2586,2587,2588,2589,2590,2591,2592,2593,2594,2595,2596,2597,2598,2599,2600,2601,2602,2603,2604,2605,2606,2607,2608,2609,2610,2611,2612,2613,2614,2615,2616,2617,2618,2619,2620,2621,2648,2649,2650,2651,2652,2653,2654,2655,2656,2657,2658,1212,1213,1214,1215,1221,1229,1230,1231,1232,1233,1235,1236,1237,1238,1239,1240,1241,1242,1243,1244,1245,1246,1248,1249,1251,1252,1253,1254,1255,1256,1257,1258,1259,1260,1492,1493,1524,1536,1552,1554,1558,1559,1561,1562,1563,1564,1565,1566,1567,1582,1589,1590,1591,1592,1593,1594,1598,1599,1600,1603,1604,1605,1607,1608,1609,1602,1606]}],"p":[{"t":1, "v":"382260"},{"t":4, "v":"0"},{"t":5, "v":"-0.79"},{"t":6, "v":"-3062"},{"t":7, "v":"0.002806"},{"t":8, "v":"0.356754"}]},{"d":15,"des":[{"mu":115,"s":[2643,933,934,935,936,937,965,966,967,968,969,970,971,987,988,989,990,991,992,1021,1022,1023,1080,1081,1082,1083,1084,1106,1107,1108,1109,1110,1111,1112,1113,1114,1115,1116,1117,1118,1119,1138,1139,1140,1141,1142,1143,1144,1145,1146,1147,1159,1160,1161,1162,1163,1164,1165,1166,1167,1168,1169,1170,1171,1172,1173,1174,1175,1176,1177,1178,1179,1180,1181,1182,1183,1184,1185,1186,1187,1188,1189,1190,1191,1192,1193,1194,1195,1196,1197,1198,1199,1200,1201,1202,1203,1204,1205,1206,1207,1208,1209,1210,1211,1216,1217,1218,1219,1220,1222,1223,1224,1225,1226,1227,1228,1261,1262,1263,1264,1265,1266,1267,1268,1269,1270,1271,1272,1273,1274,1275,1276,1277,1278,1279,1280,1281,1282,1283,1284,1285,1286,1287,1288,1289,1290,1291,1292,1293,1294,1295,1296,1297,1298,1299,1300,1301,1305,1306,1307,1308,1309,1311,1312,1313,1314,1315,1316,1317,1321,1322,1323,1324,1325,1326,1423,1424,1425,1426,1427,1428,1429,1430,1431,1432,1433,1434,1435,1436,1438,1439,1440,1441,1442,1443,1444,1445,1446,1447,1448,1452,1453,1454,1455,1456,1457,1458,1459,1460,1461,1462,1463,1464,1465,1466,1467,1468,1469,1470,1471,1472,1473,1474,1475,1476,1477,1478,1479,1480,1481,1482,1484,1485,1486,1487,1488,1489,1490,1494,1496,1497,1498,1499,1500,1501,1502,1503,1504,1505,1506,1507,1508,1509,1510,1511,1512,1513,1514,1515,1516,1517,1518,1519,1520,1521,1522,1523,1525,1526,1527,1528,1529,1530,1531,1532,1533,1534,1535,1537,1538,1539,1540,1553,1555,1556,1557,1449,1450,1451,1437,1495,1483]}],"p":[{"t":1, "v":"381218"},{"t":4, "v":"0"},{"t":5, "v":"-1.07"},{"t":6, "v":"-4104"},{"t":7, "v":"0.005042"},{"t":8, "v":"0.163354"}]}],"calificaciones":[{"t":"1","a":"1.0","p":"0.222363","sp":"0.222363"},{"t":"2","a":"0.5","p":"6.357530","sp":"12.715059"}],"total":{"p":6.579892,"sp":12.937422},"sellos":[{"n":"escenario","v":"md5"},{"n":"calificacion","v":"md5"},{"n":"municipios","v":"md5"},{"n":"secciones","v":"md5"},{"n":"tiemposmunicipios","v":"md5"}],"version":"Versión 1.5.20161004.2|federal"}