{"entidad":13,"partes":[{"id":0,"nombre":"","tipologia":6,"primerdistrito":0,"distritos":9,"municipios":[{"id":1,"fraccion":0},{"id":2,"fraccion":0},{"id":3,"fraccion":0},{"id":4,"fraccion":0},{"id":5,"fraccion":0},{"id":7,"fraccion":0},{"id":8,"fraccion":0},{"id":9,"fraccion":0},{"id":11,"fraccion":0},{"id":12,"fraccion":0},{"id":13,"fraccion":0},{"id":15,"fraccion":0},{"id":16,"fraccion":0},{"id":19,"fraccion":0},{"id":21,"fraccion":0},{"id":20,"fraccion":0},{"id":23,"fraccion":0},{"id":24,"fraccion":0},{"id":27,"fraccion":0},{"id":29,"fraccion":0},{"id":35,"fraccion":0},{"id":33,"fraccion":0},{"id":38,"fraccion":0},{"id":39,"fraccion":0},{"id":36,"fraccion":0},{"id":37,"fraccion":0},{"id":42,"fraccion":0},{"id":41,"fraccion":0},{"id":44,"fraccion":0},{"id":45,"fraccion":0},{"id":51,"fraccion":0},{"id":50,"fraccion":0},{"id":49,"fraccion":0},{"id":54,"fraccion":0},{"id":52,"fraccion":0},{"id":59,"fraccion":0},{"id":57,"fraccion":0},{"id":56,"fraccion":0},{"id":63,"fraccion":0},{"id":62,"fraccion":0},{"id":61,"fraccion":0},{"id":60,"fraccion":0},{"id":69,"fraccion":0},{"id":70,"fraccion":0},{"id":71,"fraccion":0},{"id":64,"fraccion":0},{"id":65,"fraccion":0},{"id":66,"fraccion":0},{"id":67,"fraccion":0},{"id":79,"fraccion":0},{"id":73,"fraccion":0},{"id":75,"fraccion":0},{"id":81,"fraccion":0},{"id":83,"fraccion":0}]},{"id":1,"nombre":"TULANCINGO DE BRAVO","tipologia":0,"primerdistrito":9,"distritos":1,"municipios":[{"id":76,"fraccion":0}]},{"id":2,"nombre":"PACHUCA DE SOTO","tipologia":1,"primerdistrito":10,"distritos":2,"municipios":[{"id":47,"fraccion":1}]},{"id":3,"nombre":"MINERAL DE LA REFORMA","tipologia":0,"primerdistrito":12,"distritos":1,"municipios":[{"id":22,"fraccion":0},{"id":40,"fraccion":0}]},{"id":4,"nombre":"SAN FELIPE ORIZATLAN","tipologia":6,"primerdistrito":13,"distritos":2,"municipios":[{"id":32,"fraccion":0},{"id":80,"fraccion":0},{"id":53,"fraccion":0},{"id":25,"fraccion":0},{"id":10,"fraccion":0},{"id":78,"fraccion":0},{"id":26,"fraccion":0},{"id":72,"fraccion":0},{"id":28,"fraccion":0}]},{"id":5,"nombre":"NICOLAS FLORES","tipologia":6,"primerdistrito":15,"distritos":1,"municipios":[{"id":18,"fraccion":0},{"id":55,"fraccion":0},{"id":43,"fraccion":0},{"id":14,"fraccion":0},{"id":30,"fraccion":0}]},{"id":6,"nombre":"TIZAYUCA","tipologia":6,"primerdistrito":16,"distritos":1,"municipios":[{"id":68,"fraccion":1},{"id":82,"fraccion":0},{"id":77,"fraccion":0},{"id":74,"fraccion":1}]},{"id":7,"nombre":"PISAFLORES","tipologia":6,"primerdistrito":17,"distritos":1,"municipios":[{"id":17,"fraccion":0},{"id":34,"fraccion":0},{"id":84,"fraccion":0},{"id":48,"fraccion":0},{"id":6,"fraccion":0},{"id":58,"fraccion":0},{"id":46,"fraccion":0},{"id":31,"fraccion":0}]}],"cumulos":[{"id":0,"tipo":2,"secciones":[32,33,13,14,15,17,16,19,18,21,20,23,22,25,24,27,26,29,28,31,30]},{"id":1,"tipo":2,"secciones":[68,34,35,64,38,65,39,66,36,67,37,42,43,40,41,46,47,44,45,51,50,49,48,55,54,53,52,59,58,57,56,63,62,61,60]},{"id":2,"tipo":2,"secciones":[1,2,3,4,5,6,7,8,9,10,11,12]},{"id":3,"tipo":2,"secciones":[102,103,100,101,98,99,96,97,110,111,108,109,106,107,104,105,113,112,93,92,95,94]},{"id":4,"tipo":2,"secciones":[119,118,117,116,115,114,126,125,124,123,122,121,120]},{"id":5,"tipo":2,"secciones":[69,70,71,80,76,77,78,79,72,73,74,75]},{"id":6,"tipo":2,"secciones":[85,84,87,86,81,83,82,89,88,91,90]},{"id":7,"tipo":2,"secciones":[171,170,169,168,175,174,173,172,163,162,176,177,167,166,165,164]},{"id":8,"tipo":2,"secciones":[205,204,201,200,203,202,197,196,199,198,193,192,195,194,186,187,184,185,190,191,188,189,178,179,182,183,180,181]},{"id":9,"tipo":2,"secciones":[137,136,139,138,141,140,143,142,129,128,131,130,133,132,135,134,144,145,146,147,148,149,150,151,127]},{"id":10,"tipo":2,"secciones":[152,153,154,155,156,157,158,159,161,160]},{"id":11,"tipo":2,"secciones":[275,274,273,272,279,278,277,276,280,258,259,257,262,263,260,261,266,267,264,265,270,271,268,269]},{"id":12,"tipo":2,"secciones":[288,289,290,283,282,281,287,286,285,284]},{"id":13,"tipo":2,"secciones":[220,221,207,222,206,223,216,217,218,219,212,213,214,215,208,209,210,211]},{"id":14,"tipo":2,"secciones":[239,238,237,236,235,234,233,232,231,230,229,228,227,226,225,224]},{"id":15,"tipo":2,"secciones":[653,652,655,654,649,648,651,650,647,646,656]},{"id":16,"tipo":2,"secciones":[668,669,670,671,665,666,667,673,672]},{"id":17,"tipo":2,"secciones":[631,630,635,634,633,632,639,641,638,640,637,636]},{"id":18,"tipo":2,"secciones":[687,686,685,684,683,682,681,680,679,678,677,676,675,674,698,699,696,697,694,695,692,693,690,691,688,689]},{"id":19,"tipo":2,"secciones":[516,517,510,518,511,519,546,512,513,544,514,545,515,524,525,526,527,520,521,522,523,533,532,535,534,529,528,531,530,541,540,543,542,537,536,539,538]},{"id":20,"tipo":2,"secciones":[664,660,661,662,663,657,658,659]},{"id":21,"tipo":2,"secciones":[410,411,408,409,414,415,412,413,406,407,405,425,424,427,426,429,428,430,417,416,419,418,421,420,423,422]},{"id":22,"tipo":2,"secciones":[645,644,643,642]},{"id":23,"tipo":2,"secciones":[373,372,375,374,369,371,370,381,380,383,382,377,376,379,378,385,384]},{"id":24,"tipo":2,"secciones":[610,611,608,609,614,615,612,613,618,619,616,617,622,623,620,621,627,626,625,624,629,628]},{"id":25,"tipo":2,"secciones":[356,357,352,353,354,355,351,350]},{"id":26,"tipo":2,"secciones":[440,431,432,433,434,435,436,437,438,439]},{"id":27,"tipo":2,"secciones":[341,340,339,338,337,336,334,335,332,333,331]},{"id":28,"tipo":2,"secciones":[402,403,400,401,404,395,394,393,392,399,398,397,396,387,386,391,390,389,388]},{"id":29,"tipo":2,"secciones":[305,304,307,306,309,308,311,310,313,312,315,314,291,292,293,294,295,296,297,298,299,300,301,302,303]},{"id":30,"tipo":2,"secciones":[358,359,368,364,365,366,367,360,361,362,363]},{"id":31,"tipo":2,"secciones":[343,342,349,348,347,346,345,344]},{"id":32,"tipo":2,"secciones":[1763,1762,1761,1760,1766,1765,1764,937,938,929,1729,1728,1731,1730,1733,1732,1735,1734,1737,1736,1739,1738,1741,1740,1743,1742,1744,1745,1746,1747,1748,1749,1750,1751,1752,1753,1754,1755,1756,1757,1758,1759,1711,738,1710,737,1709,736,1708,741,740,1719,1716,1717,1714,1715,1712,1713,1726,1727,1724,1725,1722,1723,1720,1721,728,729,730,731,732,733,734,735,726,727]},{"id":33,"tipo":2,"secciones":[747,746,745,744,751,750,749,748,743,762,763,760,761,764,754,755,752,753,758,759,756,757]},{"id":34,"tipo":2,"secciones":[702,712,703,700,701,705,704,707,706,709,708,711,710]},{"id":35,"tipo":2,"secciones":[713,715,714,717,716,719,718,720,721,722,723,724]},{"id":36,"tipo":2,"secciones":[804,805,806,807,802,803,808,809,810,811]},{"id":37,"tipo":2,"secciones":[821,820,817,816,819,818,812,813,814,815]},{"id":38,"tipo":2,"secciones":[774,775,772,773,766,770,767,771,768,765,769,778,779,776,777]},{"id":39,"tipo":3,"secciones":[550,551,548,549,547,558,559,556,557,554,555,552,553,567,566,565,564,563,562,561,560,575,574,573,572,571,570,569,568,576,577,578,579,580,581,582,583,584,585,586,587,588,589,590,591,593,592,595,594,597,596,599,598,601,600,603,602,605,604,607,606]},{"id":40,"tipo":2,"secciones":[986,987,984,985,990,991,988,989,993,992,982,983]},{"id":41,"tipo":2,"secciones":[1001,1000,1003,1002,1005,1004,1007,1006,995,994,997,996,999,998]},{"id":42,"tipo":2,"secciones":[823,822,829,828,831,830,825,824,827,826]},{"id":43,"tipo":2,"secciones":[978,979,976,977,980,981,971,970,969,968,975,974,973,972,963,962,967,966,965,964]},{"id":44,"tipo":2,"secciones":[1067,1070,1071,1068,1069,1088,1089,1090,1083,1082,1081,1080,1087,1086,1085,1084,1075,1074,1073,1072,1079,1078,1077,1076]},{"id":45,"tipo":2,"secciones":[1016,1017,1018,1019,1020,1021,1022,1023,1008,1024,1009,1025,1010,1011,1012,1013,1014,1015]},{"id":46,"tipo":2,"secciones":[1066,1064,1065,1058,1059,1056,1057,1062,1063,1060,1061,1049,1048,1051,1050,1053,1052,1055,1054,1043,1045,1044,1047,1046]},{"id":47,"tipo":2,"secciones":[1153,1152,1155,1154,1157,1156,1159,1158,1161,1160,1163,1162,1165,1164,1167,1166,1168,1169,1170,1171,1172,1173,1174,1175,1176]},{"id":48,"tipo":2,"secciones":[1440,1430,1431,1429,1434,1435,1432,1433,1438,1439,1436,1437]},{"id":49,"tipo":2,"secciones":[1295,1299,1298,1297,1296,1302,1301,1300]},{"id":50,"tipo":2,"secciones":[1100,1101,1102,1103,1096,1097,1098,1099,1092,1093,1094,1095,1091,1109,1108,1105,1104,1107,1106]},{"id":51,"tipo":2,"secciones":[1311,1310,1329,1328,1331,1330,1332,1320,1321,1322,1323,1324,1325,1326,1327,1312,1313,1314,1315,1316,1317,1318,1319]},{"id":52,"tipo":2,"secciones":[1337,1336,1339,1338,1341,1340,1343,1342,1333,1335,1334,1348,1346,1347,1344,1345]},{"id":53,"tipo":2,"secciones":[1494,1495,1492,1493,1490,1491,1488,1489,1500,1501,1498,1499,1496,1497,1479,1478,1477,1476,1475,1474,1473,1472,1487,1486,1485,1484,1483,1482,1481,1480,1456,1457,1458,1459,1460,1461,1462,1463,1464,1465,1466,1467,1468,1469,1470,1471,1449,1451,1450,1453,1452,1455,1454]},{"id":54,"tipo":2,"secciones":[1426,1427,1424,1425,1428,1411,1410,1409,1408,1415,1414,1413,1412,1419,1418,1417,1416,1423,1422,1421,1420,1405,1404,1407,1406,1403]},{"id":55,"tipo":2,"secciones":[1290,1291,1288,1289,1294,1292,1293,1282,1283,1280,1281,1286,1287,1284,1285,1263,1262,1270,1271,1268,1269,1266,1267,1264,1265,1278,1279,1276,1277,1274,1275,1272,1273]},{"id":56,"tipo":2,"secciones":[1134,1151,1135,1150,1132,1149,1133,1148,1147,1146,1145,1144,1143,1142,1141,1140,1139,1138,1137,1136]},{"id":57,"tipo":2,"secciones":[1599,1598,1597,1596,1595,1594,1593,1592,1591,1590,1589,1588,1587,1586,1585]},{"id":58,"tipo":2,"secciones":[1307,1306,1305,1304,1309,1308,1303]},{"id":59,"tipo":2,"secciones":[791,790,789,788,787,786,785,784,799,798,797,796,795,794,793,792,800,801,782,783,780,781]},{"id":60,"tipo":2,"secciones":[1187,1186,1185,1184,1190,1189,1188,1177,1178,1179,1180,1181,1182,1183]},{"id":61,"tipo":2,"secciones":[1608,1609,1610,1611,1612,1613,1614,1615,1600,1601,1602,1603,1604,1605,1606,1607,1617,1616,1618]},{"id":62,"tipo":2,"secciones":[1393,1392,1394,1388,1389,1390,1391,1384,1385,1386,1387,1380,1381,1382,1383,1378,1379]},{"id":63,"tipo":2,"secciones":[1221,1220,1223,1222,1191,1217,1216,1219,1218,1195,1194,1228,1193,1192,1199,1225,1198,1224,1197,1227,1196,1226,1202,1203,1200,1201,1206,1207,1204,1205,1210,1211,1208,1209,1214,1215,1212,1213]},{"id":64,"tipo":2,"secciones":[1032,1033,1034,1035,1036,1037,1038,1039,1026,1027,1028,1029,1030,1031,1041,1040,1042]},{"id":65,"tipo":2,"secciones":[1117,1116,1119,1118,1113,1112,1115,1114,1111,1110,1120]},{"id":66,"tipo":2,"secciones":[317,316,319,318,326,327,324,325,322,323,320,321,330,328,329]},{"id":67,"tipo":2,"secciones":[441,442,443,444,445,446,447,456,455,454,453,452,451,450,449,448]},{"id":68,"tipo":2,"secciones":[1502,1503,1524,1525,1526,1527,1520,1521,1522,1523,1532,1533,1534,1535,1528,1529,1530,1531,1509,1508,1511,1510,1505,1504,1507,1506,1517,1516,1519,1518,1513,1512,1515,1514,1548,1549,1550,1551,1544,1545,1546,1547,1540,1541,1542,1543,1536,1537,1538,1539,1553,1552,1555,1554]},{"id":69,"tipo":2,"secciones":[1561,1560,1562,1557,1556,1559,1558]},{"id":70,"tipo":2,"secciones":[1130,1131,1128,1129,1126,1127,1124,1125,1122,1123,1121]},{"id":71,"tipo":2,"secciones":[478,479,476,477,474,475,472,473,470,471,468,469,466,467,464,465,463,462,461,460,459,458,457,508,509,504,505,506,507,500,501,502,503,496,497,498,499,493,492,495,494,489,488,491,490,485,484,487,486,481,480,483,482]},{"id":72,"tipo":2,"secciones":[1229,1231,1230,1236,1237,1238,1239,1232,1233,1234,1235,1244,1245,1246,1247,1240,1241,1242,1243,1255,1254,1253,1252,1251,1250,1249,1248,1261,1260,1259,1258,1257,1256]},{"id":73,"tipo":2,"secciones":[1625,1624,1626,1619,1621,1620,1623,1622]},{"id":74,"tipo":3,"secciones":[1767,1368,1771,1367,1770,1366,1769,1365,1768,1364,1775,1363,1774,1362,1773,1361,1772,1360,1778,1358,1779,1359,1776,1356,1777,1357,1782,1354,1783,1355,1780,1352,1781,1353,1786,1350,1787,1351,1784,1785,1441,1443,1442,1445,1444,1447,1446,1448]},{"id":75,"tipo":2,"secciones":[1642,1643,1640,1641,1634,1635,1632,1633,1638,1639,1636,1637,1627,1629,1628,1631,1630]},{"id":76,"tipo":2,"secciones":[1565,1564,1567,1566,1563,1574,1575,1572,1573,1570,1571,1568,1569]},{"id":77,"tipo":2,"secciones":[1375,1374,1373,1372,1371,1370,1369,1376,1377]},{"id":78,"tipo":2,"secciones":[254,255,256,252,253,250,251,248,249,246,247,244,245,242,243,240,241]},{"id":79,"tipo":2,"secciones":[1582,1583,1580,1581,1578,1579,1576,1577,1584]},{"id":80,"tipo":2,"secciones":[1401,1400,1402,1397,1396,1399,1398,1395]},{"id":81,"tipo":2,"secciones":[1703,1702,1701,1700,1646,1699,1647,1698,1644,1697,1645,1696,1707,1706,1705,1704,1659,1657,1656,1663,1662,1661,1660,1651,1650,1649,1648,1655,1654,1653,1652,1669,1668,1671,1670,1665,1664,1667,1677,1676,1679,1678,1673,1672,1675,1674,1684,1685,1686,1687,1680,1681,1682,1683,1692,1693,1694,1695,1688,1689,1690,1691]}],"separados":[{"id":0,"municipio1":14,"municipio2":70,"tiempo":210.0000,"tiempopromedio":45.5224,"desviacion":37.7518},{"id":1,"municipio1":42,"municipio2":70,"tiempo":193.0000,"tiempopromedio":45.5224,"desviacion":37.7518},{"id":2,"municipio1":43,"municipio2":70,"tiempo":226.0000,"tiempopromedio":45.5224,"desviacion":37.7518},{"id":3,"municipio1":62,"municipio2":70,"tiempo":231.0000,"tiempopromedio":45.5224,"desviacion":37.7518}],"distritos":[{"d":1,"des":[{"mu":3,"s":[68,34,35,64,38,65,39,66,36,67,37,42,43,40,41,46,47,44,45,51,50,49,48,55,54,53,52,59,58,57,56,63,62,61,60]},{"mu":11,"s":[205,204,201,200,203,202,197,196,199,198,193,192,195,194,186,187,184,185,190,191,188,189,178,179,182,183,180,181]},{"mu":19,"s":[341,340,339,338,337,336,334,335,332,333,331]},{"mu":37,"s":[687,686,685,684,683,682,681,680,679,678,677,676,675,674,698,699,696,697,694,695,692,693,690,691,688,689]},{"mu":38,"s":[702,712,703,700,701,705,704,707,706,709,708,711,710]},{"mu":54,"s":[1067,1070,1071,1068,1069,1088,1089,1090,1083,1082,1081,1080,1087,1086,1085,1084,1075,1074,1073,1072,1079,1078,1077,1076]}],"p":[{"t":1, "v":"160567"},{"t":4, "v":"01:11"},{"t":5, "v":"8.45"},{"t":6, "v":"12510"},{"t":7, "v":"0.317327"},{"t":8, "v":"0.542358"}]},{"d":2,"des":[{"mu":9,"s":[152,153,154,155,156,157,158,159,161,160]},{"mu":12,"s":[220,221,207,222,206,223,216,217,218,219,212,213,214,215,208,209,210,211]},{"mu":63,"s":[1290,1291,1288,1289,1294,1292,1293,1282,1283,1280,1281,1286,1287,1284,1285,1263,1262,1270,1271,1268,1269,1266,1267,1264,1265,1278,1279,1276,1277,1274,1275,1272,1273]},{"mu":65,"s":[1307,1306,1305,1304,1309,1308,1303]}],"p":[{"t":1, "v":"150228"},{"t":4, "v":"00:30"},{"t":5, "v":"1.47"},{"t":6, "v":"2171"},{"t":7, "v":"0.009560"},{"t":8, "v":"0.516234"}]},{"d":3,"des":[{"mu":2,"s":[32,33,13,14,15,17,16,19,18,21,20,23,22,25,24,27,26,29,28,31,30]},{"mu":15,"s":[275,274,273,272,279,278,277,276,280,258,259,257,262,263,260,261,266,267,264,265,270,271,268,269]},{"mu":56,"s":[1117,1116,1119,1118,1113,1112,1115,1114,1111,1110,1120]},{"mu":57,"s":[1130,1131,1128,1129,1126,1127,1124,1125,1122,1123,1121]}],"p":[{"t":1, "v":"140729"},{"t":4, "v":"00:38"},{"t":5, "v":"-4.95"},{"t":6, "v":"-7328"},{"t":7, "v":"0.108863"},{"t":8, "v":"0.559050"}]},{"d":4,"des":[{"mu":7,"s":[119,118,117,116,115,114,126,125,124,123,122,121,120]},{"mu":8,"s":[137,136,139,138,141,140,143,142,129,128,131,130,133,132,135,134,144,145,146,147,148,149,150,151,127]},{"mu":21,"s":[356,357,352,353,354,355,351,350]},{"mu":61,"s":[1221,1220,1223,1222,1191,1217,1216,1219,1218,1195,1194,1228,1193,1192,1199,1225,1198,1224,1197,1227,1196,1226,1202,1203,1200,1201,1206,1207,1204,1205,1210,1211,1208,1209,1214,1215,1212,1213]},{"mu":71,"s":[1401,1400,1402,1397,1396,1399,1398,1395]},{"mu":83,"s":[1642,1643,1640,1641,1634,1635,1632,1633,1638,1639,1636,1637,1627,1629,1628,1631,1630]}],"p":[{"t":1, "v":"167943"},{"t":4, "v":"00:24"},{"t":5, "v":"13.43"},{"t":6, "v":"19886"},{"t":7, "v":"0.801819"},{"t":8, "v":"0.485139"}]},{"d":5,"des":[{"mu":16,"s":[288,289,290,283,282,281,287,286,285,284]},{"mu":29,"s":[516,517,510,518,511,519,546,512,513,544,514,545,515,524,525,526,527,520,521,522,523,533,532,535,534,529,528,531,530,541,540,543,542,537,536,539,538]},{"mu":44,"s":[804,805,806,807,802,803,808,809,810,811]},{"mu":59,"s":[1153,1152,1155,1154,1157,1156,1159,1158,1161,1160,1163,1162,1165,1164,1167,1166,1168,1169,1170,1171,1172,1173,1174,1175,1176]},{"mu":64,"s":[1295,1299,1298,1297,1296,1302,1301,1300]},{"mu":66,"s":[1311,1310,1329,1328,1331,1330,1332,1320,1321,1322,1323,1324,1325,1326,1327,1312,1313,1314,1315,1316,1317,1318,1319]}],"p":[{"t":1, "v":"164825"},{"t":4, "v":"01:00"},{"t":5, "v":"11.33"},{"t":6, "v":"16768"},{"t":7, "v":"0.570096"},{"t":8, "v":"0.379349"}]},{"d":6,"des":[{"mu":5,"s":[85,84,87,86,81,83,82,89,88,91,90]},{"mu":23,"s":[373,372,375,374,369,371,370,381,380,383,382,377,376,379,378,385,384]},{"mu":41,"s":[747,746,745,744,751,750,749,748,743,762,763,760,761,764,754,755,752,753,758,759,756,757]},{"mu":49,"s":[986,987,984,985,990,991,988,989,993,992,982,983]},{"mu":51,"s":[1016,1017,1018,1019,1020,1021,1022,1023,1008,1024,1009,1025,1010,1011,1012,1013,1014,1015]}],"p":[{"t":1, "v":"149596"},{"t":4, "v":"00:37"},{"t":5, "v":"1.04"},{"t":6, "v":"1539"},{"t":7, "v":"0.004805"},{"t":8, "v":"0.645085"}]},{"d":7,"des":[{"mu":13,"s":[239,238,237,236,235,234,233,232,231,230,229,228,227,226,225,224]},{"mu":20,"s":[343,342,349,348,347,346,345,344]},{"mu":33,"s":[645,644,643,642]},{"mu":35,"s":[664,660,661,662,663,657,658,659]},{"mu":42,"s":[774,775,772,773,766,770,767,771,768,765,769,778,779,776,777]},{"mu":50,"s":[1001,1000,1003,1002,1005,1004,1007,1006,995,994,997,996,999,998]},{"mu":62,"s":[1229,1231,1230,1236,1237,1238,1239,1232,1233,1234,1235,1244,1245,1246,1247,1240,1241,1242,1243,1255,1254,1253,1252,1251,1250,1249,1248,1261,1260,1259,1258,1257,1256]},{"mu":67,"s":[1337,1336,1339,1338,1341,1340,1343,1342,1333,1335,1334,1348,1346,1347,1344,1345]},{"mu":70,"s":[1393,1392,1394,1388,1389,1390,1391,1384,1385,1386,1387,1380,1381,1382,1383,1378,1379]},{"mu":79,"s":[1582,1583,1580,1581,1578,1579,1576,1577,1584]},{"mu":81,"s":[1608,1609,1610,1611,1612,1613,1614,1615,1600,1601,1602,1603,1604,1605,1606,1607,1617,1616,1618]}],"p":[{"t":1, "v":"145952"},{"t":4, "v":"01:44"},{"t":5, "v":"-1.42"},{"t":6, "v":"-2105"},{"t":7, "v":"0.008980"},{"t":8, "v":"0.884196"}]},{"d":8,"des":[{"mu":69,"s":[1375,1374,1373,1372,1371,1370,1369,1376,1377]},{"mu":73,"s":[1440,1430,1431,1429,1434,1435,1432,1433,1438,1439,1436,1437]},{"mu":75,"s":[1494,1495,1492,1493,1490,1491,1488,1489,1500,1501,1498,1499,1496,1497,1479,1478,1477,1476,1475,1474,1473,1472,1487,1486,1485,1484,1483,1482,1481,1480,1456,1457,1458,1459,1460,1461,1462,1463,1464,1465,1466,1467,1468,1469,1470,1471,1449,1451,1450,1453,1452,1455,1454]}],"p":[{"t":1, "v":"147200"},{"t":4, "v":"00:17"},{"t":5, "v":"-0.58"},{"t":6, "v":"-857"},{"t":7, "v":"0.001488"},{"t":8, "v":"0.390289"}]},{"d":9,"des":[{"mu":1,"s":[1,2,3,4,5,6,7,8,9,10,11,12]},{"mu":4,"s":[69,70,71,80,76,77,78,79,72,73,74,75]},{"mu":24,"s":[402,403,400,401,404,395,394,393,392,399,398,397,396,387,386,391,390,389,388]},{"mu":27,"s":[441,442,443,444,445,446,447,456,455,454,453,452,451,450,449,448]},{"mu":36,"s":[668,669,670,671,665,666,667,673,672]},{"mu":39,"s":[713,715,714,717,716,719,718,720,721,722,723,724]},{"mu":45,"s":[821,820,817,816,819,818,812,813,814,815]},{"mu":52,"s":[1032,1033,1034,1035,1036,1037,1038,1039,1026,1027,1028,1029,1030,1031,1041,1040,1042]},{"mu":60,"s":[1187,1186,1185,1184,1190,1189,1188,1177,1178,1179,1180,1181,1182,1183]}],"p":[{"t":1, "v":"138846"},{"t":4, "v":"01:25"},{"t":5, "v":"-6.22"},{"t":6, "v":"-9211"},{"t":7, "v":"0.172002"},{"t":8, "v":"0.519270"}]},{"d":10,"des":[{"mu":76,"s":[1502,1503,1524,1525,1526,1527,1520,1521,1522,1523,1532,1533,1534,1535,1528,1529,1530,1531,1509,1508,1511,1510,1505,1504,1507,1506,1517,1516,1519,1518,1513,1512,1515,1514,1548,1549,1550,1551,1544,1545,1546,1547,1540,1541,1542,1543,1536,1537,1538,1539,1553,1552,1555,1554]}],"p":[{"t":1, "v":"154416"},{"t":4, "v":"00:00"},{"t":5, "v":"4.29"},{"t":6, "v":"6359"},{"t":7, "v":"0.081997"},{"t":8, "v":"0.365982"}]},{"d":11,"des":[{"mu":47,"s":[881,880,883,882,885,884,887,886,889,888,891,890,893,892,895,894,867,868,869,870,871,872,873,874,875,876,877,878,879,851,850,849,848,855,854,853,852,859,858,857,856,863,862,861,860,834,835,832,833,838,839,836,837,842,843,840,841,846,847,844,845,956,922,923,920,921,918,919,916,914,915,912,913,911,910,909,908,907,906,905,904,897]}],"p":[{"t":1, "v":"131477"},{"t":4, "v":"00:00"},{"t":5, "v":"-11.20"},{"t":6, "v":"-16580"},{"t":7, "v":"0.557324"},{"t":8, "v":"0.238001"}]},{"d":12,"des":[{"mu":47,"s":[742,1718,864,865,866,957,958,959,952,953,954,955,948,949,950,951,944,945,946,947,941,940,943,942,936,939,933,932,935,934,928,931,930,926,927,924,925,917,903,902,901,900,899,898,896,961,960]}],"p":[{"t":1, "v":"136462"},{"t":4, "v":"00:00"},{"t":5, "v":"-7.83"},{"t":6, "v":"-11595"},{"t":7, "v":"0.272565"},{"t":8, "v":"0.381738"}]},{"d":13,"des":[{"mu":22,"s":[358,359,368,364,365,366,367,360,361,362,363]},{"mu":40,"s":[1763,1762,1761,1760,1766,1765,1764,937,938,929,1729,1728,1731,1730,1733,1732,1735,1734,1737,1736,1739,1738,1741,1740,1743,1742,1744,1745,1746,1747,1748,1749,1750,1751,1752,1753,1754,1755,1756,1757,1758,1759,1711,738,1710,737,1709,736,1708,741,740,1719,1716,1717,1714,1715,1712,1713,1726,1727,1724,1725,1722,1723,1720,1721,728,729,730,731,732,733,734,735,726,727]}],"p":[{"t":1, "v":"140904"},{"t":4, "v":"00:15"},{"t":5, "v":"-4.83"},{"t":6, "v":"-7153"},{"t":7, "v":"0.103725"},{"t":8, "v":"0.262457"}]},{"d":14,"des":[{"mu":10,"s":[171,170,169,168,175,174,173,172,163,162,176,177,167,166,165,164]},{"mu":28,"s":[478,479,476,477,474,475,472,473,470,471,468,469,466,467,464,465,463,462,461,460,459,458,457,508,509,504,505,506,507,500,501,502,503,496,497,498,499,493,492,495,494,489,488,491,490,485,484,487,486,481,480,483,482]},{"mu":32,"s":[631,630,635,634,633,632,639,641,638,640,637,636]}],"p":[{"t":1, "v":"152507"},{"t":4, "v":"00:36"},{"t":5, "v":"3.01"},{"t":6, "v":"4450"},{"t":7, "v":"0.040158"},{"t":8, "v":"0.536029"}]},{"d":15,"des":[{"mu":25,"s":[410,411,408,409,414,415,412,413,406,407,405,425,424,427,426,429,428,430,417,416,419,418,421,420,423,422]},{"mu":26,"s":[440,431,432,433,434,435,436,437,438,439]},{"mu":53,"s":[1066,1064,1065,1058,1059,1056,1057,1062,1063,1060,1061,1049,1048,1051,1050,1053,1052,1055,1054,1043,1045,1044,1047,1046]},{"mu":72,"s":[1426,1427,1424,1425,1428,1411,1410,1409,1408,1415,1414,1413,1412,1419,1418,1417,1416,1423,1422,1421,1420,1405,1404,1407,1406,1403]},{"mu":78,"s":[1565,1564,1567,1566,1563,1574,1575,1572,1573,1570,1571,1568,1569]},{"mu":80,"s":[1599,1598,1597,1596,1595,1594,1593,1592,1591,1590,1589,1588,1587,1586,1585]}],"p":[{"t":1, "v":"154400"},{"t":4, "v":"01:17"},{"t":5, "v":"4.28"},{"t":6, "v":"6343"},{"t":7, "v":"0.081585"},{"t":8, "v":"1.154684"}]},{"d":16,"des":[{"mu":14,"s":[254,255,256,252,253,250,251,248,249,246,247,244,245,242,243,240,241]},{"mu":18,"s":[317,316,319,318,326,327,324,325,322,323,320,321,330,328,329]},{"mu":30,"s":[550,551,548,549,547,558,559,556,557,554,555,552,553,567,566,565,564,563,562,561,560,575,574,573,572,571,570,569,568,576,577,578,579,580,581,582,583,584,585,586,587,588,589,590,591,593,592,595,594,597,596,599,598,601,600,603,602,605,604,607,606]},{"mu":43,"s":[791,790,789,788,787,786,785,784,799,798,797,796,795,794,793,792,800,801,782,783,780,781]},{"mu":55,"s":[1100,1101,1102,1103,1096,1097,1098,1099,1092,1093,1094,1095,1091,1109,1108,1105,1104,1107,1106]}],"p":[{"t":1, "v":"144501"},{"t":4, "v":"01:05"},{"t":5, "v":"-2.40"},{"t":6, "v":"-3556"},{"t":7, "v":"0.025632"},{"t":8, "v":"0.520107"}]},{"d":17,"des":[{"mu":68,"s":[1767,1368,1771,1367,1770,1366,1769,1365,1768,1364,1775,1363,1774,1362,1773,1361,1772,1360,1778,1358,1779,1359,1776,1356,1777,1357,1782,1354,1783,1355,1780,1352,1781,1353,1786,1350,1787,1351,1784,1785]},{"mu":74,"s":[1441,1443,1442,1445,1444,1447,1446,1448]},{"mu":77,"s":[1561,1560,1562,1557,1556,1559,1558]},{"mu":82,"s":[1625,1624,1626,1619,1621,1620,1623,1622]}],"p":[{"t":1, "v":"141414"},{"t":4, "v":"00:18"},{"t":5, "v":"-4.49"},{"t":6, "v":"-6643"},{"t":7, "v":"0.089461"},{"t":8, "v":"0.339680"}]},{"d":18,"des":[{"mu":6,"s":[102,103,100,101,98,99,96,97,110,111,108,109,106,107,104,105,113,112,93,92,95,94]},{"mu":17,"s":[305,304,307,306,309,308,311,310,313,312,315,314,291,292,293,294,295,296,297,298,299,300,301,302,303]},{"mu":31,"s":[610,611,608,609,614,615,612,613,618,619,616,617,622,623,620,621,627,626,625,624,629,628]},{"mu":34,"s":[653,652,655,654,649,648,651,650,647,646,656]},{"mu":46,"s":[823,822,829,828,831,830,825,824,827,826]},{"mu":48,"s":[978,979,976,977,980,981,971,970,969,968,975,974,973,972,963,962,967,966,965,964]},{"mu":58,"s":[1134,1151,1135,1150,1132,1149,1133,1148,1147,1146,1145,1144,1143,1142,1141,1140,1139,1138,1137,1136]},{"mu":84,"s":[1703,1702,1701,1700,1646,1699,1647,1698,1644,1697,1645,1696,1707,1706,1705,1704,1659,1657,1656,1663,1662,1661,1660,1651,1650,1649,1648,1655,1654,1653,1652,1669,1668,1671,1670,1665,1664,1667,1677,1676,1679,1678,1673,1672,1675,1674,1684,1685,1686,1687,1680,1681,1682,1683,1692,1693,1694,1695,1688,1689,1690,1691]}],"p":[{"t":1, "v":"143051"},{"t":4, "v":"02:07"},{"t":5, "v":"-3.38"},{"t":6, "v":"-5006"},{"t":7, "v":"0.050800"},{"t":8, "v":"0.716497"}]}],"calificaciones":[{"t":"1","a":"1.0","p":"3.298188","sp":"3.298188"},{"t":"2","a":"0.5","p":"9.436145","sp":"18.872289"}],"total":{"p":12.734333,"sp":22.170478},"sellos":[{"n":"escenario","v":"md5"},{"n":"calificacion","v":"md5"},{"n":"municipios","v":"md5"},{"n":"secciones","v":"md5"},{"n":"tiemposmunicipios","v":"md5"}],"version":"Versi�n 1.3a"}