{"entidad":30,"partes":[{"id":0,"nombre":"","tipologia":6,"primerdistrito":0,"distritos":26,"municipios":[{"id":1,"fraccion":0},{"id":2,"fraccion":0},{"id":3,"fraccion":0},{"id":4,"fraccion":0},{"id":5,"fraccion":0},{"id":6,"fraccion":0},{"id":7,"fraccion":0},{"id":8,"fraccion":0},{"id":9,"fraccion":0},{"id":10,"fraccion":0},{"id":11,"fraccion":0},{"id":12,"fraccion":0},{"id":13,"fraccion":0},{"id":14,"fraccion":0},{"id":15,"fraccion":0},{"id":17,"fraccion":0},{"id":16,"fraccion":0},{"id":19,"fraccion":1},{"id":18,"fraccion":0},{"id":21,"fraccion":1},{"id":20,"fraccion":1},{"id":23,"fraccion":0},{"id":22,"fraccion":0},{"id":25,"fraccion":0},{"id":24,"fraccion":0},{"id":27,"fraccion":0},{"id":26,"fraccion":1},{"id":29,"fraccion":0},{"id":28,"fraccion":1},{"id":31,"fraccion":0},{"id":30,"fraccion":0},{"id":34,"fraccion":0},{"id":35,"fraccion":0},{"id":32,"fraccion":0},{"id":33,"fraccion":0},{"id":38,"fraccion":0},{"id":39,"fraccion":1},{"id":36,"fraccion":0},{"id":37,"fraccion":1},{"id":42,"fraccion":0},{"id":43,"fraccion":1},{"id":40,"fraccion":0},{"id":41,"fraccion":1},{"id":46,"fraccion":0},{"id":47,"fraccion":0},{"id":44,"fraccion":0},{"id":45,"fraccion":0},{"id":51,"fraccion":0},{"id":50,"fraccion":0},{"id":49,"fraccion":0},{"id":48,"fraccion":0},{"id":55,"fraccion":0},{"id":54,"fraccion":0},{"id":53,"fraccion":1},{"id":52,"fraccion":1},{"id":59,"fraccion":0},{"id":58,"fraccion":1},{"id":57,"fraccion":1},{"id":56,"fraccion":0},{"id":63,"fraccion":0},{"id":62,"fraccion":0},{"id":61,"fraccion":0},{"id":60,"fraccion":1},{"id":68,"fraccion":1},{"id":69,"fraccion":1},{"id":70,"fraccion":0},{"id":71,"fraccion":0},{"id":64,"fraccion":0},{"id":65,"fraccion":1},{"id":66,"fraccion":1},{"id":67,"fraccion":0},{"id":76,"fraccion":0},{"id":77,"fraccion":0},{"id":78,"fraccion":1},{"id":79,"fraccion":0},{"id":72,"fraccion":0},{"id":73,"fraccion":0},{"id":74,"fraccion":1},{"id":75,"fraccion":0},{"id":85,"fraccion":0},{"id":84,"fraccion":0},{"id":87,"fraccion":0},{"id":86,"fraccion":0},{"id":81,"fraccion":1},{"id":80,"fraccion":1},{"id":83,"fraccion":0},{"id":82,"fraccion":1},{"id":93,"fraccion":0},{"id":92,"fraccion":0},{"id":95,"fraccion":0},{"id":94,"fraccion":0},{"id":88,"fraccion":0},{"id":91,"fraccion":0},{"id":90,"fraccion":0},{"id":102,"fraccion":0},{"id":103,"fraccion":0},{"id":100,"fraccion":0},{"id":101,"fraccion":0},{"id":98,"fraccion":0},{"id":99,"fraccion":1},{"id":96,"fraccion":0},{"id":97,"fraccion":0},{"id":110,"fraccion":0},{"id":111,"fraccion":1},{"id":108,"fraccion":0},{"id":109,"fraccion":0},{"id":106,"fraccion":0},{"id":107,"fraccion":0},{"id":104,"fraccion":1},{"id":105,"fraccion":1},{"id":119,"fraccion":0},{"id":118,"fraccion":0},{"id":117,"fraccion":0},{"id":116,"fraccion":0},{"id":115,"fraccion":0},{"id":114,"fraccion":0},{"id":113,"fraccion":0},{"id":112,"fraccion":0},{"id":127,"fraccion":0},{"id":126,"fraccion":0},{"id":125,"fraccion":1},{"id":124,"fraccion":0},{"id":123,"fraccion":1},{"id":122,"fraccion":0},{"id":121,"fraccion":0},{"id":120,"fraccion":0},{"id":137,"fraccion":0},{"id":136,"fraccion":0},{"id":139,"fraccion":0},{"id":138,"fraccion":1},{"id":141,"fraccion":1},{"id":140,"fraccion":0},{"id":143,"fraccion":0},{"id":142,"fraccion":0},{"id":129,"fraccion":0},{"id":128,"fraccion":0},{"id":131,"fraccion":1},{"id":130,"fraccion":1},{"id":133,"fraccion":0},{"id":132,"fraccion":0},{"id":135,"fraccion":1},{"id":134,"fraccion":0},{"id":152,"fraccion":0},{"id":153,"fraccion":0},{"id":154,"fraccion":0},{"id":155,"fraccion":1},{"id":156,"fraccion":1},{"id":157,"fraccion":0},{"id":158,"fraccion":0},{"id":159,"fraccion":1},{"id":144,"fraccion":0},{"id":145,"fraccion":0},{"id":146,"fraccion":0},{"id":147,"fraccion":0},{"id":148,"fraccion":1},{"id":149,"fraccion":0},{"id":150,"fraccion":1},{"id":151,"fraccion":1},{"id":171,"fraccion":0},{"id":170,"fraccion":1},{"id":169,"fraccion":1},{"id":168,"fraccion":0},{"id":175,"fraccion":0},{"id":174,"fraccion":0},{"id":173,"fraccion":0},{"id":172,"fraccion":0},{"id":163,"fraccion":0},{"id":162,"fraccion":0},{"id":161,"fraccion":0},{"id":160,"fraccion":0},{"id":167,"fraccion":1},{"id":166,"fraccion":0},{"id":165,"fraccion":0},{"id":164,"fraccion":0},{"id":186,"fraccion":0},{"id":187,"fraccion":0},{"id":184,"fraccion":1},{"id":185,"fraccion":0},{"id":190,"fraccion":0},{"id":191,"fraccion":0},{"id":188,"fraccion":0},{"id":189,"fraccion":0},{"id":178,"fraccion":0},{"id":179,"fraccion":1},{"id":176,"fraccion":0},{"id":177,"fraccion":0},{"id":182,"fraccion":0},{"id":183,"fraccion":1},{"id":180,"fraccion":0},{"id":181,"fraccion":0},{"id":205,"fraccion":0},{"id":204,"fraccion":0},{"id":207,"fraccion":0},{"id":206,"fraccion":0},{"id":201,"fraccion":1},{"id":200,"fraccion":0},{"id":203,"fraccion":1},{"id":202,"fraccion":1},{"id":197,"fraccion":0},{"id":196,"fraccion":0},{"id":199,"fraccion":0},{"id":198,"fraccion":1},{"id":193,"fraccion":0},{"id":195,"fraccion":1},{"id":194,"fraccion":0},{"id":212,"fraccion":1},{"id":208,"fraccion":0},{"id":209,"fraccion":0},{"id":210,"fraccion":1},{"id":211,"fraccion":0}]},{"id":1,"nombre":"VERACRUZ","tipologia":3,"primerdistrito":26,"distritos":2,"municipios":[{"id":192,"fraccion":1}]},{"id":2,"nombre":"XALAPA","tipologia":2,"primerdistrito":28,"distritos":2,"municipios":[{"id":89,"fraccion":1}]}],"cumulos":[{"id":0,"tipo":2,"secciones":[1,2,3,4]},{"id":1,"tipo":2,"secciones":[5,6]},{"id":2,"tipo":1,"secciones":[3097,3096,3099,3098,3101,3100,3103,3102,3089,3088,3091,3090,3093,3092,3095,3094,3081,3082,3083,3084,3085,3086,3087,4722,4720,4721,3106,3107,3104,3105,3108]},{"id":3,"tipo":2,"secciones":[85,87,86,89,88,91,90]},{"id":4,"tipo":2,"secciones":[102,103,100,101,98,99,96,97,93,92,95,94,104,105]},{"id":5,"tipo":2,"secciones":[7,8,9,10,11,12,13,14,15,17,16,19,18,21,20,23,22,25,24,27,26,29,28,31,30,34,35,32,33,38,39,36,37,42,43,40,41,46,44,45]},{"id":6,"tipo":2,"secciones":[68,69,70,71,64,65,66,67,76,77,78,79,72,73,74,75,84,81,80,83,82,47,51,50,49,48,55,54,53,52,59,58,57,56,63,62,61,60]},{"id":7,"tipo":2,"secciones":[178,179,182,180,181]},{"id":8,"tipo":2,"secciones":[205,204,207,206,201,200,203,202,197,199,198,193,192,194,216,217,212,213,214,215,208,209,210,211,186,187,184,185,190,191,188,189,183]},{"id":9,"tipo":2,"secciones":[108,106,107]},{"id":10,"tipo":2,"secciones":[137,136,139,138,141,140,143,142,129,128,131,130,133,132,135,134,152,153,154,155,156,157,158,159,144,145,146,147,148,149,150,151,171,170,169,168,175,174,173,172,163,162,161,160,167,166,165,164,176,177,110,111,109,119,118,117,116,115,114,113,112,127,126,125,124,123,122,121,120]},{"id":11,"tipo":2,"secciones":[288,289,290,291,292,293,287]},{"id":12,"tipo":2,"secciones":[305,304,307,306,309,308,311,310,313,312,315,314,317,316,319,318,294,295,296,297,298,299,300,301,302,303]},{"id":13,"tipo":2,"secciones":[239,238,237,236,235,234,233,232,231,230,229,228,227,226,225,224,220,221,222,223,218,219,246,244,245,242,243,240,241]},{"id":14,"tipo":2,"secciones":[275,274,273,272,279,278,277,276,283,282,281,280,286,285,284,258,259,256,257,262,263,260,261,266,267,264,265,270,271,268,269,254,255,252,253,250,251,248,249,247]},{"id":15,"tipo":2,"secciones":[343,342,341,340,339,351,350,349,348,347,346,345,344,356,357,358,359,352,353,354,355,360,361,362]},{"id":16,"tipo":2,"secciones":[387,386,385,384,388]},{"id":17,"tipo":2,"secciones":[326,327,324,325,322,338,323,337,320,336,321,334,335,332,333,330,331,328,329]},{"id":18,"tipo":2,"secciones":[424,414,415,417,416,419,418,421,420,423,422]},{"id":19,"tipo":2,"secciones":[373,372,375,374,369,368,371,370,381,380,383,382,377,376,379,378,364,365,366,367,363]},{"id":20,"tipo":2,"secciones":[463,462,461,460,459,464]},{"id":21,"tipo":2,"secciones":[410,411,408,409,399,398,412,413,402,403,400,401,406,407,404,405]},{"id":22,"tipo":2,"secciones":[550,551,548,549,546,547,544,545,558,559,556,557,554,555,552,553,567,566,565,564,563,562,561,560,575,574,573,572,571,570,569,568,516,517,518,519,512,513,514,515,524,525,526,527,520,521,522,523,533,532,535,534,529,528,531,530,541,540,543,542,537,536,539,538,508,576,509,577,510,578,511,579,504,580,505,581,506,582,507,583,500,584,501,585,502,586,503,587,496,497,498,499,493,492,495,494]},{"id":23,"tipo":2,"secciones":[458,457,456,455,454,453,452,451,450,449,448,440,441,442,443,444,445,446,447,432,433,434,435,436,437,438,439,425,427,426,429,428,431,430]},{"id":24,"tipo":2,"secciones":[593,595,608,594,597,596,599,598,601,600,603,602,605,604,607,606]},{"id":25,"tipo":2,"secciones":[478,479,476,477,474,475,473,481,480]},{"id":26,"tipo":2,"secciones":[627,626,625,624,631,630,629,628,618,619,617,622,623,620,621]},{"id":27,"tipo":2,"secciones":[592,588,589,590,591]},{"id":28,"tipo":2,"secciones":[668,669,670,664,665,666,667,660,661,662,663,656,657,658,659]},{"id":29,"tipo":2,"secciones":[610,611,609,614,615,612,613,616]},{"id":30,"tipo":2,"secciones":[687,686,685,684,683,682,681,680,679,678,677,676,675,674,673,672,671,694,692,693,690,691,688,689]},{"id":31,"tipo":2,"secciones":[653,652,655,654,649,648,651,650,645,644,647,646,641,640,643,642,635,634,633,632,639,638,637,636]},{"id":32,"tipo":2,"secciones":[747,746,745,744,751,750,749,748,739,738,737,736,743,742,741,740,762,760,761,754,755,752,753,758,759,756,757,713,712,715,714,717,716,719,718,728,729,730,731,732,733,734,735,720,721,722,723,724,725,726,727]},{"id":33,"tipo":2,"secciones":[956,957,958,959,952,953,954,955,948,949,950,951,944,945,946,947,941,940,943,942,937,936,939,938,933,932,935,934,960]},{"id":34,"tipo":3,"secciones":[1375,1374,1373,1372,1371,1370,1369,1368,1367,1366,1365,1364,1363,1362,1361,1360,1358,1359,1356,1357,1354,1355,1352,1353,1350,1351,1348,1349,1346,1347,1344,1345,1388,1389,1384,1385,1386,1387,1380,1381,1382,1383,1376,1377,1378,1379,3067,3068,3069,3070,3071,1343,1329,1328,1331,1330,1333,1332,1334,1320,1321,1322,1323,1324,1325,1326,1327,702,703,700,701,698,699,696,697,1472,695,3665,3664,3667,3666,3668,3656,3657,3658,3659,3660,3661,3662,3663,3648,3649,3650,3651,3652,3653,3654,3655,3647,3646,3645,3644,3643,3642,3641,3640,3639,3638,3637,3636,3635,3634,3633,3632,1718,3630,3080,1719,3631,3628,3629,3626,3627,3624,3625,3072,3622,3073,3623,1724,3074,3620,1725,3075,3621,1722,3076,3618,1723,3077,3619,1720,3078,3616,1721,3079,3617,3613,3612,3615,3614,3609,3611,3610,1463,1464,1465,1466,1467,1468,1469,1470,1471]},{"id":35,"tipo":2,"secciones":[705,704,707,706,708]},{"id":36,"tipo":2,"secciones":[1092,1093,1088,1089,1090,1091,1032,1033,1034,1035,1036,1037,1038,1039,1024,1025,1026,1027,1028,1029,1030,1031,1049,1048,1051,1050,1053,1052,1055,1054,1041,1040,1043,1042,1045,1044,1047,1046,1066,1067,1064,1065,1070,1071,1068,1069,1058,1059,1056,1057,1062,1063,1060,1061,1083,1082,1081,1080,1087,1086,1085,1084,1075,1074,1073,1072,1079,1078,1077,1076,1016,1017,1018,1019,1020,1021,1022,1023,1008,1009,1010,1011,1012,1013,1014,1015,1001,1000,1003,1002,1005,1004,1007,1006,993,992,995,994,997,996,999,998,986,987,984,985,990,991,988,989,982,983,980,981]},{"id":37,"tipo":2,"secciones":[1100,1101,1152,1102,1103,1096,1097,1098,1099,1094,1095,1117,1116,1113,1112,1115,1114,1109,1108,1111,1110,1105,1104,1107,1106,1134,1135,1133,1151,1150,1149,1148,1147,1146,1142,1141,1140,1139,1138,1137,1136]},{"id":38,"tipo":2,"secciones":[969,968,963,967,965,964]},{"id":39,"tipo":2,"secciones":[971,970,975,974,973,972,978,979,976,977]},{"id":40,"tipo":2,"secciones":[1221,1220,1223,1222,1217,1216,1219,1218,1229,1228,1231,1230,1225,1224,1227,1226,1236,1237,1238,1239,1232,1233,1234,1235,1244,1245,1246,1247,1240,1241,1242,1243,1187,1186,1185,1184,1251,1191,1250,1190,1249,1189,1248,1188,1195,1194,1193,1192,1199,1198,1197,1196,1202,1203,1200,1201,1206,1207,1204,1205,1210,1211,1208,1209,1214,1215,1212,1213]},{"id":41,"tipo":2,"secciones":[1255,1254,1253,1252,1264,1265,1263,1262,1261,1260,1259,1258,1257,1256]},{"id":42,"tipo":2,"secciones":[1153,1155,1154,1157,1156,1159,1158,1161,1160]},{"id":43,"tipo":2,"secciones":[1163,1162,1165,1164,1167,1166,1168,1169,1170,1171,1172,1173,1174,1175,1176,1177,1178,1179,1180,1181,1182,1183]},{"id":44,"tipo":2,"secciones":[1311,1310,1312,1313,1314,1315,1316,1317,1318,1319]},{"id":45,"tipo":2,"secciones":[1290,1291,1288,1289,1292,1286,1287]},{"id":46,"tipo":2,"secciones":[1307,1306,1305,1304,1309,1308,1299,1298,1297,1296,1303,1302,1301,1300,1294,1295,1293]},{"id":47,"tipo":2,"secciones":[1426,1427,1424,1425,1430,1431,1428,1429,1434,1435,1432,1433,1438,1439,1436,1437,1415,1414,1413,1419,1418,1417,1416,1423,1422,1421,1420,1441,1440,1443,1442,1445,1444,1447,1446,1449,1448,1451,1450,1453,1452,1455,1454]},{"id":48,"tipo":2,"secciones":[1405,1411,1404,1410,1407,1409,1406,1408,1403,1412]},{"id":49,"tipo":2,"secciones":[1390,1391,1401,1400,1402,1397,1396,1399,1398,1393,1392,1395,1394]},{"id":50,"tipo":2,"secciones":[1337,1336,1339,1338,1341,1340,1342,1335]},{"id":51,"tipo":2,"secciones":[1578,1576,1577,1574,1575,1572,1573,1570,1571,1568,1569,1565,1564,1567,1566,1561,1560,1563,1562,1557,1556,1559,1558]},{"id":52,"tipo":2,"secciones":[1548,1549,1550,1551,1544,1545,1546,1547,1540,1532,1533,1541,1534,1542,1535,1543,1536,1537,1529,1538,1530,1539,1531,1553,1552,1555,1554]},{"id":53,"tipo":2,"secciones":[1494,1495,1492,1493,1490,1491,1488,1489,1502,1503,1500,1501,1498,1499,1496,1497,1479,1478,1477,1476,1475,1487,1486,1485,1484,1483,1482,1481,1480,1509,1508,1505,1504,1507,1506]},{"id":54,"tipo":2,"secciones":[1456,1457,1458,1459,1460,1461,1462]},{"id":55,"tipo":2,"secciones":[1642,1643,1641,1665,1646,1664,1647,1667,1644,1666,1645,1659,1658,1657,1656,1663,1662,1661,1660,1651,1650,1649,1648,1655,1654,1653,1652]},{"id":56,"tipo":3,"secciones":[1640,1634,1635,1632,1633,1638,1639,1636,1637,3799,3800,3801,3802,3803,1625,1624,1627,1626,1629,1628,1631,1630,1623,4005,4004,4007,4006,4001,4003,4002,4009,4008,1763,1762,1761,1760,1731,1733,1732,1735,1734,1737,1736,1739,1738,1741,1740,1743,1742,1744,1745,1746,1747,1748,1749,1750,1751,1752,1753,1754,1755,1756,1757,1758,1759,4605,4604,1700,4601,1699,4600,1698,4603,1697,4602,1696,4599,4598,4556,4554,489,4555,488,4552,491,4553,490,1692,485,4551,1693,484,1694,487,1695,486,1688,1689,1690,483,1691,482]},{"id":57,"tipo":2,"secciones":[1608,1609,1610,1611,1612,1613,1614,1615,1600,1601,1602,1603,1604,1605,1606,1607,1599,1598,1597,1617,1616,1619,1618,1621,1620,1622]},{"id":58,"tipo":2,"secciones":[1582,1583,1580,1581,1579,1590,1589,1588,1587,1586,1585,1584]},{"id":59,"tipo":3,"secciones":[1729,1728,1730,472,470,471,468,469,466,467,465,1726,1727]},{"id":60,"tipo":2,"secciones":[1703,1702,1701,1716,1717,1714,1715,1712,1713,1711,1710,1709,1708,1707,1706,1705,1704]},{"id":61,"tipo":2,"secciones":[1684,1685,1686,1687,1680,1681,1682,1683,1677,1676,1679,1678,1673,1672,1675,1674]},{"id":62,"tipo":2,"secciones":[1669,1668,1671,1670]},{"id":63,"tipo":2,"secciones":[1796,1797,1794,1791,1795,1792,1793]},{"id":64,"tipo":2,"secciones":[1786,1787,1784,1785,1790,1788,1789]},{"id":65,"tipo":2,"secciones":[1778,1779,1776,1777,1782,1783,1780,1775]},{"id":66,"tipo":2,"secciones":[1767,1766,1765,1764,1771,1770,1769,1768,1774,1773,1772]},{"id":67,"tipo":2,"secciones":[2133,2132,2135,2134,2129,2128,2131,2130,2137,2136,2116,2117,2118,2119,2112,2113,2114,2115,2124,2125,2126,2127,2120,2121,2122,2123,2107,2106,2105,2111,2110,2109,2108]},{"id":68,"tipo":2,"secciones":[2103,2102,2101,2104]},{"id":69,"tipo":2,"secciones":[1845,1844,1847,1846,1841,1840,1843,1842,1836,1837,1838,1839,1832,1833,1834,1835,1830,1831]},{"id":70,"tipo":2,"secciones":[1828,1829,1824,1825,1826,1827,1823,1822,1821,1820,1819,1818,1817,1816,1815,1814,1813,1812,1811,1810,1809,1808,1806,1807,1804,1805,1802,1803,1800,1801,1798,1799]},{"id":71,"tipo":2,"secciones":[2200,2192,2193,2194,2195,2196,2197,2198,2199,2185,2184,2187,2186,2189,2188,2191,2190,2179,2181,2180,2183,2182]},{"id":72,"tipo":2,"secciones":[2175,2177,2174,2176,2173,2172,2178,2171,2170]},{"id":73,"tipo":2,"secciones":[2167,2166,2165,2164,2163,2162,2161,2160,2150,2151,2148,2149,2146,2147,2158,2159,2156,2157,2154,2155,2152,2153]},{"id":74,"tipo":2,"secciones":[2144,2145,2141,2140,2143,2142,2139,2138]},{"id":75,"tipo":3,"secciones":[3705,3704,3280,3281,3282,3699,4075,3294,4074,3295,3703,4077,3702,4076,3701,3700,4078,395,394,393,392,4525,4526,397,396,3277,3276,3279,3278,391,390,3275,3274,2581,2580,2582,2238,2239,2579,2578,2237,3326,3327,3804,3805,3806,3807,3777,3776,3779,3778,3296,4597,3774,4596,3775,3772,3773,4593,4592,4595,4594,4588,4589,4590,4591,4584,4585,4586,4587,4580,4581,4582,4583,4576,4577,4578,4579,4575,4574,4573,4572,4571,4570,3504,3505,3506,3507,3508,3509,3510,3511,3512,962,961]},{"id":76,"tipo":2,"secciones":[2234,2235,2232,2233,2236,2226,2227,2224,2225,2230,2231,2228,2229,2223,2222,2221]},{"id":77,"tipo":2,"secciones":[2219,2220]},{"id":78,"tipo":2,"secciones":[2201,2218,2202,2217,2203,2216,2204,2205,2206,2207,2211,2210,2209,2208,2215,2214,2213,2212]},{"id":79,"tipo":2,"secciones":[2306,2307,2304,2305,2310,2311,2308,2309,2314,2315,2312,2313,2318,2316,2317,2327,2331,2329,2328,2332,2347,2348,2349,2359,2358,2361,2360,2363,2362,2365,2364,2367,2366,2372,2373,2370,2371,2368,2369,2302,2303,2300,2301,2298,2299,2296,2297,2294,2295,2292,2293,2290,2291,2288,2289,2287,2286,2285,2284,2283,2282,2281]},{"id":80,"tipo":2,"secciones":[2268,2269,2270,2271,2265,2266,2267,2280,2279,2278,2277,2276,2275,2274,2273,2272]},{"id":81,"tipo":2,"secciones":[2264,2260,2261,2262,2263,2256,2257,2258,2259,2253,2252,2255,2254,2249,2251,2250]},{"id":82,"tipo":2,"secciones":[2248,2245,2244,2247,2246,2241,2240,2243,2242]},{"id":83,"tipo":2,"secciones":[2419,2418]},{"id":84,"tipo":2,"secciones":[2417,2416,2415]},{"id":85,"tipo":2,"secciones":[2404,2405,2406,2407,2400,2401,2402,2403,2412,2413,2414,2408,2409,2410,2411,2391,2390,2399,2398,2397,2396,2395,2394,2393,2392]},{"id":86,"tipo":3,"secciones":[2989,4613,2988,4612,2985,4609,2984,4608,2987,4611,2986,4610,2981,2980,2983,2982,2977,2976,2979,2978,2959,2958,2957,2956,2955,2954,2953,2952,2951,2950,2949,2948,2947,2946,2945,2944,2974,2975,2972,2973,2970,2971,2968,2969,2966,2967,2964,2965,2962,2963,2960,2961,1282,1283,1280,1281,1284,1285,1474,1473,1524,1525,1526,1527,1520,1521,1522,1523,1528,1270,1271,1268,1511,1269,1510,1266,1267,1278,1517,1279,1516,1276,1519,1277,1518,1274,1513,1275,1512,1272,1515,1273,1514,2912,2374,2913,2375,4607,2914,4606,2915,2916,2917,2918,2919,2920,2921,2922,2923,2924,2378,2925,2926,2376,2927,2377,2929,2928,2931,2930,2933,2932,2935,2934,2937,2936,2939,2938,2941,2940,2943,2942,709,711,710,2899,2898,2903,2902,2901,2900,2907,2906,2905,2904,2911,2910,2909,2908]},{"id":87,"tipo":2,"secciones":[2598,2599,2596,2597,2594,2595,2606,2604,2605,2602,2603,2600,2601]},{"id":88,"tipo":2,"secciones":[2583,2592,2593,2589,2588,2591,2590,2585,2584,2587,2586]},{"id":89,"tipo":2,"secciones":[2577,2576,2564,2565,2566,2567,2560,2561,2562,2563,2572,2573,2574,2575,2568,2569,2570,2571,2526,2527,2541,2540,2543,2542,2537,2536,2539,2538,2533,2532,2535,2534,2529,2528,2531,2530,2556,2557,2558,2559,2552,2553,2554,2555,2548,2549,2550,2551,2544,2545,2546,2547]},{"id":90,"tipo":2,"secciones":[2443,2442,2441,2440,2447,2446,2445,2444,2435,2434,2433,2432,2439,2438,2437,2436,2458,2459,2456,2457,2462,2463,2460,2461,2450,2451,2448,2449,2454,2455,2452,2453,2473,2472,2475,2474,2477,2476,2479,2478,2465,2464,2467,2466,2469,2468,2471,2470,2488,2489,2490,2491,2492,2493,2494,2495,2480,2481,2482,2483,2484,2485,2486,2487,2511,2510,2509,2508,2507,2506,2505,2504,2503,2502,2501,2500,2499,2498,2497,2496,2518,2519,2516,2517,2514,2515,2512,2513,2421,2420,2423,2422,2429,2428,2431,2430,2425,2424,2427,2426]},{"id":91,"tipo":2,"secciones":[2641,2640,2643,2642,2645,2644,2647,2646,2649,2648]},{"id":92,"tipo":2,"secciones":[2623,2622,2621,2624,2625,2626,2627,2628,2629,2630,2631,2632,2633,2634,2635,2636,2637,2638,2639]},{"id":93,"tipo":2,"secciones":[2615,2614,2613,2612,2611,2610,2620,2619,2618,2617,2616]},{"id":94,"tipo":2,"secciones":[2609,2608,2607]},{"id":95,"tipo":2,"secciones":[2770,2771,2772,2773,2774,2775]},{"id":96,"tipo":2,"secciones":[2765,2764,2767,2766,2768,2769]},{"id":97,"tipo":2,"secciones":[2750,2751,2748,2749,2746,2747,2744,2745,2742,2743,2740,2741,2738,2739,2736,2737,2735,2734,2733,2732,2731,2730,2729,2728,2727,2726,2725,2724,2723,2722,2721,2720,2716,2717,2718,2719,2712,2713,2714,2715,2708,2709,2710,2711,2704,2705,2706,2707,2701,2700,2703,2702,2697,2696,2699,2698,2693,2692,2695,2694,2689,2688,2691,2690,2675,2674,2673,2672,2679,2678,2677,2676,2683,2682,2681,2680,2687,2686,2685,2684,2666,2667,2670,2671,2668,2669,2761,2760,2763,2762,2753,2752,2755,2754,2757,2756,2759,2758]},{"id":98,"tipo":2,"secciones":[2658,2659,2656,2657,2662,2663,2660,2661,2651,2664,2650,2665,2653,2652,2655,2654]},{"id":99,"tipo":2,"secciones":[2991,2990,3000,3001,3002,3003,2996,2997,2998,2999,2992,2993,2994,2995]},{"id":100,"tipo":2,"secciones":[2852,2853,2854,2855,2848,2849,2850,2851,2860,2861,2862,2863,2856,2857,2858,2859,2869,2868,2871,2870,2865,2864,2867,2866,2877,2876,2879,2878,2873,2872,2875,2874,2822,2823,2820,2821,2818,2819,2816,2817,2830,2831,2828,2829,2826,2827,2824,2825,2839,2838,2837,2836,2835,2834,2833,2832,2847,2846,2845,2844,2843,2842,2841,2840,2814,2815,2882,2883,2880,2881,2886,2887,2884,2885,2891,2888,2889,2894,2895,2892,2893,2897,2896]},{"id":101,"tipo":3,"secciones":[2810,2811,2808,2809,2812,2813,3535,2382,2383,3534,3533,2380,2381,3532,2806,3531,2807,2379,3530,2805,3542,3540,2389,2388,3541,3538,2387,2386,3539,3536,2385,2384,3537,4718,4717]},{"id":102,"tipo":2,"secciones":[2776,2777,2778,2779,2780,2781,2782,2783,2802,2803,2800,2801,2804,2795,2794,2793,2792,2799,2798,2797,2796,2787,2786,2785,2784,2791,2790,2789,2788]},{"id":103,"tipo":2,"secciones":[3165,3164,3167,3166,3161,3160,3163,3162,3157,3156,3159,3158,3153,3152,3155,3154,3148,3149,3150,3151,3144,3145,3146,3147,3140,3141,3142,3143,3136,3137,3138,3139,3199,3198,3197,3196,3195,3194,3193,3192,3191,3190,3189,3188,3187,3186,3185,3184,3182,3183,3180,3181,3178,3179,3176,3177,3174,3175,3172,3173,3170,3171,3168,3169,3216,3217,3218,3201,3200,3203,3202,3205,3204,3207,3206,3209,3208,3211,3210,3213,3212,3215,3214,3131,3130,3129,3128,3135,3134,3133,3132,3123,3122,3121,3120,3127,3126,3125,3124,3114,3115,3112,3113,3118,3119,3116,3117,3110,3111,3109]},{"id":104,"tipo":2,"secciones":[3049,3048,3051,3050,3053,3052,3055,3054,3041,3040,3043,3042,3045,3044,3047,3046,3064,3065,3066,3038,3039,3036,3037,3056,3057,3058,3059,3060,3061,3062,3063]},{"id":105,"tipo":2,"secciones":[3034,3035,3032,3033,3030,3031,3028,3029]},{"id":106,"tipo":2,"secciones":[3019,3018,3017,3016,3023,3022,3021,3020,3011,3010,3009,3008,3015,3014,3013,3012,3004,3005,3006,3007,3026,3027,3024,3025]},{"id":107,"tipo":2,"secciones":[3286,3287,3292,3293,3288,3289,3290,3291]},{"id":108,"tipo":2,"secciones":[3284,3285,3283]},{"id":109,"tipo":2,"secciones":[3259,3262,3263,3260,3261,3269,3268,3271,3270,3265,3264,3267,3266,3273,3272]},{"id":110,"tipo":2,"secciones":[3250,3251,3248,3249,3219,3254,3220,3255,3221,3252,3222,3223,3253,3224,3258,3225,3226,3256,3227,3257,3228,3229,3230,3231,3235,3234,3233,3232,3239,3238,3237,3236,3243,3242,3241,3240,3247,3246,3245,3244]},{"id":111,"tipo":2,"secciones":[3596,3597,3592,3593,3594,3595,3591]},{"id":112,"tipo":2,"secciones":[3572,3573,3574,3575,3580,3588,3581,3589,3582,3590,3583,3584,3576,3577,3585,3578,3586,3579,3587]},{"id":113,"tipo":2,"secciones":[3557,3556,3559,3558,3553,3552,3555,3554,3565,3564,3567,3566,3561,3560,3563,3562,3568,3569,3570,3571,3551]},{"id":114,"tipo":2,"secciones":[3527,3526,3525,3524,3523,3522,3521,3520,3529,3528,3513,3514,3515,3516,3517,3518,3519]},{"id":115,"tipo":2,"secciones":[3707,3732,3706,3733,3734,3735,3711,3728,3710,3729,3730,3709,3708,3731,3717,3716,3719,3718,3713,3712,3715,3714,3725,3724,3727,3726,3721,3720,3723,3722]},{"id":116,"tipo":2,"secciones":[3673,3674,3677,3676,3696,4765,3690,4764,3691,3688,3694,4761,4760,3695,3692,4763,3693,4762,3682,3683,4759,3680,4758,3681,3686,3687,3684,3685]},{"id":117,"tipo":2,"secciones":[3459,3458,3457,3456,3463,3462,3461,3460,3467,3466,3465,3464,3471,3470,3469,3468,3474,3472,3473,3437,3438,3439,3453,3452,3455,3454,3449,3448,3451,3450,3445,3444,3447,3446,3441,3440,3443,3442]},{"id":118,"tipo":2,"secciones":[3489,3475,3488,3491,3490,3478,3493,3479,3492,3476,3477,3482,3483,3480,3481,3486,3487,3484,3485]},{"id":119,"tipo":2,"secciones":[3975,3978,3977,3976]},{"id":120,"tipo":2,"secciones":[3944,3945,3946,3947,3948,3949,3950,3951,3936,3937,3938,3939,3940,3941,3942,3943,3961,3960,3963,3962,3965,3964,3967,3966,3953,3952,3955,3954,3957,3956,3959,3958,3974,3973,3972,3971,3970,3969,3968,3931,3930,3929,3928,3935,3934,3933,3932,3927,3926]},{"id":121,"tipo":2,"secciones":[3914,3915,3912,3913,3918,3919,3916,3917,3906,3907,3904,3905,3910,3911,3908,3909,3923,3922,3921,3920,3925,3924,3884,3885,3886,3887,3880,3881,3882,3883,3876,3877,3878,3879,3872,3873,3874,3875,3901,3900,3903,3902,3897,3896,3899,3898,3893,3892,3895,3894,3889,3888,3891,3890,3871,3870,3869,3868,3867,3866,3865,3864,3863,3862,3861,3860,3859]},{"id":122,"tipo":2,"secciones":[3826,3827,3824,3825,3830,3831,3828,3829,3834,3835,3832,3833,3838,3839,3836,3837,3854,3855,3852,3853,3850,3851,3848,3849,3846,3847,3844,3845,3842,3843,3840,3841,3858,3857,3856]},{"id":123,"tipo":2,"secciones":[4035,4034,4033,4032,4036,4013,4012,4015,4014,4011,4010,4020,4021,4022,4023,4016,4017,4018,4019,4028,4029,4030,4031,4024,4025,4026,4027]},{"id":124,"tipo":2,"secciones":[4000,3999]},{"id":125,"tipo":3,"secciones":[3608,3605,3604,3607,3606,3601,3600,3603,3602,3543,3598,3599,3550,3548,3549,3546,3547,3544,3545]},{"id":126,"tipo":2,"secciones":[3672,3669,3671,3670]},{"id":127,"tipo":2,"secciones":[3406,3407,3404,3405,3402,3403,3400,3401,3398,3399,3396,3397,3394,3395,3392,3393,3408,3338,3339,3336,3337,3342,3343,3340,3341,3330,3331,3328,3329,3334,3335,3332,3333,3355,3354,3353,3352,3359,3358,3357,3356,3347,3346,3345,3344,3351,3350,3349,3348,3368,3369,3370,3371,3372,3373,3374,3375,3360,3361,3362,3363,3364,3365,3366,3367,3385,3384,3387,3386,3389,3388,3391,3390,3377,3376,3379,3378,3381,3380,3383,3382]},{"id":128,"tipo":2,"secciones":[3436,3432,3433,3434,3435,3428,3430,3431,3424,3425,3426,3427,3423,3422,3421,3420,3419,3418,3417,3416,3415,3414,3413,3412,3411,3410,3409]},{"id":129,"tipo":2,"secciones":[3318,3319,3316,3317,3314,3315,3312,3313,3320,3303,3302,3301,3300,3299,3298,3297,3311,3310,3309,3308,3307,3306,3305,3304]},{"id":130,"tipo":2,"secciones":[3324,3325,3322,3323,3321]},{"id":131,"tipo":2,"secciones":[3495,3494,3497,3496,3499,3498,3501,3500]},{"id":132,"tipo":2,"secciones":[3503,3502]},{"id":133,"tipo":2,"secciones":[4505,4504,4503,4502,4501]},{"id":134,"tipo":2,"secciones":[4199,4198,4197,4196,4207,4206,4205,4204,4203,4202,4201,4200,4214,4215,4212,4213,4210,4211,4208,4209,4216]},{"id":135,"tipo":2,"secciones":[3762,3760,3761,3759,3758,3757]},{"id":136,"tipo":2,"secciones":[3766,3767,3764,3765,3763,3770,3771,3768,3769]},{"id":137,"tipo":2,"secciones":[4558,4559,4557,4560]},{"id":138,"tipo":2,"secciones":[4541,4543,4542,4550,4548,4549,4546,4547,4544,4545]},{"id":139,"tipo":2,"secciones":[4537,4536,4539,4538,4540,4527,4529,4528,4531,4530,4533,4532,4535,4534]},{"id":140,"tipo":2,"secciones":[4507,4520,4506,4521,4522,4523,4511,4524,4510,4509,4508,4512,4513,4514,4515,4516,4517,4518,4519]},{"id":141,"tipo":2,"secciones":[3751,3750,3749,3748,3747,3746,3745,3753,3752]},{"id":142,"tipo":2,"secciones":[3756,3755,3754]},{"id":143,"tipo":2,"secciones":[3984,3983,3982,3981,3980,3979]},{"id":144,"tipo":2,"secciones":[3990,3991,3988,3989,3986,3987,3985,3998,3996,3997,3994,3995,3992,3993]},{"id":145,"tipo":2,"secciones":[3792,3793,3794,3795,3796,3781,3797,3780,3798,3783,3782,3785,3784,3787,3786,3789,3788,3791,3790]},{"id":146,"tipo":2,"secciones":[3811,3810,3809,3808,3815,3814,3813,3812,3819,3818,3817,3816,3823,3822,3821,3820]},{"id":147,"tipo":2,"secciones":[3736,3737,3738]},{"id":148,"tipo":2,"secciones":[3744,3740,3741,3742,3743,3739]},{"id":149,"tipo":2,"secciones":[4673,4672,4675,4674,4677,4676,4679,4678,4681,4680,4683,4682,4685,4684,4687,4686,4688,4689,4690,4691,4692,4693,4694,4695,4670,4671,4668,4669,4667]},{"id":150,"tipo":2,"secciones":[4647,4655,4654,4653,4652,4651,4650,4649,4648,4662,4663,4660,4661,4658,4659,4656,4657,4666,4664,4665]},{"id":151,"tipo":2,"secciones":[4172,4171]},{"id":152,"tipo":2,"secciones":[4195,4194,4193,4192,4173,4175,4174,4180,4181,4182,4183,4176,4177,4178,4179,4188,4189,4190,4191,4184,4185,4186,4187]},{"id":153,"tipo":2,"secciones":[2319,2323,2322,2321,2320,2326,2325,2335,2334,2333,2336,2337,2338,2339,2340,2341,2342,2343,2344,2345,2346,2351,2353,2352,2355,2354,2357,2356]},{"id":154,"tipo":2,"secciones":[4715,4714,2169,4716,2168,2524,2525,1596,1595,2522,2523,1594,2520,1593,1592,2521,1591]},{"id":155,"tipo":2,"secciones":[1132,1130,1131,1128,1129,1126,1127,1124,4713,1125,4712,1122,1123,1120,1121,1119,1118,1145,1144,1143]},{"id":156,"tipo":2,"secciones":[4707,4706,4705,4704,4711,4710,4709,4708,4696,4697,4698,4699,4700,4701,4702,4703]},{"id":157,"tipo":2,"secciones":[4039,4038,4037,4041,4040]},{"id":158,"tipo":2,"secciones":[4065,4064,4067,4066,4069,4068,4071,4070,4073,4043,4072,4042,4047,4046,4045,4044,4050,4051,4048,4049,4054,4055,4052,4053,4058,4059,4056,4057,4062,4063,4060,4061]},{"id":159,"tipo":2,"secciones":[4569,4568,4567,4566,4565,4564,4563,4562,4561]},{"id":160,"tipo":2,"secciones":[4615,4614,4621,4620,4623,4622,4617,4616,4619,4618,4628,4629,4630,4631,4624,4625,4626,4627,4636,4637,4638,4639,4632,4633,4634,4635,4646,4645,4644,4643,4642,4641,4640]},{"id":161,"tipo":2,"secciones":[4086,4087,4088,4089,4090,4091,4092,4093,4094,4095]},{"id":162,"tipo":2,"secciones":[4131,4130,4129,4128,4135,4134,4133,4132,4139,4138,4137,4136,4143,4142,4141,4140,4146,4147,4144,4145,4150,4151,4148,4149,4154,4155,4152,4153,4158,4159,4156,4157,4097,4096,4099,4098,4101,4100,4103,4102,4105,4104,4107,4106,4109,4108,4111,4110,4112,4113,4114,4115,4116,4117,4118,4119,4120,4121,4122,4123,4124,4125,4126,4127,4165,4164,4167,4166,4161,4160,4163,4162,4169,4168,4170]},{"id":163,"tipo":2,"secciones":[4080,4081,4082,4079]},{"id":164,"tipo":2,"secciones":[4083,4084,4085]}],"separados":[],"distritos":[{"d":1,"des":[{"mu":1,"s":[1,2,3,4]},{"mu":26,"s":[472,470,471,468,469,466,467,465]},{"mu":27,"s":[478,479,476,477,474,475,473,481,480]},{"mu":40,"s":[747,746,745,744,751,750,749,748,739,738,737,736,743,742,741,740,762,760,761,754,755,752,753,758,759,756,757,713,712,715,714,717,716,719,718,728,729,730,731,732,733,734,735,720,721,722,723,724,725,726,727]},{"mu":48,"s":[1153,1155,1154,1157,1156,1159,1158,1161,1160]},{"mu":81,"s":[1729,1728,1730,1726,1727]},{"mu":136,"s":[3284,3285,3283]},{"mu":163,"s":[3751,3750,3749,3748,3747,3746,3745,3753,3752]},{"mu":181,"s":[4039,4038,4037,4041,4040]},{"mu":194,"s":[4507,4520,4506,4521,4522,4523,4511,4524,4510,4509,4508,4512,4513,4514,4515,4516,4517,4518,4519]}],"p":[{"t":1, "v":"244060"},{"t":4, "v":"00:38"},{"t":5, "v":"-4.20"},{"t":6, "v":"-10713"},{"t":7, "v":"0.078586"},{"t":8, "v":"0.306156"}]},{"d":2,"des":[{"mu":2,"s":[5,6]},{"mu":10,"s":[205,204,207,206,201,200,203,202,197,199,198,193,192,194,216,217,212,213,214,215,208,209,210,211,186,187,184,185,190,191,188,189,183]},{"mu":38,"s":[705,704,707,706,708]},{"mu":44,"s":[969,968,963,967,965,964]},{"mu":59,"s":[1337,1336,1339,1338,1341,1340,1342,1335]},{"mu":94,"s":[2175,2177,2174,2176,2173,2172,2178,2171,2170]},{"mu":96,"s":[2201,2218,2202,2217,2203,2216,2204,2205,2206,2207,2211,2210,2209,2208,2215,2214,2213,2212]},{"mu":97,"s":[2219,2220]},{"mu":107,"s":[2417,2416,2415]},{"mu":110,"s":[2577,2576,2564,2565,2566,2567,2560,2561,2562,2563,2572,2573,2574,2575,2568,2569,2570,2571,2526,2527,2541,2540,2543,2542,2537,2536,2539,2538,2533,2532,2535,2534,2529,2528,2531,2530,2556,2557,2558,2559,2552,2553,2554,2555,2548,2549,2550,2551,2544,2545,2546,2547]},{"mu":113,"s":[2598,2599,2596,2597,2594,2595,2606,2604,2605,2602,2603,2600,2601]},{"mu":115,"s":[2615,2614,2613,2612,2611,2610,2620,2619,2618,2617,2616]},{"mu":162,"s":[3744,3740,3741,3742,3743,3739]},{"mu":165,"s":[3762,3760,3761,3759,3758,3757]},{"mu":176,"s":[3984,3983,3982,3981,3980,3979]},{"mu":186,"s":[4083,4084,4085]},{"mu":191,"s":[4199,4198,4197,4196,4207,4206,4205,4204,4203,4202,4201,4200,4214,4215,4212,4213,4210,4211,4208,4209,4216]},{"mu":197,"s":[4541,4543,4542,4550,4548,4549,4546,4547,4544,4545]}],"p":[{"t":1, "v":"250943"},{"t":4, "v":"00:46"},{"t":5, "v":"-1.50"},{"t":6, "v":"-3830"},{"t":7, "v":"0.010045"},{"t":8, "v":"0.280966"}]},{"d":3,"des":[{"mu":3,"s":[7,8,9,10,11,12,13,14,15,17,16,19,18,21,20,23,22,25,24,27,26,29,28,31,30,34,35,32,33,38,39,36,37,42,43,40,41,46,44,45]},{"mu":95,"s":[2200,2192,2193,2194,2195,2196,2197,2198,2199,2185,2184,2187,2186,2189,2188,2191,2190,2179,2181,2180,2183,2182]},{"mu":117,"s":[2641,2640,2643,2642,2645,2644,2647,2646,2649,2648]},{"mu":131,"s":[3097,3096,3099,3098,3103,3102,3089,3088,3091,3090,3093,3092,3095,3094,3081,3082,3083,3084,3085,3086,3087,3106,3104,3105]},{"mu":143,"s":[3436,3432,3433,3434,3435,3428,3430,3431,3424,3425,3426,3427,3423,3422,3421,3420,3419,3418,3417,3416,3415,3414,3413,3412,3411,3410,3409]},{"mu":145,"s":[3489,3475,3488,3491,3490,3478,3493,3479,3492,3476,3477,3482,3483,3480,3481,3486,3487,3484,3485]},{"mu":212,"s":[3101,3100,4722,4720,4721,3107,3108]}],"p":[{"t":1, "v":"254173"},{"t":4, "v":"01:01"},{"t":5, "v":"-0.24"},{"t":6, "v":"-600"},{"t":7, "v":"0.000247"},{"t":8, "v":"0.562574"}]},{"d":4,"des":[{"mu":4,"s":[68,69,70,71,64,65,66,67,76,77,78,79,72,73,74,75,84,81,80,83,82,47,51,50,49,48,55,54,53,52,59,58,57,56,63,62,61,60]},{"mu":17,"s":[373,372,375,374,369,368,371,370,381,380,383,382,377,376,379,378,364,365,366,367,363]},{"mu":18,"s":[387,386,385,384,388]},{"mu":25,"s":[463,462,461,460,459,464]},{"mu":67,"s":[1494,1495,1492,1493,1490,1491,1488,1489,1502,1503,1500,1501,1498,1499,1496,1497,1479,1478,1477,1476,1475,1487,1486,1485,1484,1483,1482,1481,1480,1509,1508,1505,1504,1507,1506]},{"mu":90,"s":[2103,2102,2101,2104]},{"mu":127,"s":[3019,3018,3017,3016,3023,3022,3021,3020,3011,3010,3009,3008,3015,3014,3013,3012,3004,3005,3006,3007,3026,3027,3024,3025]},{"mu":134,"s":[3259,3262,3263,3260,3261,3269,3268,3271,3270,3265,3264,3267,3266,3273,3272]},{"mu":190,"s":[4195,4194,4193,4192,4173,4175,4174,4180,4181,4182,4183,4176,4177,4178,4179,4188,4189,4190,4191,4184,4185,4186,4187]}],"p":[{"t":1, "v":"238173"},{"t":4, "v":"00:38"},{"t":5, "v":"-6.52"},{"t":6, "v":"-16600"},{"t":7, "v":"0.188683"},{"t":8, "v":"0.503103"}]},{"d":5,"des":[{"mu":5,"s":[85,87,86,89,88,91,90]},{"mu":13,"s":[288,289,290,291,292,293,287]},{"mu":16,"s":[343,342,341,340,339,351,350,349,348,347,346,345,344,356,357,358,359,352,353,354,355,360,361,362]},{"mu":56,"s":[1311,1310,1312,1313,1314,1315,1316,1317,1318,1319]},{"mu":79,"s":[1703,1702,1701,1716,1717,1714,1715,1712,1713,1711,1710,1709,1708,1707,1706,1705,1704]},{"mu":98,"s":[2234,2235,2232,2233,2236,2226,2227,2224,2225,2230,2231,2228,2229,2223,2222,2221]},{"mu":140,"s":[3324,3325,3322,3323,3321]},{"mu":144,"s":[3459,3458,3457,3456,3463,3462,3461,3460,3467,3466,3465,3464,3471,3470,3469,3468,3474,3472,3473,3437,3438,3439,3453,3452,3455,3454,3449,3448,3451,3450,3445,3444,3447,3446,3441,3440,3443,3442]},{"mu":168,"s":[3792,3793,3794,3795,3796,3781,3797,3780,3798,3783,3782,3785,3784,3787,3786,3789,3788,3791,3790]},{"mu":177,"s":[3990,3991,3988,3989,3986,3987,3985,3998,3996,3997,3994,3995,3992,3993]},{"mu":189,"s":[4172,4171]},{"mu":208,"s":[1132,1130,1131,1128,1129,1126,1127,1124,4713,1125,4712,1122,1123,1120,1121,1119,1118,1145,1144,1143]}],"p":[{"t":1, "v":"245347"},{"t":4, "v":"00:56"},{"t":5, "v":"-3.70"},{"t":6, "v":"-9426"},{"t":7, "v":"0.060838"},{"t":8, "v":"0.419111"}]},{"d":6,"des":[{"mu":6,"s":[102,103,100,101,98,99,96,97,93,92,95,94,104,105]},{"mu":19,"s":[389]},{"mu":31,"s":[593,595,608,594,597,596,599,598,601,600,603,602,605,604,607,606]},{"mu":76,"s":[1669,1668,1671,1670]},{"mu":85,"s":[1786,1787,1784,1785,1790,1788,1789]},{"mu":100,"s":[2248,2245,2244,2247,2246,2241,2240,2243,2242]},{"mu":102,"s":[2268,2269,2270,2271,2265,2266,2267,2280,2279,2278,2277,2276,2275,2274,2273,2272]},{"mu":116,"s":[2623,2622,2621,2624,2625,2626,2627,2628,2629,2630,2631,2632,2633,2634,2635,2636,2637,2638,2639]},{"mu":128,"s":[3034,3035,3032,3033,3030,3031,3028,3029]},{"mu":139,"s":[3318,3319,3316,3317,3314,3315,3312,3313,3320,3303,3302,3301,3300,3299,3298,3297,3311,3310,3309,3308,3307,3306,3305,3304]}],"p":[{"t":1, "v":"246820"},{"t":4, "v":"00:23"},{"t":5, "v":"-3.12"},{"t":6, "v":"-7953"},{"t":7, "v":"0.043310"},{"t":8, "v":"0.351061"}]},{"d":7,"des":[{"mu":7,"s":[108,106,107]},{"mu":22,"s":[410,411,408,409,399,398,412,413,402,403,400,401,406,407,404,405]},{"mu":32,"s":[610,611,609,614,615,612,613,616]},{"mu":51,"s":[1255,1254,1253,1252,1264,1265,1263,1262,1261,1260,1259,1258,1257,1256]},{"mu":55,"s":[1307,1306,1305,1304,1309,1308,1299,1298,1297,1296,1303,1302,1301,1300,1294,1295,1293]},{"mu":92,"s":[2144,2145,2141,2140,2143,2142,2139,2138]},{"mu":101,"s":[2264,2260,2261,2262,2263,2256,2257,2258,2259,2253,2252,2255,2254,2249,2251,2250]},{"mu":106,"s":[2404,2405,2406,2407,2400,2401,2402,2403,2412,2413,2414,2408,2409,2410,2411,2391,2390,2399,2398,2397,2396,2395,2394,2393,2392]},{"mu":126,"s":[2991,2990,3000,3001,3002,3003,2996,2997,2998,2999,2992,2993,2994,2995]},{"mu":149,"s":[3527,3526,3525,3524,3523,3522,3521,3520,3529,3528,3513,3514,3515,3516,3517,3518,3519]}],"p":[{"t":1, "v":"238690"},{"t":4, "v":"00:45"},{"t":5, "v":"-6.31"},{"t":6, "v":"-16083"},{"t":7, "v":"0.177113"},{"t":8, "v":"0.381660"}]},{"d":8,"des":[{"mu":8,"s":[137,136,139,138,141,140,143,142,129,128,131,130,133,132,135,134,152,153,154,155,156,157,158,159,144,145,146,147,148,149,150,151,171,170,169,168,175,174,173,172,163,162,161,160,167,166,165,164,176,177,110,111,109,119,118,117,116,115,114,113,112,127,126,125,124,123,122,121,120]},{"mu":28,"s":[489,488,491,490,485,484,487,486,483,482]},{"mu":33,"s":[627,626,625,624,631,630,629,628,618,619,617,622,623,620,621]},{"mu":74,"s":[1640,1634,1635,1632,1633,1638,1639,1636,1637,1625,1624,1627,1626,1629,1628,1631,1630,1623]},{"mu":78,"s":[1700,1699,1698,1697,1696,1692,1693,1694,1695,1688,1689,1690,1691]},{"mu":82,"s":[1763,1762,1761,1760,1731,1733,1732,1735,1734,1737,1736,1739,1738,1741,1740,1743,1742,1744,1745,1746,1747,1748,1749,1750,1751,1752,1753,1754,1755,1756,1757,1758,1759]},{"mu":166,"s":[3766,3767,3764,3765,3763,3770,3771,3768,3769]},{"mu":169,"s":[3799,3800,3801,3802,3803]},{"mu":179,"s":[4005,4004,4007,4006,4001,4003,4002,4009,4008]},{"mu":198,"s":[4556,4554,4555,4552,4553,4551]},{"mu":202,"s":[4605,4604,4601,4600,4603,4602,4599,4598]}],"p":[{"t":1, "v":"280900"},{"t":4, "v":"01:42"},{"t":5, "v":"10.26"},{"t":6, "v":"26127"},{"t":7, "v":"0.467396"},{"t":8, "v":"0.918893"}]},{"d":9,"des":[{"mu":9,"s":[178,179,182,180,181]},{"mu":30,"s":[592,588,589,590,591]},{"mu":45,"s":[971,970,975,974,973,972,978,979,976,977]},{"mu":49,"s":[1163,1162,1165,1164,1167,1166,1168,1169,1170,1171,1172,1173,1174,1175,1176,1177,1178,1179,1180,1181,1182,1183]},{"mu":64,"s":[1456,1457,1458,1459,1460,1461,1462]},{"mu":73,"s":[1608,1609,1610,1611,1612,1613,1614,1615,1600,1601,1602,1603,1604,1605,1606,1607,1599,1598,1597,1617,1616,1619,1618,1621,1620,1622]},{"mu":83,"s":[1767,1766,1765,1764,1771,1770,1769,1768,1774,1773,1772]},{"mu":147,"s":[3503,3502]},{"mu":161,"s":[3736,3737,3738]},{"mu":164,"s":[3756,3755,3754]},{"mu":178,"s":[4000,3999]},{"mu":185,"s":[4080,4081,4082,4079]},{"mu":187,"s":[4086,4087,4088,4089,4090,4091,4092,4093,4094,4095]},{"mu":200,"s":[4569,4568,4567,4566,4565,4564,4563,4562,4561]}],"p":[{"t":1, "v":"245707"},{"t":4, "v":"00:32"},{"t":5, "v":"-3.56"},{"t":6, "v":"-9066"},{"t":7, "v":"0.056280"},{"t":8, "v":"0.574079"}]},{"d":10,"des":[{"mu":11,"s":[239,238,237,236,235,234,233,232,231,230,229,228,227,226,225,224,220,221,222,223,218,219,246,244,245,242,243,240,241]},{"mu":24,"s":[458,457,456,455,454,453,452,451,450,449,448,440,441,442,443,444,445,446,447,432,433,434,435,436,437,438,439,425,427,426,429,428,431,430]},{"mu":88,"s":[1845,1844,1847,1846,1841,1840,1843,1842,1836,1837,1838,1839,1832,1833,1834,1835,1830,1831]},{"mu":108,"s":[2419,2418]},{"mu":129,"s":[3049,3048,3051,3050,3053,3052,3055,3054,3041,3040,3043,3042,3045,3044,3047,3046,3064,3065,3066,3038,3039,3036,3037,3056,3057,3058,3059,3060,3061,3062,3063]},{"mu":137,"s":[3286,3287,3292,3293,3288,3289,3290,3291]},{"mu":157,"s":[3672,3669,3671,3670]},{"mu":193,"s":[4505,4504,4503,4502,4501]}],"p":[{"t":1, "v":"256090"},{"t":4, "v":"00:24"},{"t":5, "v":"0.52"},{"t":6, "v":"1317"},{"t":7, "v":"0.001187"},{"t":8, "v":"0.352399"}]},{"d":11,"des":[{"mu":12,"s":[275,274,273,272,279,278,277,276,283,282,281,280,286,285,284,258,259,256,257,262,263,260,261,266,267,264,265,270,271,268,269,254,255,252,253,250,251,248,249,247]},{"mu":29,"s":[550,551,548,549,546,547,544,545,558,559,556,557,554,555,552,553,567,566,565,564,563,562,561,560,575,574,573,572,571,570,569,568,516,517,518,519,512,513,514,515,524,525,526,527,520,521,522,523,533,532,535,534,529,528,531,530,541,540,543,542,537,536,539,538,508,576,509,577,510,578,511,579,504,580,505,581,506,582,507,583,500,584,501,585,502,586,503,587,496,497,498,499,493,492,495,494]},{"mu":77,"s":[1684,1685,1686,1687,1680,1681,1682,1683,1677,1676,1679,1678,1673,1672,1675,1674]},{"mu":180,"s":[4035,4034,4033,4032,4036,4013,4012,4015,4014,4011,4010,4020,4021,4022,4023,4016,4017,4018,4019,4028,4029,4030,4031,4024,4025,4026,4027]}],"p":[{"t":1, "v":"245073"},{"t":4, "v":"00:44"},{"t":5, "v":"-3.81"},{"t":6, "v":"-9700"},{"t":7, "v":"0.064427"},{"t":8, "v":"0.582926"}]},{"d":12,"des":[{"mu":14,"s":[305,304,307,306,309,308,311,310,313,312,315,314,317,316,319,318,294,295,296,297,298,299,300,301,302,303]},{"mu":46,"s":[1092,1093,1088,1089,1090,1091,1032,1033,1034,1035,1036,1037,1038,1039,1024,1025,1026,1027,1028,1029,1030,1031,1049,1048,1051,1050,1053,1052,1055,1054,1041,1040,1043,1042,1045,1044,1047,1046,1066,1067,1064,1065,1070,1071,1068,1069,1058,1059,1056,1057,1062,1063,1060,1061,1083,1082,1081,1080,1087,1086,1085,1084,1075,1074,1073,1072,1079,1078,1077,1076,1016,1017,1018,1019,1020,1021,1022,1023,1008,1009,1010,1011,1012,1013,1014,1015,1001,1000,1003,1002,1005,1004,1007,1006,993,992,995,994,997,996,999,998,986,987,984,985,990,991,988,989,982,983,980,981]},{"mu":196,"s":[4537,4536,4539,4538,4540,4527,4529,4528,4531,4530,4533,4532,4535,4534]}],"p":[{"t":1, "v":"254939"},{"t":4, "v":"00:13"},{"t":5, "v":"0.07"},{"t":6, "v":"166"},{"t":7, "v":"0.000019"},{"t":8, "v":"0.208588"}]},{"d":13,"des":[{"mu":15,"s":[326,327,324,325,322,338,323,337,320,336,321,334,335,332,333,330,331,328,329]},{"mu":36,"s":[687,686,685,684,683,682,681,680,679,678,677,676,675,674,673,672,671,694,692,693,690,691,688,689]},{"mu":62,"s":[1405,1411,1404,1410,1407,1409,1406,1408,1403,1412]},{"mu":122,"s":[2776,2777,2778,2779,2780,2781,2782,2783,2802,2803,2800,2801,2804,2795,2794,2793,2792,2799,2798,2797,2796,2787,2786,2785,2784,2791,2790,2789,2788]},{"mu":124,"s":[2852,2853,2854,2855,2848,2849,2850,2851,2860,2861,2862,2863,2856,2857,2858,2859,2869,2868,2871,2870,2865,2864,2867,2866,2877,2876,2879,2878,2873,2872,2875,2874,2822,2823,2820,2821,2818,2819,2816,2817,2830,2831,2828,2829,2826,2827,2824,2825,2839,2838,2837,2836,2835,2834,2833,2832,2847,2846,2845,2844,2843,2842,2841,2840,2814,2815,2882,2883,2880,2881,2886,2887,2884,2885,2891,2888,2889,2894,2895,2892,2893,2897,2896]},{"mu":133,"s":[3250,3251,3248,3249,3219,3254,3220,3255,3221,3252,3222,3223,3253,3224,3258,3225,3226,3256,3227,3257,3228,3229,3230,3231,3235,3234,3233,3232,3239,3238,3237,3236,3243,3242,3241,3240,3247,3246,3245,3244]},{"mu":151,"s":[3543,3550,3548,3549,3546,3547,3544,3545]},{"mu":153,"s":[3572,3573,3574,3575,3580,3588,3581,3589,3582,3590,3583,3584,3576,3577,3585,3578,3586,3579,3587]},{"mu":154,"s":[3596,3597,3592,3593,3594,3595,3591]},{"mu":155,"s":[3608,3605,3604,3607,3606,3601,3600,3603,3602,3598,3599]}],"p":[{"t":1, "v":"286050"},{"t":4, "v":"01:10"},{"t":5, "v":"12.28"},{"t":6, "v":"31277"},{"t":7, "v":"0.669818"},{"t":8, "v":"0.913320"}]},{"d":14,"des":[{"mu":20,"s":[392,391,390]},{"mu":21,"s":[395,394,393,397,396]},{"mu":43,"s":[962,961]},{"mu":99,"s":[2238,2239,2237]},{"mu":111,"s":[2581,2580,2582,2579,2578]},{"mu":114,"s":[2609,2608,2607]},{"mu":135,"s":[3280,3281,3282,3277,3276,3279,3278,3275,3274]},{"mu":138,"s":[3294,3295,3296]},{"mu":141,"s":[3326,3327]},{"mu":148,"s":[3504,3505,3506,3507,3508,3509,3510,3511,3512]},{"mu":159,"s":[3705,3704,3699,3703,3702,3701,3700]},{"mu":167,"s":[3777,3776,3779,3778,3774,3775,3772,3773]},{"mu":170,"s":[3804,3805,3806,3807]},{"mu":172,"s":[3826,3827,3824,3825,3830,3831,3828,3829,3834,3835,3832,3833,3838,3839,3836,3837,3854,3855,3852,3853,3850,3851,3848,3849,3846,3847,3844,3845,3842,3843,3840,3841,3858,3857,3856]},{"mu":183,"s":[4075,4074,4076]},{"mu":184,"s":[4077,4078]},{"mu":195,"s":[4525,4526]},{"mu":201,"s":[4597,4596,4593,4592,4595,4594,4588,4589,4590,4591,4584,4585,4586,4587,4580,4581,4582,4583,4576,4577,4578,4579,4575,4574,4573,4572,4571,4570]}],"p":[{"t":1, "v":"243557"},{"t":4, "v":"00:43"},{"t":5, "v":"-4.40"},{"t":6, "v":"-11216"},{"t":7, "v":"0.086138"},{"t":8, "v":"0.472144"}]},{"d":15,"des":[{"mu":23,"s":[424,414,415,417,416,419,418,421,420,423,422]},{"mu":70,"s":[1548,1549,1550,1551,1544,1545,1546,1547,1540,1532,1533,1541,1534,1542,1535,1543,1536,1537,1529,1538,1530,1539,1531,1553,1552,1555,1554]},{"mu":87,"s":[1828,1829,1824,1825,1826,1827,1823,1822,1821,1820,1819,1818,1817,1816,1815,1814,1813,1812,1811,1810,1809,1808,1806,1807,1804,1805,1802,1803,1800,1801,1798,1799]},{"mu":119,"s":[2750,2751,2748,2749,2746,2747,2744,2745,2742,2743,2740,2741,2738,2739,2736,2737,2735,2734,2733,2732,2731,2730,2729,2728,2727,2726,2725,2724,2723,2722,2721,2720,2716,2717,2718,2719,2712,2713,2714,2715,2708,2709,2710,2711,2704,2705,2706,2707,2701,2700,2703,2702,2697,2696,2699,2698,2693,2692,2695,2694,2689,2688,2691,2690,2675,2674,2673,2672,2679,2678,2677,2676,2683,2682,2681,2680,2687,2686,2685,2684,2666,2667,2670,2671,2668,2669,2761,2760,2763,2762,2753,2752,2755,2754,2757,2756,2759,2758]}],"p":[{"t":1, "v":"260857"},{"t":4, "v":"00:14"},{"t":5, "v":"2.39"},{"t":6, "v":"6084"},{"t":7, "v":"0.025344"},{"t":8, "v":"0.278507"}]},{"d":16,"des":[{"mu":35,"s":[668,669,670,664,665,666,667,660,661,662,663,656,657,658,659]},{"mu":152,"s":[3557,3556,3559,3558,3553,3552,3555,3554,3565,3564,3567,3566,3561,3560,3563,3562,3568,3569,3570,3571,3551]},{"mu":174,"s":[3944,3945,3946,3947,3948,3949,3950,3951,3936,3937,3938,3939,3940,3941,3942,3943,3961,3960,3963,3962,3965,3964,3967,3966,3953,3952,3955,3954,3957,3956,3959,3958,3974,3973,3972,3971,3970,3969,3968,3931,3930,3929,3928,3935,3934,3933,3932,3927,3926]},{"mu":188,"s":[4131,4130,4129,4128,4135,4134,4133,4132,4139,4138,4137,4136,4143,4142,4141,4140,4146,4147,4144,4145,4150,4151,4148,4149,4154,4155,4152,4153,4158,4159,4156,4157,4097,4096,4099,4098,4101,4100,4103,4102,4105,4104,4107,4106,4109,4108,4111,4110,4112,4113,4114,4115,4116,4117,4118,4119,4120,4121,4122,4123,4124,4125,4126,4127,4165,4164,4167,4166,4161,4160,4163,4162,4169,4168,4170]}],"p":[{"t":1, "v":"280267"},{"t":4, "v":"00:51"},{"t":5, "v":"10.01"},{"t":6, "v":"25494"},{"t":7, "v":"0.445022"},{"t":8, "v":"0.875307"}]},{"d":17,"des":[{"mu":34,"s":[653,652,655,654,649,648,651,650,645,644,647,646,641,640,643,642,635,634,633,632,639,638,637,636]},{"mu":75,"s":[1642,1643,1641,1665,1646,1664,1647,1667,1644,1666,1645,1659,1658,1657,1656,1663,1662,1661,1660,1651,1650,1649,1648,1655,1654,1653,1652]},{"mu":142,"s":[3406,3407,3404,3405,3402,3403,3400,3401,3398,3399,3396,3397,3394,3395,3392,3393,3408,3338,3339,3336,3337,3342,3343,3340,3341,3330,3331,3328,3329,3334,3335,3332,3333,3355,3354,3353,3352,3359,3358,3357,3356,3347,3346,3345,3344,3351,3350,3349,3348,3368,3369,3370,3371,3372,3373,3374,3375,3360,3361,3362,3363,3364,3365,3366,3367,3385,3384,3387,3386,3389,3388,3391,3390,3377,3376,3379,3378,3381,3380,3383,3382]}],"p":[{"t":1, "v":"247632"},{"t":4, "v":"00:34"},{"t":5, "v":"-2.80"},{"t":6, "v":"-7141"},{"t":7, "v":"0.034918"},{"t":8, "v":"0.434403"}]},{"d":18,"des":[{"mu":37,"s":[702,703,700,701,698,699,696,697,695]},{"mu":57,"s":[1328,1320,1321,1322,1323,1324,1325,1326,1327]},{"mu":58,"s":[1329,1331,1330,1333,1332,1334]},{"mu":60,"s":[1375,1374,1373,1372,1371,1370,1369,1368,1367,1366,1365,1364,1363,1362,1361,1360,1358,1359,1356,1357,1354,1355,1352,1353,1350,1351,1348,1349,1346,1347,1344,1345,1388,1389,1384,1385,1386,1387,1380,1381,1382,1383,1376,1377,1378,1379,1343]},{"mu":65,"s":[1472,1463,1464,1465,1466,1467,1468,1469,1470,1471]},{"mu":80,"s":[1718,1719,1724,1725,1722,1723,1720,1721]},{"mu":130,"s":[3067,3068,3069,3070,3071,3080,3072,3073,3074,3075,3076,3077,3078,3079]},{"mu":156,"s":[3665,3664,3667,3666,3668,3656,3657,3658,3659,3660,3661,3662,3663,3648,3649,3650,3651,3652,3653,3654,3655,3647,3646,3645,3644,3643,3642,3641,3640,3639,3638,3637,3636,3635,3634,3633,3632,3630,3631,3628,3629,3626,3627,3624,3625,3622,3623,3620,3621,3618,3619,3616,3617,3613,3612,3615,3614,3609,3611,3610]},{"mu":160,"s":[3707,3732,3706,3733,3734,3735,3711,3728,3710,3729,3730,3709,3708,3731,3717,3716,3719,3718,3713,3712,3715,3714,3725,3724,3727,3726,3721,3720,3723,3722]},{"mu":207,"s":[4707,4706,4705,4704,4711,4710,4709,4708,4696,4697,4698,4699,4700,4701,4702,4703]}],"p":[{"t":1, "v":"286679"},{"t":4, "v":"01:05"},{"t":5, "v":"12.52"},{"t":6, "v":"31906"},{"t":7, "v":"0.697030"},{"t":8, "v":"0.519594"}]},{"d":19,"des":[{"mu":39,"s":[709,711,710]},{"mu":52,"s":[1270,1271,1268,1269,1266,1267,1274,1272,1273]},{"mu":53,"s":[1282,1283,1280,1281,1284,1285,1278,1279,1276,1277,1275]},{"mu":66,"s":[1474,1473]},{"mu":68,"s":[1520,1521,1522,1523,1511,1510,1517,1516,1519,1518,1513,1512,1515,1514]},{"mu":69,"s":[1524,1525,1526,1527,1528]},{"mu":104,"s":[2374,2375,2378,2376,2377]},{"mu":125,"s":[2989,2988,2985,2984,2987,2986,2981,2980,2983,2982,2977,2976,2979,2978,2959,2958,2957,2956,2955,2954,2953,2952,2951,2950,2949,2948,2947,2946,2945,2944,2974,2975,2972,2973,2970,2971,2968,2969,2966,2967,2964,2965,2962,2963,2960,2961,2912,2913,2914,2915,2916,2917,2918,2919,2920,2921,2922,2923,2924,2925,2926,2927,2929,2928,2931,2930,2933,2932,2935,2934,2937,2936,2939,2938,2941,2940,2943,2942,2899,2898,2903,2902,2901,2900,2907,2906,2905,2904,2911,2910,2909,2908]},{"mu":203,"s":[4613,4612,4609,4608,4611,4610,4607,4606]}],"p":[{"t":1, "v":"276864"},{"t":4, "v":"00:33"},{"t":5, "v":"8.67"},{"t":6, "v":"22091"},{"t":7, "v":"0.334146"},{"t":8, "v":"0.570117"}]},{"d":20,"des":[{"mu":41,"s":[804,805,806,807,800,801,802,803,799,798,797,782,783,780,781,778,779,777,883,882,864,865,867,868,869,863,834,835,832,833,838,839,836,837,842,843,840,841,844,845,929,928,931,930,926,927,924,925,922,923,920,921,918,919,916,917,914,915,912,913,911,910,909]},{"mu":63,"s":[1426,1427,1424,1425,1430,1431,1428,1429,1434,1435,1432,1433,1438,1439,1436,1437,1415,1414,1413,1419,1418,1417,1416,1423,1422,1421,1420,1441,1440,1443,1442,1445,1444,1447,1446,1449,1448,1451,1450,1453,1452,1455,1454]},{"mu":84,"s":[1778,1779,1776,1777,1782,1783,1780,1775]},{"mu":112,"s":[2583,2592,2593,2589,2588,2591,2590,2585,2584,2587,2586]},{"mu":205,"s":[4647,4655,4654,4653,4652,4651,4650,4649,4648,4662,4663,4660,4661,4658,4659,4656,4657,4666,4664,4665]},{"mu":206,"s":[4673,4672,4675,4674,4677,4676,4679,4678,4681,4680,4683,4682,4685,4684,4687,4686,4688,4689,4690,4691,4692,4693,4694,4695,4670,4671,4668,4669,4667]}],"p":[{"t":1, "v":"253189"},{"t":4, "v":"00:31"},{"t":5, "v":"-0.62"},{"t":6, "v":"-1584"},{"t":7, "v":"0.001718"},{"t":8, "v":"0.721896"}]},{"d":21,"des":[{"mu":41,"s":[763,766,767,764,765,821,820,823,822,817,819,818,829,828,831,830,825,824,827,826,812,813,814,815,808,809,810,811,791,790,789,788,787,786,785,784,796,795,794,793,792,774,775,772,773,770,771,768,769,776,881,880,885,884,887,886,889,888,891,890,893,892,895,894,870,871,872,873,874,875,876,877,878,879,851,850,849,848,855,854,853,852,859,858,857,856,862,861,860,4723,4726,4727,4724,4725,4730,4731,4728,4729,846,4734,847,4735,4732,4733,4744,4745,4740,4741,4742,4743,4736,4737,4738,4739,908,907,906,905,904,903,902,901,900,899,898,897,896]}],"p":[{"t":1, "v":"232916"},{"t":4, "v":"00:00"},{"t":5, "v":"-8.58"},{"t":6, "v":"-21857"},{"t":7, "v":"0.327112"},{"t":8, "v":"0.423882"}]},{"d":22,"des":[{"mu":42,"s":[956,957,958,959,952,953,954,955,948,949,950,951,944,945,946,947,941,940,943,942,937,936,939,938,933,932,935,934,960]},{"mu":132,"s":[3165,3164,3167,3166,3161,3160,3163,3162,3157,3156,3159,3158,3153,3152,3155,3154,3148,3149,3150,3151,3144,3145,3146,3147,3140,3141,3142,3143,3136,3137,3138,3139,3199,3198,3197,3196,3195,3194,3193,3192,3191,3190,3189,3188,3187,3186,3185,3184,3182,3183,3180,3181,3178,3179,3176,3177,3174,3175,3172,3173,3170,3171,3168,3169,3216,3217,3218,3201,3200,3203,3202,3205,3204,3207,3206,3209,3208,3211,3210,3213,3212,3215,3214,3131,3130,3129,3128,3135,3134,3133,3132,3123,3122,3121,3120,3127,3126,3125,3124,3114,3115,3112,3113,3118,3119,3116,3117,3110,3111,3109]}],"p":[{"t":1, "v":"240304"},{"t":4, "v":"00:10"},{"t":5, "v":"-5.68"},{"t":6, "v":"-14469"},{"t":7, "v":"0.143349"},{"t":8, "v":"0.283534"}]},{"d":23,"des":[{"mu":47,"s":[1100,1101,1152,1102,1103,1096,1097,1098,1099,1094,1095,1117,1116,1113,1112,1115,1114,1109,1108,1111,1110,1105,1104,1107,1106,1134,1135,1133,1151,1150,1149,1148,1147,1146,1142,1141,1140,1139,1138,1137,1136]},{"mu":54,"s":[1290,1291,1288,1289,1292,1286,1287]},{"mu":86,"s":[1796,1797,1794,1791,1795,1792,1793]},{"mu":118,"s":[2658,2659,2656,2657,2662,2663,2660,2661,2651,2664,2650,2665,2653,2652,2655,2654]},{"mu":120,"s":[2765,2764,2767,2766,2768,2769]},{"mu":173,"s":[3914,3915,3912,3913,3918,3919,3916,3917,3906,3907,3904,3905,3910,3911,3908,3909,3923,3922,3921,3920,3925,3924,3884,3885,3886,3887,3880,3881,3882,3883,3876,3877,3878,3879,3872,3873,3874,3875,3901,3900,3903,3902,3897,3896,3899,3898,3893,3892,3895,3894,3889,3888,3891,3890,3871,3870,3869,3868,3867,3866,3865,3864,3863,3862,3861,3860,3859]},{"mu":175,"s":[3975,3978,3977,3976]},{"mu":204,"s":[4615,4614,4621,4620,4623,4622,4617,4616,4619,4618,4628,4629,4630,4631,4624,4625,4626,4627,4636,4637,4638,4639,4632,4633,4634,4635,4646,4645,4644,4643,4642,4641,4640]}],"p":[{"t":1, "v":"245807"},{"t":4, "v":"01:12"},{"t":5, "v":"-3.52"},{"t":6, "v":"-8966"},{"t":7, "v":"0.055045"},{"t":8, "v":"0.532291"}]},{"d":24,"des":[{"mu":50,"s":[1221,1220,1223,1222,1217,1216,1219,1218,1229,1228,1231,1230,1225,1224,1227,1226,1236,1237,1238,1239,1232,1233,1234,1235,1244,1245,1246,1247,1240,1241,1242,1243,1187,1186,1185,1184,1251,1191,1250,1190,1249,1189,1248,1188,1195,1194,1193,1192,1199,1198,1197,1196,1202,1203,1200,1201,1206,1207,1204,1205,1210,1211,1208,1209,1214,1215,1212,1213]},{"mu":109,"s":[2443,2442,2441,2440,2447,2446,2445,2444,2435,2434,2433,2432,2439,2438,2437,2436,2458,2459,2456,2457,2462,2463,2460,2461,2450,2451,2448,2449,2454,2455,2452,2453,2473,2472,2475,2474,2477,2476,2479,2478,2465,2464,2467,2466,2469,2468,2471,2470,2488,2489,2490,2491,2492,2493,2494,2495,2480,2481,2482,2483,2484,2485,2486,2487,2511,2510,2509,2508,2507,2506,2505,2504,2503,2502,2501,2500,2499,2498,2497,2496,2518,2519,2516,2517,2514,2515,2512,2513,2421,2420,2423,2422,2429,2428,2431,2430,2425,2424,2427,2426]},{"mu":199,"s":[4558,4559,4557,4560]}],"p":[{"t":1, "v":"287815"},{"t":4, "v":"00:13"},{"t":5, "v":"12.97"},{"t":6, "v":"33042"},{"t":7, "v":"0.747548"},{"t":8, "v":"0.744538"}]},{"d":25,"des":[{"mu":61,"s":[1390,1391,1401,1400,1402,1397,1396,1399,1398,1393,1392,1395,1394]},{"mu":72,"s":[1582,1583,1580,1581,1579,1590,1589,1588,1587,1586,1585,1584]},{"mu":91,"s":[2133,2132,2135,2134,2129,2128,2131,2130,2137,2136,2116,2117,2118,2119,2112,2113,2114,2115,2124,2125,2126,2127,2120,2121,2122,2123,2107,2106,2105,2111,2110,2109,2108]},{"mu":93,"s":[2167,2166,2165,2164,2163,2162,2161,2160,2150,2151,2148,2149,2146,2147,2158,2159,2156,2157,2154,2155,2152,2153]},{"mu":105,"s":[2383,2380,2381,2379,2389,2388,2387]},{"mu":121,"s":[2770,2771,2772,2773,2774,2775]},{"mu":123,"s":[2810,2811,2808,2809,2812,2813,2806,2807,2805]},{"mu":146,"s":[3495,3494,3497,3496,3499,3498,3501,3500]},{"mu":150,"s":[3533,3532,3531,3530,3542,3540,3541,3538,3539,3536,3537]},{"mu":171,"s":[3811,3810,3809,3808,3815,3814,3813,3812,3819,3818,3817,3816,3823,3822,3821,3820]},{"mu":209,"s":[4715,4714,2169,4716,2168,2524,2525,1596,1595,2522,2523,1594,2520,1593,1592,2521,1591]},{"mu":210,"s":[3535,2382,3534,2386,2385,2384,4718,4717]}],"p":[{"t":1, "v":"256533"},{"t":4, "v":"01:14"},{"t":5, "v":"0.69"},{"t":6, "v":"1760"},{"t":7, "v":"0.002121"},{"t":8, "v":"0.722922"}]},{"d":26,"des":[{"mu":71,"s":[1578,1576,1577,1574,1575,1572,1573,1570,1571,1568,1569,1565,1564,1567,1566,1561,1560,1563,1562,1557,1556,1559,1558]},{"mu":103,"s":[2306,2307,2304,2305,2310,2311,2308,2309,2314,2315,2312,2313,2318,2316,2317,2327,2331,2329,2328,2332,2347,2348,2349,2359,2358,2361,2360,2363,2362,2365,2364,2367,2366,2372,2373,2370,2371,2368,2369,2302,2303,2300,2301,2298,2299,2296,2297,2294,2295,2292,2293,2290,2291,2288,2289,2287,2286,2285,2284,2283,2282,2281]},{"mu":158,"s":[3673,3674,3677,3676,3696,4765,3690,4764,3691,3688,3694,4761,4760,3695,3692,4763,3693,4762,3682,3683,4759,3680,4758,3681,3686,3687,3684,3685]},{"mu":182,"s":[4065,4064,4067,4066,4069,4068,4071,4070,4073,4043,4072,4042,4047,4046,4045,4044,4050,4051,4048,4049,4054,4055,4052,4053,4058,4059,4056,4057,4062,4063,4060,4061]},{"mu":211,"s":[2319,2323,2322,2321,2320,2326,2325,2335,2334,2333,2336,2337,2338,2339,2340,2341,2342,2343,2344,2345,2346,2351,2353,2352,2355,2354,2357,2356]}],"p":[{"t":1, "v":"237344"},{"t":4, "v":"00:57"},{"t":5, "v":"-6.84"},{"t":6, "v":"-17429"},{"t":7, "v":"0.207999"},{"t":8, "v":"0.519707"}]},{"d":27,"des":[{"mu":192,"s":[4387,4388,4363,4365,4364,4476,4477,4478,4479,4473,4474,4475,4499,4488,4482,4483,4480,4481,4486,4487,4484,4485,4222,4223,4220,4221,4218,4219,4217,4266,4267,4264,4265,4270,4271,4268,4269,4258,4259,4256,4257,4262,4263,4260,4261,4283,4282,4281,4280,4287,4286,4285,4284,4275,4274,4273,4272,4279,4278,4277,4276,4232,4233,4234,4235,4236,4237,4238,4239,4224,4225,4226,4227,4228,4230,4231,4249,4248,4251,4250,4253,4252,4255,4254,4241,4240,4243,4242,4245,4244,4247,4246,4343,4342,4341,4340,4339,4338,4337,4336,4301,4302,4303,4288,4289,4290,4291,4313,4312,4309,4308,4311,4310,4305,4304,4307,4306,4767,4766,4782,4783,4780,4781,4778,4779,4776,4777,4774,4775,4772,4773,4770,4771,4768,4769,4799,4798,4797,4796,4795,4794,4793,4792,4791,4790,4789,4788,4787,4786,4785,4784,4808,4809,4810,4811,4812,4813,4814,4815,4800,4801,4802,4803,4804,4805,4806,4807,4817,4816,4819,4818,4821,4820]}],"p":[{"t":1, "v":"275860"},{"t":4, "v":"00:00"},{"t":5, "v":"8.28"},{"t":6, "v":"21087"},{"t":7, "v":"0.304463"},{"t":8, "v":"0.471324"}]},{"d":28,"des":[{"mu":192,"s":[4400,4401,4402,4403,4404,4405,4406,4407,4408,4409,4410,4411,4412,4413,4414,4415,4385,4384,4386,4389,4391,4390,4393,4392,4395,4394,4397,4396,4399,4398,4370,4371,4368,4369,4374,4375,4372,4373,4378,4379,4376,4377,4383,4380,4381,4355,4354,4353,4352,4359,4358,4357,4356,4362,4361,4360,4367,4366,4468,4469,4470,4471,4464,4465,4466,4467,4472,4453,4452,4455,4454,4449,4448,4451,4450,4461,4460,4463,4462,4457,4456,4459,4458,4438,4439,4436,4437,4434,4435,4432,4433,4446,4447,4444,4445,4442,4443,4440,4441,4423,4422,4421,4420,4419,4418,4417,4416,4431,4430,4429,4428,4427,4426,4425,4424,4498,4497,4500,4490,4491,4489,4494,4495,4492,4493,4334,4335,4332,4333,4330,4331,4328,4329,4326,4327,4324,4325,4322,4323,4320,4321,4351,4350,4349,4348,4347,4346,4345,4344,4300,4296,4297,4298,4299,4292,4293,4294,4295,4317,4316,4319,4318,4315,4314,4748,4749,4750,4751,4746,4747,4757,4756,4753,4752,4755,4754,4825,4824,4827,4826,4829,4828,4831,4830,4823,4822,4834,4835,4832,4833]}],"p":[{"t":1, "v":"276111"},{"t":4, "v":"00:00"},{"t":5, "v":"8.38"},{"t":6, "v":"21338"},{"t":7, "v":"0.311754"},{"t":8, "v":"0.206708"}]},{"d":29,"des":[{"mu":89,"s":[4719,1913,1912,1915,1914,1917,1916,1919,1918,1904,1896,1897,1898,1899,1900,1901,1902,1903,1888,1889,1890,1891,1892,1893,1894,1895,1883,1882,1881,1880,1887,1886,1885,1884,1875,1874,1873,1872,1879,1878,1877,1876,1866,1867,1864,1865,1870,1871,1868,1869,1858,1859,1856,1857,1862,1863,1860,1861,1853,1852,1855,1854,1849,1848,1851,1850,2017,2016,2019,2018,2010,2011,2014,2015,2012,2013,1987,1986,1985,1984,1991,1990,1989,1988,1995,1994,1993,1992,1996,1968,1980,1981,1982,1983,1978,1979,1957,1956,1959,1958,1953,1952,1955,1954,1965,1964,1967,1966,1961,1960,1963,1962,1942,1943,1940,1941,1938,1939,1936,1937,1950,1948,1949,1946,1947,1944,1945,1927,1926,1935,1934,1933,1932,1931,1930,1929,1928]}],"p":[{"t":1, "v":"227268"},{"t":4, "v":"00:00"},{"t":5, "v":"-10.80"},{"t":6, "v":"-27505"},{"t":7, "v":"0.518010"},{"t":8, "v":"0.121760"}]},{"d":30,"des":[{"mu":89,"s":[2065,2064,2067,2066,2069,2068,2071,2070,2073,2072,2075,2074,2077,2076,2079,2078,2048,2049,2050,2051,2052,2053,2054,2055,2056,2057,2058,2059,2060,2061,2062,2063,2099,2098,2097,2096,2100,2082,2083,2080,2081,2086,2087,2084,2085,2090,2091,2088,2089,2094,2095,2092,2093,1905,1907,1906,1909,1908,1911,1910,2032,2033,2034,2035,2036,2037,2038,2039,2040,2041,2042,2043,2044,2045,2046,2047,2021,2020,2023,2022,2025,2024,2027,2026,2029,2028,2031,2030,2002,2003,2000,2001,2006,2007,2004,2005,2008,2009,1999,1998,1997,1972,1973,1974,1975,1969,1970,1971,1976,1977,1951,1925,1924,1923,1922,1921,1920]}],"p":[{"t":1, "v":"227226"},{"t":4, "v":"00:00"},{"t":5, "v":"-10.81"},{"t":6, "v":"-27547"},{"t":7, "v":"0.519593"},{"t":8, "v":"0.384458"}]}],"calificaciones":[{"t":"1","a":"1.0","p":"6.579258","sp":"6.579258"},{"t":"2","a":"0.5","p":"14.637929","sp":"29.275858"}],"total":{"p":21.217187,"sp":35.855116},"sellos":[{"n":"escenario","v":"md5"},{"n":"calificacion","v":"md5"},{"n":"municipios","v":"md5"},{"n":"secciones","v":"md5"},{"n":"tiemposmunicipios","v":"md5"}],"version":"Versi�n 1.2c rev 2"}