{"entidad":4,"partes":[{"id":0,"nombre":"CALKINI","tipologia":2,"primerdistrito":0,"distritos":2,"municipios":[{"id":2,"fraccion":1},{"id":5,"fraccion":0}]},{"id":1,"nombre":"CANDELARIA","tipologia":0,"primerdistrito":2,"distritos":1,"municipios":[{"id":10,"fraccion":0}]},{"id":2,"nombre":"CAMPECHE","tipologia":2,"primerdistrito":3,"distritos":7,"municipios":[{"id":1,"fraccion":1},{"id":8,"fraccion":0}]},{"id":3,"nombre":"CARMEN","tipologia":2,"primerdistrito":10,"distritos":6,"municipios":[{"id":3,"fraccion":1},{"id":7,"fraccion":0}]},{"id":4,"nombre":"ESCARCEGA","tipologia":2,"primerdistrito":16,"distritos":2,"municipios":[{"id":9,"fraccion":1},{"id":11,"fraccion":0}]},{"id":5,"nombre":"HOPELCHEN","tipologia":0,"primerdistrito":18,"distritos":1,"municipios":[{"id":6,"fraccion":0}]},{"id":6,"nombre":"CHAMPOTON","tipologia":1,"primerdistrito":19,"distritos":2,"municipios":[{"id":4,"fraccion":1}]}],"cumulos":[{"id":0,"tipo":0,"secciones":[140,141]},{"id":1,"tipo":0,"secciones":[166,167,168]},{"id":2,"tipo":0,"secciones":[256,257,250,251,252,253]},{"id":3,"tipo":0,"secciones":[264,265,266]},{"id":4,"tipo":0,"secciones":[303,304,305,306,307,308,309,310,311,312,313,314,315,316,317,318,319]},{"id":5,"tipo":0,"secciones":[330,331]},{"id":6,"tipo":0,"secciones":[342,343]},{"id":7,"tipo":0,"secciones":[345,346]},{"id":8,"tipo":2,"secciones":[363,364,365,366,367,368,369,370,371,372,373,374,375,376,377,378,379,380]},{"id":9,"tipo":2,"secciones":[384,385,386,387,388,389,390,391,392,393,394,395,396,397,398,399,400,401,402,403,404,405,406,407,408,409,410,411,412,381,382,383]},{"id":10,"tipo":2,"secciones":[432,433,434,435,436,437,439,428,429,430,431]},{"id":11,"tipo":2,"secciones":[440,441,442,443,444,445,446,447]},{"id":12,"tipo":2,"secciones":[273,274,275,276,277,278,279,280,281,282,283,285,286,287,288,289,290,291,292,293,294,295,296,297,490,298,299,300,301,302]},{"id":13,"tipo":2,"secciones":[416,417,418,419,420,421,422,423,359,424,360,425,426,362,427,413,414,415]},{"id":14,"tipo":3,"secciones":[353,355]},{"id":15,"tipo":3,"secciones":[465,466]}],"separados":[],"distritos":[{"d":1,"dinx":1,"des":[{"mu":2,"s":[147,148,149,150,151,152,153,154,155,156,159,160,161,162,163,164,169,172,173,174,175,176,177,179,180]}],"p":[{"t":1, "v":"41533"},{"t":4, "v":"00:00"},{"t":5, "v":"6.05"},{"t":6, "v":"2369"},{"t":7, "v":"0.162641"},{"t":8, "v":"0.265236"}]},{"d":2,"dinx":2,"des":[{"mu":2,"s":[157,158,165,170,171,178,181,182,166,167,168]},{"mu":5,"s":[363,364,365,366,367,368,369,370,371,372,373,374,375,376,377,378,379,380]}],"p":[{"t":1, "v":"39910"},{"t":4, "v":"00:20"},{"t":5, "v":"1.90"},{"t":6, "v":"746"},{"t":7, "v":"0.016132"},{"t":8, "v":"0.485647"}]},{"d":3,"dinx":3,"des":[{"mu":10,"s":[273,274,275,276,277,278,279,280,281,282,283,285,286,287,288,289,290,291,292,293,294,295,296,297,490,298,299,300,301,302]}],"p":[{"t":1, "v":"40394"},{"t":4, "v":"00:00"},{"t":5, "v":"3.14"},{"t":6, "v":"1230"},{"t":7, "v":"0.043849"},{"t":8, "v":"0.184506"}]},{"d":4,"dinx":4,"des":[{"mu":1,"s":[97,98,104,105,106,112,125,126,127,128,131,132,133,134,135,136,137,138,139,142,143,144,145,146,140,141]}],"p":[{"t":1, "v":"39112"},{"t":4, "v":"00:00"},{"t":5, "v":"-0.13"},{"t":6, "v":"-52"},{"t":7, "v":"0.000078"},{"t":8, "v":"0.229551"}]},{"d":5,"dinx":5,"des":[{"mu":1,"s":[7,10,11,12,13,14,20,21,22,23,24,25,26,27,28,29,30,31,32,33,34,35,36,37,40,41,42,43,44,45,46,47,50]}],"p":[{"t":1, "v":"38128"},{"t":4, "v":"00:00"},{"t":5, "v":"-2.65"},{"t":6, "v":"-1036"},{"t":7, "v":"0.031092"},{"t":8, "v":"0.346332"}]},{"d":6,"dinx":6,"des":[{"mu":1,"s":[72,73,88,89,90,99,100,101,102,103,107,108,109,110,111,113,114,115,116,117]}],"p":[{"t":1, "v":"37787"},{"t":4, "v":"00:00"},{"t":5, "v":"-3.52"},{"t":6, "v":"-1377"},{"t":7, "v":"0.054932"},{"t":8, "v":"0.516629"}]},{"d":7,"dinx":7,"des":[{"mu":1,"s":[18,38,39,60,61,62,63,64,65,66,67,68,79,80,82,83,84]}],"p":[{"t":1, "v":"38714"},{"t":4, "v":"00:00"},{"t":5, "v":"-1.15"},{"t":6, "v":"-450"},{"t":7, "v":"0.005864"},{"t":8, "v":"0.265821"}]},{"d":8,"dinx":8,"des":[{"mu":1,"s":[1,2,3,4,5,6,8,9,15,16,17,19,122]}],"p":[{"t":1, "v":"39542"},{"t":4, "v":"00:00"},{"t":5, "v":"0.97"},{"t":6, "v":"378"},{"t":7, "v":"0.004143"},{"t":8, "v":"0.218311"}]},{"d":9,"dinx":9,"des":[{"mu":1,"s":[48,49,51,52,53,54,55,56,57,58,59,69,70,71,74,75,76,77,78,85,86,87,91,92,93,94,95,96]}],"p":[{"t":1, "v":"37943"},{"t":4, "v":"00:00"},{"t":5, "v":"-3.12"},{"t":6, "v":"-1221"},{"t":7, "v":"0.043189"},{"t":8, "v":"0.260506"}]},{"d":10,"dinx":10,"des":[{"mu":1,"s":[81,118,119,120,121,123,124,129,130]},{"mu":8,"s":[440,441,442,443,444,445,446,447]}],"p":[{"t":1, "v":"37497"},{"t":4, "v":"00:33"},{"t":5, "v":"-4.26"},{"t":6, "v":"-1667"},{"t":7, "v":"0.080509"},{"t":8, "v":"0.126695"}]},{"d":11,"dinx":11,"des":[{"mu":3,"s":[216,217,218,221,222,223,224,225,226,227,228,236,237,239,240,247,248,263,267,268,269,264,265,266]}],"p":[{"t":1, "v":"38437"},{"t":4, "v":"00:00"},{"t":5, "v":"-1.86"},{"t":6, "v":"-727"},{"t":7, "v":"0.015309"},{"t":8, "v":"0.202626"}]},{"d":12,"dinx":12,"des":[{"mu":3,"s":[184,185,193,206,230,231,244,501,508,513,524,525,527]}],"p":[{"t":1, "v":"39568"},{"t":4, "v":"00:00"},{"t":5, "v":"1.03"},{"t":6, "v":"404"},{"t":7, "v":"0.004733"},{"t":8, "v":"0.188546"}]},{"d":13,"dinx":13,"des":[{"mu":3,"s":[254,255,258,259,260,261,262,270,271,272,284,472,473,474,478,479,483,484,486,487,488,256,257,250,251,252,253]},{"mu":7,"s":[432,433,434,435,436,437,439,428,429,430,431]}],"p":[{"t":1, "v":"44974"},{"t":4, "v":"03:25"},{"t":5, "v":"14.84"},{"t":6, "v":"5810"},{"t":7, "v":"0.978183"},{"t":8, "v":"0.978249"}]},{"d":14,"dinx":14,"des":[{"mu":3,"s":[187,188,189,190,194,195,196,197,198,199,200,201,202,203,204,207,208,209,210,211,212,213,214,215]}],"p":[{"t":1, "v":"37237"},{"t":4, "v":"00:00"},{"t":5, "v":"-4.92"},{"t":6, "v":"-1927"},{"t":7, "v":"0.107583"},{"t":8, "v":"0.384040"}]},{"d":15,"dinx":15,"des":[{"mu":3,"s":[186,191,192,205,219,220,232,233,234,235,241,242,243,245,246,249]}],"p":[{"t":1, "v":"37245"},{"t":4, "v":"00:00"},{"t":5, "v":"-4.90"},{"t":6, "v":"-1919"},{"t":7, "v":"0.106692"},{"t":8, "v":"0.427310"}]},{"d":16,"dinx":16,"des":[{"mu":3,"s":[183,491,492,493,494,495,496,497,498,499,500,502,503,504,505,506,507,509,510,511,512,514,515,516,517,518,519,520,521,522,523,526]}],"p":[{"t":1, "v":"31912"},{"t":4, "v":"00:00"},{"t":5, "v":"-18.52"},{"t":6, "v":"-7252"},{"t":7, "v":"6.762459"},{"t":8, "v":"1.310680"}]},{"d":17,"dinx":17,"des":[{"mu":9,"s":[448,449,450,451,452,453,454,455,456,457,458,459,460,461,462,463,464,471,475,476,477,480,481,482,485,489,465,466]}],"p":[{"t":1, "v":"42764"},{"t":4, "v":"00:00"},{"t":5, "v":"9.19"},{"t":6, "v":"3600"},{"t":7, "v":"0.375566"},{"t":8, "v":"0.292526"}]},{"d":18,"dinx":18,"des":[{"mu":9,"s":[356,357,358,361,467,468,469,470]},{"mu":11,"s":[416,417,418,419,420,421,422,423,359,424,360,425,426,362,427,413,414,415]}],"p":[{"t":1, "v":"39236"},{"t":4, "v":"01:50"},{"t":5, "v":"0.18"},{"t":6, "v":"72"},{"t":7, "v":"0.000151"},{"t":8, "v":"0.162188"}]},{"d":19,"dinx":19,"des":[{"mu":6,"s":[384,385,386,387,388,389,390,391,392,393,394,395,396,397,398,399,400,401,402,403,404,405,406,407,408,409,410,411,412,381,382,383]}],"p":[{"t":1, "v":"37552"},{"t":4, "v":"00:00"},{"t":5, "v":"-4.12"},{"t":6, "v":"-1612"},{"t":7, "v":"0.075283"},{"t":8, "v":"0.185554"}]},{"d":20,"dinx":20,"des":[{"mu":4,"s":[338,341,344,349,350,351,303,304,305,306,307,308,309,310,311,312,313,314,315,316,317,318,319,345,346,353,355]}],"p":[{"t":1, "v":"41552"},{"t":4, "v":"00:00"},{"t":5, "v":"6.10"},{"t":6, "v":"2388"},{"t":7, "v":"0.165260"},{"t":8, "v":"0.254605"}]},{"d":21,"dinx":21,"des":[{"mu":4,"s":[320,321,322,323,324,325,326,327,328,329,332,333,334,335,336,337,339,340,347,348,352,354,528,529,530,330,331,342,343]}],"p":[{"t":1, "v":"41404"},{"t":4, "v":"00:00"},{"t":5, "v":"5.72"},{"t":6, "v":"2240"},{"t":7, "v":"0.145411"},{"t":8, "v":"0.347769"}]}],"calificaciones":[{"t":"1","a":"1.0","p":"9.179059","sp":"9.179059"},{"t":"2","a":"0.5","p":"7.633325","sp":"15.266649"}],"total":{"p":16.812384,"sp":24.445708},"sellos":[{"n":"escenario","v":"md5"},{"n":"calificacion","v":"md5"},{"n":"municipios","v":"md5"},{"n":"secciones","v":"md5"},{"n":"tiemposmunicipios","v":"md5"}],"version":"Versi�n 1.4a 04/05/2016 Distritaci�n Local 2016"}