{"entidad":31,"partes":[{"id":0,"nombre":"","tipologia":6,"primerdistrito":0,"distritos":15,"municipios":[{"id":1,"fraccion":0},{"id":2,"fraccion":0},{"id":3,"fraccion":0},{"id":4,"fraccion":0},{"id":5,"fraccion":0},{"id":6,"fraccion":0},{"id":7,"fraccion":0},{"id":8,"fraccion":0},{"id":9,"fraccion":0},{"id":10,"fraccion":0},{"id":11,"fraccion":0},{"id":12,"fraccion":0},{"id":13,"fraccion":0},{"id":14,"fraccion":0},{"id":15,"fraccion":0},{"id":16,"fraccion":1},{"id":17,"fraccion":0},{"id":18,"fraccion":0},{"id":19,"fraccion":0},{"id":20,"fraccion":0},{"id":21,"fraccion":0},{"id":22,"fraccion":0},{"id":23,"fraccion":0},{"id":24,"fraccion":0},{"id":25,"fraccion":0},{"id":26,"fraccion":0},{"id":27,"fraccion":0},{"id":28,"fraccion":0},{"id":29,"fraccion":0},{"id":30,"fraccion":0},{"id":31,"fraccion":0},{"id":32,"fraccion":0},{"id":33,"fraccion":1},{"id":34,"fraccion":0},{"id":35,"fraccion":0},{"id":36,"fraccion":0},{"id":37,"fraccion":0},{"id":38,"fraccion":0},{"id":39,"fraccion":0},{"id":40,"fraccion":0},{"id":41,"fraccion":0},{"id":42,"fraccion":0},{"id":43,"fraccion":1},{"id":44,"fraccion":0},{"id":45,"fraccion":0},{"id":46,"fraccion":0},{"id":47,"fraccion":0},{"id":48,"fraccion":1},{"id":49,"fraccion":0},{"id":50,"fraccion":1},{"id":51,"fraccion":0},{"id":52,"fraccion":0},{"id":53,"fraccion":0},{"id":54,"fraccion":0},{"id":55,"fraccion":0},{"id":56,"fraccion":0},{"id":57,"fraccion":0},{"id":58,"fraccion":0},{"id":59,"fraccion":0},{"id":60,"fraccion":1},{"id":61,"fraccion":0},{"id":62,"fraccion":0},{"id":63,"fraccion":0},{"id":64,"fraccion":1},{"id":65,"fraccion":0},{"id":66,"fraccion":0},{"id":67,"fraccion":0},{"id":68,"fraccion":0},{"id":69,"fraccion":0},{"id":70,"fraccion":0},{"id":71,"fraccion":0},{"id":72,"fraccion":0},{"id":73,"fraccion":1},{"id":74,"fraccion":0},{"id":75,"fraccion":0},{"id":76,"fraccion":0},{"id":77,"fraccion":0},{"id":78,"fraccion":0},{"id":79,"fraccion":0},{"id":80,"fraccion":0},{"id":81,"fraccion":0},{"id":82,"fraccion":0},{"id":83,"fraccion":0},{"id":84,"fraccion":0},{"id":85,"fraccion":0},{"id":86,"fraccion":0},{"id":87,"fraccion":0},{"id":88,"fraccion":0},{"id":89,"fraccion":0},{"id":90,"fraccion":0},{"id":91,"fraccion":0},{"id":92,"fraccion":0},{"id":93,"fraccion":0},{"id":94,"fraccion":0},{"id":95,"fraccion":0},{"id":96,"fraccion":0},{"id":97,"fraccion":0},{"id":98,"fraccion":0},{"id":99,"fraccion":0},{"id":100,"fraccion":0},{"id":101,"fraccion":0},{"id":102,"fraccion":0},{"id":103,"fraccion":0},{"id":104,"fraccion":0},{"id":105,"fraccion":1},{"id":106,"fraccion":0}]}],"cumulos":[{"id":0,"tipo":0,"secciones":[636,637]},{"id":1,"tipo":2,"secciones":[1,2,3,4,5,6]},{"id":2,"tipo":2,"secciones":[7,8,9,10,11,12,13]},{"id":3,"tipo":2,"secciones":[16,17,18,14,15]},{"id":4,"tipo":2,"secciones":[20,21,22,23,24]},{"id":5,"tipo":2,"secciones":[25,26]},{"id":6,"tipo":2,"secciones":[32,27,28,29,30,31]},{"id":7,"tipo":2,"secciones":[33,34,35,36]},{"id":8,"tipo":2,"secciones":[37,38,39,40]},{"id":9,"tipo":2,"secciones":[41,42,43,44,45,46]},{"id":10,"tipo":2,"secciones":[48,49,47]},{"id":11,"tipo":2,"secciones":[50,51,52,53]},{"id":12,"tipo":2,"secciones":[54,55,56,57,58]},{"id":13,"tipo":2,"secciones":[64,59,60,61,62,63]},{"id":14,"tipo":2,"secciones":[65,66]},{"id":15,"tipo":2,"secciones":[67,68,69]},{"id":16,"tipo":2,"secciones":[71,72,73,74]},{"id":17,"tipo":2,"secciones":[75,76,77]},{"id":18,"tipo":2,"secciones":[78,79,80,81,82,83,84,85,86,87,88,89,90]},{"id":19,"tipo":2,"secciones":[91,92]},{"id":20,"tipo":2,"secciones":[96,97,98,93,94,95]},{"id":21,"tipo":2,"secciones":[99,101,102]},{"id":22,"tipo":2,"secciones":[103,104,105]},{"id":23,"tipo":2,"secciones":[106,107]},{"id":24,"tipo":2,"secciones":[108,109]},{"id":25,"tipo":2,"secciones":[112,113,110,111]},{"id":26,"tipo":2,"secciones":[114,115,116,117,118]},{"id":27,"tipo":2,"secciones":[120,121]},{"id":28,"tipo":2,"secciones":[122,123,124,125,126]},{"id":29,"tipo":2,"secciones":[128,129,130,127]},{"id":30,"tipo":2,"secciones":[131,132,133]},{"id":31,"tipo":2,"secciones":[134,135,136,137,138,139,140,141]},{"id":32,"tipo":2,"secciones":[152,153,154,155,156]},{"id":33,"tipo":2,"secciones":[160,161,157,158,159]},{"id":34,"tipo":2,"secciones":[162,163,164,165,166,167]},{"id":35,"tipo":2,"secciones":[168,169,170,171]},{"id":36,"tipo":2,"secciones":[172,173,174,175,176,177,178,179,180,181,182,183,184,185,186]},{"id":37,"tipo":2,"secciones":[187,188]},{"id":38,"tipo":2,"secciones":[192,193,194,195,196,197,198,199,200,201,202,203,189,190,191]},{"id":39,"tipo":2,"secciones":[204,205,206,207,208,209,210,211,212,213,214,215,216,217,218,219,220,221,222,223]},{"id":40,"tipo":2,"secciones":[224,225,226]},{"id":41,"tipo":2,"secciones":[228,229,230,231]},{"id":42,"tipo":2,"secciones":[232,233]},{"id":43,"tipo":2,"secciones":[234,235]},{"id":44,"tipo":2,"secciones":[236,237,238]},{"id":45,"tipo":3,"secciones":[142,239,143,240,144,241,145,242,146,243,147,244,148,245,149,246,150,247,151,248,249,250,251]},{"id":46,"tipo":2,"secciones":[252,253]},{"id":47,"tipo":2,"secciones":[657,658,659,660]},{"id":48,"tipo":2,"secciones":[672,673,674,675,676,677,678,679,661,662,663,664,665,666,667,668,669,670,671]},{"id":49,"tipo":2,"secciones":[680,681,682,683,684,685,686]},{"id":50,"tipo":2,"secciones":[688,689,687]},{"id":51,"tipo":2,"secciones":[690,691,692]},{"id":52,"tipo":2,"secciones":[704,705,706,707,708,693,694,695,696,697,698,699,700,701,702,703]},{"id":53,"tipo":2,"secciones":[709,710,711,712,713,714]},{"id":54,"tipo":2,"secciones":[715,716,717,718,719,720,721,722,723,724,725,726,727,728,729,730,732,733]},{"id":55,"tipo":2,"secciones":[734,735,736,737,738,739,740,741,742,743,744,745,746,747,748,749,750,751,752,753,754,755,756,757,758,759,760,761,762,763,764]},{"id":56,"tipo":2,"secciones":[768,766,767]},{"id":57,"tipo":2,"secciones":[769,770,771]},{"id":58,"tipo":2,"secciones":[772,773,774]},{"id":59,"tipo":2,"secciones":[776,777]},{"id":60,"tipo":2,"secciones":[778,779,780]},{"id":61,"tipo":2,"secciones":[784,785,781,782,783]},{"id":62,"tipo":2,"secciones":[786,787,788]},{"id":63,"tipo":2,"secciones":[789,790,791,792,793,794,795]},{"id":64,"tipo":2,"secciones":[796,797]},{"id":65,"tipo":2,"secciones":[798,799]},{"id":66,"tipo":2,"secciones":[800,801]},{"id":67,"tipo":2,"secciones":[803,804]},{"id":68,"tipo":2,"secciones":[805,806]},{"id":69,"tipo":2,"secciones":[816,807,808,809,810,811,812,813,814,815]},{"id":70,"tipo":2,"secciones":[817,818]},{"id":71,"tipo":2,"secciones":[819,820,821,822,823,824,825]},{"id":72,"tipo":2,"secciones":[832,833,834,835,836,837,838,839,840,841,842,843,844,845,826,827,828,829,830,831]},{"id":73,"tipo":2,"secciones":[848,849,846,847]},{"id":74,"tipo":2,"secciones":[851,852,853,854]},{"id":75,"tipo":2,"secciones":[855,856,857,858]},{"id":76,"tipo":2,"secciones":[859,860]},{"id":77,"tipo":2,"secciones":[864,865,866,861,862,863]},{"id":78,"tipo":2,"secciones":[867,868,869,870,871,872,873,874]},{"id":79,"tipo":2,"secciones":[875,876,877]},{"id":80,"tipo":2,"secciones":[878,879]},{"id":81,"tipo":2,"secciones":[880,881]},{"id":82,"tipo":2,"secciones":[896,897,882,883,884,885,886,887,888,889,890,891,892,893,894,895]},{"id":83,"tipo":2,"secciones":[898,899,900]},{"id":84,"tipo":2,"secciones":[901,902,903,904,905,906,907]},{"id":85,"tipo":2,"secciones":[908,909,910,911]},{"id":86,"tipo":2,"secciones":[912,913,914,915,916,917,918,919,920,921]},{"id":87,"tipo":2,"secciones":[922,923,924,925]},{"id":88,"tipo":2,"secciones":[928,929,930,931,926,927]},{"id":89,"tipo":2,"secciones":[960,961,962,963,964,965,966,967,968,969,970,971,972,932,933,934,935,936,937,938,939,940,941,942,943,944,945,946,947,948,949,950,951,952,953,954,955,956,957,958,959]},{"id":90,"tipo":2,"secciones":[976,973,974,975]},{"id":91,"tipo":2,"secciones":[977,978,979,980,981,982,983,984]},{"id":92,"tipo":2,"secciones":[985,986,987]},{"id":93,"tipo":2,"secciones":[988,989]},{"id":94,"tipo":2,"secciones":[992,993,994,995,996,997,998,999,1000,1001,1002,1003,1004,1005,1006,1007,1008,1009,990,991]},{"id":95,"tipo":2,"secciones":[1024,1025,1026,1027,1028,1029,1030,1031,1032,1033,1034,1035,1036,1037,1038,1039,1040,1041,1042,1010,1011,1012,1013,1014,1015,1016,1017,1018,1019,1020,1021,1022,1023]},{"id":96,"tipo":2,"secciones":[1043,1044]},{"id":97,"tipo":2,"secciones":[1045,1046,1047,1048,1049,1050,1051,1052,1053,1054,1055]},{"id":98,"tipo":2,"secciones":[1057,1058,1059]}],"separados":[{"id":0,"municipio1":22,"municipio2":104,"tiempo":70.0000,"tiempopromedio":22.0000,"desviacion":14.8886},{"id":1,"municipio1":28,"municipio2":65,"tiempo":90.0000,"tiempopromedio":22.0000,"desviacion":14.8886},{"id":2,"municipio1":97,"municipio2":104,"tiempo":71.0000,"tiempopromedio":22.0000,"desviacion":14.8886}],"distritos":[{"d":1,"dinx":1,"des":[{"mu":2,"s":[7,8,9,10,11,12,13]},{"mu":7,"s":[33,34,35,36]},{"mu":15,"s":[67,68,69]},{"mu":18,"s":[75,76,77]},{"mu":34,"s":[152,153,154,155,156]},{"mu":35,"s":[160,161,157,158,159]},{"mu":36,"s":[162,163,164,165,166,167]},{"mu":37,"s":[168,169,170,171]},{"mu":46,"s":[234,235]},{"mu":64,"s":[775]},{"mu":67,"s":[784,785,781,782,783]},{"mu":74,"s":[803,804]},{"mu":76,"s":[816,807,808,809,810,811,812,813,814,815]},{"mu":80,"s":[848,849,846,847]},{"mu":90,"s":[898,899,900]},{"mu":93,"s":[912,913,914,915,916,917,918,919,920,921]},{"mu":95,"s":[928,929,930,931,926,927]},{"mu":103,"s":[1043,1044]},{"mu":105,"s":[1056]}],"p":[{"t":1, "v":"132967"},{"t":4, "v":"00:34"},{"t":5, "v":"1.99"},{"t":6, "v":"2595"},{"t":7, "v":"0.017611"},{"t":8, "v":"0.150216"}]},{"d":2,"dinx":2,"des":[{"mu":19,"s":[78,79,80,81,82,83,84,85,86,87,88,89,90]},{"mu":21,"s":[96,97,98,93,94,95]},{"mu":85,"s":[867,868,869,870,871,872,873,874]},{"mu":102,"s":[1024,1025,1026,1027,1028,1029,1030,1031,1032,1033,1034,1035,1036,1037,1038,1039,1040,1041,1042,1010,1011,1012,1013,1014,1015,1016,1017,1018,1019,1020,1021,1022,1023]}],"p":[{"t":1, "v":"130553"},{"t":4, "v":"00:21"},{"t":5, "v":"0.14"},{"t":6, "v":"181"},{"t":7, "v":"0.000086"},{"t":8, "v":"0.239556"}]},{"d":3,"dinx":3,"des":[{"mu":10,"s":[48,49,47]},{"mu":14,"s":[65,66]},{"mu":16,"s":[70]},{"mu":17,"s":[71,72,73,74]},{"mu":22,"s":[99,101,102]},{"mu":24,"s":[106,107]},{"mu":30,"s":[128,129,130,127]},{"mu":43,"s":[227]},{"mu":49,"s":[252,253]},{"mu":58,"s":[715,716,717,718,719,720,721,722,723,724,725,726,727,728,729,730,732,733]},{"mu":60,"s":[765]},{"mu":69,"s":[789,790,791,792,793,794,795]},{"mu":73,"s":[802]},{"mu":75,"s":[805,806]},{"mu":81,"s":[851,852,853,854]},{"mu":91,"s":[901,902,903,904,905,906,907]},{"mu":92,"s":[908,909,910,911]},{"mu":94,"s":[922,923,924,925]},{"mu":98,"s":[977,978,979,980,981,982,983,984]},{"mu":99,"s":[985,986,987]},{"mu":104,"s":[1045,1046,1047,1048,1049,1050,1051,1052,1053,1054,1055]}],"p":[{"t":1, "v":"130908"},{"t":4, "v":"01:08"},{"t":5, "v":"0.41"},{"t":6, "v":"536"},{"t":7, "v":"0.000752"},{"t":8, "v":"0.266315"}]},{"d":4,"dinx":4,"des":[{"mu":1,"s":[1,2,3,4,5,6]},{"mu":23,"s":[103,104,105]},{"mu":33,"s":[142,143,144,145,146,147,148,149,150,151]},{"mu":45,"s":[232,233]},{"mu":48,"s":[239,240,241,242,243,244,245,246,247,248,249,250,251]},{"mu":53,"s":[680,681,682,683,684,685,686]},{"mu":55,"s":[690,691,692]},{"mu":62,"s":[769,770,771]},{"mu":101,"s":[992,993,994,995,996,997,998,999,1000,1001,1002,1003,1004,1005,1006,1007,1008,1009,990,991]}],"p":[{"t":1, "v":"128482"},{"t":4, "v":"00:32"},{"t":5, "v":"-1.45"},{"t":6, "v":"-1890"},{"t":7, "v":"0.009339"},{"t":8, "v":"0.225470"}]},{"d":5,"dinx":5,"des":[{"mu":6,"s":[32,27,28,29,30,31]},{"mu":8,"s":[37,38,39,40]},{"mu":12,"s":[54,55,56,57,58]},{"mu":28,"s":[120,121]},{"mu":29,"s":[122,123,124,125,126]},{"mu":32,"s":[134,135,136,137,138,139,140,141]},{"mu":57,"s":[709,710,711,712,713,714]},{"mu":61,"s":[768,766,767]},{"mu":65,"s":[776,777]},{"mu":70,"s":[796,797]},{"mu":96,"s":[960,961,962,963,964,965,966,967,968,969,970,971,972,932,933,934,935,936,937,938,939,940,941,942,943,944,945,946,947,948,949,950,951,952,953,954,955,956,957,958,959]}],"p":[{"t":1, "v":"130079"},{"t":4, "v":"00:49"},{"t":5, "v":"-0.22"},{"t":6, "v":"-293"},{"t":7, "v":"0.000224"},{"t":8, "v":"0.263880"}]},{"d":6,"dinx":6,"des":[{"mu":11,"s":[50,51,52,53]},{"mu":13,"s":[64,59,60,61,62,63]},{"mu":20,"s":[91,92]},{"mu":38,"s":[172,173,174,175,176,177,178,179,180,181,182,183,184,185,186]},{"mu":39,"s":[187,188]},{"mu":44,"s":[228,229,230,231]},{"mu":51,"s":[657,658,659,660]},{"mu":59,"s":[734,735,736,737,738,739,740,741,742,743,744,745,746,747,748,749,750,751,752,753,754,755,756,757,758,759,760,761,762,763,764]},{"mu":63,"s":[772,773,774]},{"mu":87,"s":[878,879]},{"mu":100,"s":[988,989]}],"p":[{"t":1, "v":"131446"},{"t":4, "v":"00:42"},{"t":5, "v":"0.82"},{"t":6, "v":"1074"},{"t":7, "v":"0.003017"},{"t":8, "v":"0.273902"}]},{"d":7,"dinx":7,"des":[{"mu":4,"s":[20,21,22,23,24]},{"mu":5,"s":[25,26]},{"mu":9,"s":[41,42,43,44,45,46]},{"mu":26,"s":[112,113,110,111]},{"mu":27,"s":[114,115,116,117,118]},{"mu":31,"s":[131,132,133]},{"mu":40,"s":[192,193,194,195,196,197,198,199,200,201,202,203,189,190,191]},{"mu":42,"s":[224,225,226]},{"mu":52,"s":[672,673,674,675,676,677,678,679,661,662,663,664,665,666,667,668,669,670,671]},{"mu":54,"s":[688,689,687]},{"mu":68,"s":[786,787,788]},{"mu":71,"s":[798,799]},{"mu":72,"s":[800,801]},{"mu":77,"s":[817,818]},{"mu":78,"s":[819,820,821,822,823,824,825]},{"mu":82,"s":[855,856,857,858]},{"mu":83,"s":[859,860]},{"mu":84,"s":[864,865,866,861,862,863]},{"mu":86,"s":[875,876,877]},{"mu":88,"s":[880,881]},{"mu":97,"s":[976,973,974,975]},{"mu":106,"s":[1057,1058,1059]}],"p":[{"t":1, "v":"129936"},{"t":4, "v":"00:33"},{"t":5, "v":"-0.33"},{"t":6, "v":"-436"},{"t":7, "v":"0.000497"},{"t":8, "v":"0.190564"}]},{"d":8,"dinx":8,"des":[{"mu":3,"s":[16,17,18,14,15]},{"mu":25,"s":[108,109]},{"mu":47,"s":[236,237,238]},{"mu":56,"s":[704,705,706,707,708,693,694,695,696,697,698,699,700,701,702,703]},{"mu":66,"s":[778,779,780]},{"mu":79,"s":[832,833,834,835,836,837,838,839,840,841,842,843,844,845,826,827,828,829,830,831]},{"mu":89,"s":[896,897,882,883,884,885,886,887,888,889,890,891,892,893,894,895]}],"p":[{"t":1, "v":"131944"},{"t":4, "v":"00:23"},{"t":5, "v":"1.21"},{"t":6, "v":"1572"},{"t":7, "v":"0.006463"},{"t":8, "v":"0.131393"}]},{"d":9,"dinx":9,"des":[{"mu":50,"s":[255,256,259,260,261,262,263,264,265,266,267,272,273,274,275,276,277,278,279,280,281,282,283,284,296,297,298,299,300,301,302,303,304,305,306,307,317,318,319,320,321,322,323,324,325,326,327,328,329,359,360,361,640,641,642,643,646]}],"p":[{"t":1, "v":"131442"},{"t":4, "v":"00:00"},{"t":5, "v":"0.82"},{"t":6, "v":"1070"},{"t":7, "v":"0.002995"},{"t":8, "v":"0.082371"}]},{"d":10,"dinx":10,"des":[{"mu":50,"s":[537,538,541,542,543,544,545,546,556,557,558,559,560,561,562,563,564,565,566,567,568,571,572,573,574,575,576,577,578,579,580,581,605,606,607,608,609,610,611,612,613,614,615,616,617,618,619,620,621,622,623,624,625,626,627,628]}],"p":[{"t":1, "v":"128073"},{"t":4, "v":"00:00"},{"t":5, "v":"-1.76"},{"t":6, "v":"-2299"},{"t":7, "v":"0.013818"},{"t":8, "v":"0.026213"}]},{"d":11,"dinx":11,"des":[{"mu":50,"s":[314,315,316,330,331,332,333,334,335,336,337,338,339,340,341,342,349,350,351,352,353,354,355,356,357,358,362,363,364,365,366,367,368,369,370,371,378,379,380,386,387,388,389,390,391,392,393,394,395,396,397,398,407,408,409,410,411,412,413,419,420,421,422,423,424,425,426,427,428,429,430,431,432,456,457,458,459,460,461,462,463,464,465,466,467,468,478,479,480,481,482,498,499,500,501,502,503,519,520,521,522,523,524,525,539,540,582,583,584,585,586,587,588,589,590,591,592,593,594,595,596,597,598,599,600,601,602,603,604]}],"p":[{"t":1, "v":"128753"},{"t":4, "v":"00:00"},{"t":5, "v":"-1.24"},{"t":6, "v":"-1619"},{"t":7, "v":"0.006852"},{"t":8, "v":"0.096047"}]},{"d":12,"dinx":12,"des":[{"mu":50,"s":[1060,1061,1062,1063,1064,1065,1066,1067,1068,1069,1070,1071,1072,1073,1074,1075,1076,1077,1078,1079,1080,1081,1108,1109,254,257,258,268,270,271,285,286,287,288,289,290,291,292,293,294,295,308,309,310,311,312,313,343,344,345,346,347,348,372,373,629,630,631,632,633,634,635,638,639,636,637]}],"p":[{"t":1, "v":"130641"},{"t":4, "v":"00:00"},{"t":5, "v":"0.21"},{"t":6, "v":"269"},{"t":7, "v":"0.000189"},{"t":8, "v":"0.170576"}]},{"d":13,"dinx":13,"des":[{"mu":50,"s":[399,400,401,402,403,404,405,406,433,434,435,436,437,438,439,440,441,442,443,444,445,446,447,448,449,450,451,452,453,454,455,483,484,485,486,487,488,489,490,491,492,493,494,495,496,497,504,505,506,507,508,509,510,511,512,513,514,515,516,517,518,526,527,528,529,530,531,532,533,534,535,536,547,548,549,550,551]}],"p":[{"t":1, "v":"130863"},{"t":4, "v":"00:00"},{"t":5, "v":"0.38"},{"t":6, "v":"491"},{"t":7, "v":"0.000631"},{"t":8, "v":"0.059711"}]},{"d":14,"dinx":14,"des":[{"mu":50,"s":[1082,1083,1084,1085,1086,1087,1088,1089,1090,1091,1092,1093,1094,1095,1096,1097,1098,1099,1100,1101,1102,1103,1104,1105,1106,1107,1110,1111,1112,1113,1114,1115,1116,1117,1118,1119,1120,1121,1122,1123,1124,1125,1126,1127,1128,1129,374,375,376,377,381,382,383,384,385,414,415,416,417,418,469,470,471,472,473,475,476,477,644,648]}],"p":[{"t":1, "v":"130012"},{"t":4, "v":"00:00"},{"t":5, "v":"-0.28"},{"t":6, "v":"-360"},{"t":7, "v":"0.000339"},{"t":8, "v":"0.068243"}]},{"d":15,"dinx":15,"des":[{"mu":41,"s":[204,205,206,207,208,209,210,211,212,213,214,215,216,217,218,219,220,221,222,223]},{"mu":50,"s":[552,553,554,555,569,570,647,649,650,651,652,653,654,655,656]}],"p":[{"t":1, "v":"129478"},{"t":4, "v":"00:10"},{"t":5, "v":"-0.69"},{"t":6, "v":"-894"},{"t":7, "v":"0.002089"},{"t":8, "v":"0.239188"}]}],"calificaciones":[{"t":"1","a":"1.0","p":"0.064902","sp":"0.064902"},{"t":"2","a":"0.5","p":"2.483644","sp":"4.967288"}],"total":{"p":2.548546,"sp":5.032190},"sellos":[{"n":"escenario","v":"md5"},{"n":"calificacion","v":"md5"},{"n":"municipios","v":"md5"},{"n":"secciones","v":"md5"},{"n":"tiemposmunicipios","v":"md5"}],"version":" 2016Local 2016"}