{"entidad":6,"partes":[{"id":0,"nombre":"","tipologia":3,"primerdistrito":0,"distritos":1,"municipios":[{"id":6,"fraccion":0},{"id":7,"fraccion":0},{"id":8,"fraccion":0},{"id":9,"fraccion":0},{"id":10,"fraccion":0}]},{"id":1,"nombre":"CUAUHTEMOC","tipologia":6,"primerdistrito":1,"distritos":1,"municipios":[{"id":1,"fraccion":0},{"id":2,"fraccion":0},{"id":3,"fraccion":0},{"id":4,"fraccion":0},{"id":5,"fraccion":0}]}],"cumulos":[{"id":0,"tipo":2,"secciones":[1,2,3,4,5,6,7,8,9,10,11,12,13,14,15,16,17,18,19,20,21,22,23,24,25,26,27,28,29,30,31,32,33,34,35,36,37,38,39,40,41,42,43,44,45,46,47,48,49,50,51,52,53,54,55,56,57,58,59,60,61,62,63,64,65,66,67,68,69,70,71,72,73,74,75,76,77,78,79,80,81,82,83,84,85,86,87,88,89,90,91]},{"id":1,"tipo":2,"secciones":[96,97,98,99,100,101,102,103,104,92,93,94,95]},{"id":2,"tipo":2,"secciones":[105,106,107,108,109,110,111,112,113,114,115,116,117,118,119]},{"id":3,"tipo":2,"secciones":[128,129,130,131,132,133,134,135,136,137,120,121,122,123,124,125,126,127]},{"id":4,"tipo":2,"secciones":[138,139,140,141,142,143,144,145,146,147,148,149,150,151,152,153,154,155,156,157,158,159,160,161,162,164,165,166,167,168,169,337,338,339,340,341,342,343,344,345,346,347,348,349,350,351,352,353,354,355,356,357,358,359,360,361,362,363,364,365,366,367,368,369,370,371,372]},{"id":5,"tipo":2,"secciones":[170,171,172,173,174,175,176,177,178,179,180,181,182,183,184,185,186,187,188,189,190]},{"id":6,"tipo":2,"secciones":[192,193,194,195,196,197,198,199,191]},{"id":7,"tipo":2,"secciones":[256,257,258,259,260,261,262,263,264,265,266,267,268,269,200,201,202,203,204,205,206,207,208,209,210,211,212,213,214,215,216,217,218,219,220,221,222,223,224,225,226,227,228,229,230,231,232,233,234,235,236,237,238,239,240,241,242,243,244,245,246,247,248,249,250,251,252,253,254,255]},{"id":8,"tipo":2,"secciones":[272,273,274,275,276,270,271]},{"id":9,"tipo":2,"secciones":[277,278,279,280,281,282,283,284,285,286,287,288,289,290,291,292,293,294,295,296,297,298,299,300,301,302,303,304,305,306,307,308,309,310,311,312,313,314,315,316,317,318,319,320,321,322,323,324,325,326,327,328,329,330,331,332,333,334,335,336]}],"separados":[],"distritos":[{"d":1,"des":[{"mu":6,"s":0},{"mu":7,"s":0},{"mu":8,"s":0},{"mu":9,"s":0},{"mu":10,"s":0}],"p":[{"t":1, "v":"316288"},{"t":4, "v":"0"},{"t":5, "v":"-2.76"},{"t":6, "v":"-8990"},{"t":7, "v":"0.033945"},{"t":8, "v":"0.706457"}],"process": {"partes": 1,"municipios": {"enteros": [{ "id": 6,"name": "ARMERIA","indigena": 0},{ "id": 7,"name": "IXTLAHUACAN","indigena": 0},{ "id": 8,"name": "MANZANILLO","indigena": 0},{ "id": 9,"name": "MINATITLAN","indigena": 0},{ "id": 10,"name": "TECOMAN","indigena": 0}],"fracciones": []},"indigenas": {"poblacion": "316288","pindigenas": "5911","porcentaje": "1.869506","porcentaje_round": "1.86","indigena": 0}}},{"d":2,"des":[{"mu":1,"s":0},{"mu":2,"s":0},{"mu":3,"s":0},{"mu":4,"s":0},{"mu":5,"s":0}],"p":[{"t":1, "v":"334267"},{"t":4, "v":"0"},{"t":5, "v":"2.76"},{"t":6, "v":"8989"},{"t":7, "v":"0.033945"},{"t":8, "v":"0.282986"}],"process": {"partes": 1,"municipios": {"enteros": [{ "id": 1,"name": "COLIMA","indigena": 0},{ "id": 2,"name": "COMALA","indigena": 0},{ "id": 3,"name": "COQUIMATLAN","indigena": 0},{ "id": 4,"name": "CUAUHTEMOC","indigena": 0},{ "id": 5,"name": "VILLA DE ALVAREZ","indigena": 0}],"fracciones": []},"indigenas": {"poblacion": "334267","pindigenas": "2529","porcentaje": "0.757023","porcentaje_round": "0.75","indigena": 0}}}],"calificaciones":[{"t": 1,"a": 1.0,"p": 0.067891,"sp": 0.067891},{"t": 2,"a": 0.5,"p": 0.989442,"sp": 1.978885}],"total":{"p":1.057333,"sp":2.046775},"sellos":[{"n":"escenario","v":"md5"},{"n":"calificacion","v":"md5"},{"n":"municipios","v":"md5"},{"n":"secciones","v":"md5"},{"n":"tiemposmunicipios","v":"md5"}],"version":"Versión 1.5.20161103.2|federal"}