edon,seccion,munn,escenario1,mc_clv1,morena_clv1,panal_clv1,pan_clv1,pes_clv1,prd_clv1,pri_clv1,pt_clv1,pvem_clv1,escenario2,mc_clv2,morena_clv2,panal_clv2,pan_clv2,pes_clv2,prd_clv2,prd_cnv2,pri_clv2,pt_clv2,pvem_clv2,escenario3
5,1,1,1,7,7,7,7,7,7,7,7,7,1,1,1,1,7,1,1,1,1,1,1,1
5,2,1,1,7,7,7,7,7,7,7,7,7,1,1,1,1,7,1,1,1,1,1,1,1
5,3,2,2,6,6,6,6,6,6,6,6,6,2,2,2,2,6,2,2,2,2,2,2,2
5,4,2,2,6,6,6,6,6,6,6,6,6,2,2,2,2,6,2,2,2,2,2,2,2
5,5,2,2,6,6,6,6,6,6,6,6,6,2,2,2,2,6,2,2,2,2,2,2,2
5,6,2,2,6,6,6,6,6,6,6,6,6,2,2,2,2,6,2,2,2,2,2,2,2
5,7,2,2,6,6,6,6,6,6,6,6,6,2,2,2,2,6,2,2,2,2,2,2,2
5,8,2,2,6,6,6,6,6,6,6,6,6,2,2,2,2,6,2,2,2,2,2,2,2
5,10,2,2,6,6,6,6,6,6,6,6,6,2,2,2,2,6,2,2,2,2,2,2,2
5,11,2,2,6,6,6,6,6,6,6,6,6,2,2,2,2,6,2,2,2,2,2,2,2
5,12,2,2,6,6,6,6,6,6,6,6,6,2,2,2,2,6,2,2,2,2,2,2,2
5,13,2,2,6,6,6,6,6,6,6,6,6,2,2,2,2,6,2,2,2,2,2,2,2
5,14,2,2,6,6,6,6,6,6,6,6,6,2,2,2,2,6,2,2,2,2,2,2,2
5,15,2,2,6,6,6,6,6,6,6,6,6,2,2,2,2,6,2,2,2,2,2,2,2
5,16,2,2,6,6,6,6,6,6,6,6,6,2,2,2,2,6,2,2,2,2,2,2,2
5,17,2,2,6,6,6,6,6,6,6,6,6,2,2,2,2,6,2,2,2,2,2,2,2
5,18,2,2,6,6,6,6,6,6,6,6,6,2,2,2,2,6,2,2,2,2,2,2,2
5,19,2,2,6,6,6,6,6,6,6,6,6,2,2,2,2,6,2,2,2,2,2,2,2
5,20,2,2,6,6,6,6,6,6,6,6,6,2,2,2,2,6,2,2,2,2,2,2,2
5,21,2,2,6,6,6,6,6,6,6,6,6,2,2,2,2,6,2,2,2,2,2,2,2
5,22,2,2,6,6,6,6,6,6,6,6,6,2,2,2,2,6,2,2,2,2,2,2,2
5,23,2,2,6,6,6,6,6,6,6,6,6,2,2,2,2,6,2,2,2,2,2,2,2
5,24,2,2,6,6,6,6,6,6,6,6,6,2,2,2,2,6,2,2,2,2,2,2,2
5,25,2,2,6,6,6,6,6,6,6,6,6,2,2,2,2,6,2,2,2,2,2,2,2
5,26,2,2,6,6,6,6,6,6,6,6,6,2,2,2,2,6,2,2,2,2,2,2,2
5,27,2,2,6,6,6,6,6,6,6,6,6,2,2,2,2,6,2,2,2,2,2,2,2
5,28,2,2,6,6,6,6,6,6,6,6,6,2,2,2,2,6,2,2,2,2,2,2,2
5,29,2,2,6,6,6,6,6,6,6,6,6,2,2,2,2,6,2,2,2,2,2,2,2
5,30,2,2,6,6,6,6,6,6,6,6,6,2,2,2,2,6,2,2,2,2,2,2,2
5,31,2,2,6,6,6,6,6,6,6,6,6,2,2,2,2,6,2,2,2,2,2,2,2
5,32,2,2,6,6,6,6,6,6,6,6,6,2,2,2,2,6,2,2,2,2,2,2,2
5,33,2,2,6,6,6,6,6,6,6,6,6,2,2,2,2,6,2,2,2,2,2,2,2
5,34,2,2,6,6,6,6,6,6,6,6,6,2,2,2,2,6,2,2,2,2,2,2,2
5,35,2,2,6,6,6,6,6,6,6,6,6,2,2,2,2,6,2,2,2,2,2,2,2
5,36,2,2,6,6,6,6,6,6,6,6,6,2,2,2,2,6,2,2,2,2,2,2,2
5,37,2,2,6,6,6,6,6,6,6,6,6,2,2,2,2,6,2,2,2,2,2,2,2
5,40,2,2,6,6,6,6,6,6,6,6,6,2,2,2,2,6,2,2,2,2,2,2,2
5,41,2,2,6,6,6,6,6,6,6,6,6,2,2,2,2,6,2,2,2,2,2,2,2
5,42,3,1,6,6,6,6,6,6,6,6,6,1,1,1,1,6,1,1,1,1,1,1,1
5,43,3,1,6,6,6,6,6,6,6,6,6,1,1,1,1,6,1,1,1,1,1,1,1
5,44,3,1,6,6,6,6,6,6,6,6,6,1,1,1,1,6,1,1,1,1,1,1,1
5,45,3,1,6,6,6,6,6,6,6,6,6,1,1,1,1,6,1,1,1,1,1,1,1
5,46,3,1,6,6,6,6,6,6,6,6,6,1,1,1,1,6,1,1,1,1,1,1,1
5,47,3,1,6,6,6,6,6,6,6,6,6,1,1,1,1,6,1,1,1,1,1,1,1
5,48,3,1,6,6,6,6,6,6,6,6,6,1,1,1,1,6,1,1,1,1,1,1,1
5,49,3,1,6,6,6,6,6,6,6,6,6,1,1,1,1,6,1,1,1,1,1,1,1
5,50,3,1,6,6,6,6,6,6,6,6,6,1,1,1,1,6,1,1,1,1,1,1,1
5,51,3,1,6,6,6,6,6,6,6,6,6,1,1,1,1,6,1,1,1,1,1,1,1
5,52,3,1,6,6,6,6,6,6,6,6,6,1,1,1,1,6,1,1,1,1,1,1,1
5,53,3,1,6,6,6,6,6,6,6,6,6,1,1,1,1,6,1,1,1,1,1,1,1
5,54,3,1,6,6,6,6,6,6,6,6,6,1,1,1,1,6,1,1,1,1,1,1,1
5,55,3,1,6,6,6,6,6,6,6,6,6,1,1,1,1,6,1,1,1,1,1,1,1
5,56,3,1,6,6,6,6,6,6,6,6,6,1,1,1,1,6,1,1,1,1,1,1,1
5,57,4,3,1,1,1,1,1,1,1,1,1,3,3,3,3,3,3,3,3,3,3,3,3
5,58,4,3,1,1,1,1,1,1,1,1,1,3,3,3,3,3,3,3,3,3,3,3,3
5,59,4,3,1,1,1,1,1,1,1,1,1,3,3,3,3,3,3,3,3,3,3,3,3
5,60,4,3,1,1,1,1,1,1,1,1,1,3,3,3,3,3,3,3,3,3,3,3,3
5,61,4,3,1,1,1,1,1,1,1,1,1,3,3,3,3,3,3,3,3,3,3,3,3
5,62,4,3,1,1,1,1,1,1,1,1,1,3,3,3,3,3,3,3,3,3,3,3,3
5,63,4,3,1,1,1,1,1,1,1,1,1,3,3,3,3,3,3,3,3,3,3,3,3
5,64,4,3,1,1,1,1,1,1,1,1,1,3,3,3,3,3,3,3,3,3,3,3,3
5,65,4,3,1,1,1,1,1,1,1,1,1,3,3,3,3,3,3,3,3,3,3,3,3
5,66,4,3,1,1,1,1,1,1,1,1,1,3,3,3,3,3,3,3,3,3,3,3,3
5,67,4,3,1,1,1,1,1,1,1,1,1,3,3,3,3,3,3,3,3,3,3,3,3
5,68,4,3,1,1,1,1,1,1,1,1,1,3,3,3,3,3,3,3,3,3,3,3,3
5,69,4,3,1,1,1,1,1,1,1,1,1,3,3,3,3,3,3,3,3,3,3,3,3
5,70,4,3,1,1,1,1,1,1,1,1,1,3,3,3,3,3,3,3,3,3,3,3,3
5,71,4,3,1,1,1,1,1,1,1,1,1,3,3,3,3,3,3,3,3,3,3,3,3
5,72,4,3,1,1,1,1,1,1,1,1,1,3,3,3,3,3,3,3,3,3,3,3,3
5,73,4,3,1,1,1,1,1,1,1,1,1,3,3,3,3,3,3,3,3,3,3,3,3
5,74,4,3,1,1,1,1,1,1,1,1,1,3,3,3,3,3,3,3,3,3,3,3,3
5,75,4,3,1,1,1,1,1,1,1,1,1,3,3,3,3,3,3,3,3,3,3,3,3
5,76,4,3,1,1,1,1,1,1,1,1,1,3,3,3,3,3,3,3,3,3,3,3,3
5,77,4,3,1,1,1,1,1,1,1,1,1,3,3,3,3,3,3,3,3,3,3,3,3
5,78,4,3,1,1,1,1,1,1,1,1,1,3,3,3,3,3,3,3,3,3,3,3,3
5,79,4,3,1,1,1,1,1,1,1,1,1,3,3,3,3,3,3,3,3,3,3,3,3
5,80,4,3,1,1,1,1,1,1,1,1,1,3,3,3,3,3,3,3,3,3,3,3,3
5,81,5,1,7,7,7,7,7,7,7,7,7,1,1,1,1,7,1,1,1,1,1,1,1
5,82,5,1,7,7,7,7,7,7,7,7,7,1,1,1,1,7,1,1,1,1,1,1,1
5,83,5,1,7,7,7,7,7,7,7,7,7,1,1,1,1,7,1,1,1,1,1,1,1
5,84,6,3,3,3,3,3,3,3,3,3,3,3,5,5,5,3,5,5,3,5,5,5,3
5,85,6,3,3,3,3,3,3,3,3,3,3,3,5,5,5,3,5,5,3,5,5,5,3
5,86,6,3,3,3,3,3,3,3,3,3,3,3,5,5,5,3,5,5,3,5,5,5,3
5,87,6,3,3,3,3,3,3,3,3,3,3,3,5,5,5,3,5,5,3,5,5,5,3
5,88,6,3,3,3,3,3,3,3,3,3,3,3,5,5,5,3,5,5,3,5,5,5,3
5,89,6,3,3,3,3,3,3,3,3,3,3,3,5,5,5,3,5,5,3,5,5,5,3
5,90,6,3,3,3,3,3,3,3,3,3,3,3,5,5,5,3,5,5,3,5,5,5,3
5,91,6,3,3,3,3,3,3,3,3,3,3,3,5,5,5,3,5,5,3,5,5,5,3
5,92,6,3,3,3,3,3,3,3,3,3,3,3,5,5,5,3,5,5,3,5,5,5,3
5,93,6,3,3,3,3,3,3,3,3,3,3,3,5,5,5,3,5,5,3,5,5,5,3
5,94,6,3,3,3,3,3,3,3,3,3,3,3,5,5,5,3,5,5,3,5,5,5,3
5,96,6,3,3,3,3,3,3,3,3,3,3,3,5,5,5,3,5,5,3,5,5,5,3
5,97,6,3,3,3,3,3,3,3,3,3,3,3,5,5,5,3,5,5,3,5,5,5,3
5,98,6,3,3,3,3,3,3,3,3,3,3,3,5,5,5,3,5,5,3,5,5,5,3
5,99,6,3,3,3,3,3,3,3,3,3,3,3,5,5,5,3,5,5,3,5,5,5,3
5,101,6,3,3,3,3,3,3,3,3,3,3,3,5,5,5,3,5,5,3,5,5,5,3
5,102,6,3,3,3,3,3,3,3,3,3,3,3,5,5,5,3,5,5,3,5,5,5,3
5,103,6,3,3,3,3,3,3,3,3,3,3,3,5,5,5,3,5,5,3,5,5,5,3
5,104,6,3,3,3,3,3,3,3,3,3,3,3,5,5,5,3,5,5,3,5,5,5,3
5,105,6,3,3,3,3,3,3,3,3,3,3,3,5,5,5,3,5,5,3,5,5,5,3
5,106,6,3,3,3,3,3,3,3,3,3,3,3,5,5,5,3,5,5,3,5,5,5,3
5,107,6,3,3,3,3,3,3,3,3,3,3,3,5,5,5,3,5,5,3,5,5,5,3
5,108,6,3,3,3,3,3,3,3,3,3,3,3,5,5,5,3,5,5,3,5,5,5,3
5,109,6,3,3,3,3,3,3,3,3,3,3,3,5,5,5,3,5,5,3,5,5,5,3
5,110,7,3,3,3,3,3,3,3,3,3,3,3,5,5,5,3,5,5,3,5,5,5,3
5,111,7,3,3,3,3,3,3,3,3,3,3,3,5,5,5,3,5,5,3,5,5,5,3
5,112,7,3,3,3,3,3,3,3,3,3,3,3,5,5,5,3,5,5,3,5,5,5,3
5,113,7,3,3,3,3,3,3,3,3,3,3,3,5,5,5,3,5,5,3,5,5,5,3
5,114,7,3,3,3,3,3,3,3,3,3,3,3,5,5,5,3,5,5,3,5,5,5,3
5,115,7,3,3,3,3,3,3,3,3,3,3,3,5,5,5,3,5,5,3,5,5,5,3
5,116,7,3,3,3,3,3,3,3,3,3,3,3,5,5,5,3,5,5,3,5,5,5,3
5,117,7,3,3,3,3,3,3,3,3,3,3,3,5,5,5,3,5,5,3,5,5,5,3
5,118,7,3,3,3,3,3,3,3,3,3,3,3,5,5,5,3,5,5,3,5,5,5,3
5,119,7,3,3,3,3,3,3,3,3,3,3,3,5,5,5,3,5,5,3,5,5,5,3
5,121,7,3,3,3,3,3,3,3,3,3,3,3,5,5,5,3,5,5,3,5,5,5,3
5,122,7,3,3,3,3,3,3,3,3,3,3,3,5,5,5,3,5,5,3,5,5,5,3
5,123,7,3,3,3,3,3,3,3,3,3,3,3,5,5,5,3,5,5,3,5,5,5,3
5,124,7,3,3,3,3,3,3,3,3,3,3,3,5,5,5,3,5,5,3,5,5,5,3
5,125,7,3,3,3,3,3,3,3,3,3,3,3,5,5,5,3,5,5,3,5,5,5,3
5,126,7,3,3,3,3,3,3,3,3,3,3,3,5,5,5,3,5,5,3,5,5,5,3
5,127,8,1,7,7,7,7,7,7,7,7,7,1,1,1,1,7,1,1,1,1,1,1,1
5,128,8,1,7,7,7,7,7,7,7,7,7,1,1,1,1,7,1,1,1,1,1,1,1
5,129,8,1,7,7,7,7,7,7,7,7,7,1,1,1,1,7,1,1,1,1,1,1,1
5,130,8,1,7,7,7,7,7,7,7,7,7,1,1,1,1,7,1,1,1,1,1,1,1
5,131,9,4,3,3,3,3,3,3,3,3,3,4,5,5,5,3,5,5,4,5,5,5,4
5,132,9,4,3,3,3,3,3,3,3,3,3,4,5,5,5,3,5,5,4,5,5,5,4
5,133,9,4,3,3,3,3,3,3,3,3,3,4,5,5,5,3,5,5,4,5,5,5,4
5,134,9,4,3,3,3,3,3,3,3,3,3,4,5,5,5,3,5,5,4,5,5,5,4
5,135,9,4,3,3,3,3,3,3,3,3,3,4,5,5,5,3,5,5,4,5,5,5,4
5,136,9,4,3,3,3,3,3,3,3,3,3,4,5,5,5,3,5,5,4,5,5,5,4
5,137,9,4,3,3,3,3,3,3,3,3,3,4,5,5,5,3,5,5,4,5,5,5,4
5,138,9,4,3,3,3,3,3,3,3,3,3,4,5,5,5,3,5,5,4,5,5,5,4
5,139,9,4,3,3,3,3,3,3,3,3,3,4,5,5,5,3,5,5,4,5,5,5,4
5,140,9,4,3,3,3,3,3,3,3,3,3,4,5,5,5,3,5,5,4,5,5,5,4
5,141,9,4,3,3,3,3,3,3,3,3,3,4,5,5,5,3,5,5,4,5,5,5,4
5,142,9,4,3,3,3,3,3,3,3,3,3,4,5,5,5,3,5,5,4,5,5,5,4
5,143,9,4,3,3,3,3,3,3,3,3,3,4,5,5,5,3,5,5,4,5,5,5,4
5,144,9,4,3,3,3,3,3,3,3,3,3,4,5,5,5,3,5,5,4,5,5,5,4
5,145,9,4,3,3,3,3,3,3,3,3,3,4,5,5,5,3,5,5,4,5,5,5,4
5,146,9,4,3,3,3,3,3,3,3,3,3,4,5,5,5,3,5,5,4,5,5,5,4
5,147,9,4,3,3,3,3,3,3,3,3,3,4,5,5,5,3,5,5,4,5,5,5,4
5,148,9,4,3,3,3,3,3,3,3,3,3,4,5,5,5,3,5,5,4,5,5,5,4
5,149,9,4,3,3,3,3,3,3,3,3,3,4,5,5,5,3,5,5,4,5,5,5,4
5,150,9,4,3,3,3,3,3,3,3,3,3,4,5,5,5,3,5,5,4,5,5,5,4
5,151,9,4,3,3,3,3,3,3,3,3,3,4,5,5,5,3,5,5,4,5,5,5,4
5,152,9,4,3,3,3,3,3,3,3,3,3,4,5,5,5,3,5,5,4,5,5,5,4
5,153,9,4,3,3,3,3,3,3,3,3,3,4,5,5,5,3,5,5,4,5,5,5,4
5,154,9,4,3,3,3,3,3,3,3,3,3,4,5,5,5,3,5,5,4,5,5,5,4
5,155,9,4,3,3,3,3,3,3,3,3,3,4,5,5,5,3,5,5,4,5,5,5,4
5,156,9,4,3,3,3,3,3,3,3,3,3,4,5,5,5,3,5,5,4,5,5,5,4
5,157,9,4,3,3,3,3,3,3,3,3,3,4,5,5,5,3,5,5,4,5,5,5,4
5,158,9,4,3,3,3,3,3,3,3,3,3,4,5,5,5,3,5,5,4,5,5,5,4
5,159,9,4,3,3,3,3,3,3,3,3,3,4,5,5,5,3,5,5,4,5,5,5,4
5,160,9,4,3,3,3,3,3,3,3,3,3,4,5,5,5,3,5,5,4,5,5,5,4
5,161,9,4,3,3,3,3,3,3,3,3,3,4,5,5,5,3,5,5,4,5,5,5,4
5,162,9,4,3,3,3,3,3,3,3,3,3,4,5,5,5,3,5,5,4,5,5,5,4
5,163,9,4,3,3,3,3,3,3,3,3,3,4,5,5,5,3,5,5,4,5,5,5,4
5,164,9,4,3,3,3,3,3,3,3,3,3,4,5,5,5,3,5,5,4,5,5,5,4
5,165,9,4,3,3,3,3,3,3,3,3,3,4,5,5,5,3,5,5,4,5,5,5,4
5,166,9,4,3,3,3,3,3,3,3,3,3,4,5,5,5,3,5,5,4,5,5,5,4
5,167,9,4,3,3,3,3,3,3,3,3,3,4,5,5,5,3,5,5,4,5,5,5,4
5,168,9,4,3,3,3,3,3,3,3,3,3,4,5,5,5,3,5,5,4,5,5,5,4
5,169,9,4,3,3,3,3,3,3,3,3,3,4,5,5,5,3,5,5,4,5,5,5,4
5,170,9,4,3,3,3,3,3,3,3,3,3,4,5,5,5,3,5,5,4,5,5,5,4
5,171,9,4,3,3,3,3,3,3,3,3,3,4,5,5,5,3,5,5,4,5,5,5,4
5,172,9,4,3,3,3,3,3,3,3,3,3,4,5,5,5,3,5,5,4,5,5,5,4
5,173,10,3,3,3,3,3,3,3,3,3,3,3,1,1,1,3,1,1,3,1,1,1,3
5,174,10,3,3,3,3,3,3,3,3,3,3,3,1,1,1,3,1,1,3,1,1,1,3
5,175,10,3,3,3,3,3,3,3,3,3,3,3,1,1,1,3,1,1,3,1,1,1,3
5,176,10,3,3,3,3,3,3,3,3,3,3,3,1,1,1,3,1,1,3,1,1,1,3
5,177,10,3,3,3,3,3,3,3,3,3,3,3,1,1,1,3,1,1,3,1,1,1,3
5,178,10,3,3,3,3,3,3,3,3,3,3,3,1,1,1,3,1,1,3,1,1,1,3
5,179,10,3,3,3,3,3,3,3,3,3,3,3,1,1,1,3,1,1,3,1,1,1,3
5,180,10,3,3,3,3,3,3,3,3,3,3,3,1,1,1,3,1,1,3,1,1,1,3
5,181,10,3,3,3,3,3,3,3,3,3,3,3,1,1,1,3,1,1,3,1,1,1,3
5,182,10,3,3,3,3,3,3,3,3,3,3,3,1,1,1,3,1,1,3,1,1,1,3
5,183,10,3,3,3,3,3,3,3,3,3,3,3,1,1,1,3,1,1,3,1,1,1,3
5,184,10,3,3,3,3,3,3,3,3,3,3,3,1,1,1,3,1,1,3,1,1,1,3
5,185,10,3,3,3,3,3,3,3,3,3,3,3,1,1,1,3,1,1,3,1,1,1,3
5,186,10,3,3,3,3,3,3,3,3,3,3,3,1,1,1,3,1,1,3,1,1,1,3
5,187,10,3,3,3,3,3,3,3,3,3,3,3,1,1,1,3,1,1,3,1,1,1,3
5,188,10,3,3,3,3,3,3,3,3,3,3,3,1,1,1,3,1,1,3,1,1,1,3
5,189,10,3,3,3,3,3,3,3,3,3,3,3,1,1,1,3,1,1,3,1,1,1,3
5,190,10,3,3,3,3,3,3,3,3,3,3,3,1,1,1,3,1,1,3,1,1,1,3
5,191,10,3,3,3,3,3,3,3,3,3,3,3,1,1,1,3,1,1,3,1,1,1,3
5,192,10,3,3,3,3,3,3,3,3,3,3,3,1,1,1,3,1,1,3,1,1,1,3
5,193,10,3,3,3,3,3,3,3,3,3,3,3,1,1,1,3,1,1,3,1,1,1,3
5,194,10,3,3,3,3,3,3,3,3,3,3,3,1,1,1,3,1,1,3,1,1,1,3
5,195,10,3,3,3,3,3,3,3,3,3,3,3,1,1,1,3,1,1,3,1,1,1,3
5,196,10,3,3,3,3,3,3,3,3,3,3,3,1,1,1,3,1,1,3,1,1,1,3
5,197,10,3,3,3,3,3,3,3,3,3,3,3,1,1,1,3,1,1,3,1,1,1,3
5,198,10,3,3,3,3,3,3,3,3,3,3,3,1,1,1,3,1,1,3,1,1,1,3
5,199,10,3,3,3,3,3,3,3,3,3,3,3,1,1,1,3,1,1,3,1,1,1,3
5,200,10,3,3,3,3,3,3,3,3,3,3,3,1,1,1,3,1,1,3,1,1,1,3
5,201,10,3,3,3,3,3,3,3,3,3,3,3,1,1,1,3,1,1,3,1,1,1,3
5,202,10,3,3,3,3,3,3,3,3,3,3,3,1,1,1,3,1,1,3,1,1,1,3
5,203,10,3,3,3,3,3,3,3,3,3,3,3,1,1,1,3,1,1,3,1,1,1,3
5,204,10,3,3,3,3,3,3,3,3,3,3,3,1,1,1,3,1,1,3,1,1,1,3
5,205,10,3,3,3,3,3,3,3,3,3,3,3,1,1,1,3,1,1,3,1,1,1,3
5,206,10,3,3,3,3,3,3,3,3,3,3,3,1,1,1,3,1,1,3,1,1,1,3
5,207,10,3,3,3,3,3,3,3,3,3,3,3,1,1,1,3,1,1,3,1,1,1,3
5,208,10,3,3,3,3,3,3,3,3,3,3,3,1,1,1,3,1,1,3,1,1,1,3
5,209,10,3,3,3,3,3,3,3,3,3,3,3,1,1,1,3,1,1,3,1,1,1,3
5,210,10,3,3,3,3,3,3,3,3,3,3,3,1,1,1,3,1,1,3,1,1,1,3
5,211,10,3,3,3,3,3,3,3,3,3,3,3,1,1,1,3,1,1,3,1,1,1,3
5,212,10,3,3,3,3,3,3,3,3,3,3,3,1,1,1,3,1,1,3,1,1,1,3
5,213,10,3,3,3,3,3,3,3,3,3,3,3,1,1,1,3,1,1,3,1,1,1,3
5,214,11,3,2,2,2,2,2,2,2,2,2,3,4,4,4,4,4,4,3,4,4,4,3
5,215,11,3,2,2,2,2,2,2,2,2,2,3,4,4,4,4,4,4,3,4,4,4,3
5,216,11,3,2,2,2,2,2,2,2,2,2,3,4,4,4,4,4,4,3,4,4,4,3
5,217,11,3,2,2,2,2,2,2,2,2,2,3,4,4,4,4,4,4,3,4,4,4,3
5,218,11,3,2,2,2,2,2,2,2,2,2,3,4,4,4,4,4,4,3,4,4,4,3
5,219,11,3,2,2,2,2,2,2,2,2,2,3,4,4,4,4,4,4,3,4,4,4,3
5,220,11,3,2,2,2,2,2,2,2,2,2,3,4,4,4,4,4,4,3,4,4,4,3
5,221,11,3,2,2,2,2,2,2,2,2,2,3,4,4,4,4,4,4,3,4,4,4,3
5,222,11,3,2,2,2,2,2,2,2,2,2,3,4,4,4,4,4,4,3,4,4,4,3
5,223,11,3,2,2,2,2,2,2,2,2,2,3,4,4,4,4,4,4,3,4,4,4,3
5,224,11,3,2,2,2,2,2,2,2,2,2,3,4,4,4,4,4,4,3,4,4,4,3
5,225,11,3,2,2,2,2,2,2,2,2,2,3,4,4,4,4,4,4,3,4,4,4,3
5,226,11,3,2,2,2,2,2,2,2,2,2,3,4,4,4,4,4,4,3,4,4,4,3
5,227,11,3,2,2,2,2,2,2,2,2,2,3,4,4,4,4,4,4,3,4,4,4,3
5,228,11,3,2,2,2,2,2,2,2,2,2,3,4,4,4,4,4,4,3,4,4,4,3
5,229,11,3,2,2,2,2,2,2,2,2,2,3,4,4,4,4,4,4,3,4,4,4,3
5,230,11,3,2,2,2,2,2,2,2,2,2,3,4,4,4,4,4,4,3,4,4,4,3
5,231,11,3,2,2,2,2,2,2,2,2,2,3,4,4,4,4,4,4,3,4,4,4,3
5,233,12,1,6,6,6,6,6,6,6,6,6,1,1,1,1,6,1,1,1,1,1,1,1
5,234,12,1,6,6,6,6,6,6,6,6,6,1,1,1,1,6,1,1,1,1,1,1,1
5,235,12,1,6,6,6,6,6,6,6,6,6,1,1,1,1,6,1,1,1,1,1,1,1
5,236,12,1,6,6,6,6,6,6,6,6,6,1,1,1,1,6,1,1,1,1,1,1,1
5,237,12,1,6,6,6,6,6,6,6,6,6,1,1,1,1,6,1,1,1,1,1,1,1
5,238,13,1,6,6,6,6,6,6,6,6,6,1,1,1,1,6,1,1,1,1,1,1,1
5,239,13,1,6,6,6,6,6,6,6,6,6,1,1,1,1,6,1,1,1,1,1,1,1
5,240,14,2,6,6,6,6,6,6,6,6,6,2,2,2,2,6,2,2,2,2,2,2,2
5,241,14,2,6,6,6,6,6,6,6,6,6,2,2,2,2,6,2,2,2,2,2,2,2
5,242,14,2,6,6,6,6,6,6,6,6,6,2,2,2,2,6,2,2,2,2,2,2,2
5,243,14,2,6,6,6,6,6,6,6,6,6,2,2,2,2,6,2,2,2,2,2,2,2
5,244,14,2,6,6,6,6,6,6,6,6,6,2,2,2,2,6,2,2,2,2,2,2,2
5,245,14,2,6,6,6,6,6,6,6,6,6,2,2,2,2,6,2,2,2,2,2,2,2
5,246,14,2,6,6,6,6,6,6,6,6,6,2,2,2,2,6,2,2,2,2,2,2,2
5,247,14,2,6,6,6,6,6,6,6,6,6,2,2,2,2,6,2,2,2,2,2,2,2
5,248,14,2,6,6,6,6,6,6,6,6,6,2,2,2,2,6,2,2,2,2,2,2,2
5,249,14,2,6,6,6,6,6,6,6,6,6,2,2,2,2,6,2,2,2,2,2,2,2
5,250,15,1,7,7,7,7,7,7,7,7,7,1,1,1,1,7,1,1,1,1,1,1,1
5,251,15,1,7,7,7,7,7,7,7,7,7,1,1,1,1,7,1,1,1,1,1,1,1
5,252,15,1,7,7,7,7,7,7,7,7,7,1,1,1,1,7,1,1,1,1,1,1,1
5,253,15,1,7,7,7,7,7,7,7,7,7,1,1,1,1,7,1,1,1,1,1,1,1
5,254,15,1,7,7,7,7,7,7,7,7,7,1,1,1,1,7,1,1,1,1,1,1,1
5,255,16,3,3,3,3,3,3,3,3,3,3,3,5,5,5,3,5,5,3,5,5,5,3
5,256,16,3,3,3,3,3,3,3,3,3,3,3,5,5,5,3,5,5,3,5,5,5,3
5,257,17,4,4,4,4,4,4,4,4,4,4,4,6,6,6,4,6,6,4,6,6,6,4
5,258,17,4,4,4,4,4,4,4,4,4,4,4,6,6,6,4,6,6,4,6,6,6,4
5,259,17,4,4,4,4,4,4,4,4,4,4,4,6,6,6,4,6,6,4,6,6,6,4
5,260,17,4,4,4,4,4,4,4,4,4,4,4,6,6,6,4,6,6,4,6,6,6,4
5,261,17,4,4,4,4,4,4,4,4,4,4,4,6,6,6,4,6,6,4,6,6,6,4
5,262,17,4,4,4,4,4,4,4,4,4,4,4,6,6,6,4,6,6,4,6,6,6,4
5,263,17,4,4,4,4,4,4,4,4,4,4,4,6,6,6,4,6,6,4,6,6,6,4
5,264,17,4,4,4,4,4,4,4,4,4,4,4,6,6,6,4,6,6,4,6,6,6,4
5,265,17,4,4,4,4,4,4,4,4,4,4,4,6,6,6,4,6,6,4,6,6,6,4
5,266,17,4,4,4,4,4,4,4,4,4,4,4,6,6,6,4,6,6,4,6,6,6,4
5,267,17,4,4,4,4,4,4,4,4,4,4,4,6,6,6,4,6,6,4,6,6,6,4
5,268,17,4,4,4,4,4,4,4,4,4,4,4,6,6,6,4,6,6,4,6,6,6,4
5,269,17,4,4,4,4,4,4,4,4,4,4,4,6,6,6,4,6,6,4,6,6,6,4
5,270,17,4,4,4,4,4,4,4,4,4,4,4,6,6,6,4,6,6,4,6,6,6,4
5,271,17,4,4,4,4,4,4,4,4,4,4,4,6,6,6,4,6,6,4,6,6,6,4
5,272,17,4,4,4,4,4,4,4,4,4,4,4,6,6,6,4,6,6,4,6,6,6,4
5,273,17,4,4,4,4,4,4,4,4,4,4,4,6,6,6,4,6,6,4,6,6,6,4
5,274,17,4,4,4,4,4,4,4,4,4,4,4,6,6,6,4,6,6,4,6,6,6,4
5,275,17,4,4,4,4,4,4,4,4,4,4,4,6,6,6,4,6,6,4,6,6,6,4
5,276,17,4,4,4,4,4,4,4,4,4,4,4,6,6,6,4,6,6,4,6,6,6,4
5,277,17,4,4,4,4,4,4,4,4,4,4,4,6,6,6,4,6,6,4,6,6,6,4
5,278,17,4,4,4,4,4,4,4,4,4,4,4,6,6,6,4,6,6,4,6,6,6,4
5,279,17,4,4,4,4,4,4,4,4,4,4,4,6,6,6,4,6,6,4,6,6,6,4
5,280,17,4,4,4,4,4,4,4,4,4,4,4,6,6,6,4,6,6,4,6,6,6,4
5,281,17,4,4,4,4,4,4,4,4,4,4,4,6,6,6,4,6,6,4,6,6,6,4
5,282,17,4,4,4,4,4,4,4,4,4,4,4,6,6,6,4,6,6,4,6,6,6,4
5,283,17,4,4,4,4,4,4,4,4,4,4,4,6,6,6,4,6,6,4,6,6,6,4
5,284,17,4,4,4,4,4,4,4,4,4,4,4,6,6,6,4,6,6,4,6,6,6,4
5,285,17,4,4,4,4,4,4,4,4,4,4,4,6,6,6,4,6,6,4,6,6,6,4
5,286,17,4,4,4,4,4,4,4,4,4,4,4,6,6,6,4,6,6,4,6,6,6,4
5,287,17,4,4,4,4,4,4,4,4,4,4,4,6,6,6,4,6,6,4,6,6,6,4
5,288,17,4,4,4,4,4,4,4,4,4,4,4,6,6,6,4,6,6,4,6,6,6,4
5,289,17,4,4,4,4,4,4,4,4,4,4,4,6,6,6,4,6,6,4,6,6,6,4
5,290,17,4,4,4,4,4,4,4,4,4,4,4,6,6,6,4,6,6,4,6,6,6,4
5,291,17,4,4,4,4,4,4,4,4,4,4,4,6,6,6,4,6,6,4,6,6,6,4
5,292,17,4,4,4,4,4,4,4,4,4,4,4,6,6,6,4,6,6,4,6,6,6,4
5,293,17,4,4,4,4,4,4,4,4,4,4,4,6,6,6,4,6,6,4,6,6,6,4
5,294,17,4,4,4,4,4,4,4,4,4,4,4,6,6,6,4,6,6,4,6,6,6,4
5,295,17,4,4,4,4,4,4,4,4,4,4,4,6,6,6,4,6,6,4,6,6,6,4
5,296,17,4,4,4,4,4,4,4,4,4,4,4,6,6,6,4,6,6,4,6,6,6,4
5,297,17,4,4,4,4,4,4,4,4,4,4,4,6,6,6,4,6,6,4,6,6,6,4
5,298,17,4,4,4,4,4,4,4,4,4,4,4,6,6,6,4,6,6,4,6,6,6,4
5,299,17,4,4,4,4,4,4,4,4,4,4,4,6,6,6,4,6,6,4,6,6,6,4
5,300,17,4,4,4,4,4,4,4,4,4,4,4,6,6,6,4,6,6,4,6,6,6,4
5,301,17,4,4,4,4,4,4,4,4,4,4,4,6,6,6,4,6,6,4,6,6,6,4
5,302,17,4,4,4,4,4,4,4,4,4,4,4,6,6,6,4,6,6,4,6,6,6,4
5,303,17,4,4,4,4,4,4,4,4,4,4,4,6,6,6,4,6,6,4,6,6,6,4
5,304,17,4,4,4,4,4,4,4,4,4,4,4,6,6,6,4,6,6,4,6,6,6,4
5,305,17,4,4,4,4,4,4,4,4,4,4,4,6,6,6,4,6,6,4,6,6,6,4
5,306,17,4,4,4,4,4,4,4,4,4,4,4,6,6,6,4,6,6,4,6,6,6,4
5,307,17,4,4,4,4,4,4,4,4,4,4,4,6,6,6,4,6,6,4,6,6,6,4
5,308,17,4,4,4,4,4,4,4,4,4,4,4,6,6,6,4,6,6,4,6,6,6,4
5,309,17,4,4,4,4,4,4,4,4,4,4,4,6,6,6,4,6,6,4,6,6,6,4
5,310,17,4,4,4,4,4,4,4,4,4,4,4,6,6,6,4,6,6,4,6,6,6,4
5,311,17,4,4,4,4,4,4,4,4,4,4,4,6,6,6,4,6,6,4,6,6,6,4
5,312,17,4,4,4,4,4,4,4,4,4,4,4,6,6,6,4,6,6,4,6,6,6,4
5,313,17,4,4,4,4,4,4,4,4,4,4,4,6,6,6,4,6,6,4,6,6,6,4
5,314,17,4,4,4,4,4,4,4,4,4,4,4,6,6,6,4,6,6,4,6,6,6,4
5,315,17,4,4,4,4,4,4,4,4,4,4,4,6,6,6,4,6,6,4,6,6,6,4
5,316,17,4,4,4,4,4,4,4,4,4,4,4,6,6,6,4,6,6,4,6,6,6,4
5,317,17,4,4,4,4,4,4,4,4,4,4,4,6,6,6,4,6,6,4,6,6,6,4
5,318,17,4,4,4,4,4,4,4,4,4,4,4,6,6,6,4,6,6,4,6,6,6,4
5,319,18,1,7,7,7,7,7,7,7,7,7,1,1,1,1,7,1,1,1,1,1,1,1
5,320,18,1,7,7,7,7,7,7,7,7,7,1,1,1,1,7,1,1,1,1,1,1,1
5,321,18,1,7,7,7,7,7,7,7,7,7,1,1,1,1,7,1,1,1,1,1,1,1
5,322,18,1,7,7,7,7,7,7,7,7,7,1,1,1,1,7,1,1,1,1,1,1,1
5,323,18,1,7,7,7,7,7,7,7,7,7,1,1,1,1,7,1,1,1,1,1,1,1
5,324,18,1,7,7,7,7,7,7,7,7,7,1,1,1,1,7,1,1,1,1,1,1,1
5,325,18,1,7,7,7,7,7,7,7,7,7,1,1,1,1,7,1,1,1,1,1,1,1
5,326,18,1,7,7,7,7,7,7,7,7,7,1,1,1,1,7,1,1,1,1,1,1,1
5,327,18,1,7,7,7,7,7,7,7,7,7,1,1,1,1,7,1,1,1,1,1,1,1
5,328,18,1,7,7,7,7,7,7,7,7,7,1,1,1,1,7,1,1,1,1,1,1,1
5,329,18,1,7,7,7,7,7,7,7,7,7,1,1,1,1,7,1,1,1,1,1,1,1
5,330,18,1,7,7,7,7,7,7,7,7,7,1,1,1,1,7,1,1,1,1,1,1,1
5,331,18,1,7,7,7,7,7,7,7,7,7,1,1,1,1,7,1,1,1,1,1,1,1
5,332,18,1,7,7,7,7,7,7,7,7,7,1,1,1,1,7,1,1,1,1,1,1,1
5,333,18,1,7,7,7,7,7,7,7,7,7,1,1,1,1,7,1,1,1,1,1,1,1
5,334,18,1,7,7,7,7,7,7,7,7,7,1,1,1,1,7,1,1,1,1,1,1,1
5,335,18,1,7,7,7,7,7,7,7,7,7,1,1,1,1,7,1,1,1,1,1,1,1
5,336,18,1,7,7,7,7,7,7,7,7,7,1,1,1,1,7,1,1,1,1,1,1,1
5,337,18,1,7,7,7,7,7,7,7,7,7,1,1,1,1,7,1,1,1,1,1,1,1
5,338,18,1,7,7,7,7,7,7,7,7,7,1,1,1,1,7,1,1,1,1,1,1,1
5,339,18,1,7,7,7,7,7,7,7,7,7,1,1,1,1,7,1,1,1,1,1,1,1
5,340,18,1,7,7,7,7,7,7,7,7,7,1,1,1,1,7,1,1,1,1,1,1,1
5,341,18,1,7,7,7,7,7,7,7,7,7,1,1,1,1,7,1,1,1,1,1,1,1
5,342,18,1,7,7,7,7,7,7,7,7,7,1,1,1,1,7,1,1,1,1,1,1,1
5,343,18,1,7,7,7,7,7,7,7,7,7,1,1,1,1,7,1,1,1,1,1,1,1
5,344,18,1,7,7,7,7,7,7,7,7,7,1,1,1,1,7,1,1,1,1,1,1,1
5,345,18,1,7,7,7,7,7,7,7,7,7,1,1,1,1,7,1,1,1,1,1,1,1
5,346,18,1,7,7,7,7,7,7,7,7,7,1,1,1,1,7,1,1,1,1,1,1,1
5,347,18,1,7,7,7,7,7,7,7,7,7,1,1,1,1,7,1,1,1,1,1,1,1
5,348,18,1,7,7,7,7,7,7,7,7,7,1,1,1,1,7,1,1,1,1,1,1,1
5,349,18,1,7,7,7,7,7,7,7,7,7,1,1,1,1,7,1,1,1,1,1,1,1
5,350,18,1,7,7,7,7,7,7,7,7,7,1,1,1,1,7,1,1,1,1,1,1,1
5,351,18,1,7,7,7,7,7,7,7,7,7,1,1,1,1,7,1,1,1,1,1,1,1
5,352,18,1,7,7,7,7,7,7,7,7,7,1,1,1,1,7,1,1,1,1,1,1,1
5,353,18,1,7,7,7,7,7,7,7,7,7,1,1,1,1,7,1,1,1,1,1,1,1
5,354,18,1,7,7,7,7,7,7,7,7,7,1,1,1,1,7,1,1,1,1,1,1,1
5,355,18,1,7,7,7,7,7,7,7,7,7,1,1,1,1,7,1,1,1,1,1,1,1
5,356,18,1,7,7,7,7,7,7,7,7,7,1,1,1,1,7,1,1,1,1,1,1,1
5,357,18,1,7,7,7,7,7,7,7,7,7,1,1,1,1,7,1,1,1,1,1,1,1
5,358,18,1,7,7,7,7,7,7,7,7,7,1,1,1,1,7,1,1,1,1,1,1,1
5,359,18,1,7,7,7,7,7,7,7,7,7,1,1,1,1,7,1,1,1,1,1,1,1
5,360,18,1,7,7,7,7,7,7,7,7,7,1,1,1,1,7,1,1,1,1,1,1,1
5,361,18,1,7,7,7,7,7,7,7,7,7,1,1,1,1,7,1,1,1,1,1,1,1
5,362,18,1,7,7,7,7,7,7,7,7,7,1,1,1,1,7,1,1,1,1,1,1,1
5,363,18,1,7,7,7,7,7,7,7,7,7,1,1,1,1,7,1,1,1,1,1,1,1
5,364,18,1,7,7,7,7,7,7,7,7,7,1,1,1,1,7,1,1,1,1,1,1,1
5,365,18,1,7,7,7,7,7,7,7,7,7,1,1,1,1,7,1,1,1,1,1,1,1
5,366,18,1,7,7,7,7,7,7,7,7,7,1,1,1,1,7,1,1,1,1,1,1,1
5,367,18,1,7,7,7,7,7,7,7,7,7,1,1,1,1,7,1,1,1,1,1,1,1
5,368,18,1,7,7,7,7,7,7,7,7,7,1,1,1,1,7,1,1,1,1,1,1,1
5,369,18,1,7,7,7,7,7,7,7,7,7,1,1,1,1,7,1,1,1,1,1,1,1
5,370,18,1,7,7,7,7,7,7,7,7,7,1,1,1,1,7,1,1,1,1,1,1,1
5,371,18,1,7,7,7,7,7,7,7,7,7,1,1,1,1,7,1,1,1,1,1,1,1
5,372,18,1,7,7,7,7,7,7,7,7,7,1,1,1,1,7,1,1,1,1,1,1,1
5,373,18,1,7,7,7,7,7,7,7,7,7,1,1,1,1,7,1,1,1,1,1,1,1
5,374,18,1,7,7,7,7,7,7,7,7,7,1,1,1,1,7,1,1,1,1,1,1,1
5,375,18,1,7,7,7,7,7,7,7,7,7,1,1,1,1,7,1,1,1,1,1,1,1
5,376,18,1,7,7,7,7,7,7,7,7,7,1,1,1,1,7,1,1,1,1,1,1,1
5,377,18,1,7,7,7,7,7,7,7,7,7,1,1,1,1,7,1,1,1,1,1,1,1
5,378,18,1,7,7,7,7,7,7,7,7,7,1,1,1,1,7,1,1,1,1,1,1,1
5,379,18,1,7,7,7,7,7,7,7,7,7,1,1,1,1,7,1,1,1,1,1,1,1
5,380,18,1,7,7,7,7,7,7,7,7,7,1,1,1,1,7,1,1,1,1,1,1,1
5,381,18,1,7,7,7,7,7,7,7,7,7,1,1,1,1,7,1,1,1,1,1,1,1
5,382,18,1,7,7,7,7,7,7,7,7,7,1,1,1,1,7,1,1,1,1,1,1,1
5,383,18,1,7,7,7,7,7,7,7,7,7,1,1,1,1,7,1,1,1,1,1,1,1
5,384,18,1,7,7,7,7,7,7,7,7,7,1,1,1,1,7,1,1,1,1,1,1,1
5,385,18,1,7,7,7,7,7,7,7,7,7,1,1,1,1,7,1,1,1,1,1,1,1
5,386,18,1,7,7,7,7,7,7,7,7,7,1,1,1,1,7,1,1,1,1,1,1,1
5,387,18,1,7,7,7,7,7,7,7,7,7,1,1,1,1,7,1,1,1,1,1,1,1
5,388,18,1,7,7,7,7,7,7,7,7,7,1,1,1,1,7,1,1,1,1,1,1,1
5,389,18,1,7,7,7,7,7,7,7,7,7,1,1,1,1,7,1,1,1,1,1,1,1
5,390,18,1,7,7,7,7,7,7,7,7,7,1,1,1,1,7,1,1,1,1,1,1,1
5,391,18,1,7,7,7,7,7,7,7,7,7,1,1,1,1,7,1,1,1,1,1,1,1
5,392,18,1,7,7,7,7,7,7,7,7,7,1,1,1,1,7,1,1,1,1,1,1,1
5,393,18,1,7,7,7,7,7,7,7,7,7,1,1,1,1,7,1,1,1,1,1,1,1
5,394,18,1,7,7,7,7,7,7,7,7,7,1,1,1,1,7,1,1,1,1,1,1,1
5,395,18,1,7,7,7,7,7,7,7,7,7,1,1,1,1,7,1,1,1,1,1,1,1
5,396,18,1,7,7,7,7,7,7,7,7,7,1,1,1,1,7,1,1,1,1,1,1,1
5,397,18,1,7,7,7,7,7,7,7,7,7,1,1,1,1,7,1,1,1,1,1,1,1
5,398,18,1,7,7,7,7,7,7,7,7,7,1,1,1,1,7,1,1,1,1,1,1,1
5,399,18,1,7,7,7,7,7,7,7,7,7,1,1,1,1,7,1,1,1,1,1,1,1
5,400,18,1,7,7,7,7,7,7,7,7,7,1,1,1,1,7,1,1,1,1,1,1,1
5,401,18,1,7,7,7,7,7,7,7,7,7,1,1,1,1,7,1,1,1,1,1,1,1
5,402,18,1,7,7,7,7,7,7,7,7,7,1,1,1,1,7,1,1,1,1,1,1,1
5,403,18,1,7,7,7,7,7,7,7,7,7,1,1,1,1,7,1,1,1,1,1,1,1
5,404,18,1,7,7,7,7,7,7,7,7,7,1,1,1,1,7,1,1,1,1,1,1,1
5,405,18,1,7,7,7,7,7,7,7,7,7,1,1,1,1,7,1,1,1,1,1,1,1
5,406,18,1,7,7,7,7,7,7,7,7,7,1,1,1,1,7,1,1,1,1,1,1,1
5,407,18,1,7,7,7,7,7,7,7,7,7,1,1,1,1,7,1,1,1,1,1,1,1
5,408,18,1,7,7,7,7,7,7,7,7,7,1,1,1,1,7,1,1,1,1,1,1,1
5,409,18,1,7,7,7,7,7,7,7,7,7,1,1,1,1,7,1,1,1,1,1,1,1
5,410,18,1,7,7,7,7,7,7,7,7,7,1,1,1,1,7,1,1,1,1,1,1,1
5,411,18,1,7,7,7,7,7,7,7,7,7,1,1,1,1,7,1,1,1,1,1,1,1
5,412,18,1,7,7,7,7,7,7,7,7,7,1,1,1,1,7,1,1,1,1,1,1,1
5,413,18,1,7,7,7,7,7,7,7,7,7,1,1,1,1,7,1,1,1,1,1,1,1
5,414,18,1,7,7,7,7,7,7,7,7,7,1,1,1,1,7,1,1,1,1,1,1,1
5,415,18,1,7,7,7,7,7,7,7,7,7,1,1,1,1,7,1,1,1,1,1,1,1
5,416,18,1,7,7,7,7,7,7,7,7,7,1,1,1,1,7,1,1,1,1,1,1,1
5,417,18,1,7,7,7,7,7,7,7,7,7,1,1,1,1,7,1,1,1,1,1,1,1
5,418,18,1,7,7,7,7,7,7,7,7,7,1,1,1,1,7,1,1,1,1,1,1,1
5,419,18,1,7,7,7,7,7,7,7,7,7,1,1,1,1,7,1,1,1,1,1,1,1
5,420,18,1,7,7,7,7,7,7,7,7,7,1,1,1,1,7,1,1,1,1,1,1,1
5,421,18,1,7,7,7,7,7,7,7,7,7,1,1,1,1,7,1,1,1,1,1,1,1
5,422,18,1,7,7,7,7,7,7,7,7,7,1,1,1,1,7,1,1,1,1,1,1,1
5,423,18,1,7,7,7,7,7,7,7,7,7,1,1,1,1,7,1,1,1,1,1,1,1
5,424,18,1,7,7,7,7,7,7,7,7,7,1,1,1,1,7,1,1,1,1,1,1,1
5,425,18,1,7,7,7,7,7,7,7,7,7,1,1,1,1,7,1,1,1,1,1,1,1
5,426,18,1,7,7,7,7,7,7,7,7,7,1,1,1,1,7,1,1,1,1,1,1,1
5,427,18,1,7,7,7,7,7,7,7,7,7,1,1,1,1,7,1,1,1,1,1,1,1
5,428,18,1,7,7,7,7,7,7,7,7,7,1,1,1,1,7,1,1,1,1,1,1,1
5,429,18,1,7,7,7,7,7,7,7,7,7,1,1,1,1,7,1,1,1,1,1,1,1
5,430,18,1,7,7,7,7,7,7,7,7,7,1,1,1,1,7,1,1,1,1,1,1,1
5,431,18,1,7,7,7,7,7,7,7,7,7,1,1,1,1,7,1,1,1,1,1,1,1
5,432,18,1,7,7,7,7,7,7,7,7,7,1,1,1,1,7,1,1,1,1,1,1,1
5,433,18,1,7,7,7,7,7,7,7,7,7,1,1,1,1,7,1,1,1,1,1,1,1
5,434,18,1,7,7,7,7,7,7,7,7,7,1,1,1,1,7,1,1,1,1,1,1,1
5,435,18,1,7,7,7,7,7,7,7,7,7,1,1,1,1,7,1,1,1,1,1,1,1
5,436,18,1,7,7,7,7,7,7,7,7,7,1,1,1,1,7,1,1,1,1,1,1,1
5,437,18,1,7,7,7,7,7,7,7,7,7,1,1,1,1,7,1,1,1,1,1,1,1
5,438,18,1,7,7,7,7,7,7,7,7,7,1,1,1,1,7,1,1,1,1,1,1,1
5,439,18,1,7,7,7,7,7,7,7,7,7,1,1,1,1,7,1,1,1,1,1,1,1
5,440,18,1,7,7,7,7,7,7,7,7,7,1,1,1,1,7,1,1,1,1,1,1,1
5,441,18,1,7,7,7,7,7,7,7,7,7,1,1,1,1,7,1,1,1,1,1,1,1
5,442,18,1,7,7,7,7,7,7,7,7,7,1,1,1,1,7,1,1,1,1,1,1,1
5,443,18,1,7,7,7,7,7,7,7,7,7,1,1,1,1,7,1,1,1,1,1,1,1
5,444,19,1,6,6,6,6,6,6,6,6,6,1,2,2,2,6,2,2,1,2,2,2,1
5,445,19,1,6,6,6,6,6,6,6,6,6,1,2,2,2,6,2,2,1,2,2,2,1
5,446,19,1,6,6,6,6,6,6,6,6,6,1,2,2,2,6,2,2,1,2,2,2,1
5,447,19,1,6,6,6,6,6,6,6,6,6,1,2,2,2,6,2,2,1,2,2,2,1
5,448,19,1,6,6,6,6,6,6,6,6,6,1,2,2,2,6,2,2,1,2,2,2,1
5,449,19,1,6,6,6,6,6,6,6,6,6,1,2,2,2,6,2,2,1,2,2,2,1
5,450,20,2,7,7,7,7,7,7,7,7,7,2,5,5,5,7,5,5,2,5,5,5,2
5,451,20,2,7,7,7,7,7,7,7,7,7,2,5,5,5,7,5,5,2,5,5,5,2
5,452,20,2,7,7,7,7,7,7,7,7,7,2,5,5,5,7,5,5,2,5,5,5,2
5,453,20,2,7,7,7,7,7,7,7,7,7,2,5,5,5,7,5,5,2,5,5,5,2
5,454,20,2,7,7,7,7,7,7,7,7,7,2,5,5,5,7,5,5,2,5,5,5,2
5,455,20,2,7,7,7,7,7,7,7,7,7,2,5,5,5,7,5,5,2,5,5,5,2
5,456,20,2,7,7,7,7,7,7,7,7,7,2,5,5,5,7,5,5,2,5,5,5,2
5,457,20,2,7,7,7,7,7,7,7,7,7,2,5,5,5,7,5,5,2,5,5,5,2
5,458,20,2,7,7,7,7,7,7,7,7,7,2,5,5,5,7,5,5,2,5,5,5,2
5,459,20,2,7,7,7,7,7,7,7,7,7,2,5,5,5,7,5,5,2,5,5,5,2
5,460,20,2,7,7,7,7,7,7,7,7,7,2,5,5,5,7,5,5,2,5,5,5,2
5,461,20,2,7,7,7,7,7,7,7,7,7,2,5,5,5,7,5,5,2,5,5,5,2
5,462,20,2,7,7,7,7,7,7,7,7,7,2,5,5,5,7,5,5,2,5,5,5,2
5,463,20,2,7,7,7,7,7,7,7,7,7,2,5,5,5,7,5,5,2,5,5,5,2
5,464,20,2,7,7,7,7,7,7,7,7,7,2,5,5,5,7,5,5,2,5,5,5,2
5,465,20,2,7,7,7,7,7,7,7,7,7,2,5,5,5,7,5,5,2,5,5,5,2
5,466,20,2,7,7,7,7,7,7,7,7,7,2,5,5,5,7,5,5,2,5,5,5,2
5,467,20,2,7,7,7,7,7,7,7,7,7,2,5,5,5,7,5,5,2,5,5,5,2
5,468,20,2,7,7,7,7,7,7,7,7,7,2,5,5,5,7,5,5,2,5,5,5,2
5,469,20,2,7,7,7,7,7,7,7,7,7,2,5,5,5,7,5,5,2,5,5,5,2
5,470,20,2,7,7,7,7,7,7,7,7,7,2,5,5,5,7,5,5,2,5,5,5,2
5,473,20,2,7,7,7,7,7,7,7,7,7,2,5,5,5,7,5,5,2,5,5,5,2
5,474,20,2,7,7,7,7,7,7,7,7,7,2,5,5,5,7,5,5,2,5,5,5,2
5,475,20,2,7,7,7,7,7,7,7,7,7,2,5,5,5,7,5,5,2,5,5,5,2
5,476,20,2,7,7,7,7,7,7,7,7,7,2,5,5,5,7,5,5,2,5,5,5,2
5,477,20,2,7,7,7,7,7,7,7,7,7,2,5,5,5,7,5,5,2,5,5,5,2
5,478,20,2,7,7,7,7,7,7,7,7,7,2,5,5,5,7,5,5,2,5,5,5,2
5,479,20,2,7,7,7,7,7,7,7,7,7,2,5,5,5,7,5,5,2,5,5,5,2
5,480,20,2,7,7,7,7,7,7,7,7,7,2,5,5,5,7,5,5,2,5,5,5,2
5,481,20,2,7,7,7,7,7,7,7,7,7,2,5,5,5,7,5,5,2,5,5,5,2
5,482,20,2,7,7,7,7,7,7,7,7,7,2,5,5,5,7,5,5,2,5,5,5,2
5,483,20,2,7,7,7,7,7,7,7,7,7,2,5,5,5,7,5,5,2,5,5,5,2
5,484,20,2,7,7,7,7,7,7,7,7,7,2,5,5,5,7,5,5,2,5,5,5,2
5,485,20,2,7,7,7,7,7,7,7,7,7,2,5,5,5,7,5,5,2,5,5,5,2
5,486,20,2,7,7,7,7,7,7,7,7,7,2,5,5,5,7,5,5,2,5,5,5,2
5,487,20,2,7,7,7,7,7,7,7,7,7,2,5,5,5,7,5,5,2,5,5,5,2
5,488,20,2,7,7,7,7,7,7,7,7,7,2,5,5,5,7,5,5,2,5,5,5,2
5,489,20,2,7,7,7,7,7,7,7,7,7,2,5,5,5,7,5,5,2,5,5,5,2
5,490,20,2,7,7,7,7,7,7,7,7,7,2,5,5,5,7,5,5,2,5,5,5,2
5,491,20,2,7,7,7,7,7,7,7,7,7,2,5,5,5,7,5,5,2,5,5,5,2
5,492,20,2,7,7,7,7,7,7,7,7,7,2,5,5,5,7,5,5,2,5,5,5,2
5,493,20,2,7,7,7,7,7,7,7,7,7,2,5,5,5,7,5,5,2,5,5,5,2
5,494,20,2,7,7,7,7,7,7,7,7,7,2,5,5,5,7,5,5,2,5,5,5,2
5,495,20,2,7,7,7,7,7,7,7,7,7,2,5,5,5,7,5,5,2,5,5,5,2
5,496,20,2,7,7,7,7,7,7,7,7,7,2,5,5,5,7,5,5,2,5,5,5,2
5,497,20,2,7,7,7,7,7,7,7,7,7,2,5,5,5,7,5,5,2,5,5,5,2
5,498,20,2,7,7,7,7,7,7,7,7,7,2,5,5,5,7,5,5,2,5,5,5,2
5,499,20,2,7,7,7,7,7,7,7,7,7,2,5,5,5,7,5,5,2,5,5,5,2
5,500,21,2,3,3,3,3,3,3,3,3,3,2,5,5,5,3,5,5,2,5,5,5,2
5,501,21,2,3,3,3,3,3,3,3,3,3,2,5,5,5,3,5,5,2,5,5,5,2
5,502,21,2,3,3,3,3,3,3,3,3,3,2,5,5,5,3,5,5,2,5,5,5,2
5,503,21,2,3,3,3,3,3,3,3,3,3,2,5,5,5,3,5,5,2,5,5,5,2
5,504,21,2,3,3,3,3,3,3,3,3,3,2,5,5,5,3,5,5,2,5,5,5,2
5,505,21,2,3,3,3,3,3,3,3,3,3,2,5,5,5,3,5,5,2,5,5,5,2
5,506,21,2,3,3,3,3,3,3,3,3,3,2,5,5,5,3,5,5,2,5,5,5,2
5,507,21,2,3,3,3,3,3,3,3,3,3,2,5,5,5,3,5,5,2,5,5,5,2
5,508,22,1,6,6,6,6,6,6,6,6,6,1,2,2,2,6,2,2,1,2,2,2,1
5,509,22,1,6,6,6,6,6,6,6,6,6,1,2,2,2,6,2,2,1,2,2,2,1
5,510,22,1,6,6,6,6,6,6,6,6,6,1,2,2,2,6,2,2,1,2,2,2,1
5,511,22,1,6,6,6,6,6,6,6,6,6,1,2,2,2,6,2,2,1,2,2,2,1
5,512,22,1,6,6,6,6,6,6,6,6,6,1,2,2,2,6,2,2,1,2,2,2,1
5,513,22,1,6,6,6,6,6,6,6,6,6,1,2,2,2,6,2,2,1,2,2,2,1
5,514,22,1,6,6,6,6,6,6,6,6,6,1,2,2,2,6,2,2,1,2,2,2,1
5,515,22,1,6,6,6,6,6,6,6,6,6,1,2,2,2,6,2,2,1,2,2,2,1
5,516,22,1,6,6,6,6,6,6,6,6,6,1,2,2,2,6,2,2,1,2,2,2,1
5,517,22,1,6,6,6,6,6,6,6,6,6,1,2,2,2,6,2,2,1,2,2,2,1
5,518,22,1,6,6,6,6,6,6,6,6,6,1,2,2,2,6,2,2,1,2,2,2,1
5,519,22,1,6,6,6,6,6,6,6,6,6,1,2,2,2,6,2,2,1,2,2,2,1
5,520,22,1,6,6,6,6,6,6,6,6,6,1,2,2,2,6,2,2,1,2,2,2,1
5,521,22,1,6,6,6,6,6,6,6,6,6,1,2,2,2,6,2,2,1,2,2,2,1
5,522,22,1,6,6,6,6,6,6,6,6,6,1,2,2,2,6,2,2,1,2,2,2,1
5,523,22,1,6,6,6,6,6,6,6,6,6,1,2,2,2,6,2,2,1,2,2,2,1
5,525,22,1,6,6,6,6,6,6,6,6,6,1,2,2,2,6,2,2,1,2,2,2,1
5,526,23,4,3,3,3,3,3,3,3,3,3,4,5,5,5,3,5,5,4,5,5,5,4
5,527,23,4,3,3,3,3,3,3,3,3,3,4,5,5,5,3,5,5,4,5,5,5,4
5,528,23,4,3,3,3,3,3,3,3,3,3,4,5,5,5,3,5,5,4,5,5,5,4
5,529,23,4,3,3,3,3,3,3,3,3,3,4,5,5,5,3,5,5,4,5,5,5,4
5,530,23,4,3,3,3,3,3,3,3,3,3,4,5,5,5,3,5,5,4,5,5,5,4
5,531,23,4,3,3,3,3,3,3,3,3,3,4,5,5,5,3,5,5,4,5,5,5,4
5,532,23,4,3,3,3,3,3,3,3,3,3,4,5,5,5,3,5,5,4,5,5,5,4
5,533,23,4,3,3,3,3,3,3,3,3,3,4,5,5,5,3,5,5,4,5,5,5,4
5,534,23,4,3,3,3,3,3,3,3,3,3,4,5,5,5,3,5,5,4,5,5,5,4
5,535,23,4,3,3,3,3,3,3,3,3,3,4,5,5,5,3,5,5,4,5,5,5,4
5,536,23,4,3,3,3,3,3,3,3,3,3,4,5,5,5,3,5,5,4,5,5,5,4
5,537,23,4,3,3,3,3,3,3,3,3,3,4,5,5,5,3,5,5,4,5,5,5,4
5,538,23,4,3,3,3,3,3,3,3,3,3,4,5,5,5,3,5,5,4,5,5,5,4
5,539,23,4,3,3,3,3,3,3,3,3,3,4,5,5,5,3,5,5,4,5,5,5,4
5,540,23,4,3,3,3,3,3,3,3,3,3,4,5,5,5,3,5,5,4,5,5,5,4
5,542,24,3,4,4,4,4,4,4,4,4,4,3,4,4,4,4,4,4,3,4,4,4,3
5,543,24,3,4,4,4,4,4,4,4,4,4,3,4,4,4,4,4,4,3,4,4,4,3
5,544,24,3,4,4,4,4,4,4,4,4,4,3,4,4,4,4,4,4,3,4,4,4,3
5,545,24,3,4,4,4,4,4,4,4,4,4,3,4,4,4,4,4,4,3,4,4,4,3
5,546,24,3,4,4,4,4,4,4,4,4,4,3,4,4,4,4,4,4,3,4,4,4,3
5,547,24,3,4,4,4,4,4,4,4,4,4,3,4,4,4,4,4,4,3,4,4,4,3
5,548,24,3,4,4,4,4,4,4,4,4,4,3,4,4,4,4,4,4,3,4,4,4,3
5,549,24,3,4,4,4,4,4,4,4,4,4,3,4,4,4,4,4,4,3,4,4,4,3
5,550,24,3,4,4,4,4,4,4,4,4,4,3,4,4,4,4,4,4,3,4,4,4,3
5,551,24,3,4,4,4,4,4,4,4,4,4,3,4,4,4,4,4,4,3,4,4,4,3
5,552,24,3,4,4,4,4,4,4,4,4,4,3,4,4,4,4,4,4,3,4,4,4,3
5,553,24,3,4,4,4,4,4,4,4,4,4,3,4,4,4,4,4,4,3,4,4,4,3
5,554,24,3,4,4,4,4,4,4,4,4,4,3,4,4,4,4,4,4,3,4,4,4,3
5,555,24,3,4,4,4,4,4,4,4,4,4,3,4,4,4,4,4,4,3,4,4,4,3
5,556,24,3,4,4,4,4,4,4,4,4,4,3,4,4,4,4,4,4,3,4,4,4,3
5,557,24,3,4,4,4,4,4,4,4,4,4,3,4,4,4,4,4,4,3,4,4,4,3
5,558,24,3,4,4,4,4,4,4,4,4,4,3,4,4,4,4,4,4,3,4,4,4,3
5,559,24,3,4,4,4,4,4,4,4,4,4,3,4,4,4,4,4,4,3,4,4,4,3
5,560,24,3,4,4,4,4,4,4,4,4,4,3,4,4,4,4,4,4,3,4,4,4,3
5,561,24,3,4,4,4,4,4,4,4,4,4,3,4,4,4,4,4,4,3,4,4,4,3
5,562,24,3,4,4,4,4,4,4,4,4,4,3,4,4,4,4,4,4,3,4,4,4,3
5,563,24,3,4,4,4,4,4,4,4,4,4,3,4,4,4,4,4,4,3,4,4,4,3
5,564,24,3,4,4,4,4,4,4,4,4,4,3,4,4,4,4,4,4,3,4,4,4,3
5,565,24,3,4,4,4,4,4,4,4,4,4,3,4,4,4,4,4,4,3,4,4,4,3
5,566,24,3,4,4,4,4,4,4,4,4,4,3,4,4,4,4,4,4,3,4,4,4,3
5,567,24,3,4,4,4,4,4,4,4,4,4,3,4,4,4,4,4,4,3,4,4,4,3
5,568,24,3,4,4,4,4,4,4,4,4,4,3,4,4,4,4,4,4,3,4,4,4,3
5,569,24,3,4,4,4,4,4,4,4,4,4,3,4,4,4,4,4,4,3,4,4,4,3
5,570,24,3,4,4,4,4,4,4,4,4,4,3,4,4,4,4,4,4,3,4,4,4,3
5,571,24,3,4,4,4,4,4,4,4,4,4,3,4,4,4,4,4,4,3,4,4,4,3
5,573,24,3,4,4,4,4,4,4,4,4,4,3,4,4,4,4,4,4,3,4,4,4,3
5,574,24,3,4,4,4,4,4,4,4,4,4,3,4,4,4,4,4,4,3,4,4,4,3
5,575,24,3,4,4,4,4,4,4,4,4,4,3,4,4,4,4,4,4,3,4,4,4,3
5,576,24,3,4,4,4,4,4,4,4,4,4,3,4,4,4,4,4,4,3,4,4,4,3
5,577,25,2,6,6,6,6,6,6,6,6,6,2,2,2,2,6,2,2,2,2,2,2,2
5,578,25,2,6,6,6,6,6,6,6,6,6,2,2,2,2,6,2,2,2,2,2,2,2
5,579,25,2,6,6,6,6,6,6,6,6,6,2,2,2,2,6,2,2,2,2,2,2,2
5,580,25,2,6,6,6,6,6,6,6,6,6,2,2,2,2,6,2,2,2,2,2,2,2
5,581,25,2,6,6,6,6,6,6,6,6,6,2,2,2,2,6,2,2,2,2,2,2,2
5,582,25,2,6,6,6,6,6,6,6,6,6,2,2,2,2,6,2,2,2,2,2,2,2
5,583,25,2,6,6,6,6,6,6,6,6,6,2,2,2,2,6,2,2,2,2,2,2,2
5,584,25,2,6,6,6,6,6,6,6,6,6,2,2,2,2,6,2,2,2,2,2,2,2
5,585,25,2,6,6,6,6,6,6,6,6,6,2,2,2,2,6,2,2,2,2,2,2,2
5,586,25,2,6,6,6,6,6,6,6,6,6,2,2,2,2,6,2,2,2,2,2,2,2
5,587,25,2,6,6,6,6,6,6,6,6,6,2,2,2,2,6,2,2,2,2,2,2,2
5,588,25,2,6,6,6,6,6,6,6,6,6,2,2,2,2,6,2,2,2,2,2,2,2
5,589,25,2,6,6,6,6,6,6,6,6,6,2,2,2,2,6,2,2,2,2,2,2,2
5,590,25,2,6,6,6,6,6,6,6,6,6,2,2,2,2,6,2,2,2,2,2,2,2
5,591,25,2,6,6,6,6,6,6,6,6,6,2,2,2,2,6,2,2,2,2,2,2,2
5,592,25,2,6,6,6,6,6,6,6,6,6,2,2,2,2,6,2,2,2,2,2,2,2
5,593,25,2,6,6,6,6,6,6,6,6,6,2,2,2,2,6,2,2,2,2,2,2,2
5,594,25,2,6,6,6,6,6,6,6,6,6,2,2,2,2,6,2,2,2,2,2,2,2
5,595,25,2,6,6,6,6,6,6,6,6,6,2,2,2,2,6,2,2,2,2,2,2,2
5,596,25,2,6,6,6,6,6,6,6,6,6,2,2,2,2,6,2,2,2,2,2,2,2
5,597,25,2,6,6,6,6,6,6,6,6,6,2,2,2,2,6,2,2,2,2,2,2,2
5,598,25,2,6,6,6,6,6,6,6,6,6,2,2,2,2,6,2,2,2,2,2,2,2
5,599,25,2,6,6,6,6,6,6,6,6,6,2,2,2,2,6,2,2,2,2,2,2,2
5,600,25,2,6,6,6,6,6,6,6,6,6,2,2,2,2,6,2,2,2,2,2,2,2
5,601,25,2,6,6,6,6,6,6,6,6,6,2,2,2,2,6,2,2,2,2,2,2,2
5,602,25,2,6,6,6,6,6,6,6,6,6,2,2,2,2,6,2,2,2,2,2,2,2
5,603,25,2,6,6,6,6,6,6,6,6,6,2,2,2,2,6,2,2,2,2,2,2,2
5,604,25,2,6,6,6,6,6,6,6,6,6,2,2,2,2,6,2,2,2,2,2,2,2
5,605,25,2,6,6,6,6,6,6,6,6,6,2,2,2,2,6,2,2,2,2,2,2,2
5,606,25,2,6,6,6,6,6,6,6,6,6,2,2,2,2,6,2,2,2,2,2,2,2
5,607,25,2,6,6,6,6,6,6,6,6,6,2,2,2,2,6,2,2,2,2,2,2,2
5,608,25,2,6,6,6,6,6,6,6,6,6,2,2,2,2,6,2,2,2,2,2,2,2
5,609,25,2,6,6,6,6,6,6,6,6,6,2,2,2,2,6,2,2,2,2,2,2,2
5,610,25,2,6,6,6,6,6,6,6,6,6,2,2,2,2,6,2,2,2,2,2,2,2
5,612,25,2,6,6,6,6,6,6,6,6,6,2,2,2,2,6,2,2,2,2,2,2,2
5,613,25,2,6,6,6,6,6,6,6,6,6,2,2,2,2,6,2,2,2,2,2,2,2
5,614,25,2,6,6,6,6,6,6,6,6,6,2,2,2,2,6,2,2,2,2,2,2,2
5,615,25,2,6,6,6,6,6,6,6,6,6,2,2,2,2,6,2,2,2,2,2,2,2
5,616,25,2,6,6,6,6,6,6,6,6,6,2,2,2,2,6,2,2,2,2,2,2,2
5,617,25,2,6,6,6,6,6,6,6,6,6,2,2,2,2,6,2,2,2,2,2,2,2
5,618,25,2,6,6,6,6,6,6,6,6,6,2,2,2,2,6,2,2,2,2,2,2,2
5,619,25,2,6,6,6,6,6,6,6,6,6,2,2,2,2,6,2,2,2,2,2,2,2
5,620,25,2,6,6,6,6,6,6,6,6,6,2,2,2,2,6,2,2,2,2,2,2,2
5,621,25,2,6,6,6,6,6,6,6,6,6,2,2,2,2,6,2,2,2,2,2,2,2
5,622,25,2,6,6,6,6,6,6,6,6,6,2,2,2,2,6,2,2,2,2,2,2,2
5,623,25,2,6,6,6,6,6,6,6,6,6,2,2,2,2,6,2,2,2,2,2,2,2
5,624,25,2,6,6,6,6,6,6,6,6,6,2,2,2,2,6,2,2,2,2,2,2,2
5,625,25,2,6,6,6,6,6,6,6,6,6,2,2,2,2,6,2,2,2,2,2,2,2
5,626,25,2,6,6,6,6,6,6,6,6,6,2,2,2,2,6,2,2,2,2,2,2,2
5,627,25,2,6,6,6,6,6,6,6,6,6,2,2,2,2,6,2,2,2,2,2,2,2
5,628,25,2,6,6,6,6,6,6,6,6,6,2,2,2,2,6,2,2,2,2,2,2,2
5,629,25,2,6,6,6,6,6,6,6,6,6,2,2,2,2,6,2,2,2,2,2,2,2
5,630,25,2,6,6,6,6,6,6,6,6,6,2,2,2,2,6,2,2,2,2,2,2,2
5,631,25,2,6,6,6,6,6,6,6,6,6,2,2,2,2,6,2,2,2,2,2,2,2
5,632,25,2,6,6,6,6,6,6,6,6,6,2,2,2,2,6,2,2,2,2,2,2,2
5,633,25,2,6,6,6,6,6,6,6,6,6,2,2,2,2,6,2,2,2,2,2,2,2
5,634,25,2,6,6,6,6,6,6,6,6,6,2,2,2,2,6,2,2,2,2,2,2,2
5,635,25,2,6,6,6,6,6,6,6,6,6,2,2,2,2,6,2,2,2,2,2,2,2
5,636,25,2,6,6,6,6,6,6,6,6,6,2,2,2,2,6,2,2,2,2,2,2,2
5,637,25,2,6,6,6,6,6,6,6,6,6,2,2,2,2,6,2,2,2,2,2,2,2
5,638,25,2,6,6,6,6,6,6,6,6,6,2,2,2,2,6,2,2,2,2,2,2,2
5,639,25,2,6,6,6,6,6,6,6,6,6,2,2,2,2,6,2,2,2,2,2,2,2
5,640,25,2,6,6,6,6,6,6,6,6,6,2,2,2,2,6,2,2,2,2,2,2,2
5,641,25,2,6,6,6,6,6,6,6,6,6,2,2,2,2,6,2,2,2,2,2,2,2
5,642,25,2,6,6,6,6,6,6,6,6,6,2,2,2,2,6,2,2,2,2,2,2,2
5,643,25,2,6,6,6,6,6,6,6,6,6,2,2,2,2,6,2,2,2,2,2,2,2
5,644,25,2,6,6,6,6,6,6,6,6,6,2,2,2,2,6,2,2,2,2,2,2,2
5,645,26,1,7,7,7,7,7,7,7,7,7,1,1,1,1,7,1,1,1,1,1,1,1
5,646,26,1,7,7,7,7,7,7,7,7,7,1,1,1,1,7,1,1,1,1,1,1,1
5,647,26,1,7,7,7,7,7,7,7,7,7,1,1,1,1,7,1,1,1,1,1,1,1
5,648,26,1,7,7,7,7,7,7,7,7,7,1,1,1,1,7,1,1,1,1,1,1,1
5,649,26,1,7,7,7,7,7,7,7,7,7,1,1,1,1,7,1,1,1,1,1,1,1
5,650,26,1,7,7,7,7,7,7,7,7,7,1,1,1,1,7,1,1,1,1,1,1,1
5,652,27,3,3,3,3,3,3,3,3,3,3,3,5,5,5,3,5,5,3,5,5,5,3
5,653,27,3,3,3,3,3,3,3,3,3,3,3,5,5,5,3,5,5,3,5,5,5,3
5,654,27,3,3,3,3,3,3,3,3,3,3,3,5,5,5,3,5,5,3,5,5,5,3
5,655,27,3,3,3,3,3,3,3,3,3,3,3,5,5,5,3,5,5,3,5,5,5,3
5,656,27,3,3,3,3,3,3,3,3,3,3,3,5,5,5,3,5,5,3,5,5,5,3
5,657,27,3,3,3,3,3,3,3,3,3,3,3,5,5,5,3,5,5,3,5,5,5,3
5,658,27,3,3,3,3,3,3,3,3,3,3,3,5,5,5,3,5,5,3,5,5,5,3
5,659,27,3,3,3,3,3,3,3,3,3,3,3,5,5,5,3,5,5,3,5,5,5,3
5,660,27,3,3,3,3,3,3,3,3,3,3,3,5,5,5,3,5,5,3,5,5,5,3
5,661,27,3,3,3,3,3,3,3,3,3,3,3,5,5,5,3,5,5,3,5,5,5,3
5,662,27,3,3,3,3,3,3,3,3,3,3,3,5,5,5,3,5,5,3,5,5,5,3
5,663,27,3,3,3,3,3,3,3,3,3,3,3,5,5,5,3,5,5,3,5,5,5,3
5,664,27,3,3,3,3,3,3,3,3,3,3,3,5,5,5,3,5,5,3,5,5,5,3
5,665,27,3,3,3,3,3,3,3,3,3,3,3,5,5,5,3,5,5,3,5,5,5,3
5,666,27,3,3,3,3,3,3,3,3,3,3,3,5,5,5,3,5,5,3,5,5,5,3
5,667,27,3,3,3,3,3,3,3,3,3,3,3,5,5,5,3,5,5,3,5,5,5,3
5,668,27,3,3,3,3,3,3,3,3,3,3,3,5,5,5,3,5,5,3,5,5,5,3
5,669,27,3,3,3,3,3,3,3,3,3,3,3,5,5,5,3,5,5,3,5,5,5,3
5,670,27,3,3,3,3,3,3,3,3,3,3,3,5,5,5,3,5,5,3,5,5,5,3
5,671,27,3,3,3,3,3,3,3,3,3,3,3,5,5,5,3,5,5,3,5,5,5,3
5,672,27,3,3,3,3,3,3,3,3,3,3,3,5,5,5,3,5,5,3,5,5,5,3
5,673,27,3,3,3,3,3,3,3,3,3,3,3,5,5,5,3,5,5,3,5,5,5,3
5,674,27,3,3,3,3,3,3,3,3,3,3,3,5,5,5,3,5,5,3,5,5,5,3
5,675,27,3,3,3,3,3,3,3,3,3,3,3,5,5,5,3,5,5,3,5,5,5,3
5,676,27,3,3,3,3,3,3,3,3,3,3,3,5,5,5,3,5,5,3,5,5,5,3
5,677,27,3,3,3,3,3,3,3,3,3,3,3,5,5,5,3,5,5,3,5,5,5,3
5,678,27,3,3,3,3,3,3,3,3,3,3,3,5,5,5,3,5,5,3,5,5,5,3
5,679,27,3,3,3,3,3,3,3,3,3,3,3,5,5,5,3,5,5,3,5,5,5,3
5,680,27,3,3,3,3,3,3,3,3,3,3,3,5,5,5,3,5,5,3,5,5,5,3
5,681,27,3,3,3,3,3,3,3,3,3,3,3,5,5,5,3,5,5,3,5,5,5,3
5,682,27,3,3,3,3,3,3,3,3,3,3,3,5,5,5,3,5,5,3,5,5,5,3
5,683,27,3,3,3,3,3,3,3,3,3,3,3,5,5,5,3,5,5,3,5,5,5,3
5,684,27,3,3,3,3,3,3,3,3,3,3,3,5,5,5,3,5,5,3,5,5,5,3
5,685,27,3,3,3,3,3,3,3,3,3,3,3,5,5,5,3,5,5,3,5,5,5,3
5,686,27,3,3,3,3,3,3,3,3,3,3,3,5,5,5,3,5,5,3,5,5,5,3
5,687,27,3,3,3,3,3,3,3,3,3,3,3,5,5,5,3,5,5,3,5,5,5,3
5,688,27,3,3,3,3,3,3,3,3,3,3,3,5,5,5,3,5,5,3,5,5,5,3
5,689,27,3,3,3,3,3,3,3,3,3,3,3,5,5,5,3,5,5,3,5,5,5,3
5,690,27,3,3,3,3,3,3,3,3,3,3,3,5,5,5,3,5,5,3,5,5,5,3
5,691,28,1,7,7,7,7,7,7,7,7,7,1,1,1,1,7,1,1,1,1,1,1,1
5,692,28,1,7,7,7,7,7,7,7,7,7,1,1,1,1,7,1,1,1,1,1,1,1
5,693,28,1,7,7,7,7,7,7,7,7,7,1,1,1,1,7,1,1,1,1,1,1,1
5,694,28,1,7,7,7,7,7,7,7,7,7,1,1,1,1,7,1,1,1,1,1,1,1
5,695,28,1,7,7,7,7,7,7,7,7,7,1,1,1,1,7,1,1,1,1,1,1,1
5,696,28,1,7,7,7,7,7,7,7,7,7,1,1,1,1,7,1,1,1,1,1,1,1
5,697,28,1,7,7,7,7,7,7,7,7,7,1,1,1,1,7,1,1,1,1,1,1,1
5,698,28,1,7,7,7,7,7,7,7,7,7,1,1,1,1,7,1,1,1,1,1,1,1
5,699,28,1,7,7,7,7,7,7,7,7,7,1,1,1,1,7,1,1,1,1,1,1,1
5,700,28,1,7,7,7,7,7,7,7,7,7,1,1,1,1,7,1,1,1,1,1,1,1
5,701,28,1,7,7,7,7,7,7,7,7,7,1,1,1,1,7,1,1,1,1,1,1,1
5,702,28,1,7,7,7,7,7,7,7,7,7,1,1,1,1,7,1,1,1,1,1,1,1
5,703,28,1,7,7,7,7,7,7,7,7,7,1,1,1,1,7,1,1,1,1,1,1,1
5,704,28,1,7,7,7,7,7,7,7,7,7,1,1,1,1,7,1,1,1,1,1,1,1
5,705,28,1,7,7,7,7,7,7,7,7,7,1,1,1,1,7,1,1,1,1,1,1,1
5,706,28,1,7,7,7,7,7,7,7,7,7,1,1,1,1,7,1,1,1,1,1,1,1
5,707,28,1,7,7,7,7,7,7,7,7,7,1,1,1,1,7,1,1,1,1,1,1,1
5,708,28,1,7,7,7,7,7,7,7,7,7,1,1,1,1,7,1,1,1,1,1,1,1
5,709,28,1,7,7,7,7,7,7,7,7,7,1,1,1,1,7,1,1,1,1,1,1,1
5,710,28,1,7,7,7,7,7,7,7,7,7,1,1,1,1,7,1,1,1,1,1,1,1
5,711,28,1,7,7,7,7,7,7,7,7,7,1,1,1,1,7,1,1,1,1,1,1,1
5,712,28,1,7,7,7,7,7,7,7,7,7,1,1,1,1,7,1,1,1,1,1,1,1
5,713,28,1,7,7,7,7,7,7,7,7,7,1,1,1,1,7,1,1,1,1,1,1,1
5,714,28,1,7,7,7,7,7,7,7,7,7,1,1,1,1,7,1,1,1,1,1,1,1
5,715,28,1,7,7,7,7,7,7,7,7,7,1,1,1,1,7,1,1,1,1,1,1,1
5,716,28,1,7,7,7,7,7,7,7,7,7,1,1,1,1,7,1,1,1,1,1,1,1
5,717,28,1,7,7,7,7,7,7,7,7,7,1,1,1,1,7,1,1,1,1,1,1,1
5,718,28,1,7,7,7,7,7,7,7,7,7,1,1,1,1,7,1,1,1,1,1,1,1
5,719,28,1,7,7,7,7,7,7,7,7,7,1,1,1,1,7,1,1,1,1,1,1,1
5,720,28,1,7,7,7,7,7,7,7,7,7,1,1,1,1,7,1,1,1,1,1,1,1
5,721,28,1,7,7,7,7,7,7,7,7,7,1,1,1,1,7,1,1,1,1,1,1,1
5,722,28,1,7,7,7,7,7,7,7,7,7,1,1,1,1,7,1,1,1,1,1,1,1
5,723,28,1,7,7,7,7,7,7,7,7,7,1,1,1,1,7,1,1,1,1,1,1,1
5,724,28,1,7,7,7,7,7,7,7,7,7,1,1,1,1,7,1,1,1,1,1,1,1
5,725,28,1,7,7,7,7,7,7,7,7,7,1,1,1,1,7,1,1,1,1,1,1,1
5,726,28,1,7,7,7,7,7,7,7,7,7,1,1,1,1,7,1,1,1,1,1,1,1
5,727,28,1,7,7,7,7,7,7,7,7,7,1,1,1,1,7,1,1,1,1,1,1,1
5,728,29,3,3,3,3,3,3,3,3,3,3,3,5,5,5,3,5,5,3,5,5,5,3
5,729,29,3,3,3,3,3,3,3,3,3,3,3,5,5,5,3,5,5,3,5,5,5,3
5,730,30,6,1,1,1,1,1,1,1,1,1,6,3,3,3,2,3,3,6,3,3,3,6
5,731,30,6,1,1,1,1,1,1,1,1,1,6,3,3,3,2,3,3,6,3,3,3,6
5,732,30,6,1,1,1,1,1,1,1,1,1,6,3,3,3,2,3,3,6,3,3,3,6
5,733,30,6,1,1,1,1,1,1,1,1,1,6,3,3,3,2,3,3,6,3,3,3,6
5,734,30,6,1,1,1,1,1,1,1,1,1,6,3,3,3,2,3,3,6,3,3,3,6
5,735,30,6,1,1,1,1,1,1,1,1,1,6,3,3,3,2,3,3,6,3,3,3,6
5,736,30,6,1,1,1,1,1,1,1,1,1,6,3,3,3,2,3,3,6,3,3,3,6
5,737,30,7,2,2,2,2,2,2,2,2,2,7,4,4,4,1,4,4,7,4,4,4,7
5,738,30,7,2,2,2,2,2,2,2,2,2,7,4,4,4,1,4,4,7,4,4,4,7
5,739,30,6,1,1,1,1,1,1,1,1,1,6,3,3,3,2,3,3,6,3,3,3,6
5,740,30,6,1,1,1,1,1,1,1,1,1,6,3,3,3,2,3,3,6,3,3,3,6
5,741,30,6,1,1,1,1,1,1,1,1,1,6,3,3,3,2,3,3,6,3,3,3,6
5,742,30,6,1,1,1,1,1,1,1,1,1,6,3,3,3,2,3,3,6,3,3,3,6
5,743,30,7,2,2,2,2,2,2,2,2,2,7,4,4,4,1,4,4,7,4,4,4,7
5,744,30,7,2,2,2,2,2,2,2,2,2,7,4,4,4,1,4,4,7,4,4,4,7
5,745,30,7,2,2,2,2,2,2,2,2,2,7,4,4,4,1,4,4,7,4,4,4,7
5,746,30,7,2,2,2,2,2,2,2,2,2,7,4,4,4,1,4,4,7,4,4,4,7
5,747,30,7,2,2,2,2,2,2,2,2,2,7,4,4,4,1,4,4,7,4,4,4,7
5,748,30,7,2,2,2,2,2,2,2,2,2,7,4,4,4,1,4,4,7,4,4,4,7
5,749,30,6,1,1,1,1,1,1,1,1,1,6,3,3,3,2,3,3,6,3,3,3,6
5,750,30,6,1,1,1,1,1,1,1,1,1,6,3,3,3,2,3,3,6,3,3,3,6
5,751,30,6,1,1,1,1,1,1,1,1,1,6,3,3,3,2,3,3,6,3,3,3,6
5,752,30,6,1,1,1,1,1,1,1,1,1,6,3,3,3,2,3,3,6,3,3,3,6
5,753,30,6,1,1,1,1,1,1,1,1,1,6,3,3,3,2,3,3,6,3,3,3,6
5,754,30,6,1,1,1,1,1,1,1,1,1,6,3,3,3,2,3,3,6,3,3,3,6
5,755,30,6,1,1,1,1,1,1,1,1,1,6,3,3,3,2,3,3,6,3,3,3,6
5,756,30,6,1,1,1,1,1,1,1,1,1,6,3,3,3,2,3,3,6,3,3,3,6
5,757,30,6,1,1,1,1,1,1,1,1,1,6,3,3,3,2,3,3,6,3,3,3,6
5,758,30,6,1,1,1,1,1,1,1,1,1,6,3,3,3,2,3,3,6,3,3,3,6
5,759,30,6,1,1,1,1,1,1,1,1,1,6,3,3,3,2,3,3,6,3,3,3,6
5,760,30,6,1,1,1,1,1,1,1,1,1,6,3,3,3,2,3,3,6,3,3,3,6
5,761,30,6,1,1,1,1,1,1,1,1,1,6,3,3,3,2,3,3,6,3,3,3,6
5,762,30,6,1,1,1,1,1,1,1,1,1,6,3,3,3,2,3,3,6,3,3,3,6
5,763,30,6,1,1,1,1,1,1,1,1,1,6,3,3,3,2,3,3,6,3,3,3,6
5,764,30,6,1,1,1,1,1,1,1,1,1,6,3,3,3,2,3,3,6,3,3,3,6
5,765,30,7,2,2,2,2,2,2,2,2,2,7,4,4,4,1,4,4,7,4,4,4,7
5,766,30,7,2,2,2,2,2,2,2,2,2,7,4,4,4,1,4,4,7,4,4,4,7
5,767,30,7,2,2,2,2,2,2,2,2,2,7,4,4,4,1,4,4,7,4,4,4,7
5,768,30,7,2,2,2,2,2,2,2,2,2,7,4,4,4,1,4,4,7,4,4,4,7
5,769,30,7,2,2,2,2,2,2,2,2,2,7,4,4,4,1,4,4,7,4,4,4,7
5,770,30,7,2,2,2,2,2,2,2,2,2,7,4,4,4,1,4,4,7,4,4,4,7
5,771,30,7,2,2,2,2,2,2,2,2,2,7,4,4,4,1,4,4,7,4,4,4,7
5,772,30,6,1,1,1,1,1,1,1,1,1,6,3,3,3,2,3,3,6,3,3,3,6
5,773,30,6,1,1,1,1,1,1,1,1,1,6,3,3,3,2,3,3,6,3,3,3,6
5,774,30,6,1,1,1,1,1,1,1,1,1,6,3,3,3,2,3,3,6,3,3,3,6
5,775,30,6,1,1,1,1,1,1,1,1,1,6,3,3,3,2,3,3,6,3,3,3,6
5,776,30,6,1,1,1,1,1,1,1,1,1,6,3,3,3,2,3,3,6,3,3,3,6
5,777,30,6,1,1,1,1,1,1,1,1,1,6,3,3,3,2,3,3,6,3,3,3,6
5,778,30,6,1,1,1,1,1,1,1,1,1,6,3,3,3,2,3,3,6,3,3,3,6
5,779,30,6,1,1,1,1,1,1,1,1,1,6,3,3,3,2,3,3,6,3,3,3,6
5,780,30,6,1,1,1,1,1,1,1,1,1,6,3,3,3,2,3,3,6,3,3,3,6
5,781,30,6,1,1,1,1,1,1,1,1,1,6,3,3,3,2,3,3,6,3,3,3,6
5,782,30,6,1,1,1,1,1,1,1,1,1,6,3,3,3,2,3,3,6,3,3,3,6
5,783,30,6,1,1,1,1,1,1,1,1,1,6,3,3,3,2,3,3,6,3,3,3,6
5,784,30,6,1,1,1,1,1,1,1,1,1,6,3,3,3,2,3,3,6,3,3,3,6
5,785,30,6,1,1,1,1,1,1,1,1,1,6,3,3,3,2,3,3,6,3,3,3,6
5,786,30,6,1,1,1,1,1,1,1,1,1,6,3,3,3,2,3,3,6,3,3,3,6
5,787,30,7,2,2,2,2,2,2,2,2,2,7,4,4,4,1,4,4,7,4,4,4,7
5,788,30,7,2,2,2,2,2,2,2,2,2,7,4,4,4,1,4,4,7,4,4,4,7
5,789,30,7,2,2,2,2,2,2,2,2,2,7,4,4,4,1,4,4,7,4,4,4,7
5,790,30,7,2,2,2,2,2,2,2,2,2,7,4,4,4,1,4,4,7,4,4,4,7
5,791,30,7,2,2,2,2,2,2,2,2,2,7,4,4,4,1,4,4,7,4,4,4,7
5,792,30,7,2,2,2,2,2,2,2,2,2,7,4,4,4,1,4,4,7,4,4,4,7
5,793,30,7,2,2,2,2,2,2,2,2,2,7,4,4,4,1,4,4,7,4,4,4,7
5,794,30,7,2,2,2,2,2,2,2,2,2,7,4,4,4,1,4,4,7,4,4,4,7
5,795,30,7,2,2,2,2,2,2,2,2,2,7,4,4,4,1,4,4,7,4,4,4,7
5,796,30,6,1,1,1,1,1,1,1,1,1,6,3,3,3,2,3,3,6,3,3,3,6
5,797,30,6,1,1,1,1,1,1,1,1,1,6,3,3,3,2,3,3,6,3,3,3,6
5,798,30,6,1,1,1,1,1,1,1,1,1,6,3,3,3,2,3,3,6,3,3,3,6
5,799,30,6,1,1,1,1,1,1,1,1,1,6,3,3,3,2,3,3,6,3,3,3,6
5,800,30,6,1,1,1,1,1,1,1,1,1,6,3,3,3,2,3,3,6,3,3,3,6
5,801,30,6,1,1,1,1,1,1,1,1,1,6,3,3,3,2,3,3,6,3,3,3,6
5,802,30,6,1,1,1,1,1,1,1,1,1,6,3,3,3,2,3,3,6,3,3,3,6
5,803,30,6,1,1,1,1,1,1,1,1,1,6,3,3,3,2,3,3,6,3,3,3,6
5,804,30,6,1,1,1,1,1,1,1,1,1,6,3,3,3,2,3,3,6,3,3,3,6
5,805,30,6,1,1,1,1,1,1,1,1,1,6,3,3,3,2,3,3,6,3,3,3,6
5,806,30,6,1,1,1,1,1,1,1,1,1,6,3,3,3,2,3,3,6,3,3,3,6
5,807,30,6,1,1,1,1,1,1,1,1,1,6,3,3,3,2,3,3,6,3,3,3,6
5,808,30,6,1,1,1,1,1,1,1,1,1,6,3,3,3,2,3,3,6,3,3,3,6
5,809,30,6,1,1,1,1,1,1,1,1,1,6,3,3,3,2,3,3,6,3,3,3,6
5,810,30,6,1,1,1,1,1,1,1,1,1,6,3,3,3,2,3,3,6,3,3,3,6
5,811,30,6,1,1,1,1,1,1,1,1,1,6,3,3,3,2,3,3,6,3,3,3,6
5,812,30,7,2,2,2,2,2,2,2,2,2,7,4,4,4,1,4,4,7,4,4,4,7
5,813,30,7,2,2,2,2,2,2,2,2,2,7,4,4,4,1,4,4,7,4,4,4,7
5,814,30,7,2,2,2,2,2,2,2,2,2,7,4,4,4,1,4,4,7,4,4,4,7
5,815,30,7,2,2,2,2,2,2,2,2,2,7,4,4,4,1,4,4,7,4,4,4,7
5,816,30,7,2,2,2,2,2,2,2,2,2,7,4,4,4,1,4,4,7,4,4,4,7
5,817,30,7,2,2,2,2,2,2,2,2,2,7,4,4,4,1,4,4,7,4,4,4,7
5,818,30,7,2,2,2,2,2,2,2,2,2,7,4,4,4,1,4,4,7,4,4,4,7
5,819,30,7,2,2,2,2,2,2,2,2,2,7,4,4,4,1,4,4,7,4,4,4,7
5,820,30,7,2,2,2,2,2,2,2,2,2,7,4,4,4,1,4,4,7,4,4,4,7
5,821,30,7,2,2,2,2,2,2,2,2,2,7,4,4,4,1,4,4,7,4,4,4,7
5,822,30,7,2,2,2,2,2,2,2,2,2,7,4,4,4,1,4,4,7,4,4,4,7
5,823,30,7,2,2,2,2,2,2,2,2,2,7,4,4,4,1,4,4,7,4,4,4,7
5,824,30,7,2,2,2,2,2,2,2,2,2,7,4,4,4,1,4,4,7,4,4,4,7
5,825,30,7,2,2,2,2,2,2,2,2,2,7,4,4,4,1,4,4,7,4,4,4,7
5,826,30,6,1,1,1,1,1,1,1,1,1,6,4,4,4,2,4,4,6,4,4,4,6
5,827,30,6,1,1,1,1,1,1,1,1,1,6,4,4,4,2,4,4,6,4,4,4,6
5,828,30,6,1,1,1,1,1,1,1,1,1,6,3,3,3,2,3,3,6,3,3,3,6
5,829,30,6,1,1,1,1,1,1,1,1,1,6,3,3,3,2,3,3,6,3,3,3,6
5,831,30,6,1,1,1,1,1,1,1,1,1,6,3,3,3,2,3,3,6,3,3,3,6
5,832,30,6,1,1,1,1,1,1,1,1,1,6,3,3,3,2,3,3,6,3,3,3,6
5,833,30,6,1,1,1,1,1,1,1,1,1,6,3,3,3,2,3,3,6,3,3,3,6
5,834,30,6,1,1,1,1,1,1,1,1,1,6,3,3,3,2,3,3,6,3,3,3,6
5,835,30,6,1,1,1,1,1,1,1,1,1,6,3,3,3,2,3,3,6,3,3,3,6
5,836,30,6,1,1,1,1,1,1,1,1,1,6,3,3,3,2,3,3,6,3,3,3,6
5,837,30,6,1,1,1,1,1,1,1,1,1,6,3,3,3,2,3,3,6,3,3,3,6
5,838,30,6,1,1,1,1,1,1,1,1,1,6,3,3,3,2,3,3,6,3,3,3,6
5,839,30,6,1,1,1,1,1,1,1,1,1,6,3,3,3,2,3,3,6,3,3,3,6
5,840,30,6,1,1,1,1,1,1,1,1,1,6,3,3,3,2,3,3,6,3,3,3,6
5,841,30,6,1,1,1,1,1,1,1,1,1,6,4,4,4,2,4,4,6,4,4,4,6
5,842,30,6,1,1,1,1,1,1,1,1,1,6,4,4,4,2,4,4,6,4,4,4,6
5,843,30,6,1,1,1,1,1,1,1,1,1,6,4,4,4,2,4,4,6,4,4,4,6
5,844,30,6,1,1,1,1,1,1,1,1,1,6,4,4,4,2,4,4,6,4,4,4,6
5,845,30,6,2,2,2,2,2,2,2,2,2,6,4,4,4,2,4,4,6,4,4,4,6
5,846,30,6,2,2,2,2,2,2,2,2,2,6,4,4,4,2,4,4,6,4,4,4,6
5,847,30,7,2,2,2,2,2,2,2,2,2,7,4,4,4,1,4,4,7,4,4,4,7
5,848,30,7,2,2,2,2,2,2,2,2,2,7,4,4,4,1,4,4,7,4,4,4,7
5,849,30,7,2,2,2,2,2,2,2,2,2,7,4,4,4,1,4,4,7,4,4,4,7
5,850,30,7,2,2,2,2,2,2,2,2,2,7,4,4,4,1,4,4,7,4,4,4,7
5,851,30,7,2,2,2,2,2,2,2,2,2,7,4,4,4,1,4,4,7,4,4,4,7
5,852,30,7,2,2,2,2,2,2,2,2,2,7,4,4,4,1,4,4,7,4,4,4,7
5,853,30,7,2,2,2,2,2,2,2,2,2,7,4,4,4,1,4,4,7,4,4,4,7
5,854,30,7,2,2,2,2,2,2,2,2,2,7,4,4,4,1,4,4,7,4,4,4,7
5,855,30,7,2,2,2,2,2,2,2,2,2,7,4,4,4,1,4,4,7,4,4,4,7
5,856,30,7,2,2,2,2,2,2,2,2,2,7,4,4,4,1,4,4,7,4,4,4,7
5,857,30,7,2,2,2,2,2,2,2,2,2,7,4,4,4,1,4,4,7,4,4,4,7
5,858,30,6,2,2,2,2,2,2,2,2,2,6,4,4,4,2,4,4,6,4,4,4,6
5,859,30,6,1,1,1,1,1,1,1,1,1,6,4,4,4,2,4,4,6,4,4,4,6
5,860,30,6,1,1,1,1,1,1,1,1,1,6,4,4,4,2,4,4,6,4,4,4,6
5,861,30,6,1,1,1,1,1,1,1,1,1,6,4,4,4,2,4,4,6,4,4,4,6
5,862,30,6,1,1,1,1,1,1,1,1,1,6,3,3,3,2,3,3,6,3,3,3,6
5,863,30,6,1,1,1,1,1,1,1,1,1,6,3,3,3,2,3,3,6,3,3,3,6
5,864,30,6,1,1,1,1,1,1,1,1,1,6,3,3,3,2,3,3,6,3,3,3,6
5,865,30,6,1,1,1,1,1,1,1,1,1,6,3,3,3,2,3,3,6,3,3,3,6
5,866,30,6,1,1,1,1,1,1,1,1,1,6,3,3,3,2,3,3,6,3,3,3,6
5,867,30,6,1,1,1,1,1,1,1,1,1,6,3,3,3,2,3,3,6,3,3,3,6
5,868,30,6,1,1,1,1,1,1,1,1,1,6,3,3,3,2,3,3,6,3,3,3,6
5,869,30,6,1,1,1,1,1,1,1,1,1,6,3,3,3,2,3,3,6,3,3,3,6
5,870,30,6,1,1,1,1,1,1,1,1,1,6,3,3,3,2,3,3,6,3,3,3,6
5,871,30,6,1,1,1,1,1,1,1,1,1,6,3,3,3,2,3,3,6,3,3,3,6
5,872,30,6,1,1,1,1,1,1,1,1,1,6,3,3,3,2,3,3,6,3,3,3,6
5,873,30,6,1,1,1,1,1,1,1,1,1,6,3,3,3,2,3,3,6,3,3,3,6
5,874,30,6,1,1,1,1,1,1,1,1,1,6,3,3,3,2,3,3,6,3,3,3,6
5,875,30,6,1,1,1,1,1,1,1,1,1,6,4,4,4,2,4,4,6,4,4,4,6
5,876,30,6,1,1,1,1,1,1,1,1,1,6,4,4,4,2,4,4,6,4,4,4,6
5,877,30,7,2,2,2,2,2,2,2,2,2,7,4,4,4,1,4,4,7,4,4,4,7
5,878,30,7,2,2,2,2,2,2,2,2,2,7,4,4,4,1,4,4,7,4,4,4,7
5,879,30,7,2,2,2,2,2,2,2,2,2,7,4,4,4,1,4,4,7,4,4,4,7
5,880,30,7,2,2,2,2,2,2,2,2,2,7,4,4,4,1,4,4,7,4,4,4,7
5,881,30,7,2,2,2,2,2,2,2,2,2,7,4,4,4,1,4,4,7,4,4,4,7
5,882,30,7,2,2,2,2,2,2,2,2,2,7,4,4,4,1,4,4,7,4,4,4,7
5,883,30,7,2,2,2,2,2,2,2,2,2,7,4,4,4,1,4,4,7,4,4,4,7
5,884,30,7,2,2,2,2,2,2,2,2,2,7,4,4,4,1,4,4,7,4,4,4,7
5,885,30,7,2,2,2,2,2,2,2,2,2,7,4,4,4,1,4,4,7,4,4,4,7
5,886,30,7,2,2,2,2,2,2,2,2,2,7,4,4,4,1,4,4,7,4,4,4,7
5,887,30,7,2,2,2,2,2,2,2,2,2,7,4,4,4,1,4,4,7,4,4,4,7
5,888,30,7,2,2,2,2,2,2,2,2,2,7,4,4,4,1,4,4,7,4,4,4,7
5,889,30,7,2,2,2,2,2,2,2,2,2,7,4,4,4,1,4,4,7,4,4,4,7
5,890,30,7,2,2,2,2,2,2,2,2,2,7,4,4,4,1,4,4,7,4,4,4,7
5,891,30,7,2,2,2,2,2,2,2,2,2,7,4,4,4,1,4,4,7,4,4,4,7
5,892,30,7,2,2,2,2,2,2,2,2,2,7,4,4,4,1,4,4,7,4,4,4,7
5,893,30,7,2,2,2,2,2,2,2,2,2,7,4,4,4,1,4,4,7,4,4,4,7
5,894,30,7,2,2,2,2,2,2,2,2,2,7,4,4,4,1,4,4,7,4,4,4,7
5,895,30,7,2,2,2,2,2,2,2,2,2,7,4,4,4,1,4,4,7,4,4,4,7
5,896,30,7,2,2,2,2,2,2,2,2,2,7,4,4,4,1,4,4,7,4,4,4,7
5,897,30,6,1,1,1,1,1,1,1,1,1,6,4,4,4,2,4,4,6,4,4,4,6
5,898,30,6,1,1,1,1,1,1,1,1,1,6,3,3,3,2,3,3,6,3,3,3,6
5,899,30,6,1,1,1,1,1,1,1,1,1,6,3,3,3,2,3,3,6,3,3,3,6
5,900,30,6,1,1,1,1,1,1,1,1,1,6,3,3,3,2,3,3,6,3,3,3,6
5,901,30,6,1,1,1,1,1,1,1,1,1,6,3,3,3,2,3,3,6,3,3,3,6
5,902,30,6,1,1,1,1,1,1,1,1,1,6,3,3,3,2,3,3,6,3,3,3,6
5,903,30,6,1,1,1,1,1,1,1,1,1,6,3,3,3,2,3,3,6,3,3,3,6
5,904,30,6,1,1,1,1,1,1,1,1,1,6,3,3,3,2,3,3,6,3,3,3,6
5,905,30,6,1,1,1,1,1,1,1,1,1,6,3,3,3,2,3,3,6,3,3,3,6
5,906,30,6,1,1,1,1,1,1,1,1,1,6,3,3,3,2,3,3,6,3,3,3,6
5,907,30,6,1,1,1,1,1,1,1,1,1,6,3,3,3,2,3,3,6,3,3,3,6
5,908,30,6,1,1,1,1,1,1,1,1,1,6,3,3,3,2,3,3,6,3,3,3,6
5,909,30,6,1,1,1,1,1,1,1,1,1,6,3,3,3,2,3,3,6,3,3,3,6
5,910,30,6,1,1,1,1,1,1,1,1,1,6,3,3,3,2,3,3,6,3,3,3,6
5,911,30,6,1,1,1,1,1,1,1,1,1,6,3,3,3,2,3,3,6,3,3,3,6
5,912,30,6,1,1,1,1,1,1,1,1,1,6,3,3,3,2,3,3,6,3,3,3,6
5,913,30,6,1,1,1,1,1,1,1,1,1,6,3,3,3,2,3,3,6,3,3,3,6
5,914,30,7,2,2,2,2,2,2,2,2,2,7,4,4,4,1,4,4,7,4,4,4,7
5,915,30,7,2,2,2,2,2,2,2,2,2,7,4,4,4,1,4,4,7,4,4,4,7
5,916,30,7,2,2,2,2,2,2,2,2,2,7,4,4,4,1,4,4,7,4,4,4,7
5,917,30,7,2,2,2,2,2,2,2,2,2,7,4,4,4,1,4,4,7,4,4,4,7
5,918,30,7,2,2,2,2,2,2,2,2,2,7,4,4,4,1,4,4,7,4,4,4,7
5,919,30,7,2,2,2,2,2,2,2,2,2,7,4,4,4,1,4,4,7,4,4,4,7
5,920,30,7,2,2,2,2,2,2,2,2,2,7,4,4,4,1,4,4,7,4,4,4,7
5,921,30,7,2,2,2,2,2,2,2,2,2,7,4,4,4,1,4,4,7,4,4,4,7
5,922,30,7,2,2,2,2,2,2,2,2,2,7,4,4,4,1,4,4,7,4,4,4,7
5,923,30,7,2,2,2,2,2,2,2,2,2,7,4,4,4,1,4,4,7,4,4,4,7
5,924,30,7,2,2,2,2,2,2,2,2,2,7,4,4,4,1,4,4,7,4,4,4,7
5,925,30,7,2,2,2,2,2,2,2,2,2,7,4,4,4,1,4,4,7,4,4,4,7
5,926,30,7,2,2,2,2,2,2,2,2,2,7,4,4,4,1,4,4,7,4,4,4,7
5,927,30,7,2,2,2,2,2,2,2,2,2,7,4,4,4,1,4,4,7,4,4,4,7
5,928,30,7,2,2,2,2,2,2,2,2,2,7,4,4,4,1,4,4,7,4,4,4,7
5,929,30,7,2,2,2,2,2,2,2,2,2,7,4,4,4,1,4,4,7,4,4,4,7
5,930,30,7,2,2,2,2,2,2,2,2,2,7,4,4,4,1,4,4,7,4,4,4,7
5,931,30,7,2,2,2,2,2,2,2,2,2,7,4,4,4,1,4,4,7,4,4,4,7
5,932,30,7,2,2,2,2,2,2,2,2,2,7,4,4,4,1,4,4,7,4,4,4,7
5,933,30,7,2,2,2,2,2,2,2,2,2,7,4,4,4,1,4,4,7,4,4,4,7
5,934,30,7,2,2,2,2,2,2,2,2,2,7,4,4,4,1,4,4,7,4,4,4,7
5,935,30,7,2,2,2,2,2,2,2,2,2,7,4,4,4,1,4,4,7,4,4,4,7
5,936,30,7,2,2,2,2,2,2,2,2,2,7,3,3,3,1,3,3,7,3,3,3,7
5,937,30,7,2,2,2,2,2,2,2,2,2,7,4,4,4,1,4,4,7,4,4,4,7
5,938,30,6,1,1,1,1,1,1,1,1,1,6,3,3,3,2,3,3,6,3,3,3,6
5,939,30,6,1,1,1,1,1,1,1,1,1,6,3,3,3,2,3,3,6,3,3,3,6
5,940,30,6,1,1,1,1,1,1,1,1,1,6,3,3,3,2,3,3,6,3,3,3,6
5,941,30,6,1,1,1,1,1,1,1,1,1,6,3,3,3,2,3,3,6,3,3,3,6
5,942,30,6,1,1,1,1,1,1,1,1,1,6,3,3,3,2,3,3,6,3,3,3,6
5,943,30,6,1,1,1,1,1,1,1,1,1,6,3,3,3,2,3,3,6,3,3,3,6
5,944,30,6,1,1,1,1,1,1,1,1,1,6,3,3,3,2,3,3,6,3,3,3,6
5,945,30,6,1,1,1,1,1,1,1,1,1,6,3,3,3,2,3,3,6,3,3,3,6
5,946,30,6,1,1,1,1,1,1,1,1,1,6,3,3,3,2,3,3,6,3,3,3,6
5,947,30,6,1,1,1,1,1,1,1,1,1,6,3,3,3,2,3,3,6,3,3,3,6
5,948,30,6,1,1,1,1,1,1,1,1,1,6,3,3,3,2,3,3,6,3,3,3,6
5,949,30,6,1,1,1,1,1,1,1,1,1,6,3,3,3,2,3,3,6,3,3,3,6
5,950,30,6,1,1,1,1,1,1,1,1,1,6,3,3,3,2,3,3,6,3,3,3,6
5,951,30,6,1,1,1,1,1,1,1,1,1,6,3,3,3,2,3,3,6,3,3,3,6
5,952,30,6,1,1,1,1,1,1,1,1,1,6,3,3,3,2,3,3,6,3,3,3,6
5,953,30,6,1,1,1,1,1,1,1,1,1,6,3,3,3,2,3,3,6,3,3,3,6
5,954,30,6,1,1,1,1,1,1,1,1,1,6,3,3,3,2,3,3,6,3,3,3,6
5,955,30,6,1,1,1,1,1,1,1,1,1,6,3,3,3,2,3,3,6,3,3,3,6
5,956,30,6,1,1,1,1,1,1,1,1,1,6,3,3,3,2,3,3,6,3,3,3,6
5,957,30,6,1,1,1,1,1,1,1,1,1,6,3,3,3,2,3,3,6,3,3,3,6
5,958,30,7,1,1,1,1,1,1,1,1,1,7,3,3,3,1,3,3,7,3,3,3,7
5,959,30,7,2,2,2,2,2,2,2,2,2,7,4,4,4,1,4,4,7,4,4,4,7
5,960,30,7,2,2,2,2,2,2,2,2,2,7,4,4,4,1,4,4,7,4,4,4,7
5,961,30,7,2,2,2,2,2,2,2,2,2,7,4,4,4,1,4,4,7,4,4,4,7
5,962,30,7,2,2,2,2,2,2,2,2,2,7,4,4,4,1,4,4,7,4,4,4,7
5,963,30,7,2,2,2,2,2,2,2,2,2,7,4,4,4,1,4,4,7,4,4,4,7
5,964,30,7,2,2,2,2,2,2,2,2,2,7,4,4,4,1,4,4,7,4,4,4,7
5,965,30,7,2,2,2,2,2,2,2,2,2,7,4,4,4,1,4,4,7,4,4,4,7
5,966,30,7,2,2,2,2,2,2,2,2,2,7,4,4,4,1,4,4,7,4,4,4,7
5,967,30,7,2,2,2,2,2,2,2,2,2,7,4,4,4,1,4,4,7,4,4,4,7
5,968,30,7,2,2,2,2,2,2,2,2,2,7,4,4,4,1,4,4,7,4,4,4,7
5,969,30,7,2,2,2,2,2,2,2,2,2,7,4,4,4,1,4,4,7,4,4,4,7
5,970,30,7,2,2,2,2,2,2,2,2,2,7,4,4,4,1,4,4,7,4,4,4,7
5,971,30,7,2,2,2,2,2,2,2,2,2,7,4,4,4,1,4,4,7,4,4,4,7
5,972,30,7,2,2,2,2,2,2,2,2,2,7,4,4,4,1,4,4,7,4,4,4,7
5,973,30,7,2,2,2,2,2,2,2,2,2,7,4,4,4,1,4,4,7,4,4,4,7
5,974,30,7,2,2,2,2,2,2,2,2,2,7,4,4,4,1,4,4,7,4,4,4,7
5,975,30,7,2,2,2,2,2,2,2,2,2,7,4,4,4,1,4,4,7,4,4,4,7
5,976,30,7,2,2,2,2,2,2,2,2,2,7,3,3,3,1,3,3,7,3,3,3,7
5,977,30,7,2,2,2,2,2,2,2,2,2,7,3,3,3,1,3,3,7,3,3,3,7
5,978,30,6,1,1,1,1,1,1,1,1,1,6,3,3,3,2,3,3,6,3,3,3,6
5,979,30,6,2,2,2,2,2,2,2,2,2,6,3,3,3,2,3,3,6,3,3,3,6
5,980,30,7,2,2,2,2,2,2,2,2,2,7,3,3,3,1,3,3,7,3,3,3,7
5,981,30,7,2,2,2,2,2,2,2,2,2,7,3,3,3,1,3,3,7,3,3,3,7
5,982,30,7,2,2,2,2,2,2,2,2,2,7,4,4,4,1,4,4,7,4,4,4,7
5,983,30,7,2,2,2,2,2,2,2,2,2,7,4,4,4,1,4,4,7,4,4,4,7
5,984,30,7,2,2,2,2,2,2,2,2,2,7,4,4,4,1,4,4,7,4,4,4,7
5,985,30,7,2,2,2,2,2,2,2,2,2,7,4,4,4,1,4,4,7,4,4,4,7
5,986,30,7,2,2,2,2,2,2,2,2,2,7,4,4,4,1,4,4,7,4,4,4,7
5,987,30,7,2,2,2,2,2,2,2,2,2,7,4,4,4,1,4,4,7,4,4,4,7
5,988,30,7,2,2,2,2,2,2,2,2,2,7,4,4,4,1,4,4,7,4,4,4,7
5,989,30,7,2,2,2,2,2,2,2,2,2,7,4,4,4,1,4,4,7,4,4,4,7
5,990,30,7,2,2,2,2,2,2,2,2,2,7,4,4,4,1,4,4,7,4,4,4,7
5,991,30,7,2,2,2,2,2,2,2,2,2,7,4,4,4,1,4,4,7,4,4,4,7
5,993,30,7,2,2,2,2,2,2,2,2,2,7,4,4,4,1,4,4,7,4,4,4,7
5,994,30,7,2,2,2,2,2,2,2,2,2,7,3,3,3,1,3,3,7,3,3,3,7
5,995,30,7,2,2,2,2,2,2,2,2,2,7,4,4,4,1,4,4,7,4,4,4,7
5,996,30,7,2,2,2,2,2,2,2,2,2,7,4,4,4,1,4,4,7,4,4,4,7
5,997,30,7,2,2,2,2,2,2,2,2,2,7,4,4,4,1,4,4,7,4,4,4,7
5,998,30,7,2,2,2,2,2,2,2,2,2,7,4,4,4,1,4,4,7,4,4,4,7
5,999,30,7,2,2,2,2,2,2,2,2,2,7,4,4,4,1,4,4,7,4,4,4,7
5,1000,30,7,2,2,2,2,2,2,2,2,2,7,4,4,4,1,4,4,7,4,4,4,7
5,1001,30,7,2,2,2,2,2,2,2,2,2,7,4,4,4,1,4,4,7,4,4,4,7
5,1002,30,7,2,2,2,2,2,2,2,2,2,7,4,4,4,1,4,4,7,4,4,4,7
5,1003,30,7,2,2,2,2,2,2,2,2,2,7,4,4,4,1,4,4,7,4,4,4,7
5,1004,30,7,2,2,2,2,2,2,2,2,2,7,4,4,4,1,4,4,7,4,4,4,7
5,1005,30,7,2,2,2,2,2,2,2,2,2,7,4,4,4,1,4,4,7,4,4,4,7
5,1006,30,7,2,2,2,2,2,2,2,2,2,7,4,4,4,1,4,4,7,4,4,4,7
5,1007,30,7,2,2,2,2,2,2,2,2,2,7,4,4,4,1,4,4,7,4,4,4,7
5,1008,30,7,2,2,2,2,2,2,2,2,2,7,4,4,4,1,4,4,7,4,4,4,7
5,1009,30,7,2,2,2,2,2,2,2,2,2,7,4,4,4,1,4,4,7,4,4,4,7
5,1010,30,7,2,2,2,2,2,2,2,2,2,7,4,4,4,1,4,4,7,4,4,4,7
5,1011,30,7,2,2,2,2,2,2,2,2,2,7,4,4,4,1,4,4,7,4,4,4,7
5,1012,30,7,2,2,2,2,2,2,2,2,2,7,4,4,4,1,4,4,7,4,4,4,7
5,1013,30,7,2,2,2,2,2,2,2,2,2,7,4,4,4,1,4,4,7,4,4,4,7
5,1014,30,7,2,2,2,2,2,2,2,2,2,7,4,4,4,1,4,4,7,4,4,4,7
5,1015,30,7,2,2,2,2,2,2,2,2,2,7,4,4,4,1,4,4,7,4,4,4,7
5,1016,30,7,2,2,2,2,2,2,2,2,2,7,4,4,4,1,4,4,7,4,4,4,7
5,1017,30,7,2,2,2,2,2,2,2,2,2,7,4,4,4,1,4,4,7,4,4,4,7
5,1018,30,7,2,2,2,2,2,2,2,2,2,7,4,4,4,1,4,4,7,4,4,4,7
5,1019,30,7,2,2,2,2,2,2,2,2,2,7,4,4,4,1,4,4,7,4,4,4,7
5,1020,30,7,2,2,2,2,2,2,2,2,2,7,4,4,4,1,4,4,7,4,4,4,7
5,1021,30,7,2,2,2,2,2,2,2,2,2,7,4,4,4,1,4,4,7,4,4,4,7
5,1022,30,7,2,2,2,2,2,2,2,2,2,7,4,4,4,1,4,4,7,4,4,4,7
5,1023,30,7,2,2,2,2,2,2,2,2,2,7,4,4,4,1,4,4,7,4,4,4,7
5,1024,30,7,2,2,2,2,2,2,2,2,2,7,4,4,4,1,4,4,7,4,4,4,7
5,1025,30,7,2,2,2,2,2,2,2,2,2,7,4,4,4,1,4,4,7,4,4,4,7
5,1026,30,7,2,2,2,2,2,2,2,2,2,7,4,4,4,1,4,4,7,4,4,4,7
5,1027,30,7,2,2,2,2,2,2,2,2,2,7,4,4,4,1,4,4,7,4,4,4,7
5,1028,30,7,2,2,2,2,2,2,2,2,2,7,4,4,4,1,4,4,7,4,4,4,7
5,1029,30,7,2,2,2,2,2,2,2,2,2,7,4,4,4,1,4,4,7,4,4,4,7
5,1030,30,7,2,2,2,2,2,2,2,2,2,7,4,4,4,1,4,4,7,4,4,4,7
5,1031,30,7,2,2,2,2,2,2,2,2,2,7,4,4,4,1,4,4,7,4,4,4,7
5,1032,30,7,2,2,2,2,2,2,2,2,2,7,4,4,4,1,4,4,7,4,4,4,7
5,1033,30,7,2,2,2,2,2,2,2,2,2,7,4,4,4,1,4,4,7,4,4,4,7
5,1034,30,7,2,2,2,2,2,2,2,2,2,7,4,4,4,1,4,4,7,4,4,4,7
5,1035,30,7,2,2,2,2,2,2,2,2,2,7,4,4,4,1,4,4,7,4,4,4,7
5,1036,30,7,2,2,2,2,2,2,2,2,2,7,4,4,4,1,4,4,7,4,4,4,7
5,1037,30,7,2,2,2,2,2,2,2,2,2,7,4,4,4,1,4,4,7,4,4,4,7
5,1038,30,7,2,2,2,2,2,2,2,2,2,7,4,4,4,1,4,4,7,4,4,4,7
5,1039,30,7,2,2,2,2,2,2,2,2,2,7,4,4,4,1,4,4,7,4,4,4,7
5,1040,31,2,7,7,7,7,7,7,7,7,7,2,5,5,5,7,5,5,2,5,5,5,2
5,1041,31,2,7,7,7,7,7,7,7,7,7,2,5,5,5,7,5,5,2,5,5,5,2
5,1042,31,2,7,7,7,7,7,7,7,7,7,2,5,5,5,7,5,5,2,5,5,5,2
5,1043,31,2,7,7,7,7,7,7,7,7,7,2,5,5,5,7,5,5,2,5,5,5,2
5,1044,31,2,7,7,7,7,7,7,7,7,7,2,5,5,5,7,5,5,2,5,5,5,2
5,1045,31,2,7,7,7,7,7,7,7,7,7,2,5,5,5,7,5,5,2,5,5,5,2
5,1046,31,2,7,7,7,7,7,7,7,7,7,2,5,5,5,7,5,5,2,5,5,5,2
5,1047,31,2,7,7,7,7,7,7,7,7,7,2,5,5,5,7,5,5,2,5,5,5,2
5,1048,31,2,7,7,7,7,7,7,7,7,7,2,5,5,5,7,5,5,2,5,5,5,2
5,1049,31,2,7,7,7,7,7,7,7,7,7,2,5,5,5,7,5,5,2,5,5,5,2
5,1050,31,2,7,7,7,7,7,7,7,7,7,2,5,5,5,7,5,5,2,5,5,5,2
5,1051,31,2,7,7,7,7,7,7,7,7,7,2,5,5,5,7,5,5,2,5,5,5,2
5,1052,31,2,7,7,7,7,7,7,7,7,7,2,5,5,5,7,5,5,2,5,5,5,2
5,1054,31,2,7,7,7,7,7,7,7,7,7,2,5,5,5,7,5,5,2,5,5,5,2
5,1055,31,2,7,7,7,7,7,7,7,7,7,2,5,5,5,7,5,5,2,5,5,5,2
5,1056,31,2,7,7,7,7,7,7,7,7,7,2,5,5,5,7,5,5,2,5,5,5,2
5,1057,31,2,7,7,7,7,7,7,7,7,7,2,5,5,5,7,5,5,2,5,5,5,2
5,1058,32,1,7,7,7,7,7,7,7,7,7,1,2,2,2,7,2,2,1,2,2,2,1
5,1059,32,1,7,7,7,7,7,7,7,7,7,1,2,2,2,7,2,2,1,2,2,2,1
5,1060,32,1,7,7,7,7,7,7,7,7,7,1,2,2,2,7,2,2,1,2,2,2,1
5,1061,32,1,7,7,7,7,7,7,7,7,7,1,2,2,2,7,2,2,1,2,2,2,1
5,1062,32,1,7,7,7,7,7,7,7,7,7,1,2,2,2,7,2,2,1,2,2,2,1
5,1063,32,1,7,7,7,7,7,7,7,7,7,1,2,2,2,7,2,2,1,2,2,2,1
5,1064,32,1,7,7,7,7,7,7,7,7,7,1,2,2,2,7,2,2,1,2,2,2,1
5,1065,32,1,7,7,7,7,7,7,7,7,7,1,2,2,2,7,2,2,1,2,2,2,1
5,1066,32,1,7,7,7,7,7,7,7,7,7,1,2,2,2,7,2,2,1,2,2,2,1
5,1067,32,1,7,7,7,7,7,7,7,7,7,1,2,2,2,7,2,2,1,2,2,2,1
5,1068,32,1,7,7,7,7,7,7,7,7,7,1,2,2,2,7,2,2,1,2,2,2,1
5,1069,32,1,7,7,7,7,7,7,7,7,7,1,2,2,2,7,2,2,1,2,2,2,1
5,1070,32,1,7,7,7,7,7,7,7,7,7,1,2,2,2,7,2,2,1,2,2,2,1
5,1071,32,1,7,7,7,7,7,7,7,7,7,1,2,2,2,7,2,2,1,2,2,2,1
5,1072,32,1,7,7,7,7,7,7,7,7,7,1,2,2,2,7,2,2,1,2,2,2,1
5,1073,32,1,7,7,7,7,7,7,7,7,7,1,2,2,2,7,2,2,1,2,2,2,1
5,1074,32,1,7,7,7,7,7,7,7,7,7,1,2,2,2,7,2,2,1,2,2,2,1
5,1075,32,1,7,7,7,7,7,7,7,7,7,1,2,2,2,7,2,2,1,2,2,2,1
5,1076,32,1,7,7,7,7,7,7,7,7,7,1,2,2,2,7,2,2,1,2,2,2,1
5,1077,32,1,7,7,7,7,7,7,7,7,7,1,2,2,2,7,2,2,1,2,2,2,1
5,1078,32,1,7,7,7,7,7,7,7,7,7,1,2,2,2,7,2,2,1,2,2,2,1
5,1079,32,1,7,7,7,7,7,7,7,7,7,1,2,2,2,7,2,2,1,2,2,2,1
5,1080,32,1,7,7,7,7,7,7,7,7,7,1,2,2,2,7,2,2,1,2,2,2,1
5,1081,32,1,7,7,7,7,7,7,7,7,7,1,2,2,2,7,2,2,1,2,2,2,1
5,1082,32,1,7,7,7,7,7,7,7,7,7,1,2,2,2,7,2,2,1,2,2,2,1
5,1083,32,1,7,7,7,7,7,7,7,7,7,1,2,2,2,7,2,2,1,2,2,2,1
5,1084,32,1,7,7,7,7,7,7,7,7,7,1,2,2,2,7,2,2,1,2,2,2,1
5,1085,32,1,7,7,7,7,7,7,7,7,7,1,2,2,2,7,2,2,1,2,2,2,1
5,1086,32,1,7,7,7,7,7,7,7,7,7,1,2,2,2,7,2,2,1,2,2,2,1
5,1087,32,1,7,7,7,7,7,7,7,7,7,1,2,2,2,7,2,2,1,2,2,2,1
5,1088,32,1,7,7,7,7,7,7,7,7,7,1,2,2,2,7,2,2,1,2,2,2,1
5,1089,32,1,7,7,7,7,7,7,7,7,7,1,2,2,2,7,2,2,1,2,2,2,1
5,1090,32,1,7,7,7,7,7,7,7,7,7,1,2,2,2,7,2,2,1,2,2,2,1
5,1091,33,3,3,3,3,3,3,3,3,3,3,3,5,5,5,3,5,5,3,5,5,5,3
5,1092,33,3,3,3,3,3,3,3,3,3,3,3,5,5,5,3,5,5,3,5,5,5,3
5,1093,33,3,3,3,3,3,3,3,3,3,3,3,5,5,5,3,5,5,3,5,5,5,3
5,1094,33,3,3,3,3,3,3,3,3,3,3,3,5,5,5,3,5,5,3,5,5,5,3
5,1095,33,3,3,3,3,3,3,3,3,3,3,3,5,5,5,3,5,5,3,5,5,5,3
5,1096,33,3,3,3,3,3,3,3,3,3,3,3,5,5,5,3,5,5,3,5,5,5,3
5,1097,33,3,3,3,3,3,3,3,3,3,3,3,5,5,5,3,5,5,3,5,5,5,3
5,1098,33,3,3,3,3,3,3,3,3,3,3,3,5,5,5,3,5,5,3,5,5,5,3
5,1099,33,3,3,3,3,3,3,3,3,3,3,3,5,5,5,3,5,5,3,5,5,5,3
5,1100,33,3,3,3,3,3,3,3,3,3,3,3,5,5,5,3,5,5,3,5,5,5,3
5,1101,33,3,3,3,3,3,3,3,3,3,3,3,5,5,5,3,5,5,3,5,5,5,3
5,1102,33,3,3,3,3,3,3,3,3,3,3,3,5,5,5,3,5,5,3,5,5,5,3
5,1103,33,3,3,3,3,3,3,3,3,3,3,3,5,5,5,3,5,5,3,5,5,5,3
5,1104,33,3,3,3,3,3,3,3,3,3,3,3,5,5,5,3,5,5,3,5,5,5,3
5,1105,33,3,3,3,3,3,3,3,3,3,3,3,5,5,5,3,5,5,3,5,5,5,3
5,1106,33,3,3,3,3,3,3,3,3,3,3,3,5,5,5,3,5,5,3,5,5,5,3
5,1107,33,3,3,3,3,3,3,3,3,3,3,3,5,5,5,3,5,5,3,5,5,5,3
5,1108,33,3,3,3,3,3,3,3,3,3,3,3,5,5,5,3,5,5,3,5,5,5,3
5,1109,33,3,3,3,3,3,3,3,3,3,3,3,5,5,5,3,5,5,3,5,5,5,3
5,1110,33,3,3,3,3,3,3,3,3,3,3,3,5,5,5,3,5,5,3,5,5,5,3
5,1111,33,3,3,3,3,3,3,3,3,3,3,3,5,5,5,3,5,5,3,5,5,5,3
5,1112,33,3,3,3,3,3,3,3,3,3,3,3,5,5,5,3,5,5,3,5,5,5,3
5,1113,33,3,3,3,3,3,3,3,3,3,3,3,5,5,5,3,5,5,3,5,5,5,3
5,1114,33,3,3,3,3,3,3,3,3,3,3,3,5,5,5,3,5,5,3,5,5,5,3
5,1115,33,3,3,3,3,3,3,3,3,3,3,3,5,5,5,3,5,5,3,5,5,5,3
5,1116,33,3,3,3,3,3,3,3,3,3,3,3,5,5,5,3,5,5,3,5,5,5,3
5,1117,33,3,3,3,3,3,3,3,3,3,3,3,5,5,5,3,5,5,3,5,5,5,3
5,1118,33,3,3,3,3,3,3,3,3,3,3,3,5,5,5,3,5,5,3,5,5,5,3
5,1119,33,3,3,3,3,3,3,3,3,3,3,3,5,5,5,3,5,5,3,5,5,5,3
5,1120,33,3,3,3,3,3,3,3,3,3,3,3,5,5,5,3,5,5,3,5,5,5,3
5,1121,33,3,3,3,3,3,3,3,3,3,3,3,5,5,5,3,5,5,3,5,5,5,3
5,1122,33,3,3,3,3,3,3,3,3,3,3,3,5,5,5,3,5,5,3,5,5,5,3
5,1123,33,3,3,3,3,3,3,3,3,3,3,3,5,5,5,3,5,5,3,5,5,5,3
5,1124,33,3,3,3,3,3,3,3,3,3,3,3,5,5,5,3,5,5,3,5,5,5,3
5,1125,33,3,3,3,3,3,3,3,3,3,3,3,5,5,5,3,5,5,3,5,5,5,3
5,1126,33,3,3,3,3,3,3,3,3,3,3,3,5,5,5,3,5,5,3,5,5,5,3
5,1127,33,3,3,3,3,3,3,3,3,3,3,3,5,5,5,3,5,5,3,5,5,5,3
5,1128,33,3,3,3,3,3,3,3,3,3,3,3,5,5,5,3,5,5,3,5,5,5,3
5,1129,33,3,3,3,3,3,3,3,3,3,3,3,5,5,5,3,5,5,3,5,5,5,3
5,1130,33,3,3,3,3,3,3,3,3,3,3,3,5,5,5,3,5,5,3,5,5,5,3
5,1131,33,3,3,3,3,3,3,3,3,3,3,3,5,5,5,3,5,5,3,5,5,5,3
5,1132,33,3,3,3,3,3,3,3,3,3,3,3,5,5,5,3,5,5,3,5,5,5,3
5,1133,33,3,3,3,3,3,3,3,3,3,3,3,5,5,5,3,5,5,3,5,5,5,3
5,1134,33,3,3,3,3,3,3,3,3,3,3,3,5,5,5,3,5,5,3,5,5,5,3
5,1135,33,3,3,3,3,3,3,3,3,3,3,3,5,5,5,3,5,5,3,5,5,5,3
5,1136,33,3,3,3,3,3,3,3,3,3,3,3,5,5,5,3,5,5,3,5,5,5,3
5,1137,33,3,3,3,3,3,3,3,3,3,3,3,5,5,5,3,5,5,3,5,5,5,3
5,1138,33,3,3,3,3,3,3,3,3,3,3,3,5,5,5,3,5,5,3,5,5,5,3
5,1139,33,3,3,3,3,3,3,3,3,3,3,3,5,5,5,3,5,5,3,5,5,5,3
5,1140,33,3,3,3,3,3,3,3,3,3,3,3,5,5,5,3,5,5,3,5,5,5,3
5,1141,33,3,3,3,3,3,3,3,3,3,3,3,5,5,5,3,5,5,3,5,5,5,3
5,1142,33,3,3,3,3,3,3,3,3,3,3,3,5,5,5,3,5,5,3,5,5,5,3
5,1143,33,3,3,3,3,3,3,3,3,3,3,3,5,5,5,3,5,5,3,5,5,5,3
5,1144,33,3,3,3,3,3,3,3,3,3,3,3,5,5,5,3,5,5,3,5,5,5,3
5,1145,33,3,3,3,3,3,3,3,3,3,3,3,5,5,5,3,5,5,3,5,5,5,3
5,1146,33,3,3,3,3,3,3,3,3,3,3,3,5,5,5,3,5,5,3,5,5,5,3
5,1147,33,3,3,3,3,3,3,3,3,3,3,3,5,5,5,3,5,5,3,5,5,5,3
5,1148,33,3,3,3,3,3,3,3,3,3,3,3,5,5,5,3,5,5,3,5,5,5,3
5,1149,33,3,3,3,3,3,3,3,3,3,3,3,5,5,5,3,5,5,3,5,5,5,3
5,1150,33,3,3,3,3,3,3,3,3,3,3,3,5,5,5,3,5,5,3,5,5,5,3
5,1151,33,3,3,3,3,3,3,3,3,3,3,3,5,5,5,3,5,5,3,5,5,5,3
5,1152,33,3,3,3,3,3,3,3,3,3,3,3,5,5,5,3,5,5,3,5,5,5,3
5,1153,33,3,3,3,3,3,3,3,3,3,3,3,5,5,5,3,5,5,3,5,5,5,3
5,1154,33,3,3,3,3,3,3,3,3,3,3,3,5,5,5,3,5,5,3,5,5,5,3
5,1155,33,3,3,3,3,3,3,3,3,3,3,3,5,5,5,3,5,5,3,5,5,5,3
5,1156,33,3,3,3,3,3,3,3,3,3,3,3,5,5,5,3,5,5,3,5,5,5,3
5,1157,33,3,3,3,3,3,3,3,3,3,3,3,5,5,5,3,5,5,3,5,5,5,3
5,1158,33,3,3,3,3,3,3,3,3,3,3,3,5,5,5,3,5,5,3,5,5,5,3
5,1159,33,3,3,3,3,3,3,3,3,3,3,3,5,5,5,3,5,5,3,5,5,5,3
5,1160,33,3,3,3,3,3,3,3,3,3,3,3,5,5,5,3,5,5,3,5,5,5,3
5,1161,33,3,3,3,3,3,3,3,3,3,3,3,5,5,5,3,5,5,3,5,5,5,3
5,1162,33,3,3,3,3,3,3,3,3,3,3,3,5,5,5,3,5,5,3,5,5,5,3
5,1163,33,3,3,3,3,3,3,3,3,3,3,3,5,5,5,3,5,5,3,5,5,5,3
5,1164,33,3,3,3,3,3,3,3,3,3,3,3,5,5,5,3,5,5,3,5,5,5,3
5,1165,33,3,3,3,3,3,3,3,3,3,3,3,5,5,5,3,5,5,3,5,5,5,3
5,1166,34,4,3,3,3,3,3,3,3,3,3,4,5,5,5,3,5,5,4,5,5,5,4
5,1167,34,4,3,3,3,3,3,3,3,3,3,4,5,5,5,3,5,5,4,5,5,5,4
5,1168,34,4,3,3,3,3,3,3,3,3,3,4,5,5,5,3,5,5,4,5,5,5,4
5,1169,34,4,3,3,3,3,3,3,3,3,3,4,5,5,5,3,5,5,4,5,5,5,4
5,1170,34,4,3,3,3,3,3,3,3,3,3,4,5,5,5,3,5,5,4,5,5,5,4
5,1171,34,4,3,3,3,3,3,3,3,3,3,4,5,5,5,3,5,5,4,5,5,5,4
5,1172,35,4,4,4,4,5,4,4,4,4,4,4,6,6,6,5,6,6,4,6,6,6,4
5,1173,35,5,5,5,5,5,5,5,5,5,5,5,7,7,7,5,7,7,4,7,7,7,5
5,1174,35,5,5,5,5,5,5,5,5,5,5,5,7,7,7,5,7,7,4,7,7,7,5
5,1175,35,4,4,4,4,5,4,4,4,4,4,4,6,6,6,5,6,6,4,6,6,6,4
5,1176,35,4,4,4,4,5,4,4,4,4,4,4,6,6,6,5,6,6,4,6,6,6,4
5,1177,35,4,4,4,4,5,4,4,4,4,4,4,6,6,6,5,6,6,4,6,6,6,4
5,1178,35,5,5,5,5,5,5,5,5,5,5,5,7,7,7,5,7,7,5,7,7,7,5
5,1179,35,5,5,5,5,5,5,5,5,5,5,5,7,7,7,5,7,7,5,7,7,7,5
5,1180,35,4,4,4,4,5,4,4,4,4,4,4,6,6,6,5,6,6,4,6,6,6,4
5,1181,35,4,4,4,4,5,4,4,4,4,4,4,7,7,7,5,7,7,5,7,7,7,4
5,1182,35,4,4,4,4,5,4,4,4,4,4,4,7,7,7,5,7,7,5,7,7,7,4
5,1183,35,5,5,5,5,5,5,5,5,5,5,5,7,7,7,5,7,7,5,7,7,7,5
5,1184,35,5,5,5,5,5,5,5,5,5,5,5,7,7,7,5,7,7,5,7,7,7,5
5,1185,35,5,5,5,5,5,5,5,5,5,5,5,7,7,7,5,7,7,5,7,7,7,5
5,1186,35,5,5,5,5,5,5,5,5,5,5,5,7,7,7,5,7,7,5,7,7,7,5
5,1187,35,5,5,5,5,5,5,5,5,5,5,5,7,7,7,5,7,7,5,7,7,7,5
5,1188,35,4,4,4,4,5,4,4,4,4,4,4,6,6,6,5,6,6,5,6,6,6,4
5,1189,35,4,4,4,4,5,4,4,4,4,4,4,6,6,6,5,6,6,5,6,6,6,4
5,1190,35,4,4,4,4,5,4,4,4,4,4,4,6,6,6,5,6,6,4,6,6,6,4
5,1191,35,4,4,4,4,5,4,4,4,4,4,4,6,6,6,5,6,6,4,6,6,6,4
5,1192,35,4,4,4,4,5,4,4,4,4,4,4,6,6,6,5,6,6,4,6,6,6,4
5,1193,35,4,4,4,4,5,4,4,4,4,4,4,6,6,6,5,6,6,4,6,6,6,4
5,1194,35,4,4,4,4,5,4,4,4,4,4,4,6,6,6,5,6,6,4,6,6,6,4
5,1195,35,4,4,4,4,5,4,4,4,4,4,4,6,6,6,5,6,6,4,6,6,6,4
5,1196,35,4,4,4,4,5,4,4,4,4,4,4,6,6,6,5,6,6,4,6,6,6,4
5,1197,35,4,4,4,4,5,4,4,4,4,4,4,6,6,6,5,6,6,4,6,6,6,4
5,1198,35,4,4,4,4,5,4,4,4,4,4,4,6,6,6,5,6,6,5,6,6,6,4
5,1199,35,4,4,4,4,5,4,4,4,4,4,4,6,6,6,5,6,6,5,6,6,6,4
5,1200,35,4,4,4,4,5,4,4,4,4,4,4,6,6,6,5,6,6,5,6,6,6,4
5,1201,35,5,5,5,5,5,5,5,5,5,5,5,7,7,7,5,7,7,5,7,7,7,5
5,1202,35,5,5,5,5,5,5,5,5,5,5,5,7,7,7,5,7,7,5,7,7,7,5
5,1203,35,5,5,5,5,5,5,5,5,5,5,5,7,7,7,5,7,7,5,7,7,7,5
5,1204,35,5,5,5,5,5,5,5,5,5,5,5,7,7,7,5,7,7,5,7,7,7,5
5,1205,35,5,5,5,5,5,5,5,5,5,5,5,6,6,6,5,6,6,5,6,6,6,5
5,1206,35,5,5,5,5,5,5,5,5,5,5,5,6,6,6,5,6,6,5,6,6,6,5
5,1207,35,4,4,4,4,5,4,4,4,4,4,4,6,6,6,5,6,6,5,6,6,6,4
5,1208,35,4,4,4,4,5,4,4,4,4,4,4,6,6,6,5,6,6,5,6,6,6,4
5,1209,35,4,4,4,4,5,4,4,4,4,4,4,6,6,6,5,6,6,4,6,6,6,4
5,1210,35,4,4,4,4,5,4,4,4,4,4,4,6,6,6,5,6,6,4,6,6,6,4
5,1211,35,4,4,4,4,5,4,4,4,4,4,4,6,6,6,5,6,6,4,6,6,6,4
5,1212,35,4,4,4,4,5,4,4,4,4,4,4,6,6,6,5,6,6,4,6,6,6,4
5,1213,35,4,4,4,4,5,4,4,4,4,4,4,6,6,6,5,6,6,4,6,6,6,4
5,1214,35,4,4,4,4,5,4,4,4,4,4,4,6,6,6,5,6,6,4,6,6,6,4
5,1215,35,4,4,4,4,5,4,4,4,4,4,4,6,6,6,5,6,6,4,6,6,6,4
5,1216,35,4,4,4,4,5,4,4,4,4,4,4,6,6,6,5,6,6,5,6,6,6,4
5,1217,35,4,4,4,4,4,4,4,4,4,4,4,6,6,6,5,6,6,5,6,6,6,4
5,1218,35,4,4,4,4,4,4,4,4,4,4,4,6,6,6,5,6,6,4,6,6,6,4
5,1219,35,4,4,4,4,4,4,4,4,4,4,4,6,6,6,5,6,6,5,6,6,6,4
5,1220,35,4,4,4,4,4,4,4,4,4,4,4,6,6,6,5,6,6,5,6,6,6,4
5,1221,35,4,4,4,4,4,4,4,4,4,4,4,6,6,6,5,6,6,5,6,6,6,4
5,1222,35,4,4,4,4,4,4,4,4,4,4,4,6,6,6,5,6,6,5,6,6,6,4
5,1223,35,4,4,4,4,4,4,4,4,4,4,4,6,6,6,5,6,6,5,6,6,6,4
5,1224,35,4,4,4,4,4,4,4,4,4,4,4,6,6,6,5,6,6,5,6,6,6,4
5,1225,35,4,4,4,4,4,4,4,4,4,4,4,6,6,6,5,6,6,5,6,6,6,4
5,1226,35,4,4,4,4,4,4,4,4,4,4,4,6,6,6,5,6,6,5,6,6,6,4
5,1227,35,4,4,4,4,4,4,4,4,4,4,4,6,6,6,4,6,6,4,6,6,6,4
5,1228,35,4,4,4,4,4,4,4,4,4,4,4,6,6,6,4,6,6,4,6,6,6,4
5,1229,35,4,4,4,4,4,4,4,4,4,4,4,6,6,6,4,6,6,4,6,6,6,4
5,1230,35,4,4,4,4,4,4,4,4,4,4,4,6,6,6,4,6,6,4,6,6,6,4
5,1231,35,4,4,4,4,4,4,4,4,4,4,4,6,6,6,4,6,6,4,6,6,6,4
5,1232,35,4,4,4,4,4,4,4,4,4,4,4,6,6,6,4,6,6,4,6,6,6,4
5,1233,35,4,4,4,4,4,4,4,4,4,4,4,6,6,6,4,6,6,4,6,6,6,4
5,1234,35,4,4,4,4,4,4,4,4,4,4,4,6,6,6,4,6,6,5,6,6,6,4
5,1235,35,4,4,4,4,4,4,4,4,4,4,4,6,6,6,5,6,6,5,6,6,6,4
5,1236,35,4,4,4,4,4,4,4,4,4,4,4,6,6,6,5,6,6,5,6,6,6,4
5,1237,35,4,4,4,4,4,4,4,4,4,4,4,6,6,6,5,6,6,5,6,6,6,4
5,1238,35,4,4,4,4,4,4,4,4,4,4,4,6,6,6,5,6,6,5,6,6,6,4
5,1239,35,4,4,4,4,4,4,4,4,4,4,4,6,6,6,5,6,6,5,6,6,6,4
5,1240,35,4,4,4,4,4,4,4,4,4,4,4,6,6,6,5,6,6,5,6,6,6,4
5,1241,35,4,4,4,4,4,4,4,4,4,4,4,6,6,6,5,6,6,5,6,6,6,4
5,1242,35,4,4,4,4,4,4,4,4,4,4,4,6,6,6,4,6,6,5,6,6,6,4
5,1243,35,4,4,4,4,4,4,4,4,4,4,4,6,6,6,4,6,6,5,6,6,6,4
5,1244,35,4,4,4,4,4,4,4,4,4,4,4,6,6,6,4,6,6,5,6,6,6,4
5,1245,35,4,4,4,4,4,4,4,4,4,4,4,6,6,6,4,6,6,4,6,6,6,4
5,1246,35,4,4,4,4,4,4,4,4,4,4,4,6,6,6,4,6,6,4,6,6,6,4
5,1247,35,4,4,4,4,4,4,4,4,4,4,4,6,6,6,4,6,6,4,6,6,6,4
5,1248,35,4,4,4,4,4,4,4,4,4,4,4,6,6,6,4,6,6,4,6,6,6,4
5,1249,35,4,4,4,4,4,4,4,4,4,4,4,6,6,6,4,6,6,4,6,6,6,4
5,1250,35,4,4,4,4,4,4,4,4,4,4,4,6,6,6,4,6,6,4,6,6,6,4
5,1251,35,4,4,4,4,4,4,4,4,4,4,4,6,6,6,4,6,6,4,6,6,6,4
5,1252,35,4,4,4,4,4,4,4,4,4,4,4,6,6,6,4,6,6,4,6,6,6,4
5,1253,35,4,4,4,4,4,4,4,4,4,4,4,6,6,6,4,6,6,4,6,6,6,4
5,1254,35,4,4,4,4,4,4,4,4,4,4,4,6,6,6,4,6,6,4,6,6,6,4
5,1255,35,4,4,4,4,4,4,4,4,4,4,4,6,6,6,4,6,6,4,6,6,6,4
5,1256,35,4,4,4,4,4,4,4,4,4,4,4,6,6,6,4,6,6,4,6,6,6,4
5,1257,35,4,4,4,4,4,4,4,4,4,4,4,6,6,6,4,6,6,5,6,6,6,4
5,1258,35,4,4,4,4,4,4,4,4,4,4,4,6,6,6,4,6,6,5,6,6,6,4
5,1259,35,4,4,4,4,4,4,4,4,4,4,4,6,6,6,4,6,6,5,6,6,6,4
5,1260,35,4,4,4,4,4,4,4,4,4,4,4,6,6,6,4,6,6,5,6,6,6,4
5,1261,35,4,4,4,4,4,4,4,4,4,4,4,6,6,6,4,6,6,5,6,6,6,4
5,1262,35,4,4,4,4,4,4,4,4,4,4,4,6,6,6,4,6,6,5,6,6,6,4
5,1263,35,4,4,4,4,4,4,4,4,4,4,4,6,6,6,4,6,6,5,6,6,6,4
5,1264,35,4,4,4,4,4,4,4,4,4,4,4,6,6,6,4,6,6,5,6,6,6,4
5,1265,35,4,4,4,4,4,4,4,4,4,4,4,6,6,6,4,6,6,5,6,6,6,4
5,1266,35,4,4,4,4,4,4,4,4,4,4,4,6,6,6,4,6,6,4,6,6,6,4
5,1267,35,4,4,4,4,4,4,4,4,4,4,4,6,6,6,4,6,6,4,6,6,6,4
5,1268,35,4,4,4,4,4,4,4,4,4,4,4,6,6,6,4,6,6,4,6,6,6,4
5,1269,35,4,4,4,4,4,4,4,4,4,4,4,6,6,6,4,6,6,4,6,6,6,4
5,1270,35,4,4,4,4,4,4,4,4,4,4,4,6,6,6,4,6,6,4,6,6,6,4
5,1271,35,4,4,4,4,4,4,4,4,4,4,4,6,6,6,4,6,6,4,6,6,6,4
5,1272,35,4,4,4,4,4,4,4,4,4,4,4,6,6,6,4,6,6,4,6,6,6,4
5,1273,35,4,4,4,4,4,4,4,4,4,4,4,6,6,6,4,6,6,4,6,6,6,4
5,1274,35,4,4,4,4,4,4,4,4,4,4,4,6,6,6,4,6,6,4,6,6,6,4
5,1275,35,4,4,4,4,4,4,4,4,4,4,4,6,6,6,4,6,6,4,6,6,6,4
5,1276,35,4,4,4,4,4,4,4,4,4,4,4,6,6,6,4,6,6,4,6,6,6,4
5,1277,35,4,4,4,4,4,4,4,4,4,4,4,6,6,6,4,6,6,4,6,6,6,4
5,1278,35,4,4,4,4,4,4,4,4,4,4,4,6,6,6,4,6,6,4,6,6,6,4
5,1279,35,4,4,4,4,4,4,4,4,4,4,4,6,6,6,4,6,6,4,6,6,6,4
5,1280,35,4,4,4,4,4,4,4,4,4,4,4,6,6,6,4,6,6,4,6,6,6,4
5,1281,35,4,4,4,4,4,4,4,4,4,4,4,6,6,6,4,6,6,4,6,6,6,4
5,1282,35,4,4,4,4,4,4,4,4,4,4,4,6,6,6,4,6,6,4,6,6,6,4
5,1283,35,4,4,4,4,4,4,4,4,4,4,4,6,6,6,4,6,6,4,6,6,6,4
5,1284,35,4,4,4,4,4,4,4,4,4,4,4,6,6,6,4,6,6,4,6,6,6,4
5,1285,35,4,4,4,4,4,4,4,4,4,4,4,6,6,6,4,6,6,4,6,6,6,4
5,1286,35,4,4,4,4,4,4,4,4,4,4,4,6,6,6,4,6,6,4,6,6,6,4
5,1287,35,4,4,4,4,4,4,4,4,4,4,4,6,6,6,4,6,6,4,6,6,6,4
5,1288,35,4,4,4,4,4,4,4,4,4,4,4,6,6,6,4,6,6,4,6,6,6,4
5,1289,35,4,4,4,4,4,4,4,4,4,4,4,6,6,6,4,6,6,4,6,6,6,4
5,1290,35,4,4,4,4,4,4,4,4,4,4,4,6,6,6,4,6,6,5,6,6,6,4
5,1291,35,4,4,4,4,4,4,4,4,4,4,4,6,6,6,4,6,6,5,6,6,6,4
5,1292,35,4,4,4,4,4,4,4,4,4,4,4,6,6,6,4,6,6,5,6,6,6,4
5,1293,35,4,4,4,4,4,4,4,4,4,4,4,6,6,6,4,6,6,5,6,6,6,4
5,1294,35,4,4,4,4,4,4,4,4,4,4,4,6,6,6,4,6,6,5,6,6,6,4
5,1295,35,4,4,4,4,4,4,4,4,4,4,4,6,6,6,4,6,6,4,6,6,6,4
5,1296,35,4,4,4,4,4,4,4,4,4,4,4,6,6,6,4,6,6,4,6,6,6,4
5,1297,35,4,4,4,4,4,4,4,4,4,4,4,6,6,6,4,6,6,4,6,6,6,4
5,1298,35,4,4,4,4,4,4,4,4,4,4,4,6,6,6,4,6,6,4,6,6,6,4
5,1299,35,4,4,4,4,4,4,4,4,4,4,4,6,6,6,4,6,6,4,6,6,6,4
5,1300,35,4,4,4,4,4,4,4,4,4,4,4,6,6,6,4,6,6,4,6,6,6,4
5,1301,35,4,4,4,4,4,4,4,4,4,4,4,6,6,6,4,6,6,4,6,6,6,4
5,1302,35,4,4,4,4,4,4,4,4,4,4,4,6,6,6,4,6,6,4,6,6,6,4
5,1303,35,4,4,4,4,4,4,4,4,4,4,4,6,6,6,4,6,6,4,6,6,6,4
5,1304,35,4,4,4,4,4,4,4,4,4,4,4,6,6,6,4,6,6,4,6,6,6,4
5,1305,35,4,4,4,4,4,4,4,4,4,4,4,6,6,6,4,6,6,4,6,6,6,4
5,1306,35,4,4,4,4,4,4,4,4,4,4,4,6,6,6,4,6,6,4,6,6,6,4
5,1307,35,4,4,4,4,4,4,4,4,4,4,4,6,6,6,4,6,6,4,6,6,6,4
5,1308,35,4,4,4,4,4,4,4,4,4,4,4,6,6,6,4,6,6,4,6,6,6,4
5,1309,35,4,4,4,4,4,4,4,4,4,4,4,6,6,6,4,6,6,4,6,6,6,4
5,1310,35,5,5,5,5,5,5,5,5,5,5,5,7,7,7,5,7,7,5,7,7,7,5
5,1311,35,5,5,5,5,5,5,5,5,5,5,5,7,7,7,5,7,7,5,7,7,7,5
5,1312,35,5,5,5,5,5,5,5,5,5,5,5,7,7,7,5,7,7,5,7,7,7,5
5,1313,35,5,5,5,5,5,5,5,5,5,5,5,7,7,7,5,7,7,4,7,7,7,5
5,1314,35,5,5,5,5,5,5,5,5,5,5,5,7,7,7,5,7,7,4,7,7,7,5
5,1315,35,5,5,5,5,5,5,5,5,5,5,5,7,7,7,5,7,7,5,7,7,7,5
5,1316,35,5,5,5,5,5,5,5,5,5,5,5,7,7,7,5,7,7,5,7,7,7,5
5,1317,35,5,5,5,5,5,5,5,5,5,5,5,7,7,7,5,7,7,5,7,7,7,5
5,1318,35,5,5,5,5,5,5,5,5,5,5,5,7,7,7,5,7,7,5,7,7,7,5
5,1319,35,5,5,5,5,5,5,5,5,5,5,5,7,7,7,5,7,7,5,7,7,7,5
5,1320,35,5,5,5,5,5,5,5,5,5,5,5,7,7,7,5,7,7,5,7,7,7,5
5,1321,35,5,5,5,5,5,5,5,5,5,5,5,7,7,7,5,7,7,5,7,7,7,5
5,1322,35,5,5,5,5,5,5,5,5,5,5,5,7,7,7,5,7,7,5,7,7,7,5
5,1323,35,5,5,5,5,5,5,5,5,5,5,5,7,7,7,5,7,7,5,7,7,7,5
5,1324,35,5,5,5,5,5,5,5,5,5,5,5,7,7,7,5,7,7,5,7,7,7,5
5,1325,35,5,5,5,5,5,5,5,5,5,5,5,7,7,7,5,7,7,5,7,7,7,5
5,1326,35,5,5,5,5,5,5,5,5,5,5,5,7,7,7,5,7,7,5,7,7,7,5
5,1327,35,5,5,5,5,5,5,5,5,5,5,5,7,7,7,5,7,7,5,7,7,7,5
5,1328,35,5,5,5,5,5,5,5,5,5,5,5,7,7,7,5,7,7,5,7,7,7,5
5,1329,35,5,5,5,5,5,5,5,5,5,5,5,7,7,7,5,7,7,5,7,7,7,5
5,1330,35,5,5,5,5,5,5,5,5,5,5,5,7,7,7,5,7,7,5,7,7,7,5
5,1331,35,5,5,5,5,5,5,5,5,5,5,5,7,7,7,5,7,7,5,7,7,7,5
5,1332,35,5,5,5,5,5,5,5,5,5,5,5,6,6,6,5,6,6,5,6,6,6,5
5,1333,35,5,5,5,5,5,5,5,5,5,5,5,6,6,6,5,6,6,5,6,6,6,5
5,1334,35,5,5,5,5,5,5,5,5,5,5,5,6,6,6,5,6,6,5,6,6,6,5
5,1335,35,5,5,5,5,5,5,5,5,5,5,5,6,6,6,5,6,6,5,6,6,6,5
5,1336,35,5,5,5,5,5,5,5,5,5,5,5,6,6,6,5,6,6,5,6,6,6,5
5,1337,35,5,5,5,5,5,5,5,5,5,5,5,7,7,7,5,7,7,5,7,7,7,5
5,1338,35,5,5,5,5,5,5,5,5,5,5,5,6,6,6,5,6,6,5,6,6,6,5
5,1339,35,5,5,5,5,5,5,5,5,5,5,5,6,6,6,5,6,6,5,6,6,6,5
5,1340,35,5,5,5,5,5,5,5,5,5,5,5,6,6,6,5,6,6,5,6,6,6,5
5,1341,35,5,5,5,5,5,5,5,5,5,5,5,7,7,7,5,7,7,5,7,7,7,5
5,1342,35,5,5,5,5,5,5,5,5,5,5,5,7,7,7,5,7,7,5,7,7,7,5
5,1343,35,5,5,5,5,5,5,5,5,5,5,5,7,7,7,5,7,7,5,7,7,7,5
5,1344,35,5,5,5,5,5,5,5,5,5,5,5,7,7,7,5,7,7,5,7,7,7,5
5,1345,35,5,5,5,5,5,5,5,5,5,5,5,7,7,7,5,7,7,5,7,7,7,5
5,1346,35,5,5,5,5,5,5,5,5,5,5,5,7,7,7,5,7,7,5,7,7,7,5
5,1347,35,5,5,5,5,5,5,5,5,5,5,5,7,7,7,5,7,7,5,7,7,7,5
5,1348,35,5,5,5,5,5,5,5,5,5,5,5,7,7,7,5,7,7,5,7,7,7,5
5,1349,35,5,5,5,5,5,5,5,5,5,5,5,7,7,7,5,7,7,5,7,7,7,5
5,1350,35,5,5,5,5,5,5,5,5,5,5,5,7,7,7,5,7,7,5,7,7,7,5
5,1351,35,5,5,5,5,5,5,5,5,5,5,5,7,7,7,5,7,7,5,7,7,7,5
5,1352,35,4,4,4,4,5,4,4,4,4,4,4,6,6,6,4,6,6,4,6,6,6,4
5,1353,35,5,5,5,5,5,5,5,5,5,5,5,7,7,7,5,7,7,4,7,7,7,5
5,1354,35,5,5,5,5,5,5,5,5,5,5,5,7,7,7,5,7,7,4,7,7,7,5
5,1355,35,5,5,5,5,5,5,5,5,5,5,5,7,7,7,5,7,7,4,7,7,7,5
5,1356,35,5,5,5,5,5,5,5,5,5,5,5,7,7,7,5,7,7,4,7,7,7,5
5,1357,35,5,5,5,5,5,5,5,5,5,5,5,7,7,7,5,7,7,4,7,7,7,5
5,1358,35,5,5,5,5,5,5,5,5,5,5,5,7,7,7,5,7,7,4,7,7,7,5
5,1359,35,5,5,5,5,5,5,5,5,5,5,5,7,7,7,5,7,7,4,7,7,7,5
5,1360,35,5,5,5,5,5,5,5,5,5,5,5,7,7,7,5,7,7,5,7,7,7,5
5,1361,35,5,5,5,5,5,5,5,5,5,5,5,7,7,7,5,7,7,5,7,7,7,5
5,1362,35,5,5,5,5,5,5,5,5,5,5,5,7,7,7,5,7,7,5,7,7,7,5
5,1363,35,5,5,5,5,5,5,5,5,5,5,5,7,7,7,5,7,7,5,7,7,7,5
5,1364,35,5,5,5,5,5,5,5,5,5,5,5,7,7,7,5,7,7,5,7,7,7,5
5,1365,35,5,5,5,5,5,5,5,5,5,5,5,7,7,7,5,7,7,5,7,7,7,5
5,1366,35,5,5,5,5,5,5,5,5,5,5,5,7,7,7,5,7,7,5,7,7,7,5
5,1367,35,5,5,5,5,5,5,5,5,5,5,5,6,6,6,5,6,6,5,6,6,6,5
5,1368,35,5,5,5,5,5,5,5,5,5,5,5,6,6,6,5,6,6,5,6,6,6,5
5,1369,35,5,5,5,5,5,5,5,5,5,5,5,6,6,6,5,6,6,5,6,6,6,5
5,1370,35,5,5,5,5,5,5,5,5,5,5,5,6,6,6,5,6,6,5,6,6,6,5
5,1371,35,5,5,5,5,5,5,5,5,5,5,5,6,6,6,5,6,6,5,6,6,6,5
5,1372,35,5,5,5,5,5,5,5,5,5,5,5,6,6,6,5,6,6,5,6,6,6,5
5,1373,35,5,5,5,5,5,5,5,5,5,5,5,6,6,6,5,6,6,5,6,6,6,5
5,1374,35,5,5,5,5,5,5,5,5,5,5,5,6,6,6,5,6,6,5,6,6,6,5
5,1375,35,5,5,5,5,5,5,5,5,5,5,5,6,6,6,5,6,6,5,6,6,6,5
5,1376,35,5,5,5,5,5,5,5,5,5,5,5,6,6,6,5,6,6,5,6,6,6,5
5,1377,35,5,5,5,5,5,5,5,5,5,5,5,6,6,6,5,6,6,5,6,6,6,5
5,1378,35,5,5,5,5,5,5,5,5,5,5,5,6,6,6,5,6,6,5,6,6,6,5
5,1379,35,5,5,5,5,5,5,5,5,5,5,5,6,6,6,5,6,6,5,6,6,6,5
5,1380,35,5,5,5,5,5,5,5,5,5,5,5,6,6,6,5,6,6,5,6,6,6,5
5,1381,35,5,5,5,5,5,5,5,5,5,5,5,7,7,7,5,7,7,5,7,7,7,5
5,1382,35,5,5,5,5,5,5,5,5,5,5,5,7,7,7,5,7,7,5,7,7,7,5
5,1383,35,5,5,5,5,5,5,5,5,5,5,5,7,7,7,5,7,7,5,7,7,7,5
5,1384,35,5,5,5,5,5,5,5,5,5,5,5,7,7,7,5,7,7,5,7,7,7,5
5,1385,35,5,5,5,5,5,5,5,5,5,5,5,7,7,7,5,7,7,5,7,7,7,5
5,1386,35,5,5,5,5,5,5,5,5,5,5,5,7,7,7,5,7,7,5,7,7,7,5
5,1387,35,5,5,5,5,5,5,5,5,5,5,5,7,7,7,5,7,7,5,7,7,7,5
5,1388,35,5,5,5,5,5,5,5,5,5,5,5,7,7,7,5,7,7,5,7,7,7,5
5,1389,35,5,5,5,5,5,5,5,5,5,5,5,7,7,7,5,7,7,5,7,7,7,5
5,1390,35,5,5,5,5,5,5,5,5,5,5,5,7,7,7,5,7,7,5,7,7,7,5
5,1391,35,5,5,5,5,5,5,5,5,5,5,5,7,7,7,5,7,7,5,7,7,7,5
5,1392,35,5,5,5,5,5,5,5,5,5,5,5,7,7,7,5,7,7,5,7,7,7,5
5,1393,35,5,5,5,5,5,5,5,5,5,5,5,6,6,6,5,6,6,5,6,6,6,5
5,1394,35,5,5,5,5,5,5,5,5,5,5,5,6,6,6,5,6,6,5,6,6,6,5
5,1395,35,5,5,5,5,5,5,5,5,5,5,5,6,6,6,5,6,6,5,6,6,6,5
5,1396,35,5,5,5,5,5,5,5,5,5,5,5,6,6,6,5,6,6,5,6,6,6,5
5,1397,35,5,5,5,5,5,5,5,5,5,5,5,6,6,6,5,6,6,5,6,6,6,5
5,1398,35,5,5,5,5,5,5,5,5,5,5,5,6,6,6,5,6,6,5,6,6,6,5
5,1399,35,5,5,5,5,5,5,5,5,5,5,5,6,6,6,5,6,6,5,6,6,6,5
5,1400,35,5,5,5,5,5,5,5,5,5,5,5,6,6,6,5,6,6,5,6,6,6,5
5,1401,35,5,5,5,5,5,5,5,5,5,5,5,6,6,6,5,6,6,5,6,6,6,5
5,1402,35,5,5,5,5,5,5,5,5,5,5,5,6,6,6,5,6,6,5,6,6,6,5
5,1403,35,5,5,5,5,5,5,5,5,5,5,5,7,7,7,5,7,7,5,7,7,7,5
5,1404,35,5,5,5,5,5,5,5,5,5,5,5,7,7,7,5,7,7,5,7,7,7,5
5,1405,35,5,5,5,5,5,5,5,5,5,5,5,7,7,7,5,7,7,5,7,7,7,5
5,1406,35,5,5,5,5,5,5,5,5,5,5,5,7,7,7,5,7,7,5,7,7,7,5
5,1407,35,5,5,5,5,5,5,5,5,5,5,5,7,7,7,5,7,7,5,7,7,7,5
5,1408,35,5,5,5,5,5,5,5,5,5,5,5,7,7,7,5,7,7,5,7,7,7,5
5,1410,35,5,5,5,5,4,5,5,5,5,5,5,7,7,7,4,7,7,5,7,7,7,5
5,1412,35,5,5,5,5,4,5,5,5,5,5,5,7,7,7,4,7,7,5,7,7,7,5
5,1413,35,5,5,5,5,4,5,5,5,5,5,5,7,7,7,4,7,7,5,7,7,7,5
5,1414,35,5,5,5,5,4,5,5,5,5,5,5,7,7,7,4,7,7,5,7,7,7,5
5,1415,35,5,5,5,5,4,5,5,5,5,5,5,7,7,7,4,7,7,5,7,7,7,5
5,1416,35,5,5,5,5,4,5,5,5,5,5,5,7,7,7,4,7,7,5,7,7,7,5
5,1417,35,5,5,5,5,4,5,5,5,5,5,5,7,7,7,4,7,7,5,7,7,7,5
5,1418,35,5,5,5,5,4,5,5,5,5,5,5,7,7,7,4,7,7,5,7,7,7,5
5,1419,35,5,5,5,5,4,5,5,5,5,5,5,7,7,7,4,7,7,5,7,7,7,5
5,1420,35,5,5,5,5,4,5,5,5,5,5,5,7,7,7,4,7,7,5,7,7,7,5
5,1421,35,5,5,5,5,4,5,5,5,5,5,5,6,6,6,4,6,6,5,6,6,6,5
5,1422,35,5,5,5,5,4,5,5,5,5,5,5,6,6,6,4,6,6,5,6,6,6,5
5,1423,35,5,5,5,5,4,5,5,5,5,5,5,6,6,6,4,6,6,5,6,6,6,5
5,1424,35,5,5,5,5,4,5,5,5,5,5,5,6,6,6,4,6,6,5,6,6,6,5
5,1425,35,5,5,5,5,4,5,5,5,5,5,5,6,6,6,4,6,6,5,6,6,6,5
5,1426,35,5,5,5,5,4,5,5,5,5,5,5,6,6,6,4,6,6,5,6,6,6,5
5,1427,35,5,5,5,5,4,5,5,5,5,5,5,6,6,6,4,6,6,5,6,6,6,5
5,1428,35,5,5,5,5,4,5,5,5,5,5,5,6,6,6,4,6,6,5,6,6,6,5
5,1429,35,5,5,5,5,4,5,5,5,5,5,5,6,6,6,4,6,6,5,6,6,6,5
5,1430,35,5,5,5,5,4,5,5,5,5,5,5,6,6,6,4,6,6,5,6,6,6,5
5,1431,35,5,5,5,5,4,5,5,5,5,5,5,6,6,6,4,6,6,5,6,6,6,5
5,1432,35,5,5,5,5,4,5,5,5,5,5,5,6,6,6,4,6,6,5,6,6,6,5
5,1433,35,5,5,5,5,4,5,5,5,5,5,5,6,6,6,4,6,6,5,6,6,6,5
5,1434,35,5,5,5,5,4,5,5,5,5,5,5,6,6,6,4,6,6,5,6,6,6,5
5,1435,35,5,5,5,5,4,5,5,5,5,5,5,6,6,6,4,6,6,5,6,6,6,5
5,1436,35,4,4,4,4,4,4,4,4,4,4,4,6,6,6,4,6,6,5,6,6,6,4
5,1437,35,4,4,4,4,4,4,4,4,4,4,4,6,6,6,4,6,6,5,6,6,6,4
5,1438,35,4,4,4,4,4,4,4,4,4,4,4,6,6,6,4,6,6,5,6,6,6,4
5,1439,35,4,4,4,4,4,4,4,4,4,4,4,6,6,6,4,6,6,5,6,6,6,4
5,1440,35,4,4,4,4,4,4,4,4,4,4,4,6,6,6,4,6,6,5,6,6,6,4
5,1441,35,4,4,4,4,4,4,4,4,4,4,4,6,6,6,4,6,6,5,6,6,6,4
5,1442,35,4,4,4,4,4,4,4,4,4,4,4,6,6,6,4,6,6,5,6,6,6,4
5,1443,35,4,4,4,4,4,4,4,4,4,4,4,6,6,6,4,6,6,5,6,6,6,4
5,1444,35,4,4,4,4,4,4,4,4,4,4,4,6,6,6,4,6,6,5,6,6,6,4
5,1445,35,4,4,4,4,4,4,4,4,4,4,4,7,7,7,4,7,7,5,7,7,7,4
5,1446,35,4,4,4,4,4,4,4,4,4,4,4,7,7,7,4,7,7,5,7,7,7,4
5,1447,35,4,4,4,4,4,4,4,4,4,4,4,7,7,7,4,7,7,5,7,7,7,4
5,1448,35,4,4,4,4,4,4,4,4,4,4,4,7,7,7,4,7,7,5,7,7,7,4
5,1449,35,4,4,4,4,4,4,4,4,4,4,4,7,7,7,4,7,7,5,7,7,7,4
5,1450,35,4,4,4,4,4,4,4,4,4,4,4,7,7,7,4,7,7,5,7,7,7,4
5,1451,35,4,4,4,4,4,4,4,4,4,4,4,7,7,7,4,7,7,5,7,7,7,4
5,1452,35,4,4,4,4,4,4,4,4,4,4,4,7,7,7,4,7,7,5,7,7,7,4
5,1453,35,4,4,4,4,4,4,4,4,4,4,4,7,7,7,4,7,7,5,7,7,7,4
5,1454,35,4,4,4,4,4,4,4,4,4,4,4,7,7,7,4,7,7,5,7,7,7,4
5,1455,35,4,4,4,4,4,4,4,4,4,4,4,7,7,7,4,7,7,5,7,7,7,4
5,1456,35,4,4,4,4,4,4,4,4,4,4,4,7,7,7,4,7,7,5,7,7,7,4
5,1457,35,4,4,4,4,4,4,4,4,4,4,4,6,6,6,4,6,6,5,6,6,6,4
5,1458,35,4,4,4,4,4,4,4,4,4,4,4,6,6,6,4,6,6,5,6,6,6,4
5,1459,35,4,4,4,4,4,4,4,4,4,4,4,6,6,6,4,6,6,4,6,6,6,4
5,1460,35,4,4,4,4,5,4,4,4,4,4,4,6,6,6,5,6,6,4,6,6,6,4
5,1461,35,4,4,4,4,5,4,4,4,4,4,4,6,6,6,5,6,6,4,6,6,6,4
5,1462,35,4,4,4,4,5,4,4,4,4,4,4,6,6,6,5,6,6,4,6,6,6,4
5,1463,35,4,4,4,4,5,4,4,4,4,4,4,6,6,6,4,6,6,4,6,6,6,4
5,1464,35,4,4,4,4,5,4,4,4,4,4,4,6,6,6,5,6,6,4,6,6,6,4
5,1465,35,5,5,5,5,5,5,5,5,5,5,5,7,7,7,5,7,7,4,7,7,7,5
5,1466,35,5,5,5,5,5,5,5,5,5,5,5,7,7,7,5,7,7,4,7,7,7,5
5,1467,35,5,5,5,5,5,5,5,5,5,5,5,7,7,7,5,7,7,4,7,7,7,5
5,1468,35,5,5,5,5,4,5,5,5,5,5,5,7,7,7,4,7,7,5,7,7,7,5
5,1469,35,4,4,4,4,4,4,4,4,4,4,4,6,6,6,4,6,6,4,6,6,6,4
5,1470,900,3,4,4,4,4,4,4,4,4,4,3,6,6,6,4,6,6,3,6,6,6,3
5,1471,900,3,4,4,4,4,4,4,4,4,4,3,6,6,6,4,6,6,3,6,6,6,3
5,1472,900,3,4,4,4,4,4,4,4,4,4,3,6,6,6,4,6,6,3,6,6,6,3
5,1473,900,3,4,4,4,4,4,4,4,4,4,3,6,6,6,4,6,6,3,6,6,6,3
5,1474,900,3,4,4,4,4,4,4,4,4,4,3,6,6,6,4,6,6,3,6,6,6,3
5,1475,36,3,4,4,4,4,4,4,4,4,4,3,6,6,6,4,6,6,3,6,6,6,3
5,1476,36,3,4,4,4,4,4,4,4,4,4,3,6,6,6,4,6,6,3,6,6,6,3
5,1477,36,3,4,4,4,4,4,4,4,4,4,3,6,6,6,4,6,6,3,6,6,6,3
5,1478,36,3,4,4,4,4,4,4,4,4,4,3,6,6,6,4,6,6,3,6,6,6,3
5,1479,36,3,4,4,4,4,4,4,4,4,4,3,6,6,6,4,6,6,3,6,6,6,3
5,1480,36,3,4,4,4,4,4,4,4,4,4,3,6,6,6,4,6,6,3,6,6,6,3
5,1481,36,3,4,4,4,4,4,4,4,4,4,3,6,6,6,4,6,6,3,6,6,6,3
5,1482,36,3,4,4,4,4,4,4,4,4,4,3,6,6,6,4,6,6,3,6,6,6,3
5,1483,36,3,4,4,4,4,4,4,4,4,4,3,6,6,6,4,6,6,3,6,6,6,3
5,1484,36,3,4,4,4,4,4,4,4,4,4,3,6,6,6,4,6,6,3,6,6,6,3
5,1485,36,3,4,4,4,4,4,4,4,4,4,3,6,6,6,4,6,6,3,6,6,6,3
5,1486,36,3,4,4,4,4,4,4,4,4,4,3,6,6,6,4,6,6,3,6,6,6,3
5,1488,36,3,4,4,4,4,4,4,4,4,4,3,6,6,6,4,6,6,3,6,6,6,3
5,1489,36,3,4,4,4,4,4,4,4,4,4,3,6,6,6,4,6,6,3,6,6,6,3
5,1490,36,3,4,4,4,4,4,4,4,4,4,3,6,6,6,4,6,6,3,6,6,6,3
5,1491,36,3,4,4,4,4,4,4,4,4,4,3,6,6,6,4,6,6,3,6,6,6,3
5,1492,36,3,4,4,4,4,4,4,4,4,4,3,6,6,6,4,6,6,3,6,6,6,3
5,1493,36,3,4,4,4,4,4,4,4,4,4,3,6,6,6,4,6,6,3,6,6,6,3
5,1494,36,3,4,4,4,4,4,4,4,4,4,3,6,6,6,4,6,6,3,6,6,6,3
5,1495,36,3,4,4,4,4,4,4,4,4,4,3,6,6,6,4,6,6,3,6,6,6,3
5,1496,36,3,4,4,4,4,4,4,4,4,4,3,6,6,6,4,6,6,3,6,6,6,3
5,1497,36,3,4,4,4,4,4,4,4,4,4,3,6,6,6,4,6,6,3,6,6,6,3
5,1498,37,1,6,6,6,6,6,6,6,6,6,1,1,1,1,6,1,1,1,1,1,1,1
5,1499,37,1,6,6,6,6,6,6,6,6,6,1,1,1,1,6,1,1,1,1,1,1,1
5,1500,37,1,6,6,6,6,6,6,6,6,6,1,1,1,1,6,1,1,1,1,1,1,1
5,1501,37,1,6,6,6,6,6,6,6,6,6,1,1,1,1,6,1,1,1,1,1,1,1
5,1502,37,1,6,6,6,6,6,6,6,6,6,1,1,1,1,6,1,1,1,1,1,1,1
5,1503,37,1,6,6,6,6,6,6,6,6,6,1,1,1,1,6,1,1,1,1,1,1,1
5,1504,37,1,6,6,6,6,6,6,6,6,6,1,1,1,1,6,1,1,1,1,1,1,1
5,1505,37,1,6,6,6,6,6,6,6,6,6,1,1,1,1,6,1,1,1,1,1,1,1
5,1506,38,2,6,6,6,6,6,6,6,6,6,2,2,2,2,6,2,2,2,2,2,2,2
5,1507,38,2,6,6,6,6,6,6,6,6,6,2,2,2,2,6,2,2,2,2,2,2,2
5,1508,38,2,6,6,6,6,6,6,6,6,6,2,2,2,2,6,2,2,2,2,2,2,2
5,1509,38,2,6,6,6,6,6,6,6,6,6,2,2,2,2,6,2,2,2,2,2,2,2
5,1510,38,2,6,6,6,6,6,6,6,6,6,2,2,2,2,6,2,2,2,2,2,2,2
5,1511,38,2,6,6,6,6,6,6,6,6,6,2,2,2,2,6,2,2,2,2,2,2,2
5,1512,38,2,6,6,6,6,6,6,6,6,6,2,2,2,2,6,2,2,2,2,2,2,2
5,1513,38,2,6,6,6,6,6,6,6,6,6,2,2,2,2,6,2,2,2,2,2,2,2
5,1515,38,2,6,6,6,6,6,6,6,6,6,2,2,2,2,6,2,2,2,2,2,2,2
5,1516,38,2,6,6,6,6,6,6,6,6,6,2,2,2,2,6,2,2,2,2,2,2,2
5,1517,38,2,6,6,6,6,6,6,6,6,6,2,2,2,2,6,2,2,2,2,2,2,2
5,1518,38,2,6,6,6,6,6,6,6,6,6,2,2,2,2,6,2,2,2,2,2,2,2
5,1520,38,2,6,6,6,6,6,6,6,6,6,2,2,2,2,6,2,2,2,2,2,2,2
5,1521,35,5,5,5,5,5,5,5,5,5,5,5,7,7,7,5,7,7,5,7,7,7,5
5,1522,35,5,5,5,5,5,5,5,5,5,5,5,7,7,7,5,7,7,5,7,7,7,5
5,1523,35,5,5,5,5,5,5,5,5,5,5,5,7,7,7,5,7,7,5,7,7,7,5
5,1524,35,5,5,5,5,5,5,5,5,5,5,5,7,7,7,5,7,7,5,7,7,7,5
5,1525,35,5,5,5,5,5,5,5,5,5,5,5,7,7,7,5,7,7,5,7,7,7,5
5,1526,35,5,5,5,5,5,5,5,5,5,5,5,7,7,7,5,7,7,5,7,7,7,5
5,1527,35,5,5,5,5,5,5,5,5,5,5,5,7,7,7,5,7,7,5,7,7,7,5
5,1528,35,5,5,5,5,5,5,5,5,5,5,5,7,7,7,5,7,7,5,7,7,7,5
5,1529,35,5,5,5,5,5,5,5,5,5,5,5,7,7,7,5,7,7,5,7,7,7,5
5,1530,35,5,5,5,5,5,5,5,5,5,5,5,7,7,7,5,7,7,5,7,7,7,5
5,1531,35,5,5,5,5,5,5,5,5,5,5,5,7,7,7,5,7,7,5,7,7,7,5
5,1532,35,5,5,5,5,5,5,5,5,5,5,5,7,7,7,5,7,7,5,7,7,7,5
5,1533,35,5,5,5,5,5,5,5,5,5,5,5,7,7,7,5,7,7,5,7,7,7,5
5,1534,35,5,5,5,5,5,5,5,5,5,5,5,7,7,7,5,7,7,5,7,7,7,5
5,1535,35,5,5,5,5,5,5,5,5,5,5,5,7,7,7,5,7,7,5,7,7,7,5
5,1536,35,5,5,5,5,4,5,5,5,5,5,5,7,7,7,4,7,7,5,7,7,7,5
5,1537,35,5,5,5,5,5,5,5,5,5,5,5,7,7,7,4,7,7,5,7,7,7,5
5,1538,35,5,5,5,5,4,5,5,5,5,5,5,7,7,7,4,7,7,5,7,7,7,5
5,1539,35,5,5,5,5,4,5,5,5,5,5,5,7,7,7,4,7,7,5,7,7,7,5
5,1540,35,5,5,5,5,5,5,5,5,5,5,5,7,7,7,4,7,7,5,7,7,7,5
5,1541,35,5,5,5,5,5,5,5,5,5,5,5,7,7,7,4,7,7,5,7,7,7,5
5,1542,35,5,5,5,5,5,5,5,5,5,5,5,7,7,7,4,7,7,5,7,7,7,5
5,1543,35,5,5,5,5,4,5,5,5,5,5,5,7,7,7,4,7,7,5,7,7,7,5
5,1544,35,5,5,5,5,4,5,5,5,5,5,5,7,7,7,4,7,7,5,7,7,7,5
5,1545,35,5,5,5,5,4,5,5,5,5,5,5,7,7,7,4,7,7,5,7,7,7,5
5,1546,35,5,5,5,5,4,5,5,5,5,5,5,7,7,7,4,7,7,5,7,7,7,5
5,1547,35,5,5,5,5,4,5,5,5,5,5,5,7,7,7,4,7,7,5,7,7,7,5
5,1548,25,2,6,6,6,6,6,6,6,6,6,2,2,2,2,6,2,2,2,2,2,2,2
5,1549,25,2,6,6,6,6,6,6,6,6,6,2,2,2,2,6,2,2,2,2,2,2,2
5,1550,25,2,6,6,6,6,6,6,6,6,6,2,2,2,2,6,2,2,2,2,2,2,2
5,1551,25,2,6,6,6,6,6,6,6,6,6,2,2,2,2,6,2,2,2,2,2,2,2
5,1552,25,2,6,6,6,6,6,6,6,6,6,2,2,2,2,6,2,2,2,2,2,2,2
5,1553,25,2,6,6,6,6,6,6,6,6,6,2,2,2,2,6,2,2,2,2,2,2,2
5,1554,25,2,6,6,6,6,6,6,6,6,6,2,2,2,2,6,2,2,2,2,2,2,2
5,1555,25,2,6,6,6,6,6,6,6,6,6,2,2,2,2,6,2,2,2,2,2,2,2
5,1556,25,2,6,6,6,6,6,6,6,6,6,2,2,2,2,6,2,2,2,2,2,2,2
5,1557,25,2,6,6,6,6,6,6,6,6,6,2,2,2,2,6,2,2,2,2,2,2,2
5,1558,25,2,6,6,6,6,6,6,6,6,6,2,2,2,2,6,2,2,2,2,2,2,2
5,1559,25,2,6,6,6,6,6,6,6,6,6,2,2,2,2,6,2,2,2,2,2,2,2
5,1560,25,2,6,6,6,6,6,6,6,6,6,2,2,2,2,6,2,2,2,2,2,2,2
5,1561,25,2,6,6,6,6,6,6,6,6,6,2,2,2,2,6,2,2,2,2,2,2,2
5,1562,25,2,6,6,6,6,6,6,6,6,6,2,2,2,2,6,2,2,2,2,2,2,2
5,1563,25,2,6,6,6,6,6,6,6,6,6,2,2,2,2,6,2,2,2,2,2,2,2
5,1564,25,2,6,6,6,6,6,6,6,6,6,2,2,2,2,6,2,2,2,2,2,2,2
5,1565,25,2,6,6,6,6,6,6,6,6,6,2,2,2,2,6,2,2,2,2,2,2,2
5,1566,25,2,6,6,6,6,6,6,6,6,6,2,2,2,2,6,2,2,2,2,2,2,2
5,1567,25,2,6,6,6,6,6,6,6,6,6,2,2,2,2,6,2,2,2,2,2,2,2
5,1568,6,3,3,3,3,3,3,3,3,3,3,3,5,5,5,3,5,5,3,5,5,5,3
5,1569,6,3,3,3,3,3,3,3,3,3,3,3,5,5,5,3,5,5,3,5,5,5,3
5,1570,6,3,3,3,3,3,3,3,3,3,3,3,5,5,5,3,5,5,3,5,5,5,3
5,1571,35,5,5,5,5,4,5,5,5,5,5,5,7,7,7,4,7,7,5,7,7,7,5
5,1572,35,5,5,5,5,4,5,5,5,5,5,5,7,7,7,4,7,7,5,7,7,7,5
5,1573,35,5,5,5,5,4,5,5,5,5,5,5,7,7,7,4,7,7,5,7,7,7,5
5,1574,35,5,5,5,5,4,5,5,5,5,5,5,7,7,7,4,7,7,5,7,7,7,5
5,1575,35,5,5,5,5,4,5,5,5,5,5,5,7,7,7,4,7,7,5,7,7,7,5
5,1576,35,5,5,5,5,4,5,5,5,5,5,5,7,7,7,4,7,7,5,7,7,7,5
5,1577,35,5,5,5,5,4,5,5,5,5,5,5,7,7,7,4,7,7,5,7,7,7,5
5,1578,35,5,5,5,5,4,5,5,5,5,5,5,7,7,7,4,7,7,5,7,7,7,5
5,1579,35,5,5,5,5,4,5,5,5,5,5,5,7,7,7,4,7,7,5,7,7,7,5
5,1580,35,5,5,5,5,4,5,5,5,5,5,5,7,7,7,4,7,7,5,7,7,7,5
5,1581,35,5,5,5,5,4,5,5,5,5,5,5,7,7,7,4,7,7,5,7,7,7,5
5,1582,35,5,5,5,5,4,5,5,5,5,5,5,7,7,7,4,7,7,5,7,7,7,5
5,1583,35,5,5,5,5,5,5,5,5,5,5,5,7,7,7,5,7,7,5,7,7,7,5
5,1584,35,5,5,5,5,4,5,5,5,5,5,5,7,7,7,4,7,7,5,7,7,7,5
5,1585,35,5,5,5,5,4,5,5,5,5,5,5,7,7,7,4,7,7,5,7,7,7,5
5,1586,35,5,5,5,5,4,5,5,5,5,5,5,7,7,7,4,7,7,5,7,7,7,5
5,1587,35,5,5,5,5,4,5,5,5,5,5,5,7,7,7,4,7,7,5,7,7,7,5
5,1588,35,5,5,5,5,4,5,5,5,5,5,5,7,7,7,4,7,7,5,7,7,7,5
5,1589,35,5,5,5,5,4,5,5,5,5,5,5,7,7,7,4,7,7,5,7,7,7,5
5,1590,35,5,5,5,5,4,5,5,5,5,5,5,7,7,7,4,7,7,5,7,7,7,5
5,1591,35,5,5,5,5,4,5,5,5,5,5,5,7,7,7,4,7,7,5,7,7,7,5
5,1592,35,5,5,5,5,4,5,5,5,5,5,5,7,7,7,4,7,7,5,7,7,7,5
5,1593,35,5,5,5,5,4,5,5,5,5,5,5,7,7,7,4,7,7,5,7,7,7,5
5,1594,35,5,5,5,5,4,5,5,5,5,5,5,7,7,7,4,7,7,5,7,7,7,5
5,1595,35,5,5,5,5,4,5,5,5,5,5,5,7,7,7,4,7,7,5,7,7,7,5
5,1596,35,5,5,5,5,4,5,5,5,5,5,5,7,7,7,4,7,7,5,7,7,7,5
5,1597,35,5,5,5,5,4,5,5,5,5,5,5,7,7,7,4,7,7,5,7,7,7,5
5,1598,35,5,5,5,5,4,5,5,5,5,5,5,7,7,7,4,7,7,5,7,7,7,5
5,1599,35,5,5,5,5,4,5,5,5,5,5,5,7,7,7,4,7,7,5,7,7,7,5
5,1600,35,5,5,5,5,4,5,5,5,5,5,5,7,7,7,4,7,7,5,7,7,7,5
5,1601,35,5,5,5,5,4,5,5,5,5,5,5,7,7,7,4,7,7,5,7,7,7,5
5,1602,35,5,5,5,5,4,5,5,5,5,5,5,7,7,7,4,7,7,5,7,7,7,5
5,1603,35,5,5,5,5,4,5,5,5,5,5,5,7,7,7,4,7,7,5,7,7,7,5
5,1604,35,5,5,5,5,4,5,5,5,5,5,5,7,7,7,4,7,7,5,7,7,7,5
5,1605,35,5,5,5,5,4,5,5,5,5,5,5,7,7,7,4,7,7,5,7,7,7,5
5,1606,35,5,5,5,5,4,5,5,5,5,5,5,7,7,7,4,7,7,5,7,7,7,5
5,1607,35,5,5,5,5,4,5,5,5,5,5,5,7,7,7,4,7,7,5,7,7,7,5
5,1608,35,5,5,5,5,4,5,5,5,5,5,5,7,7,7,4,7,7,5,7,7,7,5
5,1609,35,5,5,5,5,4,5,5,5,5,5,5,7,7,7,4,7,7,5,7,7,7,5
5,1610,35,5,5,5,5,4,5,5,5,5,5,5,7,7,7,4,7,7,5,7,7,7,5
5,1611,30,6,1,1,1,1,1,1,1,1,1,6,3,3,3,2,3,3,6,3,3,3,6
5,1612,30,6,1,1,1,1,1,1,1,1,1,6,3,3,3,2,3,3,6,3,3,3,6
5,1613,30,6,1,1,1,1,1,1,1,1,1,6,3,3,3,2,3,3,6,3,3,3,6
5,1614,30,6,1,1,1,1,1,1,1,1,1,6,3,3,3,2,3,3,6,3,3,3,6
5,1615,30,6,1,1,1,1,1,1,1,1,1,6,3,3,3,2,3,3,6,3,3,3,6
5,1616,30,6,1,1,1,1,1,1,1,1,1,6,3,3,3,2,3,3,6,3,3,3,6
5,1617,30,6,1,1,1,1,1,1,1,1,1,6,3,3,3,2,3,3,6,3,3,3,6
5,1618,30,6,1,1,1,1,1,1,1,1,1,6,3,3,3,2,3,3,6,3,3,3,6
5,1619,30,6,1,1,1,1,1,1,1,1,1,6,3,3,3,2,3,3,6,3,3,3,6
5,1620,30,6,1,1,1,1,1,1,1,1,1,6,3,3,3,2,3,3,6,3,3,3,6
5,1621,30,6,1,1,1,1,1,1,1,1,1,6,3,3,3,2,3,3,6,3,3,3,6
5,1622,30,6,1,1,1,1,1,1,1,1,1,6,3,3,3,2,3,3,6,3,3,3,6
5,1623,30,6,1,1,1,1,1,1,1,1,1,6,3,3,3,2,3,3,6,3,3,3,6
5,1624,30,6,1,1,1,1,1,1,1,1,1,6,3,3,3,2,3,3,6,3,3,3,6
5,1625,30,6,1,1,1,1,1,1,1,1,1,6,3,3,3,2,3,3,6,3,3,3,6
5,1626,30,6,1,1,1,1,1,1,1,1,1,6,3,3,3,2,3,3,6,3,3,3,6
5,1627,30,6,1,1,1,1,1,1,1,1,1,6,3,3,3,2,3,3,6,3,3,3,6
5,1628,30,6,1,1,1,1,1,1,1,1,1,6,3,3,3,2,3,3,6,3,3,3,6
5,1629,30,6,1,1,1,1,1,1,1,1,1,6,3,3,3,2,3,3,6,3,3,3,6
5,1630,30,6,1,1,1,1,1,1,1,1,1,6,3,3,3,2,3,3,6,3,3,3,6
5,1631,30,6,1,1,1,1,1,1,1,1,1,6,3,3,3,2,3,3,6,3,3,3,6
5,1632,30,6,1,1,1,1,1,1,1,1,1,6,3,3,3,2,3,3,6,3,3,3,6
5,1633,30,6,1,1,1,1,1,1,1,1,1,6,3,3,3,2,3,3,6,3,3,3,6
5,1634,30,6,1,1,1,1,1,1,1,1,1,6,3,3,3,2,3,3,6,3,3,3,6
5,1635,30,6,1,1,1,1,1,1,1,1,1,6,3,3,3,2,3,3,6,3,3,3,6
5,1636,30,6,1,1,1,1,1,1,1,1,1,6,3,3,3,2,3,3,6,3,3,3,6
5,1637,30,6,1,1,1,1,1,1,1,1,1,6,3,3,3,2,3,3,6,3,3,3,6
5,1638,30,6,1,1,1,1,1,1,1,1,1,6,3,3,3,2,3,3,6,3,3,3,6
5,1639,30,6,1,1,1,1,1,1,1,1,1,6,3,3,3,2,3,3,6,3,3,3,6
5,1640,30,6,1,1,1,1,1,1,1,1,1,6,3,3,3,2,3,3,6,3,3,3,6
5,1641,30,6,1,1,1,1,1,1,1,1,1,6,3,3,3,2,3,3,6,3,3,3,6
5,1642,30,7,2,2,2,2,2,2,2,2,2,7,4,4,4,1,4,4,7,4,4,4,7
5,1643,30,7,2,2,2,2,2,2,2,2,2,7,4,4,4,1,4,4,7,4,4,4,7
5,1644,30,7,2,2,2,2,2,2,2,2,2,7,4,4,4,1,4,4,7,4,4,4,7
5,1645,30,7,2,2,2,2,2,2,2,2,2,7,4,4,4,1,4,4,7,4,4,4,7
5,1646,30,7,2,2,2,2,2,2,2,2,2,7,4,4,4,1,4,4,7,4,4,4,7
5,1647,30,7,2,2,2,2,2,2,2,2,2,7,4,4,4,1,4,4,7,4,4,4,7
5,1648,30,7,2,2,2,2,2,2,2,2,2,7,4,4,4,1,4,4,7,4,4,4,7
5,1649,30,7,2,2,2,2,2,2,2,2,2,7,4,4,4,1,4,4,7,4,4,4,7
5,1650,30,7,2,2,2,2,2,2,2,2,2,7,4,4,4,1,4,4,7,4,4,4,7
5,1651,30,7,2,2,2,2,2,2,2,2,2,7,4,4,4,1,4,4,7,4,4,4,7
5,1652,30,7,2,2,2,2,2,2,2,2,2,7,4,4,4,1,4,4,7,4,4,4,7
5,1653,30,7,2,2,2,2,2,2,2,2,2,7,4,4,4,1,4,4,7,4,4,4,7
5,1654,30,7,2,2,2,2,2,2,2,2,2,7,4,4,4,1,4,4,7,4,4,4,7
5,1655,30,7,2,2,2,2,2,2,2,2,2,7,4,4,4,1,4,4,7,4,4,4,7
5,1656,30,7,2,2,2,2,2,2,2,2,2,7,4,4,4,1,4,4,7,4,4,4,7
5,1657,30,7,2,2,2,2,2,2,2,2,2,7,4,4,4,1,4,4,7,4,4,4,7
5,1658,30,7,2,2,2,2,2,2,2,2,2,7,4,4,4,1,4,4,7,4,4,4,7
5,1659,30,7,2,2,2,2,2,2,2,2,2,7,4,4,4,1,4,4,7,4,4,4,7
5,1660,30,7,2,2,2,2,2,2,2,2,2,7,4,4,4,1,4,4,7,4,4,4,7
5,1661,30,7,2,2,2,2,2,2,2,2,2,7,4,4,4,1,4,4,7,4,4,4,7
5,1662,30,7,2,2,2,2,2,2,2,2,2,7,4,4,4,1,4,4,7,4,4,4,7
5,1663,30,7,2,2,2,2,2,2,2,2,2,7,4,4,4,1,4,4,7,4,4,4,7
5,1664,30,7,2,2,2,2,2,2,2,2,2,7,4,4,4,1,4,4,7,4,4,4,7
5,1665,30,7,2,2,2,2,2,2,2,2,2,7,4,4,4,1,4,4,7,4,4,4,7
5,1666,30,7,2,2,2,2,2,2,2,2,2,7,4,4,4,1,4,4,7,4,4,4,7
5,1667,30,7,2,2,2,2,2,2,2,2,2,7,4,4,4,1,4,4,7,4,4,4,7
5,1668,30,7,2,2,2,2,2,2,2,2,2,7,4,4,4,1,4,4,7,4,4,4,7
5,1669,30,7,2,2,2,2,2,2,2,2,2,7,4,4,4,1,4,4,7,4,4,4,7
5,1670,30,7,2,2,2,2,2,2,2,2,2,7,4,4,4,1,4,4,7,4,4,4,7
5,1671,30,7,2,2,2,2,2,2,2,2,2,7,4,4,4,1,4,4,7,4,4,4,7
5,1672,30,7,2,2,2,2,2,2,2,2,2,7,4,4,4,1,4,4,7,4,4,4,7
5,1673,30,7,2,2,2,2,2,2,2,2,2,7,4,4,4,1,4,4,7,4,4,4,7
5,1674,30,7,2,2,2,2,2,2,2,2,2,7,4,4,4,1,4,4,7,4,4,4,7
5,1675,30,7,2,2,2,2,2,2,2,2,2,7,4,4,4,1,4,4,7,4,4,4,7
5,1676,30,7,2,2,2,2,2,2,2,2,2,7,4,4,4,1,4,4,7,4,4,4,7
5,1677,30,7,2,2,2,2,2,2,2,2,2,7,4,4,4,1,4,4,7,4,4,4,7
5,1678,30,7,2,2,2,2,2,2,2,2,2,7,4,4,4,1,4,4,7,4,4,4,7
5,1679,30,7,2,2,2,2,2,2,2,2,2,7,4,4,4,1,4,4,7,4,4,4,7
5,1680,30,7,2,2,2,2,2,2,2,2,2,7,4,4,4,1,4,4,7,4,4,4,7
5,1681,30,7,2,2,2,2,2,2,2,2,2,7,4,4,4,1,4,4,7,4,4,4,7
5,1682,2,2,6,6,6,6,6,6,6,6,6,2,2,2,2,6,2,2,2,2,2,2,2
5,1683,2,2,6,6,6,6,6,6,6,6,6,2,2,2,2,6,2,2,2,2,2,2,2
5,1684,2,2,6,6,6,6,6,6,6,6,6,2,2,2,2,6,2,2,2,2,2,2,2
5,1685,2,2,6,6,6,6,6,6,6,6,6,2,2,2,2,6,2,2,2,2,2,2,2
5,1686,2,2,6,6,6,6,6,6,6,6,6,2,2,2,2,6,2,2,2,2,2,2,2
5,1687,2,2,6,6,6,6,6,6,6,6,6,2,2,2,2,6,2,2,2,2,2,2,2
5,1688,2,2,6,6,6,6,6,6,6,6,6,2,2,2,2,6,2,2,2,2,2,2,2
5,1689,2,2,6,6,6,6,6,6,6,6,6,2,2,2,2,6,2,2,2,2,2,2,2
5,1690,2,2,6,6,6,6,6,6,6,6,6,2,2,2,2,6,2,2,2,2,2,2,2
5,1691,2,2,6,6,6,6,6,6,6,6,6,2,2,2,2,6,2,2,2,2,2,2,2
5,1692,2,2,6,6,6,6,6,6,6,6,6,2,2,2,2,6,2,2,2,2,2,2,2
5,1693,2,2,6,6,6,6,6,6,6,6,6,2,2,2,2,6,2,2,2,2,2,2,2
5,1694,2,2,6,6,6,6,6,6,6,6,6,2,2,2,2,6,2,2,2,2,2,2,2
5,1695,2,2,6,6,6,6,6,6,6,6,6,2,2,2,2,6,2,2,2,2,2,2,2
5,1696,2,2,6,6,6,6,6,6,6,6,6,2,2,2,2,6,2,2,2,2,2,2,2
5,1697,2,2,6,6,6,6,6,6,6,6,6,2,2,2,2,6,2,2,2,2,2,2,2
5,1698,2,2,6,6,6,6,6,6,6,6,6,2,2,2,2,6,2,2,2,2,2,2,2
5,1699,2,2,6,6,6,6,6,6,6,6,6,2,2,2,2,6,2,2,2,2,2,2,2
5,1700,2,2,6,6,6,6,6,6,6,6,6,2,2,2,2,6,2,2,2,2,2,2,2
5,1701,2,2,6,6,6,6,6,6,6,6,6,2,2,2,2,6,2,2,2,2,2,2,2
5,1702,2,2,6,6,6,6,6,6,6,6,6,2,2,2,2,6,2,2,2,2,2,2,2
5,1703,2,2,6,6,6,6,6,6,6,6,6,2,2,2,2,6,2,2,2,2,2,2,2
5,1704,2,2,6,6,6,6,6,6,6,6,6,2,2,2,2,6,2,2,2,2,2,2,2
5,1705,2,2,6,6,6,6,6,6,6,6,6,2,2,2,2,6,2,2,2,2,2,2,2
5,1706,2,2,6,6,6,6,6,6,6,6,6,2,2,2,2,6,2,2,2,2,2,2,2
5,1707,2,2,6,6,6,6,6,6,6,6,6,2,2,2,2,6,2,2,2,2,2,2,2
5,1708,2,2,6,6,6,6,6,6,6,6,6,2,2,2,2,6,2,2,2,2,2,2,2
5,1709,2,2,6,6,6,6,6,6,6,6,6,2,2,2,2,6,2,2,2,2,2,2,2
5,1710,2,2,6,6,6,6,6,6,6,6,6,2,2,2,2,6,2,2,2,2,2,2,2
