edon,seccion,munn,escenario1,mc_clv1,panal_clv1,pan_clv1,pes_clv1,pri_clv1,pvem_clv1,escenario2,mc_clv2,morena_clv2,panal_clv2,pan_clv2,pes_clv2,prd_clv2,pri_clv2,pt_clv2,pvem_clv2,escenario3
10,1,1,1,1,1,1,1,1,1,1,1,1,1,1,1,1,1,1,1,1
10,2,1,1,1,1,1,1,1,1,1,1,1,1,1,1,1,1,1,1,1
10,3,1,1,1,1,1,1,1,1,1,1,1,1,1,1,1,1,1,1,1
10,4,1,1,1,1,1,1,1,1,1,1,1,1,1,1,1,1,1,1,1
10,5,1,1,1,1,1,1,1,1,1,1,1,1,1,1,1,1,1,1,1
10,6,1,1,1,1,1,1,1,1,1,1,1,1,1,1,1,1,1,1,1
10,7,1,1,1,1,1,1,1,1,1,1,1,1,1,1,1,1,1,1,1
10,8,1,1,1,1,1,1,1,1,1,1,1,1,1,1,1,1,1,1,1
10,9,1,1,1,1,1,1,1,1,1,1,1,1,1,1,1,1,1,1,1
10,10,1,1,1,1,1,1,1,1,1,1,1,1,1,1,1,1,1,1,1
10,11,1,1,1,1,1,1,1,1,1,1,1,1,1,1,1,1,1,1,1
10,12,1,1,1,1,1,1,1,1,1,1,1,1,1,1,1,1,1,1,1
10,13,1,1,1,1,1,1,1,1,1,1,1,1,1,1,1,1,1,1,1
10,14,1,1,1,1,1,1,1,1,1,1,1,1,1,1,1,1,1,1,1
10,15,1,1,1,1,1,1,1,1,1,1,1,1,1,1,1,1,1,1,1
10,16,1,1,1,1,1,1,1,1,1,1,1,1,1,1,1,1,1,1,1
10,17,1,1,1,1,1,1,1,1,1,1,1,1,1,1,1,1,1,1,1
10,19,1,1,1,1,1,1,1,1,1,1,1,1,1,1,1,1,1,1,1
10,20,1,1,1,1,1,1,1,1,1,1,1,1,1,1,1,1,1,1,1
10,21,1,1,1,1,1,1,1,1,1,1,1,1,1,1,1,1,1,1,1
10,22,1,1,1,1,1,1,1,1,1,1,1,1,1,1,1,1,1,1,1
10,23,1,1,1,1,1,1,1,1,1,1,1,1,1,1,1,1,1,1,1
10,24,1,1,1,1,1,1,1,1,1,1,1,1,1,1,1,1,1,1,1
10,25,1,1,1,1,1,1,1,1,1,1,1,1,1,1,1,1,1,1,1
10,26,1,1,1,1,1,1,1,1,1,1,1,1,1,1,1,1,1,1,1
10,27,1,1,1,1,1,1,1,1,1,1,1,1,1,1,1,1,1,1,1
10,28,1,1,1,1,1,1,1,1,1,1,1,1,1,1,1,1,1,1,1
10,29,1,1,1,1,1,1,1,1,1,1,1,1,1,1,1,1,1,1,1
10,30,1,1,1,1,1,1,1,1,1,1,1,1,1,1,1,1,1,1,1
10,31,1,1,1,1,1,1,1,1,1,1,1,1,1,1,1,1,1,1,1
10,32,1,1,1,1,1,1,1,1,1,1,1,1,1,1,1,1,1,1,1
10,33,1,1,1,1,1,1,1,1,1,1,1,1,1,1,1,1,1,1,1
10,34,1,1,1,1,1,1,1,1,1,1,1,1,1,1,1,1,1,1,1
10,35,1,1,1,1,1,1,1,1,1,1,1,1,1,1,1,1,1,1,1
10,36,1,1,1,1,1,1,1,1,1,1,1,1,1,1,1,1,1,1,1
10,37,1,1,1,1,1,1,1,1,1,1,1,1,1,1,1,1,1,1,1
10,38,1,1,1,1,1,1,1,1,1,1,1,1,1,1,1,1,1,1,1
10,39,1,1,1,1,1,1,1,1,1,1,1,1,1,1,1,1,1,1,1
10,40,1,1,1,1,1,1,1,1,1,1,1,1,1,1,1,1,1,1,1
10,42,2,1,2,2,2,2,1,2,2,2,2,2,2,2,2,2,2,2,2
10,43,2,1,2,2,2,2,1,2,2,2,2,2,2,2,2,2,2,2,2
10,44,2,1,2,2,2,2,1,2,2,2,2,2,2,2,2,2,2,2,2
10,45,2,1,2,2,2,2,1,2,2,2,2,2,2,2,2,2,2,2,2
10,46,2,1,2,2,2,2,1,2,2,2,2,2,2,2,2,2,2,2,2
10,47,2,1,2,2,2,2,1,2,2,2,2,2,2,2,2,2,2,2,2
10,48,2,1,2,2,2,2,1,2,2,2,2,2,2,2,2,2,2,2,2
10,50,2,1,2,2,2,2,1,2,2,2,2,2,2,2,2,2,2,2,2
10,51,2,1,2,2,2,2,1,2,2,2,2,2,2,2,2,2,2,2,2
10,52,2,1,2,2,2,2,1,2,2,2,2,2,2,2,2,2,2,2,2
10,53,2,1,2,2,2,2,1,2,2,2,2,2,2,2,2,2,2,2,2
10,54,2,1,2,2,2,2,1,2,2,2,2,2,2,2,2,2,2,2,2
10,55,2,1,2,2,2,2,1,2,2,2,2,2,2,2,2,2,2,2,2
10,56,2,1,2,2,2,2,1,2,2,2,2,2,2,2,2,2,2,2,2
10,57,3,1,1,1,1,1,1,1,1,1,1,1,1,1,1,1,1,1,1
10,58,3,1,1,1,1,1,1,1,1,1,1,1,1,1,1,1,1,1,1
10,59,3,1,1,1,1,1,1,1,1,1,1,1,1,1,1,1,1,1,1
10,60,3,1,1,1,1,1,1,1,1,1,1,1,1,1,1,1,1,1,1
10,61,3,1,1,1,1,1,1,1,1,1,1,1,1,1,1,1,1,1,1
10,62,3,1,1,1,1,1,1,1,1,1,1,1,1,1,1,1,1,1,1
10,63,3,1,1,1,1,1,1,1,1,1,1,1,1,1,1,1,1,1,1
10,64,3,1,1,1,1,1,1,1,1,1,1,1,1,1,1,1,1,1,1
10,65,3,1,1,1,1,1,1,1,1,1,1,1,1,1,1,1,1,1,1
10,66,4,2,1,1,1,1,2,1,1,1,1,1,1,1,1,1,1,1,1
10,67,4,2,1,1,1,1,2,1,1,1,1,1,1,1,1,1,1,1,1
10,68,4,2,1,1,1,1,2,1,1,1,1,1,1,1,1,1,1,1,1
10,69,4,2,1,1,1,1,2,1,1,1,1,1,1,1,1,1,1,1,1
10,70,4,2,1,1,1,1,2,1,1,1,1,1,1,1,1,1,1,1,1
10,72,4,2,1,1,1,1,2,1,1,1,1,1,1,1,1,1,1,1,1
10,73,4,2,1,1,1,1,2,1,1,1,1,1,1,1,1,1,1,1,1
10,74,4,2,1,1,1,1,2,1,1,1,1,1,1,1,1,1,1,1,1
10,75,4,2,1,1,1,1,2,1,1,1,1,1,1,1,1,1,1,1,1
10,76,4,2,1,1,1,1,2,1,1,1,1,1,1,1,1,1,1,1,1
10,77,4,2,1,1,1,1,2,1,1,1,1,1,1,1,1,1,1,1,1
10,78,4,2,1,1,1,1,2,1,1,1,1,1,1,1,1,1,1,1,1
10,79,4,2,1,1,1,1,2,1,1,1,1,1,1,1,1,1,1,1,1
10,80,4,2,1,1,1,1,2,1,1,1,1,1,1,1,1,1,1,1,1
10,81,4,2,1,1,1,1,2,1,1,1,1,1,1,1,1,1,1,1,1
10,82,4,2,1,1,1,1,2,1,1,1,1,1,1,1,1,1,1,1,1
10,83,4,2,1,1,1,1,2,1,1,1,1,1,1,1,1,1,1,1,1
10,84,4,2,1,1,1,1,2,1,1,1,1,1,1,1,1,1,1,1,1
10,85,4,2,1,1,1,1,2,1,1,1,1,1,1,1,1,1,1,1,1
10,86,4,2,1,1,1,1,2,1,1,1,1,1,1,1,1,1,1,1,1
10,87,4,2,1,1,1,1,2,1,1,1,1,1,1,1,1,1,1,1,1
10,88,4,2,1,1,1,1,2,1,1,1,1,1,1,1,1,1,1,1,1
10,89,4,2,1,1,1,1,2,1,1,1,1,1,1,1,1,1,1,1,1
10,90,4,2,1,1,1,1,2,1,1,1,1,1,1,1,1,1,1,1,1
10,91,4,2,1,1,1,1,2,1,1,1,1,1,1,1,1,1,1,1,1
10,92,4,2,1,1,1,1,2,1,1,1,1,1,1,1,1,1,1,1,1
10,93,4,2,1,1,1,1,2,1,1,1,1,1,1,1,1,1,1,1,1
10,94,4,2,1,1,1,1,2,1,1,1,1,1,1,1,1,1,1,1,1
10,95,4,2,1,1,1,1,2,1,1,1,1,1,1,1,1,1,1,1,1
10,96,4,2,1,1,1,1,2,1,1,1,1,1,1,1,1,1,1,1,1
10,97,4,2,1,1,1,1,2,1,1,1,1,1,1,1,1,1,1,1,1
10,99,4,2,1,1,1,1,2,1,1,1,1,1,1,1,1,1,1,1,1
10,100,4,2,1,1,1,1,2,1,1,1,1,1,1,1,1,1,1,1,1
10,101,4,2,1,1,1,1,2,1,1,1,1,1,1,1,1,1,1,1,1
10,102,4,2,1,1,1,1,2,1,1,1,1,1,1,1,1,1,1,1,1
10,103,4,2,1,1,1,1,2,1,1,1,1,1,1,1,1,1,1,1,1
10,104,4,2,1,1,1,1,2,1,1,1,1,1,1,1,1,1,1,1,1
10,105,4,2,1,1,1,1,2,1,1,1,1,1,1,1,1,1,1,1,1
10,106,4,2,1,1,1,1,2,1,1,1,1,1,1,1,1,1,1,1,1
10,107,4,2,1,1,1,1,2,1,1,1,1,1,1,1,1,1,1,1,1
10,108,5,3,3,3,3,3,3,3,3,3,3,3,3,3,3,3,3,3,3
10,109,5,2,3,3,3,3,2,3,3,3,3,3,3,3,3,3,3,3,3
10,111,5,2,3,3,3,3,2,3,3,3,3,3,3,3,3,3,3,3,3
10,112,5,3,3,3,3,3,3,3,3,3,3,3,3,3,3,3,3,3,3
10,113,5,3,3,3,3,3,3,3,3,3,3,3,3,3,3,3,3,3,3
10,114,5,3,3,3,3,3,3,3,3,3,3,3,3,3,3,3,3,3,3
10,115,5,3,3,3,3,3,3,3,3,3,3,3,3,3,3,3,3,3,3
10,116,5,3,3,3,3,3,3,3,3,3,3,3,3,3,3,3,3,3,3
10,117,5,3,3,3,3,3,3,3,3,3,3,3,3,3,3,3,3,3,3
10,118,5,3,3,3,3,3,3,3,3,3,3,3,3,3,3,3,3,3,3
10,119,5,3,3,3,3,3,3,3,3,3,3,3,3,3,3,3,3,3,3
10,120,5,3,3,3,3,3,3,3,3,3,3,3,3,3,3,3,3,3,3
10,121,5,3,3,3,3,3,3,3,3,3,3,3,3,3,3,3,3,3,3
10,122,5,3,3,3,3,3,3,3,3,3,3,3,3,3,3,3,3,3,3
10,123,5,3,3,3,3,3,3,3,3,3,3,3,3,3,3,3,3,3,3
10,124,5,3,3,3,3,3,3,3,3,3,3,3,3,3,3,3,3,3,3
10,125,5,3,3,3,3,3,3,3,3,3,3,3,3,3,3,3,3,3,3
10,126,5,3,3,3,3,3,3,3,3,3,3,3,3,3,3,3,3,3,3
10,127,5,3,3,3,3,3,3,3,3,3,3,3,3,3,3,3,3,3,3
10,128,5,3,3,3,3,3,3,3,3,3,3,3,3,3,3,3,3,3,3
10,129,5,3,3,3,3,3,3,3,3,3,3,3,3,3,3,3,3,3,3
10,130,5,3,3,3,3,3,3,3,3,3,3,3,3,3,3,3,3,3,3
10,131,5,3,3,3,3,3,3,3,3,3,3,3,3,3,3,3,3,3,3
10,132,5,3,3,3,3,3,3,3,3,3,3,3,3,3,3,3,3,3,3
10,133,5,3,3,3,3,3,3,3,3,3,3,3,3,3,3,3,3,3,3
10,134,5,3,3,3,3,3,3,3,3,3,3,3,3,3,3,3,3,3,3
10,135,5,3,3,3,3,3,3,3,3,3,3,3,3,3,3,3,3,3,3
10,136,5,3,3,3,3,3,3,3,3,3,3,3,3,3,3,3,3,3,3
10,137,5,3,3,3,3,3,3,3,3,3,3,3,3,3,3,3,3,3,3
10,138,5,3,3,3,3,3,3,3,3,3,3,3,3,3,3,3,3,3,3
10,139,5,3,3,3,3,3,3,3,3,3,3,3,3,3,3,3,3,3,3
10,140,5,3,3,3,3,3,3,3,3,3,3,3,3,3,3,3,3,3,3
10,141,5,3,3,3,3,3,3,3,3,3,3,3,3,3,3,3,3,3,3
10,142,5,3,3,3,3,3,3,3,3,3,3,3,3,3,3,3,3,3,3
10,143,5,3,3,3,3,3,3,3,3,3,3,3,3,3,3,3,3,3,3
10,144,5,3,3,3,3,3,3,3,3,3,3,3,3,3,3,3,3,3,3
10,145,5,3,3,3,3,3,3,3,3,3,3,3,3,3,3,3,3,3,3
10,146,5,3,3,3,3,3,3,3,3,3,3,3,3,3,3,3,3,3,3
10,147,5,2,3,3,3,3,2,3,3,3,3,3,3,3,3,3,3,3,3
10,148,5,2,3,3,3,3,2,3,3,3,3,3,3,3,3,3,3,3,3
10,149,5,2,3,3,3,3,2,3,3,3,3,3,3,3,3,3,3,3,3
10,150,5,3,3,3,3,3,3,3,3,3,3,3,3,3,3,3,3,3,3
10,151,5,3,3,3,3,3,3,3,3,3,3,3,3,3,3,3,3,3,3
10,152,5,3,3,3,3,3,3,3,3,3,3,3,3,3,3,3,3,3,3
10,153,5,3,3,3,3,3,3,3,3,3,3,3,3,3,3,3,3,3,3
10,154,5,3,3,3,3,3,3,3,3,3,3,3,3,3,3,3,3,3,3
10,155,5,3,3,3,3,3,3,3,3,3,3,3,3,3,3,3,3,3,3
10,156,5,3,3,3,3,3,3,3,3,3,3,3,3,3,3,3,3,3,3
10,157,5,3,3,3,3,3,3,3,3,3,3,3,3,3,3,3,3,3,3
10,158,5,3,3,3,3,3,3,3,3,3,3,3,3,3,3,3,3,3,3
10,159,5,3,3,3,3,3,3,3,3,3,3,3,3,3,3,3,3,3,3
10,160,5,3,3,3,3,3,3,3,3,3,3,3,3,3,3,3,3,3,3
10,161,5,3,3,3,3,3,3,3,3,3,3,3,3,3,3,3,3,3,3
10,162,5,3,3,3,3,3,3,3,3,3,3,3,3,3,3,3,3,3,3
10,163,5,3,3,3,3,3,3,3,3,3,3,3,3,3,3,3,3,3,3
10,164,5,3,3,3,3,3,3,3,3,3,3,3,3,3,3,3,3,3,3
10,165,5,3,3,3,3,3,3,3,3,3,3,3,3,3,3,3,3,3,3
10,166,5,3,3,3,3,3,3,3,3,3,3,3,3,3,3,3,3,3,3
10,167,5,3,3,3,3,3,3,3,3,3,3,3,3,3,3,3,3,3,3
10,168,5,3,3,3,3,3,3,3,3,3,3,3,3,3,3,3,3,3,3
10,169,5,3,3,3,3,3,3,3,3,3,3,3,3,3,3,3,3,3,3
10,170,5,3,3,3,3,3,3,3,3,3,3,3,3,3,3,3,3,3,3
10,171,5,3,3,3,3,3,3,3,3,3,3,3,3,3,3,3,3,3,3
10,172,5,3,3,3,3,3,3,3,3,3,3,3,3,3,3,3,3,3,3
10,173,5,3,3,3,3,3,3,3,3,3,3,3,3,3,3,3,3,3,3
10,174,5,3,3,3,3,3,3,3,3,3,3,3,3,3,3,3,3,3,3
10,175,5,3,3,3,3,3,3,3,3,3,3,3,3,3,3,3,3,3,3
10,176,5,3,3,3,3,3,3,3,3,3,3,3,3,3,3,3,3,3,3
10,177,5,3,3,3,3,3,3,3,3,3,3,3,3,3,3,3,3,3,3
10,178,5,3,3,3,3,3,3,3,3,3,3,3,3,3,3,3,3,3,3
10,179,5,3,3,3,3,3,3,3,3,3,3,3,3,3,3,3,3,3,3
10,180,5,3,3,3,3,3,3,3,3,3,3,3,3,3,3,3,3,3,3
10,181,5,2,3,3,3,3,2,3,3,3,3,3,3,3,3,3,3,3,3
10,182,5,3,3,3,3,3,3,3,3,3,3,3,3,3,3,3,3,3,3
10,183,5,3,3,3,3,3,3,3,3,3,3,3,3,3,3,3,3,3,3
10,184,5,3,3,3,3,3,3,3,3,3,3,3,3,3,3,3,3,3,3
10,185,5,3,3,3,3,3,3,3,3,3,3,3,3,3,3,3,3,3,3
10,186,5,3,3,3,3,3,3,3,3,3,3,3,3,3,3,3,3,3,3
10,187,5,3,3,3,3,3,3,3,3,3,3,3,3,3,3,3,3,3,3
10,188,5,3,3,3,3,3,3,3,3,3,3,3,3,3,3,3,3,3,3
10,189,5,3,3,3,3,3,3,3,3,3,3,3,3,3,3,3,3,3,3
10,190,5,3,3,3,3,3,3,3,3,3,3,3,3,3,3,3,3,3,3
10,191,5,3,3,3,3,3,3,3,3,3,3,3,3,3,3,3,3,3,3
10,192,5,3,3,3,3,3,3,3,3,3,3,3,3,3,3,3,3,3,3
10,193,5,3,3,3,3,3,3,3,3,3,3,3,3,3,3,3,3,3,3
10,194,5,3,3,3,3,3,3,3,3,3,3,3,3,3,3,3,3,3,3
10,195,5,3,3,3,3,3,3,3,3,3,3,3,3,3,3,3,3,3,3
10,196,5,3,3,3,3,3,3,3,3,3,3,3,3,3,3,3,3,3,3
10,197,5,3,3,3,3,3,3,3,3,3,3,3,3,3,3,3,3,3,3
10,198,5,3,3,3,3,3,3,3,3,3,3,3,3,3,3,3,3,3,3
10,199,5,3,3,3,3,3,3,3,3,3,3,3,3,3,3,3,3,3,3
10,200,5,3,3,3,3,3,3,3,3,3,3,3,3,3,3,3,3,3,3
10,201,5,3,3,3,3,3,3,3,3,2,2,2,2,2,2,2,2,2,2
10,202,5,3,3,3,3,3,3,3,3,3,3,3,3,3,3,3,3,3,3
10,203,5,3,3,3,3,3,3,3,3,3,3,3,3,3,3,3,3,3,3
10,204,5,3,3,3,3,3,3,3,3,2,2,2,2,2,2,2,2,2,2
10,205,5,3,3,3,3,3,3,3,3,3,3,3,3,3,3,3,3,3,3
10,206,5,3,3,3,3,3,3,3,3,3,3,3,3,3,3,3,3,3,3
10,207,5,3,3,3,3,3,3,3,3,3,3,3,3,3,3,3,3,3,3
10,208,5,3,3,3,3,3,3,3,3,3,3,3,3,3,3,3,3,3,3
10,209,5,3,3,3,3,3,3,3,3,3,3,3,3,3,3,3,3,3,3
10,210,5,3,3,3,3,3,3,3,3,3,3,3,3,3,3,3,3,3,3
10,211,5,3,3,3,3,3,3,3,3,3,3,3,3,3,3,3,3,3,3
10,212,5,3,3,3,3,3,3,3,3,3,3,3,3,3,3,3,3,3,3
10,213,5,3,3,3,3,3,3,3,3,3,3,3,3,3,3,3,3,3,3
10,214,5,3,3,3,3,3,3,3,3,3,3,3,3,3,3,3,3,3,3
10,215,5,3,3,3,3,3,3,3,3,3,3,3,3,3,3,3,3,3,3
10,216,5,3,3,3,3,3,3,3,3,3,3,3,3,3,3,3,3,3,3
10,217,5,3,3,3,3,3,3,3,3,3,3,3,3,3,3,3,3,3,3
10,218,5,3,3,3,3,3,3,3,3,3,3,3,3,3,3,3,3,3,3
10,219,5,1,3,3,3,3,1,3,3,3,3,3,3,3,3,3,3,3,3
10,220,5,3,3,3,3,3,3,3,3,3,3,3,3,3,3,3,3,3,3
10,221,5,3,3,3,3,3,3,3,3,3,3,3,3,3,3,3,3,3,3
10,222,5,3,3,3,3,3,3,3,3,3,3,3,3,3,3,3,3,3,3
10,223,5,3,3,3,3,3,3,3,3,3,3,3,3,3,3,3,3,3,3
10,224,5,3,3,3,3,3,3,3,3,3,3,3,3,3,3,3,3,3,3
10,225,5,3,3,3,3,3,3,3,3,3,3,3,3,3,3,3,3,3,3
10,226,5,3,3,3,3,3,3,3,3,3,3,3,3,3,3,3,3,3,3
10,227,5,3,3,3,3,3,3,3,3,3,3,3,3,3,3,3,3,3,3
10,228,5,3,3,3,3,3,3,3,3,3,3,3,3,3,3,3,3,3,3
10,229,5,3,3,3,3,3,3,3,3,3,3,3,3,3,3,3,3,3,3
10,230,5,3,3,3,3,3,3,3,3,3,3,3,3,3,3,3,3,3,3
10,231,5,3,3,3,3,3,3,3,3,3,3,3,3,3,3,3,3,3,3
10,232,5,3,3,3,3,3,3,3,3,3,3,3,3,3,3,3,3,3,3
10,233,5,3,3,3,3,3,3,3,3,3,3,3,3,3,3,3,3,3,3
10,234,5,3,3,3,3,3,3,3,3,3,3,3,3,3,3,3,3,3,3
10,235,5,3,3,3,3,3,3,3,3,3,3,3,3,3,3,3,3,3,3
10,236,5,3,2,2,2,2,3,2,2,2,2,2,2,2,2,2,2,2,2
10,237,5,3,2,2,2,2,3,2,2,2,2,2,2,2,2,2,2,2,2
10,238,5,3,2,2,2,2,3,2,2,2,2,2,2,2,2,2,2,2,2
10,239,5,3,2,2,2,2,3,2,2,3,3,3,3,3,3,3,3,3,3
10,240,5,3,3,3,3,3,3,3,3,3,3,3,3,3,3,3,3,3,3
10,241,5,3,3,3,3,3,3,3,3,3,3,3,3,3,3,3,3,3,3
10,242,5,3,3,3,3,3,3,3,3,3,3,3,3,3,3,3,3,3,3
10,243,5,3,3,3,3,3,3,3,3,3,3,3,3,3,3,3,3,3,3
10,244,5,3,3,3,3,3,3,3,3,3,3,3,3,3,3,3,3,3,3
10,245,5,3,3,3,3,3,3,3,3,3,3,3,3,3,3,3,3,3,3
10,246,5,3,3,3,3,3,3,3,3,3,3,3,3,3,3,3,3,3,3
10,247,5,3,3,3,3,3,3,3,3,3,3,3,3,3,3,3,3,3,3
10,248,5,3,3,3,3,3,3,3,3,3,3,3,3,3,3,3,3,3,3
10,249,5,3,3,3,3,3,3,3,3,3,3,3,3,3,3,3,3,3,3
10,250,5,3,3,3,3,3,3,3,3,3,3,3,3,3,3,3,3,3,3
10,251,5,3,3,3,3,3,3,3,3,3,3,3,3,3,3,3,3,3,3
10,252,5,3,3,3,3,3,3,3,3,3,3,3,3,3,3,3,3,3,3
10,253,5,1,3,3,3,3,1,3,3,3,3,3,3,3,3,3,3,3,3
10,254,5,3,3,3,3,3,3,3,3,3,3,3,3,3,3,3,3,3,3
10,255,5,3,3,3,3,3,3,3,3,3,3,3,3,3,3,3,3,3,3
10,256,5,3,3,3,3,3,3,3,3,3,3,3,3,3,3,3,3,3,3
10,257,5,3,3,3,3,3,3,3,3,3,3,3,3,3,3,3,3,3,3
10,258,5,3,3,3,3,3,3,3,3,3,3,3,3,3,3,3,3,3,3
10,259,5,3,3,3,3,3,3,3,3,3,3,3,3,3,3,3,3,3,3
10,260,5,3,3,3,3,3,3,3,3,3,3,3,3,3,3,3,3,3,3
10,261,5,3,2,2,2,2,3,2,2,3,3,3,3,3,3,3,3,3,3
10,262,5,3,3,3,3,3,3,3,3,3,3,3,3,3,3,3,3,3,3
10,263,5,3,3,3,3,3,3,3,3,3,3,3,3,3,3,3,3,3,3
10,264,5,3,3,3,3,3,3,3,3,3,3,3,3,3,3,3,3,3,3
10,265,5,3,2,2,2,2,3,2,2,3,3,3,3,3,3,3,3,3,3
10,266,5,3,2,2,2,2,3,2,2,3,3,3,3,3,3,3,3,3,3
10,267,5,3,2,2,2,2,3,2,2,3,3,3,3,3,3,3,3,3,3
10,268,5,3,2,2,2,2,3,2,2,3,3,3,3,3,3,3,3,3,3
10,269,5,3,2,2,2,2,3,2,2,3,3,3,3,3,3,3,3,3,3
10,270,5,3,2,2,2,2,3,2,2,2,2,2,2,2,2,2,2,2,2
10,271,5,3,2,2,2,2,3,2,2,2,2,2,2,2,2,2,2,2,2
10,272,5,3,3,3,3,3,3,3,3,3,3,3,3,3,3,3,3,3,3
10,273,5,3,3,3,3,3,3,3,3,3,3,3,3,3,3,3,3,3,3
10,274,5,3,3,3,3,3,3,3,3,3,3,3,3,3,3,3,3,3,3
10,275,5,3,3,3,3,3,3,3,3,3,3,3,3,3,3,3,3,3,3
10,276,5,3,3,3,3,3,3,3,3,3,3,3,3,3,3,3,3,3,3
10,277,5,3,3,3,3,3,3,3,3,3,3,3,3,3,3,3,3,3,3
10,278,5,1,3,3,3,3,1,3,3,3,3,3,3,3,3,3,3,3,3
10,279,5,3,3,3,3,3,3,3,3,3,3,3,3,3,3,3,3,3,3
10,280,5,3,3,3,3,3,3,3,3,3,3,3,3,3,3,3,3,3,3
10,281,5,3,3,3,3,3,3,3,3,3,3,3,3,3,3,3,3,3,3
10,282,5,3,3,3,3,3,3,3,3,3,3,3,3,3,3,3,3,3,3
10,283,5,3,3,3,3,3,3,3,3,3,3,3,3,3,3,3,3,3,3
10,284,5,3,3,3,3,3,3,3,3,3,3,3,3,3,3,3,3,3,3
10,285,5,3,3,3,3,3,3,3,3,3,3,3,3,3,3,3,3,3,3
10,286,5,3,3,3,3,3,3,3,3,3,3,3,3,3,3,3,3,3,3
10,287,5,3,2,2,2,2,3,2,2,3,3,3,3,3,3,3,3,3,3
10,288,5,3,3,3,3,3,3,3,3,3,3,3,3,3,3,3,3,3,3
10,289,5,3,3,3,3,3,3,3,3,3,3,3,3,3,3,3,3,3,3
10,290,5,3,3,3,3,3,3,3,3,3,3,3,3,3,3,3,3,3,3
10,291,5,3,3,3,3,3,3,3,3,3,3,3,3,3,3,3,3,3,3
10,292,5,3,3,3,3,3,3,3,3,3,3,3,3,3,3,3,3,3,3
10,293,5,3,3,3,3,3,3,3,3,3,3,3,3,3,3,3,3,3,3
10,294,5,3,2,2,2,2,3,2,2,3,3,3,3,3,3,3,3,3,3
10,295,5,3,2,2,2,2,3,2,2,3,3,3,3,3,3,3,3,3,3
10,296,5,3,2,2,2,2,3,2,2,2,2,2,2,2,2,2,2,2,2
10,297,5,3,2,2,2,2,3,2,2,2,2,2,2,2,2,2,2,2,2
10,298,5,1,2,2,2,2,1,2,2,2,2,2,2,2,2,2,2,2,2
10,299,5,1,2,2,2,2,1,2,2,2,2,2,2,2,2,2,2,2,2
10,300,5,1,2,2,2,2,1,2,2,2,2,2,2,2,2,2,2,2,2
10,301,5,1,2,2,2,2,1,2,2,2,2,2,2,2,2,2,2,2,2
10,302,5,1,2,2,2,2,1,2,2,2,2,2,2,2,2,2,2,2,2
10,303,5,3,3,3,3,3,3,3,3,3,3,3,3,3,3,3,3,3,3
10,304,5,3,3,3,3,3,3,3,3,3,3,3,3,3,3,3,3,3,3
10,305,5,3,3,3,3,3,3,3,3,3,3,3,3,3,3,3,3,3,3
10,306,5,3,2,2,2,2,3,2,2,2,2,2,2,2,2,2,2,2,2
10,307,5,3,2,2,2,2,3,2,2,2,2,2,2,2,2,2,2,2,2
10,308,5,3,2,2,2,2,3,2,2,2,2,2,2,2,2,2,2,2,2
10,309,5,3,2,2,2,2,3,2,2,2,2,2,2,2,2,2,2,2,2
10,310,5,3,2,2,2,2,3,2,2,2,2,2,2,2,2,2,2,2,2
10,311,5,3,2,2,2,2,3,2,2,2,2,2,2,2,2,2,2,2,2
10,312,5,3,2,2,2,2,3,2,2,2,2,2,2,2,2,2,2,2,2
10,313,5,3,2,2,2,2,3,2,2,2,2,2,2,2,2,2,2,2,2
10,314,5,3,2,2,2,2,3,2,2,2,2,2,2,2,2,2,2,2,2
10,315,5,3,2,2,2,2,3,2,2,2,2,2,2,2,2,2,2,2,2
10,316,5,3,2,2,2,2,3,2,2,2,2,2,2,2,2,2,2,2,2
10,317,5,3,2,2,2,2,3,2,2,2,2,2,2,2,2,2,2,2,2
10,318,5,3,2,2,2,2,3,2,2,2,2,2,2,2,2,2,2,2,2
10,319,5,3,2,2,2,2,3,2,2,2,2,2,2,2,2,2,2,2,2
10,320,5,3,2,2,2,2,3,2,2,2,2,2,2,2,2,2,2,2,2
10,321,5,3,2,2,2,2,3,2,2,2,2,2,2,2,2,2,2,2,2
10,322,5,3,2,2,2,2,3,2,2,2,2,2,2,2,2,2,2,2,2
10,323,5,3,2,2,2,2,3,2,2,2,2,2,2,2,2,2,2,2,2
10,324,5,3,2,2,2,2,3,2,2,2,2,2,2,2,2,2,2,2,2
10,325,5,3,2,2,2,2,3,2,2,2,2,2,2,2,2,2,2,2,2
10,326,5,3,2,2,2,2,3,2,2,2,2,2,2,2,2,2,2,2,2
10,327,5,3,2,2,2,2,3,2,2,2,2,2,2,2,2,2,2,2,2
10,328,5,3,2,2,2,2,3,2,2,2,2,2,2,2,2,2,2,2,2
10,329,5,3,2,2,2,2,3,2,2,2,2,2,2,2,2,2,2,2,2
10,330,5,3,2,2,2,2,3,2,2,2,2,2,2,2,2,2,2,2,2
10,331,5,3,2,2,2,2,3,2,2,2,2,2,2,2,2,2,2,2,2
10,332,5,3,2,2,2,2,3,2,2,2,2,2,2,2,2,2,2,2,2
10,333,5,3,2,2,2,2,3,2,2,2,2,2,2,2,2,2,2,2,2
10,334,5,3,2,2,2,2,3,2,2,2,2,2,2,2,2,2,2,2,2
10,335,5,3,2,2,2,2,3,2,2,2,2,2,2,2,2,2,2,2,2
10,336,5,3,2,2,2,2,3,2,2,2,2,2,2,2,2,2,2,2,2
10,337,5,3,2,2,2,2,3,2,2,2,2,2,2,2,2,2,2,2,2
10,338,5,3,2,2,2,2,3,2,2,2,2,2,2,2,2,2,2,2,2
10,339,5,3,2,2,2,2,3,2,2,2,2,2,2,2,2,2,2,2,2
10,340,5,3,2,2,2,2,3,2,2,2,2,2,2,2,2,2,2,2,2
10,341,5,3,2,2,2,2,3,2,2,2,2,2,2,2,2,2,2,2,2
10,342,5,3,2,2,2,2,3,2,2,2,2,2,2,2,2,2,2,2,2
10,343,5,3,2,2,2,2,3,2,2,2,2,2,2,2,2,2,2,2,2
10,344,5,3,2,2,2,2,3,2,2,2,2,2,2,2,2,2,2,2,2
10,345,5,3,2,2,2,2,3,2,2,2,2,2,2,2,2,2,2,2,2
10,346,5,3,2,2,2,2,3,2,2,2,2,2,2,2,2,2,2,2,2
10,347,5,3,2,2,2,2,3,2,2,2,2,2,2,2,2,2,2,2,2
10,348,5,3,2,2,2,2,3,2,2,2,2,2,2,2,2,2,2,2,2
10,349,5,3,2,2,2,2,3,2,2,2,2,2,2,2,2,2,2,2,2
10,350,5,3,2,2,2,2,3,2,2,2,2,2,2,2,2,2,2,2,2
10,351,5,1,2,2,2,2,1,2,2,2,2,2,2,2,2,2,2,2,2
10,352,5,1,2,2,2,2,1,2,2,2,2,2,2,2,2,2,2,2,2
10,353,5,1,2,2,2,2,1,2,2,2,2,2,2,2,2,2,2,2,2
10,354,5,2,3,3,3,3,2,3,3,3,3,3,3,3,3,3,3,3,3
10,355,5,2,3,3,3,3,2,3,3,3,3,3,3,3,3,3,3,3,3
10,356,5,2,3,3,3,3,2,3,3,3,3,3,3,3,3,3,3,3,3
10,357,5,3,3,3,3,3,3,3,3,3,3,3,3,3,3,3,3,3,3
10,358,5,1,2,2,2,2,1,2,2,2,2,2,2,2,2,2,2,2,2
10,359,5,1,2,2,2,2,1,2,2,2,2,2,2,2,2,2,2,2,2
10,360,5,1,2,2,2,2,1,2,2,2,2,2,2,2,2,2,2,2,2
10,361,5,3,3,3,3,3,3,3,3,3,3,3,3,3,3,3,3,3,3
10,362,5,2,3,3,3,3,2,3,3,3,3,3,3,3,3,3,3,3,3
10,363,5,2,3,3,3,3,2,3,3,3,3,3,3,3,3,3,3,3,3
10,364,5,2,3,3,3,3,2,3,3,3,3,3,3,3,3,3,3,3,3
10,365,5,2,3,3,3,3,2,3,3,3,3,3,3,3,3,3,3,3,3
10,366,5,2,3,3,3,3,2,3,3,3,3,3,3,3,3,3,3,3,3
10,367,5,2,3,3,3,3,2,3,3,3,3,3,3,3,3,3,3,3,3
10,368,5,2,3,3,3,3,2,3,3,3,3,3,3,3,3,3,3,3,3
10,369,5,2,3,3,3,3,2,3,3,3,3,3,3,3,3,3,3,3,3
10,370,5,3,3,3,3,3,3,3,3,3,3,3,3,3,3,3,3,3,3
10,371,5,3,3,3,3,3,3,3,3,3,3,3,3,3,3,3,3,3,3
10,372,5,3,3,3,3,3,3,3,3,3,3,3,3,3,3,3,3,3,3
10,373,5,1,2,2,2,2,1,2,2,2,2,2,2,2,2,2,2,2,2
10,374,5,1,2,2,2,2,1,2,2,2,2,2,2,2,2,2,2,2,2
10,375,5,1,2,2,2,2,1,2,2,2,2,2,2,2,2,2,2,2,2
10,376,5,3,2,2,2,2,3,2,2,2,2,2,2,2,2,2,2,2,2
10,377,5,2,3,3,3,3,2,3,3,3,3,3,3,3,3,3,3,3,3
10,378,5,2,3,3,3,3,2,3,3,3,3,3,3,3,3,3,3,3,3
10,379,5,2,3,3,3,3,2,3,3,3,3,3,3,3,3,3,3,3,3
10,380,5,2,3,3,3,3,2,3,3,3,3,3,3,3,3,3,3,3,3
10,381,5,2,3,3,3,3,2,3,3,3,3,3,3,3,3,3,3,3,3
10,382,5,2,3,3,3,3,2,3,3,3,3,3,3,3,3,3,3,3,3
10,383,5,2,3,3,3,3,2,3,3,3,3,3,3,3,3,3,3,3,3
10,384,5,1,3,3,3,3,1,3,3,3,3,3,3,3,3,3,3,3,3
10,385,5,1,3,3,3,3,1,3,3,3,3,3,3,3,3,3,3,3,3
10,386,5,1,2,2,2,2,1,2,2,2,2,2,2,2,2,2,2,2,2
10,387,5,1,2,2,2,2,1,2,2,2,2,2,2,2,2,2,2,2,2
10,388,5,1,2,2,2,2,1,2,2,2,2,2,2,2,2,2,2,2,2
10,389,5,1,2,2,2,2,1,2,2,2,2,2,2,2,2,2,2,2,2
10,390,5,1,2,2,2,2,1,2,2,2,2,2,2,2,2,2,2,2,2
10,391,5,1,2,2,2,2,1,2,2,2,2,2,2,2,2,2,2,2,2
10,392,5,2,3,3,3,3,2,3,3,3,3,3,3,3,3,3,3,3,3
10,393,5,2,3,3,3,3,2,3,3,3,3,3,3,3,3,3,3,3,3
10,394,5,2,2,2,2,2,2,2,2,2,2,2,2,2,2,2,2,2,2
10,395,5,1,2,2,2,2,1,2,2,2,2,2,2,2,2,2,2,2,2
10,396,5,1,2,2,2,2,1,2,2,2,2,2,2,2,2,2,2,2,2
10,397,5,1,2,2,2,2,1,2,2,2,2,2,2,2,2,2,2,2,2
10,398,5,1,2,2,2,2,1,2,2,2,2,2,2,2,2,2,2,2,2
10,399,5,1,2,2,2,2,1,2,2,2,2,2,2,2,2,2,2,2,2
10,400,5,1,2,2,2,2,1,2,2,2,2,2,2,2,2,2,2,2,2
10,401,5,1,2,2,2,2,1,2,2,2,2,2,2,2,2,2,2,2,2
10,402,5,1,2,2,2,2,1,2,2,2,2,2,2,2,2,2,2,2,2
10,403,5,1,2,2,2,2,1,2,2,2,2,2,2,2,2,2,2,2,2
10,404,5,1,2,2,2,2,1,2,2,2,2,2,2,2,2,2,2,2,2
10,405,5,1,2,2,2,2,1,2,2,2,2,2,2,2,2,2,2,2,2
10,406,5,1,2,2,2,2,1,2,2,2,2,2,2,2,2,2,2,2,2
10,407,5,1,2,2,2,2,1,2,2,2,2,2,2,2,2,2,2,2,2
10,408,5,1,2,2,2,2,1,2,2,2,2,2,2,2,2,2,2,2,2
10,409,5,1,2,2,2,2,1,2,2,2,2,2,2,2,2,2,2,2,2
10,410,5,1,2,2,2,2,1,2,2,2,2,2,2,2,2,2,2,2,2
10,411,5,1,2,2,2,2,1,2,2,2,2,2,2,2,2,2,2,2,2
10,412,5,1,2,2,2,2,1,2,2,2,2,2,2,2,2,2,2,2,2
10,413,5,1,2,2,2,2,1,2,2,2,2,2,2,2,2,2,2,2,2
10,414,5,1,2,2,2,2,1,2,2,2,2,2,2,2,2,2,2,2,2
10,415,5,1,2,2,2,2,1,2,2,2,2,2,2,2,2,2,2,2,2
10,416,5,1,2,2,2,2,1,2,2,2,2,2,2,2,2,2,2,2,2
10,417,5,1,2,2,2,2,1,2,2,2,2,2,2,2,2,2,2,2,2
10,418,5,1,2,2,2,2,1,2,2,2,2,2,2,2,2,2,2,2,2
10,419,5,2,3,3,3,3,2,3,3,3,3,3,3,3,3,3,3,3,3
10,420,6,2,1,1,1,1,2,1,1,1,1,1,1,1,1,1,1,1,1
10,421,6,2,1,1,1,1,2,1,1,1,1,1,1,1,1,1,1,1,1
10,422,6,2,1,1,1,1,2,1,1,1,1,1,1,1,1,1,1,1,1
10,423,6,2,1,1,1,1,2,1,1,1,1,1,1,1,1,1,1,1,1
10,424,6,2,1,1,1,1,2,1,1,1,1,1,1,1,1,1,1,1,1
10,425,6,2,1,1,1,1,2,1,1,1,1,1,1,1,1,1,1,1,1
10,426,6,2,1,1,1,1,2,1,1,1,1,1,1,1,1,1,1,1,1
10,427,6,2,1,1,1,1,2,1,1,1,1,1,1,1,1,1,1,1,1
10,428,6,2,1,1,1,1,2,1,1,1,1,1,1,1,1,1,1,1,1
10,429,6,2,1,1,1,1,2,1,1,1,1,1,1,1,1,1,1,1,1
10,430,6,2,1,1,1,1,2,1,1,1,1,1,1,1,1,1,1,1,1
10,431,6,2,1,1,1,1,2,1,1,1,1,1,1,1,1,1,1,1,1
10,432,6,2,1,1,1,1,2,1,1,1,1,1,1,1,1,1,1,1,1
10,433,6,2,1,1,1,1,2,1,1,1,1,1,1,1,1,1,1,1,1
10,434,6,2,1,1,1,1,2,1,1,1,1,1,1,1,1,1,1,1,1
10,435,6,2,1,1,1,1,2,1,1,1,1,1,1,1,1,1,1,1,1
10,436,7,4,4,4,4,4,4,4,4,4,4,4,4,4,4,4,4,4,4
10,437,7,4,4,4,4,4,4,4,4,4,4,4,4,4,4,4,4,4,4
10,438,7,4,4,4,4,4,4,4,4,4,4,4,4,4,4,4,4,4,4
10,439,7,4,4,4,4,4,4,4,4,4,4,4,4,4,4,4,4,4,4
10,440,7,4,4,4,4,4,4,4,4,4,4,4,4,4,4,4,4,4,4
10,441,7,4,4,4,4,4,4,4,4,4,4,4,4,4,4,4,4,4,4
10,442,7,4,4,4,4,4,4,4,4,4,4,4,4,4,4,4,4,4,4
10,443,7,4,4,4,4,4,4,4,4,4,4,4,4,4,4,4,4,4,4
10,444,7,4,4,4,4,4,4,4,4,4,4,4,4,4,4,4,4,4,4
10,445,7,4,4,4,4,4,4,4,4,4,4,4,4,4,4,4,4,4,4
10,446,7,4,4,4,4,4,4,4,4,4,4,4,4,4,4,4,4,4,4
10,448,7,4,4,4,4,4,4,4,4,4,4,4,4,4,4,4,4,4,4
10,449,7,4,4,4,4,4,4,4,4,4,4,4,4,4,4,4,4,4,4
10,450,7,4,4,4,4,4,4,4,4,4,4,4,4,4,4,4,4,4,4
10,451,7,4,4,4,4,4,4,4,4,4,4,4,4,4,4,4,4,4,4
10,452,7,4,4,4,4,4,4,4,4,4,4,4,4,4,4,4,4,4,4
10,453,7,4,4,4,4,4,4,4,4,4,4,4,4,4,4,4,4,4,4
10,454,7,4,4,4,4,4,4,4,4,4,4,4,4,4,4,4,4,4,4
10,455,7,4,4,4,4,4,4,4,4,4,4,4,4,4,4,4,4,4,4
10,456,7,4,4,4,4,4,4,4,4,4,4,4,4,4,4,4,4,4,4
10,457,7,4,4,4,4,4,4,4,4,4,4,4,4,4,4,4,4,4,4
10,458,7,4,4,4,4,4,4,4,4,4,4,4,4,4,4,4,4,4,4
10,459,7,4,4,4,4,4,4,4,4,4,4,4,4,4,4,4,4,4,4
10,460,7,4,4,4,4,4,4,4,4,4,4,4,4,4,4,4,4,4,4
10,461,7,4,4,4,4,4,4,4,4,4,4,4,4,4,4,4,4,4,4
10,462,7,4,4,4,4,4,4,4,4,4,4,4,4,4,4,4,4,4,4
10,463,7,4,4,4,4,4,4,4,4,4,4,4,4,4,4,4,4,4,4
10,464,7,4,4,4,4,4,4,4,4,4,4,4,4,4,4,4,4,4,4
10,465,7,4,4,4,4,4,4,4,4,4,4,4,4,4,4,4,4,4,4
10,466,7,4,4,4,4,4,4,4,4,4,4,4,4,4,4,4,4,4,4
10,467,7,4,4,4,4,4,4,4,4,4,4,4,4,4,4,4,4,4,4
10,468,7,4,4,4,4,4,4,4,4,4,4,4,4,4,4,4,4,4,4
10,469,7,4,4,4,4,4,4,4,4,4,4,4,4,4,4,4,4,4,4
10,470,7,4,4,4,4,4,4,4,4,4,4,4,4,4,4,4,4,4,4
10,471,7,4,4,4,4,4,4,4,4,4,4,4,4,4,4,4,4,4,4
10,472,7,4,4,4,4,4,4,4,4,4,4,4,4,4,4,4,4,4,4
10,473,7,4,4,4,4,4,4,4,4,4,4,4,4,4,4,4,4,4,4
10,474,7,4,4,4,4,4,4,4,4,4,4,4,4,4,4,4,4,4,4
10,475,7,4,4,4,4,4,4,4,4,4,4,4,4,4,4,4,4,4,4
10,476,7,4,4,4,4,4,4,4,4,4,4,4,4,4,4,4,4,4,4
10,477,7,4,4,4,4,4,4,4,4,4,4,4,4,4,4,4,4,4,4
10,478,7,4,4,4,4,4,4,4,4,4,4,4,4,4,4,4,4,4,4
10,479,7,4,4,4,4,4,4,4,4,4,4,4,4,4,4,4,4,4,4
10,480,7,4,4,4,4,4,4,4,4,4,4,4,4,4,4,4,4,4,4
10,481,7,4,4,4,4,4,4,4,4,4,4,4,4,4,4,4,4,4,4
10,482,7,4,4,4,4,4,4,4,4,4,4,4,4,4,4,4,4,4,4
10,483,7,4,4,4,4,4,4,4,4,4,4,4,4,4,4,4,4,4,4
10,484,7,4,4,4,4,4,4,4,4,4,4,4,4,4,4,4,4,4,4
10,485,7,4,4,4,4,4,4,4,4,4,4,4,4,4,4,4,4,4,4
10,486,7,4,4,4,4,4,4,4,4,4,4,4,4,4,4,4,4,4,4
10,487,7,4,4,4,4,4,4,4,4,4,4,4,4,4,4,4,4,4,4
10,488,7,4,4,4,4,4,4,4,4,4,4,4,4,4,4,4,4,4,4
10,489,7,4,4,4,4,4,4,4,4,4,4,4,4,4,4,4,4,4,4
10,490,7,4,4,4,4,4,4,4,4,4,4,4,4,4,4,4,4,4,4
10,491,7,4,4,4,4,4,4,4,4,4,4,4,4,4,4,4,4,4,4
10,492,7,4,4,4,4,4,4,4,4,4,4,4,4,4,4,4,4,4,4
10,493,7,4,4,4,4,4,4,4,4,4,4,4,4,4,4,4,4,4,4
10,494,7,4,4,4,4,4,4,4,4,4,4,4,4,4,4,4,4,4,4
10,495,7,4,4,4,4,4,4,4,4,4,4,4,4,4,4,4,4,4,4
10,496,7,4,4,4,4,4,4,4,4,4,4,4,4,4,4,4,4,4,4
10,497,7,4,4,4,4,4,4,4,4,4,4,4,4,4,4,4,4,4,4
10,498,7,4,4,4,4,4,4,4,4,4,4,4,4,4,4,4,4,4,4
10,499,7,4,4,4,4,4,4,4,4,4,4,4,4,4,4,4,4,4,4
10,500,7,4,4,4,4,4,4,4,4,4,4,4,4,4,4,4,4,4,4
10,501,7,4,4,4,4,4,4,4,4,4,4,4,4,4,4,4,4,4,4
10,502,7,4,4,4,4,4,4,4,4,4,4,4,4,4,4,4,4,4,4
10,503,7,4,4,4,4,4,4,4,4,4,4,4,4,4,4,4,4,4,4
10,504,7,4,4,4,4,4,4,4,4,4,4,4,4,4,4,4,4,4,4
10,505,7,4,4,4,4,4,4,4,4,4,4,4,4,4,4,4,4,4,4
10,506,7,4,4,4,4,4,4,4,4,4,4,4,4,4,4,4,4,4,4
10,507,7,4,4,4,4,4,4,4,4,4,4,4,4,4,4,4,4,4,4
10,508,7,4,4,4,4,4,4,4,4,4,4,4,4,4,4,4,4,4,4
10,509,7,4,4,4,4,4,4,4,4,4,4,4,4,4,4,4,4,4,4
10,510,7,4,4,4,4,4,4,4,4,4,4,4,4,4,4,4,4,4,4
10,511,7,4,4,4,4,4,4,4,4,4,4,4,4,4,4,4,4,4,4
10,512,7,4,4,4,4,4,4,4,4,4,4,4,4,4,4,4,4,4,4
10,513,7,4,4,4,4,4,4,4,4,4,4,4,4,4,4,4,4,4,4
10,514,7,4,4,4,4,4,4,4,4,4,4,4,4,4,4,4,4,4,4
10,515,7,4,4,4,4,4,4,4,4,4,4,4,4,4,4,4,4,4,4
10,516,7,4,4,4,4,4,4,4,4,4,4,4,4,4,4,4,4,4,4
10,517,7,4,4,4,4,4,4,4,4,4,4,4,4,4,4,4,4,4,4
10,518,7,4,4,4,4,4,4,4,4,4,4,4,4,4,4,4,4,4,4
10,519,7,4,4,4,4,4,4,4,4,4,4,4,4,4,4,4,4,4,4
10,520,7,4,4,4,4,4,4,4,4,4,4,4,4,4,4,4,4,4,4
10,521,7,4,4,4,4,4,4,4,4,4,4,4,4,4,4,4,4,4,4
10,522,7,4,4,4,4,4,4,4,4,4,4,4,4,4,4,4,4,4,4
10,523,7,4,4,4,4,4,4,4,4,4,4,4,4,4,4,4,4,4,4
10,524,7,4,4,4,4,4,4,4,4,4,4,4,4,4,4,4,4,4,4
10,525,7,4,4,4,4,4,4,4,4,4,4,4,4,4,4,4,4,4,4
10,526,7,4,4,4,4,4,4,4,4,4,4,4,4,4,4,4,4,4,4
10,527,7,4,4,4,4,4,4,4,4,4,4,4,4,4,4,4,4,4,4
10,528,7,4,4,4,4,4,4,4,4,4,4,4,4,4,4,4,4,4,4
10,529,7,4,4,4,4,4,4,4,4,4,4,4,4,4,4,4,4,4,4
10,530,7,4,4,4,4,4,4,4,4,4,4,4,4,4,4,4,4,4,4
10,531,7,4,4,4,4,4,4,4,4,4,4,4,4,4,4,4,4,4,4
10,532,7,4,4,4,4,4,4,4,4,4,4,4,4,4,4,4,4,4,4
10,533,7,4,4,4,4,4,4,4,4,4,4,4,4,4,4,4,4,4,4
10,534,7,4,4,4,4,4,4,4,4,4,4,4,4,4,4,4,4,4,4
10,535,7,4,4,4,4,4,4,4,4,4,4,4,4,4,4,4,4,4,4
10,536,7,4,4,4,4,4,4,4,4,4,4,4,4,4,4,4,4,4,4
10,537,7,4,4,4,4,4,4,4,4,4,4,4,4,4,4,4,4,4,4
10,538,7,4,4,4,4,4,4,4,4,4,4,4,4,4,4,4,4,4,4
10,539,7,4,4,4,4,4,4,4,4,4,4,4,4,4,4,4,4,4,4
10,540,7,4,4,4,4,4,4,4,4,4,4,4,4,4,4,4,4,4,4
10,541,7,4,4,4,4,4,4,4,4,4,4,4,4,4,4,4,4,4,4
10,542,7,4,4,4,4,4,4,4,4,4,4,4,4,4,4,4,4,4,4
10,543,7,4,4,4,4,4,4,4,4,4,4,4,4,4,4,4,4,4,4
10,544,7,4,4,4,4,4,4,4,4,4,4,4,4,4,4,4,4,4,4
10,545,7,4,4,4,4,4,4,4,4,4,4,4,4,4,4,4,4,4,4
10,546,7,4,4,4,4,4,4,4,4,4,4,4,4,4,4,4,4,4,4
10,547,7,4,4,4,4,4,4,4,4,4,4,4,4,4,4,4,4,4,4
10,548,7,4,4,4,4,4,4,4,4,4,4,4,4,4,4,4,4,4,4
10,549,7,4,4,4,4,4,4,4,4,4,4,4,4,4,4,4,4,4,4
10,550,7,4,4,4,4,4,4,4,4,4,4,4,4,4,4,4,4,4,4
10,551,7,4,4,4,4,4,4,4,4,4,4,4,4,4,4,4,4,4,4
10,552,7,4,4,4,4,4,4,4,4,4,4,4,4,4,4,4,4,4,4
10,553,7,4,4,4,4,4,4,4,4,4,4,4,4,4,4,4,4,4,4
10,554,7,4,4,4,4,4,4,4,4,4,4,4,4,4,4,4,4,4,4
10,555,7,4,4,4,4,4,4,4,4,4,4,4,4,4,4,4,4,4,4
10,556,7,4,4,4,4,4,4,4,4,4,4,4,4,4,4,4,4,4,4
10,557,7,4,4,4,4,4,4,4,4,4,4,4,4,4,4,4,4,4,4
10,558,7,4,4,4,4,4,4,4,4,4,4,4,4,4,4,4,4,4,4
10,559,7,4,4,4,4,4,4,4,4,4,4,4,4,4,4,4,4,4,4
10,560,7,4,4,4,4,4,4,4,4,4,4,4,4,4,4,4,4,4,4
10,561,7,4,4,4,4,4,4,4,4,4,4,4,4,4,4,4,4,4,4
10,562,7,4,4,4,4,4,4,4,4,4,4,4,4,4,4,4,4,4,4
10,563,7,4,4,4,4,4,4,4,4,4,4,4,4,4,4,4,4,4,4
10,564,7,4,4,4,4,4,4,4,4,4,4,4,4,4,4,4,4,4,4
10,565,7,4,4,4,4,4,4,4,4,4,4,4,4,4,4,4,4,4,4
10,566,7,4,4,4,4,4,4,4,4,4,4,4,4,4,4,4,4,4,4
10,567,7,4,4,4,4,4,4,4,4,4,4,4,4,4,4,4,4,4,4
10,568,7,4,4,4,4,4,4,4,4,4,4,4,4,4,4,4,4,4,4
10,569,7,4,4,4,4,4,4,4,4,4,4,4,4,4,4,4,4,4,4
10,570,7,4,4,4,4,4,4,4,4,4,4,4,4,4,4,4,4,4,4
10,571,7,4,4,4,4,4,4,4,4,4,4,4,4,4,4,4,4,4,4
10,572,7,4,4,4,4,4,4,4,4,4,4,4,4,4,4,4,4,4,4
10,573,7,4,4,4,4,4,4,4,4,4,4,4,4,4,4,4,4,4,4
10,574,7,4,4,4,4,4,4,4,4,4,4,4,4,4,4,4,4,4,4
10,575,7,4,4,4,4,4,4,4,4,4,4,4,4,4,4,4,4,4,4
10,576,7,4,4,4,4,4,4,4,4,4,4,4,4,4,4,4,4,4,4
10,577,7,4,4,4,4,4,4,4,4,4,4,4,4,4,4,4,4,4,4
10,578,7,4,4,4,4,4,4,4,4,4,4,4,4,4,4,4,4,4,4
10,579,7,4,4,4,4,4,4,4,4,4,4,4,4,4,4,4,4,4,4
10,580,7,4,4,4,4,4,4,4,4,4,4,4,4,4,4,4,4,4,4
10,581,7,4,4,4,4,4,4,4,4,4,4,4,4,4,4,4,4,4,4
10,582,7,4,4,4,4,4,4,4,4,4,4,4,4,4,4,4,4,4,4
10,583,7,4,4,4,4,4,4,4,4,4,4,4,4,4,4,4,4,4,4
10,584,7,4,4,4,4,4,4,4,4,4,4,4,4,4,4,4,4,4,4
10,585,7,4,4,4,4,4,4,4,4,4,4,4,4,4,4,4,4,4,4
10,586,7,4,4,4,4,4,4,4,4,4,4,4,4,4,4,4,4,4,4
10,587,7,4,4,4,4,4,4,4,4,4,4,4,4,4,4,4,4,4,4
10,588,7,4,4,4,4,4,4,4,4,4,4,4,4,4,4,4,4,4,4
10,589,7,4,4,4,4,4,4,4,4,4,4,4,4,4,4,4,4,4,4
10,590,7,4,4,4,4,4,4,4,4,4,4,4,4,4,4,4,4,4,4
10,591,7,4,4,4,4,4,4,4,4,4,4,4,4,4,4,4,4,4,4
10,592,7,4,4,4,4,4,4,4,4,4,4,4,4,4,4,4,4,4,4
10,593,7,4,4,4,4,4,4,4,4,4,4,4,4,4,4,4,4,4,4
10,594,7,4,4,4,4,4,4,4,4,4,4,4,4,4,4,4,4,4,4
10,595,7,4,4,4,4,4,4,4,4,4,4,4,4,4,4,4,4,4,4
10,596,7,4,4,4,4,4,4,4,4,4,4,4,4,4,4,4,4,4,4
10,597,7,4,4,4,4,4,4,4,4,4,4,4,4,4,4,4,4,4,4
10,598,7,4,4,4,4,4,4,4,4,4,4,4,4,4,4,4,4,4,4
10,600,7,4,4,4,4,4,4,4,4,4,4,4,4,4,4,4,4,4,4
10,601,7,4,4,4,4,4,4,4,4,4,4,4,4,4,4,4,4,4,4
10,602,7,4,4,4,4,4,4,4,4,4,4,4,4,4,4,4,4,4,4
10,603,7,4,4,4,4,4,4,4,4,4,4,4,4,4,4,4,4,4,4
10,604,7,4,4,4,4,4,4,4,4,4,4,4,4,4,4,4,4,4,4
10,605,7,4,4,4,4,4,4,4,4,4,4,4,4,4,4,4,4,4,4
10,606,7,4,4,4,4,4,4,4,4,4,4,4,4,4,4,4,4,4,4
10,607,7,4,4,4,4,4,4,4,4,4,4,4,4,4,4,4,4,4,4
10,608,7,4,4,4,4,4,4,4,4,4,4,4,4,4,4,4,4,4,4
10,609,7,4,4,4,4,4,4,4,4,4,4,4,4,4,4,4,4,4,4
10,610,7,4,4,4,4,4,4,4,4,4,4,4,4,4,4,4,4,4,4
10,611,7,4,4,4,4,4,4,4,4,4,4,4,4,4,4,4,4,4,4
10,612,8,2,1,1,1,1,2,1,1,1,1,1,1,1,1,1,1,1,1
10,613,8,2,1,1,1,1,2,1,1,1,1,1,1,1,1,1,1,1,1
10,614,8,2,1,1,1,1,2,1,1,1,1,1,1,1,1,1,1,1,1
10,615,8,2,1,1,1,1,2,1,1,1,1,1,1,1,1,1,1,1,1
10,616,8,2,1,1,1,1,2,1,1,1,1,1,1,1,1,1,1,1,1
10,617,8,2,1,1,1,1,2,1,1,1,1,1,1,1,1,1,1,1,1
10,618,8,2,1,1,1,1,2,1,1,1,1,1,1,1,1,1,1,1,1
10,619,8,2,1,1,1,1,2,1,1,1,1,1,1,1,1,1,1,1,1
10,620,8,2,1,1,1,1,2,1,1,1,1,1,1,1,1,1,1,1,1
10,621,8,2,1,1,1,1,2,1,1,1,1,1,1,1,1,1,1,1,1
10,622,8,2,1,1,1,1,2,1,1,1,1,1,1,1,1,1,1,1,1
10,623,8,2,1,1,1,1,2,1,1,1,1,1,1,1,1,1,1,1,1
10,624,8,2,1,1,1,1,2,1,1,1,1,1,1,1,1,1,1,1,1
10,625,8,2,1,1,1,1,2,1,1,1,1,1,1,1,1,1,1,1,1
10,626,8,2,1,1,1,1,2,1,1,1,1,1,1,1,1,1,1,1,1
10,627,8,2,1,1,1,1,2,1,1,1,1,1,1,1,1,1,1,1,1
10,628,8,2,1,1,1,1,2,1,1,1,1,1,1,1,1,1,1,1,1
10,629,8,2,1,1,1,1,2,1,1,1,1,1,1,1,1,1,1,1,1
10,630,8,2,1,1,1,1,2,1,1,1,1,1,1,1,1,1,1,1,1
10,631,8,2,1,1,1,1,2,1,1,1,1,1,1,1,1,1,1,1,1
10,632,8,2,1,1,1,1,2,1,1,1,1,1,1,1,1,1,1,1,1
10,633,8,2,1,1,1,1,2,1,1,1,1,1,1,1,1,1,1,1,1
10,634,8,2,1,1,1,1,2,1,1,1,1,1,1,1,1,1,1,1,1
10,635,8,2,1,1,1,1,2,1,1,1,1,1,1,1,1,1,1,1,1
10,636,8,2,1,1,1,1,2,1,1,1,1,1,1,1,1,1,1,1,1
10,637,8,2,1,1,1,1,2,1,1,1,1,1,1,1,1,1,1,1,1
10,638,9,1,2,2,2,2,1,2,2,4,4,4,4,4,4,4,4,4,4
10,639,9,1,2,2,2,2,1,2,2,4,4,4,4,4,4,4,4,4,4
10,640,9,1,2,2,2,2,1,2,2,4,4,4,4,4,4,4,4,4,4
10,641,9,1,2,2,2,2,1,2,2,4,4,4,4,4,4,4,4,4,4
10,642,9,1,2,2,2,2,1,2,2,4,4,4,4,4,4,4,4,4,4
10,643,9,1,2,2,2,2,1,2,2,4,4,4,4,4,4,4,4,4,4
10,644,9,1,2,2,2,2,1,2,2,4,4,4,4,4,4,4,4,4,4
10,645,9,1,2,2,2,2,1,2,2,4,4,4,4,4,4,4,4,4,4
10,646,9,1,2,2,2,2,1,2,2,4,4,4,4,4,4,4,4,4,4
10,647,9,1,2,2,2,2,1,2,2,4,4,4,4,4,4,4,4,4,4
10,649,9,1,2,2,2,2,1,2,2,4,4,4,4,4,4,4,4,4,4
10,651,9,1,2,2,2,2,1,2,2,4,4,4,4,4,4,4,4,4,4
10,653,9,1,2,2,2,2,1,2,2,4,4,4,4,4,4,4,4,4,4
10,654,9,1,2,2,2,2,1,2,2,4,4,4,4,4,4,4,4,4,4
10,655,9,1,2,2,2,2,1,2,2,4,4,4,4,4,4,4,4,4,4
10,656,9,1,2,2,2,2,1,2,2,4,4,4,4,4,4,4,4,4,4
10,657,9,1,2,2,2,2,1,2,2,4,4,4,4,4,4,4,4,4,4
10,658,9,1,2,2,2,2,1,2,2,4,4,4,4,4,4,4,4,4,4
10,659,9,1,2,2,2,2,1,2,2,4,4,4,4,4,4,4,4,4,4
10,660,9,1,2,2,2,2,1,2,2,4,4,4,4,4,4,4,4,4,4
10,661,9,1,2,2,2,2,1,2,2,4,4,4,4,4,4,4,4,4,4
10,662,9,1,2,2,2,2,1,2,2,4,4,4,4,4,4,4,4,4,4
10,663,9,1,2,2,2,2,1,2,2,4,4,4,4,4,4,4,4,4,4
10,664,10,4,4,4,4,4,4,4,4,4,4,4,4,4,4,4,4,4,4
10,665,10,4,4,4,4,4,4,4,4,4,4,4,4,4,4,4,4,4,4
10,666,10,4,4,4,4,4,4,4,4,4,4,4,4,4,4,4,4,4,4
10,667,10,4,4,4,4,4,4,4,4,4,4,4,4,4,4,4,4,4,4
10,668,10,4,4,4,4,4,4,4,4,4,4,4,4,4,4,4,4,4,4
10,669,10,4,4,4,4,4,4,4,4,4,4,4,4,4,4,4,4,4,4
10,670,10,4,4,4,4,4,4,4,4,4,4,4,4,4,4,4,4,4,4
10,671,10,4,4,4,4,4,4,4,4,4,4,4,4,4,4,4,4,4,4
10,672,11,4,4,4,4,4,4,4,4,4,4,4,4,4,4,4,4,4,4
10,673,11,4,4,4,4,4,4,4,4,4,4,4,4,4,4,4,4,4,4
10,674,11,4,4,4,4,4,4,4,4,4,4,4,4,4,4,4,4,4,4
10,675,11,4,4,4,4,4,4,4,4,4,4,4,4,4,4,4,4,4,4
10,676,11,4,4,4,4,4,4,4,4,4,4,4,4,4,4,4,4,4,4
10,677,11,4,4,4,4,4,4,4,4,4,4,4,4,4,4,4,4,4,4
10,678,11,4,4,4,4,4,4,4,4,4,4,4,4,4,4,4,4,4,4
10,679,11,4,4,4,4,4,4,4,4,4,4,4,4,4,4,4,4,4,4
10,680,11,4,4,4,4,4,4,4,4,4,4,4,4,4,4,4,4,4,4
10,681,11,4,4,4,4,4,4,4,4,4,4,4,4,4,4,4,4,4,4
10,682,11,4,4,4,4,4,4,4,4,4,4,4,4,4,4,4,4,4,4
10,683,11,4,4,4,4,4,4,4,4,4,4,4,4,4,4,4,4,4,4
10,684,11,4,4,4,4,4,4,4,4,4,4,4,4,4,4,4,4,4,4
10,685,11,4,4,4,4,4,4,4,4,4,4,4,4,4,4,4,4,4,4
10,686,11,4,4,4,4,4,4,4,4,4,4,4,4,4,4,4,4,4,4
10,687,11,4,4,4,4,4,4,4,4,4,4,4,4,4,4,4,4,4,4
10,688,11,4,4,4,4,4,4,4,4,4,4,4,4,4,4,4,4,4,4
10,689,12,2,1,1,1,1,2,1,1,1,1,1,1,1,1,1,1,1,1
10,690,12,2,1,1,1,1,2,1,1,1,1,1,1,1,1,1,1,1,1
10,691,12,2,1,1,1,1,2,1,1,1,1,1,1,1,1,1,1,1,1
10,692,12,2,1,1,1,1,2,1,1,1,1,1,1,1,1,1,1,1,1
10,693,12,2,1,1,1,1,2,1,1,1,1,1,1,1,1,1,1,1,1
10,694,12,2,1,1,1,1,2,1,1,1,1,1,1,1,1,1,1,1,1
10,695,12,2,1,1,1,1,2,1,1,1,1,1,1,1,1,1,1,1,1
10,696,12,2,1,1,1,1,2,1,1,1,1,1,1,1,1,1,1,1,1
10,697,12,2,1,1,1,1,2,1,1,1,1,1,1,1,1,1,1,1,1
10,698,12,2,1,1,1,1,2,1,1,1,1,1,1,1,1,1,1,1,1
10,699,12,2,1,1,1,1,2,1,1,1,1,1,1,1,1,1,1,1,1
10,700,12,2,1,1,1,1,2,1,1,1,1,1,1,1,1,1,1,1,1
10,701,12,2,1,1,1,1,2,1,1,1,1,1,1,1,1,1,1,1,1
10,702,12,2,1,1,1,1,2,1,1,1,1,1,1,1,1,1,1,1,1
10,703,12,2,1,1,1,1,2,1,1,1,1,1,1,1,1,1,1,1,1
10,704,12,2,1,1,1,1,2,1,1,1,1,1,1,1,1,1,1,1,1
10,705,12,2,1,1,1,1,2,1,1,1,1,1,1,1,1,1,1,1,1
10,706,12,2,1,1,1,1,2,1,1,1,1,1,1,1,1,1,1,1,1
10,707,12,2,1,1,1,1,2,1,1,1,1,1,1,1,1,1,1,1,1
10,708,12,2,1,1,1,1,2,1,1,1,1,1,1,1,1,1,1,1,1
10,709,12,2,1,1,1,1,2,1,1,1,1,1,1,1,1,1,1,1,1
10,710,12,2,1,1,1,1,2,1,1,1,1,1,1,1,1,1,1,1,1
10,711,12,2,1,1,1,1,2,1,1,1,1,1,1,1,1,1,1,1,1
10,712,12,2,1,1,1,1,2,1,1,1,1,1,1,1,1,1,1,1,1
10,713,12,2,1,1,1,1,2,1,1,1,1,1,1,1,1,1,1,1,1
10,714,12,2,1,1,1,1,2,1,1,1,1,1,1,1,1,1,1,1,1
10,715,12,2,1,1,1,1,2,1,1,1,1,1,1,1,1,1,1,1,1
10,716,12,2,1,1,1,1,2,1,1,1,1,1,1,1,1,1,1,1,1
10,717,12,2,1,1,1,1,2,1,1,1,1,1,1,1,1,1,1,1,1
10,718,12,2,1,1,1,1,2,1,1,1,1,1,1,1,1,1,1,1,1
10,719,12,2,1,1,1,1,2,1,1,1,1,1,1,1,1,1,1,1,1
10,720,12,2,1,1,1,1,2,1,1,1,1,1,1,1,1,1,1,1,1
10,721,12,2,1,1,1,1,2,1,1,1,1,1,1,1,1,1,1,1,1
10,722,12,2,1,1,1,1,2,1,1,1,1,1,1,1,1,1,1,1,1
10,723,12,2,1,1,1,1,2,1,1,1,1,1,1,1,1,1,1,1,1
10,724,12,2,1,1,1,1,2,1,1,1,1,1,1,1,1,1,1,1,1
10,725,12,2,1,1,1,1,2,1,1,1,1,1,1,1,1,1,1,1,1
10,726,12,2,1,1,1,1,2,1,1,1,1,1,1,1,1,1,1,1,1
10,727,12,2,1,1,1,1,2,1,1,1,1,1,1,1,1,1,1,1,1
10,728,12,2,1,1,1,1,2,1,1,1,1,1,1,1,1,1,1,1,1
10,729,12,2,1,1,1,1,2,1,1,1,1,1,1,1,1,1,1,1,1
10,730,12,2,1,1,1,1,2,1,1,1,1,1,1,1,1,1,1,1,1
10,731,12,2,1,1,1,1,2,1,1,1,1,1,1,1,1,1,1,1,1
10,732,12,2,1,1,1,1,2,1,1,1,1,1,1,1,1,1,1,1,1
10,733,12,2,1,1,1,1,2,1,1,1,1,1,1,1,1,1,1,1,1
10,734,12,2,1,1,1,1,2,1,1,1,1,1,1,1,1,1,1,1,1
10,735,12,2,1,1,1,1,2,1,1,1,1,1,1,1,1,1,1,1,1
10,736,12,2,1,1,1,1,2,1,1,1,1,1,1,1,1,1,1,1,1
10,737,12,2,1,1,1,1,2,1,1,1,1,1,1,1,1,1,1,1,1
10,738,12,2,1,1,1,1,2,1,1,1,1,1,1,1,1,1,1,1,1
10,739,12,2,1,1,1,1,2,1,1,1,1,1,1,1,1,1,1,1,1
10,740,12,2,1,1,1,1,2,1,1,1,1,1,1,1,1,1,1,1,1
10,741,12,2,1,1,1,1,2,1,1,1,1,1,1,1,1,1,1,1,1
10,742,12,2,1,1,1,1,2,1,1,1,1,1,1,1,1,1,1,1,1
10,743,12,2,1,1,1,1,2,1,1,1,1,1,1,1,1,1,1,1,1
10,744,12,2,1,1,1,1,2,1,1,1,1,1,1,1,1,1,1,1,1
10,745,12,2,1,1,1,1,2,1,1,1,1,1,1,1,1,1,1,1,1
10,746,12,2,1,1,1,1,2,1,1,1,1,1,1,1,1,1,1,1,1
10,747,12,2,1,1,1,1,2,1,1,1,1,1,1,1,1,1,1,1,1
10,748,12,2,1,1,1,1,2,1,1,1,1,1,1,1,1,1,1,1,1
10,749,12,2,1,1,1,1,2,1,1,1,1,1,1,1,1,1,1,1,1
10,750,12,2,1,1,1,1,2,1,1,1,1,1,1,1,1,1,1,1,1
10,751,12,2,1,1,1,1,2,1,1,1,1,1,1,1,1,1,1,1,1
10,752,12,2,1,1,1,1,2,1,1,1,1,1,1,1,1,1,1,1,1
10,753,12,2,1,1,1,1,2,1,1,1,1,1,1,1,1,1,1,1,1
10,754,12,2,1,1,1,1,2,1,1,1,1,1,1,1,1,1,1,1,1
10,755,12,2,1,1,1,1,2,1,1,1,1,1,1,1,1,1,1,1,1
10,756,12,2,1,1,1,1,2,1,1,1,1,1,1,1,1,1,1,1,1
10,757,12,2,1,1,1,1,2,1,1,1,1,1,1,1,1,1,1,1,1
10,758,12,2,1,1,1,1,2,1,1,1,1,1,1,1,1,1,1,1,1
10,759,12,2,1,1,1,1,2,1,1,1,1,1,1,1,1,1,1,1,1
10,760,12,2,1,1,1,1,2,1,1,1,1,1,1,1,1,1,1,1,1
10,761,12,2,1,1,1,1,2,1,1,1,1,1,1,1,1,1,1,1,1
10,762,12,2,1,1,1,1,2,1,1,1,1,1,1,1,1,1,1,1,1
10,763,12,2,1,1,1,1,2,1,1,1,1,1,1,1,1,1,1,1,1
10,764,12,2,1,1,1,1,2,1,1,1,1,1,1,1,1,1,1,1,1
10,765,12,2,1,1,1,1,2,1,1,1,1,1,1,1,1,1,1,1,1
10,766,12,2,1,1,1,1,2,1,1,1,1,1,1,1,1,1,1,1,1
10,767,12,2,1,1,1,1,2,1,1,1,1,1,1,1,1,1,1,1,1
10,768,12,2,1,1,1,1,2,1,1,1,1,1,1,1,1,1,1,1,1
10,769,13,4,4,4,4,4,4,4,4,4,4,4,4,4,4,4,4,4,4
10,770,13,4,4,4,4,4,4,4,4,4,4,4,4,4,4,4,4,4,4
10,771,13,4,4,4,4,4,4,4,4,4,4,4,4,4,4,4,4,4,4
10,772,13,4,4,4,4,4,4,4,4,4,4,4,4,4,4,4,4,4,4
10,773,13,4,4,4,4,4,4,4,4,4,4,4,4,4,4,4,4,4,4
10,774,13,4,4,4,4,4,4,4,4,4,4,4,4,4,4,4,4,4,4
10,775,13,4,4,4,4,4,4,4,4,4,4,4,4,4,4,4,4,4,4
10,778,13,4,4,4,4,4,4,4,4,4,4,4,4,4,4,4,4,4,4
10,780,13,4,4,4,4,4,4,4,4,4,4,4,4,4,4,4,4,4,4
10,781,13,4,4,4,4,4,4,4,4,4,4,4,4,4,4,4,4,4,4
10,782,13,4,4,4,4,4,4,4,4,4,4,4,4,4,4,4,4,4,4
10,783,13,4,4,4,4,4,4,4,4,4,4,4,4,4,4,4,4,4,4
10,785,13,4,4,4,4,4,4,4,4,4,4,4,4,4,4,4,4,4,4
10,786,13,4,4,4,4,4,4,4,4,4,4,4,4,4,4,4,4,4,4
10,787,13,4,4,4,4,4,4,4,4,4,4,4,4,4,4,4,4,4,4
10,788,13,4,4,4,4,4,4,4,4,4,4,4,4,4,4,4,4,4,4
10,789,13,4,4,4,4,4,4,4,4,4,4,4,4,4,4,4,4,4,4
10,790,13,4,4,4,4,4,4,4,4,4,4,4,4,4,4,4,4,4,4
10,791,13,4,4,4,4,4,4,4,4,4,4,4,4,4,4,4,4,4,4
10,792,13,4,4,4,4,4,4,4,4,4,4,4,4,4,4,4,4,4,4
10,793,13,4,4,4,4,4,4,4,4,4,4,4,4,4,4,4,4,4,4
10,794,13,4,4,4,4,4,4,4,4,4,4,4,4,4,4,4,4,4,4
10,795,13,4,4,4,4,4,4,4,4,4,4,4,4,4,4,4,4,4,4
10,796,14,1,2,2,2,2,1,2,2,2,2,2,2,2,2,2,2,2,2
10,797,14,1,2,2,2,2,1,2,2,2,2,2,2,2,2,2,2,2,2
10,798,14,1,2,2,2,2,1,2,2,2,2,2,2,2,2,2,2,2,2
10,799,14,1,2,2,2,2,1,2,2,2,2,2,2,2,2,2,2,2,2
10,800,14,1,2,2,2,2,1,2,2,2,2,2,2,2,2,2,2,2,2
10,801,14,1,2,2,2,2,1,2,2,2,2,2,2,2,2,2,2,2,2
10,802,14,1,2,2,2,2,1,2,2,2,2,2,2,2,2,2,2,2,2
10,803,14,1,2,2,2,2,1,2,2,2,2,2,2,2,2,2,2,2,2
10,804,14,1,2,2,2,2,1,2,2,2,2,2,2,2,2,2,2,2,2
10,805,14,1,2,2,2,2,1,2,2,2,2,2,2,2,2,2,2,2,2
10,806,14,1,2,2,2,2,1,2,2,2,2,2,2,2,2,2,2,2,2
10,807,14,1,2,2,2,2,1,2,2,2,2,2,2,2,2,2,2,2,2
10,808,14,1,2,2,2,2,1,2,2,2,2,2,2,2,2,2,2,2,2
10,809,14,1,2,2,2,2,1,2,2,2,2,2,2,2,2,2,2,2,2
10,810,14,1,2,2,2,2,1,2,2,2,2,2,2,2,2,2,2,2,2
10,811,14,1,2,2,2,2,1,2,2,2,2,2,2,2,2,2,2,2,2
10,812,14,1,2,2,2,2,1,2,2,2,2,2,2,2,2,2,2,2,2
10,813,14,1,2,2,2,2,1,2,2,2,2,2,2,2,2,2,2,2,2
10,814,14,1,2,2,2,2,1,2,2,2,2,2,2,2,2,2,2,2,2
10,815,14,1,2,2,2,2,1,2,2,2,2,2,2,2,2,2,2,2,2
10,816,14,1,2,2,2,2,1,2,2,2,2,2,2,2,2,2,2,2,2
10,817,14,1,2,2,2,2,1,2,2,2,2,2,2,2,2,2,2,2,2
10,818,14,1,2,2,2,2,1,2,2,2,2,2,2,2,2,2,2,2,2
10,819,14,1,2,2,2,2,1,2,2,2,2,2,2,2,2,2,2,2,2
10,820,14,1,2,2,2,2,1,2,2,2,2,2,2,2,2,2,2,2,2
10,821,14,1,2,2,2,2,1,2,2,2,2,2,2,2,2,2,2,2,2
10,822,14,1,2,2,2,2,1,2,2,2,2,2,2,2,2,2,2,2,2
10,823,14,1,2,2,2,2,1,2,2,2,2,2,2,2,2,2,2,2,2
10,824,14,1,2,2,2,2,1,2,2,2,2,2,2,2,2,2,2,2,2
10,825,14,1,2,2,2,2,1,2,2,2,2,2,2,2,2,2,2,2,2
10,826,14,1,2,2,2,2,1,2,2,2,2,2,2,2,2,2,2,2,2
10,827,14,1,2,2,2,2,1,2,2,2,2,2,2,2,2,2,2,2,2
10,828,15,2,1,1,1,1,2,1,1,1,1,1,1,1,1,1,1,1,1
10,829,15,2,1,1,1,1,2,1,1,1,1,1,1,1,1,1,1,1,1
10,830,15,2,1,1,1,1,2,1,1,1,1,1,1,1,1,1,1,1,1
10,831,15,2,1,1,1,1,2,1,1,1,1,1,1,1,1,1,1,1,1
10,832,15,2,1,1,1,1,2,1,1,1,1,1,1,1,1,1,1,1,1
10,833,15,2,1,1,1,1,2,1,1,1,1,1,1,1,1,1,1,1,1
10,834,15,2,1,1,1,1,2,1,1,1,1,1,1,1,1,1,1,1,1
10,835,15,2,1,1,1,1,2,1,1,1,1,1,1,1,1,1,1,1,1
10,836,15,2,1,1,1,1,2,1,1,1,1,1,1,1,1,1,1,1,1
10,837,15,2,1,1,1,1,2,1,1,1,1,1,1,1,1,1,1,1,1
10,838,15,2,1,1,1,1,2,1,1,1,1,1,1,1,1,1,1,1,1
10,839,15,2,1,1,1,1,2,1,1,1,1,1,1,1,1,1,1,1,1
10,840,15,2,1,1,1,1,2,1,1,1,1,1,1,1,1,1,1,1,1
10,841,15,2,1,1,1,1,2,1,1,1,1,1,1,1,1,1,1,1,1
10,842,15,2,1,1,1,1,2,1,1,1,1,1,1,1,1,1,1,1,1
10,843,15,2,1,1,1,1,2,1,1,1,1,1,1,1,1,1,1,1,1
10,844,15,2,1,1,1,1,2,1,1,1,1,1,1,1,1,1,1,1,1
10,845,16,2,1,1,1,1,2,1,1,1,1,1,1,1,1,1,1,1,1
10,846,16,2,1,1,1,1,2,1,1,1,1,1,1,1,1,1,1,1,1
10,847,16,2,1,1,1,1,2,1,1,1,1,1,1,1,1,1,1,1,1
10,848,16,2,1,1,1,1,2,1,1,1,1,1,1,1,1,1,1,1,1
10,849,16,2,1,1,1,1,2,1,1,1,1,1,1,1,1,1,1,1,1
10,850,16,2,1,1,1,1,2,1,1,1,1,1,1,1,1,1,1,1,1
10,851,16,2,1,1,1,1,2,1,1,1,1,1,1,1,1,1,1,1,1
10,852,16,2,1,1,1,1,2,1,1,1,1,1,1,1,1,1,1,1,1
10,853,16,2,1,1,1,1,2,1,1,1,1,1,1,1,1,1,1,1,1
10,854,16,2,1,1,1,1,2,1,1,1,1,1,1,1,1,1,1,1,1
10,855,16,2,1,1,1,1,2,1,1,1,1,1,1,1,1,1,1,1,1
10,856,16,2,1,1,1,1,2,1,1,1,1,1,1,1,1,1,1,1,1
10,857,16,2,1,1,1,1,2,1,1,1,1,1,1,1,1,1,1,1,1
10,858,16,2,1,1,1,1,2,1,1,1,1,1,1,1,1,1,1,1,1
10,859,16,2,1,1,1,1,2,1,1,1,1,1,1,1,1,1,1,1,1
10,860,16,2,1,1,1,1,2,1,1,1,1,1,1,1,1,1,1,1,1
10,861,16,2,1,1,1,1,2,1,1,1,1,1,1,1,1,1,1,1,1
10,862,16,2,1,1,1,1,2,1,1,1,1,1,1,1,1,1,1,1,1
10,863,16,2,1,1,1,1,2,1,1,1,1,1,1,1,1,1,1,1,1
10,864,16,2,1,1,1,1,2,1,1,1,1,1,1,1,1,1,1,1,1
10,865,16,2,1,1,1,1,2,1,1,1,1,1,1,1,1,1,1,1,1
10,866,17,1,1,1,1,1,1,1,1,1,1,1,1,1,1,1,1,1,1
10,867,17,1,1,1,1,1,1,1,1,1,1,1,1,1,1,1,1,1,1
10,868,17,1,1,1,1,1,1,1,1,1,1,1,1,1,1,1,1,1,1
10,869,17,1,1,1,1,1,1,1,1,1,1,1,1,1,1,1,1,1,1
10,870,17,1,1,1,1,1,1,1,1,1,1,1,1,1,1,1,1,1,1
10,871,17,1,1,1,1,1,1,1,1,1,1,1,1,1,1,1,1,1,1
10,872,17,1,1,1,1,1,1,1,1,1,1,1,1,1,1,1,1,1,1
10,873,17,1,1,1,1,1,1,1,1,1,1,1,1,1,1,1,1,1,1
10,874,17,1,1,1,1,1,1,1,1,1,1,1,1,1,1,1,1,1,1
10,875,17,1,1,1,1,1,1,1,1,1,1,1,1,1,1,1,1,1,1
10,876,17,1,1,1,1,1,1,1,1,1,1,1,1,1,1,1,1,1,1
10,877,17,1,1,1,1,1,1,1,1,1,1,1,1,1,1,1,1,1,1
10,878,17,1,1,1,1,1,1,1,1,1,1,1,1,1,1,1,1,1,1
10,879,17,1,1,1,1,1,1,1,1,1,1,1,1,1,1,1,1,1,1
10,880,17,1,1,1,1,1,1,1,1,1,1,1,1,1,1,1,1,1,1
10,881,17,1,1,1,1,1,1,1,1,1,1,1,1,1,1,1,1,1,1
10,882,17,1,1,1,1,1,1,1,1,1,1,1,1,1,1,1,1,1,1
10,883,17,1,1,1,1,1,1,1,1,1,1,1,1,1,1,1,1,1,1
10,884,17,1,1,1,1,1,1,1,1,1,1,1,1,1,1,1,1,1,1
10,885,17,1,1,1,1,1,1,1,1,1,1,1,1,1,1,1,1,1,1
10,886,17,1,1,1,1,1,1,1,1,1,1,1,1,1,1,1,1,1,1
10,887,17,1,1,1,1,1,1,1,1,1,1,1,1,1,1,1,1,1,1
10,888,17,1,1,1,1,1,1,1,1,1,1,1,1,1,1,1,1,1,1
10,889,17,1,1,1,1,1,1,1,1,1,1,1,1,1,1,1,1,1,1
10,890,17,1,1,1,1,1,1,1,1,1,1,1,1,1,1,1,1,1,1
10,891,17,1,1,1,1,1,1,1,1,1,1,1,1,1,1,1,1,1,1
10,892,17,1,1,1,1,1,1,1,1,1,1,1,1,1,1,1,1,1,1
10,893,17,1,1,1,1,1,1,1,1,1,1,1,1,1,1,1,1,1,1
10,894,17,1,1,1,1,1,1,1,1,1,1,1,1,1,1,1,1,1,1
10,895,18,1,2,2,2,2,1,2,2,4,4,4,4,4,4,4,4,4,4
10,896,18,1,2,2,2,2,1,2,2,4,4,4,4,4,4,4,4,4,4
10,897,18,1,2,2,2,2,1,2,2,4,4,4,4,4,4,4,4,4,4
10,898,18,1,2,2,2,2,1,2,2,4,4,4,4,4,4,4,4,4,4
10,899,18,1,2,2,2,2,1,2,2,4,4,4,4,4,4,4,4,4,4
10,900,18,1,2,2,2,2,1,2,2,4,4,4,4,4,4,4,4,4,4
10,901,18,1,2,2,2,2,1,2,2,4,4,4,4,4,4,4,4,4,4
10,902,18,1,2,2,2,2,1,2,2,4,4,4,4,4,4,4,4,4,4
10,903,18,1,2,2,2,2,1,2,2,4,4,4,4,4,4,4,4,4,4
10,904,18,1,2,2,2,2,1,2,2,4,4,4,4,4,4,4,4,4,4
10,905,18,1,2,2,2,2,1,2,2,4,4,4,4,4,4,4,4,4,4
10,906,18,1,2,2,2,2,1,2,2,4,4,4,4,4,4,4,4,4,4
10,907,18,1,2,2,2,2,1,2,2,4,4,4,4,4,4,4,4,4,4
10,908,18,1,2,2,2,2,1,2,2,4,4,4,4,4,4,4,4,4,4
10,909,18,1,2,2,2,2,1,2,2,4,4,4,4,4,4,4,4,4,4
10,910,18,1,2,2,2,2,1,2,2,4,4,4,4,4,4,4,4,4,4
10,911,18,1,2,2,2,2,1,2,2,4,4,4,4,4,4,4,4,4,4
10,912,18,1,2,2,2,2,1,2,2,4,4,4,4,4,4,4,4,4,4
10,913,18,1,2,2,2,2,1,2,2,4,4,4,4,4,4,4,4,4,4
10,914,19,1,4,4,4,4,1,4,4,4,4,4,4,4,4,4,4,4,4
10,915,19,1,4,4,4,4,1,4,4,4,4,4,4,4,4,4,4,4,4
10,916,19,1,4,4,4,4,1,4,4,4,4,4,4,4,4,4,4,4,4
10,917,19,1,4,4,4,4,1,4,4,4,4,4,4,4,4,4,4,4,4
10,918,19,1,4,4,4,4,1,4,4,4,4,4,4,4,4,4,4,4,4
10,919,19,1,4,4,4,4,1,4,4,4,4,4,4,4,4,4,4,4,4
10,921,19,1,4,4,4,4,1,4,4,4,4,4,4,4,4,4,4,4,4
10,922,19,1,4,4,4,4,1,4,4,4,4,4,4,4,4,4,4,4,4
10,923,19,1,4,4,4,4,1,4,4,4,4,4,4,4,4,4,4,4,4
10,924,19,1,4,4,4,4,1,4,4,4,4,4,4,4,4,4,4,4,4
10,927,19,1,4,4,4,4,1,4,4,4,4,4,4,4,4,4,4,4,4
10,928,19,1,4,4,4,4,1,4,4,4,4,4,4,4,4,4,4,4,4
10,929,19,1,4,4,4,4,1,4,4,4,4,4,4,4,4,4,4,4,4
10,930,19,1,4,4,4,4,1,4,4,4,4,4,4,4,4,4,4,4,4
10,931,19,1,4,4,4,4,1,4,4,4,4,4,4,4,4,4,4,4,4
10,932,19,1,4,4,4,4,1,4,4,4,4,4,4,4,4,4,4,4,4
10,933,19,1,4,4,4,4,1,4,4,4,4,4,4,4,4,4,4,4,4
10,934,19,1,4,4,4,4,1,4,4,4,4,4,4,4,4,4,4,4,4
10,935,19,1,4,4,4,4,1,4,4,4,4,4,4,4,4,4,4,4,4
10,936,19,1,4,4,4,4,1,4,4,4,4,4,4,4,4,4,4,4,4
10,937,19,1,4,4,4,4,1,4,4,4,4,4,4,4,4,4,4,4,4
10,938,19,1,4,4,4,4,1,4,4,4,4,4,4,4,4,4,4,4,4
10,939,19,1,4,4,4,4,1,4,4,4,4,4,4,4,4,4,4,4,4
10,940,19,1,4,4,4,4,1,4,4,4,4,4,4,4,4,4,4,4,4
10,941,19,1,4,4,4,4,1,4,4,4,4,4,4,4,4,4,4,4,4
10,942,19,1,4,4,4,4,1,4,4,4,4,4,4,4,4,4,4,4,4
10,943,19,1,4,4,4,4,1,4,4,4,4,4,4,4,4,4,4,4,4
10,944,19,1,4,4,4,4,1,4,4,4,4,4,4,4,4,4,4,4,4
10,945,19,1,4,4,4,4,1,4,4,4,4,4,4,4,4,4,4,4,4
10,946,19,1,4,4,4,4,1,4,4,4,4,4,4,4,4,4,4,4,4
10,947,20,1,2,2,2,2,1,2,2,2,2,2,2,2,2,2,2,2,2
10,948,20,1,2,2,2,2,1,2,2,2,2,2,2,2,2,2,2,2,2
10,949,20,1,2,2,2,2,1,2,2,2,2,2,2,2,2,2,2,2,2
10,950,20,1,2,2,2,2,1,2,2,2,2,2,2,2,2,2,2,2,2
10,951,20,1,2,2,2,2,1,2,2,2,2,2,2,2,2,2,2,2,2
10,952,20,1,2,2,2,2,1,2,2,2,2,2,2,2,2,2,2,2,2
10,953,20,1,2,2,2,2,1,2,2,2,2,2,2,2,2,2,2,2,2
10,954,20,1,2,2,2,2,1,2,2,2,2,2,2,2,2,2,2,2,2
10,955,20,1,2,2,2,2,1,2,2,2,2,2,2,2,2,2,2,2,2
10,956,20,1,2,2,2,2,1,2,2,2,2,2,2,2,2,2,2,2,2
10,957,20,1,2,2,2,2,1,2,2,2,2,2,2,2,2,2,2,2,2
10,958,20,1,2,2,2,2,1,2,2,2,2,2,2,2,2,2,2,2,2
10,959,20,1,2,2,2,2,1,2,2,2,2,2,2,2,2,2,2,2,2
10,960,20,1,2,2,2,2,1,2,2,2,2,2,2,2,2,2,2,2,2
10,961,21,2,1,1,1,1,2,1,1,1,1,1,1,1,1,1,1,1,1
10,962,21,2,1,1,1,1,2,1,1,1,1,1,1,1,1,1,1,1,1
10,963,21,2,1,1,1,1,2,1,1,1,1,1,1,1,1,1,1,1,1
10,964,21,2,1,1,1,1,2,1,1,1,1,1,1,1,1,1,1,1,1
10,965,21,2,1,1,1,1,2,1,1,1,1,1,1,1,1,1,1,1,1
10,966,21,2,1,1,1,1,2,1,1,1,1,1,1,1,1,1,1,1,1
10,967,21,2,1,1,1,1,2,1,1,1,1,1,1,1,1,1,1,1,1
10,968,21,2,1,1,1,1,2,1,1,1,1,1,1,1,1,1,1,1,1
10,969,21,2,1,1,1,1,2,1,1,1,1,1,1,1,1,1,1,1,1
10,970,21,2,1,1,1,1,2,1,1,1,1,1,1,1,1,1,1,1,1
10,971,21,2,1,1,1,1,2,1,1,1,1,1,1,1,1,1,1,1,1
10,972,21,2,1,1,1,1,2,1,1,1,1,1,1,1,1,1,1,1,1
10,973,21,2,1,1,1,1,2,1,1,1,1,1,1,1,1,1,1,1,1
10,974,21,2,1,1,1,1,2,1,1,1,1,1,1,1,1,1,1,1,1
10,975,21,2,1,1,1,1,2,1,1,1,1,1,1,1,1,1,1,1,1
10,976,21,2,1,1,1,1,2,1,1,1,1,1,1,1,1,1,1,1,1
10,977,22,2,1,1,1,1,2,1,1,1,1,1,1,1,1,1,1,1,1
10,978,22,2,1,1,1,1,2,1,1,1,1,1,1,1,1,1,1,1,1
10,979,22,2,1,1,1,1,2,1,1,1,1,1,1,1,1,1,1,1,1
10,980,22,2,1,1,1,1,2,1,1,1,1,1,1,1,1,1,1,1,1
10,981,22,2,1,1,1,1,2,1,1,1,1,1,1,1,1,1,1,1,1
10,982,22,2,1,1,1,1,2,1,1,1,1,1,1,1,1,1,1,1,1
10,983,22,2,1,1,1,1,2,1,1,1,1,1,1,1,1,1,1,1,1
10,985,22,2,1,1,1,1,2,1,1,1,1,1,1,1,1,1,1,1,1
10,986,22,2,1,1,1,1,2,1,1,1,1,1,1,1,1,1,1,1,1
10,987,22,2,1,1,1,1,2,1,1,1,1,1,1,1,1,1,1,1,1
10,988,22,2,1,1,1,1,2,1,1,1,1,1,1,1,1,1,1,1,1
10,989,22,2,1,1,1,1,2,1,1,1,1,1,1,1,1,1,1,1,1
10,990,22,2,1,1,1,1,2,1,1,1,1,1,1,1,1,1,1,1,1
10,991,22,2,1,1,1,1,2,1,1,1,1,1,1,1,1,1,1,1,1
10,992,23,2,1,1,1,1,2,1,1,1,1,1,1,1,1,1,1,1,1
10,993,23,2,1,1,1,1,2,1,1,1,1,1,1,1,1,1,1,1,1
10,994,23,2,1,1,1,1,2,1,1,1,1,1,1,1,1,1,1,1,1
10,995,23,2,1,1,1,1,2,1,1,1,1,1,1,1,1,1,1,1,1
10,996,23,2,1,1,1,1,2,1,1,1,1,1,1,1,1,1,1,1,1
10,997,23,2,1,1,1,1,2,1,1,1,1,1,1,1,1,1,1,1,1
10,998,23,2,1,1,1,1,2,1,1,1,1,1,1,1,1,1,1,1,1
10,999,23,2,1,1,1,1,2,1,1,1,1,1,1,1,1,1,1,1,1
10,1000,23,2,1,1,1,1,2,1,1,1,1,1,1,1,1,1,1,1,1
10,1001,23,2,1,1,1,1,2,1,1,1,1,1,1,1,1,1,1,1,1
10,1002,23,2,1,1,1,1,2,1,1,1,1,1,1,1,1,1,1,1,1
10,1003,23,2,1,1,1,1,2,1,1,1,1,1,1,1,1,1,1,1,1
10,1004,23,2,1,1,1,1,2,1,1,1,1,1,1,1,1,1,1,1,1
10,1005,23,2,1,1,1,1,2,1,1,1,1,1,1,1,1,1,1,1,1
10,1006,23,2,1,1,1,1,2,1,1,1,1,1,1,1,1,1,1,1,1
10,1007,23,2,1,1,1,1,2,1,1,1,1,1,1,1,1,1,1,1,1
10,1008,23,2,1,1,1,1,2,1,1,1,1,1,1,1,1,1,1,1,1
10,1009,23,2,1,1,1,1,2,1,1,1,1,1,1,1,1,1,1,1,1
10,1010,23,2,1,1,1,1,2,1,1,1,1,1,1,1,1,1,1,1,1
10,1011,23,2,1,1,1,1,2,1,1,1,1,1,1,1,1,1,1,1,1
10,1012,23,2,1,1,1,1,2,1,1,1,1,1,1,1,1,1,1,1,1
10,1013,23,2,1,1,1,1,2,1,1,1,1,1,1,1,1,1,1,1,1
10,1014,23,2,1,1,1,1,2,1,1,1,1,1,1,1,1,1,1,1,1
10,1015,24,1,2,2,2,2,1,2,2,2,2,2,2,2,2,2,2,2,2
10,1016,24,1,2,2,2,2,1,2,2,2,2,2,2,2,2,2,2,2,2
10,1017,24,1,2,2,2,2,1,2,2,2,2,2,2,2,2,2,2,2,2
10,1018,24,1,2,2,2,2,1,2,2,2,2,2,2,2,2,2,2,2,2
10,1019,24,1,2,2,2,2,1,2,2,2,2,2,2,2,2,2,2,2,2
10,1020,24,1,2,2,2,2,1,2,2,2,2,2,2,2,2,2,2,2,2
10,1021,24,1,2,2,2,2,1,2,2,2,2,2,2,2,2,2,2,2,2
10,1022,24,1,2,2,2,2,1,2,2,2,2,2,2,2,2,2,2,2,2
10,1023,24,1,2,2,2,2,1,2,2,2,2,2,2,2,2,2,2,2,2
10,1024,24,1,2,2,2,2,1,2,2,2,2,2,2,2,2,2,2,2,2
10,1025,24,1,2,2,2,2,1,2,2,2,2,2,2,2,2,2,2,2,2
10,1026,24,1,2,2,2,2,1,2,2,2,2,2,2,2,2,2,2,2,2
10,1027,24,1,2,2,2,2,1,2,2,2,2,2,2,2,2,2,2,2,2
10,1028,24,1,2,2,2,2,1,2,2,2,2,2,2,2,2,2,2,2,2
10,1029,24,1,2,2,2,2,1,2,2,2,2,2,2,2,2,2,2,2,2
10,1030,24,1,2,2,2,2,1,2,2,2,2,2,2,2,2,2,2,2,2
10,1031,24,1,2,2,2,2,1,2,2,2,2,2,2,2,2,2,2,2,2
10,1032,24,1,2,2,2,2,1,2,2,2,2,2,2,2,2,2,2,2,2
10,1033,24,1,2,2,2,2,1,2,2,2,2,2,2,2,2,2,2,2,2
10,1034,24,1,2,2,2,2,1,2,2,2,2,2,2,2,2,2,2,2,2
10,1035,24,1,2,2,2,2,1,2,2,2,2,2,2,2,2,2,2,2,2
10,1036,24,1,2,2,2,2,1,2,2,2,2,2,2,2,2,2,2,2,2
10,1037,24,1,2,2,2,2,1,2,2,2,2,2,2,2,2,2,2,2,2
10,1038,24,1,2,2,2,2,1,2,2,2,2,2,2,2,2,2,2,2,2
10,1039,24,1,2,2,2,2,1,2,2,2,2,2,2,2,2,2,2,2,2
10,1040,24,1,2,2,2,2,1,2,2,2,2,2,2,2,2,2,2,2,2
10,1041,24,1,2,2,2,2,1,2,2,2,2,2,2,2,2,2,2,2,2
10,1042,24,1,2,2,2,2,1,2,2,2,2,2,2,2,2,2,2,2,2
10,1043,24,1,2,2,2,2,1,2,2,2,2,2,2,2,2,2,2,2,2
10,1044,24,1,2,2,2,2,1,2,2,2,2,2,2,2,2,2,2,2,2
10,1045,24,1,2,2,2,2,1,2,2,2,2,2,2,2,2,2,2,2,2
10,1046,24,1,2,2,2,2,1,2,2,2,2,2,2,2,2,2,2,2,2
10,1047,24,1,2,2,2,2,1,2,2,2,2,2,2,2,2,2,2,2,2
10,1048,24,1,2,2,2,2,1,2,2,2,2,2,2,2,2,2,2,2,2
10,1049,24,1,2,2,2,2,1,2,2,2,2,2,2,2,2,2,2,2,2
10,1050,24,1,2,2,2,2,1,2,2,2,2,2,2,2,2,2,2,2,2
10,1051,24,1,2,2,2,2,1,2,2,2,2,2,2,2,2,2,2,2,2
10,1052,24,1,2,2,2,2,1,2,2,2,2,2,2,2,2,2,2,2,2
10,1053,24,1,2,2,2,2,1,2,2,2,2,2,2,2,2,2,2,2,2
10,1054,24,1,2,2,2,2,1,2,2,2,2,2,2,2,2,2,2,2,2
10,1055,24,1,2,2,2,2,1,2,2,2,2,2,2,2,2,2,2,2,2
10,1056,24,1,2,2,2,2,1,2,2,2,2,2,2,2,2,2,2,2,2
10,1057,24,1,2,2,2,2,1,2,2,2,2,2,2,2,2,2,2,2,2
10,1058,24,1,2,2,2,2,1,2,2,2,2,2,2,2,2,2,2,2,2
10,1059,24,1,2,2,2,2,1,2,2,2,2,2,2,2,2,2,2,2,2
10,1060,24,1,2,2,2,2,1,2,2,2,2,2,2,2,2,2,2,2,2
10,1061,24,1,2,2,2,2,1,2,2,2,2,2,2,2,2,2,2,2,2
10,1062,24,1,2,2,2,2,1,2,2,2,2,2,2,2,2,2,2,2,2
10,1063,25,4,1,1,1,1,4,1,1,1,1,1,1,1,1,1,1,1,1
10,1064,25,4,1,1,1,1,4,1,1,1,1,1,1,1,1,1,1,1,1
10,1065,25,4,1,1,1,1,4,1,1,1,1,1,1,1,1,1,1,1,1
10,1066,25,4,1,1,1,1,4,1,1,1,1,1,1,1,1,1,1,1,1
10,1067,25,4,1,1,1,1,4,1,1,1,1,1,1,1,1,1,1,1,1
10,1068,25,4,1,1,1,1,4,1,1,1,1,1,1,1,1,1,1,1,1
10,1069,25,4,1,1,1,1,4,1,1,1,1,1,1,1,1,1,1,1,1
10,1070,25,4,1,1,1,1,4,1,1,1,1,1,1,1,1,1,1,1,1
10,1071,25,4,1,1,1,1,4,1,1,1,1,1,1,1,1,1,1,1,1
10,1072,25,4,1,1,1,1,4,1,1,1,1,1,1,1,1,1,1,1,1
10,1073,25,4,1,1,1,1,4,1,1,1,1,1,1,1,1,1,1,1,1
10,1074,25,4,1,1,1,1,4,1,1,1,1,1,1,1,1,1,1,1,1
10,1075,25,4,1,1,1,1,4,1,1,1,1,1,1,1,1,1,1,1,1
10,1076,25,4,1,1,1,1,4,1,1,1,1,1,1,1,1,1,1,1,1
10,1077,25,4,1,1,1,1,4,1,1,1,1,1,1,1,1,1,1,1,1
10,1078,25,4,1,1,1,1,4,1,1,1,1,1,1,1,1,1,1,1,1
10,1079,25,4,1,1,1,1,4,1,1,1,1,1,1,1,1,1,1,1,1
10,1080,25,4,1,1,1,1,4,1,1,1,1,1,1,1,1,1,1,1,1
10,1081,25,4,1,1,1,1,4,1,1,1,1,1,1,1,1,1,1,1,1
10,1082,25,4,1,1,1,1,4,1,1,1,1,1,1,1,1,1,1,1,1
10,1083,25,4,1,1,1,1,4,1,1,1,1,1,1,1,1,1,1,1,1
10,1084,25,4,1,1,1,1,4,1,1,1,1,1,1,1,1,1,1,1,1
10,1085,25,4,1,1,1,1,4,1,1,1,1,1,1,1,1,1,1,1,1
10,1086,26,1,2,2,2,2,1,2,2,4,4,4,4,4,4,4,4,4,4
10,1087,26,1,2,2,2,2,1,2,2,4,4,4,4,4,4,4,4,4,4
10,1088,26,1,2,2,2,2,1,2,2,4,4,4,4,4,4,4,4,4,4
10,1089,26,1,2,2,2,2,1,2,2,4,4,4,4,4,4,4,4,4,4
10,1090,26,1,2,2,2,2,1,2,2,4,4,4,4,4,4,4,4,4,4
10,1091,26,1,2,2,2,2,1,2,2,4,4,4,4,4,4,4,4,4,4
10,1092,26,1,2,2,2,2,1,2,2,4,4,4,4,4,4,4,4,4,4
10,1093,26,1,2,2,2,2,1,2,2,4,4,4,4,4,4,4,4,4,4
10,1094,26,1,2,2,2,2,1,2,2,4,4,4,4,4,4,4,4,4,4
10,1095,26,1,2,2,2,2,1,2,2,4,4,4,4,4,4,4,4,4,4
10,1096,26,1,2,2,2,2,1,2,2,4,4,4,4,4,4,4,4,4,4
10,1097,26,1,2,2,2,2,1,2,2,4,4,4,4,4,4,4,4,4,4
10,1098,27,1,2,2,2,2,1,2,2,2,2,2,2,2,2,2,2,2,2
10,1099,27,1,2,2,2,2,1,2,2,2,2,2,2,2,2,2,2,2,2
10,1100,27,1,2,2,2,2,1,2,2,2,2,2,2,2,2,2,2,2,2
10,1101,27,1,2,2,2,2,1,2,2,2,2,2,2,2,2,2,2,2,2
10,1102,27,1,2,2,2,2,1,2,2,2,2,2,2,2,2,2,2,2,2
10,1103,27,1,2,2,2,2,1,2,2,2,2,2,2,2,2,2,2,2,2
10,1104,27,1,2,2,2,2,1,2,2,2,2,2,2,2,2,2,2,2,2
10,1105,27,1,2,2,2,2,1,2,2,2,2,2,2,2,2,2,2,2,2
10,1106,27,1,2,2,2,2,1,2,2,2,2,2,2,2,2,2,2,2,2
10,1107,27,1,2,2,2,2,1,2,2,2,2,2,2,2,2,2,2,2,2
10,1108,27,1,2,2,2,2,1,2,2,2,2,2,2,2,2,2,2,2,2
10,1109,27,1,2,2,2,2,1,2,2,2,2,2,2,2,2,2,2,2,2
10,1110,27,1,2,2,2,2,1,2,2,2,2,2,2,2,2,2,2,2,2
10,1111,27,1,2,2,2,2,1,2,2,2,2,2,2,2,2,2,2,2,2
10,1112,27,1,2,2,2,2,1,2,2,2,2,2,2,2,2,2,2,2,2
10,1114,27,1,2,2,2,2,1,2,2,2,2,2,2,2,2,2,2,2,2
10,1115,27,1,2,2,2,2,1,2,2,2,2,2,2,2,2,2,2,2,2
10,1116,27,1,2,2,2,2,1,2,2,2,2,2,2,2,2,2,2,2,2
10,1117,27,1,2,2,2,2,1,2,2,2,2,2,2,2,2,2,2,2,2
10,1118,27,1,2,2,2,2,1,2,2,2,2,2,2,2,2,2,2,2,2
10,1120,27,1,2,2,2,2,1,2,2,2,2,2,2,2,2,2,2,2,2
10,1121,27,1,2,2,2,2,1,2,2,2,2,2,2,2,2,2,2,2,2
10,1122,27,1,2,2,2,2,1,2,2,2,2,2,2,2,2,2,2,2,2
10,1123,27,1,2,2,2,2,1,2,2,2,2,2,2,2,2,2,2,2,2
10,1125,27,1,2,2,2,2,1,2,2,2,2,2,2,2,2,2,2,2,2
10,1126,27,1,2,2,2,2,1,2,2,2,2,2,2,2,2,2,2,2,2
10,1127,27,1,2,2,2,2,1,2,2,2,2,2,2,2,2,2,2,2,2
10,1128,27,1,2,2,2,2,1,2,2,2,2,2,2,2,2,2,2,2,2
10,1130,27,1,2,2,2,2,1,2,2,2,2,2,2,2,2,2,2,2,2
10,1131,27,1,2,2,2,2,1,2,2,2,2,2,2,2,2,2,2,2,2
10,1132,27,1,2,2,2,2,1,2,2,2,2,2,2,2,2,2,2,2,2
10,1133,27,1,2,2,2,2,1,2,2,2,2,2,2,2,2,2,2,2,2
10,1134,27,1,2,2,2,2,1,2,2,2,2,2,2,2,2,2,2,2,2
10,1135,27,1,2,2,2,2,1,2,2,2,2,2,2,2,2,2,2,2,2
10,1136,27,1,2,2,2,2,1,2,2,2,2,2,2,2,2,2,2,2,2
10,1137,27,1,2,2,2,2,1,2,2,2,2,2,2,2,2,2,2,2,2
10,1138,27,1,2,2,2,2,1,2,2,2,2,2,2,2,2,2,2,2,2
10,1139,27,1,2,2,2,2,1,2,2,2,2,2,2,2,2,2,2,2,2
10,1140,28,2,1,1,1,1,2,1,1,1,1,1,1,1,1,1,1,1,1
10,1141,28,2,1,1,1,1,2,1,1,1,1,1,1,1,1,1,1,1,1
10,1142,28,2,1,1,1,1,2,1,1,1,1,1,1,1,1,1,1,1,1
10,1143,28,2,1,1,1,1,2,1,1,1,1,1,1,1,1,1,1,1,1
10,1144,28,2,1,1,1,1,2,1,1,1,1,1,1,1,1,1,1,1,1
10,1145,28,2,1,1,1,1,2,1,1,1,1,1,1,1,1,1,1,1,1
10,1146,28,2,1,1,1,1,2,1,1,1,1,1,1,1,1,1,1,1,1
10,1147,28,2,1,1,1,1,2,1,1,1,1,1,1,1,1,1,1,1,1
10,1148,28,2,1,1,1,1,2,1,1,1,1,1,1,1,1,1,1,1,1
10,1149,28,2,1,1,1,1,2,1,1,1,1,1,1,1,1,1,1,1,1
10,1150,28,2,1,1,1,1,2,1,1,1,1,1,1,1,1,1,1,1,1
10,1151,28,2,1,1,1,1,2,1,1,1,1,1,1,1,1,1,1,1,1
10,1152,28,2,1,1,1,1,2,1,1,1,1,1,1,1,1,1,1,1,1
10,1153,28,2,1,1,1,1,2,1,1,1,1,1,1,1,1,1,1,1,1
10,1154,28,2,1,1,1,1,2,1,1,1,1,1,1,1,1,1,1,1,1
10,1155,28,2,1,1,1,1,2,1,1,1,1,1,1,1,1,1,1,1,1
10,1156,29,2,1,1,1,1,2,1,1,1,1,1,1,1,1,1,1,1,1
10,1157,29,2,1,1,1,1,2,1,1,1,1,1,1,1,1,1,1,1,1
10,1158,29,2,1,1,1,1,2,1,1,1,1,1,1,1,1,1,1,1,1
10,1159,29,2,1,1,1,1,2,1,1,1,1,1,1,1,1,1,1,1,1
10,1160,29,2,1,1,1,1,2,1,1,1,1,1,1,1,1,1,1,1,1
10,1161,29,2,1,1,1,1,2,1,1,1,1,1,1,1,1,1,1,1,1
10,1162,29,2,1,1,1,1,2,1,1,1,1,1,1,1,1,1,1,1,1
10,1163,29,2,1,1,1,1,2,1,1,1,1,1,1,1,1,1,1,1,1
10,1164,29,2,1,1,1,1,2,1,1,1,1,1,1,1,1,1,1,1,1
10,1165,29,2,1,1,1,1,2,1,1,1,1,1,1,1,1,1,1,1,1
10,1166,29,2,1,1,1,1,2,1,1,1,1,1,1,1,1,1,1,1,1
10,1167,29,2,1,1,1,1,2,1,1,1,1,1,1,1,1,1,1,1,1
10,1168,29,2,1,1,1,1,2,1,1,1,1,1,1,1,1,1,1,1,1
10,1169,29,2,1,1,1,1,2,1,1,1,1,1,1,1,1,1,1,1,1
10,1170,29,2,1,1,1,1,2,1,1,1,1,1,1,1,1,1,1,1,1
10,1171,29,2,1,1,1,1,2,1,1,1,1,1,1,1,1,1,1,1,1
10,1172,29,2,1,1,1,1,2,1,1,1,1,1,1,1,1,1,1,1,1
10,1173,29,2,1,1,1,1,2,1,1,1,1,1,1,1,1,1,1,1,1
10,1174,29,2,1,1,1,1,2,1,1,1,1,1,1,1,1,1,1,1,1
10,1175,29,2,1,1,1,1,2,1,1,1,1,1,1,1,1,1,1,1,1
10,1176,29,2,1,1,1,1,2,1,1,1,1,1,1,1,1,1,1,1,1
10,1177,29,2,1,1,1,1,2,1,1,1,1,1,1,1,1,1,1,1,1
10,1178,29,2,1,1,1,1,2,1,1,1,1,1,1,1,1,1,1,1,1
10,1179,30,4,1,1,1,1,4,1,1,1,1,1,1,1,1,1,1,1,1
10,1180,30,4,1,1,1,1,4,1,1,1,1,1,1,1,1,1,1,1,1
10,1181,30,4,1,1,1,1,4,1,1,1,1,1,1,1,1,1,1,1,1
10,1182,30,4,1,1,1,1,4,1,1,1,1,1,1,1,1,1,1,1,1
10,1183,31,4,4,4,4,4,4,4,4,4,4,4,4,4,4,4,4,4,4
10,1184,31,4,4,4,4,4,4,4,4,4,4,4,4,4,4,4,4,4,4
10,1185,31,4,4,4,4,4,4,4,4,4,4,4,4,4,4,4,4,4,4
10,1186,31,4,4,4,4,4,4,4,4,4,4,4,4,4,4,4,4,4,4
10,1187,31,4,4,4,4,4,4,4,4,4,4,4,4,4,4,4,4,4,4
10,1188,31,4,4,4,4,4,4,4,4,4,4,4,4,4,4,4,4,4,4
10,1189,31,4,4,4,4,4,4,4,4,4,4,4,4,4,4,4,4,4,4
10,1190,31,4,4,4,4,4,4,4,4,4,4,4,4,4,4,4,4,4,4
10,1191,32,2,1,1,1,1,2,1,1,1,1,1,1,1,1,1,1,1,1
10,1192,32,2,1,1,1,1,2,1,1,1,1,1,1,1,1,1,1,1,1
10,1193,32,2,1,1,1,1,2,1,1,1,1,1,1,1,1,1,1,1,1
10,1194,32,2,1,1,1,1,2,1,1,1,1,1,1,1,1,1,1,1,1
10,1195,32,2,1,1,1,1,2,1,1,1,1,1,1,1,1,1,1,1,1
10,1196,32,2,1,1,1,1,2,1,1,1,1,1,1,1,1,1,1,1,1
10,1197,32,2,1,1,1,1,2,1,1,1,1,1,1,1,1,1,1,1,1
10,1198,32,2,1,1,1,1,2,1,1,1,1,1,1,1,1,1,1,1,1
10,1199,32,2,1,1,1,1,2,1,1,1,1,1,1,1,1,1,1,1,1
10,1200,33,1,2,2,2,2,1,2,2,2,2,2,2,2,2,2,2,2,2
10,1201,33,1,2,2,2,2,1,2,2,2,2,2,2,2,2,2,2,2,2
10,1202,33,1,2,2,2,2,1,2,2,2,2,2,2,2,2,2,2,2,2
10,1203,33,1,2,2,2,2,1,2,2,2,2,2,2,2,2,2,2,2,2
10,1204,33,1,2,2,2,2,1,2,2,2,2,2,2,2,2,2,2,2,2
10,1205,33,1,2,2,2,2,1,2,2,2,2,2,2,2,2,2,2,2,2
10,1206,33,1,2,2,2,2,1,2,2,2,2,2,2,2,2,2,2,2,2
10,1207,33,1,2,2,2,2,1,2,2,2,2,2,2,2,2,2,2,2,2
10,1208,33,1,2,2,2,2,1,2,2,2,2,2,2,2,2,2,2,2,2
10,1209,33,1,2,2,2,2,1,2,2,2,2,2,2,2,2,2,2,2,2
10,1210,33,1,2,2,2,2,1,2,2,2,2,2,2,2,2,2,2,2,2
10,1211,33,1,2,2,2,2,1,2,2,2,2,2,2,2,2,2,2,2,2
10,1212,33,1,2,2,2,2,1,2,2,2,2,2,2,2,2,2,2,2,2
10,1213,33,1,2,2,2,2,1,2,2,2,2,2,2,2,2,2,2,2,2
10,1214,33,1,2,2,2,2,1,2,2,2,2,2,2,2,2,2,2,2,2
10,1215,33,1,2,2,2,2,1,2,2,2,2,2,2,2,2,2,2,2,2
10,1217,33,1,2,2,2,2,1,2,2,2,2,2,2,2,2,2,2,2,2
10,1218,33,1,2,2,2,2,1,2,2,2,2,2,2,2,2,2,2,2,2
10,1219,33,1,2,2,2,2,1,2,2,2,2,2,2,2,2,2,2,2,2
10,1220,33,1,2,2,2,2,1,2,2,2,2,2,2,2,2,2,2,2,2
10,1221,33,1,2,2,2,2,1,2,2,2,2,2,2,2,2,2,2,2,2
10,1222,33,1,2,2,2,2,1,2,2,2,2,2,2,2,2,2,2,2,2
10,1223,33,1,2,2,2,2,1,2,2,2,2,2,2,2,2,2,2,2,2
10,1224,33,1,2,2,2,2,1,2,2,2,2,2,2,2,2,2,2,2,2
10,1225,33,1,2,2,2,2,1,2,2,2,2,2,2,2,2,2,2,2,2
10,1226,33,1,2,2,2,2,1,2,2,2,2,2,2,2,2,2,2,2,2
10,1227,33,1,2,2,2,2,1,2,2,2,2,2,2,2,2,2,2,2,2
10,1228,33,1,2,2,2,2,1,2,2,2,2,2,2,2,2,2,2,2,2
10,1229,33,1,2,2,2,2,1,2,2,2,2,2,2,2,2,2,2,2,2
10,1230,33,1,2,2,2,2,1,2,2,2,2,2,2,2,2,2,2,2,2
10,1231,33,1,2,2,2,2,1,2,2,2,2,2,2,2,2,2,2,2,2
10,1232,33,1,2,2,2,2,1,2,2,2,2,2,2,2,2,2,2,2,2
10,1233,33,1,2,2,2,2,1,2,2,2,2,2,2,2,2,2,2,2,2
10,1234,33,1,2,2,2,2,1,2,2,2,2,2,2,2,2,2,2,2,2
10,1235,33,1,2,2,2,2,1,2,2,2,2,2,2,2,2,2,2,2,2
10,1236,33,1,2,2,2,2,1,2,2,2,2,2,2,2,2,2,2,2,2
10,1237,33,1,2,2,2,2,1,2,2,2,2,2,2,2,2,2,2,2,2
10,1238,33,1,2,2,2,2,1,2,2,2,2,2,2,2,2,2,2,2,2
10,1240,33,1,2,2,2,2,1,2,2,2,2,2,2,2,2,2,2,2,2
10,1241,33,1,2,2,2,2,1,2,2,2,2,2,2,2,2,2,2,2,2
10,1242,33,1,2,2,2,2,1,2,2,2,2,2,2,2,2,2,2,2,2
10,1243,33,1,2,2,2,2,1,2,2,2,2,2,2,2,2,2,2,2,2
10,1244,33,1,2,2,2,2,1,2,2,2,2,2,2,2,2,2,2,2,2
10,1245,33,1,2,2,2,2,1,2,2,2,2,2,2,2,2,2,2,2,2
10,1246,33,1,2,2,2,2,1,2,2,2,2,2,2,2,2,2,2,2,2
10,1247,33,1,2,2,2,2,1,2,2,2,2,2,2,2,2,2,2,2,2
10,1248,33,1,2,2,2,2,1,2,2,2,2,2,2,2,2,2,2,2,2
10,1249,33,1,2,2,2,2,1,2,2,2,2,2,2,2,2,2,2,2,2
10,1250,33,1,2,2,2,2,1,2,2,2,2,2,2,2,2,2,2,2,2
10,1251,33,1,2,2,2,2,1,2,2,2,2,2,2,2,2,2,2,2,2
10,1252,33,1,2,2,2,2,1,2,2,2,2,2,2,2,2,2,2,2,2
10,1253,33,1,2,2,2,2,1,2,2,2,2,2,2,2,2,2,2,2,2
10,1254,33,1,2,2,2,2,1,2,2,2,2,2,2,2,2,2,2,2,2
10,1255,33,1,2,2,2,2,1,2,2,2,2,2,2,2,2,2,2,2,2
10,1256,33,1,2,2,2,2,1,2,2,2,2,2,2,2,2,2,2,2,2
10,1257,33,1,2,2,2,2,1,2,2,2,2,2,2,2,2,2,2,2,2
10,1258,33,1,2,2,2,2,1,2,2,2,2,2,2,2,2,2,2,2,2
10,1259,33,1,2,2,2,2,1,2,2,2,2,2,2,2,2,2,2,2,2
10,1260,33,1,2,2,2,2,1,2,2,2,2,2,2,2,2,2,2,2,2
10,1261,33,1,2,2,2,2,1,2,2,2,2,2,2,2,2,2,2,2,2
10,1262,33,1,2,2,2,2,1,2,2,2,2,2,2,2,2,2,2,2,2
10,1263,34,1,2,2,2,2,1,2,2,2,2,2,2,2,2,2,2,2,2
10,1264,34,1,2,2,2,2,1,2,2,2,2,2,2,2,2,2,2,2,2
10,1265,34,1,2,2,2,2,1,2,2,2,2,2,2,2,2,2,2,2,2
10,1266,34,1,2,2,2,2,1,2,2,2,2,2,2,2,2,2,2,2,2
10,1267,34,1,2,2,2,2,1,2,2,2,2,2,2,2,2,2,2,2,2
10,1268,34,1,2,2,2,2,1,2,2,2,2,2,2,2,2,2,2,2,2
10,1269,34,1,2,2,2,2,1,2,2,2,2,2,2,2,2,2,2,2,2
10,1270,34,1,2,2,2,2,1,2,2,2,2,2,2,2,2,2,2,2,2
10,1271,34,1,2,2,2,2,1,2,2,2,2,2,2,2,2,2,2,2,2
10,1272,34,1,2,2,2,2,1,2,2,2,2,2,2,2,2,2,2,2,2
10,1273,34,1,2,2,2,2,1,2,2,2,2,2,2,2,2,2,2,2,2
10,1274,35,1,2,2,2,2,1,2,2,2,2,2,2,2,2,2,2,2,2
10,1275,35,1,2,2,2,2,1,2,2,2,2,2,2,2,2,2,2,2,2
10,1276,35,1,2,2,2,2,1,2,2,2,2,2,2,2,2,2,2,2,2
10,1277,35,1,2,2,2,2,1,2,2,2,2,2,2,2,2,2,2,2,2
10,1278,35,1,2,2,2,2,1,2,2,2,2,2,2,2,2,2,2,2,2
10,1279,35,1,2,2,2,2,1,2,2,2,2,2,2,2,2,2,2,2,2
10,1280,35,1,2,2,2,2,1,2,2,2,2,2,2,2,2,2,2,2,2
10,1281,35,1,2,2,2,2,1,2,2,2,2,2,2,2,2,2,2,2,2
10,1282,35,1,2,2,2,2,1,2,2,2,2,2,2,2,2,2,2,2,2
10,1283,35,1,2,2,2,2,1,2,2,2,2,2,2,2,2,2,2,2,2
10,1284,35,1,2,2,2,2,1,2,2,2,2,2,2,2,2,2,2,2,2
10,1285,35,1,2,2,2,2,1,2,2,2,2,2,2,2,2,2,2,2,2
10,1286,35,1,2,2,2,2,1,2,2,2,2,2,2,2,2,2,2,2,2
10,1287,35,1,2,2,2,2,1,2,2,2,2,2,2,2,2,2,2,2,2
10,1288,35,1,2,2,2,2,1,2,2,2,2,2,2,2,2,2,2,2,2
10,1289,35,1,2,2,2,2,1,2,2,2,2,2,2,2,2,2,2,2,2
10,1290,35,1,2,2,2,2,1,2,2,2,2,2,2,2,2,2,2,2,2
10,1291,35,1,2,2,2,2,1,2,2,2,2,2,2,2,2,2,2,2,2
10,1292,35,1,2,2,2,2,1,2,2,2,2,2,2,2,2,2,2,2,2
10,1293,35,1,2,2,2,2,1,2,2,2,2,2,2,2,2,2,2,2,2
10,1294,35,1,2,2,2,2,1,2,2,2,2,2,2,2,2,2,2,2,2
10,1295,35,1,2,2,2,2,1,2,2,2,2,2,2,2,2,2,2,2,2
10,1296,35,1,2,2,2,2,1,2,2,2,2,2,2,2,2,2,2,2,2
10,1297,35,1,2,2,2,2,1,2,2,2,2,2,2,2,2,2,2,2,2
10,1298,35,1,2,2,2,2,1,2,2,2,2,2,2,2,2,2,2,2,2
10,1299,35,1,2,2,2,2,1,2,2,2,2,2,2,2,2,2,2,2,2
10,1300,35,1,2,2,2,2,1,2,2,2,2,2,2,2,2,2,2,2,2
10,1301,35,1,2,2,2,2,1,2,2,2,2,2,2,2,2,2,2,2,2
10,1302,35,1,2,2,2,2,1,2,2,2,2,2,2,2,2,2,2,2,2
10,1304,35,1,2,2,2,2,1,2,2,2,2,2,2,2,2,2,2,2,2
10,1305,35,1,2,2,2,2,1,2,2,2,2,2,2,2,2,2,2,2,2
10,1306,36,1,2,2,2,2,1,2,2,2,2,2,2,2,2,2,2,2,2
10,1307,36,1,2,2,2,2,1,2,2,2,2,2,2,2,2,2,2,2,2
10,1308,36,1,2,2,2,2,1,2,2,2,2,2,2,2,2,2,2,2,2
10,1309,36,1,2,2,2,2,1,2,2,2,2,2,2,2,2,2,2,2,2
10,1310,36,1,2,2,2,2,1,2,2,2,2,2,2,2,2,2,2,2,2
10,1311,36,1,2,2,2,2,1,2,2,2,2,2,2,2,2,2,2,2,2
10,1312,36,1,2,2,2,2,1,2,2,2,2,2,2,2,2,2,2,2,2
10,1313,36,1,2,2,2,2,1,2,2,2,2,2,2,2,2,2,2,2,2
10,1314,36,1,2,2,2,2,1,2,2,2,2,2,2,2,2,2,2,2,2
10,1315,36,1,2,2,2,2,1,2,2,2,2,2,2,2,2,2,2,2,2
10,1316,36,1,2,2,2,2,1,2,2,2,2,2,2,2,2,2,2,2,2
10,1317,36,1,2,2,2,2,1,2,2,2,2,2,2,2,2,2,2,2,2
10,1318,36,1,2,2,2,2,1,2,2,2,2,2,2,2,2,2,2,2,2
10,1319,36,1,2,2,2,2,1,2,2,2,2,2,2,2,2,2,2,2,2
10,1320,36,1,2,2,2,2,1,2,2,2,2,2,2,2,2,2,2,2,2
10,1321,36,1,2,2,2,2,1,2,2,2,2,2,2,2,2,2,2,2,2
10,1322,36,1,2,2,2,2,1,2,2,2,2,2,2,2,2,2,2,2,2
10,1323,36,1,2,2,2,2,1,2,2,2,2,2,2,2,2,2,2,2,2
10,1324,36,1,2,2,2,2,1,2,2,2,2,2,2,2,2,2,2,2,2
10,1325,36,1,2,2,2,2,1,2,2,2,2,2,2,2,2,2,2,2,2
10,1326,36,1,2,2,2,2,1,2,2,2,2,2,2,2,2,2,2,2,2
10,1327,36,1,2,2,2,2,1,2,2,2,2,2,2,2,2,2,2,2,2
10,1328,36,1,2,2,2,2,1,2,2,2,2,2,2,2,2,2,2,2,2
10,1329,36,1,2,2,2,2,1,2,2,2,2,2,2,2,2,2,2,2,2
10,1330,36,1,2,2,2,2,1,2,2,2,2,2,2,2,2,2,2,2,2
10,1331,36,1,2,2,2,2,1,2,2,2,2,2,2,2,2,2,2,2,2
10,1332,36,1,2,2,2,2,1,2,2,2,2,2,2,2,2,2,2,2,2
10,1333,37,4,4,4,4,4,4,4,4,4,4,4,4,4,4,4,4,4,4
10,1334,37,4,4,4,4,4,4,4,4,4,4,4,4,4,4,4,4,4,4
10,1335,37,4,4,4,4,4,4,4,4,4,4,4,4,4,4,4,4,4,4
10,1336,37,4,4,4,4,4,4,4,4,4,4,4,4,4,4,4,4,4,4
10,1337,37,4,4,4,4,4,4,4,4,4,4,4,4,4,4,4,4,4,4
10,1338,37,4,4,4,4,4,4,4,4,4,4,4,4,4,4,4,4,4,4
10,1339,37,4,4,4,4,4,4,4,4,4,4,4,4,4,4,4,4,4,4
10,1340,37,4,4,4,4,4,4,4,4,4,4,4,4,4,4,4,4,4,4
10,1341,37,4,4,4,4,4,4,4,4,4,4,4,4,4,4,4,4,4,4
10,1342,37,4,4,4,4,4,4,4,4,4,4,4,4,4,4,4,4,4,4
10,1344,37,4,4,4,4,4,4,4,4,4,4,4,4,4,4,4,4,4,4
10,1345,37,4,4,4,4,4,4,4,4,4,4,4,4,4,4,4,4,4,4
10,1346,37,4,4,4,4,4,4,4,4,4,4,4,4,4,4,4,4,4,4
10,1347,37,4,4,4,4,4,4,4,4,4,4,4,4,4,4,4,4,4,4
10,1348,37,4,4,4,4,4,4,4,4,4,4,4,4,4,4,4,4,4,4
10,1349,37,4,4,4,4,4,4,4,4,4,4,4,4,4,4,4,4,4,4
10,1350,37,4,4,4,4,4,4,4,4,4,4,4,4,4,4,4,4,4,4
10,1351,37,4,4,4,4,4,4,4,4,4,4,4,4,4,4,4,4,4,4
10,1352,37,4,4,4,4,4,4,4,4,4,4,4,4,4,4,4,4,4,4
10,1353,37,4,4,4,4,4,4,4,4,4,4,4,4,4,4,4,4,4,4
10,1354,37,4,4,4,4,4,4,4,4,4,4,4,4,4,4,4,4,4,4
10,1355,37,4,4,4,4,4,4,4,4,4,4,4,4,4,4,4,4,4,4
10,1356,37,4,4,4,4,4,4,4,4,4,4,4,4,4,4,4,4,4,4
10,1357,37,4,4,4,4,4,4,4,4,4,4,4,4,4,4,4,4,4,4
10,1358,37,4,4,4,4,4,4,4,4,4,4,4,4,4,4,4,4,4,4
10,1359,37,4,4,4,4,4,4,4,4,4,4,4,4,4,4,4,4,4,4
10,1360,38,1,2,2,2,2,1,2,2,2,2,2,2,2,2,2,2,2,2
10,1361,38,1,2,2,2,2,1,2,2,2,2,2,2,2,2,2,2,2,2
10,1362,38,1,2,2,2,2,1,2,2,2,2,2,2,2,2,2,2,2,2
10,1363,38,1,2,2,2,2,1,2,2,2,2,2,2,2,2,2,2,2,2
10,1364,38,1,2,2,2,2,1,2,2,2,2,2,2,2,2,2,2,2,2
10,1365,38,1,2,2,2,2,1,2,2,2,2,2,2,2,2,2,2,2,2
10,1367,38,1,2,2,2,2,1,2,2,2,2,2,2,2,2,2,2,2,2
10,1368,38,1,2,2,2,2,1,2,2,2,2,2,2,2,2,2,2,2,2
10,1369,38,1,2,2,2,2,1,2,2,2,2,2,2,2,2,2,2,2,2
10,1370,38,1,2,2,2,2,1,2,2,2,2,2,2,2,2,2,2,2,2
10,1371,38,1,2,2,2,2,1,2,2,2,2,2,2,2,2,2,2,2,2
10,1372,38,1,2,2,2,2,1,2,2,2,2,2,2,2,2,2,2,2,2
10,1373,38,1,2,2,2,2,1,2,2,2,2,2,2,2,2,2,2,2,2
10,1374,39,1,1,1,1,1,1,1,1,2,2,2,2,2,2,2,2,2,2
10,1375,39,1,1,1,1,1,1,1,1,2,2,2,2,2,2,2,2,2,2
10,1376,39,1,1,1,1,1,1,1,1,2,2,2,2,2,2,2,2,2,2
10,1377,39,1,1,1,1,1,1,1,1,2,2,2,2,2,2,2,2,2,2
10,1378,39,1,1,1,1,1,1,1,1,2,2,2,2,2,2,2,2,2,2
10,1379,39,1,1,1,1,1,1,1,1,2,2,2,2,2,2,2,2,2,2
10,1380,39,1,1,1,1,1,1,1,1,2,2,2,2,2,2,2,2,2,2
10,1381,39,1,1,1,1,1,1,1,1,2,2,2,2,2,2,2,2,2,2
10,1382,39,1,1,1,1,1,1,1,1,2,2,2,2,2,2,2,2,2,2
10,1383,39,1,1,1,1,1,1,1,1,2,2,2,2,2,2,2,2,2,2
10,1384,39,1,1,1,1,1,1,1,1,2,2,2,2,2,2,2,2,2,2
10,1385,39,1,1,1,1,1,1,1,1,2,2,2,2,2,2,2,2,2,2
10,1386,39,1,1,1,1,1,1,1,1,2,2,2,2,2,2,2,2,2,2
10,1387,39,1,1,1,1,1,1,1,1,2,2,2,2,2,2,2,2,2,2
10,1388,39,1,1,1,1,1,1,1,1,2,2,2,2,2,2,2,2,2,2
10,1389,39,1,1,1,1,1,1,1,1,2,2,2,2,2,2,2,2,2,2
10,1390,39,1,1,1,1,1,1,1,1,2,2,2,2,2,2,2,2,2,2
10,1391,33,1,2,2,2,2,1,2,2,2,2,2,2,2,2,2,2,2,2
10,1392,13,4,4,4,4,4,4,4,4,4,4,4,4,4,4,4,4,4,4
10,1393,13,4,4,4,4,4,4,4,4,4,4,4,4,4,4,4,4,4,4
10,1394,5,2,3,3,3,3,2,3,3,3,3,3,3,3,3,3,3,3,3
10,1395,5,2,3,3,3,3,2,3,3,3,3,3,3,3,3,3,3,3,3
10,1396,5,2,3,3,3,3,2,3,3,3,3,3,3,3,3,3,3,3,3
10,1397,5,2,3,3,3,3,2,3,3,3,3,3,3,3,3,3,3,3,3
10,1398,5,2,3,3,3,3,2,3,3,3,3,3,3,3,3,3,3,3,3
10,1399,5,2,3,3,3,3,2,3,3,3,3,3,3,3,3,3,3,3,3
10,1400,5,2,3,3,3,3,2,3,3,3,3,3,3,3,3,3,3,3,3
10,1401,5,2,3,3,3,3,2,3,3,3,3,3,3,3,3,3,3,3,3
10,1402,5,2,3,3,3,3,2,3,3,3,3,3,3,3,3,3,3,3,3
10,1403,5,2,3,3,3,3,2,3,3,3,3,3,3,3,3,3,3,3,3
10,1404,5,2,3,3,3,3,2,3,3,3,3,3,3,3,3,3,3,3,3
10,1405,5,2,3,3,3,3,2,3,3,3,3,3,3,3,3,3,3,3,3
10,1406,5,2,3,3,3,3,2,3,3,3,3,3,3,3,3,3,3,3,3
10,1407,5,2,3,3,3,3,2,3,3,3,3,3,3,3,3,3,3,3,3
10,1408,5,2,3,3,3,3,2,3,3,3,3,3,3,3,3,3,3,3,3
10,1409,5,2,3,3,3,3,2,3,3,3,3,3,3,3,3,3,3,3,3
10,1410,5,2,3,3,3,3,2,3,3,3,3,3,3,3,3,3,3,3,3
10,1411,5,2,3,3,3,3,2,3,3,3,3,3,3,3,3,3,3,3,3
10,1412,5,2,3,3,3,3,2,3,3,3,3,3,3,3,3,3,3,3,3
10,1413,5,2,3,3,3,3,2,3,3,3,3,3,3,3,3,3,3,3,3
10,1414,5,2,3,3,3,3,2,3,3,3,3,3,3,3,3,3,3,3,3
10,1415,5,2,3,3,3,3,2,3,3,3,3,3,3,3,3,3,3,3,3
10,1416,7,4,4,4,4,4,4,4,4,4,4,4,4,4,4,4,4,4,4
10,1417,7,4,4,4,4,4,4,4,4,4,4,4,4,4,4,4,4,4,4
10,1418,7,4,4,4,4,4,4,4,4,4,4,4,4,4,4,4,4,4,4
10,1419,7,4,4,4,4,4,4,4,4,4,4,4,4,4,4,4,4,4,4
10,1420,7,4,4,4,4,4,4,4,4,4,4,4,4,4,4,4,4,4,4
10,1421,7,4,4,4,4,4,4,4,4,4,4,4,4,4,4,4,4,4,4
10,1422,7,4,4,4,4,4,4,4,4,4,4,4,4,4,4,4,4,4,4
10,1423,7,4,4,4,4,4,4,4,4,4,4,4,4,4,4,4,4,4,4
10,1424,7,4,4,4,4,4,4,4,4,4,4,4,4,4,4,4,4,4,4
10,1425,7,4,4,4,4,4,4,4,4,4,4,4,4,4,4,4,4,4,4
10,1426,7,4,4,4,4,4,4,4,4,4,4,4,4,4,4,4,4,4,4
10,1427,7,4,4,4,4,4,4,4,4,4,4,4,4,4,4,4,4,4,4
10,1428,7,4,4,4,4,4,4,4,4,4,4,4,4,4,4,4,4,4,4
10,1429,7,4,4,4,4,4,4,4,4,4,4,4,4,4,4,4,4,4,4
10,1430,7,4,4,4,4,4,4,4,4,4,4,4,4,4,4,4,4,4,4
10,1431,7,4,4,4,4,4,4,4,4,4,4,4,4,4,4,4,4,4,4
10,1432,7,4,4,4,4,4,4,4,4,4,4,4,4,4,4,4,4,4,4
10,1433,7,4,4,4,4,4,4,4,4,4,4,4,4,4,4,4,4,4,4
10,1434,7,4,4,4,4,4,4,4,4,4,4,4,4,4,4,4,4,4,4
10,1435,7,4,4,4,4,4,4,4,4,4,4,4,4,4,4,4,4,4,4
10,1436,7,4,4,4,4,4,4,4,4,4,4,4,4,4,4,4,4,4,4
10,1437,7,4,4,4,4,4,4,4,4,4,4,4,4,4,4,4,4,4,4
10,1438,7,4,4,4,4,4,4,4,4,4,4,4,4,4,4,4,4,4,4
10,1439,7,4,4,4,4,4,4,4,4,4,4,4,4,4,4,4,4,4,4
10,1440,7,4,4,4,4,4,4,4,4,4,4,4,4,4,4,4,4,4,4
10,1441,7,4,4,4,4,4,4,4,4,4,4,4,4,4,4,4,4,4,4
10,1442,7,4,4,4,4,4,4,4,4,4,4,4,4,4,4,4,4,4,4
10,1443,7,4,4,4,4,4,4,4,4,4,4,4,4,4,4,4,4,4,4
10,1444,7,4,4,4,4,4,4,4,4,4,4,4,4,4,4,4,4,4,4
10,1445,7,4,4,4,4,4,4,4,4,4,4,4,4,4,4,4,4,4,4
10,1446,7,4,4,4,4,4,4,4,4,4,4,4,4,4,4,4,4,4,4
10,1447,7,4,4,4,4,4,4,4,4,4,4,4,4,4,4,4,4,4,4
