edon,seccion,munn,escenario1,morena_clv1,panal_clv1,pan_clv1,pes_clv1,prd_clv1,pri_clv1,pvem_clv1,escenario2,mc_clv2,morena_clv2,panal_clv2,pan_clv2,pes_clv2,prd_clv2,pri_clv2,pt_clv2,pvem_clv2,escenario3
18,1,1,1,1,1,1,1,1,1,1,1,1,1,1,1,1,1,1,1,1,1
18,2,1,1,1,1,1,1,1,1,1,1,1,1,1,1,1,1,1,1,1,1
18,3,1,1,1,1,1,1,1,1,1,1,1,1,1,1,1,1,1,1,1,1
18,4,1,1,1,1,1,1,1,1,1,1,1,1,1,1,1,1,1,1,1,1
18,5,1,1,1,1,1,1,1,1,1,1,1,1,1,1,1,1,1,1,1,1
18,6,1,1,1,1,1,1,1,1,1,1,1,1,1,1,1,1,1,1,1,1
18,7,1,1,1,1,1,1,1,1,1,1,1,1,1,1,1,1,1,1,1,1
18,8,1,1,1,1,1,1,1,1,1,1,1,1,1,1,1,1,1,1,1,1
18,9,1,1,1,1,1,1,1,1,1,1,1,1,1,1,1,1,1,1,1,1
18,10,1,1,1,1,1,1,1,1,1,1,1,1,1,1,1,1,1,1,1,1
18,11,1,1,1,1,1,1,1,1,1,1,1,1,1,1,1,1,1,1,1,1
18,12,1,1,1,1,1,1,1,1,1,1,1,1,1,1,1,1,1,1,1,1
18,13,1,1,1,1,1,1,1,1,1,1,1,1,1,1,1,1,1,1,1,1
18,14,1,1,1,1,1,1,1,1,1,1,1,1,1,1,1,1,1,1,1,1
18,15,1,1,1,1,1,1,1,1,1,1,1,1,1,1,1,1,1,1,1,1
18,16,1,1,1,1,1,1,1,1,1,1,1,1,1,1,1,1,1,1,1,1
18,17,1,1,1,1,1,1,1,1,1,1,1,1,1,1,1,1,1,1,1,1
18,18,1,1,1,1,1,1,1,1,1,1,1,1,1,1,1,1,1,1,1,1
18,19,1,1,1,1,1,1,1,1,1,1,1,1,1,1,1,1,1,1,1,1
18,20,1,1,1,1,1,1,1,1,1,1,1,1,1,1,1,1,1,1,1,1
18,21,1,1,1,1,1,1,1,1,1,1,1,1,1,1,1,1,1,1,1,1
18,22,1,1,1,1,1,1,1,1,1,1,1,1,1,1,1,1,1,1,1,1
18,23,1,1,1,1,1,1,1,1,1,1,1,1,1,1,1,1,1,1,1,1
18,24,1,1,1,1,1,1,1,1,1,1,1,1,1,1,1,1,1,1,1,1
18,25,1,1,1,1,1,1,1,1,1,1,1,1,1,1,1,1,1,1,1,1
18,26,1,1,1,1,1,1,1,1,1,1,1,1,1,1,1,1,1,1,1,1
18,27,1,1,1,1,1,1,1,1,1,1,1,1,1,1,1,1,1,1,1,1
18,28,1,1,1,1,1,1,1,1,1,1,1,1,1,1,1,1,1,1,1,1
18,29,1,1,1,1,1,1,1,1,1,1,1,1,1,1,1,1,1,1,1,1
18,30,1,1,1,1,1,1,1,1,1,1,1,1,1,1,1,1,1,1,1,1
18,31,1,1,1,1,1,1,1,1,1,1,1,1,1,1,1,1,1,1,1,1
18,32,1,1,1,1,1,1,1,1,1,1,1,1,1,1,1,1,1,1,1,1
18,33,1,1,1,1,1,1,1,1,1,1,1,1,1,1,1,1,1,1,1,1
18,34,1,1,1,1,1,1,1,1,1,1,1,1,1,1,1,1,1,1,1,1
18,35,1,1,1,1,1,1,1,1,1,1,1,1,1,1,1,1,1,1,1,1
18,36,1,1,1,1,1,1,1,1,1,1,1,1,1,1,1,1,1,1,1,1
18,37,1,1,1,1,1,1,1,1,1,1,1,1,1,1,1,1,1,1,1,1
18,38,1,1,1,1,1,1,1,1,1,1,1,1,1,1,1,1,1,1,1,1
18,39,1,1,1,1,1,1,1,1,1,1,1,1,1,1,1,1,1,1,1,1
18,40,1,1,1,1,1,1,1,1,1,1,1,1,1,1,1,1,1,1,1,1
18,41,1,1,1,1,1,1,1,1,1,1,1,1,1,1,1,1,1,1,1,1
18,42,1,1,1,1,1,1,1,1,1,1,1,1,1,1,1,1,1,1,1,1
18,43,1,1,1,1,1,1,1,1,1,1,1,1,1,1,1,1,1,1,1,1
18,44,1,1,1,1,1,1,1,1,1,1,1,1,1,1,1,1,1,1,1,1
18,45,1,1,1,1,1,1,1,1,1,1,1,1,1,1,1,1,1,1,1,1
18,46,1,1,1,1,1,1,1,1,1,1,1,1,1,1,1,1,1,1,1,1
18,47,1,1,1,1,1,1,1,1,1,1,1,1,1,1,1,1,1,1,1,1
18,48,1,1,1,1,1,1,1,1,1,1,1,1,1,1,1,1,1,1,1,1
18,49,2,2,2,2,2,2,2,2,2,2,2,2,2,2,2,2,2,2,2,2
18,50,2,2,2,2,2,2,2,2,2,2,2,2,2,2,2,2,2,2,2,2
18,51,2,2,2,2,2,2,2,2,2,2,2,2,2,2,2,2,2,2,2,2
18,52,2,2,2,2,2,2,2,2,2,2,2,2,2,2,2,2,2,2,2,2
18,53,2,2,2,2,2,2,2,2,2,2,2,2,2,2,2,2,2,2,2,2
18,54,2,2,2,2,2,2,2,2,2,2,2,2,2,2,2,2,2,2,2,2
18,55,2,2,2,2,2,2,2,2,2,2,2,2,2,2,2,2,2,2,2,2
18,56,2,2,2,2,2,2,2,2,2,2,2,2,2,2,2,2,2,2,2,2
18,57,2,2,2,2,2,2,2,2,2,2,2,2,2,2,2,2,2,2,2,2
18,58,2,2,2,2,2,2,2,2,2,2,2,2,2,2,2,2,2,2,2,2
18,59,2,2,2,2,2,2,2,2,2,2,2,2,2,2,2,2,2,2,2,2
18,60,2,2,2,2,2,2,2,2,2,2,2,2,2,2,2,2,2,2,2,2
18,61,2,2,2,2,2,2,2,2,2,2,2,2,2,2,2,2,2,2,2,2
18,62,2,2,2,2,2,2,2,2,2,2,2,2,2,2,2,2,2,2,2,2
18,63,2,2,2,2,2,2,2,2,2,2,2,2,2,2,2,2,2,2,2,2
18,64,2,2,2,2,2,2,2,2,2,2,2,2,2,2,2,2,2,2,2,2
18,65,2,2,2,2,2,2,2,2,2,2,2,2,2,2,2,2,2,2,2,2
18,66,3,2,2,2,2,2,2,2,2,2,2,2,2,2,2,2,2,2,2,2
18,67,3,2,2,2,2,2,2,2,2,2,2,2,2,2,2,2,2,2,2,2
18,68,3,2,2,2,2,2,2,2,2,2,2,2,2,2,2,2,2,2,2,2
18,69,3,2,2,2,2,2,2,2,2,2,2,2,2,2,2,2,2,2,2,2
18,70,3,2,2,2,2,2,2,2,2,2,2,2,2,2,2,2,2,2,2,2
18,71,3,2,2,2,2,2,2,2,2,2,2,2,2,2,2,2,2,2,2,2
18,72,3,2,2,2,2,2,2,2,2,2,2,2,2,2,2,2,2,2,2,2
18,73,3,2,2,2,2,2,2,2,2,2,2,2,2,2,2,2,2,2,2,2
18,74,3,2,2,2,2,2,2,2,2,2,2,2,2,2,2,2,2,2,2,2
18,75,3,2,2,2,2,2,2,2,2,2,2,2,2,2,2,2,2,2,2,2
18,76,3,2,2,2,2,2,2,2,2,2,2,2,2,2,2,2,2,2,2,2
18,77,3,2,2,2,2,2,2,2,2,2,2,2,2,2,2,2,2,2,2,2
18,78,3,2,2,2,2,2,2,2,2,2,2,2,2,2,2,2,2,2,2,2
18,79,3,2,2,2,2,2,2,2,2,2,2,2,2,2,2,2,2,2,2,2
18,80,3,2,2,2,2,2,2,2,2,2,2,2,2,2,2,2,2,2,2,2
18,81,3,2,2,2,2,2,2,2,2,2,2,2,2,2,2,2,2,2,2,2
18,82,3,2,2,2,2,2,2,2,2,2,2,2,2,2,2,2,2,2,2,2
18,83,3,2,2,2,2,2,2,2,2,2,2,2,2,2,2,2,2,2,2,2
18,84,3,2,2,2,2,2,2,2,2,2,2,2,2,2,2,2,2,2,2,2
18,86,3,2,2,2,2,2,2,2,2,2,2,2,2,2,2,2,2,2,2,2
18,87,3,2,2,2,2,2,2,2,2,2,2,2,2,2,2,2,2,2,2,2
18,88,3,2,2,2,2,2,2,2,2,2,2,2,2,2,2,2,2,2,2,2
18,89,3,2,2,2,2,2,2,2,2,2,2,2,2,2,2,2,2,2,2,2
18,90,4,2,2,2,2,2,2,2,2,2,2,2,2,2,2,2,2,2,2,2
18,91,4,2,2,2,2,2,2,2,2,2,2,2,2,2,2,2,2,2,2,2
18,92,4,2,2,2,2,2,2,2,2,2,2,2,2,2,2,2,2,2,2,2
18,93,4,2,2,2,2,2,2,2,2,2,2,2,2,2,2,2,2,2,2,2
18,94,4,2,2,2,2,2,2,2,2,2,2,2,2,2,2,2,2,2,2,2
18,95,4,2,2,2,2,2,2,2,2,2,2,2,2,2,2,2,2,2,2,2
18,96,4,2,2,2,2,2,2,2,2,2,2,2,2,2,2,2,2,2,2,2
18,97,4,2,2,2,2,2,2,2,2,2,2,2,2,2,2,2,2,2,2,2
18,98,4,2,2,2,2,2,2,2,2,2,2,2,2,2,2,2,2,2,2,2
18,99,4,2,2,2,2,2,2,2,2,2,2,2,2,2,2,2,2,2,2,2
18,100,4,2,2,2,2,2,2,2,2,2,2,2,2,2,2,2,2,2,2,2
18,101,4,2,2,2,2,2,2,2,2,2,2,2,2,2,2,2,2,2,2,2
18,102,4,2,2,2,2,2,2,2,2,2,2,2,2,2,2,2,2,2,2,2
18,103,4,2,2,2,2,2,2,2,2,2,2,2,2,2,2,2,2,2,2,2
18,104,4,2,2,2,2,2,2,2,2,2,2,2,2,2,2,2,2,2,2,2
18,105,4,2,2,2,2,2,2,2,2,2,2,2,2,2,2,2,2,2,2,2
18,106,4,2,2,2,2,2,2,2,2,2,2,2,2,2,2,2,2,2,2,2
18,107,4,2,2,2,2,2,2,2,2,2,2,2,2,2,2,2,2,2,2,2
18,108,4,2,2,2,2,2,2,2,2,2,2,2,2,2,2,2,2,2,2,2
18,109,4,2,2,2,2,2,2,2,2,2,2,2,2,2,2,2,2,2,2,2
18,110,4,2,2,2,2,2,2,2,2,2,2,2,2,2,2,2,2,2,2,2
18,111,4,2,2,2,2,2,2,2,2,2,2,2,2,2,2,2,2,2,2,2
18,112,4,2,2,2,2,2,2,2,2,2,2,2,2,2,2,2,2,2,2,2
18,113,4,2,2,2,2,2,2,2,2,2,2,2,2,2,2,2,2,2,2,2
18,114,4,2,2,2,2,2,2,2,2,2,2,2,2,2,2,2,2,2,2,2
18,115,4,2,2,2,2,2,2,2,2,2,2,2,2,2,2,2,2,2,2,2
18,116,4,2,2,2,2,2,2,2,2,2,2,2,2,2,2,2,2,2,2,2
18,117,4,2,2,2,2,2,2,2,2,2,2,2,2,2,2,2,2,2,2,2
18,118,4,2,2,2,2,2,2,2,2,2,2,2,2,2,2,2,2,2,2,2
18,119,4,2,2,2,2,2,2,2,2,2,2,2,2,2,2,2,2,2,2,2
18,120,4,2,2,2,2,2,2,2,2,2,2,2,2,2,2,2,2,2,2,2
18,121,4,2,2,2,2,2,2,2,2,2,2,2,2,2,2,2,2,2,2,2
18,122,4,2,2,2,2,2,2,2,2,2,2,2,2,2,2,2,2,2,2,2
18,123,4,2,2,2,2,2,2,2,2,2,2,2,2,2,2,2,2,2,2,2
18,124,5,2,2,2,2,2,2,2,2,2,2,2,2,2,2,2,2,2,2,2
18,125,5,2,2,2,2,2,2,2,2,2,2,2,2,2,2,2,2,2,2,2
18,126,5,2,2,2,2,2,2,2,2,2,2,2,2,2,2,2,2,2,2,2
18,127,5,2,2,2,2,2,2,2,2,2,2,2,2,2,2,2,2,2,2,2
18,128,5,2,2,2,2,2,2,2,2,2,2,2,2,2,2,2,2,2,2,2
18,129,5,2,2,2,2,2,2,2,2,2,2,2,2,2,2,2,2,2,2,2
18,130,5,2,2,2,2,2,2,2,2,2,2,2,2,2,2,2,2,2,2,2
18,131,5,2,2,2,2,2,2,2,2,2,2,2,2,2,2,2,2,2,2,2
18,132,5,2,2,2,2,2,2,2,2,2,2,2,2,2,2,2,2,2,2,2
18,133,5,2,2,2,2,2,2,2,2,2,2,2,2,2,2,2,2,2,2,2
18,134,5,2,2,2,2,2,2,2,2,2,2,2,2,2,2,2,2,2,2,2
18,135,5,2,2,2,2,2,2,2,2,2,2,2,2,2,2,2,2,2,2,2
18,136,5,2,2,2,2,2,2,2,2,2,2,2,2,2,2,2,2,2,2,2
18,137,5,2,2,2,2,2,2,2,2,2,2,2,2,2,2,2,2,2,2,2
18,138,5,2,2,2,2,2,2,2,2,2,2,2,2,2,2,2,2,2,2,2
18,139,5,2,2,2,2,2,2,2,2,2,2,2,2,2,2,2,2,2,2,2
18,140,5,2,2,2,2,2,2,2,2,2,2,2,2,2,2,2,2,2,2,2
18,141,5,2,2,2,2,2,2,2,2,2,2,2,2,2,2,2,2,2,2,2
18,142,5,2,2,2,2,2,2,2,2,2,2,2,2,2,2,2,2,2,2,2
18,143,5,2,2,2,2,2,2,2,2,2,2,2,2,2,2,2,2,2,2,2
18,144,5,2,2,2,2,2,2,2,2,2,2,2,2,2,2,2,2,2,2,2
18,145,5,2,2,2,2,2,2,2,2,2,2,2,2,2,2,2,2,2,2,2
18,146,5,2,2,2,2,2,2,2,2,2,2,2,2,2,2,2,2,2,2,2
18,147,5,2,2,2,2,2,2,2,2,2,2,2,2,2,2,2,2,2,2,2
18,148,5,2,2,2,2,2,2,2,2,2,2,2,2,2,2,2,2,2,2,2
18,149,5,2,2,2,2,2,2,2,2,2,2,2,2,2,2,2,2,2,2,2
18,150,5,2,2,2,2,2,2,2,2,2,2,2,2,2,2,2,2,2,2,2
18,151,5,2,2,2,2,2,2,2,2,2,2,2,2,2,2,2,2,2,2,2
18,152,5,2,2,2,2,2,2,2,2,2,2,2,2,2,2,2,2,2,2,2
18,153,5,2,2,2,2,2,2,2,2,2,2,2,2,2,2,2,2,2,2,2
18,154,5,2,2,2,2,2,2,2,2,2,2,2,2,2,2,2,2,2,2,2
18,155,5,2,2,2,2,2,2,2,2,2,2,2,2,2,2,2,2,2,2,2
18,156,5,2,2,2,2,2,2,2,2,2,2,2,2,2,2,2,2,2,2,2
18,157,5,2,2,2,2,2,2,2,2,2,2,2,2,2,2,2,2,2,2,2
18,158,5,2,2,2,2,2,2,2,2,2,2,2,2,2,2,2,2,2,2,2
18,159,5,2,2,2,2,2,2,2,2,2,2,2,2,2,2,2,2,2,2,2
18,160,5,2,2,2,2,2,2,2,2,2,2,2,2,2,2,2,2,2,2,2
18,161,5,2,2,2,2,2,2,2,2,2,2,2,2,2,2,2,2,2,2,2
18,162,5,2,2,2,2,2,2,2,2,2,2,2,2,2,2,2,2,2,2,2
18,163,5,2,2,2,2,2,2,2,2,2,2,2,2,2,2,2,2,2,2,2
18,164,5,2,2,2,2,2,2,2,2,2,2,2,2,2,2,2,2,2,2,2
18,165,5,2,2,2,2,2,2,2,2,2,2,2,2,2,2,2,2,2,2,2
18,166,5,2,2,2,2,2,2,2,2,2,2,2,2,2,2,2,2,2,2,2
18,167,5,2,2,2,2,2,2,2,2,2,2,2,2,2,2,2,2,2,2,2
18,168,5,2,2,2,2,2,2,2,2,2,2,2,2,2,2,2,2,2,2,2
18,169,5,2,2,2,2,2,2,2,2,2,2,2,2,2,2,2,2,2,2,2
18,170,5,2,2,2,2,2,2,2,2,2,2,2,2,2,2,2,2,2,2,2
18,171,5,2,2,2,2,2,2,2,2,2,2,2,2,2,2,2,2,2,2,2
18,172,5,2,2,2,2,2,2,2,2,2,2,2,2,2,2,2,2,2,2,2
18,173,5,2,2,2,2,2,2,2,2,2,2,2,2,2,2,2,2,2,2,2
18,174,5,2,2,2,2,2,2,2,2,2,2,2,2,2,2,2,2,2,2,2
18,175,5,2,2,2,2,2,2,2,2,2,2,2,2,2,2,2,2,2,2,2
18,176,5,2,2,2,2,2,2,2,2,2,2,2,2,2,2,2,2,2,2,2
18,177,5,2,2,2,2,2,2,2,2,2,2,2,2,2,2,2,2,2,2,2
18,178,5,2,2,2,2,2,2,2,2,2,2,2,2,2,2,2,2,2,2,2
18,179,5,2,2,2,2,2,2,2,2,2,2,2,2,2,2,2,2,2,2,2
18,180,5,2,2,2,2,2,2,2,2,2,2,2,2,2,2,2,2,2,2,2
18,181,5,2,2,2,2,2,2,2,2,2,2,2,2,2,2,2,2,2,2,2
18,182,5,2,2,2,2,2,2,2,2,2,2,2,2,2,2,2,2,2,2,2
18,183,5,2,2,2,2,2,2,2,2,2,2,2,2,2,2,2,2,2,2,2
18,184,5,2,2,2,2,2,2,2,2,2,2,2,2,2,2,2,2,2,2,2
18,185,5,2,2,2,2,2,2,2,2,2,2,2,2,2,2,2,2,2,2,2
18,186,5,2,2,2,2,2,2,2,2,2,2,2,2,2,2,2,2,2,2,2
18,187,5,2,2,2,2,2,2,2,2,2,2,2,2,2,2,2,2,2,2,2
18,188,5,2,2,2,2,2,2,2,2,2,2,2,2,2,2,2,2,2,2,2
18,189,5,2,2,2,2,2,2,2,2,2,2,2,2,2,2,2,2,2,2,2
18,190,5,2,2,2,2,2,2,2,2,2,2,2,2,2,2,2,2,2,2,2
18,191,5,2,2,2,2,2,2,2,2,2,2,2,2,2,2,2,2,2,2,2
18,192,5,2,2,2,2,2,2,2,2,2,2,2,2,2,2,2,2,2,2,2
18,193,5,2,2,2,2,2,2,2,2,2,2,2,2,2,2,2,2,2,2,2
18,194,5,2,2,2,2,2,2,2,2,2,2,2,2,2,2,2,2,2,2,2
18,195,5,2,2,2,2,2,2,2,2,2,2,2,2,2,2,2,2,2,2,2
18,196,6,1,1,1,1,1,1,1,1,1,1,1,1,1,1,1,1,1,1,1
18,197,6,1,1,1,1,1,1,1,1,1,1,1,1,1,1,1,1,1,1,1
18,198,6,1,1,1,1,1,1,1,1,1,1,1,1,1,1,1,1,1,1,1
18,199,6,1,1,1,1,1,1,1,1,1,1,1,1,1,1,1,1,1,1,1
18,200,6,1,1,1,1,1,1,1,1,1,1,1,1,1,1,1,1,1,1,1
18,201,6,1,1,1,1,1,1,1,1,1,1,1,1,1,1,1,1,1,1,1
18,202,6,1,1,1,1,1,1,1,1,1,1,1,1,1,1,1,1,1,1,1
18,203,6,1,1,1,1,1,1,1,1,1,1,1,1,1,1,1,1,1,1,1
18,204,6,1,1,1,1,1,1,1,1,1,1,1,1,1,1,1,1,1,1,1
18,205,6,1,1,1,1,1,1,1,1,1,1,1,1,1,1,1,1,1,1,1
18,206,6,1,1,1,1,1,1,1,1,1,1,1,1,1,1,1,1,1,1,1
18,207,6,1,1,1,1,1,1,1,1,1,1,1,1,1,1,1,1,1,1,1
18,208,6,1,1,1,1,1,1,1,1,1,1,1,1,1,1,1,1,1,1,1
18,209,6,1,1,1,1,1,1,1,1,1,1,1,1,1,1,1,1,1,1,1
18,210,6,1,1,1,1,1,1,1,1,1,1,1,1,1,1,1,1,1,1,1
18,211,6,1,1,1,1,1,1,1,1,1,1,1,1,1,1,1,1,1,1,1
18,212,6,1,1,1,1,1,1,1,1,1,1,1,1,1,1,1,1,1,1,1
18,213,6,1,1,1,1,1,1,1,1,1,1,1,1,1,1,1,1,1,1,1
18,214,6,1,1,1,1,1,1,1,1,1,1,1,1,1,1,1,1,1,1,1
18,215,7,2,2,2,2,2,2,2,2,2,2,2,2,2,2,2,2,2,2,2
18,216,7,2,2,2,2,2,2,2,2,2,2,2,2,2,2,2,2,2,2,2
18,217,7,2,2,2,2,2,2,2,2,2,2,2,2,2,2,2,2,2,2,2
18,218,7,2,2,2,2,2,2,2,2,2,2,2,2,2,2,2,2,2,2,2
18,219,7,2,2,2,2,2,2,2,2,2,2,2,2,2,2,2,2,2,2,2
18,220,7,2,2,2,2,2,2,2,2,2,2,2,2,2,2,2,2,2,2,2
18,221,7,2,2,2,2,2,2,2,2,2,2,2,2,2,2,2,2,2,2,2
18,222,7,2,2,2,2,2,2,2,2,2,2,2,2,2,2,2,2,2,2,2
18,223,7,2,2,2,2,2,2,2,2,2,2,2,2,2,2,2,2,2,2,2
18,224,7,2,2,2,2,2,2,2,2,2,2,2,2,2,2,2,2,2,2,2
18,225,7,2,2,2,2,2,2,2,2,2,2,2,2,2,2,2,2,2,2,2
18,226,7,2,2,2,2,2,2,2,2,2,2,2,2,2,2,2,2,2,2,2
18,227,7,2,2,2,2,2,2,2,2,2,2,2,2,2,2,2,2,2,2,2
18,228,7,2,2,2,2,2,2,2,2,2,2,2,2,2,2,2,2,2,2,2
18,229,7,2,2,2,2,2,2,2,2,2,2,2,2,2,2,2,2,2,2,2
18,230,7,2,2,2,2,2,2,2,2,2,2,2,2,2,2,2,2,2,2,2
18,231,7,2,2,2,2,2,2,2,2,2,2,2,2,2,2,2,2,2,2,2
18,232,7,2,2,2,2,2,2,2,2,2,2,2,2,2,2,2,2,2,2,2
18,233,7,2,2,2,2,2,2,2,2,2,2,2,2,2,2,2,2,2,2,2
18,234,7,2,2,2,2,2,2,2,2,2,2,2,2,2,2,2,2,2,2,2
18,235,7,2,2,2,2,2,2,2,2,2,2,2,2,2,2,2,2,2,2,2
18,236,7,2,2,2,2,2,2,2,2,2,2,2,2,2,2,2,2,2,2,2
18,237,7,2,2,2,2,2,2,2,2,2,2,2,2,2,2,2,2,2,2,2
18,238,7,2,2,2,2,2,2,2,2,2,2,2,2,2,2,2,2,2,2,2
18,239,8,2,2,2,2,2,2,2,2,2,2,2,2,2,2,2,2,2,2,2
18,240,8,2,2,2,2,2,2,2,2,2,2,2,2,2,2,2,2,2,2,2
18,241,8,2,2,2,2,2,2,2,2,2,2,2,2,2,2,2,2,2,2,2
18,242,8,2,2,2,2,2,2,2,2,2,2,2,2,2,2,2,2,2,2,2
18,243,8,2,2,2,2,2,2,2,2,2,2,2,2,2,2,2,2,2,2,2
18,244,8,2,2,2,2,2,2,2,2,2,2,2,2,2,2,2,2,2,2,2
18,245,8,2,2,2,2,2,2,2,2,2,2,2,2,2,2,2,2,2,2,2
18,246,8,2,2,2,2,2,2,2,2,2,2,2,2,2,2,2,2,2,2,2
18,247,8,2,2,2,2,2,2,2,2,2,2,2,2,2,2,2,2,2,2,2
18,248,8,2,2,2,2,2,2,2,2,2,2,2,2,2,2,2,2,2,2,2
18,249,8,2,2,2,2,2,2,2,2,2,2,2,2,2,2,2,2,2,2,2
18,250,8,2,2,2,2,2,2,2,2,2,2,2,2,2,2,2,2,2,2,2
18,251,8,2,2,2,2,2,2,2,2,2,2,2,2,2,2,2,2,2,2,2
18,252,8,2,2,2,2,2,2,2,2,2,2,2,2,2,2,2,2,2,2,2
18,253,8,2,2,2,2,2,2,2,2,2,2,2,2,2,2,2,2,2,2,2
18,254,8,2,2,2,2,2,2,2,2,2,2,2,2,2,2,2,2,2,2,2
18,255,8,2,2,2,2,2,2,2,2,2,2,2,2,2,2,2,2,2,2,2
18,256,8,2,2,2,2,2,2,2,2,2,2,2,2,2,2,2,2,2,2,2
18,257,9,1,1,1,1,1,1,1,1,1,1,1,1,1,1,1,1,1,1,1
18,258,9,1,1,1,1,1,1,1,1,1,1,1,1,1,1,1,1,1,1,1
18,259,9,1,1,1,1,1,1,1,1,1,1,1,1,1,1,1,1,1,1,1
18,260,9,1,1,1,1,1,1,1,1,1,1,1,1,1,1,1,1,1,1,1
18,261,9,1,1,1,1,1,1,1,1,1,1,1,1,1,1,1,1,1,1,1
18,262,9,1,1,1,1,1,1,1,1,1,1,1,1,1,1,1,1,1,1,1
18,263,9,1,1,1,1,1,1,1,1,1,1,1,1,1,1,1,1,1,1,1
18,264,9,1,1,1,1,1,1,1,1,1,1,1,1,1,1,1,1,1,1,1
18,265,9,1,1,1,1,1,1,1,1,1,1,1,1,1,1,1,1,1,1,1
18,266,9,1,1,1,1,1,1,1,1,1,1,1,1,1,1,1,1,1,1,1
18,267,9,1,1,1,1,1,1,1,1,1,1,1,1,1,1,1,1,1,1,1
18,268,9,1,1,1,1,1,1,1,1,1,1,1,1,1,1,1,1,1,1,1
18,269,9,1,1,1,1,1,1,1,1,1,1,1,1,1,1,1,1,1,1,1
18,270,9,1,1,1,1,1,1,1,1,1,1,1,1,1,1,1,1,1,1,1
18,271,9,1,1,1,1,1,1,1,1,1,1,1,1,1,1,1,1,1,1,1
18,272,9,1,1,1,1,1,1,1,1,1,1,1,1,1,1,1,1,1,1,1
18,273,9,1,1,1,1,1,1,1,1,1,1,1,1,1,1,1,1,1,1,1
18,274,9,1,1,1,1,1,1,1,1,1,1,1,1,1,1,1,1,1,1,1
18,275,9,1,1,1,1,1,1,1,1,1,1,1,1,1,1,1,1,1,1,1
18,276,9,1,1,1,1,1,1,1,1,1,1,1,1,1,1,1,1,1,1,1
18,277,10,1,1,1,1,1,1,1,1,1,1,1,1,1,1,1,1,1,1,1
18,278,10,1,1,1,1,1,1,1,1,1,1,1,1,1,1,1,1,1,1,1
18,279,10,1,1,1,1,1,1,1,1,1,1,1,1,1,1,1,1,1,1,1
18,280,10,1,1,1,1,1,1,1,1,1,1,1,1,1,1,1,1,1,1,1
18,281,10,1,1,1,1,1,1,1,1,1,1,1,1,1,1,1,1,1,1,1
18,282,10,1,1,1,1,1,1,1,1,1,1,1,1,1,1,1,1,1,1,1
18,283,10,1,1,1,1,1,1,1,1,1,1,1,1,1,1,1,1,1,1,1
18,284,10,1,1,1,1,1,1,1,1,1,1,1,1,1,1,1,1,1,1,1
18,285,10,1,1,1,1,1,1,1,1,1,1,1,1,1,1,1,1,1,1,1
18,286,10,1,1,1,1,1,1,1,1,1,1,1,1,1,1,1,1,1,1,1
18,287,10,1,1,1,1,1,1,1,1,1,1,1,1,1,1,1,1,1,1,1
18,288,10,1,1,1,1,1,1,1,1,1,1,1,1,1,1,1,1,1,1,1
18,289,10,1,1,1,1,1,1,1,1,1,1,1,1,1,1,1,1,1,1,1
18,290,10,1,1,1,1,1,1,1,1,1,1,1,1,1,1,1,1,1,1,1
18,291,10,1,1,1,1,1,1,1,1,1,1,1,1,1,1,1,1,1,1,1
18,292,10,1,1,1,1,1,1,1,1,1,1,1,1,1,1,1,1,1,1,1
18,293,10,1,1,1,1,1,1,1,1,1,1,1,1,1,1,1,1,1,1,1
18,294,10,1,1,1,1,1,1,1,1,1,1,1,1,1,1,1,1,1,1,1
18,295,10,1,1,1,1,1,1,1,1,1,1,1,1,1,1,1,1,1,1,1
18,296,10,1,1,1,1,1,1,1,1,1,1,1,1,1,1,1,1,1,1,1
18,297,10,1,1,1,1,1,1,1,1,1,1,1,1,1,1,1,1,1,1,1
18,298,10,1,1,1,1,1,1,1,1,1,1,1,1,1,1,1,1,1,1,1
18,299,10,1,1,1,1,1,1,1,1,1,1,1,1,1,1,1,1,1,1,1
18,300,10,1,1,1,1,1,1,1,1,1,1,1,1,1,1,1,1,1,1,1
18,301,10,1,1,1,1,1,1,1,1,1,1,1,1,1,1,1,1,1,1,1
18,302,10,1,1,1,1,1,1,1,1,1,1,1,1,1,1,1,1,1,1,1
18,303,10,1,1,1,1,1,1,1,1,1,1,1,1,1,1,1,1,1,1,1
18,304,10,1,1,1,1,1,1,1,1,1,1,1,1,1,1,1,1,1,1,1
18,305,10,1,1,1,1,1,1,1,1,1,1,1,1,1,1,1,1,1,1,1
18,306,10,1,1,1,1,1,1,1,1,1,1,1,1,1,1,1,1,1,1,1
18,307,10,1,1,1,1,1,1,1,1,1,1,1,1,1,1,1,1,1,1,1
18,308,10,1,1,1,1,1,1,1,1,1,1,1,1,1,1,1,1,1,1,1
18,309,10,1,1,1,1,1,1,1,1,1,1,1,1,1,1,1,1,1,1,1
18,310,10,1,1,1,1,1,1,1,1,1,1,1,1,1,1,1,1,1,1,1
18,311,10,1,1,1,1,1,1,1,1,1,1,1,1,1,1,1,1,1,1,1
18,312,10,1,1,1,1,1,1,1,1,1,1,1,1,1,1,1,1,1,1,1
18,313,10,1,1,1,1,1,1,1,1,1,1,1,1,1,1,1,1,1,1,1
18,314,10,1,1,1,1,1,1,1,1,1,1,1,1,1,1,1,1,1,1,1
18,315,10,1,1,1,1,1,1,1,1,1,1,1,1,1,1,1,1,1,1,1
18,316,10,1,1,1,1,1,1,1,1,1,1,1,1,1,1,1,1,1,1,1
18,317,10,1,1,1,1,1,1,1,1,1,1,1,1,1,1,1,1,1,1,1
18,318,10,1,1,1,1,1,1,1,1,1,1,1,1,1,1,1,1,1,1,1
18,319,10,1,1,1,1,1,1,1,1,1,1,1,1,1,1,1,1,1,1,1
18,320,11,1,1,1,1,1,1,1,1,1,1,1,1,1,1,1,1,1,1,1
18,321,11,1,1,1,1,1,1,1,1,1,1,1,1,1,1,1,1,1,1,1
18,322,11,1,1,1,1,1,1,1,1,1,1,1,1,1,1,1,1,1,1,1
18,323,11,1,1,1,1,1,1,1,1,1,1,1,1,1,1,1,1,1,1,1
18,324,11,1,1,1,1,1,1,1,1,1,1,1,1,1,1,1,1,1,1,1
18,325,11,1,1,1,1,1,1,1,1,1,1,1,1,1,1,1,1,1,1,1
18,326,11,1,1,1,1,1,1,1,1,1,1,1,1,1,1,1,1,1,1,1
18,327,11,1,1,1,1,1,1,1,1,1,1,1,1,1,1,1,1,1,1,1
18,328,11,1,1,1,1,1,1,1,1,1,1,1,1,1,1,1,1,1,1,1
18,329,11,1,1,1,1,1,1,1,1,1,1,1,1,1,1,1,1,1,1,1
18,330,11,1,1,1,1,1,1,1,1,1,1,1,1,1,1,1,1,1,1,1
18,331,11,1,1,1,1,1,1,1,1,1,1,1,1,1,1,1,1,1,1,1
18,332,11,1,1,1,1,1,1,1,1,1,1,1,1,1,1,1,1,1,1,1
18,333,11,1,1,1,1,1,1,1,1,1,1,1,1,1,1,1,1,1,1,1
18,334,11,1,1,1,1,1,1,1,1,1,1,1,1,1,1,1,1,1,1,1
18,335,11,1,1,1,1,1,1,1,1,1,1,1,1,1,1,1,1,1,1,1
18,336,11,1,1,1,1,1,1,1,1,1,1,1,1,1,1,1,1,1,1,1
18,337,11,1,1,1,1,1,1,1,1,1,1,1,1,1,1,1,1,1,1,1
18,338,11,1,1,1,1,1,1,1,1,1,1,1,1,1,1,1,1,1,1,1
18,339,11,1,1,1,1,1,1,1,1,1,1,1,1,1,1,1,1,1,1,1
18,340,11,1,1,1,1,1,1,1,1,1,1,1,1,1,1,1,1,1,1,1
18,341,11,1,1,1,1,1,1,1,1,1,1,1,1,1,1,1,1,1,1,1
18,342,11,1,1,1,1,1,1,1,1,1,1,1,1,1,1,1,1,1,1,1
18,343,11,1,1,1,1,1,1,1,1,1,1,1,1,1,1,1,1,1,1,1
18,344,11,1,1,1,1,1,1,1,1,1,1,1,1,1,1,1,1,1,1,1
18,345,11,1,1,1,1,1,1,1,1,1,1,1,1,1,1,1,1,1,1,1
18,346,11,1,1,1,1,1,1,1,1,1,1,1,1,1,1,1,1,1,1,1
18,347,12,1,1,1,1,1,1,1,1,1,1,1,1,1,1,1,1,1,1,1
18,348,12,1,1,1,1,1,1,1,1,1,1,1,1,1,1,1,1,1,1,1
18,349,12,1,1,1,1,1,1,1,1,1,1,1,1,1,1,1,1,1,1,1
18,350,12,1,1,1,1,1,1,1,1,1,1,1,1,1,1,1,1,1,1,1
18,351,12,1,1,1,1,1,1,1,1,1,1,1,1,1,1,1,1,1,1,1
18,352,12,1,1,1,1,1,1,1,1,1,1,1,1,1,1,1,1,1,1,1
18,353,12,1,1,1,1,1,1,1,1,1,1,1,1,1,1,1,1,1,1,1
18,354,12,1,1,1,1,1,1,1,1,1,1,1,1,1,1,1,1,1,1,1
18,355,12,1,1,1,1,1,1,1,1,1,1,1,1,1,1,1,1,1,1,1
18,356,12,1,1,1,1,1,1,1,1,1,1,1,1,1,1,1,1,1,1,1
18,357,12,1,1,1,1,1,1,1,1,1,1,1,1,1,1,1,1,1,1,1
18,358,12,1,1,1,1,1,1,1,1,1,1,1,1,1,1,1,1,1,1,1
18,359,12,1,1,1,1,1,1,1,1,1,1,1,1,1,1,1,1,1,1,1
18,360,12,1,1,1,1,1,1,1,1,1,1,1,1,1,1,1,1,1,1,1
18,361,12,1,1,1,1,1,1,1,1,1,1,1,1,1,1,1,1,1,1,1
18,362,12,1,1,1,1,1,1,1,1,1,1,1,1,1,1,1,1,1,1,1
18,363,12,1,1,1,1,1,1,1,1,1,1,1,1,1,1,1,1,1,1,1
18,364,12,1,1,1,1,1,1,1,1,1,1,1,1,1,1,1,1,1,1,1
18,365,12,1,1,1,1,1,1,1,1,1,1,1,1,1,1,1,1,1,1,1
18,366,12,1,1,1,1,1,1,1,1,1,1,1,1,1,1,1,1,1,1,1
18,367,12,1,1,1,1,1,1,1,1,1,1,1,1,1,1,1,1,1,1,1
18,368,12,1,1,1,1,1,1,1,1,1,1,1,1,1,1,1,1,1,1,1
18,369,12,1,1,1,1,1,1,1,1,1,1,1,1,1,1,1,1,1,1,1
18,370,12,1,1,1,1,1,1,1,1,1,1,1,1,1,1,1,1,1,1,1
18,371,12,1,1,1,1,1,1,1,1,1,1,1,1,1,1,1,1,1,1,1
18,372,12,1,1,1,1,1,1,1,1,1,1,1,1,1,1,1,1,1,1,1
18,373,12,1,1,1,1,1,1,1,1,1,1,1,1,1,1,1,1,1,1,1
18,374,12,1,1,1,1,1,1,1,1,1,1,1,1,1,1,1,1,1,1,1
18,375,12,1,1,1,1,1,1,1,1,1,1,1,1,1,1,1,1,1,1,1
18,376,12,1,1,1,1,1,1,1,1,1,1,1,1,1,1,1,1,1,1,1
18,377,12,1,1,1,1,1,1,1,1,1,1,1,1,1,1,1,1,1,1,1
18,378,12,1,1,1,1,1,1,1,1,1,1,1,1,1,1,1,1,1,1,1
18,379,12,1,1,1,1,1,1,1,1,1,1,1,1,1,1,1,1,1,1,1
18,380,12,1,1,1,1,1,1,1,1,1,1,1,1,1,1,1,1,1,1,1
18,381,12,1,1,1,1,1,1,1,1,1,1,1,1,1,1,1,1,1,1,1
18,382,12,1,1,1,1,1,1,1,1,1,1,1,1,1,1,1,1,1,1,1
18,383,12,1,1,1,1,1,1,1,1,1,1,1,1,1,1,1,1,1,1,1
18,384,12,1,1,1,1,1,1,1,1,1,1,1,1,1,1,1,1,1,1,1
18,385,12,1,1,1,1,1,1,1,1,1,1,1,1,1,1,1,1,1,1,1
18,386,12,1,1,1,1,1,1,1,1,1,1,1,1,1,1,1,1,1,1,1
18,387,12,1,1,1,1,1,1,1,1,1,1,1,1,1,1,1,1,1,1,1
18,388,12,1,1,1,1,1,1,1,1,1,1,1,1,1,1,1,1,1,1,1
18,389,12,1,1,1,1,1,1,1,1,1,1,1,1,1,1,1,1,1,1,1
18,390,12,1,1,1,1,1,1,1,1,1,1,1,1,1,1,1,1,1,1,1
18,391,12,1,1,1,1,1,1,1,1,1,1,1,1,1,1,1,1,1,1,1
18,392,12,1,1,1,1,1,1,1,1,1,1,1,1,1,1,1,1,1,1,1
18,393,12,1,1,1,1,1,1,1,1,1,1,1,1,1,1,1,1,1,1,1
18,394,12,1,1,1,1,1,1,1,1,1,1,1,1,1,1,1,1,1,1,1
18,395,12,1,1,1,1,1,1,1,1,1,1,1,1,1,1,1,1,1,1,1
18,396,12,1,1,1,1,1,1,1,1,1,1,1,1,1,1,1,1,1,1,1
18,397,12,1,1,1,1,1,1,1,1,1,1,1,1,1,1,1,1,1,1,1
18,398,13,2,2,2,2,2,2,2,2,2,2,2,2,2,2,2,2,2,2,2
18,399,13,2,2,2,2,2,2,2,2,2,2,2,2,2,2,2,2,2,2,2
18,400,13,2,2,2,2,2,2,2,2,2,2,2,2,2,2,2,2,2,2,2
18,401,13,2,2,2,2,2,2,2,2,2,2,2,2,2,2,2,2,2,2,2
18,402,13,2,2,2,2,2,2,2,2,2,2,2,2,2,2,2,2,2,2,2
18,403,13,2,2,2,2,2,2,2,2,2,2,2,2,2,2,2,2,2,2,2
18,404,13,2,2,2,2,2,2,2,2,2,2,2,2,2,2,2,2,2,2,2
18,405,13,2,2,2,2,2,2,2,2,2,2,2,2,2,2,2,2,2,2,2
18,406,13,2,2,2,2,2,2,2,2,2,2,2,2,2,2,2,2,2,2,2
18,407,13,2,2,2,2,2,2,2,2,2,2,2,2,2,2,2,2,2,2,2
18,408,13,2,2,2,2,2,2,2,2,2,2,2,2,2,2,2,2,2,2,2
18,409,13,2,2,2,2,2,2,2,2,2,2,2,2,2,2,2,2,2,2,2
18,410,13,2,2,2,2,2,2,2,2,2,2,2,2,2,2,2,2,2,2,2
18,411,14,2,2,2,2,2,2,2,2,2,2,2,2,2,2,2,2,2,2,2
18,412,14,2,2,2,2,2,2,2,2,2,2,2,2,2,2,2,2,2,2,2
18,413,14,2,2,2,2,2,2,2,2,2,2,2,2,2,2,2,2,2,2,2
18,414,14,2,2,2,2,2,2,2,2,2,2,2,2,2,2,2,2,2,2,2
18,415,14,2,2,2,2,2,2,2,2,2,2,2,2,2,2,2,2,2,2,2
18,416,14,2,2,2,2,2,2,2,2,2,2,2,2,2,2,2,2,2,2,2
18,417,14,2,2,2,2,2,2,2,2,2,2,2,2,2,2,2,2,2,2,2
18,418,14,2,2,2,2,2,2,2,2,2,2,2,2,2,2,2,2,2,2,2
18,419,14,2,2,2,2,2,2,2,2,2,2,2,2,2,2,2,2,2,2,2
18,420,14,2,2,2,2,2,2,2,2,2,2,2,2,2,2,2,2,2,2,2
18,421,14,2,2,2,2,2,2,2,2,2,2,2,2,2,2,2,2,2,2,2
18,422,14,2,2,2,2,2,2,2,2,2,2,2,2,2,2,2,2,2,2,2
18,423,14,2,2,2,2,2,2,2,2,2,2,2,2,2,2,2,2,2,2,2
18,424,14,2,2,2,2,2,2,2,2,2,2,2,2,2,2,2,2,2,2,2
18,425,14,2,2,2,2,2,2,2,2,2,2,2,2,2,2,2,2,2,2,2
18,426,14,2,2,2,2,2,2,2,2,2,2,2,2,2,2,2,2,2,2,2
18,427,14,2,2,2,2,2,2,2,2,2,2,2,2,2,2,2,2,2,2,2
18,428,14,2,2,2,2,2,2,2,2,2,2,2,2,2,2,2,2,2,2,2
18,429,14,2,2,2,2,2,2,2,2,2,2,2,2,2,2,2,2,2,2,2
18,430,14,2,2,2,2,2,2,2,2,2,2,2,2,2,2,2,2,2,2,2
18,431,14,2,2,2,2,2,2,2,2,2,2,2,2,2,2,2,2,2,2,2
18,432,14,2,2,2,2,2,2,2,2,2,2,2,2,2,2,2,2,2,2,2
18,433,14,2,2,2,2,2,2,2,2,2,2,2,2,2,2,2,2,2,2,2
18,434,14,2,2,2,2,2,2,2,2,2,2,2,2,2,2,2,2,2,2,2
18,435,15,1,1,1,1,1,1,1,1,1,1,1,1,1,1,1,1,1,1,1
18,436,15,1,1,1,1,1,1,1,1,1,1,1,1,1,1,1,1,1,1,1
18,437,15,1,1,1,1,1,1,1,1,1,1,1,1,1,1,1,1,1,1,1
18,438,15,1,1,1,1,1,1,1,1,1,1,1,1,1,1,1,1,1,1,1
18,439,15,1,1,1,1,1,1,1,1,1,1,1,1,1,1,1,1,1,1,1
18,440,15,1,1,1,1,1,1,1,1,1,1,1,1,1,1,1,1,1,1,1
18,441,15,1,1,1,1,1,1,1,1,1,1,1,1,1,1,1,1,1,1,1
18,442,15,1,1,1,1,1,1,1,1,1,1,1,1,1,1,1,1,1,1,1
18,443,15,1,1,1,1,1,1,1,1,1,1,1,1,1,1,1,1,1,1,1
18,444,15,1,1,1,1,1,1,1,1,1,1,1,1,1,1,1,1,1,1,1
18,445,15,1,1,1,1,1,1,1,1,1,1,1,1,1,1,1,1,1,1,1
18,446,15,1,1,1,1,1,1,1,1,1,1,1,1,1,1,1,1,1,1,1
18,447,15,1,1,1,1,1,1,1,1,1,1,1,1,1,1,1,1,1,1,1
18,448,15,1,1,1,1,1,1,1,1,1,1,1,1,1,1,1,1,1,1,1
18,449,15,1,1,1,1,1,1,1,1,1,1,1,1,1,1,1,1,1,1,1
18,450,15,1,1,1,1,1,1,1,1,1,1,1,1,1,1,1,1,1,1,1
18,451,15,1,1,1,1,1,1,1,1,1,1,1,1,1,1,1,1,1,1,1
18,452,15,1,1,1,1,1,1,1,1,1,1,1,1,1,1,1,1,1,1,1
18,453,15,1,1,1,1,1,1,1,1,1,1,1,1,1,1,1,1,1,1,1
18,454,15,1,1,1,1,1,1,1,1,1,1,1,1,1,1,1,1,1,1,1
18,455,15,1,1,1,1,1,1,1,1,1,1,1,1,1,1,1,1,1,1,1
18,456,15,1,1,1,1,1,1,1,1,1,1,1,1,1,1,1,1,1,1,1
18,457,15,1,1,1,1,1,1,1,1,1,1,1,1,1,1,1,1,1,1,1
18,458,15,1,1,1,1,1,1,1,1,1,1,1,1,1,1,1,1,1,1,1
18,459,15,1,1,1,1,1,1,1,1,1,1,1,1,1,1,1,1,1,1,1
18,460,15,1,1,1,1,1,1,1,1,1,1,1,1,1,1,1,1,1,1,1
18,461,15,1,1,1,1,1,1,1,1,1,1,1,1,1,1,1,1,1,1,1
18,462,15,1,1,1,1,1,1,1,1,1,1,1,1,1,1,1,1,1,1,1
18,463,15,1,1,1,1,1,1,1,1,1,1,1,1,1,1,1,1,1,1,1
18,464,15,1,1,1,1,1,1,1,1,1,1,1,1,1,1,1,1,1,1,1
18,465,15,1,1,1,1,1,1,1,1,1,1,1,1,1,1,1,1,1,1,1
18,466,15,1,1,1,1,1,1,1,1,1,1,1,1,1,1,1,1,1,1,1
18,467,15,1,1,1,1,1,1,1,1,1,1,1,1,1,1,1,1,1,1,1
18,468,15,1,1,1,1,1,1,1,1,1,1,1,1,1,1,1,1,1,1,1
18,469,15,1,1,1,1,1,1,1,1,1,1,1,1,1,1,1,1,1,1,1
18,470,15,1,1,1,1,1,1,1,1,1,1,1,1,1,1,1,1,1,1,1
18,471,15,1,1,1,1,1,1,1,1,1,1,1,1,1,1,1,1,1,1,1
18,472,15,1,1,1,1,1,1,1,1,1,1,1,1,1,1,1,1,1,1,1
18,473,15,1,1,1,1,1,1,1,1,1,1,1,1,1,1,1,1,1,1,1
18,474,15,1,1,1,1,1,1,1,1,1,1,1,1,1,1,1,1,1,1,1
18,475,15,1,1,1,1,1,1,1,1,1,1,1,1,1,1,1,1,1,1,1
18,476,15,1,1,1,1,1,1,1,1,1,1,1,1,1,1,1,1,1,1,1
18,477,15,1,1,1,1,1,1,1,1,1,1,1,1,1,1,1,1,1,1,1
18,478,15,1,1,1,1,1,1,1,1,1,1,1,1,1,1,1,1,1,1,1
18,479,15,1,1,1,1,1,1,1,1,1,1,1,1,1,1,1,1,1,1,1
18,480,15,1,1,1,1,1,1,1,1,1,1,1,1,1,1,1,1,1,1,1
18,481,15,1,1,1,1,1,1,1,1,1,1,1,1,1,1,1,1,1,1,1
18,482,15,1,1,1,1,1,1,1,1,1,1,1,1,1,1,1,1,1,1,1
18,483,15,1,1,1,1,1,1,1,1,1,1,1,1,1,1,1,1,1,1,1
18,484,15,1,1,1,1,1,1,1,1,1,1,1,1,1,1,1,1,1,1,1
18,485,15,1,1,1,1,1,1,1,1,1,1,1,1,1,1,1,1,1,1,1
18,486,15,1,1,1,1,1,1,1,1,1,1,1,1,1,1,1,1,1,1,1
18,487,15,1,1,1,1,1,1,1,1,1,1,1,1,1,1,1,1,1,1,1
18,488,15,1,1,1,1,1,1,1,1,1,1,1,1,1,1,1,1,1,1,1
18,489,15,1,1,1,1,1,1,1,1,1,1,1,1,1,1,1,1,1,1,1
18,490,15,1,1,1,1,1,1,1,1,1,1,1,1,1,1,1,1,1,1,1
18,491,15,1,1,1,1,1,1,1,1,1,1,1,1,1,1,1,1,1,1,1
18,492,15,1,1,1,1,1,1,1,1,1,1,1,1,1,1,1,1,1,1,1
18,493,15,1,1,1,1,1,1,1,1,1,1,1,1,1,1,1,1,1,1,1
18,494,15,1,1,1,1,1,1,1,1,1,1,1,1,1,1,1,1,1,1,1
18,495,15,1,1,1,1,1,1,1,1,1,1,1,1,1,1,1,1,1,1,1
18,496,15,1,1,1,1,1,1,1,1,1,1,1,1,1,1,1,1,1,1,1
18,497,15,1,1,1,1,1,1,1,1,1,1,1,1,1,1,1,1,1,1,1
18,498,15,1,1,1,1,1,1,1,1,1,1,1,1,1,1,1,1,1,1,1
18,499,15,1,1,1,1,1,1,1,1,1,1,1,1,1,1,1,1,1,1,1
18,500,15,1,1,1,1,1,1,1,1,1,1,1,1,1,1,1,1,1,1,1
18,501,15,1,1,1,1,1,1,1,1,1,1,1,1,1,1,1,1,1,1,1
18,502,15,1,1,1,1,1,1,1,1,1,1,1,1,1,1,1,1,1,1,1
18,503,15,1,1,1,1,1,1,1,1,1,1,1,1,1,1,1,1,1,1,1
18,504,15,1,1,1,1,1,1,1,1,1,1,1,1,1,1,1,1,1,1,1
18,505,15,1,1,1,1,1,1,1,1,1,1,1,1,1,1,1,1,1,1,1
18,506,15,1,1,1,1,1,1,1,1,1,1,1,1,1,1,1,1,1,1,1
18,507,15,1,1,1,1,1,1,1,1,1,1,1,1,1,1,1,1,1,1,1
18,508,15,1,1,1,1,1,1,1,1,1,1,1,1,1,1,1,1,1,1,1
18,509,15,1,1,1,1,1,1,1,1,1,1,1,1,1,1,1,1,1,1,1
18,510,15,1,1,1,1,1,1,1,1,1,1,1,1,1,1,1,1,1,1,1
18,511,15,1,1,1,1,1,1,1,1,1,1,1,1,1,1,1,1,1,1,1
18,512,15,1,1,1,1,1,1,1,1,1,1,1,1,1,1,1,1,1,1,1
18,513,15,1,1,1,1,1,1,1,1,1,1,1,1,1,1,1,1,1,1,1
18,514,15,1,1,1,1,1,1,1,1,1,1,1,1,1,1,1,1,1,1,1
18,515,15,1,1,1,1,1,1,1,1,1,1,1,1,1,1,1,1,1,1,1
18,516,15,1,1,1,1,1,1,1,1,1,1,1,1,1,1,1,1,1,1,1
18,517,15,1,1,1,1,1,1,1,1,1,1,1,1,1,1,1,1,1,1,1
18,518,15,1,1,1,1,1,1,1,1,1,1,1,1,1,1,1,1,1,1,1
18,519,15,1,1,1,1,1,1,1,1,1,1,1,1,1,1,1,1,1,1,1
18,520,15,1,1,1,1,1,1,1,1,1,1,1,1,1,1,1,1,1,1,1
18,521,15,1,1,1,1,1,1,1,1,1,1,1,1,1,1,1,1,1,1,1
18,522,15,1,1,1,1,1,1,1,1,1,1,1,1,1,1,1,1,1,1,1
18,523,15,1,1,1,1,1,1,1,1,1,1,1,1,1,1,1,1,1,1,1
18,524,15,1,1,1,1,1,1,1,1,1,1,1,1,1,1,1,1,1,1,1
18,525,15,1,1,1,1,1,1,1,1,1,1,1,1,1,1,1,1,1,1,1
18,526,15,1,1,1,1,1,1,1,1,1,1,1,1,1,1,1,1,1,1,1
18,527,15,1,1,1,1,1,1,1,1,1,1,1,1,1,1,1,1,1,1,1
18,528,15,1,1,1,1,1,1,1,1,1,1,1,1,1,1,1,1,1,1,1
18,529,15,1,1,1,1,1,1,1,1,1,1,1,1,1,1,1,1,1,1,1
18,530,15,1,1,1,1,1,1,1,1,1,1,1,1,1,1,1,1,1,1,1
18,531,15,1,1,1,1,1,1,1,1,1,1,1,1,1,1,1,1,1,1,1
18,532,15,1,1,1,1,1,1,1,1,1,1,1,1,1,1,1,1,1,1,1
18,533,15,1,1,1,1,1,1,1,1,1,1,1,1,1,1,1,1,1,1,1
18,534,15,1,1,1,1,1,1,1,1,1,1,1,1,1,1,1,1,1,1,1
18,535,15,1,1,1,1,1,1,1,1,1,1,1,1,1,1,1,1,1,1,1
18,536,15,1,1,1,1,1,1,1,1,1,1,1,1,1,1,1,1,1,1,1
18,537,15,1,1,1,1,1,1,1,1,1,1,1,1,1,1,1,1,1,1,1
18,538,15,1,1,1,1,1,1,1,1,1,1,1,1,1,1,1,1,1,1,1
18,539,15,1,1,1,1,1,1,1,1,1,1,1,1,1,1,1,1,1,1,1
18,540,15,1,1,1,1,1,1,1,1,1,1,1,1,1,1,1,1,1,1,1
18,541,15,1,1,1,1,1,1,1,1,1,1,1,1,1,1,1,1,1,1,1
18,542,15,1,1,1,1,1,1,1,1,1,1,1,1,1,1,1,1,1,1,1
18,543,15,1,1,1,1,1,1,1,1,1,1,1,1,1,1,1,1,1,1,1
18,544,15,1,1,1,1,1,1,1,1,1,1,1,1,1,1,1,1,1,1,1
18,545,15,1,1,1,1,1,1,1,1,1,1,1,1,1,1,1,1,1,1,1
18,546,15,1,1,1,1,1,1,1,1,1,1,1,1,1,1,1,1,1,1,1
18,547,16,1,1,1,1,1,1,1,1,1,1,1,1,1,1,1,1,1,1,1
18,548,16,1,1,1,1,1,1,1,1,1,1,1,1,1,1,1,1,1,1,1
18,549,16,1,1,1,1,1,1,1,1,1,1,1,1,1,1,1,1,1,1,1
18,550,16,1,1,1,1,1,1,1,1,1,1,1,1,1,1,1,1,1,1,1
18,551,16,1,1,1,1,1,1,1,1,1,1,1,1,1,1,1,1,1,1,1
18,552,16,1,1,1,1,1,1,1,1,1,1,1,1,1,1,1,1,1,1,1
18,553,16,1,1,1,1,1,1,1,1,1,1,1,1,1,1,1,1,1,1,1
18,554,16,1,1,1,1,1,1,1,1,1,1,1,1,1,1,1,1,1,1,1
18,555,16,1,1,1,1,1,1,1,1,1,1,1,1,1,1,1,1,1,1,1
18,556,16,1,1,1,1,1,1,1,1,1,1,1,1,1,1,1,1,1,1,1
18,557,16,1,1,1,1,1,1,1,1,1,1,1,1,1,1,1,1,1,1,1
18,558,16,1,1,1,1,1,1,1,1,1,1,1,1,1,1,1,1,1,1,1
18,559,16,1,1,1,1,1,1,1,1,1,1,1,1,1,1,1,1,1,1,1
18,560,16,1,1,1,1,1,1,1,1,1,1,1,1,1,1,1,1,1,1,1
18,561,16,1,1,1,1,1,1,1,1,1,1,1,1,1,1,1,1,1,1,1
18,562,16,1,1,1,1,1,1,1,1,1,1,1,1,1,1,1,1,1,1,1
18,563,16,1,1,1,1,1,1,1,1,1,1,1,1,1,1,1,1,1,1,1
18,564,16,1,1,1,1,1,1,1,1,1,1,1,1,1,1,1,1,1,1,1
18,565,16,1,1,1,1,1,1,1,1,1,1,1,1,1,1,1,1,1,1,1
18,566,16,1,1,1,1,1,1,1,1,1,1,1,1,1,1,1,1,1,1,1
18,567,16,1,1,1,1,1,1,1,1,1,1,1,1,1,1,1,1,1,1,1
18,568,16,1,1,1,1,1,1,1,1,1,1,1,1,1,1,1,1,1,1,1
18,569,16,1,1,1,1,1,1,1,1,1,1,1,1,1,1,1,1,1,1,1
18,570,16,1,1,1,1,1,1,1,1,1,1,1,1,1,1,1,1,1,1,1
18,571,16,1,1,1,1,1,1,1,1,1,1,1,1,1,1,1,1,1,1,1
18,572,16,1,1,1,1,1,1,1,1,1,1,1,1,1,1,1,1,1,1,1
18,573,16,1,1,1,1,1,1,1,1,1,1,1,1,1,1,1,1,1,1,1
18,574,16,1,1,1,1,1,1,1,1,1,1,1,1,1,1,1,1,1,1,1
18,575,16,1,1,1,1,1,1,1,1,1,1,1,1,1,1,1,1,1,1,1
18,576,16,1,1,1,1,1,1,1,1,1,1,1,1,1,1,1,1,1,1,1
18,577,16,1,1,1,1,1,1,1,1,1,1,1,1,1,1,1,1,1,1,1
18,578,16,1,1,1,1,1,1,1,1,1,1,1,1,1,1,1,1,1,1,1
18,579,16,1,1,1,1,1,1,1,1,1,1,1,1,1,1,1,1,1,1,1
18,580,16,1,1,1,1,1,1,1,1,1,1,1,1,1,1,1,1,1,1,1
18,581,16,1,1,1,1,1,1,1,1,1,1,1,1,1,1,1,1,1,1,1
18,582,16,1,1,1,1,1,1,1,1,1,1,1,1,1,1,1,1,1,1,1
18,583,16,1,1,1,1,1,1,1,1,1,1,1,1,1,1,1,1,1,1,1
18,584,16,1,1,1,1,1,1,1,1,1,1,1,1,1,1,1,1,1,1,1
18,585,16,1,1,1,1,1,1,1,1,1,1,1,1,1,1,1,1,1,1,1
18,586,16,1,1,1,1,1,1,1,1,1,1,1,1,1,1,1,1,1,1,1
18,587,16,1,1,1,1,1,1,1,1,1,1,1,1,1,1,1,1,1,1,1
18,588,16,1,1,1,1,1,1,1,1,1,1,1,1,1,1,1,1,1,1,1
18,589,16,1,1,1,1,1,1,1,1,1,1,1,1,1,1,1,1,1,1,1
18,590,16,1,1,1,1,1,1,1,1,1,1,1,1,1,1,1,1,1,1,1
18,591,16,1,1,1,1,1,1,1,1,1,1,1,1,1,1,1,1,1,1,1
18,592,16,1,1,1,1,1,1,1,1,1,1,1,1,1,1,1,1,1,1,1
18,593,16,1,1,1,1,1,1,1,1,1,1,1,1,1,1,1,1,1,1,1
18,594,16,1,1,1,1,1,1,1,1,1,1,1,1,1,1,1,1,1,1,1
18,595,16,1,1,1,1,1,1,1,1,1,1,1,1,1,1,1,1,1,1,1
18,596,16,1,1,1,1,1,1,1,1,1,1,1,1,1,1,1,1,1,1,1
18,597,17,3,3,3,3,3,3,3,3,3,3,3,3,3,3,3,3,3,3,3
18,598,17,3,3,3,3,3,3,3,3,3,3,3,3,3,3,3,3,3,3,3
18,599,17,3,3,3,3,3,3,3,3,3,3,3,3,3,3,3,3,3,3,3
18,600,17,3,3,3,3,3,3,3,3,3,3,3,3,3,3,3,3,3,3,3
18,601,17,3,3,3,3,3,3,3,3,3,3,3,3,3,3,3,3,3,3,3
18,602,17,3,3,3,3,3,3,3,3,3,3,3,3,3,3,3,3,3,3,3
18,603,17,3,3,3,3,3,3,3,3,3,3,3,3,3,3,3,3,3,3,3
18,604,17,3,3,3,3,3,3,3,3,3,3,3,3,3,3,3,3,3,3,3
18,605,17,3,3,3,3,3,3,3,3,3,3,3,3,3,3,3,3,3,3,3
18,606,17,3,3,3,3,3,3,3,3,3,3,3,3,3,3,3,3,3,3,3
18,607,17,3,3,3,3,3,3,3,3,3,3,3,3,3,3,3,3,3,3,3
18,610,17,3,3,3,3,3,3,3,3,3,3,3,3,3,3,3,3,3,3,3
18,612,17,3,3,3,3,3,3,3,3,3,3,3,3,3,3,3,3,3,3,3
18,613,17,3,3,3,3,3,3,3,3,3,3,3,3,3,3,3,3,3,3,3
18,614,17,3,3,3,3,3,3,3,3,3,3,3,3,3,3,3,3,3,3,3
18,615,17,3,3,3,3,3,3,3,3,3,3,3,3,3,3,3,3,3,3,3
18,616,17,3,3,3,3,3,3,3,3,3,3,3,3,3,3,3,3,3,3,3
18,617,17,3,3,3,3,3,3,3,3,3,3,3,3,3,3,3,3,3,3,3
18,618,17,3,3,3,3,3,3,3,3,3,3,3,3,3,3,3,3,3,3,3
18,619,17,3,3,3,3,3,3,3,3,3,3,3,3,3,3,3,3,3,3,3
18,620,17,3,3,3,3,3,3,3,3,3,3,3,3,3,3,3,3,3,3,3
18,621,17,3,3,3,3,3,3,3,3,3,3,3,3,3,3,3,3,3,3,3
18,622,17,3,3,3,3,3,3,3,3,3,3,3,3,3,3,3,3,3,3,3
18,623,17,3,3,3,3,3,3,3,3,3,3,3,3,3,3,3,3,3,3,3
18,624,17,3,3,3,3,3,3,3,3,3,3,3,3,3,3,3,3,3,3,3
18,625,17,3,3,3,3,3,3,3,3,3,3,3,3,3,3,3,3,3,3,3
18,626,17,3,3,3,3,3,3,3,3,3,3,3,3,3,3,3,3,3,3,3
18,627,17,3,3,3,3,3,3,3,3,3,3,3,3,3,3,3,3,3,3,3
18,628,17,3,3,3,3,3,3,3,3,3,3,3,3,3,3,3,3,3,3,3
18,629,17,3,3,3,3,3,3,3,3,3,3,3,3,3,3,3,3,3,3,3
18,630,17,3,3,3,3,3,3,3,3,3,3,3,3,3,3,3,3,3,3,3
18,631,17,3,3,3,3,3,3,3,3,3,3,3,3,3,3,3,3,3,3,3
18,632,17,3,3,3,3,3,3,3,3,3,3,3,3,3,3,3,3,3,3,3
18,635,17,3,3,3,3,3,3,3,3,3,3,3,3,3,3,3,3,3,3,3
18,636,17,3,3,3,3,3,3,3,3,3,3,3,3,3,3,3,3,3,3,3
18,637,17,3,3,3,3,3,3,3,3,3,3,3,3,3,3,3,3,3,3,3
18,638,17,3,3,3,3,3,3,3,3,3,3,3,3,3,3,3,3,3,3,3
18,639,17,3,3,3,3,3,3,3,3,3,3,3,3,3,3,3,3,3,3,3
18,640,17,3,3,3,3,3,3,3,3,3,3,3,3,3,3,3,3,3,3,3
18,641,17,3,3,3,3,3,3,3,3,3,3,3,3,3,3,3,3,3,3,3
18,642,17,3,3,3,3,3,3,3,3,3,3,3,3,3,3,3,3,3,3,3
18,643,17,3,3,3,3,3,3,3,3,3,3,3,3,3,3,3,3,3,3,3
18,644,17,3,3,3,3,3,3,3,3,3,3,3,3,3,3,3,3,3,3,3
18,645,17,3,3,3,3,3,3,3,3,3,3,3,3,3,3,3,3,3,3,3
18,646,17,3,3,3,3,3,3,3,3,3,3,3,3,3,3,3,3,3,3,3
18,647,17,3,3,3,3,3,3,3,3,3,3,3,3,3,3,3,3,3,3,3
18,648,17,3,3,3,3,3,3,3,3,3,3,3,3,3,3,3,3,3,3,3
18,649,17,3,3,3,3,3,3,3,3,3,3,3,3,3,3,3,3,3,3,3
18,650,17,3,3,3,3,3,3,3,3,3,3,3,3,3,3,3,3,3,3,3
18,651,17,3,3,3,3,3,3,3,3,3,3,3,3,3,3,3,3,3,3,3
18,652,17,3,3,3,3,3,3,3,3,3,3,3,3,3,3,3,3,3,3,3
18,653,17,3,3,3,3,3,3,3,3,3,3,3,3,3,3,3,3,3,3,3
18,654,17,3,3,3,3,3,3,3,3,3,3,3,3,3,3,3,3,3,3,3
18,655,17,3,3,3,3,3,3,3,3,3,3,3,3,3,3,3,3,3,3,3
18,656,17,3,3,3,3,3,3,3,3,3,3,3,3,3,3,3,3,3,3,3
18,657,17,3,3,3,3,3,3,3,3,3,3,3,3,3,3,3,3,3,3,3
18,658,17,3,3,3,3,3,3,3,3,3,3,3,3,3,3,3,3,3,3,3
18,659,17,3,3,3,3,3,3,3,3,3,3,3,3,3,3,3,3,3,3,3
18,660,17,3,3,3,3,3,3,3,3,3,3,3,3,3,3,3,3,3,3,3
18,661,17,3,3,3,3,3,3,3,3,3,3,3,3,3,3,3,3,3,3,3
18,662,17,3,3,3,3,3,3,3,3,3,3,3,3,3,3,3,3,3,3,3
18,663,17,3,3,3,3,3,3,3,3,3,3,3,3,3,3,3,3,3,3,3
18,664,17,3,3,3,3,3,3,3,3,3,3,3,3,3,3,3,3,3,3,3
18,665,17,3,3,3,3,3,3,3,3,3,3,3,3,3,3,3,3,3,3,3
18,666,17,3,3,3,3,3,3,3,3,3,3,3,3,3,3,3,3,3,3,3
18,667,17,3,3,3,3,3,3,3,3,3,3,3,3,3,3,3,3,3,3,3
18,668,17,3,3,3,3,3,3,3,3,3,3,3,3,3,3,3,3,3,3,3
18,669,17,3,3,3,3,3,3,3,3,3,3,3,3,3,3,3,3,3,3,3
18,670,17,3,3,3,3,3,3,3,3,3,3,3,3,3,3,3,3,3,3,3
18,671,17,3,3,3,3,3,3,3,3,3,3,3,3,3,3,3,3,3,3,3
18,672,17,3,3,3,3,3,3,3,3,3,3,3,3,3,3,3,3,3,3,3
18,673,17,3,3,3,3,3,3,3,3,3,3,3,3,3,3,3,3,3,3,3
18,674,17,3,3,3,3,3,3,3,3,3,3,3,3,3,3,3,3,3,3,3
18,675,17,3,3,3,3,3,3,3,3,3,3,3,3,3,3,3,3,3,3,3
18,676,17,3,3,3,3,3,3,3,3,3,3,3,3,3,3,3,3,3,3,3
18,677,17,3,3,3,3,3,3,3,3,3,3,3,3,3,3,3,3,3,3,3
18,678,17,3,3,3,3,3,3,3,3,3,3,3,3,3,3,3,3,3,3,3
18,679,17,3,3,3,3,3,3,3,3,3,3,3,3,3,3,3,3,3,3,3
18,680,17,3,3,3,3,3,3,3,3,3,3,3,3,3,3,3,3,3,3,3
18,681,17,3,3,3,3,3,3,3,3,3,3,3,3,3,3,3,3,3,3,3
18,682,17,3,3,3,3,3,3,3,3,3,3,3,3,3,3,3,3,3,3,3
18,683,17,3,3,3,3,3,3,3,3,3,3,3,3,3,3,3,3,3,3,3
18,684,17,3,3,3,3,3,3,3,3,3,3,3,3,3,3,3,3,3,3,3
18,685,17,3,3,3,3,3,3,3,3,3,3,3,3,3,3,3,3,3,3,3
18,686,17,3,3,3,3,3,3,3,3,3,3,3,3,3,3,3,3,3,3,3
18,687,17,3,3,3,3,3,3,3,3,3,3,3,3,3,3,3,3,3,3,3
18,688,17,3,3,3,3,3,3,3,3,3,3,3,3,3,3,3,3,3,3,3
18,689,17,3,3,3,3,3,3,3,3,3,3,3,3,3,3,3,3,3,3,3
18,690,17,3,3,3,3,3,3,3,3,3,3,3,3,3,3,3,3,3,3,3
18,691,17,3,3,3,3,3,3,3,3,3,3,3,3,3,3,3,3,3,3,3
18,692,17,3,3,3,3,3,3,3,3,3,3,3,3,3,3,3,3,3,3,3
18,693,17,3,3,3,3,3,3,3,3,3,3,3,3,3,3,3,3,3,3,3
18,694,17,3,3,3,3,3,3,3,3,3,3,3,3,3,3,3,3,3,3,3
18,695,17,3,3,3,3,3,3,3,3,3,3,3,3,3,3,3,3,3,3,3
18,696,17,3,3,3,3,3,3,3,3,3,3,3,3,3,3,3,3,3,3,3
18,697,17,3,3,3,3,3,3,3,3,3,3,3,3,3,3,3,3,3,3,3
18,698,17,3,3,3,3,3,3,3,3,3,3,3,3,3,3,3,3,3,3,3
18,699,17,3,3,3,3,3,3,3,3,3,3,3,3,3,3,3,3,3,3,3
18,700,17,3,3,3,3,3,3,3,3,3,3,3,3,3,3,3,3,3,3,3
18,701,17,3,3,3,3,3,3,3,3,3,3,3,3,3,3,3,3,3,3,3
18,702,17,3,3,3,3,3,3,3,3,3,3,3,3,3,3,3,3,3,3,3
18,703,17,3,3,3,3,3,3,3,3,3,3,3,3,3,3,3,3,3,3,3
18,704,17,3,3,3,3,3,3,3,3,3,3,3,3,3,3,3,3,3,3,3
18,705,17,3,3,3,3,3,3,3,3,3,3,3,3,3,3,3,3,3,3,3
18,706,17,3,3,3,3,3,3,3,3,3,3,3,3,3,3,3,3,3,3,3
18,707,17,3,3,3,3,3,3,3,3,3,3,3,3,3,3,3,3,3,3,3
18,708,17,3,3,3,3,3,3,3,3,3,3,3,3,3,3,3,3,3,3,3
18,709,17,3,3,3,3,3,3,3,3,3,3,3,3,3,3,3,3,3,3,3
18,710,17,3,3,3,3,3,3,3,3,3,3,3,3,3,3,3,3,3,3,3
18,712,17,3,3,3,3,3,3,3,3,3,3,3,3,3,3,3,3,3,3,3
18,713,17,3,3,3,3,3,3,3,3,3,3,3,3,3,3,3,3,3,3,3
18,714,17,3,3,3,3,3,3,3,3,3,3,3,3,3,3,3,3,3,3,3
18,715,17,3,3,3,3,3,3,3,3,3,3,3,3,3,3,3,3,3,3,3
18,716,17,3,3,3,3,3,3,3,3,3,3,3,3,3,3,3,3,3,3,3
18,717,17,3,3,3,3,3,3,3,3,3,3,3,3,3,3,3,3,3,3,3
18,718,17,3,3,3,3,3,3,3,3,3,3,3,3,3,3,3,3,3,3,3
18,719,17,3,3,3,3,3,3,3,3,3,3,3,3,3,3,3,3,3,3,3
18,720,17,3,3,3,3,3,3,3,3,3,3,3,3,3,3,3,3,3,3,3
18,721,17,3,3,3,3,3,3,3,3,3,3,3,3,3,3,3,3,3,3,3
18,722,17,3,3,3,3,3,3,3,3,3,3,3,3,3,3,3,3,3,3,3
18,723,17,3,3,3,3,3,3,3,3,3,3,3,3,3,3,3,3,3,3,3
18,724,17,3,3,3,3,3,3,3,3,3,3,3,3,3,3,3,3,3,3,3
18,725,17,3,3,3,3,3,3,3,3,3,3,3,3,3,3,3,3,3,3,3
18,726,17,3,3,3,3,3,3,3,3,3,3,3,3,3,3,3,3,3,3,3
18,727,17,3,3,3,3,3,3,3,3,3,3,3,3,3,3,3,3,3,3,3
18,728,17,3,3,3,3,3,3,3,3,3,3,3,3,3,3,3,3,3,3,3
18,729,17,3,3,3,3,3,3,3,3,3,3,3,3,3,3,3,3,3,3,3
18,730,17,3,3,3,3,3,3,3,3,3,3,3,3,3,3,3,3,3,3,3
18,731,17,3,3,3,3,3,3,3,3,3,3,3,3,3,3,3,3,3,3,3
18,732,17,3,3,3,3,3,3,3,3,3,3,3,3,3,3,3,3,3,3,3
18,733,17,3,3,3,3,3,3,3,3,3,3,3,3,3,3,3,3,3,3,3
18,734,17,3,3,3,3,3,3,3,3,3,3,3,3,3,3,3,3,3,3,3
18,735,17,3,3,3,3,3,3,3,3,3,3,3,3,3,3,3,3,3,3,3
18,736,17,3,3,3,3,3,3,3,3,3,3,3,3,3,3,3,3,3,3,3
18,738,17,3,3,3,3,3,3,3,3,3,3,3,3,3,3,3,3,3,3,3
18,739,17,3,3,3,3,3,3,3,3,3,3,3,3,3,3,3,3,3,3,3
18,740,17,3,3,3,3,3,3,3,3,3,3,3,3,3,3,3,3,3,3,3
18,741,17,3,3,3,3,3,3,3,3,3,3,3,3,3,3,3,3,3,3,3
18,742,17,3,3,3,3,3,3,3,3,3,3,3,3,3,3,3,3,3,3,3
18,743,17,3,3,3,3,3,3,3,3,3,3,3,3,3,3,3,3,3,3,3
18,744,17,3,3,3,3,3,3,3,3,3,3,3,3,3,3,3,3,3,3,3
18,745,17,3,3,3,3,3,3,3,3,3,3,3,3,3,3,3,3,3,3,3
18,746,17,3,3,3,3,3,3,3,3,3,3,3,3,3,3,3,3,3,3,3
18,747,17,3,3,3,3,3,3,3,3,3,3,3,3,3,3,3,3,3,3,3
18,748,17,3,3,3,3,3,3,3,3,3,3,3,3,3,3,3,3,3,3,3
18,749,17,3,3,3,3,3,3,3,3,3,3,3,3,3,3,3,3,3,3,3
18,750,17,3,3,3,3,3,3,3,3,3,3,3,3,3,3,3,3,3,3,3
18,751,17,3,3,3,3,3,3,3,3,3,3,3,3,3,3,3,3,3,3,3
18,752,17,3,3,3,3,3,3,3,3,3,3,3,3,3,3,3,3,3,3,3
18,753,17,3,3,3,3,3,3,3,3,3,3,3,3,3,3,3,3,3,3,3
18,754,17,3,3,3,3,3,3,3,3,3,3,3,3,3,3,3,3,3,3,3
18,755,17,3,3,3,3,3,3,3,3,3,3,3,3,3,3,3,3,3,3,3
18,756,17,3,3,3,3,3,3,3,3,3,3,3,3,3,3,3,3,3,3,3
18,757,17,3,3,3,3,3,3,3,3,3,3,3,3,3,3,3,3,3,3,3
18,759,17,3,3,3,3,3,3,3,3,3,3,3,3,3,3,3,3,3,3,3
18,760,17,3,3,3,3,3,3,3,3,3,3,3,3,3,3,3,3,3,3,3
18,761,17,3,3,3,3,3,3,3,3,3,3,3,3,3,3,3,3,3,3,3
18,762,17,3,3,3,3,3,3,3,3,3,3,3,3,3,3,3,3,3,3,3
18,763,17,3,3,3,3,3,3,3,3,3,3,3,3,3,3,3,3,3,3,3
18,764,17,3,3,3,3,3,3,3,3,3,3,3,3,3,3,3,3,3,3,3
18,765,17,3,3,3,3,3,3,3,3,3,3,3,3,3,3,3,3,3,3,3
18,766,17,3,3,3,3,3,3,3,3,3,3,3,3,3,3,3,3,3,3,3
18,767,17,3,3,3,3,3,3,3,3,3,3,3,3,3,3,3,3,3,3,3
18,768,17,3,3,3,3,3,3,3,3,3,3,3,3,3,3,3,3,3,3,3
18,769,17,3,3,3,3,3,3,3,3,3,3,3,3,3,3,3,3,3,3,3
18,770,17,3,3,3,3,3,3,3,3,3,3,3,3,3,3,3,3,3,3,3
18,771,17,3,3,3,3,3,3,3,3,3,3,3,3,3,3,3,3,3,3,3
18,772,17,3,3,3,3,3,3,3,3,3,3,3,3,3,3,3,3,3,3,3
18,773,17,3,3,3,3,3,3,3,3,3,3,3,3,3,3,3,3,3,3,3
18,774,17,3,3,3,3,3,3,3,3,3,3,3,3,3,3,3,3,3,3,3
18,775,17,3,3,3,3,3,3,3,3,3,3,3,3,3,3,3,3,3,3,3
18,776,17,3,3,3,3,3,3,3,3,3,3,3,3,3,3,3,3,3,3,3
18,777,17,3,3,3,3,3,3,3,3,3,3,3,3,3,3,3,3,3,3,3
18,778,17,3,3,3,3,3,3,3,3,3,3,3,3,3,3,3,3,3,3,3
18,779,17,3,3,3,3,3,3,3,3,3,3,3,3,3,3,3,3,3,3,3
18,780,17,3,3,3,3,3,3,3,3,3,3,3,3,3,3,3,3,3,3,3
18,781,17,3,3,3,3,3,3,3,3,3,3,3,3,3,3,3,3,3,3,3
18,782,17,3,3,3,3,3,3,3,3,3,3,3,3,3,3,3,3,3,3,3
18,783,17,3,3,3,3,3,3,3,3,3,3,3,3,3,3,3,3,3,3,3
18,784,17,3,3,3,3,3,3,3,3,3,3,3,3,3,3,3,3,3,3,3
18,785,17,3,3,3,3,3,3,3,3,3,3,3,3,3,3,3,3,3,3,3
18,786,17,3,3,3,3,3,3,3,3,3,3,3,3,3,3,3,3,3,3,3
18,787,17,3,3,3,3,3,3,3,3,3,3,3,3,3,3,3,3,3,3,3
18,788,17,3,3,3,3,3,3,3,3,3,3,3,3,3,3,3,3,3,3,3
18,789,17,3,3,3,3,3,3,3,3,3,3,3,3,3,3,3,3,3,3,3
18,790,17,3,3,3,3,3,3,3,3,3,3,3,3,3,3,3,3,3,3,3
18,791,17,3,3,3,3,3,3,3,3,3,3,3,3,3,3,3,3,3,3,3
18,792,17,3,3,3,3,3,3,3,3,3,3,3,3,3,3,3,3,3,3,3
18,793,17,3,3,3,3,3,3,3,3,3,3,3,3,3,3,3,3,3,3,3
18,794,17,3,3,3,3,3,3,3,3,3,3,3,3,3,3,3,3,3,3,3
18,795,17,3,3,3,3,3,3,3,3,3,3,3,3,3,3,3,3,3,3,3
18,796,17,3,3,3,3,3,3,3,3,3,3,3,3,3,3,3,3,3,3,3
18,797,17,3,3,3,3,3,3,3,3,3,3,3,3,3,3,3,3,3,3,3
18,798,17,3,3,3,3,3,3,3,3,3,3,3,3,3,3,3,3,3,3,3
18,799,17,3,3,3,3,3,3,3,3,3,3,3,3,3,3,3,3,3,3,3
18,800,17,3,3,3,3,3,3,3,3,3,3,3,3,3,3,3,3,3,3,3
18,801,17,3,3,3,3,3,3,3,3,3,3,3,3,3,3,3,3,3,3,3
18,802,17,3,3,3,3,3,3,3,3,3,3,3,3,3,3,3,3,3,3,3
18,803,17,3,3,3,3,3,3,3,3,3,3,3,3,3,3,3,3,3,3,3
18,804,17,3,3,3,3,3,3,3,3,3,3,3,3,3,3,3,3,3,3,3
18,805,17,3,3,3,3,3,3,3,3,3,3,3,3,3,3,3,3,3,3,3
18,806,17,3,3,3,3,3,3,3,3,3,3,3,3,3,3,3,3,3,3,3
18,807,17,3,3,3,3,3,3,3,3,3,3,3,3,3,3,3,3,3,3,3
18,808,17,3,3,3,3,3,3,3,3,3,3,3,3,3,3,3,3,3,3,3
18,809,17,3,3,3,3,3,3,3,3,3,3,3,3,3,3,3,3,3,3,3
18,810,18,1,1,1,1,1,1,1,1,1,1,1,1,1,1,1,1,1,1,1
18,811,18,1,1,1,1,1,1,1,1,1,1,1,1,1,1,1,1,1,1,1
18,812,18,1,1,1,1,1,1,1,1,1,1,1,1,1,1,1,1,1,1,1
18,813,18,1,1,1,1,1,1,1,1,1,1,1,1,1,1,1,1,1,1,1
18,814,18,1,1,1,1,1,1,1,1,1,1,1,1,1,1,1,1,1,1,1
18,815,18,1,1,1,1,1,1,1,1,1,1,1,1,1,1,1,1,1,1,1
18,816,18,1,1,1,1,1,1,1,1,1,1,1,1,1,1,1,1,1,1,1
18,817,18,1,1,1,1,1,1,1,1,1,1,1,1,1,1,1,1,1,1,1
18,818,18,1,1,1,1,1,1,1,1,1,1,1,1,1,1,1,1,1,1,1
18,819,18,1,1,1,1,1,1,1,1,1,1,1,1,1,1,1,1,1,1,1
18,820,18,1,1,1,1,1,1,1,1,1,1,1,1,1,1,1,1,1,1,1
18,821,18,1,1,1,1,1,1,1,1,1,1,1,1,1,1,1,1,1,1,1
18,822,18,1,1,1,1,1,1,1,1,1,1,1,1,1,1,1,1,1,1,1
18,823,18,1,1,1,1,1,1,1,1,1,1,1,1,1,1,1,1,1,1,1
18,824,18,1,1,1,1,1,1,1,1,1,1,1,1,1,1,1,1,1,1,1
18,825,18,1,1,1,1,1,1,1,1,1,1,1,1,1,1,1,1,1,1,1
18,826,18,1,1,1,1,1,1,1,1,1,1,1,1,1,1,1,1,1,1,1
18,827,18,1,1,1,1,1,1,1,1,1,1,1,1,1,1,1,1,1,1,1
18,828,18,1,1,1,1,1,1,1,1,1,1,1,1,1,1,1,1,1,1,1
18,829,18,1,1,1,1,1,1,1,1,1,1,1,1,1,1,1,1,1,1,1
18,830,18,1,1,1,1,1,1,1,1,1,1,1,1,1,1,1,1,1,1,1
18,831,18,1,1,1,1,1,1,1,1,1,1,1,1,1,1,1,1,1,1,1
18,832,18,1,1,1,1,1,1,1,1,1,1,1,1,1,1,1,1,1,1,1
18,833,18,1,1,1,1,1,1,1,1,1,1,1,1,1,1,1,1,1,1,1
18,834,18,1,1,1,1,1,1,1,1,1,1,1,1,1,1,1,1,1,1,1
18,835,18,1,1,1,1,1,1,1,1,1,1,1,1,1,1,1,1,1,1,1
18,836,18,1,1,1,1,1,1,1,1,1,1,1,1,1,1,1,1,1,1,1
18,837,18,1,1,1,1,1,1,1,1,1,1,1,1,1,1,1,1,1,1,1
18,838,18,1,1,1,1,1,1,1,1,1,1,1,1,1,1,1,1,1,1,1
18,839,18,1,1,1,1,1,1,1,1,1,1,1,1,1,1,1,1,1,1,1
18,840,18,1,1,1,1,1,1,1,1,1,1,1,1,1,1,1,1,1,1,1
18,841,18,1,1,1,1,1,1,1,1,1,1,1,1,1,1,1,1,1,1,1
18,842,18,1,1,1,1,1,1,1,1,1,1,1,1,1,1,1,1,1,1,1
18,843,18,1,1,1,1,1,1,1,1,1,1,1,1,1,1,1,1,1,1,1
18,844,19,2,2,2,2,2,2,2,2,2,2,2,2,2,2,2,2,2,2,2
18,845,19,2,2,2,2,2,2,2,2,2,2,2,2,2,2,2,2,2,2,2
18,846,19,2,2,2,2,2,2,2,2,2,2,2,2,2,2,2,2,2,2,2
18,847,19,2,2,2,2,2,2,2,2,2,2,2,2,2,2,2,2,2,2,2
18,848,19,2,2,2,2,2,2,2,2,2,2,2,2,2,2,2,2,2,2,2
18,849,19,2,2,2,2,2,2,2,2,2,2,2,2,2,2,2,2,2,2,2
18,850,19,2,2,2,2,2,2,2,2,2,2,2,2,2,2,2,2,2,2,2
18,851,19,2,2,2,2,2,2,2,2,2,2,2,2,2,2,2,2,2,2,2
18,852,19,2,2,2,2,2,2,2,2,2,2,2,2,2,2,2,2,2,2,2
18,853,19,2,2,2,2,2,2,2,2,2,2,2,2,2,2,2,2,2,2,2
18,854,19,2,2,2,2,2,2,2,2,2,2,2,2,2,2,2,2,2,2,2
18,855,19,2,2,2,2,2,2,2,2,2,2,2,2,2,2,2,2,2,2,2
18,856,19,2,2,2,2,2,2,2,2,2,2,2,2,2,2,2,2,2,2,2
18,857,19,2,2,2,2,2,2,2,2,2,2,2,2,2,2,2,2,2,2,2
18,858,19,2,2,2,2,2,2,2,2,2,2,2,2,2,2,2,2,2,2,2
18,859,19,2,2,2,2,2,2,2,2,2,2,2,2,2,2,2,2,2,2,2
18,860,19,2,2,2,2,2,2,2,2,2,2,2,2,2,2,2,2,2,2,2
18,861,19,2,2,2,2,2,2,2,2,2,2,2,2,2,2,2,2,2,2,2
18,862,19,2,2,2,2,2,2,2,2,2,2,2,2,2,2,2,2,2,2,2
18,863,19,2,2,2,2,2,2,2,2,2,2,2,2,2,2,2,2,2,2,2
18,864,19,2,2,2,2,2,2,2,2,2,2,2,2,2,2,2,2,2,2,2
18,865,19,2,2,2,2,2,2,2,2,2,2,2,2,2,2,2,2,2,2,2
18,866,20,2,2,2,2,2,2,2,2,2,2,2,2,2,2,2,2,2,2,2
18,867,20,2,2,2,2,2,2,2,2,2,2,2,2,2,2,2,2,2,2,2
18,868,20,2,2,2,2,2,2,2,2,2,2,2,2,2,2,2,2,2,2,2
18,869,20,2,2,2,2,2,2,2,2,2,2,2,2,2,2,2,2,2,2,2
18,870,20,2,2,2,2,2,2,2,2,2,2,2,2,2,2,2,2,2,2,2
18,872,20,2,2,2,2,2,2,2,2,2,2,2,2,2,2,2,2,2,2,2
18,873,20,2,2,2,2,2,2,2,2,2,2,2,2,2,2,2,2,2,2,2
18,874,20,2,2,2,2,2,2,2,2,2,2,2,2,2,2,2,2,2,2,2
18,875,20,2,2,2,2,2,2,2,2,2,2,2,2,2,2,2,2,2,2,2
18,876,20,2,2,2,2,2,2,2,2,2,2,2,2,2,2,2,2,2,2,2
18,878,20,2,2,2,2,2,2,2,2,2,2,2,2,2,2,2,2,2,2,2
18,879,17,3,3,3,3,3,3,3,3,3,3,3,3,3,3,3,3,3,3,3
18,880,17,3,3,3,3,3,3,3,3,3,3,3,3,3,3,3,3,3,3,3
18,881,17,3,3,3,3,3,3,3,3,3,3,3,3,3,3,3,3,3,3,3
18,882,17,3,3,3,3,3,3,3,3,3,3,3,3,3,3,3,3,3,3,3
18,883,17,3,3,3,3,3,3,3,3,3,3,3,3,3,3,3,3,3,3,3
18,884,17,3,3,3,3,3,3,3,3,3,3,3,3,3,3,3,3,3,3,3
18,885,17,3,3,3,3,3,3,3,3,3,3,3,3,3,3,3,3,3,3,3
18,886,17,3,3,3,3,3,3,3,3,3,3,3,3,3,3,3,3,3,3,3
18,887,17,3,3,3,3,3,3,3,3,3,3,3,3,3,3,3,3,3,3,3
18,888,17,3,3,3,3,3,3,3,3,3,3,3,3,3,3,3,3,3,3,3
18,889,17,3,3,3,3,3,3,3,3,3,3,3,3,3,3,3,3,3,3,3
18,890,17,3,3,3,3,3,3,3,3,3,3,3,3,3,3,3,3,3,3,3
18,891,17,3,3,3,3,3,3,3,3,3,3,3,3,3,3,3,3,3,3,3
18,892,17,3,3,3,3,3,3,3,3,3,3,3,3,3,3,3,3,3,3,3
18,893,17,3,3,3,3,3,3,3,3,3,3,3,3,3,3,3,3,3,3,3
18,894,17,3,3,3,3,3,3,3,3,3,3,3,3,3,3,3,3,3,3,3
18,895,17,3,3,3,3,3,3,3,3,3,3,3,3,3,3,3,3,3,3,3
18,896,17,3,3,3,3,3,3,3,3,3,3,3,3,3,3,3,3,3,3,3
18,897,17,3,3,3,3,3,3,3,3,3,3,3,3,3,3,3,3,3,3,3
18,898,17,3,3,3,3,3,3,3,3,3,3,3,3,3,3,3,3,3,3,3
18,899,17,3,3,3,3,3,3,3,3,3,3,3,3,3,3,3,3,3,3,3
18,900,17,3,3,3,3,3,3,3,3,3,3,3,3,3,3,3,3,3,3,3
18,901,17,3,3,3,3,3,3,3,3,3,3,3,3,3,3,3,3,3,3,3
18,902,17,3,3,3,3,3,3,3,3,3,3,3,3,3,3,3,3,3,3,3
18,903,17,3,3,3,3,3,3,3,3,3,3,3,3,3,3,3,3,3,3,3
18,904,17,3,3,3,3,3,3,3,3,3,3,3,3,3,3,3,3,3,3,3
18,905,17,3,3,3,3,3,3,3,3,3,3,3,3,3,3,3,3,3,3,3
18,906,17,3,3,3,3,3,3,3,3,3,3,3,3,3,3,3,3,3,3,3
18,907,17,3,3,3,3,3,3,3,3,3,3,3,3,3,3,3,3,3,3,3
18,908,17,3,3,3,3,3,3,3,3,3,3,3,3,3,3,3,3,3,3,3
18,909,17,3,3,3,3,3,3,3,3,3,3,3,3,3,3,3,3,3,3,3
18,910,17,3,3,3,3,3,3,3,3,3,3,3,3,3,3,3,3,3,3,3
18,911,17,3,3,3,3,3,3,3,3,3,3,3,3,3,3,3,3,3,3,3
18,912,17,3,3,3,3,3,3,3,3,3,3,3,3,3,3,3,3,3,3,3
18,913,17,3,3,3,3,3,3,3,3,3,3,3,3,3,3,3,3,3,3,3
18,914,17,3,3,3,3,3,3,3,3,3,3,3,3,3,3,3,3,3,3,3
18,915,17,3,3,3,3,3,3,3,3,3,3,3,3,3,3,3,3,3,3,3
18,916,17,3,3,3,3,3,3,3,3,3,3,3,3,3,3,3,3,3,3,3
18,917,17,3,3,3,3,3,3,3,3,3,3,3,3,3,3,3,3,3,3,3
18,918,17,3,3,3,3,3,3,3,3,3,3,3,3,3,3,3,3,3,3,3
18,919,17,3,3,3,3,3,3,3,3,3,3,3,3,3,3,3,3,3,3,3
18,920,17,3,3,3,3,3,3,3,3,3,3,3,3,3,3,3,3,3,3,3
18,921,17,3,3,3,3,3,3,3,3,3,3,3,3,3,3,3,3,3,3,3
18,922,17,3,3,3,3,3,3,3,3,3,3,3,3,3,3,3,3,3,3,3
18,923,17,3,3,3,3,3,3,3,3,3,3,3,3,3,3,3,3,3,3,3
18,924,17,3,3,3,3,3,3,3,3,3,3,3,3,3,3,3,3,3,3,3
18,925,17,3,3,3,3,3,3,3,3,3,3,3,3,3,3,3,3,3,3,3
18,926,17,3,3,3,3,3,3,3,3,3,3,3,3,3,3,3,3,3,3,3
18,927,17,3,3,3,3,3,3,3,3,3,3,3,3,3,3,3,3,3,3,3
18,928,17,3,3,3,3,3,3,3,3,3,3,3,3,3,3,3,3,3,3,3
18,929,17,3,3,3,3,3,3,3,3,3,3,3,3,3,3,3,3,3,3,3
18,930,17,3,3,3,3,3,3,3,3,3,3,3,3,3,3,3,3,3,3,3
18,931,17,3,3,3,3,3,3,3,3,3,3,3,3,3,3,3,3,3,3,3
18,932,17,3,3,3,3,3,3,3,3,3,3,3,3,3,3,3,3,3,3,3
18,933,17,3,3,3,3,3,3,3,3,3,3,3,3,3,3,3,3,3,3,3
18,934,17,3,3,3,3,3,3,3,3,3,3,3,3,3,3,3,3,3,3,3
18,935,17,3,3,3,3,3,3,3,3,3,3,3,3,3,3,3,3,3,3,3
18,936,17,3,3,3,3,3,3,3,3,3,3,3,3,3,3,3,3,3,3,3
18,937,17,3,3,3,3,3,3,3,3,3,3,3,3,3,3,3,3,3,3,3
18,938,17,3,3,3,3,3,3,3,3,3,3,3,3,3,3,3,3,3,3,3
18,939,17,3,3,3,3,3,3,3,3,3,3,3,3,3,3,3,3,3,3,3
18,940,17,3,3,3,3,3,3,3,3,3,3,3,3,3,3,3,3,3,3,3
18,941,17,3,3,3,3,3,3,3,3,3,3,3,3,3,3,3,3,3,3,3
18,942,17,3,3,3,3,3,3,3,3,3,3,3,3,3,3,3,3,3,3,3
18,943,17,3,3,3,3,3,3,3,3,3,3,3,3,3,3,3,3,3,3,3
18,944,17,3,3,3,3,3,3,3,3,3,3,3,3,3,3,3,3,3,3,3
18,945,17,3,3,3,3,3,3,3,3,3,3,3,3,3,3,3,3,3,3,3
18,946,17,3,3,3,3,3,3,3,3,3,3,3,3,3,3,3,3,3,3,3
18,947,17,3,3,3,3,3,3,3,3,3,3,3,3,3,3,3,3,3,3,3
18,948,17,3,3,3,3,3,3,3,3,3,3,3,3,3,3,3,3,3,3,3
18,949,17,3,3,3,3,3,3,3,3,3,3,3,3,3,3,3,3,3,3,3
18,950,17,3,3,3,3,3,3,3,3,3,3,3,3,3,3,3,3,3,3,3
18,951,17,3,3,3,3,3,3,3,3,3,3,3,3,3,3,3,3,3,3,3
18,952,17,3,3,3,3,3,3,3,3,3,3,3,3,3,3,3,3,3,3,3
18,953,17,3,3,3,3,3,3,3,3,3,3,3,3,3,3,3,3,3,3,3
18,954,17,3,3,3,3,3,3,3,3,3,3,3,3,3,3,3,3,3,3,3
18,955,17,3,3,3,3,3,3,3,3,3,3,3,3,3,3,3,3,3,3,3
18,956,17,3,3,3,3,3,3,3,3,3,3,3,3,3,3,3,3,3,3,3
18,957,17,3,3,3,3,3,3,3,3,3,3,3,3,3,3,3,3,3,3,3
18,958,17,3,3,3,3,3,3,3,3,3,3,3,3,3,3,3,3,3,3,3
18,959,17,3,3,3,3,3,3,3,3,3,3,3,3,3,3,3,3,3,3,3
18,960,17,3,3,3,3,3,3,3,3,3,3,3,3,3,3,3,3,3,3,3
18,961,17,3,3,3,3,3,3,3,3,3,3,3,3,3,3,3,3,3,3,3
18,962,17,3,3,3,3,3,3,3,3,3,3,3,3,3,3,3,3,3,3,3
18,963,17,3,3,3,3,3,3,3,3,3,3,3,3,3,3,3,3,3,3,3
18,964,17,3,3,3,3,3,3,3,3,3,3,3,3,3,3,3,3,3,3,3
18,965,17,3,3,3,3,3,3,3,3,3,3,3,3,3,3,3,3,3,3,3
18,966,17,3,3,3,3,3,3,3,3,3,3,3,3,3,3,3,3,3,3,3
18,967,17,3,3,3,3,3,3,3,3,3,3,3,3,3,3,3,3,3,3,3
18,968,17,3,3,3,3,3,3,3,3,3,3,3,3,3,3,3,3,3,3,3
18,969,17,3,3,3,3,3,3,3,3,3,3,3,3,3,3,3,3,3,3,3
18,970,17,3,3,3,3,3,3,3,3,3,3,3,3,3,3,3,3,3,3,3
18,971,17,3,3,3,3,3,3,3,3,3,3,3,3,3,3,3,3,3,3,3
