edon,seccion,munn,escenario1,mc_clv1,morena_clv1,panal_clv1,pan_clv1,pes_clv1,prd_clv1,pri_clv1,pt_clv1,pvem_clv1,escenario2,mc_clv2,morena_clv2,panal_clv2,pan_clv2,pes_clv2,prd_clv2,pt_clv2,pvem_clv2,escenario3
2,1,1,2,2,2,2,2,2,2,2,2,2,2,2,2,2,2,2,2,2,2,2
2,2,1,2,2,2,2,2,2,2,2,2,2,2,2,2,2,2,2,2,2,2,2
2,3,1,2,2,2,2,2,2,2,2,2,2,2,2,2,2,2,2,2,2,2,2
2,4,1,2,2,2,2,2,2,2,2,2,2,2,2,2,2,2,2,2,2,2,2
2,5,1,2,2,2,2,2,2,2,2,2,2,2,2,2,2,2,2,2,2,2,2
2,6,1,2,2,2,2,2,2,2,2,2,2,2,2,2,2,2,2,2,2,2,2
2,7,1,2,2,2,2,2,2,2,2,2,2,2,2,2,2,2,2,2,2,2,2
2,8,1,2,2,2,2,2,2,2,2,2,2,2,2,2,2,2,2,2,2,2,2
2,9,1,2,2,2,2,2,2,2,2,2,2,2,2,2,2,2,2,2,2,2,2
2,10,1,2,2,2,2,2,2,2,2,2,2,2,2,2,2,2,2,2,2,2,2
2,11,1,1,2,2,2,2,2,2,2,2,2,2,2,2,2,2,2,2,2,2,2
2,12,1,1,1,1,1,1,1,1,1,1,1,1,1,1,1,1,1,1,1,1,1
2,13,1,1,1,1,1,1,1,1,1,1,1,1,1,1,1,1,1,1,1,1,1
2,14,1,1,1,1,1,1,1,1,1,1,1,1,1,1,1,1,1,1,1,1,1
2,15,1,1,2,2,2,2,2,2,2,2,2,2,2,2,2,2,2,2,2,2,2
2,16,1,1,2,2,2,2,2,2,2,2,2,2,2,2,2,2,2,2,2,2,2
2,17,1,1,2,2,2,2,2,2,2,2,2,2,2,2,2,2,2,2,2,2,2
2,18,1,1,2,2,2,2,2,2,2,2,2,2,2,2,2,2,2,2,2,2,2
2,19,1,1,2,2,2,2,2,2,2,2,2,2,2,2,2,2,2,2,2,2,2
2,20,1,2,2,2,2,2,2,2,2,2,2,2,2,2,2,2,2,2,2,2,2
2,21,1,2,2,2,2,2,2,2,2,2,2,2,2,2,2,2,2,2,2,2,2
2,22,1,2,2,2,2,2,2,2,2,2,2,2,2,2,2,2,2,2,2,2,2
2,23,1,2,2,2,2,2,2,2,2,2,2,2,2,2,2,2,2,2,2,2,2
2,24,1,2,2,2,2,2,2,2,2,2,2,2,2,2,2,2,2,2,2,2,2
2,25,1,2,2,2,2,2,2,2,2,2,2,2,2,2,2,2,2,2,2,2,2
2,26,1,2,2,2,2,2,2,2,2,2,2,2,2,2,2,2,2,2,2,2,2
2,27,1,2,2,2,2,2,2,2,2,2,2,2,2,2,2,2,2,2,2,2,2
2,28,1,1,2,2,2,2,2,2,2,2,2,2,2,2,2,2,2,2,2,2,2
2,29,1,1,2,2,2,2,2,2,2,2,2,2,2,2,2,2,2,2,2,2,2
2,30,1,1,2,2,2,2,2,2,2,2,2,2,2,2,2,2,2,2,2,2,2
2,31,1,1,2,2,2,2,2,2,2,2,2,2,2,2,2,2,2,2,2,2,2
2,32,1,1,2,2,2,2,2,2,2,2,2,2,2,2,2,2,2,2,2,2,2
2,33,1,1,2,2,2,2,2,2,2,2,2,2,2,2,2,2,2,2,2,2,2
2,34,1,1,2,2,2,2,2,2,2,2,2,2,2,2,2,2,2,2,2,2,2
2,35,1,1,2,2,2,2,2,2,2,2,2,2,2,2,2,2,2,2,2,2,2
2,36,1,1,2,2,2,2,2,2,2,2,2,2,2,2,2,2,2,2,2,2,2
2,37,1,1,2,2,2,2,2,2,2,2,2,2,2,2,2,2,2,2,2,2,2
2,38,1,1,2,2,2,2,2,2,2,2,2,2,2,2,2,2,2,2,2,2,2
2,39,1,1,2,2,2,2,2,2,2,2,2,2,2,2,2,2,2,2,2,2,2
2,40,1,1,2,2,2,2,2,2,2,2,2,2,2,2,2,2,2,2,2,2,2
2,41,1,1,2,2,2,2,2,2,2,2,2,2,2,2,2,2,2,2,2,2,2
2,42,1,1,2,2,2,2,2,2,2,2,2,2,2,2,2,2,2,2,2,2,2
2,43,1,2,2,2,2,2,2,2,2,2,2,2,2,2,2,2,2,2,2,2,2
2,44,1,2,2,2,2,2,2,2,2,2,2,2,2,2,2,2,2,2,2,2,2
2,45,1,2,2,2,2,2,2,2,2,2,2,2,2,2,2,2,2,2,2,2,2
2,46,1,2,2,2,2,2,2,2,2,2,2,2,2,2,2,2,2,2,2,2,2
2,47,1,2,2,2,2,2,2,2,2,2,2,2,2,2,2,2,2,2,2,2,2
2,48,1,2,2,2,2,2,2,2,2,2,2,2,2,2,2,2,2,2,2,2,2
2,49,1,2,2,2,2,2,2,2,2,2,2,2,2,2,2,2,2,2,2,2,2
2,50,1,2,2,2,2,2,2,2,2,2,2,2,2,2,2,2,2,2,2,2,2
2,51,1,2,2,2,2,2,2,2,2,2,2,2,2,2,2,2,2,2,2,2,2
2,52,1,2,2,2,2,2,2,2,2,2,2,2,2,2,2,2,2,2,2,2,2
2,53,1,2,2,2,2,2,2,2,2,2,2,2,2,2,2,2,2,2,2,2,2
2,54,1,2,2,2,2,2,2,2,2,2,2,2,2,2,2,2,2,2,2,2,2
2,55,1,1,2,2,2,2,2,2,2,2,2,2,2,2,2,2,2,2,2,2,2
2,56,1,1,2,2,2,2,2,2,2,2,2,2,2,2,2,2,2,2,2,2,2
2,57,1,1,2,2,2,2,2,2,2,2,2,2,2,2,2,2,2,2,2,2,2
2,58,1,1,2,2,2,2,2,2,2,2,2,2,2,2,2,2,2,2,2,2,2
2,59,1,1,2,2,2,2,2,2,2,2,2,2,2,2,2,2,2,2,2,2,2
2,60,1,1,2,2,2,2,2,2,2,2,2,2,2,2,2,2,2,2,2,2,2
2,61,1,1,2,2,2,2,2,2,2,2,2,2,2,2,2,2,2,2,2,2,2
2,62,1,1,2,2,2,2,2,2,2,2,2,2,2,2,2,2,2,2,2,2,2
2,63,1,1,2,2,2,2,2,2,2,2,2,2,2,2,2,2,2,2,2,2,2
2,64,1,1,2,2,2,2,2,2,2,2,2,2,2,2,2,2,2,2,2,2,2
2,65,1,1,2,2,2,2,2,2,2,2,2,2,2,2,2,2,2,2,2,2,2
2,66,1,1,2,2,2,2,2,2,2,2,2,2,2,2,2,2,2,2,2,2,2
2,67,1,2,2,2,2,2,2,2,2,2,2,2,2,2,2,2,2,2,2,2,2
2,68,1,1,2,2,2,2,2,2,2,2,2,2,2,2,2,2,2,2,2,2,2
2,69,1,1,2,2,2,2,2,2,2,2,2,2,2,2,2,2,2,2,2,2,2
2,70,1,1,2,2,2,2,2,2,2,2,2,2,2,2,2,2,2,2,2,2,2
2,71,1,1,2,2,2,2,2,2,2,2,2,2,2,2,2,2,2,2,2,2,2
2,72,1,1,2,2,2,2,2,2,2,2,2,2,2,2,2,2,2,2,2,2,2
2,73,1,1,2,2,2,2,2,2,2,2,2,2,2,2,2,2,2,2,2,2,2
2,74,1,1,2,2,2,2,2,2,2,2,2,2,2,2,2,2,2,2,2,2,2
2,75,1,1,2,2,2,2,2,2,2,2,2,2,2,2,2,2,2,2,2,2,2
2,76,1,1,2,2,2,2,2,2,2,2,2,2,2,2,2,2,2,2,2,2,2
2,77,1,1,2,2,2,2,2,2,2,2,2,2,2,2,2,2,2,2,2,2,2
2,78,1,1,2,2,2,2,2,2,2,2,2,2,2,2,2,2,2,2,2,2,2
2,79,1,1,2,2,2,2,2,2,2,2,2,2,2,2,2,2,2,2,2,2,2
2,80,1,1,2,2,2,2,2,2,2,2,2,2,2,2,2,2,2,2,2,2,2
2,81,1,1,2,2,2,2,2,2,2,2,2,2,2,2,2,2,2,2,2,2,2
2,82,1,1,2,2,2,2,2,2,2,2,2,2,2,2,2,2,2,2,2,2,2
2,83,1,1,2,2,2,2,2,2,2,2,2,2,2,2,2,2,2,2,2,2,2
2,84,1,1,2,2,2,2,2,2,2,2,2,2,2,2,2,2,2,2,2,2,2
2,85,1,1,2,2,2,2,2,2,2,2,2,2,2,2,2,2,2,2,2,2,2
2,86,1,1,2,2,2,2,2,2,2,2,2,2,2,2,2,2,2,2,2,2,2
2,87,1,2,2,2,2,2,2,2,2,2,2,2,2,2,2,2,2,2,2,2,2
2,88,1,1,2,2,2,2,2,2,2,2,2,2,2,2,2,2,2,2,2,2,2
2,89,1,1,2,2,2,2,2,2,2,2,2,2,2,2,2,2,2,2,2,2,2
2,90,1,1,2,2,2,2,2,2,2,2,2,2,2,2,2,2,2,2,2,2,2
2,91,1,1,2,2,2,2,2,2,2,2,2,2,2,2,2,2,2,2,2,2,2
2,92,1,1,2,2,2,2,2,2,2,2,2,2,2,2,2,2,2,2,2,2,2
2,93,1,1,2,2,2,2,2,2,2,2,2,2,2,2,2,2,2,2,2,2,2
2,94,1,1,2,2,2,2,2,2,2,2,2,2,2,2,2,2,2,2,2,2,2
2,95,1,1,2,2,2,2,2,2,2,2,2,2,2,2,2,2,2,2,2,2,2
2,96,1,1,2,2,2,2,2,2,2,2,2,2,2,2,2,2,2,2,2,2,2
2,97,1,1,2,2,2,2,2,2,2,2,2,2,2,2,2,2,2,2,2,2,2
2,98,1,1,2,2,2,2,2,2,2,2,2,2,2,2,2,2,2,2,2,2,2
2,99,1,1,2,2,2,2,2,2,2,2,2,2,2,2,2,2,2,2,2,2,2
2,100,1,1,2,2,2,2,2,2,2,2,2,2,2,2,2,2,2,2,2,2,2
2,101,1,1,2,2,2,2,2,2,2,2,2,2,2,2,2,2,2,2,2,2,2
2,102,1,1,2,2,2,2,2,2,2,2,2,2,2,2,2,2,2,2,2,2,2
2,103,1,1,2,2,2,2,2,2,2,2,2,2,2,2,2,2,2,2,2,2,2
2,104,1,1,2,2,2,2,2,2,2,2,2,2,2,2,2,2,2,2,2,2,2
2,105,1,1,2,2,2,2,2,2,2,2,2,2,2,2,2,2,2,2,2,2,2
2,106,1,1,2,2,2,2,2,2,2,2,2,2,2,2,2,2,2,2,2,2,2
2,107,1,1,2,2,2,2,2,2,2,2,2,2,2,2,2,2,2,2,2,2,2
2,108,1,1,2,2,2,2,2,2,2,2,2,2,2,2,2,2,2,2,2,2,2
2,109,1,1,2,2,2,2,2,2,2,2,2,2,2,2,2,2,2,2,2,2,2
2,110,1,1,2,2,2,2,2,2,2,2,2,2,2,2,2,2,2,2,2,2,2
2,111,1,2,2,2,2,2,2,2,2,2,2,2,2,2,2,2,2,2,2,2,2
2,112,1,1,2,2,2,2,2,2,2,2,2,2,2,2,2,2,2,2,2,2,2
2,113,1,1,2,2,2,2,2,2,2,2,2,2,2,2,2,2,2,2,2,2,2
2,114,1,1,2,2,2,2,2,2,2,2,2,2,2,2,2,2,2,2,2,2,2
2,115,1,1,2,2,2,2,2,2,2,2,2,2,2,2,2,2,2,2,2,2,2
2,116,1,1,2,2,2,2,2,2,2,2,2,2,2,2,2,2,2,2,2,2,2
2,117,1,2,2,2,2,2,2,2,2,2,2,2,2,2,2,2,2,2,2,2,2
2,118,1,1,2,2,2,2,2,2,2,2,2,2,2,2,2,2,2,2,2,2,2
2,119,1,1,2,2,2,2,2,2,2,2,2,2,2,2,2,2,2,2,2,2,2
2,120,1,1,2,2,2,2,2,2,2,2,2,2,2,2,2,2,2,2,2,2,2
2,121,1,1,2,2,2,2,2,2,2,2,2,2,2,2,2,2,2,2,2,2,2
2,122,1,2,2,2,2,2,2,2,2,2,2,2,2,2,2,2,2,2,2,2,2
2,124,1,2,2,2,2,2,2,2,2,2,2,2,2,2,2,2,2,2,2,2,2
2,125,1,2,2,2,2,2,2,2,2,2,2,2,2,2,2,2,2,2,2,2,2
2,126,1,2,2,2,2,2,2,2,2,2,2,2,2,2,2,2,2,2,2,2,2
2,127,1,2,2,2,2,2,2,2,2,2,2,2,2,2,2,2,2,2,2,2,2
2,128,1,1,1,1,1,1,1,1,1,1,1,1,1,1,1,1,1,1,1,1,1
2,129,1,1,1,1,1,1,1,1,1,1,1,1,1,1,1,1,1,1,1,1,1
2,130,1,2,2,2,2,2,2,2,2,2,2,2,2,2,2,2,2,2,2,2,2
2,131,1,2,2,2,2,2,2,2,2,2,2,2,2,2,2,2,2,2,2,2,2
2,132,1,2,2,2,2,2,2,2,2,2,2,2,2,2,2,2,2,2,2,2,2
2,133,1,2,2,2,2,2,2,2,2,2,2,2,2,2,2,2,2,2,2,2,2
2,134,1,2,2,2,2,2,2,2,2,2,2,2,2,2,2,2,2,2,2,2,2
2,135,1,2,2,2,2,2,2,2,2,2,2,2,2,2,2,2,2,2,2,2,2
2,136,1,2,2,2,2,2,2,2,2,2,2,2,2,2,2,2,2,2,2,2,2
2,137,1,2,2,2,2,2,2,2,2,2,2,2,2,2,2,2,2,2,2,2,2
2,138,1,2,2,2,2,2,2,2,2,2,2,2,2,2,2,2,2,2,2,2,2
2,139,1,2,2,2,2,2,2,2,2,2,2,2,2,2,2,2,2,2,2,2,2
2,140,1,2,2,2,2,2,2,2,2,2,2,2,2,2,2,2,2,2,2,2,2
2,141,1,2,2,2,2,2,2,2,2,2,2,2,2,2,2,2,2,2,2,2,2
2,142,1,2,2,2,2,2,2,2,2,2,2,2,2,2,2,2,2,2,2,2,2
2,143,1,2,2,2,2,2,2,2,2,2,2,2,2,2,2,2,2,2,2,2,2
2,144,1,2,2,2,2,2,2,2,2,2,2,2,2,2,2,2,2,2,2,2,2
2,145,1,2,2,2,2,2,2,2,2,2,2,2,2,2,2,2,2,2,2,2,2
2,146,1,2,2,2,2,2,2,2,2,2,2,2,2,2,2,2,2,2,2,2,2
2,147,1,2,2,2,2,2,2,2,2,2,2,2,2,2,2,2,2,2,2,2,2
2,148,1,2,2,2,2,2,2,2,2,2,2,2,2,2,2,2,2,2,2,2,2
2,149,1,2,2,2,2,2,2,2,2,2,2,2,2,2,2,2,2,2,2,2,2
2,150,1,2,2,2,2,2,2,2,2,2,2,2,2,2,2,2,2,2,2,2,2
2,151,1,2,2,2,2,2,2,2,2,2,2,2,2,2,2,2,2,2,2,2,2
2,152,1,2,2,2,2,2,2,2,2,2,2,2,2,2,2,2,2,2,2,2,2
2,153,1,2,2,2,2,2,2,2,2,2,2,2,2,2,2,2,2,2,2,2,2
2,154,1,2,2,2,2,2,2,2,2,2,2,2,2,2,2,2,2,2,2,2,2
2,155,1,2,2,2,2,2,2,2,2,2,2,2,2,2,2,2,2,2,2,2,2
2,156,1,2,2,2,2,2,2,2,2,2,2,2,2,2,2,2,2,2,2,2,2
2,157,1,2,2,2,2,2,2,2,2,2,2,2,2,2,2,2,2,2,2,2,2
2,158,1,2,2,2,2,2,2,2,2,2,2,2,2,2,2,2,2,2,2,2,2
2,159,1,2,2,2,2,2,2,2,2,2,2,2,2,2,2,2,2,2,2,2,2
2,160,1,2,2,2,2,2,2,2,2,2,2,2,2,2,2,2,2,2,2,2,2
2,161,1,2,2,2,2,2,2,2,2,2,2,2,2,2,2,2,2,2,2,2,2
2,162,1,2,2,2,2,2,2,2,2,2,2,2,2,2,2,2,2,2,2,2,2
2,163,1,2,2,2,2,2,2,2,2,2,2,2,2,2,2,2,2,2,2,2,2
2,164,1,2,2,2,2,2,2,2,2,2,2,2,2,2,2,2,2,2,2,2,2
2,165,1,2,2,2,2,2,2,2,2,2,2,2,2,2,2,2,2,2,2,2,2
2,166,1,1,1,1,1,1,1,1,1,1,1,1,1,1,1,1,1,1,1,1,1
2,167,1,1,1,1,1,1,1,1,1,1,1,1,1,1,1,1,1,1,1,1,1
2,168,1,1,1,1,1,1,1,1,1,1,1,1,1,1,1,1,1,1,1,1,1
2,169,1,1,1,1,1,1,1,1,1,1,1,1,1,1,1,1,1,1,1,1,1
2,170,1,1,1,1,1,1,1,1,1,1,1,1,1,1,1,1,1,1,1,1,1
2,171,1,1,1,1,1,1,1,1,1,1,1,1,1,1,1,1,1,1,1,1,1
2,172,1,1,1,1,1,1,1,1,1,1,1,1,1,1,1,1,1,1,1,1,1
2,173,1,1,1,1,1,1,1,1,1,1,1,1,1,1,1,1,1,1,1,1,1
2,174,1,2,2,2,2,2,2,2,2,2,2,2,2,2,2,2,2,2,2,2,2
2,175,1,2,2,2,2,2,2,2,2,2,2,2,2,2,2,2,2,2,2,2,2
2,176,1,2,2,2,2,2,2,2,2,2,2,2,2,2,2,2,2,2,2,2,2
2,177,1,2,2,2,2,2,2,2,2,2,2,2,2,2,2,2,2,2,2,2,2
2,178,1,2,2,2,2,2,2,2,2,2,2,2,2,2,2,2,2,2,2,2,2
2,179,1,2,2,2,2,2,2,2,2,2,2,2,2,2,2,2,2,2,2,2,2
2,180,1,2,2,2,2,2,2,2,2,2,2,2,2,2,2,2,2,2,2,2,2
2,181,1,2,2,2,2,2,2,2,2,2,2,2,2,2,2,2,2,2,2,2,2
2,182,1,2,2,2,2,2,2,2,2,2,2,2,2,2,2,2,2,2,2,2,2
2,183,1,2,2,2,2,2,2,2,2,2,2,2,2,2,2,2,2,2,2,2,2
2,184,1,2,2,2,2,2,2,2,2,2,2,2,2,2,2,2,2,2,2,2,2
2,185,1,2,2,2,2,2,2,2,2,2,2,2,2,2,2,2,2,2,2,2,2
2,186,1,2,2,2,2,2,2,2,2,2,2,2,2,2,2,2,2,2,2,2,2
2,187,1,2,2,2,2,2,2,2,2,2,2,2,2,2,2,2,2,2,2,2,2
2,188,1,2,2,2,2,2,2,2,2,2,2,2,2,2,2,2,2,2,2,2,2
2,189,1,2,2,2,2,2,2,2,2,2,2,2,2,2,2,2,2,2,2,2,2
2,190,1,2,2,2,2,2,2,2,2,2,2,2,2,2,2,2,2,2,2,2,2
2,191,1,2,2,2,2,2,2,2,2,2,2,2,2,2,2,2,2,2,2,2,2
2,192,1,2,2,2,2,2,2,2,2,2,2,2,2,2,2,2,2,2,2,2,2
2,193,1,2,2,2,2,2,2,2,2,2,2,2,2,2,2,2,2,2,2,2,2
2,194,1,2,2,2,2,2,2,2,2,2,2,2,2,2,2,2,2,2,2,2,2
2,195,1,2,2,2,2,2,2,2,2,2,2,2,2,2,2,2,2,2,2,2,2
2,196,1,2,2,2,2,2,2,2,2,2,2,2,2,2,2,2,2,2,2,2,2
2,197,1,2,2,2,2,2,2,2,2,2,2,2,2,2,2,2,2,2,2,2,2
2,198,1,2,2,2,2,2,2,2,2,2,2,2,2,2,2,2,2,2,2,2,2
2,199,1,2,2,2,2,2,2,2,2,2,2,2,2,2,2,2,2,2,2,2,2
2,200,1,2,2,2,2,2,2,2,2,2,2,2,2,2,2,2,2,2,2,2,2
2,201,1,2,2,2,2,2,2,2,2,2,2,2,2,2,2,2,2,2,2,2,2
2,202,1,2,2,2,2,2,2,2,2,2,2,2,2,2,2,2,2,2,2,2,2
2,203,1,2,2,2,2,2,2,2,2,2,2,2,2,2,2,2,2,2,2,2,2
2,204,1,2,2,2,2,2,2,2,2,2,2,2,2,2,2,2,2,2,2,2,2
2,206,1,2,2,2,2,2,2,2,2,2,2,2,2,2,2,2,2,2,2,2,2
2,207,1,2,2,2,2,2,2,2,2,2,2,2,2,2,2,2,2,2,2,2,2
2,208,1,1,2,2,2,2,2,2,2,2,2,2,2,2,2,2,2,2,2,2,2
2,209,1,2,2,2,2,2,2,2,2,2,2,2,2,2,2,2,2,2,2,2,2
2,210,1,2,2,2,2,2,2,2,2,2,2,2,2,2,2,2,2,2,2,2,2
2,211,2,3,3,3,3,3,3,3,3,3,3,3,3,3,3,3,3,3,3,3,3
2,212,2,3,3,3,3,3,3,3,3,3,3,3,3,3,3,3,3,3,3,3,3
2,213,2,3,3,3,3,3,3,3,3,3,3,3,3,3,3,3,3,3,3,3,3
2,214,2,3,3,3,3,3,3,3,3,3,3,3,3,3,3,3,3,3,3,3,3
2,215,2,3,3,3,3,3,3,3,3,3,3,3,3,3,3,3,3,3,3,3,3
2,216,2,3,3,3,3,3,3,3,3,3,3,3,3,3,3,3,3,3,3,3,3
2,217,2,3,3,3,3,3,3,3,3,3,3,3,3,3,3,3,3,3,3,3,3
2,218,2,3,3,3,3,3,3,3,3,3,3,3,3,3,3,3,3,3,3,3,3
2,219,2,3,3,3,3,3,3,3,3,3,3,3,3,3,3,3,3,3,3,3,3
2,220,2,3,3,3,3,3,3,3,3,3,3,3,3,3,3,3,3,3,3,3,3
2,221,2,3,3,3,3,3,3,3,3,3,3,3,3,3,3,3,3,3,3,3,3
2,222,2,3,3,3,3,3,3,3,3,3,3,3,3,3,3,3,3,3,3,3,3
2,223,2,3,3,3,3,3,3,3,3,3,3,3,3,3,3,3,3,3,3,3,3
2,224,2,3,3,3,3,3,3,3,3,3,3,3,3,3,3,3,3,3,3,3,3
2,225,2,3,3,3,3,3,3,3,3,3,3,3,3,3,3,3,3,3,3,3,3
2,226,2,3,3,3,3,3,3,3,3,3,3,3,3,3,3,3,3,3,3,3,3
2,227,2,3,3,3,3,3,3,3,3,3,3,3,3,3,3,3,3,3,3,3,3
2,228,2,3,3,3,3,3,3,3,3,3,3,3,3,3,3,3,3,3,3,3,3
2,229,2,3,3,3,3,3,3,3,3,3,3,3,3,3,3,3,3,3,3,3,3
2,230,2,3,3,3,3,3,3,3,3,3,3,3,3,3,3,3,3,3,3,3,3
2,231,2,3,3,3,3,3,3,3,3,3,3,3,3,3,3,3,3,3,3,3,3
2,232,2,3,3,3,3,3,3,3,3,3,3,3,3,3,3,3,3,3,3,3,3
2,233,2,3,3,3,3,3,3,3,3,3,3,3,3,3,3,3,3,3,3,3,3
2,234,2,3,3,3,3,3,3,3,3,3,3,3,3,3,3,3,3,3,3,3,3
2,235,2,3,3,3,3,3,3,3,3,3,3,3,3,3,3,3,3,3,3,3,3
2,236,2,3,3,3,3,3,3,3,3,3,3,3,3,3,3,3,3,3,3,3,3
2,237,2,3,3,3,3,3,3,3,3,3,3,3,3,3,3,3,3,3,3,3,3
2,238,2,3,3,3,3,3,3,3,3,3,3,3,3,3,3,3,3,3,3,3,3
2,239,2,3,3,3,3,3,3,3,3,3,3,3,3,3,3,3,3,3,3,3,3
2,240,2,3,3,3,3,3,3,3,3,3,3,3,3,3,3,3,3,3,3,3,3
2,241,2,3,3,3,3,3,3,3,3,3,3,3,3,3,3,3,3,3,3,3,3
2,242,2,3,3,3,3,3,3,3,3,3,3,3,3,3,3,3,3,3,3,3,3
2,243,2,3,3,3,3,3,3,3,3,3,3,3,3,3,3,3,3,3,3,3,3
2,244,2,3,3,3,3,3,3,3,3,3,3,3,3,3,3,3,3,3,3,3,3
2,245,2,3,3,3,3,3,3,3,3,3,3,3,3,3,3,3,3,3,3,3,3
2,246,2,3,3,3,3,3,3,3,3,3,3,3,3,3,3,3,3,3,3,3,3
2,247,2,3,3,3,3,3,3,3,3,3,3,3,3,3,3,3,3,3,3,3,3
2,248,2,3,3,3,3,3,3,3,3,3,3,3,3,3,3,3,3,3,3,3,3
2,249,2,3,3,3,3,3,3,3,3,3,3,3,3,3,3,3,3,3,3,3,3
2,250,2,3,3,3,3,3,3,3,3,3,3,3,3,3,3,3,3,3,3,3,3
2,251,2,3,3,3,3,3,3,3,3,3,3,3,3,3,3,3,3,3,3,3,3
2,252,2,3,3,3,3,3,3,3,3,3,3,3,3,3,3,3,3,3,3,3,3
2,253,2,3,3,3,3,3,3,3,3,3,3,3,3,3,3,3,3,3,3,3,3
2,254,2,3,3,3,3,3,3,3,3,3,3,3,3,3,3,3,3,3,3,3,3
2,255,2,3,3,3,3,3,3,3,3,3,3,3,3,3,3,3,3,3,3,3,3
2,256,2,3,3,3,3,3,3,3,3,3,3,3,3,3,3,3,3,3,3,3,3
2,257,2,3,3,3,3,3,3,3,3,3,3,3,3,3,3,3,3,3,3,3,3
2,258,2,3,3,3,3,3,3,3,3,3,3,3,3,3,3,3,3,3,3,3,3
2,259,2,3,3,3,3,3,3,3,3,3,3,3,3,3,3,3,3,3,3,3,3
2,260,2,3,3,3,3,3,3,3,3,3,3,3,3,3,3,3,3,3,3,3,3
2,261,2,3,3,3,3,3,3,3,3,3,3,3,3,3,3,3,3,3,3,3,3
2,262,2,3,3,3,3,3,3,3,3,3,3,3,3,3,3,3,3,3,3,3,3
2,263,2,3,3,3,3,3,3,3,3,3,3,3,3,3,3,3,3,3,3,3,3
2,264,2,3,3,3,3,3,3,3,3,3,3,3,3,3,3,3,3,3,3,3,3
2,265,2,3,3,3,3,3,3,3,3,3,3,3,3,3,3,3,3,3,3,3,3
2,266,2,3,3,3,3,3,3,3,3,3,3,3,3,3,3,3,3,3,3,3,3
2,267,2,3,3,3,3,3,3,3,3,3,3,3,3,3,3,3,3,3,3,3,3
2,268,2,3,3,3,3,3,3,3,3,3,3,3,3,3,3,3,3,3,3,3,3
2,269,2,3,3,3,3,3,3,3,3,3,3,3,3,3,3,3,3,3,3,3,3
2,270,2,3,3,3,3,3,3,3,3,3,3,3,3,3,3,3,3,3,3,3,3
2,271,2,3,3,3,3,3,3,3,3,3,3,3,3,3,3,3,3,3,3,3,3
2,272,2,3,3,3,3,3,3,3,3,3,3,3,3,3,3,3,3,3,3,3,3
2,273,2,3,3,3,3,3,3,3,3,3,3,3,3,3,3,3,3,3,3,3,3
2,274,2,3,3,3,3,3,3,3,3,3,3,3,3,3,3,3,3,3,3,3,3
2,275,2,3,3,3,3,3,3,3,3,3,3,3,3,3,3,3,3,3,3,3,3
2,276,2,3,3,3,3,3,3,3,3,3,3,3,3,3,3,3,3,3,3,3,3
2,277,2,3,3,3,3,3,3,3,3,3,3,3,3,3,3,3,3,3,3,3,3
2,278,2,3,3,3,3,3,3,3,3,3,3,3,3,3,3,3,3,3,3,3,3
2,279,2,3,3,3,3,3,3,3,3,3,3,3,3,3,3,3,3,3,3,3,3
2,280,2,3,3,3,3,3,3,3,3,3,3,3,3,3,3,3,3,3,3,3,3
2,281,2,3,3,3,3,3,3,3,3,3,3,3,3,3,3,3,3,3,3,3,3
2,282,2,3,3,3,3,3,3,3,3,3,3,3,3,3,3,3,3,3,3,3,3
2,283,2,3,3,3,3,3,3,3,3,3,3,3,3,3,3,3,3,3,3,3,3
2,284,2,3,3,3,3,3,3,3,3,3,3,3,3,3,3,3,3,3,3,3,3
2,285,2,3,3,3,3,3,3,3,3,3,3,3,3,3,3,3,3,3,3,3,3
2,286,2,3,3,3,3,3,3,3,3,3,3,3,3,3,3,3,3,3,3,3,3
2,287,2,3,3,3,3,3,3,3,3,3,3,3,3,3,3,3,3,3,3,3,3
2,288,2,3,3,3,3,3,3,3,3,3,3,3,3,3,3,3,3,3,3,3,3
2,289,2,3,3,3,3,3,3,3,3,3,3,3,3,3,3,3,3,3,3,3,3
2,290,2,3,3,3,3,3,3,3,3,3,3,3,3,3,3,3,3,3,3,3,3
2,291,2,3,3,3,3,3,3,3,3,3,3,3,3,3,3,3,3,3,3,3,3
2,292,2,3,3,3,3,3,3,3,3,3,3,3,3,3,3,3,3,3,3,3,3
2,293,2,3,3,3,3,3,3,3,3,3,3,3,3,3,3,3,3,3,3,3,3
2,294,2,3,3,3,3,3,3,3,3,3,3,3,3,3,3,3,3,3,3,3,3
2,295,2,3,3,3,3,3,3,3,3,3,3,3,3,3,3,3,3,3,3,3,3
2,296,2,3,3,3,3,3,3,3,3,3,3,3,3,3,3,3,3,3,3,3,3
2,297,2,3,3,3,3,3,3,3,3,3,3,3,3,3,3,3,3,3,3,3,3
2,298,2,3,3,3,3,3,3,3,3,3,3,3,3,3,3,3,3,3,3,3,3
2,299,2,3,3,3,3,3,3,3,3,3,3,3,3,3,3,3,3,3,3,3,3
2,300,2,3,3,3,3,3,3,3,3,3,3,3,3,3,3,3,3,3,3,3,3
2,301,2,3,3,3,3,3,3,3,3,3,3,3,3,3,3,3,3,3,3,3,3
2,302,2,3,3,3,3,3,3,3,3,3,3,3,3,3,3,3,3,3,3,3,3
2,303,2,3,3,3,3,3,3,3,3,3,3,3,3,3,3,3,3,3,3,3,3
2,304,2,3,3,3,3,3,3,3,3,3,3,3,3,3,3,3,3,3,3,3,3
2,305,2,3,3,3,3,3,3,3,3,3,3,3,3,3,3,3,3,3,3,3,3
2,306,2,3,3,3,3,3,3,3,3,3,3,3,3,3,3,3,3,3,3,3,3
2,307,2,3,3,3,3,3,3,3,3,3,3,3,3,3,3,3,3,3,3,3,3
2,308,2,3,3,3,3,3,3,3,3,3,3,3,3,3,3,3,3,3,3,3,3
2,309,2,3,3,3,3,3,3,3,3,3,3,3,3,3,3,3,3,3,3,3,3
2,310,2,3,3,3,3,3,3,3,3,3,3,3,3,3,3,3,3,3,3,3,3
2,311,2,3,3,3,3,3,3,3,3,3,3,3,3,3,3,3,3,3,3,3,3
2,312,2,3,3,3,3,3,3,3,3,3,3,3,3,3,3,3,3,3,3,3,3
2,313,2,3,3,3,3,3,3,3,3,3,3,3,3,3,3,3,3,3,3,3,3
2,314,2,3,3,3,3,3,3,3,3,3,3,3,3,3,3,3,3,3,3,3,3
2,315,2,3,3,3,3,3,3,3,3,3,3,3,3,3,3,3,3,3,3,3,3
2,316,2,3,3,3,3,3,3,3,3,3,3,3,3,3,3,3,3,3,3,3,3
2,317,2,3,3,3,3,3,3,3,3,3,3,3,3,3,3,3,3,3,3,3,3
2,318,2,3,3,3,3,3,3,3,3,3,3,3,3,3,3,3,3,3,3,3,3
2,319,2,3,3,3,3,3,3,3,3,3,3,3,3,3,3,3,3,3,3,3,3
2,320,2,3,3,3,3,3,3,3,3,3,3,3,3,3,3,3,3,3,3,3,3
2,321,2,3,3,3,3,3,3,3,3,3,3,3,3,3,3,3,3,3,3,3,3
2,322,2,3,3,3,3,3,3,3,3,3,3,3,3,3,3,3,3,3,3,3,3
2,323,2,3,3,3,3,3,3,3,3,3,3,3,3,3,3,3,3,3,3,3,3
2,324,2,3,3,3,3,3,3,3,3,3,3,3,3,3,3,3,3,3,3,3,3
2,325,2,3,3,3,3,3,3,3,3,3,3,3,3,3,3,3,3,3,3,3,3
2,326,2,3,3,3,3,3,3,3,3,3,3,3,3,3,3,3,3,3,3,3,3
2,327,2,3,3,3,3,3,3,3,3,3,3,3,3,3,3,3,3,3,3,3,3
2,328,2,3,3,3,3,3,3,3,3,3,3,3,3,3,3,3,3,3,3,3,3
2,329,2,3,3,3,3,3,3,3,3,3,3,3,3,3,3,3,3,3,3,3,3
2,330,2,3,3,3,3,3,3,3,3,3,3,3,3,3,3,3,3,3,3,3,3
2,331,2,3,3,3,3,3,3,3,3,3,3,3,3,3,3,3,3,3,3,3,3
2,332,2,3,3,3,3,3,3,3,3,3,3,3,3,3,3,3,3,3,3,3,3
2,333,2,3,3,3,3,3,3,3,3,3,3,3,3,3,3,3,3,3,3,3,3
2,334,2,3,3,3,3,3,3,3,3,3,3,3,3,3,3,3,3,3,3,3,3
2,335,2,3,3,3,3,3,3,3,3,3,3,3,3,3,3,3,3,3,3,3,3
2,336,2,3,3,3,3,3,3,3,3,3,3,3,3,3,3,3,3,3,3,3,3
2,337,2,3,3,3,3,3,3,3,3,3,3,3,3,3,3,3,3,3,3,3,3
2,338,2,3,3,3,3,3,3,3,3,3,3,3,3,3,3,3,3,3,3,3,3
2,339,2,3,3,3,3,3,3,3,3,3,3,3,3,3,3,3,3,3,3,3,3
2,340,2,3,3,3,3,3,3,3,3,3,3,3,3,3,3,3,3,3,3,3,3
2,341,2,3,3,3,3,3,3,3,3,3,3,3,3,3,3,3,3,3,3,3,3
2,342,2,3,3,3,3,3,3,3,3,3,3,3,3,3,3,3,3,3,3,3,3
2,343,2,3,3,3,3,3,3,3,3,3,3,3,3,3,3,3,3,3,3,3,3
2,344,2,3,3,3,3,3,3,3,3,3,3,3,3,3,3,3,3,3,3,3,3
2,345,2,3,3,3,3,3,3,3,3,3,3,3,3,3,3,3,3,3,3,3,3
2,346,2,3,3,3,3,3,3,3,3,3,3,3,3,3,3,3,3,3,3,3,3
2,347,2,3,3,3,3,3,3,3,3,3,3,3,3,3,3,3,3,3,3,3,3
2,348,2,3,3,3,3,3,3,3,3,3,3,3,3,3,3,3,3,3,3,3,3
2,349,2,3,3,3,3,3,3,3,3,3,3,3,3,3,3,3,3,3,3,3,3
2,350,2,3,3,3,3,3,3,3,3,3,3,3,3,3,3,3,3,3,3,3,3
2,351,2,3,3,3,3,3,3,3,3,3,3,3,3,3,3,3,3,3,3,3,3
2,352,2,3,3,3,3,3,3,3,3,3,3,3,3,3,3,3,3,3,3,3,3
2,353,2,3,3,3,3,3,3,3,3,3,3,3,3,3,3,3,3,3,3,3,3
2,354,2,3,3,3,3,3,3,3,3,3,3,3,3,3,3,3,3,3,3,3,3
2,355,2,3,3,3,3,3,3,3,3,3,3,3,3,3,3,3,3,3,3,3,3
2,356,2,3,3,3,3,3,3,3,3,3,3,3,3,3,3,3,3,3,3,3,3
2,357,2,3,3,3,3,3,3,3,3,3,3,3,3,3,3,3,3,3,3,3,3
2,358,2,3,3,3,3,3,3,3,3,3,3,3,3,3,3,3,3,3,3,3,3
2,359,2,3,3,3,3,3,3,3,3,3,3,3,3,3,3,3,3,3,3,3,3
2,360,2,3,3,3,3,3,3,3,3,3,3,3,3,3,3,3,3,3,3,3,3
2,361,2,3,3,3,3,3,3,3,3,3,3,3,3,3,3,3,3,3,3,3,3
2,362,2,3,3,3,3,3,3,3,3,3,3,3,3,3,3,3,3,3,3,3,3
2,363,2,3,3,3,3,3,3,3,3,3,3,3,3,3,3,3,3,3,3,3,3
2,364,2,3,3,3,3,3,3,3,3,3,3,3,3,3,3,3,3,3,3,3,3
2,365,2,3,3,3,3,3,3,3,3,3,3,3,3,3,3,3,3,3,3,3,3
2,366,2,3,3,3,3,3,3,3,3,3,3,3,3,3,3,3,3,3,3,3,3
2,367,2,3,3,3,3,3,3,3,3,3,3,3,3,3,3,3,3,3,3,3,3
2,368,2,3,3,3,3,3,3,3,3,3,3,3,3,3,3,3,3,3,3,3,3
2,369,2,3,3,3,3,3,3,3,3,3,3,3,3,3,3,3,3,3,3,3,3
2,370,2,3,3,3,3,3,3,3,3,3,3,3,3,3,3,3,3,3,3,3,3
2,371,2,3,3,3,3,3,3,3,3,3,3,3,3,3,3,3,3,3,3,3,3
2,372,2,3,3,3,3,3,3,3,3,3,3,3,3,3,3,3,3,3,3,3,3
2,373,2,3,3,3,3,3,3,3,3,3,3,3,3,3,3,3,3,3,3,3,3
2,374,2,3,3,3,3,3,3,3,3,3,3,3,3,3,3,3,3,3,3,3,3
2,375,2,4,4,4,4,4,4,4,4,4,4,4,4,4,4,4,4,4,4,4,4
2,376,2,4,4,4,4,4,4,4,4,4,4,4,4,4,4,4,4,4,4,4,4
2,377,2,4,4,4,4,4,4,4,4,4,4,4,4,4,4,4,4,4,4,4,4
2,378,2,4,4,4,4,4,4,4,4,4,4,4,4,4,4,4,4,4,4,4,4
2,379,2,4,4,4,4,4,4,4,4,4,4,4,4,4,4,4,4,4,4,4,4
2,380,2,4,4,4,4,4,4,4,4,4,4,4,4,4,4,4,4,4,4,4,4
2,381,2,4,4,4,4,4,4,4,4,4,4,4,4,4,4,4,4,4,4,4,4
2,382,2,4,4,4,4,4,4,4,4,4,4,4,4,4,4,4,4,4,4,4,4
2,383,2,4,4,4,4,4,4,4,4,4,4,4,4,4,4,4,4,4,4,4,4
2,384,2,4,4,4,4,4,4,4,4,4,4,4,4,4,4,4,4,4,4,4,4
2,385,2,4,4,4,4,4,4,4,4,4,4,4,4,4,4,4,4,4,4,4,4
2,386,2,4,4,4,4,4,4,4,4,4,4,4,4,4,4,4,4,4,4,4,4
2,387,2,4,4,4,4,4,4,4,4,4,4,4,4,4,4,4,4,4,4,4,4
2,388,2,3,3,3,3,3,3,3,3,3,3,3,3,3,3,3,3,3,3,3,3
2,389,2,3,3,3,3,3,3,3,3,3,3,3,3,3,3,3,3,3,3,3,3
2,390,2,3,3,3,3,3,3,3,3,3,3,3,3,3,3,3,3,3,3,3,3
2,391,2,3,3,3,3,3,3,3,3,3,3,3,3,3,3,3,3,3,3,3,3
2,392,2,3,3,3,3,3,3,3,3,3,3,3,3,3,3,3,3,3,3,3,3
2,393,2,3,3,3,3,3,3,3,3,3,3,3,3,3,3,3,3,3,3,3,3
2,394,2,3,3,3,3,3,3,3,3,3,3,3,3,3,3,3,3,3,3,3,3
2,395,2,3,3,3,3,3,3,3,3,3,3,3,3,3,3,3,3,3,3,3,3
2,396,2,4,4,4,4,4,4,4,4,4,4,4,4,4,4,4,4,4,4,4,4
2,397,2,4,4,4,4,4,4,4,4,4,4,4,4,4,4,4,4,4,4,4,4
2,398,2,4,4,4,4,4,4,4,4,4,4,4,4,4,4,4,4,4,4,4,4
2,399,2,3,3,3,3,3,3,3,3,3,3,3,3,3,3,3,3,3,3,3,3
2,400,2,3,3,3,3,3,3,3,3,3,3,3,3,3,3,3,3,3,3,3,3
2,401,2,3,3,3,3,3,3,3,3,3,3,3,3,3,3,3,3,3,3,3,3
2,402,2,3,3,3,3,3,3,3,3,3,3,3,3,3,3,3,3,3,3,3,3
2,403,2,3,3,3,3,3,3,3,3,3,3,3,3,3,3,3,3,3,3,3,3
2,404,2,3,3,3,3,3,3,3,3,3,3,3,3,3,3,3,3,3,3,3,3
2,405,2,3,3,3,3,3,3,3,3,3,3,3,3,3,3,3,3,3,3,3,3
2,406,2,3,3,3,3,3,3,3,3,3,3,3,3,3,3,3,3,3,3,3,3
2,407,2,3,3,3,3,3,3,3,3,3,3,3,3,3,3,3,3,3,3,3,3
2,408,2,3,3,3,3,3,3,3,3,3,3,3,3,3,3,3,3,3,3,3,3
2,409,2,3,3,3,3,3,3,3,3,3,3,3,3,3,3,3,3,3,3,3,3
2,410,2,3,3,3,3,3,3,3,3,3,3,3,3,3,3,3,3,3,3,3,3
2,411,2,3,3,3,3,3,3,3,3,3,3,3,3,3,3,3,3,3,3,3,3
2,412,2,3,3,3,3,3,3,3,3,3,3,3,3,3,3,3,3,3,3,3,3
2,413,2,3,3,3,3,3,3,3,3,3,3,3,3,3,3,3,3,3,3,3,3
2,414,2,3,3,3,3,3,3,3,3,3,3,3,3,3,3,3,3,3,3,3,3
2,415,2,3,3,3,3,3,3,3,3,3,3,3,3,3,3,3,3,3,3,3,3
2,416,2,3,3,3,3,3,3,3,3,3,3,3,3,3,3,3,3,3,3,3,3
2,417,2,3,3,3,3,3,3,3,3,3,3,3,3,3,3,3,3,3,3,3,3
2,418,2,4,4,4,4,4,4,4,4,4,4,4,4,4,4,4,4,4,4,4,4
2,419,2,3,3,3,3,3,3,3,3,3,3,3,3,3,3,3,3,3,3,3,3
2,420,2,3,3,3,3,3,3,3,3,3,3,3,3,3,3,3,3,3,3,3,3
2,421,2,3,3,3,3,3,3,3,3,3,3,3,3,3,3,3,3,3,3,3,3
2,422,2,3,3,3,3,3,3,3,3,3,3,3,3,3,3,3,3,3,3,3,3
2,423,2,3,3,3,3,3,3,3,3,3,3,3,3,3,3,3,3,3,3,3,3
2,424,2,3,3,3,3,3,3,3,3,3,3,3,3,3,3,3,3,3,3,3,3
2,425,2,3,3,3,3,3,3,3,3,3,3,3,3,3,3,3,3,3,3,3,3
2,426,2,3,3,3,3,3,3,3,3,3,3,3,3,3,3,3,3,3,3,3,3
2,427,2,3,3,3,3,3,3,3,3,3,3,3,3,3,3,3,3,3,3,3,3
2,428,2,4,4,4,4,4,4,4,4,4,4,4,4,4,4,4,4,4,4,4,4
2,429,2,3,3,3,3,3,3,3,3,3,3,3,3,3,3,3,3,3,3,3,3
2,430,2,3,3,3,3,3,3,3,3,3,3,3,3,3,3,3,3,3,3,3,3
2,431,2,3,3,3,3,3,3,3,3,3,3,3,3,3,3,3,3,3,3,3,3
2,432,2,3,3,3,3,3,3,3,3,3,3,3,3,3,3,3,3,3,3,3,3
2,433,2,3,3,3,3,3,3,3,3,3,3,3,3,3,3,3,3,3,3,3,3
2,434,2,4,4,4,4,4,4,4,4,4,4,4,4,4,4,4,4,4,4,4,4
2,435,2,3,3,3,3,3,3,3,3,3,3,3,3,3,3,3,3,3,3,3,3
2,436,2,3,3,3,3,3,3,3,3,3,3,3,3,3,3,3,3,3,3,3,3
2,437,2,3,3,3,3,3,3,3,3,3,3,3,3,3,3,3,3,3,3,3,3
2,438,2,3,3,3,3,3,3,3,3,3,3,3,3,3,3,3,3,3,3,3,3
2,439,2,3,3,3,3,3,3,3,3,3,3,3,3,3,3,3,3,3,3,3,3
2,440,2,3,3,3,3,3,3,3,3,3,3,3,3,3,3,3,3,3,3,3,3
2,441,2,3,3,3,3,3,3,3,3,3,3,3,3,3,3,3,3,3,3,3,3
2,442,2,3,3,3,3,3,3,3,3,3,3,3,3,3,3,3,3,3,3,3,3
2,443,2,3,3,3,3,3,3,3,3,3,3,3,3,3,3,3,3,3,3,3,3
2,444,2,4,4,4,4,4,4,4,4,4,4,4,4,4,4,4,4,4,4,4,4
2,445,2,3,3,3,3,3,3,3,3,3,3,3,3,3,3,3,3,3,3,3,3
2,446,2,3,3,3,3,3,3,3,3,3,3,3,3,3,3,3,3,3,3,3,3
2,447,2,3,3,3,3,3,3,3,3,3,3,3,3,3,3,3,3,3,3,3,3
2,448,2,3,3,3,3,3,3,3,3,3,3,3,3,3,3,3,3,3,3,3,3
2,449,2,3,3,3,3,3,3,3,3,3,3,3,3,3,3,3,3,3,3,3,3
2,450,2,3,3,3,3,3,3,3,3,3,3,3,3,3,3,3,3,3,3,3,3
2,451,2,3,3,3,3,3,3,3,3,3,3,3,3,3,3,3,3,3,3,3,3
2,452,2,3,3,3,3,3,3,3,3,3,3,3,3,3,3,3,3,3,3,3,3
2,453,2,3,3,3,3,3,3,3,3,3,3,3,3,3,3,3,3,3,3,3,3
2,454,2,3,3,3,3,3,3,3,3,3,3,3,3,3,3,3,3,3,3,3,3
2,455,2,4,4,4,4,4,4,4,4,4,4,4,4,4,4,4,4,4,4,4,4
2,456,2,4,4,4,4,4,4,4,4,4,4,4,4,4,4,4,4,4,4,4,4
2,457,2,3,3,3,3,3,3,3,3,3,3,3,3,3,3,3,3,3,3,3,3
2,458,2,3,3,3,3,3,3,3,3,3,3,3,3,3,3,3,3,3,3,3,3
2,459,2,3,3,3,3,3,3,3,3,3,3,3,3,3,3,3,3,3,3,3,3
2,460,2,3,3,3,3,3,3,3,3,3,3,3,3,3,3,3,3,3,3,3,3
2,461,2,3,3,3,3,3,3,3,3,3,3,3,3,3,3,3,3,3,3,3,3
2,462,2,3,3,3,3,3,3,3,3,3,3,3,3,3,3,3,3,3,3,3,3
2,463,2,4,4,4,4,4,4,4,4,4,4,4,4,4,4,4,4,4,4,4,4
2,464,2,4,4,4,4,4,4,4,4,4,4,4,4,4,4,4,4,4,4,4,4
2,465,2,4,4,4,4,4,4,4,4,4,4,4,4,4,4,4,4,4,4,4,4
2,466,2,4,4,4,4,4,4,4,4,4,4,4,4,4,4,4,4,4,4,4,4
2,467,2,4,4,4,4,4,4,4,4,4,4,4,4,4,4,4,4,4,4,4,4
2,468,2,4,4,4,4,4,4,4,4,4,4,4,4,4,4,4,4,4,4,4,4
2,469,2,4,4,4,4,4,4,4,4,4,4,4,4,4,4,4,4,4,4,4,4
2,470,2,4,4,4,4,4,4,4,4,4,4,4,4,4,4,4,4,4,4,4,4
2,471,2,4,4,4,4,4,4,4,4,4,4,4,4,4,4,4,4,4,4,4,4
2,472,2,4,4,4,4,4,4,4,4,4,4,4,4,4,4,4,4,4,4,4,4
2,473,2,4,4,4,4,4,4,4,4,4,4,4,4,4,4,4,4,4,4,4,4
2,474,2,4,4,4,4,4,4,4,4,4,4,4,4,4,4,4,4,4,4,4,4
2,475,2,4,4,4,4,4,4,4,4,4,4,4,4,4,4,4,4,4,4,4,4
2,476,2,4,4,4,4,4,4,4,4,4,4,4,4,4,4,4,4,4,4,4,4
2,477,2,4,4,4,4,4,4,4,4,4,4,4,4,4,4,4,4,4,4,4,4
2,478,2,4,4,4,4,4,4,4,4,4,4,4,4,4,4,4,4,4,4,4,4
2,479,2,4,4,4,4,4,4,4,4,4,4,4,4,4,4,4,4,4,4,4,4
2,480,2,4,4,4,4,4,4,4,4,4,4,4,4,4,4,4,4,4,4,4,4
2,481,2,4,4,4,4,4,4,4,4,4,4,4,4,4,4,4,4,4,4,4,4
2,482,2,4,4,4,4,4,4,4,4,4,4,4,4,4,4,4,4,4,4,4,4
2,483,2,4,4,4,4,4,4,4,4,4,4,4,4,4,4,4,4,4,4,4,4
2,484,2,4,4,4,4,4,4,4,4,4,4,4,4,4,4,4,4,4,4,4,4
2,485,2,4,4,4,4,4,4,4,4,4,4,4,4,4,4,4,4,4,4,4,4
2,486,2,4,4,4,4,4,4,4,4,4,4,4,4,4,4,4,4,4,4,4,4
2,487,2,4,4,4,4,4,4,4,4,4,4,4,4,4,4,4,4,4,4,4,4
2,488,2,4,4,4,4,4,4,4,4,4,4,4,4,4,4,4,4,4,4,4,4
2,489,2,4,4,4,4,4,4,4,4,4,4,4,4,4,4,4,4,4,4,4,4
2,490,2,4,4,4,4,4,4,4,4,4,4,4,4,4,4,4,4,4,4,4,4
2,491,2,4,4,4,4,4,4,4,4,4,4,4,4,4,4,4,4,4,4,4,4
2,492,2,4,4,4,4,4,4,4,4,4,4,4,4,4,4,4,4,4,4,4,4
2,493,2,4,4,4,4,4,4,4,4,4,4,4,4,4,4,4,4,4,4,4,4
2,494,2,4,4,4,4,4,4,4,4,4,4,4,4,4,4,4,4,4,4,4,4
2,495,2,4,4,4,4,4,4,4,4,4,4,4,4,4,4,4,4,4,4,4,4
2,496,2,4,4,4,4,4,4,4,4,4,4,4,4,4,4,4,4,4,4,4,4
2,497,2,4,4,4,4,4,4,4,4,4,4,4,4,4,4,4,4,4,4,4,4
2,498,2,4,4,4,4,4,4,4,4,4,4,4,4,4,4,4,4,4,4,4,4
2,499,2,4,4,4,4,4,4,4,4,4,4,4,4,4,4,4,4,4,4,4,4
2,500,2,4,4,4,4,4,4,4,4,4,4,4,4,4,4,4,4,4,4,4,4
2,501,2,4,4,4,4,4,4,4,4,4,4,4,4,4,4,4,4,4,4,4,4
2,502,2,4,4,4,4,4,4,4,4,4,4,4,4,4,4,4,4,4,4,4,4
2,503,2,4,4,4,4,4,4,4,4,4,4,4,4,4,4,4,4,4,4,4,4
2,504,2,4,4,4,4,4,4,4,4,4,4,4,4,4,4,4,4,4,4,4,4
2,505,2,4,4,4,4,4,4,4,4,4,4,4,4,4,4,4,4,4,4,4,4
2,507,2,4,4,4,4,4,4,4,4,4,4,4,4,4,4,4,4,4,4,4,4
2,508,2,4,4,4,4,4,4,4,4,4,4,4,4,4,4,4,4,4,4,4,4
2,509,2,4,4,4,4,4,4,4,4,4,4,4,4,4,4,4,4,4,4,4,4
2,510,2,4,4,4,4,4,4,4,4,4,4,4,4,4,4,4,4,4,4,4,4
2,511,2,4,4,4,4,4,4,4,4,4,4,4,4,4,4,4,4,4,4,4,4
2,512,2,4,4,4,4,4,4,4,4,4,4,4,4,4,4,4,4,4,4,4,4
2,513,2,4,4,4,4,4,4,4,4,4,4,4,4,4,4,4,4,4,4,4,4
2,514,2,4,4,4,4,4,4,4,4,4,4,4,4,4,4,4,4,4,4,4,4
2,515,2,4,4,4,4,4,4,4,4,4,4,4,4,4,4,4,4,4,4,4,4
2,516,2,4,4,4,4,4,4,4,4,4,4,4,4,4,4,4,4,4,4,4,4
2,517,2,3,3,3,3,3,3,3,3,3,3,3,3,3,3,3,3,3,3,3,3
2,518,2,3,3,3,3,3,3,3,3,3,3,3,3,3,3,3,3,3,3,3,3
2,519,2,3,3,3,3,3,3,3,3,3,3,3,3,3,3,3,3,3,3,3,3
2,520,2,3,3,3,3,3,3,3,3,3,3,3,3,3,3,3,3,3,3,3,3
2,521,2,3,3,3,3,3,3,3,3,3,3,3,3,3,3,3,3,3,3,3,3
2,522,2,3,3,3,3,3,3,3,3,3,3,3,3,3,3,3,3,3,3,3,3
2,523,2,3,3,3,3,3,3,3,3,3,3,3,3,3,3,3,3,3,3,3,3
2,524,2,3,3,3,3,3,3,3,3,3,3,3,3,3,3,3,3,3,3,3,3
2,525,2,3,3,3,3,3,3,3,3,3,3,3,3,3,3,3,3,3,3,3,3
2,526,2,3,3,3,3,3,3,3,3,3,3,3,3,3,3,3,3,3,3,3,3
2,527,2,3,3,3,3,3,3,3,3,3,3,3,3,3,3,3,3,3,3,3,3
2,528,2,3,3,3,3,3,3,3,3,3,3,3,3,3,3,3,3,3,3,3,3
2,529,2,3,3,3,3,3,3,3,3,3,3,3,3,3,3,3,3,3,3,3,3
2,530,2,3,3,3,3,3,3,3,3,3,3,3,3,3,3,3,3,3,3,3,3
2,531,2,3,3,3,3,3,3,3,3,3,3,3,3,3,3,3,3,3,3,3,3
2,532,2,3,3,3,3,3,3,3,3,3,3,3,3,3,3,3,3,3,3,3,3
2,533,2,3,3,3,3,3,3,3,3,3,3,3,3,3,3,3,3,3,3,3,3
2,534,2,3,3,3,3,3,3,3,3,3,3,3,3,3,3,3,3,3,3,3,3
2,535,2,3,3,3,3,3,3,3,3,3,3,3,3,3,3,3,3,3,3,3,3
2,536,2,3,3,3,3,3,3,3,3,3,3,3,3,3,3,3,3,3,3,3,3
2,537,2,3,3,3,3,3,3,3,3,3,3,3,3,3,3,3,3,3,3,3,3
2,538,2,3,3,3,3,3,3,3,3,3,3,3,3,3,3,3,3,3,3,3,3
2,539,2,3,3,3,3,3,3,3,3,3,3,3,3,3,3,3,3,3,3,3,3
2,540,2,2,1,1,1,1,1,1,1,1,1,1,1,1,1,1,1,1,1,1,1
2,541,2,3,3,3,3,3,3,3,3,3,3,3,3,3,3,3,3,3,3,3,3
2,542,2,3,3,3,3,3,3,3,3,3,3,3,3,3,3,3,3,3,3,3,3
2,543,2,3,3,3,3,3,3,3,3,3,3,3,3,3,3,3,3,3,3,3,3
2,544,2,3,3,3,3,3,3,3,3,3,3,3,3,3,3,3,3,3,3,3,3
2,545,2,3,3,3,3,3,3,3,3,3,3,3,3,3,3,3,3,3,3,3,3
2,546,2,3,3,3,3,3,3,3,3,3,3,3,3,3,3,3,3,3,3,3,3
2,547,2,3,3,3,3,3,3,3,3,3,3,3,3,3,3,3,3,3,3,3,3
2,548,2,4,4,4,4,4,4,4,4,4,4,4,4,4,4,4,4,4,4,4,4
2,549,2,4,4,4,4,4,4,4,4,4,4,4,4,4,4,4,4,4,4,4,4
2,550,2,4,4,4,4,4,4,4,4,4,4,4,4,4,4,4,4,4,4,4,4
2,551,2,4,4,4,4,4,4,4,4,4,4,4,4,4,4,4,4,4,4,4,4
2,552,2,4,4,4,4,4,4,4,4,4,4,4,4,4,4,4,4,4,4,4,4
2,553,2,4,4,4,4,4,4,4,4,4,4,4,4,4,4,4,4,4,4,4,4
2,554,2,4,4,4,4,4,4,4,4,4,4,4,4,4,4,4,4,4,4,4,4
2,555,2,4,4,4,4,4,4,4,4,4,4,4,4,4,4,4,4,4,4,4,4
2,556,2,4,4,4,4,4,4,4,4,4,4,4,4,4,4,4,4,4,4,4,4
2,557,2,4,4,4,4,4,4,4,4,4,4,4,4,4,4,4,4,4,4,4,4
2,558,2,4,4,4,4,4,4,4,4,4,4,4,4,4,4,4,4,4,4,4,4
2,559,2,4,4,4,4,4,4,4,4,4,4,4,4,4,4,4,4,4,4,4,4
2,560,2,4,4,4,4,4,4,4,4,4,4,4,4,4,4,4,4,4,4,4,4
2,561,2,4,4,4,4,4,4,4,4,4,4,4,4,4,4,4,4,4,4,4,4
2,562,2,4,4,4,4,4,4,4,4,4,4,4,4,4,4,4,4,4,4,4,4
2,563,2,4,4,4,4,4,4,4,4,4,4,4,4,4,4,4,4,4,4,4,4
2,564,2,4,4,4,4,4,4,4,4,4,4,4,4,4,4,4,4,4,4,4,4
2,565,2,3,3,3,3,3,3,3,3,3,3,3,3,3,3,3,3,3,3,3,3
2,566,2,2,1,1,1,1,1,1,1,1,1,1,1,1,1,1,1,1,1,1,1
2,567,2,2,1,1,1,1,1,1,1,1,1,1,1,1,1,1,1,1,1,1,1
2,569,2,2,1,1,1,1,1,1,1,1,1,1,1,1,1,1,1,1,1,1,1
2,570,2,4,4,4,4,4,4,4,4,4,4,4,4,4,4,4,4,4,4,4,4
2,572,2,4,4,4,4,4,4,4,4,4,4,4,4,4,4,4,4,4,4,4,4
2,573,2,4,4,4,4,4,4,4,4,4,4,4,4,4,4,4,4,4,4,4,4
2,574,2,4,4,4,4,4,4,4,4,4,4,4,4,4,4,4,4,4,4,4,4
2,575,2,4,4,4,4,4,4,4,4,4,4,4,4,4,4,4,4,4,4,4,4
2,576,2,4,4,4,4,4,4,4,4,4,4,4,4,4,4,4,4,4,4,4,4
2,577,2,4,4,4,4,4,4,4,4,4,4,4,4,4,4,4,4,4,4,4,4
2,578,2,4,4,4,4,4,4,4,4,4,4,4,4,4,4,4,4,4,4,4,4
2,579,2,4,4,4,4,4,4,4,4,4,4,4,4,4,4,4,4,4,4,4,4
2,580,2,4,4,4,4,4,4,4,4,4,4,4,4,4,4,4,4,4,4,4,4
2,581,2,4,4,4,4,4,4,4,4,4,4,4,4,4,4,4,4,4,4,4,4
2,582,2,4,4,4,4,4,4,4,4,4,4,4,4,4,4,4,4,4,4,4,4
2,583,2,4,4,4,4,4,4,4,4,4,4,4,4,4,4,4,4,4,4,4,4
2,584,2,4,4,4,4,4,4,4,4,4,4,4,4,4,4,4,4,4,4,4,4
2,585,2,4,4,4,4,4,4,4,4,4,4,4,4,4,4,4,4,4,4,4,4
2,586,2,4,4,4,4,4,4,4,4,4,4,4,4,4,4,4,4,4,4,4,4
2,587,2,4,4,4,4,4,4,4,4,4,4,4,4,4,4,4,4,4,4,4,4
2,588,2,4,4,4,4,4,4,4,4,4,4,4,4,4,4,4,4,4,4,4,4
2,589,2,4,4,4,4,4,4,4,4,4,4,4,4,4,4,4,4,4,4,4,4
2,590,2,4,4,4,4,4,4,4,4,4,4,4,4,4,4,4,4,4,4,4,4
2,591,2,4,4,4,4,4,4,4,4,4,4,4,4,4,4,4,4,4,4,4,4
2,592,2,4,4,4,4,4,4,4,4,4,4,4,4,4,4,4,4,4,4,4,4
2,593,2,4,4,4,4,4,4,4,4,4,4,4,4,4,4,4,4,4,4,4,4
2,594,2,4,4,4,4,4,4,4,4,4,4,4,4,4,4,4,4,4,4,4,4
2,595,2,4,4,4,4,4,4,4,4,4,4,4,4,4,4,4,4,4,4,4,4
2,596,2,4,4,4,4,4,4,4,4,4,4,4,4,4,4,4,4,4,4,4,4
2,597,2,4,4,4,4,4,4,4,4,4,4,4,4,4,4,4,4,4,4,4,4
2,598,2,4,4,4,4,4,4,4,4,4,4,4,4,4,4,4,4,4,4,4,4
2,599,2,4,4,4,4,4,4,4,4,4,4,4,4,4,4,4,4,4,4,4,4
2,600,2,4,4,4,4,4,4,4,4,4,4,4,4,4,4,4,4,4,4,4,4
2,601,2,4,4,4,4,4,4,4,4,4,4,4,4,4,4,4,4,4,4,4,4
2,602,2,4,4,4,4,4,4,4,4,4,4,4,4,4,4,4,4,4,4,4,4
2,603,2,4,4,4,4,4,4,4,4,4,4,4,4,4,4,4,4,4,4,4,4
2,604,2,4,4,4,4,4,4,4,4,4,4,4,4,4,4,4,4,4,4,4,4
2,605,2,4,4,4,4,4,4,4,4,4,4,4,4,4,4,4,4,4,4,4,4
2,606,2,4,4,4,4,4,4,4,4,4,4,4,4,4,4,4,4,4,4,4,4
2,607,2,4,4,4,4,4,4,4,4,4,4,4,4,4,4,4,4,4,4,4,4
2,608,2,4,4,4,4,4,4,4,4,4,4,4,4,4,4,4,4,4,4,4,4
2,609,2,4,4,4,4,4,4,4,4,4,4,4,4,4,4,4,4,4,4,4,4
2,610,2,4,4,4,4,4,4,4,4,4,4,4,4,4,4,4,4,4,4,4,4
2,611,2,4,4,4,4,4,4,4,4,4,4,4,4,4,4,4,4,4,4,4,4
2,612,2,4,4,4,4,4,4,4,4,4,4,4,4,4,4,4,4,4,4,4,4
2,613,2,4,4,4,4,4,4,4,4,4,4,4,4,4,4,4,4,4,4,4,4
2,614,2,4,4,4,4,4,4,4,4,4,4,4,4,4,4,4,4,4,4,4,4
2,615,2,4,4,4,4,4,4,4,4,4,4,4,4,4,4,4,4,4,4,4,4
2,616,2,4,4,4,4,4,4,4,4,4,4,4,4,4,4,4,4,4,4,4,4
2,617,2,4,4,4,4,4,4,4,4,4,4,4,4,4,4,4,4,4,4,4,4
2,618,2,4,4,4,4,4,4,4,4,4,4,4,4,4,4,4,4,4,4,4,4
2,619,2,4,4,4,4,4,4,4,4,4,4,4,4,4,4,4,4,4,4,4,4
2,620,2,4,4,4,4,4,4,4,4,4,4,4,4,4,4,4,4,4,4,4,4
2,621,2,4,4,4,4,4,4,4,4,4,4,4,4,4,4,4,4,4,4,4,4
2,622,2,4,4,4,4,4,4,4,4,4,4,4,4,4,4,4,4,4,4,4,4
2,623,2,4,4,4,4,4,4,4,4,4,4,4,4,4,4,4,4,4,4,4,4
2,624,2,4,4,4,4,4,4,4,4,4,4,4,4,4,4,4,4,4,4,4,4
2,625,2,4,4,4,4,4,4,4,4,4,4,4,4,4,4,4,4,4,4,4,4
2,626,2,4,4,4,4,4,4,4,4,4,4,4,4,4,4,4,4,4,4,4,4
2,627,2,4,4,4,4,4,4,4,4,4,4,4,4,4,4,4,4,4,4,4,4
2,628,2,4,4,4,4,4,4,4,4,4,4,4,4,4,4,4,4,4,4,4,4
2,629,2,4,4,4,4,4,4,4,4,4,4,4,4,4,4,4,4,4,4,4,4
2,630,2,4,4,4,4,4,4,4,4,4,4,4,4,4,4,4,4,4,4,4,4
2,631,2,4,4,4,4,4,4,4,4,4,4,4,4,4,4,4,4,4,4,4,4
2,632,2,4,4,4,4,4,4,4,4,4,4,4,4,4,4,4,4,4,4,4,4
2,633,2,2,1,1,1,1,1,1,1,1,1,1,1,1,1,1,1,1,1,1,1
2,634,2,4,4,4,4,4,4,4,4,4,4,4,4,4,4,4,4,4,4,4,4
2,635,2,4,4,4,4,4,4,4,4,4,4,4,4,4,4,4,4,4,4,4,4
2,636,2,4,4,4,4,4,4,4,4,4,4,4,4,4,4,4,4,4,4,4,4
2,637,2,4,4,4,4,4,4,4,4,4,4,4,4,4,4,4,4,4,4,4,4
2,638,2,4,4,4,4,4,4,4,4,4,4,4,4,4,4,4,4,4,4,4,4
2,639,2,4,4,4,4,4,4,4,4,4,4,4,4,4,4,4,4,4,4,4,4
2,640,2,4,4,4,4,4,4,4,4,4,4,4,4,4,4,4,4,4,4,4,4
2,641,2,4,4,4,4,4,4,4,4,4,4,4,4,4,4,4,4,4,4,4,4
2,642,2,4,4,4,4,4,4,4,4,4,4,4,4,4,4,4,4,4,4,4,4
2,643,2,4,4,4,4,4,4,4,4,4,4,4,4,4,4,4,4,4,4,4,4
2,644,2,4,4,4,4,4,4,4,4,4,4,4,4,4,4,4,4,4,4,4,4
2,645,2,4,4,4,4,4,4,4,4,4,4,4,4,4,4,4,4,4,4,4,4
2,646,2,4,4,4,4,4,4,4,4,4,4,4,4,4,4,4,4,4,4,4,4
2,647,2,4,4,4,4,4,4,4,4,4,4,4,4,4,4,4,4,4,4,4,4
2,648,2,4,4,4,4,4,4,4,4,4,4,4,4,4,4,4,4,4,4,4,4
2,649,2,4,4,4,4,4,4,4,4,4,4,4,4,4,4,4,4,4,4,4,4
2,650,2,2,1,1,1,1,1,1,1,1,1,1,1,1,1,1,1,1,1,1,1
2,651,2,2,1,1,1,1,1,1,1,1,1,1,1,1,1,1,1,1,1,1,1
2,652,2,2,1,1,1,1,1,1,1,1,1,1,1,1,1,1,1,1,1,1,1
2,653,2,2,1,1,1,1,1,1,1,1,1,1,1,1,1,1,1,1,1,1,1
2,654,2,2,1,1,1,1,1,1,1,1,1,1,1,1,1,1,1,1,1,1,1
2,655,2,2,1,1,1,1,1,1,1,1,1,1,1,1,1,1,1,1,1,1,1
2,656,2,2,1,1,1,1,1,1,1,1,1,1,1,1,1,1,1,1,1,1,1
2,657,2,2,1,1,1,1,1,1,1,1,1,1,1,1,1,1,1,1,1,1,1
2,658,2,2,1,1,1,1,1,1,1,1,1,1,1,1,1,1,1,1,1,1,1
2,659,2,2,1,1,1,1,1,1,1,1,1,1,1,1,1,1,1,1,1,1,1
2,660,2,2,1,1,1,1,1,1,1,1,1,1,1,1,1,1,1,1,1,1,1
2,661,2,2,1,1,1,1,1,1,1,1,1,1,1,1,1,1,1,1,1,1,1
2,662,2,2,1,1,1,1,1,1,1,1,1,1,1,1,1,1,1,1,1,1,1
2,663,2,2,1,1,1,1,1,1,1,1,1,1,1,1,1,1,1,1,1,1,1
2,664,2,2,1,1,1,1,1,1,1,1,1,1,1,1,1,1,1,1,1,1,1
2,665,2,2,1,1,1,1,1,1,1,1,1,1,1,1,1,1,1,1,1,1,1
2,666,2,2,1,1,1,1,1,1,1,1,1,1,1,1,1,1,1,1,1,1,1
2,667,2,2,1,1,1,1,1,1,1,1,1,1,1,1,1,1,1,1,1,1,1
2,668,2,2,1,1,1,1,1,1,1,1,1,1,1,1,1,1,1,1,1,1,1
2,669,2,2,1,1,1,1,1,1,1,1,1,1,1,1,1,1,1,1,1,1,1
2,670,2,2,1,1,1,1,1,1,1,1,1,1,1,1,1,1,1,1,1,1,1
2,671,2,2,1,1,1,1,1,1,1,1,1,1,1,1,1,1,1,1,1,1,1
2,672,2,2,1,1,1,1,1,1,1,1,1,1,1,1,1,1,1,1,1,1,1
2,673,2,2,1,1,1,1,1,1,1,1,1,1,1,1,1,1,1,1,1,1,1
2,674,2,2,1,1,1,1,1,1,1,1,1,1,1,1,1,1,1,1,1,1,1
2,675,2,2,1,1,1,1,1,1,1,1,1,1,1,1,1,1,1,1,1,1,1
2,676,2,2,1,1,1,1,1,1,1,1,1,1,1,1,1,1,1,1,1,1,1
2,677,2,2,1,1,1,1,1,1,1,1,1,1,1,1,1,1,1,1,1,1,1
2,678,2,2,1,1,1,1,1,1,1,1,1,1,1,1,1,1,1,1,1,1,1
2,679,2,2,1,1,1,1,1,1,1,1,1,1,1,1,1,1,1,1,1,1,1
2,680,2,2,1,1,1,1,1,1,1,1,1,1,1,1,1,1,1,1,1,1,1
2,681,2,3,3,3,3,3,3,3,3,3,3,3,3,3,3,3,3,3,3,3,3
2,682,2,4,4,4,4,4,4,4,4,4,4,4,4,4,4,4,4,4,4,4,4
2,683,2,3,3,3,3,3,3,3,3,3,3,3,3,3,3,3,3,3,3,3,3
2,684,2,3,3,3,3,3,3,3,3,3,3,3,3,3,3,3,3,3,3,3,3
2,685,2,3,3,3,3,3,3,3,3,3,3,3,3,3,3,3,3,3,3,3,3
2,686,2,3,3,3,3,3,3,3,3,3,3,3,3,3,3,3,3,3,3,3,3
2,687,2,3,3,3,3,3,3,3,3,3,3,3,3,3,3,3,3,3,3,3,3
2,688,2,4,4,4,4,4,4,4,4,4,4,4,4,4,4,4,4,4,4,4,4
2,689,2,4,4,4,4,4,4,4,4,4,4,4,4,4,4,4,4,4,4,4,4
2,690,2,2,1,1,1,1,1,1,1,1,1,1,1,1,1,1,1,1,1,1,1
2,691,2,2,1,1,1,1,1,1,1,1,1,1,1,1,1,1,1,1,1,1,1
2,693,2,4,4,4,4,4,4,4,4,4,4,4,4,4,4,4,4,4,4,4,4
2,694,3,1,1,1,1,1,1,1,1,1,1,1,1,1,1,1,1,1,1,1,1
2,695,3,1,1,1,1,1,1,1,1,1,1,1,1,1,1,1,1,1,1,1,1
2,696,3,1,1,1,1,1,1,1,1,1,1,1,1,1,1,1,1,1,1,1,1
2,697,3,1,1,1,1,1,1,1,1,1,1,1,1,1,1,1,1,1,1,1,1
2,698,3,1,1,1,1,1,1,1,1,1,1,1,1,1,1,1,1,1,1,1,1
2,699,3,1,1,1,1,1,1,1,1,1,1,1,1,1,1,1,1,1,1,1,1
2,700,3,1,1,1,1,1,1,1,1,1,1,1,1,1,1,1,1,1,1,1,1
2,701,3,1,1,1,1,1,1,1,1,1,1,1,1,1,1,1,1,1,1,1,1
2,702,3,1,1,1,1,1,1,1,1,1,1,1,1,1,1,1,1,1,1,1,1
2,703,3,1,1,1,1,1,1,1,1,1,1,1,1,1,1,1,1,1,1,1,1
2,704,3,1,1,1,1,1,1,1,1,1,1,1,1,1,1,1,1,1,1,1,1
2,705,3,1,1,1,1,1,1,1,1,1,1,1,1,1,1,1,1,1,1,1,1
2,706,3,1,1,1,1,1,1,1,1,1,1,1,1,1,1,1,1,1,1,1,1
2,707,3,1,1,1,1,1,1,1,1,1,1,1,1,1,1,1,1,1,1,1,1
2,708,3,1,1,1,1,1,1,1,1,1,1,1,1,1,1,1,1,1,1,1,1
2,709,3,1,1,1,1,1,1,1,1,1,1,1,1,1,1,1,1,1,1,1,1
2,710,3,1,1,1,1,1,1,1,1,1,1,1,1,1,1,1,1,1,1,1,1
2,711,3,1,1,1,1,1,1,1,1,1,1,1,1,1,1,1,1,1,1,1,1
2,712,3,1,1,1,1,1,1,1,1,1,1,1,1,1,1,1,1,1,1,1,1
2,713,3,1,1,1,1,1,1,1,1,1,1,1,1,1,1,1,1,1,1,1,1
2,714,3,1,1,1,1,1,1,1,1,1,1,1,1,1,1,1,1,1,1,1,1
2,715,3,1,1,1,1,1,1,1,1,1,1,1,1,1,1,1,1,1,1,1,1
2,716,3,1,1,1,1,1,1,1,1,1,1,1,1,1,1,1,1,1,1,1,1
2,717,3,1,1,1,1,1,1,1,1,1,1,1,1,1,1,1,1,1,1,1,1
2,718,3,1,1,1,1,1,1,1,1,1,1,1,1,1,1,1,1,1,1,1,1
2,719,3,1,1,1,1,1,1,1,1,1,1,1,1,1,1,1,1,1,1,1,1
2,720,3,1,1,1,1,1,1,1,1,1,1,1,1,1,1,1,1,1,1,1,1
2,721,3,1,1,1,1,1,1,1,1,1,1,1,1,1,1,1,1,1,1,1,1
2,722,3,1,1,1,1,1,1,1,1,1,1,1,1,1,1,1,1,1,1,1,1
2,723,3,1,1,1,1,1,1,1,1,1,1,1,1,1,1,1,1,1,1,1,1
2,724,3,1,1,1,1,1,1,1,1,1,1,1,1,1,1,1,1,1,1,1,1
2,725,3,1,1,1,1,1,1,1,1,1,1,1,1,1,1,1,1,1,1,1,1
2,726,3,1,1,1,1,1,1,1,1,1,1,1,1,1,1,1,1,1,1,1,1
2,727,3,1,1,1,1,1,1,1,1,1,1,1,1,1,1,1,1,1,1,1,1
2,728,3,1,1,1,1,1,1,1,1,1,1,1,1,1,1,1,1,1,1,1,1
2,729,3,1,1,1,1,1,1,1,1,1,1,1,1,1,1,1,1,1,1,1,1
2,730,3,1,1,1,1,1,1,1,1,1,1,1,1,1,1,1,1,1,1,1,1
2,731,3,1,1,1,1,1,1,1,1,1,1,1,1,1,1,1,1,1,1,1,1
2,732,3,1,1,1,1,1,1,1,1,1,1,1,1,1,1,1,1,1,1,1,1
2,733,3,1,1,1,1,1,1,1,1,1,1,1,1,1,1,1,1,1,1,1,1
2,734,3,1,1,1,1,1,1,1,1,1,1,1,1,1,1,1,1,1,1,1,1
2,735,4,5,5,5,5,5,5,5,5,5,5,5,5,5,5,5,5,5,5,5,5
2,736,4,5,5,5,5,5,5,5,5,5,5,5,5,5,5,5,5,5,5,5,5
2,737,4,5,5,5,5,5,5,5,5,5,5,5,5,5,5,5,5,5,5,5,5
2,738,4,5,5,5,5,5,5,5,5,5,5,5,5,5,5,5,5,5,5,5,5
2,739,4,5,5,5,5,5,5,5,5,5,5,5,5,5,5,5,5,5,5,5,5
2,740,4,5,5,5,5,5,5,5,5,5,5,5,5,5,5,5,5,5,5,5,5
2,741,4,5,5,5,5,5,5,5,5,5,5,5,5,5,5,5,5,5,5,5,5
2,742,4,5,5,5,5,5,5,5,5,5,5,5,5,5,5,5,5,5,5,5,5
2,743,4,5,5,5,5,5,5,5,5,5,5,5,5,5,5,5,5,5,5,5,5
2,744,4,5,5,5,5,5,5,5,5,5,5,5,5,5,5,5,5,5,5,5,5
2,745,4,5,5,5,5,5,5,5,5,5,5,5,5,5,5,5,5,5,5,5,5
2,746,4,5,5,5,5,5,5,5,5,5,5,5,5,5,5,5,5,5,5,5,5
2,747,4,5,5,5,5,5,5,5,5,5,5,5,5,5,5,5,5,5,5,5,5
2,748,4,5,5,5,5,5,5,5,5,5,5,5,5,5,5,5,5,5,5,5,5
2,749,4,5,5,5,5,5,5,5,5,5,5,5,5,5,5,5,5,5,5,5,5
2,750,4,5,5,5,5,5,5,5,5,5,5,5,5,5,5,5,5,5,5,5,5
2,751,4,5,5,5,5,5,5,5,5,5,5,5,5,5,5,5,5,5,5,5,5
2,752,4,5,5,5,5,5,5,5,5,5,5,5,5,5,5,5,5,5,5,5,5
2,753,4,5,5,5,5,5,5,5,5,5,5,5,5,5,5,5,5,5,5,5,5
2,754,4,5,5,5,5,5,5,5,5,5,5,5,5,5,5,5,5,5,5,5,5
2,755,4,5,5,5,5,5,5,5,5,5,5,5,5,5,5,5,5,5,5,5,5
2,756,4,5,5,5,5,5,5,5,5,5,5,5,5,5,5,5,5,5,5,5,5
2,757,4,5,5,5,5,5,5,5,5,5,5,5,5,5,5,5,5,5,5,5,5
2,758,4,5,5,5,5,5,5,5,5,5,5,5,5,5,5,5,5,5,5,5,5
2,759,4,5,5,5,5,5,5,5,5,5,5,5,5,5,5,5,5,5,5,5,5
2,760,4,5,5,5,5,5,5,5,5,5,5,5,5,5,5,5,5,5,5,5,5
2,761,4,5,5,5,5,5,5,5,5,5,5,5,5,5,5,5,5,5,5,5,5
2,762,4,5,5,5,5,5,5,5,5,5,5,5,5,5,5,5,5,5,5,5,5
2,763,4,5,5,5,5,5,5,5,5,5,5,5,5,5,5,5,5,5,5,5,5
2,764,4,5,5,5,5,5,5,5,5,5,5,5,5,5,5,5,5,5,5,5,5
2,765,4,5,5,5,5,5,5,5,5,5,5,5,5,5,5,5,5,5,5,5,5
2,766,4,5,5,5,5,5,5,5,5,5,5,5,5,5,5,5,5,5,5,5,5
2,767,4,5,5,5,5,5,5,5,5,5,5,5,5,5,5,5,5,5,5,5,5
2,768,4,5,5,5,5,5,5,5,5,5,5,5,5,5,5,5,5,5,5,5,5
2,769,4,5,5,5,5,5,5,5,5,5,5,5,5,5,5,5,5,5,5,5,5
2,770,4,5,5,5,5,5,5,5,5,5,5,5,5,5,5,5,5,5,5,5,5
2,771,4,5,5,5,5,5,5,5,5,5,5,5,5,5,5,5,5,5,5,5,5
2,772,4,5,5,5,5,5,5,5,5,5,5,5,5,5,5,5,5,5,5,5,5
2,773,4,5,5,5,5,5,5,5,5,5,5,5,5,5,5,5,5,5,5,5,5
2,774,4,5,5,5,5,5,5,5,5,5,5,5,5,5,5,5,5,5,5,5,5
2,775,4,5,5,5,5,5,5,5,5,5,5,5,5,5,5,5,5,5,5,5,5
2,776,4,5,5,5,5,5,5,5,5,5,5,5,5,5,5,5,5,5,5,5,5
2,777,4,5,5,5,5,5,5,5,5,5,5,5,5,5,5,5,5,5,5,5,5
2,778,4,5,5,5,5,5,5,5,5,5,5,5,5,5,5,5,5,5,5,5,5
2,779,4,5,5,5,5,5,5,5,5,5,5,5,5,5,5,5,5,5,5,5,5
2,780,4,5,5,5,5,5,5,5,5,5,5,5,5,5,5,5,5,5,5,5,5
2,781,4,5,5,5,5,5,5,5,5,5,5,5,5,5,5,5,5,5,5,5,5
2,782,4,5,5,5,5,5,5,5,5,5,5,5,5,5,5,5,5,5,5,5,5
2,783,4,5,5,5,5,5,5,5,5,5,5,5,5,5,5,5,5,5,5,5,5
2,784,4,5,5,5,5,5,5,5,5,5,5,5,5,5,5,5,5,5,5,5,5
2,785,4,5,5,5,5,5,5,5,5,5,5,5,5,5,5,5,5,5,5,5,5
2,786,4,5,5,5,5,5,5,5,5,5,5,5,5,5,5,5,5,5,5,5,5
2,787,4,5,5,5,5,5,5,5,5,5,5,5,5,5,5,5,5,5,5,5,5
2,788,4,5,5,5,5,5,5,5,5,5,5,5,5,5,5,5,5,5,5,5,5
2,789,4,5,5,5,5,5,5,5,5,5,5,5,5,5,5,5,5,5,5,5,5
2,790,4,5,5,5,5,5,5,5,5,5,5,5,5,5,5,5,5,5,5,5,5
2,791,4,5,5,5,5,5,5,5,5,5,5,5,5,5,5,5,5,5,5,5,5
2,792,4,5,5,5,5,5,5,5,5,5,5,5,5,5,5,5,5,5,5,5,5
2,793,4,5,5,5,5,5,5,5,5,5,5,5,5,5,5,5,5,5,5,5,5
2,794,4,5,5,5,5,5,5,5,5,5,5,5,5,5,5,5,5,5,5,5,5
2,795,4,5,5,5,5,5,5,5,5,5,5,5,5,5,5,5,5,5,5,5,5
2,796,4,5,5,5,5,5,5,5,5,5,5,5,5,5,5,5,5,5,5,5,5
2,797,4,5,5,5,5,5,5,5,5,5,5,5,5,5,5,5,5,5,5,5,5
2,798,4,5,5,5,5,5,5,5,5,5,5,5,5,5,5,5,5,5,5,5,5
2,799,4,5,5,5,5,5,5,5,5,5,5,5,5,5,5,5,5,5,5,5,5
2,800,4,5,5,5,5,5,5,5,5,5,5,5,5,5,5,5,5,5,5,5,5
2,801,4,5,5,5,5,5,5,5,5,5,5,5,5,5,5,5,5,5,5,5,5
2,802,4,5,5,5,5,5,5,5,5,5,5,5,5,5,5,5,5,5,5,5,5
2,803,4,5,5,5,5,5,5,5,5,5,5,5,5,5,5,5,5,5,5,5,5
2,804,4,5,5,5,5,5,5,5,5,5,5,5,5,5,5,5,5,5,5,5,5
2,805,4,5,5,5,5,5,5,5,5,5,5,5,5,5,5,5,5,5,5,5,5
2,806,4,5,5,5,5,5,5,5,5,5,5,5,5,5,5,5,5,5,5,5,5
2,807,4,5,5,5,5,5,5,5,5,5,5,5,5,5,5,5,5,5,5,5,5
2,808,4,5,5,5,5,5,5,5,5,5,5,5,5,5,5,5,5,5,5,5,5
2,809,4,5,5,5,5,5,5,5,5,5,5,5,5,5,5,5,5,5,5,5,5
2,810,4,5,5,5,5,5,5,5,5,5,5,5,5,5,5,5,5,5,5,5,5
2,811,4,5,5,5,5,5,5,5,5,5,5,5,5,5,5,5,5,5,5,5,5
2,812,4,5,5,5,5,5,5,5,5,5,5,5,5,5,5,5,5,5,5,5,5
2,813,4,5,5,5,5,5,5,5,5,5,5,5,5,5,5,5,5,5,5,5,5
2,814,4,5,5,5,5,5,5,5,5,5,5,5,5,5,5,5,5,5,5,5,5
2,815,4,5,5,5,5,5,5,5,5,5,5,5,5,5,5,5,5,5,5,5,5
2,816,4,5,5,5,5,5,5,5,5,5,5,5,5,5,5,5,5,5,5,5,5
2,817,4,5,5,5,5,5,5,5,5,5,5,5,5,5,5,5,5,5,5,5,5
2,818,4,5,5,5,5,5,5,5,5,5,5,5,5,5,5,5,5,5,5,5,5
2,819,4,5,5,5,5,5,5,5,5,5,5,5,5,5,5,5,5,5,5,5,5
2,820,4,5,5,5,5,5,5,5,5,5,5,5,5,5,5,5,5,5,5,5,5
2,821,4,5,5,5,5,5,5,5,5,5,5,5,5,5,5,5,5,5,5,5,5
2,822,4,5,5,5,5,5,5,5,5,5,5,5,5,5,5,5,5,5,5,5,5
2,823,4,5,5,5,5,5,5,5,5,5,5,5,5,5,5,5,5,5,5,5,5
2,824,4,5,5,5,5,5,5,5,5,5,5,5,5,5,5,5,5,5,5,5,5
2,825,4,5,5,5,5,5,5,5,5,5,5,5,5,5,5,5,5,5,5,5,5
2,826,4,5,5,5,5,5,5,5,5,5,5,5,5,5,5,5,5,5,5,5,5
2,827,4,5,5,5,5,5,5,5,5,5,5,5,5,5,5,5,5,5,5,5,5
2,828,4,5,5,5,5,5,5,5,5,5,5,5,5,5,5,5,5,5,5,5,5
2,829,4,5,5,5,5,5,5,5,5,5,5,5,5,5,5,5,5,5,5,5,5
2,830,4,5,5,5,5,5,5,5,5,5,5,5,5,5,5,5,5,5,5,5,5
2,831,4,5,5,5,5,5,5,5,5,5,5,5,5,5,5,5,5,5,5,5,5
2,832,4,5,5,5,5,5,5,5,5,5,5,5,5,5,5,5,5,5,5,5,5
2,833,4,5,5,5,5,5,5,5,5,5,5,5,5,5,5,5,5,5,5,5,5
2,834,4,5,5,5,5,5,5,5,5,5,5,5,5,5,5,5,5,5,5,5,5
2,835,4,5,5,5,5,5,5,5,5,5,5,5,5,5,5,5,5,5,5,5,5
2,836,4,5,5,5,5,5,5,5,5,5,5,5,5,5,5,5,5,5,5,5,5
2,837,4,5,5,5,5,5,5,5,5,5,5,5,5,5,5,5,5,5,5,5,5
2,838,4,5,5,5,5,5,5,5,5,5,5,5,5,5,5,5,5,5,5,5,5
2,839,4,5,5,5,5,5,5,5,5,5,5,5,5,5,5,5,5,5,5,5,5
2,840,4,5,5,5,5,5,5,5,5,5,5,5,5,5,5,5,5,5,5,5,5
2,841,4,5,5,5,5,5,5,5,5,5,5,5,5,5,5,5,5,5,5,5,5
2,842,4,5,5,5,5,5,5,5,5,5,5,5,5,5,5,5,5,5,5,5,5
2,843,4,5,5,5,5,5,5,5,5,5,5,5,5,5,5,5,5,5,5,5,5
2,844,4,5,5,5,5,5,5,5,5,5,5,5,5,5,5,5,5,5,5,5,5
2,845,4,5,5,5,5,5,5,5,5,5,5,5,5,5,5,5,5,5,5,5,5
2,846,4,5,5,5,5,5,5,5,5,5,5,5,5,5,5,5,5,5,5,5,5
2,847,4,5,5,5,5,5,5,5,5,5,5,5,5,5,5,5,5,5,5,5,5
2,848,4,5,5,5,5,5,5,5,5,5,5,5,5,5,5,5,5,5,5,5,5
2,849,4,5,5,5,5,5,5,5,5,5,5,5,5,5,5,5,5,5,5,5,5
2,850,4,5,5,5,5,5,5,5,5,5,5,5,5,5,5,5,5,5,5,5,5
2,851,4,5,5,5,5,5,5,5,5,5,5,5,5,5,5,5,5,5,5,5,5
2,852,4,5,5,5,5,5,5,5,5,5,5,5,5,5,5,5,5,5,5,5,5
2,853,4,5,5,5,5,5,5,5,5,5,5,5,5,5,5,5,5,5,5,5,5
2,854,4,5,5,5,5,5,5,5,5,5,5,5,5,5,5,5,5,5,5,5,5
2,855,4,5,5,5,5,5,5,5,5,5,5,5,5,5,5,5,5,5,5,5,5
2,856,4,5,5,5,5,5,5,5,5,5,5,5,5,5,5,5,5,5,5,5,5
2,857,4,5,5,5,5,5,5,5,5,5,5,5,5,5,5,5,5,5,5,5,5
2,858,4,5,5,5,5,5,5,5,5,5,5,5,5,5,5,5,5,5,5,5,5
2,859,4,5,5,5,5,5,5,5,5,5,5,5,5,5,5,5,5,5,5,5,5
2,860,4,5,5,5,5,5,5,5,5,5,5,5,5,5,5,5,5,5,5,5,5
2,861,4,5,5,5,5,5,5,5,5,5,5,5,5,5,5,5,5,5,5,5,5
2,862,4,5,5,5,5,5,5,5,5,5,5,5,5,5,5,5,5,5,5,5,5
2,863,4,5,5,5,5,5,5,5,5,5,5,5,5,5,5,5,5,5,5,5,5
2,864,4,5,5,5,5,5,5,5,5,5,5,5,5,5,5,5,5,5,5,5,5
2,865,4,5,5,5,5,5,5,5,5,5,5,5,5,5,5,5,5,5,5,5,5
2,866,4,5,5,5,5,5,5,5,5,5,5,5,5,5,5,5,5,5,5,5,5
2,867,4,5,5,5,5,5,5,5,5,5,5,5,5,5,5,5,5,5,5,5,5
2,868,4,5,5,5,5,5,5,5,5,5,5,5,5,5,5,5,5,5,5,5,5
2,869,4,5,5,5,5,5,5,5,5,5,5,5,5,5,5,5,5,5,5,5,5
2,870,4,8,8,8,8,8,8,8,8,8,8,8,8,8,8,8,8,8,8,8,8
2,871,4,8,8,8,8,8,8,8,8,8,8,8,8,8,8,8,8,8,8,8,8
2,872,4,8,8,8,8,8,8,8,8,8,8,8,8,8,8,8,8,8,8,8,8
2,873,4,5,5,5,5,5,5,5,5,5,5,5,5,5,5,5,5,5,5,5,5
2,874,4,5,5,5,5,5,5,5,5,5,5,5,5,5,5,5,5,5,5,5,5
2,875,4,5,5,5,5,5,5,5,5,5,5,5,5,5,5,5,5,5,5,5,5
2,876,4,5,5,5,5,5,5,5,5,5,5,5,5,5,5,5,5,5,5,5,5
2,877,4,5,5,5,5,5,5,5,5,5,5,5,5,5,5,5,5,5,5,5,5
2,878,4,5,5,5,5,5,5,5,5,5,5,5,5,5,5,5,5,5,5,5,5
2,879,4,5,5,5,5,5,5,5,5,5,5,5,5,5,5,5,5,5,5,5,5
2,880,4,8,8,8,8,8,8,8,8,8,8,8,8,8,8,8,8,8,8,8,8
2,881,4,8,8,8,8,8,8,8,8,8,8,8,8,8,8,8,8,8,8,8,8
2,882,4,8,8,8,8,8,8,8,8,8,8,8,8,8,8,8,8,8,8,8,8
2,883,4,8,8,8,8,8,8,8,8,8,8,8,8,8,8,8,8,8,8,8,8
2,884,4,8,8,8,8,8,8,8,8,8,8,8,8,8,8,8,8,8,8,8,8
2,885,4,8,8,8,8,8,8,8,8,8,8,8,8,8,8,8,8,8,8,8,8
2,886,4,8,8,8,8,8,8,8,8,8,8,8,8,8,8,8,8,8,8,8,8
2,887,4,8,8,8,8,8,8,8,8,8,8,8,8,8,8,8,8,8,8,8,8
2,888,4,5,5,5,5,5,5,5,5,5,5,5,5,5,5,5,5,5,5,5,5
2,889,4,5,5,5,5,5,5,5,5,5,5,5,5,5,5,5,5,5,5,5,5
2,890,4,5,5,5,5,5,5,5,5,5,5,5,5,5,5,5,5,5,5,5,5
2,891,4,5,5,5,5,5,5,5,5,5,5,5,5,5,5,5,5,5,5,5,5
2,892,4,5,5,5,5,5,5,5,5,5,5,5,5,5,5,5,5,5,5,5,5
2,893,4,5,5,5,5,5,5,5,5,5,5,5,5,5,5,5,5,5,5,5,5
2,894,4,5,5,5,5,5,5,5,5,5,5,5,5,5,5,5,5,5,5,5,5
2,895,4,5,5,5,5,5,5,5,5,5,5,5,5,5,5,5,5,5,5,5,5
2,896,4,5,5,5,5,5,5,5,5,5,5,5,5,5,5,5,5,5,5,5,5
2,897,4,5,5,5,5,5,5,5,5,5,5,5,5,5,5,5,5,5,5,5,5
2,898,4,5,5,5,5,5,5,5,5,5,5,5,5,5,5,5,5,5,5,5,5
2,899,4,5,5,5,5,5,5,5,5,5,5,5,5,5,5,5,5,5,5,5,5
2,900,4,8,8,8,8,8,8,8,8,8,8,8,8,8,8,8,8,8,8,8,8
2,901,4,8,8,8,8,8,8,8,8,8,8,8,8,8,8,8,8,8,8,8,8
2,902,4,5,5,5,5,5,5,5,5,5,5,5,5,5,5,5,5,5,5,5,5
2,903,4,5,5,5,5,5,5,5,5,5,5,5,5,5,5,5,5,5,5,5,5
2,904,4,5,5,5,5,5,5,5,5,5,5,5,5,5,5,5,5,5,5,5,5
2,905,4,5,5,5,5,5,5,5,5,5,5,5,5,5,5,5,5,5,5,5,5
2,906,4,5,5,5,5,5,5,5,5,5,5,5,5,5,5,5,5,5,5,5,5
2,907,4,5,5,5,5,5,5,5,5,5,5,5,5,5,5,5,5,5,5,5,5
2,908,4,5,5,5,5,5,5,5,5,5,5,5,5,5,5,5,5,5,5,5,5
2,909,4,5,5,5,5,5,5,5,5,5,5,5,5,5,5,5,5,5,5,5,5
2,910,4,5,5,5,5,5,5,5,5,5,5,5,5,5,5,5,5,5,5,5,5
2,911,4,5,5,5,5,5,5,5,5,5,5,5,5,5,5,5,5,5,5,5,5
2,912,4,5,5,5,5,5,5,5,5,5,5,5,5,5,5,5,5,5,5,5,5
2,913,4,5,5,5,5,5,5,5,5,5,5,5,5,5,5,5,5,5,5,5,5
2,914,4,5,5,5,5,5,5,5,5,5,5,5,5,5,5,5,5,5,5,5,5
2,915,4,5,5,5,5,5,5,5,5,5,5,5,5,5,5,5,5,5,5,5,5
2,916,4,5,5,5,5,5,5,5,5,5,5,5,5,5,5,5,5,5,5,5,5
2,917,4,5,5,5,5,5,5,5,5,5,5,5,5,5,5,5,5,5,5,5,5
2,918,4,5,5,5,5,5,5,5,5,5,5,5,5,5,5,5,5,5,5,5,5
2,919,4,5,5,5,5,5,5,5,5,5,5,5,5,5,5,5,5,5,5,5,5
2,920,4,5,5,5,5,5,5,5,5,5,5,5,5,5,5,5,5,5,5,5,5
2,921,4,5,5,5,5,5,5,5,5,5,5,5,5,5,5,5,5,5,5,5,5
2,922,4,5,5,5,5,5,5,5,5,5,5,5,5,5,5,5,5,5,5,5,5
2,923,4,5,5,5,5,5,5,5,5,5,5,5,5,5,5,5,5,5,5,5,5
2,924,4,5,5,5,5,5,5,5,5,5,5,5,5,5,5,5,5,5,5,5,5
2,925,4,5,5,5,5,5,5,5,5,5,5,5,5,5,5,5,5,5,5,5,5
2,926,4,5,5,5,5,5,5,5,5,5,5,5,5,5,5,5,5,5,5,5,5
2,927,4,8,8,8,8,8,8,8,8,8,8,8,8,8,8,8,8,8,8,8,8
2,928,4,8,8,8,8,8,8,8,8,8,8,8,8,8,8,8,8,8,8,8,8
2,929,4,8,8,8,8,8,8,8,8,8,8,8,8,8,8,8,8,8,8,8,8
2,930,4,8,8,8,8,8,8,8,8,8,8,8,8,8,8,8,8,8,8,8,8
2,931,4,8,8,8,8,8,8,8,8,8,8,8,8,8,8,8,8,8,8,8,8
2,932,4,8,8,8,8,8,8,8,8,8,8,8,8,8,8,8,8,8,8,8,8
2,933,4,8,8,8,8,8,8,8,8,8,8,8,8,8,8,8,8,8,8,8,8
2,934,4,8,8,8,8,8,8,8,8,8,8,8,8,8,8,8,8,8,8,8,8
2,935,4,8,8,8,8,8,8,8,8,8,8,8,8,8,8,8,8,8,8,8,8
2,936,4,8,8,8,8,8,8,8,8,8,8,8,8,8,8,8,8,8,8,8,8
2,937,4,8,8,8,8,8,8,8,8,8,8,8,8,8,8,8,8,8,8,8,8
2,938,4,8,8,8,8,8,8,8,8,8,8,8,8,8,8,8,8,8,8,8,8
2,939,4,8,8,8,8,8,8,8,8,8,8,8,8,8,8,8,8,8,8,8,8
2,940,4,8,8,8,8,8,8,8,8,8,8,8,8,8,8,8,8,8,8,8,8
2,941,4,8,8,8,8,8,8,8,8,8,8,8,8,8,8,8,8,8,8,8,8
2,942,4,8,8,8,8,8,8,8,8,8,8,8,8,8,8,8,8,8,8,8,8
2,943,4,8,8,8,8,8,8,8,8,8,8,8,8,8,8,8,8,8,8,8,8
2,944,4,5,5,5,5,5,5,5,5,5,5,5,5,5,5,5,5,5,5,5,5
2,945,4,5,5,5,5,5,5,5,5,5,5,5,5,5,5,5,5,5,5,5,5
2,946,4,5,5,5,5,5,5,5,5,5,5,5,5,5,5,5,5,5,5,5,5
2,947,4,5,5,5,5,5,5,5,5,5,5,5,5,5,5,5,5,5,5,5,5
2,948,4,5,5,5,5,5,5,5,5,5,5,5,5,5,5,5,5,5,5,5,5
2,949,4,5,5,5,5,5,5,5,5,5,5,5,5,5,5,5,5,5,5,5,5
2,950,4,5,5,5,5,5,5,5,5,5,5,5,5,5,5,5,5,5,5,5,5
2,951,4,5,5,5,5,5,5,5,5,5,5,5,5,5,5,5,5,5,5,5,5
2,952,4,5,5,5,5,5,5,5,5,5,5,5,5,5,5,5,5,5,5,5,5
2,953,4,5,5,5,5,5,5,5,5,5,5,5,5,5,5,5,5,5,5,5,5
2,954,4,5,5,5,5,5,5,5,5,5,5,5,5,5,5,5,5,5,5,5,5
2,955,4,5,5,5,5,5,5,5,5,5,5,5,5,5,5,5,5,5,5,5,5
2,956,4,5,5,5,5,5,5,5,5,5,5,5,5,5,5,5,5,5,5,5,5
2,957,4,8,8,8,8,8,8,8,8,8,8,8,8,8,8,8,8,8,8,8,8
2,958,4,8,8,8,8,8,8,8,8,8,8,8,8,8,8,8,8,8,8,8,8
2,959,4,8,8,8,8,8,8,8,8,8,8,8,8,8,8,8,8,8,8,8,8
2,960,4,8,8,8,8,8,8,8,8,8,8,8,8,8,8,8,8,8,8,8,8
2,961,4,8,8,8,8,8,8,8,8,8,8,8,8,8,8,8,8,8,8,8,8
2,962,4,8,8,8,8,8,8,8,8,8,8,8,8,8,8,8,8,8,8,8,8
2,963,4,8,8,8,8,8,8,8,8,8,8,8,8,8,8,8,8,8,8,8,8
2,964,4,8,8,8,8,8,8,8,8,8,8,8,8,8,8,8,8,8,8,8,8
2,965,4,8,8,8,8,8,8,8,8,8,8,8,8,8,8,8,8,8,8,8,8
2,966,4,7,7,7,7,7,7,7,7,7,7,7,7,7,7,7,7,7,7,7,7
2,967,4,7,7,7,7,7,7,7,7,7,7,7,7,7,7,7,7,7,7,7,7
2,968,4,7,7,7,7,7,7,7,7,7,7,7,7,7,7,7,7,7,7,7,7
2,969,4,7,7,7,7,7,7,7,7,7,7,7,7,7,7,7,7,7,7,7,7
2,970,4,8,8,8,8,8,8,8,8,8,8,8,8,8,8,8,8,8,8,8,8
2,971,4,8,8,8,8,8,8,8,8,8,8,8,8,8,8,8,8,8,8,8,8
2,972,4,8,8,8,8,8,8,8,8,8,8,8,8,8,8,8,8,8,8,8,8
2,973,4,8,8,8,8,8,8,8,8,8,8,8,8,8,8,8,8,8,8,8,8
2,974,4,8,8,8,8,8,8,8,8,8,8,8,8,8,8,8,8,8,8,8,8
2,975,4,8,8,8,8,8,8,8,8,8,8,8,8,8,8,8,8,8,8,8,8
2,976,4,8,8,8,8,8,8,8,8,8,8,8,8,8,8,8,8,8,8,8,8
2,977,4,5,5,5,5,5,5,5,5,5,5,5,5,5,5,5,5,5,5,5,5
2,978,4,5,5,5,5,5,5,5,5,5,5,5,5,5,5,5,5,5,5,5,5
2,979,4,5,5,5,5,5,5,5,5,5,5,5,5,5,5,5,5,5,5,5,5
2,980,4,5,5,5,5,5,5,5,5,5,5,5,5,5,5,5,5,5,5,5,5
2,981,4,5,5,5,5,5,5,5,5,5,5,5,5,5,5,5,5,5,5,5,5
2,982,4,5,5,5,5,5,5,5,5,5,5,5,5,5,5,5,5,5,5,5,5
2,983,4,5,5,5,5,5,5,5,5,5,5,5,5,5,5,5,5,5,5,5,5
2,984,4,5,5,5,5,5,5,5,5,5,5,5,5,5,5,5,5,5,5,5,5
2,985,4,5,5,5,5,5,5,5,5,5,5,5,5,5,5,5,5,5,5,5,5
2,986,4,5,5,5,5,5,5,5,5,5,5,5,5,5,5,5,5,5,5,5,5
2,987,4,5,5,5,5,5,5,5,5,5,5,5,5,5,5,5,5,5,5,5,5
2,988,4,5,5,5,5,5,5,5,5,5,5,5,5,5,5,5,5,5,5,5,5
2,989,4,5,5,5,5,5,5,5,5,5,5,5,5,5,5,5,5,5,5,5,5
2,990,4,5,5,5,5,5,5,5,5,5,5,5,5,5,5,5,5,5,5,5,5
2,991,4,5,5,5,5,5,5,5,5,5,5,5,5,5,5,5,5,5,5,5,5
2,992,4,5,5,5,5,5,5,5,5,5,5,5,5,5,5,5,5,5,5,5,5
2,993,4,5,5,5,5,5,5,5,5,5,5,5,5,5,5,5,5,5,5,5,5
2,994,4,5,5,5,5,5,5,5,5,5,5,5,5,5,5,5,5,5,5,5,5
2,995,4,5,5,5,5,5,5,5,5,5,5,5,5,5,5,5,5,5,5,5,5
2,996,4,5,5,5,5,5,5,5,5,5,5,5,5,5,5,5,5,5,5,5,5
2,997,4,5,5,5,5,5,5,5,5,5,5,5,5,5,5,5,5,5,5,5,5
2,998,4,5,5,5,5,5,5,5,5,5,5,5,5,5,5,5,5,5,5,5,5
2,999,4,7,7,7,7,7,7,7,7,7,7,7,7,7,7,7,7,7,7,7,7
2,1000,4,7,7,7,7,7,7,7,7,7,7,7,7,7,7,7,7,7,7,7,7
2,1001,4,7,7,7,7,7,7,7,7,7,7,7,7,7,7,7,7,7,7,7,7
2,1002,4,7,7,7,7,7,7,7,7,7,7,7,7,7,7,7,7,7,7,7,7
2,1003,4,7,7,7,7,7,7,7,7,7,7,7,7,7,7,7,7,7,7,7,7
2,1004,4,7,7,7,7,7,7,7,7,7,7,7,7,7,7,7,7,7,7,7,7
2,1005,4,7,7,7,7,7,7,7,7,7,7,7,7,7,7,7,7,7,7,7,7
2,1006,4,7,7,7,7,7,7,7,7,7,7,7,7,7,7,7,7,7,7,7,7
2,1007,4,7,7,7,7,7,7,7,7,7,7,7,7,7,7,7,7,7,7,7,7
2,1008,4,7,7,7,7,7,7,7,7,7,7,7,7,7,7,7,7,7,7,7,7
2,1009,4,7,7,7,7,7,7,7,7,7,7,7,7,7,7,7,7,7,7,7,7
2,1010,4,7,7,7,7,7,7,7,7,7,7,7,7,7,7,7,7,7,7,7,7
2,1011,4,7,7,7,7,7,7,7,7,7,7,7,7,7,7,7,7,7,7,7,7
2,1012,4,7,7,7,7,7,7,7,7,7,7,7,7,7,7,7,7,7,7,7,7
2,1013,4,7,7,7,7,7,7,7,7,7,7,7,7,7,7,7,7,7,7,7,7
2,1014,4,8,8,8,8,8,8,8,8,8,8,8,8,8,8,8,8,8,8,8,8
2,1015,4,8,8,8,8,8,8,8,8,8,8,8,8,8,8,8,8,8,8,8,8
2,1016,4,8,8,8,8,8,8,8,8,8,8,8,8,8,8,8,8,8,8,8,8
2,1017,4,5,5,5,5,5,5,5,5,5,5,5,5,5,5,5,5,5,5,5,5
2,1018,4,5,5,5,5,5,5,5,5,5,5,5,5,5,5,5,5,5,5,5,5
2,1019,4,8,8,8,8,8,8,8,8,8,8,8,8,8,8,8,8,8,8,8,8
2,1020,4,8,8,8,8,8,8,8,8,8,8,8,8,8,8,8,8,8,8,8,8
2,1021,4,8,8,8,8,8,8,8,8,8,8,8,8,8,8,8,8,8,8,8,8
2,1022,4,8,8,8,8,8,8,8,8,8,8,8,8,8,8,8,8,8,8,8,8
2,1023,4,5,5,5,5,5,5,5,5,5,5,5,5,5,5,5,5,5,5,5,5
2,1024,4,5,5,5,5,5,5,5,5,5,5,5,5,5,5,5,5,5,5,5,5
2,1025,4,8,8,8,8,8,8,8,8,8,8,8,8,8,8,8,8,8,8,8,8
2,1026,4,5,5,5,5,5,5,5,5,5,5,5,5,5,5,5,5,5,5,5,5
2,1027,4,5,5,5,5,5,5,5,5,5,5,5,5,5,5,5,5,5,5,5,5
2,1028,4,5,5,5,5,5,5,5,5,5,5,5,5,5,5,5,5,5,5,5,5
2,1029,4,5,5,5,5,5,5,5,5,5,5,5,5,5,5,5,5,5,5,5,5
2,1030,4,7,7,7,7,7,7,7,7,7,7,7,7,7,7,7,7,7,7,7,7
2,1031,4,7,7,7,7,7,7,7,7,7,7,7,7,7,7,7,7,7,7,7,7
2,1032,4,7,7,7,7,7,7,7,7,7,7,7,7,7,7,7,7,7,7,7,7
2,1033,4,7,7,7,7,7,7,7,7,7,7,7,7,7,7,7,7,7,7,7,7
2,1034,4,7,7,7,7,7,7,7,7,7,7,7,7,7,7,7,7,7,7,7,7
2,1035,4,7,7,7,7,7,7,7,7,7,7,7,7,7,7,7,7,7,7,7,7
2,1036,4,7,7,7,7,7,7,7,7,7,7,7,7,7,7,7,7,7,7,7,7
2,1037,4,7,7,7,7,7,7,7,7,7,7,7,7,7,7,7,7,7,7,7,7
2,1038,4,8,8,8,8,8,8,8,8,8,8,8,8,8,8,8,8,8,8,8,8
2,1039,4,8,8,8,8,8,8,8,8,8,8,8,8,8,8,8,8,8,8,8,8
2,1040,4,8,8,8,8,8,8,8,8,8,8,8,8,8,8,8,8,8,8,8,8
2,1041,4,8,8,8,8,8,8,8,8,8,8,8,8,8,8,8,8,8,8,8,8
2,1042,4,8,8,8,8,8,8,8,8,8,8,8,8,8,8,8,8,8,8,8,8
2,1043,4,8,8,8,8,8,8,8,8,8,8,8,8,8,8,8,8,8,8,8,8
2,1044,4,8,8,8,8,8,8,8,8,8,8,8,8,8,8,8,8,8,8,8,8
2,1045,4,8,8,8,8,8,8,8,8,8,8,8,8,8,8,8,8,8,8,8,8
2,1046,4,8,8,8,8,8,8,8,8,8,8,8,8,8,8,8,8,8,8,8,8
2,1047,4,8,8,8,8,8,8,8,8,8,8,8,8,8,8,8,8,8,8,8,8
2,1048,4,8,8,8,8,8,8,8,8,8,8,8,8,8,8,8,8,8,8,8,8
2,1049,4,8,8,8,8,8,8,8,8,8,8,8,8,8,8,8,8,8,8,8,8
2,1050,4,6,6,6,6,6,6,6,6,6,6,6,6,6,6,6,6,6,6,6,6
2,1051,4,8,8,8,8,8,8,8,8,8,8,8,8,8,8,8,8,8,8,8,8
2,1052,4,8,8,8,8,8,8,8,8,8,8,8,8,8,8,8,8,8,8,8,8
2,1053,4,8,8,8,8,8,8,8,8,8,8,8,8,8,8,8,8,8,8,8,8
2,1054,4,8,8,8,8,8,8,8,8,8,8,8,8,8,8,8,8,8,8,8,8
2,1055,4,8,8,8,8,8,8,8,8,8,8,8,8,8,8,8,8,8,8,8,8
2,1056,4,8,8,8,8,8,8,8,8,8,8,8,8,8,8,8,8,8,8,8,8
2,1057,4,8,8,8,8,8,8,8,8,8,8,8,8,8,8,8,8,8,8,8,8
2,1058,4,8,8,8,8,8,8,8,8,8,8,8,8,8,8,8,8,8,8,8,8
2,1059,4,8,8,8,8,8,8,8,8,8,8,8,8,8,8,8,8,8,8,8,8
2,1060,4,8,8,8,8,8,8,8,8,8,8,8,8,8,8,8,8,8,8,8,8
2,1061,4,8,8,8,8,8,8,8,8,8,8,8,8,8,8,8,8,8,8,8,8
2,1062,4,8,8,8,8,8,8,8,8,8,8,8,8,8,8,8,8,8,8,8,8
2,1063,4,8,8,8,8,8,8,8,8,8,8,8,8,8,8,8,8,8,8,8,8
2,1064,4,8,8,8,8,8,8,8,8,8,8,8,8,8,8,8,8,8,8,8,8
2,1065,4,8,8,8,8,8,8,8,8,8,8,8,8,8,8,8,8,8,8,8,8
2,1066,4,8,8,8,8,8,8,8,8,8,8,8,8,8,8,8,8,8,8,8,8
2,1067,4,8,8,8,8,8,8,8,8,8,8,8,8,8,8,8,8,8,8,8,8
2,1068,4,8,8,8,8,8,8,8,8,8,8,8,8,8,8,8,8,8,8,8,8
2,1069,4,8,8,8,8,8,8,8,8,8,8,8,8,8,8,8,8,8,8,8,8
2,1070,4,8,8,8,8,8,8,8,8,8,8,8,8,8,8,8,8,8,8,8,8
2,1071,4,8,8,8,8,8,8,8,8,8,8,8,8,8,8,8,8,8,8,8,8
2,1072,4,8,8,8,8,8,8,8,8,8,8,8,8,8,8,8,8,8,8,8,8
2,1073,4,8,8,8,8,8,8,8,8,8,8,8,8,8,8,8,8,8,8,8,8
2,1074,4,8,8,8,8,8,8,8,8,8,8,8,8,8,8,8,8,8,8,8,8
2,1075,4,8,8,8,8,8,8,8,8,8,8,8,8,8,8,8,8,8,8,8,8
2,1076,4,8,8,8,8,8,8,8,8,8,8,8,8,8,8,8,8,8,8,8,8
2,1077,4,8,8,8,8,8,8,8,8,8,8,8,8,8,8,8,8,8,8,8,8
2,1078,4,8,8,8,8,8,8,8,8,8,8,8,8,8,8,8,8,8,8,8,8
2,1079,4,8,8,8,8,8,8,8,8,8,8,8,8,8,8,8,8,8,8,8,8
2,1080,4,8,8,8,8,8,8,8,8,8,8,8,8,8,8,8,8,8,8,8,8
2,1081,4,8,8,8,8,8,8,8,8,8,8,8,8,8,8,8,8,8,8,8,8
2,1082,4,8,8,8,8,8,8,8,8,8,8,8,8,8,8,8,8,8,8,8,8
2,1083,4,8,8,8,8,8,8,8,8,8,8,8,8,8,8,8,8,8,8,8,8
2,1084,4,8,8,8,8,8,8,8,8,8,8,8,8,8,8,8,8,8,8,8,8
2,1085,4,8,8,8,8,8,8,8,8,8,8,8,8,8,8,8,8,8,8,8,8
2,1086,4,8,8,8,8,8,8,8,8,8,8,8,8,8,8,8,8,8,8,8,8
2,1087,4,8,8,8,8,8,8,8,8,8,8,8,8,8,8,8,8,8,8,8,8
2,1088,4,8,8,8,8,8,8,8,8,8,8,8,8,8,8,8,8,8,8,8,8
2,1089,4,8,8,8,8,8,8,8,8,8,8,8,8,8,8,8,8,8,8,8,8
2,1090,4,8,8,8,8,8,8,8,8,8,8,8,8,8,8,8,8,8,8,8,8
2,1091,4,8,8,8,8,8,8,8,8,8,8,8,8,8,8,8,8,8,8,8,8
2,1092,4,8,8,8,8,8,8,8,8,8,8,8,8,8,8,8,8,8,8,8,8
2,1093,4,8,8,8,8,8,8,8,8,8,8,8,8,8,8,8,8,8,8,8,8
2,1094,4,8,8,8,8,8,8,8,8,8,8,8,8,8,8,8,8,8,8,8,8
2,1095,4,8,8,8,8,8,8,8,8,8,8,8,8,8,8,8,8,8,8,8,8
2,1096,4,8,8,8,8,8,8,8,8,8,8,8,8,8,8,8,8,8,8,8,8
2,1097,4,8,8,8,8,8,8,8,8,8,8,8,8,8,8,8,8,8,8,8,8
2,1098,4,8,8,8,8,8,8,8,8,8,8,8,8,8,8,8,8,8,8,8,8
2,1099,4,8,8,8,8,8,8,8,8,8,8,8,8,8,8,8,8,8,8,8,8
2,1100,4,8,8,8,8,8,8,8,8,8,8,8,8,8,8,8,8,8,8,8,8
2,1101,4,8,8,8,8,8,8,8,8,8,8,8,8,8,8,8,8,8,8,8,8
2,1102,4,8,8,8,8,8,8,8,8,8,8,8,8,8,8,8,8,8,8,8,8
2,1103,4,8,8,8,8,8,8,8,8,8,8,8,8,8,8,8,8,8,8,8,8
2,1104,4,8,8,8,8,8,8,8,8,8,8,8,8,8,8,8,8,8,8,8,8
2,1105,4,8,8,8,8,8,8,8,8,8,8,8,8,8,8,8,8,8,8,8,8
2,1106,4,8,8,8,8,8,8,8,8,8,8,8,8,8,8,8,8,8,8,8,8
2,1107,4,8,8,8,8,8,8,8,8,8,8,8,8,8,8,8,8,8,8,8,8
2,1108,4,8,8,8,8,8,8,8,8,8,8,8,8,8,8,8,8,8,8,8,8
2,1109,4,8,8,8,8,8,8,8,8,8,8,8,8,8,8,8,8,8,8,8,8
2,1110,4,8,8,8,8,8,8,8,8,8,8,8,8,8,8,8,8,8,8,8,8
2,1111,4,8,8,8,8,8,8,8,8,8,8,8,8,8,8,8,8,8,8,8,8
2,1112,4,8,8,8,8,8,8,8,8,8,8,8,8,8,8,8,8,8,8,8,8
2,1113,4,8,8,8,8,8,8,8,8,8,8,8,8,8,8,8,8,8,8,8,8
2,1114,4,8,8,8,8,8,8,8,8,8,8,8,8,8,8,8,8,8,8,8,8
2,1115,4,8,8,8,8,8,8,8,8,8,8,8,8,8,8,8,8,8,8,8,8
2,1116,4,8,8,8,8,8,8,8,8,8,8,8,8,8,8,8,8,8,8,8,8
2,1117,4,8,8,8,8,8,8,8,8,8,8,8,8,8,8,8,8,8,8,8,8
2,1118,4,8,8,8,8,8,8,8,8,8,8,8,8,8,8,8,8,8,8,8,8
2,1119,4,8,8,8,8,8,8,8,8,8,8,8,8,8,8,8,8,8,8,8,8
2,1120,4,8,8,8,8,8,8,8,8,8,8,8,8,8,8,8,8,8,8,8,8
2,1121,4,8,8,8,8,8,8,8,8,8,8,8,8,8,8,8,8,8,8,8,8
2,1122,4,8,8,8,8,8,8,8,8,8,8,8,8,8,8,8,8,8,8,8,8
2,1123,4,8,8,8,8,8,8,8,8,8,8,8,8,8,8,8,8,8,8,8,8
2,1124,4,8,8,8,8,8,8,8,8,8,8,8,8,8,8,8,8,8,8,8,8
2,1125,4,8,8,8,8,8,8,8,8,8,8,8,8,8,8,8,8,8,8,8,8
2,1126,4,8,8,8,8,8,8,8,8,8,8,8,8,8,8,8,8,8,8,8,8
2,1127,4,8,8,8,8,8,8,8,8,8,8,8,8,8,8,8,8,8,8,8,8
2,1128,4,8,8,8,8,8,8,8,8,8,8,8,8,8,8,8,8,8,8,8,8
2,1129,4,8,8,8,8,8,8,8,8,8,8,8,8,8,8,8,8,8,8,8,8
2,1130,4,8,8,8,8,8,8,8,8,8,8,8,8,8,8,8,8,8,8,8,8
2,1131,4,8,8,8,8,8,8,8,8,8,8,8,8,8,8,8,8,8,8,8,8
2,1132,4,8,8,8,8,8,8,8,8,8,8,8,8,8,8,8,8,8,8,8,8
2,1133,4,8,8,8,8,8,8,8,8,8,8,8,8,8,8,8,8,8,8,8,8
2,1134,4,8,8,8,8,8,8,8,8,8,8,8,8,8,8,8,8,8,8,8,8
2,1135,4,8,8,8,8,8,8,8,8,8,8,8,8,8,8,8,8,8,8,8,8
2,1136,4,8,8,8,8,8,8,8,8,8,8,8,8,8,8,8,8,8,8,8,8
2,1137,4,8,8,8,8,8,8,8,8,8,8,8,8,8,8,8,8,8,8,8,8
2,1138,4,8,8,8,8,8,8,8,8,8,8,8,8,8,8,8,8,8,8,8,8
2,1139,4,8,8,8,8,8,8,8,8,8,8,8,8,8,8,8,8,8,8,8,8
2,1140,4,8,8,8,8,8,8,8,8,8,8,8,8,8,8,8,8,8,8,8,8
2,1141,4,8,8,8,8,8,8,8,8,8,8,8,8,8,8,8,8,8,8,8,8
2,1142,4,8,8,8,8,8,8,8,8,8,8,8,8,8,8,8,8,8,8,8,8
2,1143,4,8,8,8,8,8,8,8,8,8,8,8,8,8,8,8,8,8,8,8,8
2,1144,4,8,8,8,8,8,8,8,8,8,8,8,8,8,8,8,8,8,8,8,8
2,1145,4,8,8,8,8,8,8,8,8,8,8,8,8,8,8,8,8,8,8,8,8
2,1146,4,8,8,8,8,8,8,8,8,8,8,8,8,8,8,8,8,8,8,8,8
2,1147,4,8,8,8,8,8,8,8,8,8,8,8,8,8,8,8,8,8,8,8,8
2,1148,4,8,8,8,8,8,8,8,8,8,8,8,8,8,8,8,8,8,8,8,8
2,1149,4,8,8,8,8,8,8,8,8,8,8,8,8,8,8,8,8,8,8,8,8
2,1150,4,8,8,8,8,8,8,8,8,8,8,8,8,8,8,8,8,8,8,8,8
2,1151,4,8,8,8,8,8,8,8,8,8,8,8,8,8,8,8,8,8,8,8,8
2,1152,4,6,6,6,6,6,6,6,6,6,6,6,6,6,6,6,6,6,6,6,6
2,1153,4,6,6,6,6,6,6,6,6,6,6,6,6,6,6,6,6,6,6,6,6
2,1154,4,8,8,8,8,8,8,8,8,8,8,8,8,8,8,8,8,8,8,8,8
2,1155,4,8,8,8,8,8,8,8,8,8,8,8,8,8,8,8,8,8,8,8,8
2,1156,4,8,8,8,8,8,8,8,8,8,8,8,8,8,8,8,8,8,8,8,8
2,1158,4,8,8,8,8,8,8,8,8,8,8,8,8,8,8,8,8,8,8,8,8
2,1159,4,8,8,8,8,8,8,8,8,8,8,8,8,8,8,8,8,8,8,8,8
2,1160,4,8,8,8,8,8,8,8,8,8,8,8,8,8,8,8,8,8,8,8,8
2,1161,4,8,8,8,8,8,8,8,8,8,8,8,8,8,8,8,8,8,8,8,8
2,1162,4,8,8,8,8,8,8,8,8,8,8,8,8,8,8,8,8,8,8,8,8
2,1163,4,8,8,8,8,8,8,8,8,8,8,8,8,8,8,8,8,8,8,8,8
2,1164,4,8,8,8,8,8,8,8,8,8,8,8,8,8,8,8,8,8,8,8,8
2,1165,4,7,7,7,7,7,7,7,7,7,7,7,7,7,7,7,7,7,7,7,7
2,1166,4,7,7,7,7,7,7,7,7,7,7,7,7,7,7,7,7,7,7,7,7
2,1167,4,7,7,7,7,7,7,7,7,7,7,7,7,7,7,7,7,7,7,7,7
2,1168,4,7,7,7,7,7,7,7,7,7,7,7,7,7,7,7,7,7,7,7,7
2,1169,4,7,7,7,7,7,7,7,7,7,7,7,7,7,7,7,7,7,7,7,7
2,1170,4,7,7,7,7,7,7,7,7,7,7,7,7,7,7,7,7,7,7,7,7
2,1171,4,7,7,7,7,7,7,7,7,7,7,7,7,7,7,7,7,7,7,7,7
2,1172,4,7,7,7,7,7,7,7,7,7,7,7,7,7,7,7,7,7,7,7,7
2,1173,4,8,8,8,8,8,8,8,8,8,8,8,8,8,8,8,8,8,8,8,8
2,1174,4,8,8,8,8,8,8,8,8,8,8,8,8,8,8,8,8,8,8,8,8
2,1175,4,6,6,6,6,6,6,6,6,6,6,6,6,6,6,6,6,6,6,6,6
2,1176,4,7,7,7,7,7,7,7,7,7,7,7,7,7,7,7,7,7,7,7,7
2,1177,4,6,6,6,6,6,6,6,6,6,6,6,6,6,6,6,6,6,6,6,6
2,1178,4,6,6,6,6,6,6,6,6,6,6,6,6,6,6,6,6,6,6,6,6
2,1179,4,6,6,6,6,6,6,6,6,6,6,6,6,6,6,6,6,6,6,6,6
2,1180,4,6,6,6,6,6,6,6,6,6,6,6,6,6,6,6,6,6,6,6,6
2,1181,4,6,6,6,6,6,6,6,6,6,6,6,6,6,6,6,6,6,6,6,6
2,1182,4,6,6,6,6,6,6,6,6,6,6,6,6,6,6,6,6,6,6,6,6
2,1183,4,8,8,8,8,8,8,8,8,8,8,8,8,8,8,8,8,8,8,8,8
2,1184,4,7,7,7,7,7,7,7,7,7,7,7,7,7,7,7,7,7,7,7,7
2,1185,4,7,7,7,7,7,7,7,7,7,7,7,7,7,7,7,7,7,7,7,7
2,1186,4,7,7,7,7,7,7,7,7,7,7,7,7,7,7,7,7,7,7,7,7
2,1187,4,7,7,7,7,7,7,7,7,7,7,7,7,7,7,7,7,7,7,7,7
2,1188,4,7,7,7,7,7,7,7,7,7,7,7,7,7,7,7,7,7,7,7,7
2,1190,4,7,7,7,7,7,7,7,7,7,7,7,7,7,7,7,7,7,7,7,7
2,1191,4,7,7,7,7,7,7,7,7,7,7,7,7,7,7,7,7,7,7,7,7
2,1192,4,7,7,7,7,7,7,7,7,7,7,7,7,7,7,7,7,7,7,7,7
2,1193,4,7,7,7,7,7,7,7,7,7,7,7,7,7,7,7,7,7,7,7,7
2,1194,5,1,1,1,1,1,1,1,1,1,1,1,1,1,1,1,1,1,1,1,1
2,1195,4,7,7,7,7,7,7,7,7,7,7,7,7,7,7,7,7,7,7,7,7
2,1196,4,7,7,7,7,7,7,7,7,7,7,7,7,7,7,7,7,7,7,7,7
2,1197,4,7,7,7,7,7,7,7,7,7,7,7,7,7,7,7,7,7,7,7,7
2,1198,4,7,7,7,7,7,7,7,7,7,7,7,7,7,7,7,7,7,7,7,7
2,1199,4,7,7,7,7,7,7,7,7,7,7,7,7,7,7,7,7,7,7,7,7
2,1200,4,7,7,7,7,7,7,7,7,7,7,7,7,7,7,7,7,7,7,7,7
2,1201,4,7,7,7,7,7,7,7,7,7,7,7,7,7,7,7,7,7,7,7,7
2,1202,4,7,7,7,7,7,7,7,7,7,7,7,7,7,7,7,7,7,7,7,7
2,1203,4,7,7,7,7,7,7,7,7,7,7,7,7,7,7,7,7,7,7,7,7
2,1204,4,7,7,7,7,7,7,7,7,7,7,7,7,7,7,7,7,7,7,7,7
2,1205,4,7,7,7,7,7,7,7,7,7,7,7,7,7,7,7,7,7,7,7,7
2,1206,4,7,7,7,7,7,7,7,7,7,7,7,7,7,7,7,7,7,7,7,7
2,1207,4,7,7,7,7,7,7,7,7,7,7,7,7,7,7,7,7,7,7,7,7
2,1208,4,7,7,7,7,7,7,7,7,7,7,7,7,7,7,7,7,7,7,7,7
2,1209,4,7,7,7,7,7,7,7,7,7,7,7,7,7,7,7,7,7,7,7,7
2,1210,4,7,7,7,7,7,7,7,7,7,7,7,7,7,7,7,7,7,7,7,7
2,1211,4,7,7,7,7,7,7,7,7,7,7,7,7,7,7,7,7,7,7,7,7
2,1212,4,7,7,7,7,7,7,7,7,7,7,7,7,7,7,7,7,7,7,7,7
2,1213,4,7,7,7,7,7,7,7,7,7,7,7,7,7,7,7,7,7,7,7,7
2,1214,4,7,7,7,7,7,7,7,7,7,7,7,7,7,7,7,7,7,7,7,7
2,1215,4,7,7,7,7,7,7,7,7,7,7,7,7,7,7,7,7,7,7,7,7
2,1216,4,7,7,7,7,7,7,7,7,7,7,7,7,7,7,7,7,7,7,7,7
2,1217,4,7,7,7,7,7,7,7,7,7,7,7,7,7,7,7,7,7,7,7,7
2,1218,4,7,7,7,7,7,7,7,7,7,7,7,7,7,7,7,7,7,7,7,7
2,1219,4,7,7,7,7,7,7,7,7,7,7,7,7,7,7,7,7,7,7,7,7
2,1220,4,7,7,7,7,7,7,7,7,7,7,7,7,7,7,7,7,7,7,7,7
2,1221,4,7,7,7,7,7,7,7,7,7,7,7,7,7,7,7,7,7,7,7,7
2,1222,4,6,6,6,6,6,6,6,6,6,6,6,6,6,6,6,6,6,6,6,6
2,1223,4,6,6,6,6,6,6,6,6,6,6,6,6,6,6,6,6,6,6,6,6
2,1224,4,6,6,6,6,6,6,6,6,6,6,6,6,6,6,6,6,6,6,6,6
2,1225,4,6,6,6,6,6,6,6,6,6,6,6,6,6,6,6,6,6,6,6,6
2,1227,4,7,7,7,7,7,7,7,7,7,7,7,7,7,7,7,7,7,7,7,7
2,1228,4,7,7,7,7,7,7,7,7,7,7,7,7,7,7,7,7,7,7,7,7
2,1229,4,7,7,7,7,7,7,7,7,7,7,7,7,7,7,7,7,7,7,7,7
2,1230,4,7,7,7,7,7,7,7,7,7,7,7,7,7,7,7,7,7,7,7,7
2,1231,4,7,7,7,7,7,7,7,7,7,7,7,7,7,7,7,7,7,7,7,7
2,1232,4,7,7,7,7,7,7,7,7,7,7,7,7,7,7,7,7,7,7,7,7
2,1233,4,7,7,7,7,7,7,7,7,7,7,7,7,7,7,7,7,7,7,7,7
2,1234,4,7,7,7,7,7,7,7,7,7,7,7,7,7,7,7,7,7,7,7,7
2,1235,4,7,7,7,7,7,7,7,7,7,7,7,7,7,7,7,7,7,7,7,7
2,1236,4,7,7,7,7,7,7,7,7,7,7,7,7,7,7,7,7,7,7,7,7
2,1237,4,7,7,7,7,7,7,7,7,7,7,7,7,7,7,7,7,7,7,7,7
2,1238,4,7,7,7,7,7,7,7,7,7,7,7,7,7,7,7,7,7,7,7,7
2,1239,4,7,7,7,7,7,7,7,7,7,7,7,7,7,7,7,7,7,7,7,7
2,1240,4,7,7,7,7,7,7,7,7,7,7,7,7,7,7,7,7,7,7,7,7
2,1241,4,7,7,7,7,7,7,7,7,7,7,7,7,7,7,7,7,7,7,7,7
2,1242,4,7,7,7,7,7,7,7,7,7,7,7,7,7,7,7,7,7,7,7,7
2,1243,4,7,7,7,7,7,7,7,7,7,7,7,7,7,7,7,7,7,7,7,7
2,1244,4,7,7,7,7,7,7,7,7,7,7,7,7,7,7,7,7,7,7,7,7
2,1245,4,5,5,5,5,5,5,5,5,5,5,5,5,5,5,5,5,5,5,5,5
2,1246,4,5,5,5,5,5,5,5,5,5,5,5,5,5,5,5,5,5,5,5,5
2,1247,4,5,5,5,5,5,5,5,5,5,5,5,5,5,5,5,5,5,5,5,5
2,1248,4,5,5,5,5,5,5,5,5,5,5,5,5,5,5,5,5,5,5,5,5
2,1249,4,5,5,5,5,5,5,5,5,5,5,5,5,5,5,5,5,5,5,5,5
2,1250,4,5,5,5,5,5,5,5,5,5,5,5,5,5,5,5,5,5,5,5,5
2,1251,4,5,5,5,5,5,5,5,5,5,5,5,5,5,5,5,5,5,5,5,5
2,1252,4,5,5,5,5,5,5,5,5,5,5,5,5,5,5,5,5,5,5,5,5
2,1253,4,5,5,5,5,5,5,5,5,5,5,5,5,5,5,5,5,5,5,5,5
2,1254,4,5,5,5,5,5,5,5,5,5,5,5,5,5,5,5,5,5,5,5,5
2,1255,4,5,5,5,5,5,5,5,5,5,5,5,5,5,5,5,5,5,5,5,5
2,1256,4,5,5,5,5,5,5,5,5,5,5,5,5,5,5,5,5,5,5,5,5
2,1257,4,5,5,5,5,5,5,5,5,5,5,5,5,5,5,5,5,5,5,5,5
2,1258,4,5,5,5,5,5,5,5,5,5,5,5,5,5,5,5,5,5,5,5,5
2,1259,5,1,1,1,1,1,1,1,1,1,1,1,1,1,1,1,1,1,1,1,1
2,1260,5,1,1,1,1,1,1,1,1,1,1,1,1,1,1,1,1,1,1,1,1
2,1261,5,1,1,1,1,1,1,1,1,1,1,1,1,1,1,1,1,1,1,1,1
2,1262,5,1,1,1,1,1,1,1,1,1,1,1,1,1,1,1,1,1,1,1,1
2,1263,5,1,1,1,1,1,1,1,1,1,1,1,1,1,1,1,1,1,1,1,1
2,1264,5,1,1,1,1,1,1,1,1,1,1,1,1,1,1,1,1,1,1,1,1
2,1265,5,1,1,1,1,1,1,1,1,1,1,1,1,1,1,1,1,1,1,1,1
2,1266,5,1,1,1,1,1,1,1,1,1,1,1,1,1,1,1,1,1,1,1,1
2,1267,5,1,1,1,1,1,1,1,1,1,1,1,1,1,1,1,1,1,1,1,1
2,1268,5,1,1,1,1,1,1,1,1,1,1,1,1,1,1,1,1,1,1,1,1
2,1269,5,1,1,1,1,1,1,1,1,1,1,1,1,1,1,1,1,1,1,1,1
2,1270,5,1,1,1,1,1,1,1,1,1,1,1,1,1,1,1,1,1,1,1,1
2,1271,5,1,1,1,1,1,1,1,1,1,1,1,1,1,1,1,1,1,1,1,1
2,1272,5,1,1,1,1,1,1,1,1,1,1,1,1,1,1,1,1,1,1,1,1
2,1273,5,1,1,1,1,1,1,1,1,1,1,1,1,1,1,1,1,1,1,1,1
2,1274,4,7,7,7,7,7,7,7,7,7,7,7,7,7,7,7,7,7,7,7,7
2,1275,4,7,7,7,7,7,7,7,7,7,7,7,7,7,7,7,7,7,7,7,7
2,1276,4,7,7,7,7,7,7,7,7,7,7,7,7,7,7,7,7,7,7,7,7
2,1277,4,7,7,7,7,7,7,7,7,7,7,7,7,7,7,7,7,7,7,7,7
2,1283,4,7,7,7,7,7,7,7,7,7,7,7,7,7,7,7,7,7,7,7,7
2,1284,4,7,7,7,7,7,7,7,7,7,7,7,7,7,7,7,7,7,7,7,7
2,1285,4,7,7,7,7,7,7,7,7,7,7,7,7,7,7,7,7,7,7,7,7
2,1286,4,7,7,7,7,7,7,7,7,7,7,7,7,7,7,7,7,7,7,7,7
2,1287,4,7,7,7,7,7,7,7,7,7,7,7,7,7,7,7,7,7,7,7,7
2,1288,4,7,7,7,7,7,7,7,7,7,7,7,7,7,7,7,7,7,7,7,7
2,1289,4,7,7,7,7,7,7,7,7,7,7,7,7,7,7,7,7,7,7,7,7
2,1290,5,1,1,1,1,1,1,1,1,1,1,1,1,1,1,1,1,1,1,1,1
2,1291,5,1,1,1,1,1,1,1,1,1,1,1,1,1,1,1,1,1,1,1,1
2,1293,4,6,6,6,6,6,6,6,6,6,6,6,6,6,6,6,6,6,6,6,6
2,1295,5,1,1,1,1,1,1,1,1,1,1,1,1,1,1,1,1,1,1,1,1
2,1297,5,1,1,1,1,1,1,1,1,1,1,1,1,1,1,1,1,1,1,1,1
2,1298,5,1,1,1,1,1,1,1,1,1,1,1,1,1,1,1,1,1,1,1,1
2,1299,4,8,8,8,8,8,8,8,8,8,8,8,8,8,8,8,8,8,8,8,8
2,1300,4,8,8,8,8,8,8,8,8,8,8,8,8,8,8,8,8,8,8,8,8
2,1301,4,8,8,8,8,8,8,8,8,8,8,8,8,8,8,8,8,8,8,8,8
2,1302,4,8,8,8,8,8,8,8,8,8,8,8,8,8,8,8,8,8,8,8,8
2,1303,4,8,8,8,8,8,8,8,8,8,8,8,8,8,8,8,8,8,8,8,8
2,1304,4,8,8,8,8,8,8,8,8,8,8,8,8,8,8,8,8,8,8,8,8
2,1305,4,8,8,8,8,8,8,8,8,8,8,8,8,8,8,8,8,8,8,8,8
2,1306,4,8,8,8,8,8,8,8,8,8,8,8,8,8,8,8,8,8,8,8,8
2,1307,4,8,8,8,8,8,8,8,8,8,8,8,8,8,8,8,8,8,8,8,8
2,1308,4,8,8,8,8,8,8,8,8,8,8,8,8,8,8,8,8,8,8,8,8
2,1309,4,8,8,8,8,8,8,8,8,8,8,8,8,8,8,8,8,8,8,8,8
2,1310,4,8,8,8,8,8,8,8,8,8,8,8,8,8,8,8,8,8,8,8,8
2,1311,4,8,8,8,8,8,8,8,8,8,8,8,8,8,8,8,8,8,8,8,8
2,1312,4,8,8,8,8,8,8,8,8,8,8,8,8,8,8,8,8,8,8,8,8
2,1313,4,8,8,8,8,8,8,8,8,8,8,8,8,8,8,8,8,8,8,8,8
2,1314,4,8,8,8,8,8,8,8,8,8,8,8,8,8,8,8,8,8,8,8,8
2,1315,4,8,8,8,8,8,8,8,8,8,8,8,8,8,8,8,8,8,8,8,8
2,1316,4,8,8,8,8,8,8,8,8,8,8,8,8,8,8,8,8,8,8,8,8
2,1317,4,8,8,8,8,8,8,8,8,8,8,8,8,8,8,8,8,8,8,8,8
2,1318,4,8,8,8,8,8,8,8,8,8,8,8,8,8,8,8,8,8,8,8,8
2,1319,4,8,8,8,8,8,8,8,8,8,8,8,8,8,8,8,8,8,8,8,8
2,1320,4,8,8,8,8,8,8,8,8,8,8,8,8,8,8,8,8,8,8,8,8
2,1321,4,8,8,8,8,8,8,8,8,8,8,8,8,8,8,8,8,8,8,8,8
2,1322,4,8,8,8,8,8,8,8,8,8,8,8,8,8,8,8,8,8,8,8,8
2,1323,4,8,8,8,8,8,8,8,8,8,8,8,8,8,8,8,8,8,8,8,8
2,1324,4,8,8,8,8,8,8,8,8,8,8,8,8,8,8,8,8,8,8,8,8
2,1325,4,8,8,8,8,8,8,8,8,8,8,8,8,8,8,8,8,8,8,8,8
2,1326,4,8,8,8,8,8,8,8,8,8,8,8,8,8,8,8,8,8,8,8,8
2,1327,4,8,8,8,8,8,8,8,8,8,8,8,8,8,8,8,8,8,8,8,8
2,1328,4,8,8,8,8,8,8,8,8,8,8,8,8,8,8,8,8,8,8,8,8
2,1329,4,8,8,8,8,8,8,8,8,8,8,8,8,8,8,8,8,8,8,8,8
2,1330,4,8,8,8,8,8,8,8,8,8,8,8,8,8,8,8,8,8,8,8,8
2,1331,4,8,8,8,8,8,8,8,8,8,8,8,8,8,8,8,8,8,8,8,8
2,1332,4,8,8,8,8,8,8,8,8,8,8,8,8,8,8,8,8,8,8,8,8
2,1333,4,8,8,8,8,8,8,8,8,8,8,8,8,8,8,8,8,8,8,8,8
2,1334,4,8,8,8,8,8,8,8,8,8,8,8,8,8,8,8,8,8,8,8,8
2,1335,4,8,8,8,8,8,8,8,8,8,8,8,8,8,8,8,8,8,8,8,8
2,1336,4,7,7,7,7,7,7,7,7,7,7,7,7,7,7,7,7,7,7,7,7
2,1337,4,7,7,7,7,7,7,7,7,7,7,7,7,7,7,7,7,7,7,7,7
2,1338,4,7,7,7,7,7,7,7,7,7,7,7,7,7,7,7,7,7,7,7,7
2,1339,4,7,7,7,7,7,7,7,7,7,7,7,7,7,7,7,7,7,7,7,7
2,1340,4,7,7,7,7,7,7,7,7,7,7,7,7,7,7,7,7,7,7,7,7
2,1341,4,7,7,7,7,7,7,7,7,7,7,7,7,7,7,7,7,7,7,7,7
2,1342,4,7,7,7,7,7,7,7,7,7,7,7,7,7,7,7,7,7,7,7,7
2,1343,4,7,7,7,7,7,7,7,7,7,7,7,7,7,7,7,7,7,7,7,7
2,1344,4,7,7,7,7,7,7,7,7,7,7,7,7,7,7,7,7,7,7,7,7
2,1345,4,7,7,7,7,7,7,7,7,7,7,7,7,7,7,7,7,7,7,7,7
2,1346,4,7,7,7,7,7,7,7,7,7,7,7,7,7,7,7,7,7,7,7,7
2,1347,4,7,7,7,7,7,7,7,7,7,7,7,7,7,7,7,7,7,7,7,7
2,1348,4,7,7,7,7,7,7,7,7,7,7,7,7,7,7,7,7,7,7,7,7
2,1349,4,7,7,7,7,7,7,7,7,7,7,7,7,7,7,7,7,7,7,7,7
2,1350,4,7,7,7,7,7,7,7,7,7,7,7,7,7,7,7,7,7,7,7,7
2,1351,4,7,7,7,7,7,7,7,7,7,7,7,7,7,7,7,7,7,7,7,7
2,1352,4,7,7,7,7,7,7,7,7,7,7,7,7,7,7,7,7,7,7,7,7
2,1353,4,7,7,7,7,7,7,7,7,7,7,7,7,7,7,7,7,7,7,7,7
2,1355,4,7,7,7,7,7,7,7,7,7,7,7,7,7,7,7,7,7,7,7,7
2,1356,4,7,7,7,7,7,7,7,7,7,7,7,7,7,7,7,7,7,7,7,7
2,1357,4,7,7,7,7,7,7,7,7,7,7,7,7,7,7,7,7,7,7,7,7
2,1358,4,5,5,5,5,5,5,5,5,5,5,5,5,5,5,5,5,5,5,5,5
2,1359,4,5,5,5,5,5,5,5,5,5,5,5,5,5,5,5,5,5,5,5,5
2,1360,4,5,5,5,5,5,5,5,5,5,5,5,5,5,5,5,5,5,5,5,5
2,1361,4,5,5,5,5,5,5,5,5,5,5,5,5,5,5,5,5,5,5,5,5
2,1362,4,5,5,5,5,5,5,5,5,5,5,5,5,5,5,5,5,5,5,5,5
2,1363,5,1,1,1,1,1,1,1,1,1,1,1,1,1,1,1,1,1,1,1,1
2,1364,5,1,1,1,1,1,1,1,1,1,1,1,1,1,1,1,1,1,1,1,1
2,1365,5,1,1,1,1,1,1,1,1,1,1,1,1,1,1,1,1,1,1,1,1
2,1366,5,1,1,1,1,1,1,1,1,1,1,1,1,1,1,1,1,1,1,1,1
2,1367,5,1,1,1,1,1,1,1,1,1,1,1,1,1,1,1,1,1,1,1,1
2,1370,5,1,1,1,1,1,1,1,1,1,1,1,1,1,1,1,1,1,1,1,1
2,1371,4,6,6,6,6,6,6,6,6,6,6,6,6,6,6,6,6,6,6,6,6
2,1372,4,6,6,6,6,6,6,6,6,6,6,6,6,6,6,6,6,6,6,6,6
2,1373,4,6,6,6,6,6,6,6,6,6,6,6,6,6,6,6,6,6,6,6,6
2,1374,4,6,6,6,6,6,6,6,6,6,6,6,6,6,6,6,6,6,6,6,6
2,1375,4,6,6,6,6,6,6,6,6,6,6,6,6,6,6,6,6,6,6,6,6
2,1376,4,6,6,6,6,6,6,6,6,6,6,6,6,6,6,6,6,6,6,6,6
2,1377,4,6,6,6,6,6,6,6,6,6,6,6,6,6,6,6,6,6,6,6,6
2,1378,4,6,6,6,6,6,6,6,6,6,6,6,6,6,6,6,6,6,6,6,6
2,1379,4,8,8,8,8,8,8,8,8,8,8,8,8,8,8,8,8,8,8,8,8
2,1380,4,6,6,6,6,6,6,6,6,6,6,6,6,6,6,6,6,6,6,6,6
2,1381,4,6,6,6,6,6,6,6,6,6,6,6,6,6,6,6,6,6,6,6,6
2,1382,4,6,6,6,6,6,6,6,6,6,6,6,6,6,6,6,6,6,6,6,6
2,1383,4,6,6,6,6,6,6,6,6,6,6,6,6,6,6,6,6,6,6,6,6
2,1384,4,6,6,6,6,6,6,6,6,6,6,6,6,6,6,6,6,6,6,6,6
2,1385,4,6,6,6,6,6,6,6,6,6,6,6,6,6,6,6,6,6,6,6,6
2,1386,4,6,6,6,6,6,6,6,6,6,6,6,6,6,6,6,6,6,6,6,6
2,1387,4,6,6,6,6,6,6,6,6,6,6,6,6,6,6,6,6,6,6,6,6
2,1388,4,6,6,6,6,6,6,6,6,6,6,6,6,6,6,6,6,6,6,6,6
2,1389,4,6,6,6,6,6,6,6,6,6,6,6,6,6,6,6,6,6,6,6,6
2,1390,4,6,6,6,6,6,6,6,6,6,6,6,6,6,6,6,6,6,6,6,6
2,1391,4,6,6,6,6,6,6,6,6,6,6,6,6,6,6,6,6,6,6,6,6
2,1392,4,6,6,6,6,6,6,6,6,6,6,6,6,6,6,6,6,6,6,6,6
2,1393,4,6,6,6,6,6,6,6,6,6,6,6,6,6,6,6,6,6,6,6,6
2,1394,4,6,6,6,6,6,6,6,6,6,6,6,6,6,6,6,6,6,6,6,6
2,1395,4,6,6,6,6,6,6,6,6,6,6,6,6,6,6,6,6,6,6,6,6
2,1396,4,6,6,6,6,6,6,6,6,6,6,6,6,6,6,6,6,6,6,6,6
2,1397,4,6,6,6,6,6,6,6,6,6,6,6,6,6,6,6,6,6,6,6,6
2,1398,4,6,6,6,6,6,6,6,6,6,6,6,6,6,6,6,6,6,6,6,6
2,1399,4,6,6,6,6,6,6,6,6,6,6,6,6,6,6,6,6,6,6,6,6
2,1400,4,6,6,6,6,6,6,6,6,6,6,6,6,6,6,6,6,6,6,6,6
2,1401,4,6,6,6,6,6,6,6,6,6,6,6,6,6,6,6,6,6,6,6,6
2,1402,4,6,6,6,6,6,6,6,6,6,6,6,6,6,6,6,6,6,6,6,6
2,1403,4,6,6,6,6,6,6,6,6,6,6,6,6,6,6,6,6,6,6,6,6
2,1404,4,6,6,6,6,6,6,6,6,6,6,6,6,6,6,6,6,6,6,6,6
2,1405,4,6,6,6,6,6,6,6,6,6,6,6,6,6,6,6,6,6,6,6,6
2,1406,4,6,6,6,6,6,6,6,6,6,6,6,6,6,6,6,6,6,6,6,6
2,1407,4,6,6,6,6,6,6,6,6,6,6,6,6,6,6,6,6,6,6,6,6
2,1408,4,6,6,6,6,6,6,6,6,6,6,6,6,6,6,6,6,6,6,6,6
2,1409,4,6,6,6,6,6,6,6,6,6,6,6,6,6,6,6,6,6,6,6,6
2,1410,4,6,6,6,6,6,6,6,6,6,6,6,6,6,6,6,6,6,6,6,6
2,1411,4,6,6,6,6,6,6,6,6,6,6,6,6,6,6,6,6,6,6,6,6
2,1412,4,8,8,8,8,8,8,8,8,8,8,8,8,8,8,8,8,8,8,8,8
2,1413,4,8,8,8,8,8,8,8,8,8,8,8,8,8,8,8,8,8,8,8,8
2,1414,4,6,6,6,6,6,6,6,6,6,6,6,6,6,6,6,6,6,6,6,6
2,1415,4,6,6,6,6,6,6,6,6,6,6,6,6,6,6,6,6,6,6,6,6
2,1416,4,6,6,6,6,6,6,6,6,6,6,6,6,6,6,6,6,6,6,6,6
2,1417,4,6,6,6,6,6,6,6,6,6,6,6,6,6,6,6,6,6,6,6,6
2,1418,4,6,6,6,6,6,6,6,6,6,6,6,6,6,6,6,6,6,6,6,6
2,1419,4,8,8,8,8,8,8,8,8,8,8,8,8,8,8,8,8,8,8,8,8
2,1420,4,8,8,8,8,8,8,8,8,8,8,8,8,8,8,8,8,8,8,8,8
2,1421,4,6,6,6,6,6,6,6,6,6,6,6,6,6,6,6,6,6,6,6,6
2,1422,4,6,6,6,6,6,6,6,6,6,6,6,6,6,6,6,6,6,6,6,6
2,1423,4,6,6,6,6,6,6,6,6,6,6,6,6,6,6,6,6,6,6,6,6
2,1424,4,6,6,6,6,6,6,6,6,6,6,6,6,6,6,6,6,6,6,6,6
2,1425,4,6,6,6,6,6,6,6,6,6,6,6,6,6,6,6,6,6,6,6,6
2,1426,4,6,6,6,6,6,6,6,6,6,6,6,6,6,6,6,6,6,6,6,6
2,1427,4,6,6,6,6,6,6,6,6,6,6,6,6,6,6,6,6,6,6,6,6
2,1428,4,6,6,6,6,6,6,6,6,6,6,6,6,6,6,6,6,6,6,6,6
2,1429,4,6,6,6,6,6,6,6,6,6,6,6,6,6,6,6,6,6,6,6,6
2,1430,4,6,6,6,6,6,6,6,6,6,6,6,6,6,6,6,6,6,6,6,6
2,1431,4,6,6,6,6,6,6,6,6,6,6,6,6,6,6,6,6,6,6,6,6
2,1432,4,6,6,6,6,6,6,6,6,6,6,6,6,6,6,6,6,6,6,6,6
2,1433,4,6,6,6,6,6,6,6,6,6,6,6,6,6,6,6,6,6,6,6,6
2,1434,4,6,6,6,6,6,6,6,6,6,6,6,6,6,6,6,6,6,6,6,6
2,1435,4,6,6,6,6,6,6,6,6,6,6,6,6,6,6,6,6,6,6,6,6
2,1436,4,6,6,6,6,6,6,6,6,6,6,6,6,6,6,6,6,6,6,6,6
2,1437,4,6,6,6,6,6,6,6,6,6,6,6,6,6,6,6,6,6,6,6,6
2,1438,4,6,6,6,6,6,6,6,6,6,6,6,6,6,6,6,6,6,6,6,6
2,1439,4,6,6,6,6,6,6,6,6,6,6,6,6,6,6,6,6,6,6,6,6
2,1440,4,6,6,6,6,6,6,6,6,6,6,6,6,6,6,6,6,6,6,6,6
2,1441,4,6,6,6,6,6,6,6,6,6,6,6,6,6,6,6,6,6,6,6,6
2,1442,4,6,6,6,6,6,6,6,6,6,6,6,6,6,6,6,6,6,6,6,6
2,1443,4,6,6,6,6,6,6,6,6,6,6,6,6,6,6,6,6,6,6,6,6
2,1444,4,6,6,6,6,6,6,6,6,6,6,6,6,6,6,6,6,6,6,6,6
2,1445,4,6,6,6,6,6,6,6,6,6,6,6,6,6,6,6,6,6,6,6,6
2,1446,4,6,6,6,6,6,6,6,6,6,6,6,6,6,6,6,6,6,6,6,6
2,1447,4,6,6,6,6,6,6,6,6,6,6,6,6,6,6,6,6,6,6,6,6
2,1448,4,6,6,6,6,6,6,6,6,6,6,6,6,6,6,6,6,6,6,6,6
2,1449,4,6,6,6,6,6,6,6,6,6,6,6,6,6,6,6,6,6,6,6,6
2,1450,4,6,6,6,6,6,6,6,6,6,6,6,6,6,6,6,6,6,6,6,6
2,1451,4,6,6,6,6,6,6,6,6,6,6,6,6,6,6,6,6,6,6,6,6
2,1452,4,6,6,6,6,6,6,6,6,6,6,6,6,6,6,6,6,6,6,6,6
2,1453,4,6,6,6,6,6,6,6,6,6,6,6,6,6,6,6,6,6,6,6,6
2,1454,4,6,6,6,6,6,6,6,6,6,6,6,6,6,6,6,6,6,6,6,6
2,1455,4,6,6,6,6,6,6,6,6,6,6,6,6,6,6,6,6,6,6,6,6
2,1456,4,6,6,6,6,6,6,6,6,6,6,6,6,6,6,6,6,6,6,6,6
2,1457,4,6,6,6,6,6,6,6,6,6,6,6,6,6,6,6,6,6,6,6,6
2,1458,4,6,6,6,6,6,6,6,6,6,6,6,6,6,6,6,6,6,6,6,6
2,1459,4,6,6,6,6,6,6,6,6,6,6,6,6,6,6,6,6,6,6,6,6
2,1460,4,6,6,6,6,6,6,6,6,6,6,6,6,6,6,6,6,6,6,6,6
2,1461,4,6,6,6,6,6,6,6,6,6,6,6,6,6,6,6,6,6,6,6,6
2,1462,4,6,6,6,6,6,6,6,6,6,6,6,6,6,6,6,6,6,6,6,6
2,1463,4,6,6,6,6,6,6,6,6,6,6,6,6,6,6,6,6,6,6,6,6
2,1464,4,6,6,6,6,6,6,6,6,6,6,6,6,6,6,6,6,6,6,6,6
2,1465,4,6,6,6,6,6,6,6,6,6,6,6,6,6,6,6,6,6,6,6,6
2,1466,4,6,6,6,6,6,6,6,6,6,6,6,6,6,6,6,6,6,6,6,6
2,1467,4,6,6,6,6,6,6,6,6,6,6,6,6,6,6,6,6,6,6,6,6
2,1468,4,6,6,6,6,6,6,6,6,6,6,6,6,6,6,6,6,6,6,6,6
2,1469,4,6,6,6,6,6,6,6,6,6,6,6,6,6,6,6,6,6,6,6,6
2,1470,4,6,6,6,6,6,6,6,6,6,6,6,6,6,6,6,6,6,6,6,6
2,1471,4,6,6,6,6,6,6,6,6,6,6,6,6,6,6,6,6,6,6,6,6
2,1472,4,6,6,6,6,6,6,6,6,6,6,6,6,6,6,6,6,6,6,6,6
2,1473,4,6,6,6,6,6,6,6,6,6,6,6,6,6,6,6,6,6,6,6,6
2,1474,4,6,6,6,6,6,6,6,6,6,6,6,6,6,6,6,6,6,6,6,6
2,1475,4,6,6,6,6,6,6,6,6,6,6,6,6,6,6,6,6,6,6,6,6
2,1476,4,6,6,6,6,6,6,6,6,6,6,6,6,6,6,6,6,6,6,6,6
2,1477,4,6,6,6,6,6,6,6,6,6,6,6,6,6,6,6,6,6,6,6,6
2,1478,4,6,6,6,6,6,6,6,6,6,6,6,6,6,6,6,6,6,6,6,6
2,1479,4,6,6,6,6,6,6,6,6,6,6,6,6,6,6,6,6,6,6,6,6
2,1480,4,6,6,6,6,6,6,6,6,6,6,6,6,6,6,6,6,6,6,6,6
2,1481,4,6,6,6,6,6,6,6,6,6,6,6,6,6,6,6,6,6,6,6,6
2,1482,4,6,6,6,6,6,6,6,6,6,6,6,6,6,6,6,6,6,6,6,6
2,1483,4,6,6,6,6,6,6,6,6,6,6,6,6,6,6,6,6,6,6,6,6
2,1484,4,5,5,5,5,5,5,5,5,5,5,5,5,5,5,5,5,5,5,5,5
2,1485,4,5,5,5,5,5,5,5,5,5,5,5,5,5,5,5,5,5,5,5,5
2,1486,4,5,5,5,5,5,5,5,5,5,5,5,5,5,5,5,5,5,5,5,5
2,1487,4,5,5,5,5,5,5,5,5,5,5,5,5,5,5,5,5,5,5,5,5
2,1488,4,5,5,5,5,5,5,5,5,5,5,5,5,5,5,5,5,5,5,5,5
2,1489,4,5,5,5,5,5,5,5,5,5,5,5,5,5,5,5,5,5,5,5,5
2,1490,4,5,5,5,5,5,5,5,5,5,5,5,5,5,5,5,5,5,5,5,5
2,1491,4,5,5,5,5,5,5,5,5,5,5,5,5,5,5,5,5,5,5,5,5
2,1492,4,5,5,5,5,5,5,5,5,5,5,5,5,5,5,5,5,5,5,5,5
2,1493,4,5,5,5,5,5,5,5,5,5,5,5,5,5,5,5,5,5,5,5,5
2,1494,4,5,5,5,5,5,5,5,5,5,5,5,5,5,5,5,5,5,5,5,5
2,1495,4,5,5,5,5,5,5,5,5,5,5,5,5,5,5,5,5,5,5,5,5
2,1496,4,5,5,5,5,5,5,5,5,5,5,5,5,5,5,5,5,5,5,5,5
2,1497,4,5,5,5,5,5,5,5,5,5,5,5,5,5,5,5,5,5,5,5,5
2,1498,4,5,5,5,5,5,5,5,5,5,5,5,5,5,5,5,5,5,5,5,5
2,1499,4,5,5,5,5,5,5,5,5,5,5,5,5,5,5,5,5,5,5,5,5
2,1500,4,5,5,5,5,5,5,5,5,5,5,5,5,5,5,5,5,5,5,5,5
2,1501,4,5,5,5,5,5,5,5,5,5,5,5,5,5,5,5,5,5,5,5,5
2,1502,4,5,5,5,5,5,5,5,5,5,5,5,5,5,5,5,5,5,5,5,5
2,1503,4,5,5,5,5,5,5,5,5,5,5,5,5,5,5,5,5,5,5,5,5
2,1504,4,5,5,5,5,5,5,5,5,5,5,5,5,5,5,5,5,5,5,5,5
2,1505,4,5,5,5,5,5,5,5,5,5,5,5,5,5,5,5,5,5,5,5,5
2,1506,4,5,5,5,5,5,5,5,5,5,5,5,5,5,5,5,5,5,5,5,5
2,1507,4,5,5,5,5,5,5,5,5,5,5,5,5,5,5,5,5,5,5,5,5
2,1508,4,5,5,5,5,5,5,5,5,5,5,5,5,5,5,5,5,5,5,5,5
2,1509,4,5,5,5,5,5,5,5,5,5,5,5,5,5,5,5,5,5,5,5,5
2,1510,4,5,5,5,5,5,5,5,5,5,5,5,5,5,5,5,5,5,5,5,5
2,1511,4,5,5,5,5,5,5,5,5,5,5,5,5,5,5,5,5,5,5,5,5
2,1512,4,5,5,5,5,5,5,5,5,5,5,5,5,5,5,5,5,5,5,5,5
2,1513,4,5,5,5,5,5,5,5,5,5,5,5,5,5,5,5,5,5,5,5,5
2,1514,4,5,5,5,5,5,5,5,5,5,5,5,5,5,5,5,5,5,5,5,5
2,1515,4,5,5,5,5,5,5,5,5,5,5,5,5,5,5,5,5,5,5,5,5
2,1516,4,5,5,5,5,5,5,5,5,5,5,5,5,5,5,5,5,5,5,5,5
2,1517,4,5,5,5,5,5,5,5,5,5,5,5,5,5,5,5,5,5,5,5,5
2,1518,4,5,5,5,5,5,5,5,5,5,5,5,5,5,5,5,5,5,5,5,5
2,1519,4,5,5,5,5,5,5,5,5,5,5,5,5,5,5,5,5,5,5,5,5
2,1520,4,5,5,5,5,5,5,5,5,5,5,5,5,5,5,5,5,5,5,5,5
2,1521,4,5,5,5,5,5,5,5,5,5,5,5,5,5,5,5,5,5,5,5,5
2,1522,4,5,5,5,5,5,5,5,5,5,5,5,5,5,5,5,5,5,5,5,5
2,1523,4,5,5,5,5,5,5,5,5,5,5,5,5,5,5,5,5,5,5,5,5
2,1524,4,5,5,5,5,5,5,5,5,5,5,5,5,5,5,5,5,5,5,5,5
2,1525,4,5,5,5,5,5,5,5,5,5,5,5,5,5,5,5,5,5,5,5,5
2,1526,4,6,6,6,6,6,6,6,6,6,6,6,6,6,6,6,6,6,6,6,6
2,1527,4,6,6,6,6,6,6,6,6,6,6,6,6,6,6,6,6,6,6,6,6
2,1528,4,6,6,6,6,6,6,6,6,6,6,6,6,6,6,6,6,6,6,6,6
2,1529,4,6,6,6,6,6,6,6,6,6,6,6,6,6,6,6,6,6,6,6,6
2,1530,4,6,6,6,6,6,6,6,6,6,6,6,6,6,6,6,6,6,6,6,6
2,1531,4,6,6,6,6,6,6,6,6,6,6,6,6,6,6,6,6,6,6,6,6
2,1532,4,6,6,6,6,6,6,6,6,6,6,6,6,6,6,6,6,6,6,6,6
2,1533,4,6,6,6,6,6,6,6,6,6,6,6,6,6,6,6,6,6,6,6,6
2,1534,4,6,6,6,6,6,6,6,6,6,6,6,6,6,6,6,6,6,6,6,6
2,1535,4,6,6,6,6,6,6,6,6,6,6,6,6,6,6,6,6,6,6,6,6
2,1536,4,6,6,6,6,6,6,6,6,6,6,6,6,6,6,6,6,6,6,6,6
2,1537,4,6,6,6,6,6,6,6,6,6,6,6,6,6,6,6,6,6,6,6,6
2,1538,4,6,6,6,6,6,6,6,6,6,6,6,6,6,6,6,6,6,6,6,6
2,1539,4,6,6,6,6,6,6,6,6,6,6,6,6,6,6,6,6,6,6,6,6
2,1540,4,6,6,6,6,6,6,6,6,6,6,6,6,6,6,6,6,6,6,6,6
2,1541,4,6,6,6,6,6,6,6,6,6,6,6,6,6,6,6,6,6,6,6,6
2,1542,4,6,6,6,6,6,6,6,6,6,6,6,6,6,6,6,6,6,6,6,6
2,1543,4,6,6,6,6,6,6,6,6,6,6,6,6,6,6,6,6,6,6,6,6
2,1544,4,6,6,6,6,6,6,6,6,6,6,6,6,6,6,6,6,6,6,6,6
2,1545,4,6,6,6,6,6,6,6,6,6,6,6,6,6,6,6,6,6,6,6,6
2,1546,4,6,6,6,6,6,6,6,6,6,6,6,6,6,6,6,6,6,6,6,6
2,1547,4,6,6,6,6,6,6,6,6,6,6,6,6,6,6,6,6,6,6,6,6
2,1548,4,6,6,6,6,6,6,6,6,6,6,6,6,6,6,6,6,6,6,6,6
2,1549,4,6,6,6,6,6,6,6,6,6,6,6,6,6,6,6,6,6,6,6,6
2,1550,4,6,6,6,6,6,6,6,6,6,6,6,6,6,6,6,6,6,6,6,6
2,1551,4,6,6,6,6,6,6,6,6,6,6,6,6,6,6,6,6,6,6,6,6
2,1552,4,6,6,6,6,6,6,6,6,6,6,6,6,6,6,6,6,6,6,6,6
2,1553,4,6,6,6,6,6,6,6,6,6,6,6,6,6,6,6,6,6,6,6,6
2,1554,4,6,6,6,6,6,6,6,6,6,6,6,6,6,6,6,6,6,6,6,6
2,1555,4,6,6,6,6,6,6,6,6,6,6,6,6,6,6,6,6,6,6,6,6
2,1556,4,6,6,6,6,6,6,6,6,6,6,6,6,6,6,6,6,6,6,6,6
2,1557,4,6,6,6,6,6,6,6,6,6,6,6,6,6,6,6,6,6,6,6,6
2,1558,4,6,6,6,6,6,6,6,6,6,6,6,6,6,6,6,6,6,6,6,6
2,1559,4,6,6,6,6,6,6,6,6,6,6,6,6,6,6,6,6,6,6,6,6
2,1560,4,6,6,6,6,6,6,6,6,6,6,6,6,6,6,6,6,6,6,6,6
2,1561,4,6,6,6,6,6,6,6,6,6,6,6,6,6,6,6,6,6,6,6,6
2,1562,4,6,6,6,6,6,6,6,6,6,6,6,6,6,6,6,6,6,6,6,6
2,1563,4,6,6,6,6,6,6,6,6,6,6,6,6,6,6,6,6,6,6,6,6
2,1564,4,6,6,6,6,6,6,6,6,6,6,6,6,6,6,6,6,6,6,6,6
2,1565,4,6,6,6,6,6,6,6,6,6,6,6,6,6,6,6,6,6,6,6,6
2,1566,4,6,6,6,6,6,6,6,6,6,6,6,6,6,6,6,6,6,6,6,6
2,1567,4,6,6,6,6,6,6,6,6,6,6,6,6,6,6,6,6,6,6,6,6
2,1568,4,6,6,6,6,6,6,6,6,6,6,6,6,6,6,6,6,6,6,6,6
2,1569,4,6,6,6,6,6,6,6,6,6,6,6,6,6,6,6,6,6,6,6,6
2,1570,4,6,6,6,6,6,6,6,6,6,6,6,6,6,6,6,6,6,6,6,6
2,1571,4,6,6,6,6,6,6,6,6,6,6,6,6,6,6,6,6,6,6,6,6
2,1572,4,6,6,6,6,6,6,6,6,6,6,6,6,6,6,6,6,6,6,6,6
2,1573,4,6,6,6,6,6,6,6,6,6,6,6,6,6,6,6,6,6,6,6,6
2,1574,4,6,6,6,6,6,6,6,6,6,6,6,6,6,6,6,6,6,6,6,6
2,1575,4,6,6,6,6,6,6,6,6,6,6,6,6,6,6,6,6,6,6,6,6
2,1576,4,6,6,6,6,6,6,6,6,6,6,6,6,6,6,6,6,6,6,6,6
2,1577,4,6,6,6,6,6,6,6,6,6,6,6,6,6,6,6,6,6,6,6,6
2,1578,4,6,6,6,6,6,6,6,6,6,6,6,6,6,6,6,6,6,6,6,6
2,1579,4,6,6,6,6,6,6,6,6,6,6,6,6,6,6,6,6,6,6,6,6
2,1580,4,6,6,6,6,6,6,6,6,6,6,6,6,6,6,6,6,6,6,6,6
2,1581,4,6,6,6,6,6,6,6,6,6,6,6,6,6,6,6,6,6,6,6,6
2,1582,4,6,6,6,6,6,6,6,6,6,6,6,6,6,6,6,6,6,6,6,6
2,1583,4,6,6,6,6,6,6,6,6,6,6,6,6,6,6,6,6,6,6,6,6
2,1584,4,6,6,6,6,6,6,6,6,6,6,6,6,6,6,6,6,6,6,6,6
2,1585,4,6,6,6,6,6,6,6,6,6,6,6,6,6,6,6,6,6,6,6,6
2,1586,4,6,6,6,6,6,6,6,6,6,6,6,6,6,6,6,6,6,6,6,6
2,1587,4,6,6,6,6,6,6,6,6,6,6,6,6,6,6,6,6,6,6,6,6
2,1588,4,6,6,6,6,6,6,6,6,6,6,6,6,6,6,6,6,6,6,6,6
2,1589,4,6,6,6,6,6,6,6,6,6,6,6,6,6,6,6,6,6,6,6,6
2,1590,4,6,6,6,6,6,6,6,6,6,6,6,6,6,6,6,6,6,6,6,6
2,1591,4,6,6,6,6,6,6,6,6,6,6,6,6,6,6,6,6,6,6,6,6
2,1592,4,6,6,6,6,6,6,6,6,6,6,6,6,6,6,6,6,6,6,6,6
2,1593,4,6,6,6,6,6,6,6,6,6,6,6,6,6,6,6,6,6,6,6,6
2,1594,4,6,6,6,6,6,6,6,6,6,6,6,6,6,6,6,6,6,6,6,6
2,1595,4,6,6,6,6,6,6,6,6,6,6,6,6,6,6,6,6,6,6,6,6
2,1596,4,6,6,6,6,6,6,6,6,6,6,6,6,6,6,6,6,6,6,6,6
2,1597,4,6,6,6,6,6,6,6,6,6,6,6,6,6,6,6,6,6,6,6,6
2,1598,4,6,6,6,6,6,6,6,6,6,6,6,6,6,6,6,6,6,6,6,6
2,1599,4,6,6,6,6,6,6,6,6,6,6,6,6,6,6,6,6,6,6,6,6
2,1600,4,6,6,6,6,6,6,6,6,6,6,6,6,6,6,6,6,6,6,6,6
2,1601,4,6,6,6,6,6,6,6,6,6,6,6,6,6,6,6,6,6,6,6,6
2,1602,4,6,6,6,6,6,6,6,6,6,6,6,6,6,6,6,6,6,6,6,6
2,1603,4,6,6,6,6,6,6,6,6,6,6,6,6,6,6,6,6,6,6,6,6
2,1604,4,6,6,6,6,6,6,6,6,6,6,6,6,6,6,6,6,6,6,6,6
2,1605,4,6,6,6,6,6,6,6,6,6,6,6,6,6,6,6,6,6,6,6,6
2,1606,4,6,6,6,6,6,6,6,6,6,6,6,6,6,6,6,6,6,6,6,6
2,1607,4,6,6,6,6,6,6,6,6,6,6,6,6,6,6,6,6,6,6,6,6
2,1608,4,6,6,6,6,6,6,6,6,6,6,6,6,6,6,6,6,6,6,6,6
2,1609,4,6,6,6,6,6,6,6,6,6,6,6,6,6,6,6,6,6,6,6,6
2,1610,4,6,6,6,6,6,6,6,6,6,6,6,6,6,6,6,6,6,6,6,6
2,1611,4,6,6,6,6,6,6,6,6,6,6,6,6,6,6,6,6,6,6,6,6
2,1612,4,6,6,6,6,6,6,6,6,6,6,6,6,6,6,6,6,6,6,6,6
2,1613,4,6,6,6,6,6,6,6,6,6,6,6,6,6,6,6,6,6,6,6,6
2,1614,4,6,6,6,6,6,6,6,6,6,6,6,6,6,6,6,6,6,6,6,6
2,1615,4,6,6,6,6,6,6,6,6,6,6,6,6,6,6,6,6,6,6,6,6
2,1616,4,6,6,6,6,6,6,6,6,6,6,6,6,6,6,6,6,6,6,6,6
2,1617,4,6,6,6,6,6,6,6,6,6,6,6,6,6,6,6,6,6,6,6,6
2,1618,4,6,6,6,6,6,6,6,6,6,6,6,6,6,6,6,6,6,6,6,6
2,1619,4,6,6,6,6,6,6,6,6,6,6,6,6,6,6,6,6,6,6,6,6
2,1620,4,6,6,6,6,6,6,6,6,6,6,6,6,6,6,6,6,6,6,6,6
2,1621,4,6,6,6,6,6,6,6,6,6,6,6,6,6,6,6,6,6,6,6,6
2,1622,4,6,6,6,6,6,6,6,6,6,6,6,6,6,6,6,6,6,6,6,6
2,1623,4,6,6,6,6,6,6,6,6,6,6,6,6,6,6,6,6,6,6,6,6
2,1624,4,6,6,6,6,6,6,6,6,6,6,6,6,6,6,6,6,6,6,6,6
2,1625,4,6,6,6,6,6,6,6,6,6,6,6,6,6,6,6,6,6,6,6,6
2,1626,4,6,6,6,6,6,6,6,6,6,6,6,6,6,6,6,6,6,6,6,6
2,1627,4,6,6,6,6,6,6,6,6,6,6,6,6,6,6,6,6,6,6,6,6
2,1628,4,6,6,6,6,6,6,6,6,6,6,6,6,6,6,6,6,6,6,6,6
2,1629,4,6,6,6,6,6,6,6,6,6,6,6,6,6,6,6,6,6,6,6,6
2,1630,4,6,6,6,6,6,6,6,6,6,6,6,6,6,6,6,6,6,6,6,6
2,1631,4,6,6,6,6,6,6,6,6,6,6,6,6,6,6,6,6,6,6,6,6
2,1632,4,6,6,6,6,6,6,6,6,6,6,6,6,6,6,6,6,6,6,6,6
2,1633,4,6,6,6,6,6,6,6,6,6,6,6,6,6,6,6,6,6,6,6,6
2,1634,4,6,6,6,6,6,6,6,6,6,6,6,6,6,6,6,6,6,6,6,6
2,1635,4,6,6,6,6,6,6,6,6,6,6,6,6,6,6,6,6,6,6,6,6
2,1636,4,6,6,6,6,6,6,6,6,6,6,6,6,6,6,6,6,6,6,6,6
2,1637,4,6,6,6,6,6,6,6,6,6,6,6,6,6,6,6,6,6,6,6,6
2,1638,4,6,6,6,6,6,6,6,6,6,6,6,6,6,6,6,6,6,6,6,6
2,1639,4,6,6,6,6,6,6,6,6,6,6,6,6,6,6,6,6,6,6,6,6
2,1640,4,6,6,6,6,6,6,6,6,6,6,6,6,6,6,6,6,6,6,6,6
2,1641,4,6,6,6,6,6,6,6,6,6,6,6,6,6,6,6,6,6,6,6,6
2,1642,2,3,3,3,3,3,3,3,3,3,3,3,3,3,3,3,3,3,3,3,3
2,1643,2,3,3,3,3,3,3,3,3,3,3,3,3,3,3,3,3,3,3,3,3
2,1644,2,3,3,3,3,3,3,3,3,3,3,3,3,3,3,3,3,3,3,3,3
2,1645,2,3,3,3,3,3,3,3,3,3,3,3,3,3,3,3,3,3,3,3,3
2,1646,2,3,3,3,3,3,3,3,3,3,3,3,3,3,3,3,3,3,3,3,3
2,1647,2,3,3,3,3,3,3,3,3,3,3,3,3,3,3,3,3,3,3,3,3
2,1648,2,3,3,3,3,3,3,3,3,3,3,3,3,3,3,3,3,3,3,3,3
2,1649,2,2,1,1,1,1,1,1,1,1,1,1,1,1,1,1,1,1,1,1,1
2,1650,2,3,3,3,3,3,3,3,3,3,3,3,3,3,3,3,3,3,3,3,3
2,1651,2,3,3,3,3,3,3,3,3,3,3,3,3,3,3,3,3,3,3,3,3
2,1652,2,3,3,3,3,3,3,3,3,3,3,3,3,3,3,3,3,3,3,3,3
2,1653,2,2,1,1,1,1,1,1,1,1,1,1,1,1,1,1,1,1,1,1,1
2,1654,2,3,3,3,3,3,3,3,3,3,3,3,3,3,3,3,3,3,3,3,3
2,1655,2,2,1,1,1,1,1,1,1,1,1,1,1,1,1,1,1,1,1,1,1
2,1656,2,2,1,1,1,1,1,1,1,1,1,1,1,1,1,1,1,1,1,1,1
2,1657,2,2,1,1,1,1,1,1,1,1,1,1,1,1,1,1,1,1,1,1,1
2,1658,2,2,1,1,1,1,1,1,1,1,1,1,1,1,1,1,1,1,1,1,1
2,1659,2,2,1,1,1,1,1,1,1,1,1,1,1,1,1,1,1,1,1,1,1
2,1660,2,2,1,1,1,1,1,1,1,1,1,1,1,1,1,1,1,1,1,1,1
2,1661,2,2,1,1,1,1,1,1,1,1,1,1,1,1,1,1,1,1,1,1,1
2,1662,2,2,1,1,1,1,1,1,1,1,1,1,1,1,1,1,1,1,1,1,1
2,1663,2,2,1,1,1,1,1,1,1,1,1,1,1,1,1,1,1,1,1,1,1
2,1664,2,2,1,1,1,1,1,1,1,1,1,1,1,1,1,1,1,1,1,1,1
2,1665,2,2,1,1,1,1,1,1,1,1,1,1,1,1,1,1,1,1,1,1,1
2,1666,2,2,1,1,1,1,1,1,1,1,1,1,1,1,1,1,1,1,1,1,1
2,1667,2,2,1,1,1,1,1,1,1,1,1,1,1,1,1,1,1,1,1,1,1
2,1668,2,2,1,1,1,1,1,1,1,1,1,1,1,1,1,1,1,1,1,1,1
2,1669,2,2,1,1,1,1,1,1,1,1,1,1,1,1,1,1,1,1,1,1,1
2,1670,2,2,1,1,1,1,1,1,1,1,1,1,1,1,1,1,1,1,1,1,1
2,1671,2,2,1,1,1,1,1,1,1,1,1,1,1,1,1,1,1,1,1,1,1
2,1672,2,2,1,1,1,1,1,1,1,1,1,1,1,1,1,1,1,1,1,1,1
2,1673,2,2,1,1,1,1,1,1,1,1,1,1,1,1,1,1,1,1,1,1,1
2,1674,2,2,1,1,1,1,1,1,1,1,1,1,1,1,1,1,1,1,1,1,1
2,1675,2,2,1,1,1,1,1,1,1,1,1,1,1,1,1,1,1,1,1,1,1
2,1676,2,2,1,1,1,1,1,1,1,1,1,1,1,1,1,1,1,1,1,1,1
2,1677,2,2,1,1,1,1,1,1,1,1,1,1,1,1,1,1,1,1,1,1,1
2,1678,4,7,7,7,7,7,7,7,7,7,7,7,7,7,7,7,7,7,7,7,7
2,1679,4,7,7,7,7,7,7,7,7,7,7,7,7,7,7,7,7,7,7,7,7
2,1680,4,7,7,7,7,7,7,7,7,7,7,7,7,7,7,7,7,7,7,7,7
2,1681,4,7,7,7,7,7,7,7,7,7,7,7,7,7,7,7,7,7,7,7,7
2,1682,4,7,7,7,7,7,7,7,7,7,7,7,7,7,7,7,7,7,7,7,7
2,1683,4,7,7,7,7,7,7,7,7,7,7,7,7,7,7,7,7,7,7,7,7
2,1684,4,7,7,7,7,7,7,7,7,7,7,7,7,7,7,7,7,7,7,7,7
2,1685,4,7,7,7,7,7,7,7,7,7,7,7,7,7,7,7,7,7,7,7,7
2,1686,4,7,7,7,7,7,7,7,7,7,7,7,7,7,7,7,7,7,7,7,7
2,1687,4,7,7,7,7,7,7,7,7,7,7,7,7,7,7,7,7,7,7,7,7
2,1688,4,7,7,7,7,7,7,7,7,7,7,7,7,7,7,7,7,7,7,7,7
2,1689,4,7,7,7,7,7,7,7,7,7,7,7,7,7,7,7,7,7,7,7,7
2,1690,4,7,7,7,7,7,7,7,7,7,7,7,7,7,7,7,7,7,7,7,7
2,1691,4,7,7,7,7,7,7,7,7,7,7,7,7,7,7,7,7,7,7,7,7
2,1692,4,7,7,7,7,7,7,7,7,7,7,7,7,7,7,7,7,7,7,7,7
2,1693,4,7,7,7,7,7,7,7,7,7,7,7,7,7,7,7,7,7,7,7,7
2,1694,4,7,7,7,7,7,7,7,7,7,7,7,7,7,7,7,7,7,7,7,7
2,1695,4,7,7,7,7,7,7,7,7,7,7,7,7,7,7,7,7,7,7,7,7
2,1696,4,7,7,7,7,7,7,7,7,7,7,7,7,7,7,7,7,7,7,7,7
2,1697,4,7,7,7,7,7,7,7,7,7,7,7,7,7,7,7,7,7,7,7,7
2,1698,4,7,7,7,7,7,7,7,7,7,7,7,7,7,7,7,7,7,7,7,7
2,1699,4,7,7,7,7,7,7,7,7,7,7,7,7,7,7,7,7,7,7,7,7
2,1700,4,7,7,7,7,7,7,7,7,7,7,7,7,7,7,7,7,7,7,7,7
2,1701,4,6,6,6,6,6,6,6,6,6,6,6,6,6,6,6,6,6,6,6,6
2,1702,4,6,6,6,6,6,6,6,6,6,6,6,6,6,6,6,6,6,6,6,6
2,1703,4,7,7,7,7,7,7,7,7,7,7,7,7,7,7,7,7,7,7,7,7
2,1704,4,6,6,6,6,6,6,6,6,6,6,6,6,6,6,6,6,6,6,6,6
2,1705,4,6,6,6,6,6,6,6,6,6,6,6,6,6,6,6,6,6,6,6,6
2,1706,4,6,6,6,6,6,6,6,6,6,6,6,6,6,6,6,6,6,6,6,6
2,1707,4,6,6,6,6,6,6,6,6,6,6,6,6,6,6,6,6,6,6,6,6
2,1708,4,6,6,6,6,6,6,6,6,6,6,6,6,6,6,6,6,6,6,6,6
2,1709,4,6,6,6,6,6,6,6,6,6,6,6,6,6,6,6,6,6,6,6,6
2,1710,4,6,6,6,6,6,6,6,6,6,6,6,6,6,6,6,6,6,6,6,6
2,1711,4,6,6,6,6,6,6,6,6,6,6,6,6,6,6,6,6,6,6,6,6
2,1712,4,6,6,6,6,6,6,6,6,6,6,6,6,6,6,6,6,6,6,6,6
2,1713,4,6,6,6,6,6,6,6,6,6,6,6,6,6,6,6,6,6,6,6,6
2,1714,4,6,6,6,6,6,6,6,6,6,6,6,6,6,6,6,6,6,6,6,6
2,1715,4,7,7,7,7,7,7,7,7,7,7,7,7,7,7,7,7,7,7,7,7
2,1716,4,6,6,6,6,6,6,6,6,6,6,6,6,6,6,6,6,6,6,6,6
2,1717,4,6,6,6,6,6,6,6,6,6,6,6,6,6,6,6,6,6,6,6,6
2,1718,4,6,6,6,6,6,6,6,6,6,6,6,6,6,6,6,6,6,6,6,6
2,1719,4,6,6,6,6,6,6,6,6,6,6,6,6,6,6,6,6,6,6,6,6
2,1720,4,6,6,6,6,6,6,6,6,6,6,6,6,6,6,6,6,6,6,6,6
2,1721,4,7,7,7,7,7,7,7,7,7,7,7,7,7,7,7,7,7,7,7,7
2,1722,4,6,6,6,6,6,6,6,6,6,6,6,6,6,6,6,6,6,6,6,6
2,1723,4,6,6,6,6,6,6,6,6,6,6,6,6,6,6,6,6,6,6,6,6
2,1724,4,6,6,6,6,6,6,6,6,6,6,6,6,6,6,6,6,6,6,6,6
2,1725,4,6,6,6,6,6,6,6,6,6,6,6,6,6,6,6,6,6,6,6,6
2,1726,4,7,7,7,7,7,7,7,7,7,7,7,7,7,7,7,7,7,7,7,7
2,1727,4,6,6,6,6,6,6,6,6,6,6,6,6,6,6,6,6,6,6,6,6
2,1728,4,6,6,6,6,6,6,6,6,6,6,6,6,6,6,6,6,6,6,6,6
2,1729,4,6,6,6,6,6,6,6,6,6,6,6,6,6,6,6,6,6,6,6,6
2,1730,4,6,6,6,6,6,6,6,6,6,6,6,6,6,6,6,6,6,6,6,6
2,1731,4,6,6,6,6,6,6,6,6,6,6,6,6,6,6,6,6,6,6,6,6
2,1732,4,6,6,6,6,6,6,6,6,6,6,6,6,6,6,6,6,6,6,6,6
2,1733,4,7,7,7,7,7,7,7,7,7,7,7,7,7,7,7,7,7,7,7,7
2,1734,4,6,6,6,6,6,6,6,6,6,6,6,6,6,6,6,6,6,6,6,6
2,1735,4,7,7,7,7,7,7,7,7,7,7,7,7,7,7,7,7,7,7,7,7
2,1736,4,7,7,7,7,7,7,7,7,7,7,7,7,7,7,7,7,7,7,7,7
2,1737,4,7,7,7,7,7,7,7,7,7,7,7,7,7,7,7,7,7,7,7,7
2,1738,4,6,6,6,6,6,6,6,6,6,6,6,6,6,6,6,6,6,6,6,6
2,1739,4,6,6,6,6,6,6,6,6,6,6,6,6,6,6,6,6,6,6,6,6
2,1740,4,6,6,6,6,6,6,6,6,6,6,6,6,6,6,6,6,6,6,6,6
2,1741,4,6,6,6,6,6,6,6,6,6,6,6,6,6,6,6,6,6,6,6,6
2,1742,4,6,6,6,6,6,6,6,6,6,6,6,6,6,6,6,6,6,6,6,6
2,1743,4,6,6,6,6,6,6,6,6,6,6,6,6,6,6,6,6,6,6,6,6
2,1744,4,6,6,6,6,6,6,6,6,6,6,6,6,6,6,6,6,6,6,6,6
2,1745,4,6,6,6,6,6,6,6,6,6,6,6,6,6,6,6,6,6,6,6,6
2,1746,4,6,6,6,6,6,6,6,6,6,6,6,6,6,6,6,6,6,6,6,6
2,1747,4,6,6,6,6,6,6,6,6,6,6,6,6,6,6,6,6,6,6,6,6
2,1748,4,6,6,6,6,6,6,6,6,6,6,6,6,6,6,6,6,6,6,6,6
2,1749,4,6,6,6,6,6,6,6,6,6,6,6,6,6,6,6,6,6,6,6,6
2,1750,4,6,6,6,6,6,6,6,6,6,6,6,6,6,6,6,6,6,6,6,6
2,1751,4,6,6,6,6,6,6,6,6,6,6,6,6,6,6,6,6,6,6,6,6
2,1752,4,6,6,6,6,6,6,6,6,6,6,6,6,6,6,6,6,6,6,6,6
2,1753,4,6,6,6,6,6,6,6,6,6,6,6,6,6,6,6,6,6,6,6,6
2,1754,4,6,6,6,6,6,6,6,6,6,6,6,6,6,6,6,6,6,6,6,6
2,1755,4,6,6,6,6,6,6,6,6,6,6,6,6,6,6,6,6,6,6,6,6
2,1756,4,6,6,6,6,6,6,6,6,6,6,6,6,6,6,6,6,6,6,6,6
2,1757,4,6,6,6,6,6,6,6,6,6,6,6,6,6,6,6,6,6,6,6,6
2,1758,4,6,6,6,6,6,6,6,6,6,6,6,6,6,6,6,6,6,6,6,6
2,1759,4,6,6,6,6,6,6,6,6,6,6,6,6,6,6,6,6,6,6,6,6
2,1760,4,6,6,6,6,6,6,6,6,6,6,6,6,6,6,6,6,6,6,6,6
2,1761,4,6,6,6,6,6,6,6,6,6,6,6,6,6,6,6,6,6,6,6,6
2,1762,4,6,6,6,6,6,6,6,6,6,6,6,6,6,6,6,6,6,6,6,6
2,1763,4,6,6,6,6,6,6,6,6,6,6,6,6,6,6,6,6,6,6,6,6
2,1764,4,6,6,6,6,6,6,6,6,6,6,6,6,6,6,6,6,6,6,6,6
2,1765,4,6,6,6,6,6,6,6,6,6,6,6,6,6,6,6,6,6,6,6,6
2,1766,4,6,6,6,6,6,6,6,6,6,6,6,6,6,6,6,6,6,6,6,6
2,1767,4,6,6,6,6,6,6,6,6,6,6,6,6,6,6,6,6,6,6,6,6
2,1768,4,6,6,6,6,6,6,6,6,6,6,6,6,6,6,6,6,6,6,6,6
2,1769,4,6,6,6,6,6,6,6,6,6,6,6,6,6,6,6,6,6,6,6,6
2,1770,4,6,6,6,6,6,6,6,6,6,6,6,6,6,6,6,6,6,6,6,6
2,1771,4,6,6,6,6,6,6,6,6,6,6,6,6,6,6,6,6,6,6,6,6
2,1772,4,6,6,6,6,6,6,6,6,6,6,6,6,6,6,6,6,6,6,6,6
2,1773,4,6,6,6,6,6,6,6,6,6,6,6,6,6,6,6,6,6,6,6,6
2,1774,4,6,6,6,6,6,6,6,6,6,6,6,6,6,6,6,6,6,6,6,6
2,1775,4,7,7,7,7,7,7,7,7,7,7,7,7,7,7,7,7,7,7,7,7
2,1776,4,6,6,6,6,6,6,6,6,6,6,6,6,6,6,6,6,6,6,6,6
2,1777,4,6,6,6,6,6,6,6,6,6,6,6,6,6,6,6,6,6,6,6,6
2,1778,4,6,6,6,6,6,6,6,6,6,6,6,6,6,6,6,6,6,6,6,6
2,1779,4,6,6,6,6,6,6,6,6,6,6,6,6,6,6,6,6,6,6,6,6
2,1780,4,6,6,6,6,6,6,6,6,6,6,6,6,6,6,6,6,6,6,6,6
2,1781,4,6,6,6,6,6,6,6,6,6,6,6,6,6,6,6,6,6,6,6,6
2,1782,4,6,6,6,6,6,6,6,6,6,6,6,6,6,6,6,6,6,6,6,6
2,1783,4,6,6,6,6,6,6,6,6,6,6,6,6,6,6,6,6,6,6,6,6
2,1784,4,6,6,6,6,6,6,6,6,6,6,6,6,6,6,6,6,6,6,6,6
2,1785,4,6,6,6,6,6,6,6,6,6,6,6,6,6,6,6,6,6,6,6,6
2,1786,4,6,6,6,6,6,6,6,6,6,6,6,6,6,6,6,6,6,6,6,6
2,1787,4,7,7,7,7,7,7,7,7,7,7,7,7,7,7,7,7,7,7,7,7
2,1788,4,7,7,7,7,7,7,7,7,7,7,7,7,7,7,7,7,7,7,7,7
2,1789,4,7,7,7,7,7,7,7,7,7,7,7,7,7,7,7,7,7,7,7,7
2,1790,4,7,7,7,7,7,7,7,7,7,7,7,7,7,7,7,7,7,7,7,7
2,1791,4,7,7,7,7,7,7,7,7,7,7,7,7,7,7,7,7,7,7,7,7
2,1792,4,7,7,7,7,7,7,7,7,7,7,7,7,7,7,7,7,7,7,7,7
2,1793,4,7,7,7,7,7,7,7,7,7,7,7,7,7,7,7,7,7,7,7,7
2,1794,4,7,7,7,7,7,7,7,7,7,7,7,7,7,7,7,7,7,7,7,7
2,1795,4,7,7,7,7,7,7,7,7,7,7,7,7,7,7,7,7,7,7,7,7
2,1796,4,7,7,7,7,7,7,7,7,7,7,7,7,7,7,7,7,7,7,7,7
2,1797,4,7,7,7,7,7,7,7,7,7,7,7,7,7,7,7,7,7,7,7,7
2,1798,4,7,7,7,7,7,7,7,7,7,7,7,7,7,7,7,7,7,7,7,7
2,1799,4,7,7,7,7,7,7,7,7,7,7,7,7,7,7,7,7,7,7,7,7
2,1800,4,7,7,7,7,7,7,7,7,7,7,7,7,7,7,7,7,7,7,7,7
2,1801,4,7,7,7,7,7,7,7,7,7,7,7,7,7,7,7,7,7,7,7,7
2,1802,4,7,7,7,7,7,7,7,7,7,7,7,7,7,7,7,7,7,7,7,7
2,1803,4,7,7,7,7,7,7,7,7,7,7,7,7,7,7,7,7,7,7,7,7
2,1804,4,7,7,7,7,7,7,7,7,7,7,7,7,7,7,7,7,7,7,7,7
2,1805,4,7,7,7,7,7,7,7,7,7,7,7,7,7,7,7,7,7,7,7,7
2,1806,4,7,7,7,7,7,7,7,7,7,7,7,7,7,7,7,7,7,7,7,7
2,1807,2,4,4,4,4,4,4,4,4,4,4,4,4,4,4,4,4,4,4,4,4
2,1808,2,4,4,4,4,4,4,4,4,4,4,4,4,4,4,4,4,4,4,4,4
2,1809,2,4,4,4,4,4,4,4,4,4,4,4,4,4,4,4,4,4,4,4,4
2,1810,2,4,4,4,4,4,4,4,4,4,4,4,4,4,4,4,4,4,4,4,4
2,1811,2,4,4,4,4,4,4,4,4,4,4,4,4,4,4,4,4,4,4,4,4
2,1812,2,4,4,4,4,4,4,4,4,4,4,4,4,4,4,4,4,4,4,4,4
2,1813,2,4,4,4,4,4,4,4,4,4,4,4,4,4,4,4,4,4,4,4,4
2,1814,2,4,4,4,4,4,4,4,4,4,4,4,4,4,4,4,4,4,4,4,4
2,1815,2,4,4,4,4,4,4,4,4,4,4,4,4,4,4,4,4,4,4,4,4
2,1816,2,4,4,4,4,4,4,4,4,4,4,4,4,4,4,4,4,4,4,4,4
2,1817,2,4,4,4,4,4,4,4,4,4,4,4,4,4,4,4,4,4,4,4,4
2,1818,2,4,4,4,4,4,4,4,4,4,4,4,4,4,4,4,4,4,4,4,4
2,1819,2,4,4,4,4,4,4,4,4,4,4,4,4,4,4,4,4,4,4,4,4
2,1820,2,4,4,4,4,4,4,4,4,4,4,4,4,4,4,4,4,4,4,4,4
2,1821,2,4,4,4,4,4,4,4,4,4,4,4,4,4,4,4,4,4,4,4,4
2,1822,2,4,4,4,4,4,4,4,4,4,4,4,4,4,4,4,4,4,4,4,4
2,1823,2,4,4,4,4,4,4,4,4,4,4,4,4,4,4,4,4,4,4,4,4
2,1824,2,4,4,4,4,4,4,4,4,4,4,4,4,4,4,4,4,4,4,4,4
2,1825,2,4,4,4,4,4,4,4,4,4,4,4,4,4,4,4,4,4,4,4,4
2,1826,2,4,4,4,4,4,4,4,4,4,4,4,4,4,4,4,4,4,4,4,4
2,1827,2,4,4,4,4,4,4,4,4,4,4,4,4,4,4,4,4,4,4,4,4
2,1828,2,4,4,4,4,4,4,4,4,4,4,4,4,4,4,4,4,4,4,4,4
2,1829,2,4,4,4,4,4,4,4,4,4,4,4,4,4,4,4,4,4,4,4,4
2,1830,2,4,4,4,4,4,4,4,4,4,4,4,4,4,4,4,4,4,4,4,4
2,1831,2,4,4,4,4,4,4,4,4,4,4,4,4,4,4,4,4,4,4,4,4
2,1832,2,4,4,4,4,4,4,4,4,4,4,4,4,4,4,4,4,4,4,4,4
2,1833,2,4,4,4,4,4,4,4,4,4,4,4,4,4,4,4,4,4,4,4,4
2,1834,2,4,4,4,4,4,4,4,4,4,4,4,4,4,4,4,4,4,4,4,4
2,1835,2,4,4,4,4,4,4,4,4,4,4,4,4,4,4,4,4,4,4,4,4
2,1836,2,4,4,4,4,4,4,4,4,4,4,4,4,4,4,4,4,4,4,4,4
2,1837,2,4,4,4,4,4,4,4,4,4,4,4,4,4,4,4,4,4,4,4,4
2,1838,2,4,4,4,4,4,4,4,4,4,4,4,4,4,4,4,4,4,4,4,4
2,1839,2,4,4,4,4,4,4,4,4,4,4,4,4,4,4,4,4,4,4,4,4
2,1840,2,4,4,4,4,4,4,4,4,4,4,4,4,4,4,4,4,4,4,4,4
2,1841,2,4,4,4,4,4,4,4,4,4,4,4,4,4,4,4,4,4,4,4,4
2,1842,2,4,4,4,4,4,4,4,4,4,4,4,4,4,4,4,4,4,4,4,4
2,1843,2,4,4,4,4,4,4,4,4,4,4,4,4,4,4,4,4,4,4,4,4
2,1844,2,4,4,4,4,4,4,4,4,4,4,4,4,4,4,4,4,4,4,4,4
2,1845,2,4,4,4,4,4,4,4,4,4,4,4,4,4,4,4,4,4,4,4,4
2,1846,2,4,4,4,4,4,4,4,4,4,4,4,4,4,4,4,4,4,4,4,4
2,1847,1,2,2,2,2,2,2,2,2,2,2,2,2,2,2,2,2,2,2,2,2
2,1848,1,2,2,2,2,2,2,2,2,2,2,2,2,2,2,2,2,2,2,2,2
2,1849,1,2,2,2,2,2,2,2,2,2,2,2,2,2,2,2,2,2,2,2,2
2,1850,1,2,2,2,2,2,2,2,2,2,2,2,2,2,2,2,2,2,2,2,2
2,1851,1,2,2,2,2,2,2,2,2,2,2,2,2,2,2,2,2,2,2,2,2
2,1852,1,2,2,2,2,2,2,2,2,2,2,2,2,2,2,2,2,2,2,2,2
2,1853,1,2,2,2,2,2,2,2,2,2,2,2,2,2,2,2,2,2,2,2,2
2,1854,1,2,2,2,2,2,2,2,2,2,2,2,2,2,2,2,2,2,2,2,2
2,1855,1,2,2,2,2,2,2,2,2,2,2,2,2,2,2,2,2,2,2,2,2
2,1856,1,2,2,2,2,2,2,2,2,2,2,2,2,2,2,2,2,2,2,2,2
2,1857,1,2,2,2,2,2,2,2,2,2,2,2,2,2,2,2,2,2,2,2,2
2,1858,1,2,2,2,2,2,2,2,2,2,2,2,2,2,2,2,2,2,2,2,2
2,1859,1,2,2,2,2,2,2,2,2,2,2,2,2,2,2,2,2,2,2,2,2
2,1860,1,2,2,2,2,2,2,2,2,2,2,2,2,2,2,2,2,2,2,2,2
2,1861,1,2,2,2,2,2,2,2,2,2,2,2,2,2,2,2,2,2,2,2,2
2,1862,1,2,2,2,2,2,2,2,2,2,2,2,2,2,2,2,2,2,2,2,2
2,1863,1,2,2,2,2,2,2,2,2,2,2,2,2,2,2,2,2,2,2,2,2
2,1864,1,2,2,2,2,2,2,2,2,2,2,2,2,2,2,2,2,2,2,2,2
2,1865,1,2,2,2,2,2,2,2,2,2,2,2,2,2,2,2,2,2,2,2,2
2,1866,1,2,2,2,2,2,2,2,2,2,2,2,2,2,2,2,2,2,2,2,2
2,1867,1,2,2,2,2,2,2,2,2,2,2,2,2,2,2,2,2,2,2,2,2
2,1868,4,7,7,7,7,7,7,7,7,7,7,7,7,7,7,7,7,7,7,7,7
2,1869,4,7,7,7,7,7,7,7,7,7,7,7,7,7,7,7,7,7,7,7,7
2,1870,4,7,7,7,7,7,7,7,7,7,7,7,7,7,7,7,7,7,7,7,7
2,1871,4,7,7,7,7,7,7,7,7,7,7,7,7,7,7,7,7,7,7,7,7
2,1872,4,7,7,7,7,7,7,7,7,7,7,7,7,7,7,7,7,7,7,7,7
2,1873,4,7,7,7,7,7,7,7,7,7,7,7,7,7,7,7,7,7,7,7,7
2,1874,4,7,7,7,7,7,7,7,7,7,7,7,7,7,7,7,7,7,7,7,7
2,1875,4,7,7,7,7,7,7,7,7,7,7,7,7,7,7,7,7,7,7,7,7
2,1876,4,7,7,7,7,7,7,7,7,7,7,7,7,7,7,7,7,7,7,7,7
2,1877,4,7,7,7,7,7,7,7,7,7,7,7,7,7,7,7,7,7,7,7,7
2,1878,4,7,7,7,7,7,7,7,7,7,7,7,7,7,7,7,7,7,7,7,7
2,1879,4,7,7,7,7,7,7,7,7,7,7,7,7,7,7,7,7,7,7,7,7
2,1880,4,7,7,7,7,7,7,7,7,7,7,7,7,7,7,7,7,7,7,7,7
2,1881,4,7,7,7,7,7,7,7,7,7,7,7,7,7,7,7,7,7,7,7,7
2,1882,4,7,7,7,7,7,7,7,7,7,7,7,7,7,7,7,7,7,7,7,7
2,1883,4,7,7,7,7,7,7,7,7,7,7,7,7,7,7,7,7,7,7,7,7
2,1884,4,7,7,7,7,7,7,7,7,7,7,7,7,7,7,7,7,7,7,7,7
2,1885,4,7,7,7,7,7,7,7,7,7,7,7,7,7,7,7,7,7,7,7,7
2,1886,4,7,7,7,7,7,7,7,7,7,7,7,7,7,7,7,7,7,7,7,7
2,1887,4,7,7,7,7,7,7,7,7,7,7,7,7,7,7,7,7,7,7,7,7
2,1888,4,7,7,7,7,7,7,7,7,7,7,7,7,7,7,7,7,7,7,7,7
2,1889,4,7,7,7,7,7,7,7,7,7,7,7,7,7,7,7,7,7,7,7,7
2,1890,4,7,7,7,7,7,7,7,7,7,7,7,7,7,7,7,7,7,7,7,7
2,1891,4,7,7,7,7,7,7,7,7,7,7,7,7,7,7,7,7,7,7,7,7
2,1892,4,7,7,7,7,7,7,7,7,7,7,7,7,7,7,7,7,7,7,7,7
2,1893,4,7,7,7,7,7,7,7,7,7,7,7,7,7,7,7,7,7,7,7,7
2,1894,4,7,7,7,7,7,7,7,7,7,7,7,7,7,7,7,7,7,7,7,7
2,1895,4,7,7,7,7,7,7,7,7,7,7,7,7,7,7,7,7,7,7,7,7
2,1896,4,7,7,7,7,7,7,7,7,7,7,7,7,7,7,7,7,7,7,7,7
2,1897,4,7,7,7,7,7,7,7,7,7,7,7,7,7,7,7,7,7,7,7,7
2,1898,4,7,7,7,7,7,7,7,7,7,7,7,7,7,7,7,7,7,7,7,7
2,1899,4,7,7,7,7,7,7,7,7,7,7,7,7,7,7,7,7,7,7,7,7
2,1900,4,7,7,7,7,7,7,7,7,7,7,7,7,7,7,7,7,7,7,7,7
2,1901,4,7,7,7,7,7,7,7,7,7,7,7,7,7,7,7,7,7,7,7,7
2,1902,4,7,7,7,7,7,7,7,7,7,7,7,7,7,7,7,7,7,7,7,7
2,1903,4,7,7,7,7,7,7,7,7,7,7,7,7,7,7,7,7,7,7,7,7
2,1904,4,7,7,7,7,7,7,7,7,7,7,7,7,7,7,7,7,7,7,7,7
2,1905,4,7,7,7,7,7,7,7,7,7,7,7,7,7,7,7,7,7,7,7,7
2,1906,4,7,7,7,7,7,7,7,7,7,7,7,7,7,7,7,7,7,7,7,7
2,1907,4,7,7,7,7,7,7,7,7,7,7,7,7,7,7,7,7,7,7,7,7
2,1908,4,7,7,7,7,7,7,7,7,7,7,7,7,7,7,7,7,7,7,7,7
2,1909,4,7,7,7,7,7,7,7,7,7,7,7,7,7,7,7,7,7,7,7,7
2,1910,4,7,7,7,7,7,7,7,7,7,7,7,7,7,7,7,7,7,7,7,7
2,1911,4,7,7,7,7,7,7,7,7,7,7,7,7,7,7,7,7,7,7,7,7
2,1912,4,7,7,7,7,7,7,7,7,7,7,7,7,7,7,7,7,7,7,7,7
2,1913,4,7,7,7,7,7,7,7,7,7,7,7,7,7,7,7,7,7,7,7,7
2,1914,4,7,7,7,7,7,7,7,7,7,7,7,7,7,7,7,7,7,7,7,7
2,1915,4,7,7,7,7,7,7,7,7,7,7,7,7,7,7,7,7,7,7,7,7
2,1916,4,7,7,7,7,7,7,7,7,7,7,7,7,7,7,7,7,7,7,7,7
2,1917,4,7,7,7,7,7,7,7,7,7,7,7,7,7,7,7,7,7,7,7,7
2,1918,4,7,7,7,7,7,7,7,7,7,7,7,7,7,7,7,7,7,7,7,7
2,1919,4,7,7,7,7,7,7,7,7,7,7,7,7,7,7,7,7,7,7,7,7
2,1920,4,7,7,7,7,7,7,7,7,7,7,7,7,7,7,7,7,7,7,7,7
2,1921,4,7,7,7,7,7,7,7,7,7,7,7,7,7,7,7,7,7,7,7,7
2,1922,4,7,7,7,7,7,7,7,7,7,7,7,7,7,7,7,7,7,7,7,7
2,1923,4,7,7,7,7,7,7,7,7,7,7,7,7,7,7,7,7,7,7,7,7
2,1924,4,7,7,7,7,7,7,7,7,7,7,7,7,7,7,7,7,7,7,7,7
2,1925,4,7,7,7,7,7,7,7,7,7,7,7,7,7,7,7,7,7,7,7,7
2,1926,4,7,7,7,7,7,7,7,7,7,7,7,7,7,7,7,7,7,7,7,7
2,1927,4,7,7,7,7,7,7,7,7,7,7,7,7,7,7,7,7,7,7,7,7
2,1928,4,7,7,7,7,7,7,7,7,7,7,7,7,7,7,7,7,7,7,7,7
2,1929,4,7,7,7,7,7,7,7,7,7,7,7,7,7,7,7,7,7,7,7,7
2,1930,4,7,7,7,7,7,7,7,7,7,7,7,7,7,7,7,7,7,7,7,7
2,1931,4,7,7,7,7,7,7,7,7,7,7,7,7,7,7,7,7,7,7,7,7
2,1932,4,7,7,7,7,7,7,7,7,7,7,7,7,7,7,7,7,7,7,7,7
2,1933,4,7,7,7,7,7,7,7,7,7,7,7,7,7,7,7,7,7,7,7,7
2,1934,4,7,7,7,7,7,7,7,7,7,7,7,7,7,7,7,7,7,7,7,7
2,1935,4,7,7,7,7,7,7,7,7,7,7,7,7,7,7,7,7,7,7,7,7
2,1936,4,7,7,7,7,7,7,7,7,7,7,7,7,7,7,7,7,7,7,7,7
2,1937,4,7,7,7,7,7,7,7,7,7,7,7,7,7,7,7,7,7,7,7,7
2,1938,4,7,7,7,7,7,7,7,7,7,7,7,7,7,7,7,7,7,7,7,7
2,1939,4,7,7,7,7,7,7,7,7,7,7,7,7,7,7,7,7,7,7,7,7
2,1940,4,7,7,7,7,7,7,7,7,7,7,7,7,7,7,7,7,7,7,7,7
2,1941,4,7,7,7,7,7,7,7,7,7,7,7,7,7,7,7,7,7,7,7,7
2,1942,4,7,7,7,7,7,7,7,7,7,7,7,7,7,7,7,7,7,7,7,7
2,1943,2,4,4,4,4,4,4,4,4,4,4,4,4,4,4,4,4,4,4,4,4
2,1944,2,4,4,4,4,4,4,4,4,4,4,4,4,4,4,4,4,4,4,4,4
2,1945,2,4,4,4,4,4,4,4,4,4,4,4,4,4,4,4,4,4,4,4,4
2,1946,2,4,4,4,4,4,4,4,4,4,4,4,4,4,4,4,4,4,4,4,4
2,1947,2,4,4,4,4,4,4,4,4,4,4,4,4,4,4,4,4,4,4,4,4
2,1948,2,4,4,4,4,4,4,4,4,4,4,4,4,4,4,4,4,4,4,4,4
2,1949,2,4,4,4,4,4,4,4,4,4,4,4,4,4,4,4,4,4,4,4,4
2,1950,2,4,4,4,4,4,4,4,4,4,4,4,4,4,4,4,4,4,4,4,4
2,1951,2,4,4,4,4,4,4,4,4,4,4,4,4,4,4,4,4,4,4,4,4
2,1952,2,4,4,4,4,4,4,4,4,4,4,4,4,4,4,4,4,4,4,4,4
2,1953,2,2,1,1,1,1,1,1,1,1,1,1,1,1,1,1,1,1,1,1,1
2,1954,2,2,1,1,1,1,1,1,1,1,1,1,1,1,1,1,1,1,1,1,1
2,1955,2,2,1,1,1,1,1,1,1,1,1,1,1,1,1,1,1,1,1,1,1
2,1956,2,2,1,1,1,1,1,1,1,1,1,1,1,1,1,1,1,1,1,1,1
2,1957,2,2,1,1,1,1,1,1,1,1,1,1,1,1,1,1,1,1,1,1,1
2,1958,2,2,1,1,1,1,1,1,1,1,1,1,1,1,1,1,1,1,1,1,1
2,1959,2,2,1,1,1,1,1,1,1,1,1,1,1,1,1,1,1,1,1,1,1
2,1960,2,2,1,1,1,1,1,1,1,1,1,1,1,1,1,1,1,1,1,1,1
2,1961,2,2,1,1,1,1,1,1,1,1,1,1,1,1,1,1,1,1,1,1,1
2,1962,2,2,1,1,1,1,1,1,1,1,1,1,1,1,1,1,1,1,1,1,1
2,1963,2,2,1,1,1,1,1,1,1,1,1,1,1,1,1,1,1,1,1,1,1
2,1964,2,2,1,1,1,1,1,1,1,1,1,1,1,1,1,1,1,1,1,1,1
2,1965,2,2,1,1,1,1,1,1,1,1,1,1,1,1,1,1,1,1,1,1,1
2,1966,2,2,1,1,1,1,1,1,1,1,1,1,1,1,1,1,1,1,1,1,1
2,1967,2,2,1,1,1,1,1,1,1,1,1,1,1,1,1,1,1,1,1,1,1
2,1968,2,2,1,1,1,1,1,1,1,1,1,1,1,1,1,1,1,1,1,1,1
2,1969,2,2,1,1,1,1,1,1,1,1,1,1,1,1,1,1,1,1,1,1,1
