edon,seccion,munn,escenario1,mc_clv1,morena_clv1,panal_clv1,pan_clv1,pes_clv1,prd_clv1,pri_clv1,pt_clv1,pvem_clv1,escenario2,mc_clv2,morena_clv2,panal_clv2,pan_clv2,pes_clv2,prd_clv2,pri_clv2,pt_clv2,pvem_clv2,escenario3
29,1,1,1,1,1,1,1,1,1,1,1,1,1,1,1,1,1,1,1,1,1,1,1
29,2,1,1,1,1,1,1,1,1,1,1,1,1,1,1,1,1,1,1,1,1,1,1
29,3,1,1,1,1,1,1,1,1,1,1,1,1,1,1,1,1,1,1,1,1,1,1
29,4,1,1,1,1,1,1,1,1,1,1,1,1,1,1,1,1,1,1,1,1,1,1
29,5,2,2,2,2,2,2,2,2,2,2,2,2,1,1,1,2,1,1,1,1,2,2
29,6,2,2,2,2,2,2,2,2,2,2,2,2,1,1,1,2,1,1,1,1,2,2
29,7,2,2,2,2,2,2,2,2,2,2,2,2,1,1,1,2,1,1,1,1,2,2
29,8,2,2,2,2,2,2,2,2,2,2,2,2,1,1,1,2,1,1,1,1,2,2
29,9,2,2,2,2,2,2,2,2,2,2,2,2,1,1,1,2,1,1,1,1,2,2
29,10,2,2,2,2,2,2,2,2,2,2,2,2,1,1,1,2,1,1,1,1,2,2
29,11,2,2,2,2,2,2,2,2,2,2,2,2,1,1,1,2,1,1,1,1,2,2
29,12,3,3,3,3,3,3,3,3,3,3,3,3,2,2,2,3,2,2,2,2,3,3
29,13,3,3,3,3,3,3,3,3,3,3,3,3,2,2,2,3,2,2,2,2,3,3
29,14,3,3,3,3,3,3,3,3,3,3,3,3,2,2,2,3,2,2,2,2,3,3
29,15,3,3,3,3,3,3,3,3,3,3,3,3,2,2,2,3,2,2,2,2,3,3
29,16,3,3,3,3,3,3,3,3,3,3,3,3,2,2,2,3,2,2,2,2,3,3
29,17,3,3,3,3,3,3,3,3,3,3,3,3,2,2,2,3,2,2,2,2,3,3
29,18,3,3,3,3,3,3,3,3,3,3,3,3,2,2,2,3,2,2,2,2,3,3
29,19,3,3,3,3,3,3,3,3,3,3,3,3,2,2,2,3,2,2,2,2,3,3
29,20,3,3,3,3,3,3,3,3,3,3,3,3,2,2,2,3,2,2,2,2,3,3
29,21,3,3,3,3,3,3,3,3,3,3,3,3,2,2,2,3,2,2,2,2,3,3
29,22,3,3,3,3,3,3,3,3,3,3,3,3,2,2,2,3,2,2,2,2,3,3
29,23,3,3,3,3,3,3,3,3,3,3,3,3,2,2,2,3,2,2,2,2,3,3
29,24,3,3,3,3,3,3,3,3,3,3,3,3,2,2,2,3,2,2,2,2,3,3
29,25,3,3,3,3,3,3,3,3,3,3,3,3,2,2,2,3,2,2,2,2,3,3
29,26,3,3,3,3,3,3,3,3,3,3,3,3,2,2,2,3,2,2,2,2,3,3
29,27,3,3,3,3,3,3,3,3,3,3,3,3,2,2,2,3,2,2,2,2,3,3
29,28,3,3,3,3,3,3,3,3,3,3,3,3,2,2,2,3,2,2,2,2,3,3
29,29,3,3,3,3,3,3,3,3,3,3,3,3,2,2,2,3,2,2,2,2,3,3
29,30,3,3,3,3,3,3,3,3,3,3,3,3,2,2,2,3,2,2,2,2,3,3
29,31,3,3,3,3,3,3,3,3,3,3,3,3,2,2,2,3,2,2,2,2,3,3
29,32,3,3,3,3,3,3,3,3,3,3,3,3,2,2,2,3,2,2,2,2,3,3
29,33,3,3,3,3,3,3,3,3,3,3,3,3,2,2,2,3,2,2,2,2,3,3
29,34,3,3,3,3,3,3,3,3,3,3,3,3,2,2,2,3,2,2,2,2,3,3
29,35,3,3,3,3,3,3,3,3,3,3,3,3,2,2,2,3,2,2,2,2,3,3
29,36,3,3,3,3,3,3,3,3,3,3,3,3,2,2,2,3,2,2,2,2,3,3
29,37,3,3,3,3,3,3,3,3,3,3,3,3,2,2,2,3,2,2,2,2,3,3
29,38,901,1,3,3,3,3,3,3,3,3,3,1,2,2,2,3,2,2,2,2,3,1
29,39,3,3,3,3,3,3,3,3,3,3,3,3,2,2,2,3,2,2,2,2,3,3
29,40,3,3,3,3,3,3,3,3,3,3,3,3,2,2,2,3,2,2,2,2,3,3
29,41,3,3,3,3,3,3,3,3,3,3,3,3,2,2,2,3,2,2,2,2,3,3
29,42,3,3,3,3,3,3,3,3,3,3,3,3,2,2,2,3,2,2,2,2,3,3
29,43,3,3,3,3,3,3,3,3,3,3,3,3,2,2,2,3,2,2,2,2,3,3
29,44,3,3,3,3,3,3,3,3,3,3,3,3,2,2,2,3,2,2,2,2,3,3
29,45,3,3,3,3,3,3,3,3,3,3,3,3,2,2,2,3,2,2,2,2,3,3
29,46,3,3,3,3,3,3,3,3,3,3,3,3,2,2,2,3,2,2,2,2,3,3
29,47,3,3,3,3,3,3,3,3,3,3,3,3,2,2,2,3,2,2,2,2,3,3
29,48,3,3,3,3,3,3,3,3,3,3,3,3,2,2,2,3,2,2,2,2,3,3
29,49,4,3,3,3,3,3,3,3,3,3,3,3,2,2,2,3,2,2,2,2,3,3
29,50,4,3,3,3,3,3,3,3,3,3,3,3,2,2,2,3,2,2,2,2,3,3
29,51,4,3,3,3,3,3,3,3,3,3,3,3,2,2,2,3,2,2,2,2,3,3
29,52,4,3,3,3,3,3,3,3,3,3,3,3,2,2,2,3,2,2,2,2,3,3
29,53,4,3,3,3,3,3,3,3,3,3,3,3,2,2,2,3,2,2,2,2,3,3
29,54,4,3,3,3,3,3,3,3,3,3,3,3,2,2,2,3,2,2,2,2,3,3
29,55,4,3,3,3,3,3,3,3,3,3,3,3,2,2,2,3,2,2,2,2,3,3
29,56,4,3,3,3,3,3,3,3,3,3,3,3,2,2,2,3,2,2,2,2,3,3
29,57,4,3,3,3,3,3,3,3,3,3,3,3,2,2,2,3,2,2,2,2,3,3
29,58,34,3,3,3,3,3,3,3,3,3,3,3,2,2,2,3,2,2,2,2,3,3
29,59,5,3,3,3,3,3,3,3,3,3,3,3,2,2,2,3,2,2,2,2,3,3
29,60,5,3,3,3,3,3,3,3,3,3,3,3,2,2,2,3,2,2,2,2,3,3
29,61,5,3,3,3,3,3,3,3,3,3,3,3,2,2,2,3,2,2,2,2,3,3
29,62,5,3,3,3,3,3,3,3,3,3,3,3,2,2,2,3,2,2,2,2,3,3
29,63,5,3,3,3,3,3,3,3,3,3,3,3,2,2,2,3,2,2,2,2,3,3
29,64,5,3,3,3,3,3,3,3,3,3,3,3,2,2,2,3,2,2,2,2,3,3
29,65,5,3,3,3,3,3,3,3,3,3,3,3,2,2,2,3,2,2,2,2,3,3
29,66,5,3,3,3,3,3,3,3,3,3,3,3,2,2,2,3,2,2,2,2,3,3
29,67,5,3,3,3,3,3,3,3,3,3,3,3,2,2,2,3,2,2,2,2,3,3
29,68,5,3,3,3,3,3,3,3,3,3,3,3,2,2,2,3,2,2,2,2,3,3
29,69,5,3,3,3,3,3,3,3,3,3,3,3,2,2,2,3,2,2,2,2,3,3
29,70,5,3,3,3,3,3,3,3,3,3,3,3,2,2,2,3,2,2,2,2,3,3
29,71,5,3,3,3,3,3,3,3,3,3,3,3,2,2,2,3,2,2,2,2,3,3
29,72,5,3,3,3,3,3,3,3,3,3,3,3,2,2,2,3,2,2,2,2,3,3
29,73,5,3,3,3,3,3,3,3,3,3,3,3,2,2,2,3,2,2,2,2,3,3
29,74,5,3,3,3,3,3,3,3,3,3,3,3,2,2,2,3,2,2,2,2,3,3
29,75,5,3,3,3,3,3,3,3,3,3,3,3,2,2,2,3,2,2,2,2,3,3
29,76,5,3,3,3,3,3,3,3,3,3,3,3,2,2,2,3,2,2,2,2,3,3
29,77,5,3,3,3,3,3,3,3,3,3,3,3,2,2,2,3,2,2,2,2,3,3
29,78,6,1,1,1,1,1,1,1,1,1,1,1,3,3,3,1,3,3,3,3,1,1
29,79,6,1,1,1,1,1,1,1,1,1,1,1,3,3,3,1,3,3,3,3,1,1
29,80,6,1,1,1,1,1,1,1,1,1,1,1,3,3,3,1,3,3,3,3,1,1
29,81,6,1,1,1,1,1,1,1,1,1,1,1,3,3,3,1,3,3,3,3,1,1
29,82,6,1,1,1,1,1,1,1,1,1,1,1,3,3,3,1,3,3,3,3,1,1
29,83,6,1,1,1,1,1,1,1,1,1,1,1,3,3,3,1,3,3,3,3,1,1
29,84,6,1,1,1,1,1,1,1,1,1,1,1,3,3,3,1,3,3,3,3,1,1
29,85,6,1,1,1,1,1,1,1,1,1,1,1,3,3,3,1,3,3,3,3,1,1
29,86,6,1,1,1,1,1,1,1,1,1,1,1,3,3,3,1,3,3,3,3,1,1
29,87,6,1,1,1,1,1,1,1,1,1,1,1,3,3,3,1,3,3,3,3,1,1
29,88,6,1,1,1,1,1,1,1,1,1,1,1,3,3,3,1,3,3,3,3,1,1
29,89,6,1,1,1,1,1,1,1,1,1,1,1,3,3,3,1,3,3,3,3,1,1
29,90,6,1,1,1,1,1,1,1,1,1,1,1,3,3,3,1,3,3,3,3,1,1
29,91,6,1,1,1,1,1,1,1,1,1,1,1,3,3,3,1,3,3,3,3,1,1
29,92,6,1,1,1,1,1,1,1,1,1,1,1,3,3,3,1,3,3,3,3,1,1
29,93,6,1,1,1,1,1,1,1,1,1,1,1,3,3,3,1,3,3,3,3,1,1
29,94,6,1,1,1,1,1,1,1,1,1,1,1,3,3,3,1,3,3,3,3,1,1
29,95,6,1,1,1,1,1,1,1,1,1,1,1,3,3,3,1,3,3,3,3,1,1
29,96,6,1,1,1,1,1,1,1,1,1,1,1,3,3,3,1,3,3,3,3,1,1
29,97,6,1,1,1,1,1,1,1,1,1,1,1,3,3,3,1,3,3,3,3,1,1
29,98,6,1,1,1,1,1,1,1,1,1,1,1,3,3,3,1,3,3,3,3,1,1
29,99,6,1,1,1,1,1,1,1,1,1,1,1,3,3,3,1,3,3,3,3,1,1
29,100,7,3,3,3,3,3,3,3,3,3,3,3,2,2,2,3,2,2,2,2,3,3
29,101,7,3,3,3,3,3,3,3,3,3,3,3,2,2,2,3,2,2,2,2,3,3
29,102,7,3,3,3,3,3,3,3,3,3,3,3,2,2,2,3,2,2,2,2,3,3
29,103,7,3,3,3,3,3,3,3,3,3,3,3,2,2,2,3,2,2,2,2,3,3
29,104,7,3,3,3,3,3,3,3,3,3,3,3,2,2,2,3,2,2,2,2,3,3
29,105,7,3,3,3,3,3,3,3,3,3,3,3,2,2,2,3,2,2,2,2,3,3
29,106,7,3,3,3,3,3,3,3,3,3,3,3,2,2,2,3,2,2,2,2,3,3
29,107,8,3,3,3,3,3,3,3,3,3,3,3,2,2,2,3,2,2,2,2,3,3
29,108,8,3,3,3,3,3,3,3,3,3,3,3,2,2,2,3,2,2,2,2,3,3
29,109,8,3,3,3,3,3,3,3,3,3,3,3,2,2,2,3,2,2,2,2,3,3
29,110,8,3,3,3,3,3,3,3,3,3,3,3,2,2,2,3,2,2,2,2,3,3
29,111,8,3,3,3,3,3,3,3,3,3,3,3,2,2,2,3,2,2,2,2,3,3
29,112,8,3,3,3,3,3,3,3,3,3,3,3,2,2,2,3,2,2,2,2,3,3
29,113,8,3,3,3,3,3,3,3,3,3,3,3,2,2,2,3,2,2,2,2,3,3
29,114,8,3,3,3,3,3,3,3,3,3,3,3,2,2,2,3,2,2,2,2,3,3
29,115,8,3,3,3,3,3,3,3,3,3,3,3,2,2,2,3,2,2,2,2,3,3
29,116,8,3,3,3,3,3,3,3,3,3,3,3,2,2,2,3,2,2,2,2,3,3
29,117,9,3,3,3,3,3,3,3,3,3,3,3,2,2,2,3,2,2,2,2,3,3
29,118,9,3,3,3,3,3,3,3,3,3,3,3,2,2,2,3,2,2,2,2,3,3
29,119,9,3,3,3,3,3,3,3,3,3,3,3,2,2,2,3,2,2,2,2,3,3
29,120,9,3,3,3,3,3,3,3,3,3,3,3,2,2,2,3,2,2,2,2,3,3
29,121,9,3,3,3,3,3,3,3,3,3,3,3,2,2,2,3,2,2,2,2,3,3
29,122,10,2,2,2,2,2,2,2,2,2,2,2,1,1,1,2,1,1,1,1,2,2
29,123,10,2,2,2,2,2,2,2,2,2,2,2,1,1,1,2,1,1,1,1,2,2
29,124,10,2,2,2,2,2,2,2,2,2,2,2,1,1,1,2,1,1,1,1,2,2
29,125,10,2,2,2,2,2,2,2,2,2,2,2,1,1,1,2,1,1,1,1,2,2
29,126,10,2,2,2,2,2,2,2,2,2,2,2,1,1,1,2,1,1,1,1,2,2
29,127,10,2,2,2,2,2,2,2,2,2,2,2,1,1,1,2,1,1,1,1,2,2
29,128,10,2,2,2,2,2,2,2,2,2,2,2,1,1,1,2,1,1,1,1,2,2
29,129,10,2,2,2,2,2,2,2,2,2,2,2,1,1,1,2,1,1,1,1,2,2
29,130,10,2,2,2,2,2,2,2,2,2,2,2,1,1,1,2,1,1,1,1,2,2
29,131,10,2,2,2,2,2,2,2,2,2,2,2,1,1,1,2,1,1,1,1,2,2
29,132,10,2,2,2,2,2,2,2,2,2,2,2,1,1,1,2,1,1,1,1,2,2
29,133,10,2,2,2,2,2,2,2,2,2,2,2,1,1,1,2,1,1,1,1,2,2
29,134,10,2,2,2,2,2,2,2,2,2,2,2,1,1,1,2,1,1,1,1,2,2
29,135,10,2,2,2,2,2,2,2,2,2,2,2,1,1,1,2,1,1,1,1,2,2
29,136,10,2,2,2,2,2,2,2,2,2,2,2,1,1,1,2,1,1,1,1,2,2
29,137,10,2,2,2,2,2,2,2,2,2,2,2,1,1,1,2,1,1,1,1,2,2
29,138,10,2,2,2,2,2,2,2,2,2,2,2,1,1,1,2,1,1,1,1,2,2
29,139,10,2,2,2,2,2,2,2,2,2,2,2,1,1,1,2,1,1,1,1,2,2
29,140,10,2,2,2,2,2,2,2,2,2,2,2,1,1,1,2,1,1,1,1,2,2
29,141,10,2,2,2,2,2,2,2,2,2,2,2,1,1,1,2,1,1,1,1,2,2
29,142,10,2,2,2,2,2,2,2,2,2,2,2,1,1,1,2,1,1,1,1,2,2
29,143,10,2,2,2,2,2,2,2,2,2,2,2,1,1,1,2,1,1,1,1,2,2
29,144,10,2,2,2,2,2,2,2,2,2,2,2,1,1,1,2,1,1,1,1,2,2
29,145,10,2,2,2,2,2,2,2,2,2,2,2,1,1,1,2,1,1,1,1,2,2
29,146,10,2,2,2,2,2,2,2,2,2,2,2,1,1,1,2,1,1,1,1,2,2
29,147,10,2,2,2,2,2,2,2,2,2,2,2,1,1,1,2,1,1,1,1,2,2
29,148,10,2,2,2,2,2,2,2,2,2,2,2,1,1,1,2,1,1,1,1,2,2
29,149,10,2,2,2,2,2,2,2,2,2,2,2,1,1,1,2,1,1,1,1,2,2
29,150,52,2,2,2,2,2,2,2,2,2,2,2,1,1,1,2,1,1,1,1,2,2
29,151,52,2,2,2,2,2,2,2,2,2,2,2,1,1,1,2,1,1,1,1,2,2
29,152,52,2,2,2,2,2,2,2,2,2,2,2,1,1,1,2,1,1,1,1,2,2
29,153,52,2,2,2,2,2,2,2,2,2,2,2,1,1,1,2,1,1,1,1,2,2
29,154,52,2,2,2,2,2,2,2,2,2,2,2,1,1,1,2,1,1,1,1,2,2
29,155,52,2,2,2,2,2,2,2,2,2,2,2,1,1,1,2,1,1,1,1,2,2
29,156,10,2,2,2,2,2,2,2,2,2,2,2,1,1,1,2,1,1,1,1,2,2
29,157,10,2,2,2,2,2,2,2,2,2,2,2,1,1,1,2,1,1,1,1,2,2
29,158,51,2,2,2,2,2,2,2,2,2,2,2,1,1,1,2,1,1,1,1,2,2
29,159,51,2,2,2,2,2,2,2,2,2,2,2,1,1,1,2,1,1,1,1,2,2
29,160,51,2,2,2,2,2,2,2,2,2,2,2,1,1,1,2,1,1,1,1,2,2
29,161,11,1,1,1,1,1,1,1,1,1,1,1,3,3,3,1,3,3,3,3,1,1
29,162,11,1,1,1,1,1,1,1,1,1,1,1,3,3,3,1,3,3,3,3,1,1
29,163,11,1,1,1,1,1,1,1,1,1,1,1,3,3,3,1,3,3,3,3,1,1
29,164,11,1,1,1,1,1,1,1,1,1,1,1,3,3,3,1,3,3,3,3,1,1
29,165,12,1,1,1,1,1,1,1,1,1,1,1,3,3,3,1,3,3,3,3,1,1
29,166,12,1,1,1,1,1,1,1,1,1,1,1,3,3,3,1,3,3,3,3,1,1
29,167,12,1,1,1,1,1,1,1,1,1,1,1,3,3,3,1,3,3,3,3,1,1
29,168,12,1,1,1,1,1,1,1,1,1,1,1,3,3,3,1,3,3,3,3,1,1
29,169,12,1,1,1,1,1,1,1,1,1,1,1,3,3,3,1,3,3,3,3,1,1
29,170,12,1,1,1,1,1,1,1,1,1,1,1,3,3,3,1,3,3,3,3,1,1
29,171,12,1,1,1,1,1,1,1,1,1,1,1,3,3,3,1,3,3,3,3,1,1
29,172,12,1,1,1,1,1,1,1,1,1,1,1,3,3,3,1,3,3,3,3,1,1
29,173,12,1,1,1,1,1,1,1,1,1,1,1,3,3,3,1,3,3,3,3,1,1
29,174,12,1,1,1,1,1,1,1,1,1,1,1,3,3,3,1,3,3,3,3,1,1
29,175,12,1,1,1,1,1,1,1,1,1,1,1,3,3,3,1,3,3,3,3,1,1
29,176,12,1,1,1,1,1,1,1,1,1,1,1,3,3,3,1,3,3,3,3,1,1
29,177,12,1,1,1,1,1,1,1,1,1,1,1,3,3,3,1,3,3,3,3,1,1
29,178,13,3,3,3,3,3,3,3,3,3,3,3,2,2,2,3,2,2,2,2,3,3
29,179,13,3,3,3,3,3,3,3,3,3,3,3,2,2,2,3,2,2,2,2,3,3
29,180,13,3,3,3,3,3,3,3,3,3,3,3,2,2,2,3,2,2,2,2,3,3
29,181,13,3,3,3,3,3,3,3,3,3,3,3,2,2,2,3,2,2,2,2,3,3
29,182,13,3,3,3,3,3,3,3,3,3,3,3,2,2,2,3,2,2,2,2,3,3
29,183,13,3,3,3,3,3,3,3,3,3,3,3,2,2,2,3,2,2,2,2,3,3
29,184,13,3,3,3,3,3,3,3,3,3,3,3,2,2,2,3,2,2,2,2,3,3
29,185,13,3,3,3,3,3,3,3,3,3,3,3,2,2,2,3,2,2,2,2,3,3
29,186,13,3,3,3,3,3,3,3,3,3,3,3,2,2,2,3,2,2,2,2,3,3
29,187,13,3,3,3,3,3,3,3,3,3,3,3,2,2,2,3,2,2,2,2,3,3
29,188,13,3,3,3,3,3,3,3,3,3,3,3,2,2,2,3,2,2,2,2,3,3
29,189,13,3,3,3,3,3,3,3,3,3,3,3,2,2,2,3,2,2,2,2,3,3
29,190,13,3,3,3,3,3,3,3,3,3,3,3,2,2,2,3,2,2,2,2,3,3
29,191,13,3,3,3,3,3,3,3,3,3,3,3,2,2,2,3,2,2,2,2,3,3
29,192,13,3,3,3,3,3,3,3,3,3,3,3,2,2,2,3,2,2,2,2,3,3
29,193,13,3,3,3,3,3,3,3,3,3,3,3,2,2,2,3,2,2,2,2,3,3
29,194,13,3,3,3,3,3,3,3,3,3,3,3,2,2,2,3,2,2,2,2,3,3
29,195,13,3,3,3,3,3,3,3,3,3,3,3,2,2,2,3,2,2,2,2,3,3
29,196,13,3,3,3,3,3,3,3,3,3,3,3,2,2,2,3,2,2,2,2,3,3
29,197,13,3,3,3,3,3,3,3,3,3,3,3,2,2,2,3,2,2,2,2,3,3
29,198,13,3,3,3,3,3,3,3,3,3,3,3,2,2,2,3,2,2,2,2,3,3
29,199,13,3,3,3,3,3,3,3,3,3,3,3,2,2,2,3,2,2,2,2,3,3
29,200,13,3,3,3,3,3,3,3,3,3,3,3,2,2,2,3,2,2,2,2,3,3
29,201,13,3,3,3,3,3,3,3,3,3,3,3,2,2,2,3,2,2,2,2,3,3
29,202,13,3,3,3,3,3,3,3,3,3,3,3,2,2,2,3,2,2,2,2,3,3
29,203,13,3,3,3,3,3,3,3,3,3,3,3,2,2,2,3,2,2,2,2,3,3
29,204,13,3,3,3,3,3,3,3,3,3,3,3,2,2,2,3,2,2,2,2,3,3
29,205,13,3,3,3,3,3,3,3,3,3,3,3,2,2,2,3,2,2,2,2,3,3
29,206,13,3,3,3,3,3,3,3,3,3,3,3,2,2,2,3,2,2,2,2,3,3
29,207,13,3,3,3,3,3,3,3,3,3,3,3,2,2,2,3,2,2,2,2,3,3
29,208,13,3,3,3,3,3,3,3,3,3,3,3,2,2,2,3,2,2,2,2,3,3
29,209,13,3,3,3,3,3,3,3,3,3,3,3,2,2,2,3,2,2,2,2,3,3
29,210,13,3,3,3,3,3,3,3,3,3,3,3,2,2,2,3,2,2,2,2,3,3
29,211,13,3,3,3,3,3,3,3,3,3,3,3,2,2,2,3,2,2,2,2,3,3
29,212,13,3,3,3,3,3,3,3,3,3,3,3,2,2,2,3,2,2,2,2,3,3
29,213,13,3,3,3,3,3,3,3,3,3,3,3,2,2,2,3,2,2,2,2,3,3
29,214,13,3,3,3,3,3,3,3,3,3,3,3,2,2,2,3,2,2,2,2,3,3
29,215,13,3,3,3,3,3,3,3,3,3,3,3,2,2,2,3,2,2,2,2,3,3
29,216,13,3,3,3,3,3,3,3,3,3,3,3,2,2,2,3,2,2,2,2,3,3
29,217,13,3,3,3,3,3,3,3,3,3,3,3,2,2,2,3,2,2,2,2,3,3
29,218,13,3,3,3,3,3,3,3,3,3,3,3,2,2,2,3,2,2,2,2,3,3
29,219,13,3,3,3,3,3,3,3,3,3,3,3,2,2,2,3,2,2,2,2,3,3
29,220,14,1,1,1,1,1,1,1,1,1,1,1,3,3,3,1,3,3,3,3,1,1
29,221,14,1,1,1,1,1,1,1,1,1,1,1,3,3,3,1,3,3,3,3,1,1
29,222,14,1,1,1,1,1,1,1,1,1,1,1,3,3,3,1,3,3,3,3,1,1
29,223,14,1,1,1,1,1,1,1,1,1,1,1,3,3,3,1,3,3,3,3,1,1
29,224,14,1,1,1,1,1,1,1,1,1,1,1,3,3,3,1,3,3,3,3,1,1
29,225,14,1,1,1,1,1,1,1,1,1,1,1,3,3,3,1,3,3,3,3,1,1
29,226,14,1,1,1,1,1,1,1,1,1,1,1,3,3,3,1,3,3,3,3,1,1
29,227,14,1,1,1,1,1,1,1,1,1,1,1,3,3,3,1,3,3,3,3,1,1
29,228,14,1,1,1,1,1,1,1,1,1,1,1,3,3,3,1,3,3,3,3,1,1
29,229,14,1,1,1,1,1,1,1,1,1,1,1,3,3,3,1,3,3,3,3,1,1
29,230,14,1,1,1,1,1,1,1,1,1,1,1,3,3,3,1,3,3,3,3,1,1
29,231,14,1,1,1,1,1,1,1,1,1,1,1,3,3,3,1,3,3,3,3,1,1
29,232,15,1,1,1,1,1,1,1,1,1,1,1,3,3,3,1,3,3,3,3,1,1
29,233,15,1,1,1,1,1,1,1,1,1,1,1,3,3,3,1,3,3,3,3,1,1
29,234,15,1,1,1,1,1,1,1,1,1,1,1,3,3,3,1,3,3,3,3,1,1
29,235,15,1,1,1,1,1,1,1,1,1,1,1,3,3,3,1,3,3,3,3,1,1
29,236,15,1,1,1,1,1,1,1,1,1,1,1,3,3,3,1,3,3,3,3,1,1
29,237,15,1,1,1,1,1,1,1,1,1,1,1,3,3,3,1,3,3,3,3,1,1
29,238,15,1,1,1,1,1,1,1,1,1,1,1,3,3,3,1,3,3,3,3,1,1
29,239,15,1,1,1,1,1,1,1,1,1,1,1,3,3,3,1,3,3,3,3,1,1
29,240,15,1,1,1,1,1,1,1,1,1,1,1,3,3,3,1,3,3,3,3,1,1
29,241,15,1,1,1,1,1,1,1,1,1,1,1,3,3,3,1,3,3,3,3,1,1
29,242,15,1,1,1,1,1,1,1,1,1,1,1,3,3,3,1,3,3,3,3,1,1
29,243,15,1,1,1,1,1,1,1,1,1,1,1,3,3,3,1,3,3,3,3,1,1
29,244,15,1,1,1,1,1,1,1,1,1,1,1,3,3,3,1,3,3,3,3,1,1
29,245,15,1,1,1,1,1,1,1,1,1,1,1,3,3,3,1,3,3,3,3,1,1
29,246,15,1,1,1,1,1,1,1,1,1,1,1,3,3,3,1,3,3,3,3,1,1
29,247,15,1,1,1,1,1,1,1,1,1,1,1,3,3,3,1,3,3,3,3,1,1
29,248,15,1,1,1,1,1,1,1,1,1,1,1,3,3,3,1,3,3,3,3,1,1
29,249,15,1,1,1,1,1,1,1,1,1,1,1,3,3,3,1,3,3,3,3,1,1
29,250,15,1,1,1,1,1,1,1,1,1,1,1,3,3,3,1,3,3,3,3,1,1
29,251,15,1,1,1,1,1,1,1,1,1,1,1,3,3,3,1,3,3,3,3,1,1
29,252,15,1,1,1,1,1,1,1,1,1,1,1,3,3,3,1,3,3,3,3,1,1
29,253,15,1,1,1,1,1,1,1,1,1,1,1,3,3,3,1,3,3,3,3,1,1
29,254,58,1,1,1,1,1,1,1,1,1,1,1,3,3,3,1,3,3,3,3,1,1
29,255,58,1,1,1,1,1,1,1,1,1,1,1,3,3,3,1,3,3,3,3,1,1
29,256,15,1,1,1,1,1,1,1,1,1,1,1,3,3,3,1,3,3,3,3,1,1
29,257,15,1,1,1,1,1,1,1,1,1,1,1,3,3,3,1,3,3,3,3,1,1
29,258,15,1,1,1,1,1,1,1,1,1,1,1,3,3,3,1,3,3,3,3,1,1
29,259,16,3,3,3,3,3,3,3,3,3,3,3,2,2,2,3,2,2,2,2,3,3
29,260,16,3,3,3,3,3,3,3,3,3,3,3,2,2,2,3,2,2,2,2,3,3
29,261,16,3,3,3,3,3,3,3,3,3,3,3,2,2,2,3,2,2,2,2,3,3
29,262,16,3,3,3,3,3,3,3,3,3,3,3,2,2,2,3,2,2,2,2,3,3
29,263,17,2,2,2,2,2,2,2,2,2,2,2,1,1,1,2,1,1,1,1,2,2
29,264,17,2,2,2,2,2,2,2,2,2,2,2,1,1,1,2,1,1,1,1,2,2
29,265,17,2,2,2,2,2,2,2,2,2,2,2,1,1,1,2,1,1,1,1,2,2
29,266,17,2,2,2,2,2,2,2,2,2,2,2,1,1,1,2,1,1,1,1,2,2
29,267,18,2,2,2,2,2,2,2,2,2,2,2,1,1,1,2,1,1,1,1,2,2
29,268,18,2,2,2,2,2,2,2,2,2,2,2,1,1,1,2,1,1,1,1,2,2
29,269,18,2,2,2,2,2,2,2,2,2,2,2,1,1,1,2,1,1,1,1,2,2
29,270,18,2,2,2,2,2,2,2,2,2,2,2,1,1,1,2,1,1,1,1,2,2
29,271,18,2,2,2,2,2,2,2,2,2,2,2,1,1,1,2,1,1,1,1,2,2
29,272,18,2,2,2,2,2,2,2,2,2,2,2,1,1,1,2,1,1,1,1,2,2
29,273,18,2,2,2,2,2,2,2,2,2,2,2,1,1,1,2,1,1,1,1,2,2
29,274,18,2,2,2,2,2,2,2,2,2,2,2,1,1,1,2,1,1,1,1,2,2
29,275,18,2,2,2,2,2,2,2,2,2,2,2,1,1,1,2,1,1,1,1,2,2
29,276,18,2,2,2,2,2,2,2,2,2,2,2,1,1,1,2,1,1,1,1,2,2
29,277,18,2,2,2,2,2,2,2,2,2,2,2,1,1,1,2,1,1,1,1,2,2
29,278,18,2,2,2,2,2,2,2,2,2,2,2,1,1,1,2,1,1,1,1,2,2
29,279,18,2,2,2,2,2,2,2,2,2,2,2,1,1,1,2,1,1,1,1,2,2
29,280,18,2,2,2,2,2,2,2,2,2,2,2,1,1,1,2,1,1,1,1,2,2
29,281,18,2,2,2,2,2,2,2,2,2,2,2,1,1,1,2,1,1,1,1,2,2
29,282,18,2,2,2,2,2,2,2,2,2,2,2,1,1,1,2,1,1,1,1,2,2
29,283,18,2,2,2,2,2,2,2,2,2,2,2,1,1,1,2,1,1,1,1,2,2
29,284,19,1,1,1,1,1,1,1,1,1,1,1,3,3,3,1,3,3,3,3,1,1
29,285,19,1,1,1,1,1,1,1,1,1,1,1,3,3,3,1,3,3,3,3,1,1
29,286,19,1,1,1,1,1,1,1,1,1,1,1,3,3,3,1,3,3,3,3,1,1
29,287,19,1,1,1,1,1,1,1,1,1,1,1,3,3,3,1,3,3,3,3,1,1
29,288,19,1,1,1,1,1,1,1,1,1,1,1,3,3,3,1,3,3,3,3,1,1
29,289,19,1,1,1,1,1,1,1,1,1,1,1,3,3,3,1,3,3,3,3,1,1
29,290,19,1,1,1,1,1,1,1,1,1,1,1,3,3,3,1,3,3,3,3,1,1
29,291,19,1,1,1,1,1,1,1,1,1,1,1,3,3,3,1,3,3,3,3,1,1
29,292,20,1,1,1,1,1,1,1,1,1,1,1,3,3,3,1,3,3,3,3,1,1
29,293,20,1,1,1,1,1,1,1,1,1,1,1,3,3,3,1,3,3,3,3,1,1
29,294,20,1,1,1,1,1,1,1,1,1,1,1,3,3,3,1,3,3,3,3,1,1
29,295,60,1,1,1,1,1,1,1,1,1,1,1,3,3,3,1,3,3,3,3,1,1
29,296,60,1,1,1,1,1,1,1,1,1,1,1,3,3,3,1,3,3,3,3,1,1
29,297,20,1,1,1,1,1,1,1,1,1,1,1,3,3,3,1,3,3,3,3,1,1
29,298,20,1,1,1,1,1,1,1,1,1,1,1,3,3,3,1,3,3,3,3,1,1
29,299,21,1,1,1,1,1,1,1,1,1,1,1,3,3,3,1,3,3,3,3,1,1
29,300,21,1,1,1,1,1,1,1,1,1,1,1,3,3,3,1,3,3,3,3,1,1
29,301,21,1,1,1,1,1,1,1,1,1,1,1,3,3,3,1,3,3,3,3,1,1
29,302,21,1,1,1,1,1,1,1,1,1,1,1,3,3,3,1,3,3,3,3,1,1
29,303,21,1,1,1,1,1,1,1,1,1,1,1,3,3,3,1,3,3,3,3,1,1
29,304,21,1,1,1,1,1,1,1,1,1,1,1,3,3,3,1,3,3,3,3,1,1
29,305,21,1,1,1,1,1,1,1,1,1,1,1,3,3,3,1,3,3,3,3,1,1
29,306,21,1,1,1,1,1,1,1,1,1,1,1,3,3,3,1,3,3,3,3,1,1
29,307,21,1,1,1,1,1,1,1,1,1,1,1,3,3,3,1,3,3,3,3,1,1
29,308,21,1,1,1,1,1,1,1,1,1,1,1,3,3,3,1,3,3,3,3,1,1
29,309,22,2,2,2,2,2,2,2,2,2,2,2,1,1,1,2,1,1,1,1,2,2
29,310,22,2,2,2,2,2,2,2,2,2,2,2,1,1,1,2,1,1,1,1,2,2
29,311,22,2,2,2,2,2,2,2,2,2,2,2,1,1,1,2,1,1,1,1,2,2
29,312,22,2,2,2,2,2,2,2,2,2,2,2,1,1,1,2,1,1,1,1,2,2
29,313,46,1,2,2,2,2,2,2,2,2,2,1,1,1,1,2,1,1,1,1,2,1
29,314,46,1,2,2,2,2,2,2,2,2,2,1,1,1,1,2,1,1,1,1,2,1
29,315,902,2,2,2,2,2,2,2,2,2,2,2,1,1,1,2,1,1,1,1,2,2
29,316,45,1,1,1,1,1,1,1,1,1,1,1,3,3,3,1,3,3,3,3,1,1
29,317,45,1,1,1,1,1,1,1,1,1,1,1,3,3,3,1,3,3,3,3,1,1
29,318,23,1,1,1,1,1,1,1,1,1,1,1,3,3,3,1,3,3,3,3,1,1
29,319,23,1,1,1,1,1,1,1,1,1,1,1,3,3,3,1,3,3,3,3,1,1
29,320,23,1,1,1,1,1,1,1,1,1,1,1,3,3,3,1,3,3,3,3,1,1
29,321,23,1,1,1,1,1,1,1,1,1,1,1,3,3,3,1,3,3,3,3,1,1
29,322,23,1,1,1,1,1,1,1,1,1,1,1,3,3,3,1,3,3,3,3,1,1
29,323,23,1,1,1,1,1,1,1,1,1,1,1,3,3,3,1,3,3,3,3,1,1
29,324,23,1,1,1,1,1,1,1,1,1,1,1,3,3,3,1,3,3,3,3,1,1
29,325,23,1,1,1,1,1,1,1,1,1,1,1,3,3,3,1,3,3,3,3,1,1
29,326,23,1,1,1,1,1,1,1,1,1,1,1,3,3,3,1,3,3,3,3,1,1
29,327,23,1,1,1,1,1,1,1,1,1,1,1,3,3,3,1,3,3,3,3,1,1
29,328,23,1,1,1,1,1,1,1,1,1,1,1,3,3,3,1,3,3,3,3,1,1
29,329,23,1,1,1,1,1,1,1,1,1,1,1,3,3,3,1,3,3,3,3,1,1
29,330,23,1,1,1,1,1,1,1,1,1,1,1,3,3,3,1,3,3,3,3,1,1
29,331,23,1,1,1,1,1,1,1,1,1,1,1,3,3,3,1,3,3,3,3,1,1
29,332,24,1,1,1,1,1,1,1,1,1,1,1,3,3,3,1,3,3,3,3,1,1
29,333,24,1,1,1,1,1,1,1,1,1,1,1,3,3,3,1,3,3,3,3,1,1
29,334,24,1,1,1,1,1,1,1,1,1,1,1,3,3,3,1,3,3,3,3,1,1
29,335,24,1,1,1,1,1,1,1,1,1,1,1,3,3,3,1,3,3,3,3,1,1
29,336,24,1,1,1,1,1,1,1,1,1,1,1,3,3,3,1,3,3,3,3,1,1
29,337,24,1,1,1,1,1,1,1,1,1,1,1,3,3,3,1,3,3,3,3,1,1
29,338,24,1,1,1,1,1,1,1,1,1,1,1,3,3,3,1,3,3,3,3,1,1
29,339,24,1,1,1,1,1,1,1,1,1,1,1,3,3,3,1,3,3,3,3,1,1
29,340,24,1,1,1,1,1,1,1,1,1,1,1,3,3,3,1,3,3,3,3,1,1
29,341,24,1,1,1,1,1,1,1,1,1,1,1,3,3,3,1,3,3,3,3,1,1
29,342,24,1,1,1,1,1,1,1,1,1,1,1,3,3,3,1,3,3,3,3,1,1
29,343,24,1,1,1,1,1,1,1,1,1,1,1,3,3,3,1,3,3,3,3,1,1
29,344,24,1,1,1,1,1,1,1,1,1,1,1,3,3,3,1,3,3,3,3,1,1
29,345,24,1,1,1,1,1,1,1,1,1,1,1,3,3,3,1,3,3,3,3,1,1
29,346,24,1,1,1,1,1,1,1,1,1,1,1,3,3,3,1,3,3,3,3,1,1
29,347,24,1,1,1,1,1,1,1,1,1,1,1,3,3,3,1,3,3,3,3,1,1
29,348,25,2,2,2,2,2,2,2,2,2,2,2,1,1,1,2,1,1,1,1,2,2
29,349,25,2,2,2,2,2,2,2,2,2,2,2,1,1,1,2,1,1,1,1,2,2
29,350,25,2,2,2,2,2,2,2,2,2,2,2,1,1,1,2,1,1,1,1,2,2
29,351,25,2,2,2,2,2,2,2,2,2,2,2,1,1,1,2,1,1,1,1,2,2
29,352,25,2,2,2,2,2,2,2,2,2,2,2,1,1,1,2,1,1,1,1,2,2
29,353,25,2,2,2,2,2,2,2,2,2,2,2,1,1,1,2,1,1,1,1,2,2
29,354,25,2,2,2,2,2,2,2,2,2,2,2,1,1,1,2,1,1,1,1,2,2
29,355,25,2,2,2,2,2,2,2,2,2,2,2,1,1,1,2,1,1,1,1,2,2
29,356,25,2,2,2,2,2,2,2,2,2,2,2,1,1,1,2,1,1,1,1,2,2
29,357,25,2,2,2,2,2,2,2,2,2,2,2,1,1,1,2,1,1,1,1,2,2
29,358,25,2,2,2,2,2,2,2,2,2,2,2,1,1,1,2,1,1,1,1,2,2
29,359,25,2,2,2,2,2,2,2,2,2,2,2,1,1,1,2,1,1,1,1,2,2
29,360,25,2,2,2,2,2,2,2,2,2,2,2,1,1,1,2,1,1,1,1,2,2
29,361,25,2,2,2,2,2,2,2,2,2,2,2,1,1,1,2,1,1,1,1,2,2
29,362,25,2,2,2,2,2,2,2,2,2,2,2,1,1,1,2,1,1,1,1,2,2
29,363,25,2,2,2,2,2,2,2,2,2,2,2,1,1,1,2,1,1,1,1,2,2
29,364,25,2,2,2,2,2,2,2,2,2,2,2,1,1,1,2,1,1,1,1,2,2
29,365,26,3,3,3,3,3,3,3,3,3,3,3,1,1,1,3,1,1,1,1,3,3
29,366,26,3,3,3,3,3,3,3,3,3,3,3,1,1,1,3,1,1,1,1,3,3
29,367,26,3,3,3,3,3,3,3,3,3,3,3,1,1,1,3,1,1,1,1,3,3
29,368,26,3,3,3,3,3,3,3,3,3,3,3,1,1,1,3,1,1,1,1,3,3
29,369,26,3,3,3,3,3,3,3,3,3,3,3,1,1,1,3,1,1,1,1,3,3
29,370,26,3,3,3,3,3,3,3,3,3,3,3,1,1,1,3,1,1,1,1,3,3
29,371,26,3,3,3,3,3,3,3,3,3,3,3,1,1,1,3,1,1,1,1,3,3
29,372,27,2,2,2,2,2,2,2,2,2,2,2,1,1,1,2,1,1,1,1,2,2
29,373,27,2,2,2,2,2,2,2,2,2,2,2,1,1,1,2,1,1,1,1,2,2
29,374,27,2,2,2,2,2,2,2,2,2,2,2,1,1,1,2,1,1,1,1,2,2
29,375,27,2,2,2,2,2,2,2,2,2,2,2,1,1,1,2,1,1,1,1,2,2
29,376,27,2,2,2,2,2,2,2,2,2,2,2,1,1,1,2,1,1,1,1,2,2
29,377,27,2,2,2,2,2,2,2,2,2,2,2,1,1,1,2,1,1,1,1,2,2
29,378,28,2,2,2,2,2,2,2,2,2,2,2,1,1,1,2,1,1,1,1,2,2
29,379,28,2,2,2,2,2,2,2,2,2,2,2,1,1,1,2,1,1,1,1,2,2
29,380,28,2,2,2,2,2,2,2,2,2,2,2,1,1,1,2,1,1,1,1,2,2
29,381,28,2,2,2,2,2,2,2,2,2,2,2,1,1,1,2,1,1,1,1,2,2
29,382,28,2,2,2,2,2,2,2,2,2,2,2,1,1,1,2,1,1,1,1,2,2
29,383,28,2,2,2,2,2,2,2,2,2,2,2,1,1,1,2,1,1,1,1,2,2
29,384,28,2,2,2,2,2,2,2,2,2,2,2,1,1,1,2,1,1,1,1,2,2
29,385,28,2,2,2,2,2,2,2,2,2,2,2,1,1,1,2,1,1,1,1,2,2
29,386,28,2,2,2,2,2,2,2,2,2,2,2,1,1,1,2,1,1,1,1,2,2
29,387,29,2,2,2,2,2,2,2,2,2,2,2,1,1,1,2,1,1,1,1,2,2
29,388,29,2,2,2,2,2,2,2,2,2,2,2,1,1,1,2,1,1,1,1,2,2
29,389,29,2,2,2,2,2,2,2,2,2,2,2,1,1,1,2,1,1,1,1,2,2
29,390,29,2,2,2,2,2,2,2,2,2,2,2,1,1,1,2,1,1,1,1,2,2
29,391,49,2,2,2,2,2,2,2,2,2,2,2,1,1,1,2,1,1,1,1,2,2
29,392,49,2,2,2,2,2,2,2,2,2,2,2,1,1,1,2,1,1,1,1,2,2
29,393,29,2,2,2,2,2,2,2,2,2,2,2,1,1,1,2,1,1,1,1,2,2
29,394,29,2,2,2,2,2,2,2,2,2,2,2,1,1,1,2,1,1,1,1,2,2
29,395,47,1,1,1,1,1,1,1,1,1,1,1,3,3,3,1,3,3,3,3,1,1
29,396,47,1,1,1,1,1,1,1,1,1,1,1,3,3,3,1,3,3,3,3,1,1
29,397,29,2,2,2,2,2,2,2,2,2,2,2,1,1,1,2,1,1,1,1,2,2
29,398,30,3,3,3,3,3,3,3,3,3,3,3,2,2,2,3,2,2,2,2,3,3
29,399,30,3,3,3,3,3,3,3,3,3,3,3,2,2,2,3,2,2,2,2,3,3
29,400,54,3,3,3,3,3,3,3,3,3,3,3,2,2,2,3,2,2,2,2,3,3
29,401,54,3,3,3,3,3,3,3,3,3,3,3,2,2,2,3,2,2,2,2,3,3
29,402,55,3,3,3,3,3,3,3,3,3,3,3,2,2,2,3,2,2,2,2,3,3
29,403,30,3,3,3,3,3,3,3,3,3,3,3,2,2,2,3,2,2,2,2,3,3
29,404,30,3,3,3,3,3,3,3,3,3,3,3,2,2,2,3,2,2,2,2,3,3
29,405,30,3,3,3,3,3,3,3,3,3,3,3,2,2,2,3,2,2,2,2,3,3
29,406,30,3,3,3,3,3,3,3,3,3,3,3,2,2,2,3,2,2,2,2,3,3
29,407,30,3,3,3,3,3,3,3,3,3,3,3,2,2,2,3,2,2,2,2,3,3
29,408,30,3,3,3,3,3,3,3,3,3,3,3,2,2,2,3,2,2,2,2,3,3
29,409,31,3,3,3,3,3,3,3,3,3,3,3,2,2,2,3,2,2,2,2,3,3
29,410,31,3,3,3,3,3,3,3,3,3,3,3,2,2,2,3,2,2,2,2,3,3
29,411,31,3,3,3,3,3,3,3,3,3,3,3,2,2,2,3,2,2,2,2,3,3
29,412,31,3,3,3,3,3,3,3,3,3,3,3,2,2,2,3,2,2,2,2,3,3
29,413,31,3,3,3,3,3,3,3,3,3,3,3,2,2,2,3,2,2,2,2,3,3
29,414,31,3,3,3,3,3,3,3,3,3,3,3,2,2,2,3,2,2,2,2,3,3
29,415,31,3,3,3,3,3,3,3,3,3,3,3,2,2,2,3,2,2,2,2,3,3
29,416,31,3,3,3,3,3,3,3,3,3,3,3,2,2,2,3,2,2,2,2,3,3
29,417,31,3,3,3,3,3,3,3,3,3,3,3,2,2,2,3,2,2,2,2,3,3
29,418,31,3,3,3,3,3,3,3,3,3,3,3,2,2,2,3,2,2,2,2,3,3
29,419,31,3,3,3,3,3,3,3,3,3,3,3,2,2,2,3,2,2,2,2,3,3
29,420,31,3,3,3,3,3,3,3,3,3,3,3,2,2,2,3,2,2,2,2,3,3
29,421,31,3,3,3,3,3,3,3,3,3,3,3,2,2,2,3,2,2,2,2,3,3
29,422,31,3,3,3,3,3,3,3,3,3,3,3,2,2,2,3,2,2,2,2,3,3
29,423,31,3,3,3,3,3,3,3,3,3,3,3,2,2,2,3,2,2,2,2,3,3
29,424,32,1,1,1,1,1,1,1,1,1,1,1,3,3,3,1,3,3,3,3,1,1
29,425,32,1,1,1,1,1,1,1,1,1,1,1,3,3,3,1,3,3,3,3,1,1
29,426,32,1,1,1,1,1,1,1,1,1,1,1,3,3,3,1,3,3,3,3,1,1
29,427,32,1,1,1,1,1,1,1,1,1,1,1,3,3,3,1,3,3,3,3,1,1
29,428,32,1,1,1,1,1,1,1,1,1,1,1,3,3,3,1,3,3,3,3,1,1
29,429,53,1,1,1,1,1,1,1,1,1,1,1,3,3,3,1,3,3,3,3,1,1
29,430,53,1,1,1,1,1,1,1,1,1,1,1,3,3,3,1,3,3,3,3,1,1
29,431,32,1,1,1,1,1,1,1,1,1,1,1,3,3,3,1,3,3,3,3,1,1
29,432,56,1,1,1,1,1,1,1,1,1,1,1,3,3,3,1,3,3,3,3,1,1
29,433,56,1,1,1,1,1,1,1,1,1,1,1,3,3,3,1,3,3,3,3,1,1
29,434,32,1,1,1,1,1,1,1,1,1,1,1,3,3,3,1,3,3,3,3,1,1
29,435,33,2,2,2,2,2,2,2,2,2,2,2,3,3,3,2,3,3,3,3,2,2
29,436,33,2,2,2,2,2,2,2,2,2,2,2,3,3,3,2,3,3,3,3,2,2
29,437,33,2,2,2,2,2,2,2,2,2,2,2,3,3,3,2,3,3,3,3,2,2
29,438,33,2,2,2,2,2,2,2,2,2,2,2,3,3,3,2,3,3,3,3,2,2
29,439,33,2,2,2,2,2,2,2,2,2,2,2,3,3,3,2,3,3,3,3,2,2
29,440,33,2,2,2,2,2,2,2,2,2,2,2,3,3,3,2,3,3,3,3,2,2
29,441,33,2,2,2,2,2,2,2,2,2,2,2,3,3,3,2,3,3,3,3,2,2
29,442,33,2,2,2,2,2,2,2,2,2,2,2,3,3,3,2,3,3,3,3,2,2
29,443,33,2,2,2,2,2,2,2,2,2,2,2,3,3,3,2,3,3,3,3,2,2
29,444,33,2,2,2,2,2,2,2,2,2,2,2,3,3,3,2,3,3,3,3,2,2
29,445,33,2,2,2,2,2,2,2,2,2,2,2,3,3,3,2,3,3,3,3,2,2
29,446,33,2,2,2,2,2,2,2,2,2,2,2,3,3,3,2,3,3,3,3,2,2
29,447,33,2,2,2,2,2,2,2,2,2,2,2,3,3,3,2,3,3,3,3,2,2
29,448,33,2,2,2,2,2,2,2,2,2,2,2,3,3,3,2,3,3,3,3,2,2
29,449,33,2,2,2,2,2,2,2,2,2,2,2,3,3,3,2,3,3,3,3,2,2
29,450,33,2,2,2,2,2,2,2,2,2,2,2,3,3,3,2,3,3,3,3,2,2
29,451,33,2,2,2,2,2,2,2,2,2,2,2,3,3,3,2,3,3,3,3,2,2
29,452,33,2,2,2,2,2,2,2,2,2,2,2,3,3,3,2,3,3,3,3,2,2
29,453,33,2,2,2,2,2,2,2,2,2,2,2,3,3,3,2,3,3,3,3,2,2
29,454,33,2,2,2,2,2,2,2,2,2,2,2,3,3,3,2,3,3,3,3,2,2
29,455,33,2,2,2,2,2,2,2,2,2,2,2,3,3,3,2,3,3,3,3,2,2
29,456,33,2,2,2,2,2,2,2,2,2,2,2,3,3,3,2,3,3,3,3,2,2
29,457,33,2,2,2,2,2,2,2,2,2,2,2,3,3,3,2,3,3,3,3,2,2
29,458,33,2,2,2,2,2,2,2,2,2,2,2,3,3,3,2,3,3,3,3,2,2
29,459,33,2,2,2,2,2,2,2,2,2,2,2,3,3,3,2,3,3,3,3,2,2
29,460,33,2,2,2,2,2,2,2,2,2,2,2,3,3,3,2,3,3,3,3,2,2
29,461,33,2,2,2,2,2,2,2,2,2,2,2,3,3,3,2,3,3,3,3,2,2
29,462,33,2,2,2,2,2,2,2,2,2,2,2,3,3,3,2,3,3,3,3,2,2
29,463,33,2,2,2,2,2,2,2,2,2,2,2,3,3,3,2,3,3,3,3,2,2
29,464,33,2,2,2,2,2,2,2,2,2,2,2,3,3,3,2,3,3,3,3,2,2
29,465,33,2,2,2,2,2,2,2,2,2,2,2,3,3,3,2,3,3,3,3,2,2
29,466,33,2,2,2,2,2,2,2,2,2,2,2,3,3,3,2,3,3,3,3,2,2
29,467,33,2,2,2,2,2,2,2,2,2,2,2,3,3,3,2,3,3,3,3,2,2
29,468,33,2,2,2,2,2,2,2,2,2,2,2,3,3,3,2,3,3,3,3,2,2
29,469,33,2,2,2,2,2,2,2,2,2,2,2,3,3,3,2,3,3,3,3,2,2
29,470,34,3,3,3,3,3,3,3,3,3,3,3,2,2,2,3,2,2,2,2,3,3
29,471,34,3,3,3,3,3,3,3,3,3,3,3,2,2,2,3,2,2,2,2,3,3
29,472,34,3,3,3,3,3,3,3,3,3,3,3,2,2,2,3,2,2,2,2,3,3
29,473,34,3,3,3,3,3,3,3,3,3,3,3,2,2,2,3,2,2,2,2,3,3
29,474,34,3,3,3,3,3,3,3,3,3,3,3,2,2,2,3,2,2,2,2,3,3
29,475,34,3,3,3,3,3,3,3,3,3,3,3,2,2,2,3,2,2,2,2,3,3
29,476,34,3,3,3,3,3,3,3,3,3,3,3,2,2,2,3,2,2,2,2,3,3
29,477,34,3,3,3,3,3,3,3,3,3,3,3,2,2,2,3,2,2,2,2,3,3
29,478,34,3,3,3,3,3,3,3,3,3,3,3,2,2,2,3,2,2,2,2,3,3
29,479,34,3,3,3,3,3,3,3,3,3,3,3,2,2,2,3,2,2,2,2,3,3
29,480,34,3,3,3,3,3,3,3,3,3,3,3,2,2,2,3,2,2,2,2,3,3
29,481,34,3,3,3,3,3,3,3,3,3,3,3,2,2,2,3,2,2,2,2,3,3
29,482,34,3,3,3,3,3,3,3,3,3,3,3,2,2,2,3,2,2,2,2,3,3
29,483,34,3,3,3,3,3,3,3,3,3,3,3,2,2,2,3,2,2,2,2,3,3
29,484,34,3,3,3,3,3,3,3,3,3,3,3,2,2,2,3,2,2,2,2,3,3
29,485,34,3,3,3,3,3,3,3,3,3,3,3,2,2,2,3,2,2,2,2,3,3
29,486,34,3,3,3,3,3,3,3,3,3,3,3,2,2,2,3,2,2,2,2,3,3
29,487,34,3,3,3,3,3,3,3,3,3,3,3,2,2,2,3,2,2,2,2,3,3
29,488,34,3,3,3,3,3,3,3,3,3,3,3,2,2,2,3,2,2,2,2,3,3
29,489,34,3,3,3,3,3,3,3,3,3,3,3,2,2,2,3,2,2,2,2,3,3
29,490,34,3,3,3,3,3,3,3,3,3,3,3,2,2,2,3,2,2,2,2,3,3
29,491,34,3,3,3,3,3,3,3,3,3,3,3,2,2,2,3,2,2,2,2,3,3
29,492,34,3,3,3,3,3,3,3,3,3,3,3,2,2,2,3,2,2,2,2,3,3
29,493,34,3,3,3,3,3,3,3,3,3,3,3,2,2,2,3,2,2,2,2,3,3
29,494,34,3,3,3,3,3,3,3,3,3,3,3,2,2,2,3,2,2,2,2,3,3
29,495,34,3,3,3,3,3,3,3,3,3,3,3,2,2,2,3,2,2,2,2,3,3
29,496,34,3,3,3,3,3,3,3,3,3,3,3,2,2,2,3,2,2,2,2,3,3
29,497,34,3,3,3,3,3,3,3,3,3,3,3,2,2,2,3,2,2,2,2,3,3
29,498,34,3,3,3,3,3,3,3,3,3,3,3,2,2,2,3,2,2,2,2,3,3
29,499,34,3,3,3,3,3,3,3,3,3,3,3,2,2,2,3,2,2,2,2,3,3
29,500,34,3,3,3,3,3,3,3,3,3,3,3,2,2,2,3,2,2,2,2,3,3
29,501,34,3,3,3,3,3,3,3,3,3,3,3,2,2,2,3,2,2,2,2,3,3
29,502,34,3,3,3,3,3,3,3,3,3,3,3,2,2,2,3,2,2,2,2,3,3
29,503,34,3,3,3,3,3,3,3,3,3,3,3,2,2,2,3,2,2,2,2,3,3
29,504,34,3,3,3,3,3,3,3,3,3,3,3,2,2,2,3,2,2,2,2,3,3
29,505,35,3,3,3,3,3,3,3,3,3,3,3,2,2,2,3,2,2,2,2,3,3
29,506,35,3,3,3,3,3,3,3,3,3,3,3,2,2,2,3,2,2,2,2,3,3
29,507,35,3,3,3,3,3,3,3,3,3,3,3,2,2,2,3,2,2,2,2,3,3
29,508,36,1,1,1,1,1,1,1,1,1,1,1,3,3,3,1,3,3,3,3,1,1
29,509,36,1,1,1,1,1,1,1,1,1,1,1,3,3,3,1,3,3,3,3,1,1
29,510,36,1,1,1,1,1,1,1,1,1,1,1,3,3,3,1,3,3,3,3,1,1
29,511,36,1,1,1,1,1,1,1,1,1,1,1,3,3,3,1,3,3,3,3,1,1
29,512,36,1,1,1,1,1,1,1,1,1,1,1,3,3,3,1,3,3,3,3,1,1
29,513,36,1,1,1,1,1,1,1,1,1,1,1,3,3,3,1,3,3,3,3,1,1
29,514,36,1,1,1,1,1,1,1,1,1,1,1,3,3,3,1,3,3,3,3,1,1
29,515,36,1,1,1,1,1,1,1,1,1,1,1,3,3,3,1,3,3,3,3,1,1
29,516,36,1,1,1,1,1,1,1,1,1,1,1,3,3,3,1,3,3,3,3,1,1
29,517,36,1,1,1,1,1,1,1,1,1,1,1,3,3,3,1,3,3,3,3,1,1
29,518,36,1,1,1,1,1,1,1,1,1,1,1,3,3,3,1,3,3,3,3,1,1
29,519,36,1,1,1,1,1,1,1,1,1,1,1,3,3,3,1,3,3,3,3,1,1
29,520,37,3,3,3,3,3,3,3,3,3,3,3,2,2,2,3,2,2,2,2,3,3
29,521,37,3,3,3,3,3,3,3,3,3,3,3,2,2,2,3,2,2,2,2,3,3
29,522,37,3,3,3,3,3,3,3,3,3,3,3,2,2,2,3,2,2,2,2,3,3
29,523,37,3,3,3,3,3,3,3,3,3,3,3,2,2,2,3,2,2,2,2,3,3
29,524,37,3,3,3,3,3,3,3,3,3,3,3,2,2,2,3,2,2,2,2,3,3
29,525,37,3,3,3,3,3,3,3,3,3,3,3,2,2,2,3,2,2,2,2,3,3
29,526,37,3,3,3,3,3,3,3,3,3,3,3,2,2,2,3,2,2,2,2,3,3
29,527,38,3,3,3,3,3,3,3,3,3,3,3,2,2,2,3,2,2,2,2,3,3
29,528,38,3,3,3,3,3,3,3,3,3,3,3,2,2,2,3,2,2,2,2,3,3
29,529,38,3,3,3,3,3,3,3,3,3,3,3,2,2,2,3,2,2,2,2,3,3
29,530,38,3,3,3,3,3,3,3,3,3,3,3,2,2,2,3,2,2,2,2,3,3
29,531,50,3,3,3,3,3,3,3,3,3,3,3,2,2,2,3,2,2,2,2,3,3
29,532,50,3,3,3,3,3,3,3,3,3,3,3,2,2,2,3,2,2,2,2,3,3
29,533,50,3,3,3,3,3,3,3,3,3,3,3,2,2,2,3,2,2,2,2,3,3
29,534,50,3,3,3,3,3,3,3,3,3,3,3,2,2,2,3,2,2,2,2,3,3
29,535,50,3,3,3,3,3,3,3,3,3,3,3,2,2,2,3,2,2,2,2,3,3
29,536,38,3,3,3,3,3,3,3,3,3,3,3,2,2,2,3,2,2,2,2,3,3
29,537,38,3,3,3,3,3,3,3,3,3,3,3,2,2,2,3,2,2,2,2,3,3
29,538,39,3,3,3,3,3,3,3,3,3,3,3,2,2,2,3,2,2,2,2,3,3
29,539,39,3,3,3,3,3,3,3,3,3,3,3,2,2,2,3,2,2,2,2,3,3
29,540,39,3,3,3,3,3,3,3,3,3,3,3,2,2,2,3,2,2,2,2,3,3
29,541,39,3,3,3,3,3,3,3,3,3,3,3,2,2,2,3,2,2,2,2,3,3
29,542,39,3,3,3,3,3,3,3,3,3,3,3,2,2,2,3,2,2,2,2,3,3
29,543,39,3,3,3,3,3,3,3,3,3,3,3,2,2,2,3,2,2,2,2,3,3
29,544,39,3,3,3,3,3,3,3,3,3,3,3,2,2,2,3,2,2,2,2,3,3
29,545,39,3,3,3,3,3,3,3,3,3,3,3,2,2,2,3,2,2,2,2,3,3
29,546,39,3,3,3,3,3,3,3,3,3,3,3,2,2,2,3,2,2,2,2,3,3
29,547,40,1,1,1,1,1,1,1,1,1,1,1,3,3,3,1,3,3,3,3,1,1
29,548,40,1,1,1,1,1,1,1,1,1,1,1,3,3,3,1,3,3,3,3,1,1
29,549,40,1,1,1,1,1,1,1,1,1,1,1,3,3,3,1,3,3,3,3,1,1
29,550,40,1,1,1,1,1,1,1,1,1,1,1,3,3,3,1,3,3,3,3,1,1
29,551,57,1,1,1,1,1,1,1,1,1,1,1,3,3,3,1,3,3,3,3,1,1
29,552,57,1,1,1,1,1,1,1,1,1,1,1,3,3,3,1,3,3,3,3,1,1
29,553,40,1,1,1,1,1,1,1,1,1,1,1,3,3,3,1,3,3,3,3,1,1
29,554,40,1,1,1,1,1,1,1,1,1,1,1,3,3,3,1,3,3,3,3,1,1
29,555,40,1,1,1,1,1,1,1,1,1,1,1,3,3,3,1,3,3,3,3,1,1
29,556,40,1,1,1,1,1,1,1,1,1,1,1,3,3,3,1,3,3,3,3,1,1
29,557,40,1,1,1,1,1,1,1,1,1,1,1,3,3,3,1,3,3,3,3,1,1
29,558,41,2,2,2,2,2,2,2,2,2,2,2,1,1,1,2,1,1,1,1,2,2
29,559,41,2,2,2,2,2,2,2,2,2,2,2,1,1,1,2,1,1,1,1,2,2
29,560,41,2,2,2,2,2,2,2,2,2,2,2,1,1,1,2,1,1,1,1,2,2
29,561,41,2,2,2,2,2,2,2,2,2,2,2,1,1,1,2,1,1,1,1,2,2
29,562,41,2,2,2,2,2,2,2,2,2,2,2,1,1,1,2,1,1,1,1,2,2
29,563,41,2,2,2,2,2,2,2,2,2,2,2,1,1,1,2,1,1,1,1,2,2
29,564,41,2,2,2,2,2,2,2,2,2,2,2,1,1,1,2,1,1,1,1,2,2
29,565,41,2,2,2,2,2,2,2,2,2,2,2,1,1,1,2,1,1,1,1,2,2
29,566,41,2,2,2,2,2,2,2,2,2,2,2,1,1,1,2,1,1,1,1,2,2
29,567,41,2,2,2,2,2,2,2,2,2,2,2,1,1,1,2,1,1,1,1,2,2
29,568,41,2,2,2,2,2,2,2,2,2,2,2,1,1,1,2,1,1,1,1,2,2
29,569,41,2,2,2,2,2,2,2,2,2,2,2,1,1,1,2,1,1,1,1,2,2
29,570,42,1,1,1,1,1,1,1,1,1,1,1,1,1,1,1,1,1,1,1,1,1
29,571,42,1,1,1,1,1,1,1,1,1,1,1,1,1,1,1,1,1,1,1,1,1
29,572,42,1,1,1,1,1,1,1,1,1,1,1,1,1,1,1,1,1,1,1,1,1
29,573,42,1,1,1,1,1,1,1,1,1,1,1,1,1,1,1,1,1,1,1,1,1
29,574,42,1,1,1,1,1,1,1,1,1,1,1,1,1,1,1,1,1,1,1,1,1
29,575,43,1,1,1,1,1,1,1,1,1,1,1,3,3,3,1,3,3,3,3,1,1
29,576,43,1,1,1,1,1,1,1,1,1,1,1,3,3,3,1,3,3,3,3,1,1
29,577,43,1,1,1,1,1,1,1,1,1,1,1,3,3,3,1,3,3,3,3,1,1
29,578,43,1,1,1,1,1,1,1,1,1,1,1,3,3,3,1,3,3,3,3,1,1
29,579,43,1,1,1,1,1,1,1,1,1,1,1,3,3,3,1,3,3,3,3,1,1
29,580,43,1,1,1,1,1,1,1,1,1,1,1,3,3,3,1,3,3,3,3,1,1
29,581,43,1,1,1,1,1,1,1,1,1,1,1,3,3,3,1,3,3,3,3,1,1
29,582,43,1,1,1,1,1,1,1,1,1,1,1,3,3,3,1,3,3,3,3,1,1
29,583,43,1,1,1,1,1,1,1,1,1,1,1,3,3,3,1,3,3,3,3,1,1
29,584,43,1,1,1,1,1,1,1,1,1,1,1,3,3,3,1,3,3,3,3,1,1
29,585,43,1,1,1,1,1,1,1,1,1,1,1,3,3,3,1,3,3,3,3,1,1
29,586,59,1,1,1,1,1,1,1,1,1,1,1,1,1,1,1,1,1,1,1,1,1
29,587,59,1,1,1,1,1,1,1,1,1,1,1,1,1,1,1,1,1,1,1,1,1
29,588,44,1,1,1,1,1,1,1,1,1,1,1,1,1,1,1,1,1,1,1,1,1
29,589,44,1,1,1,1,1,1,1,1,1,1,1,1,1,1,1,1,1,1,1,1,1
29,590,44,1,1,1,1,1,1,1,1,1,1,1,1,1,1,1,1,1,1,1,1,1
29,591,44,1,1,1,1,1,1,1,1,1,1,1,1,1,1,1,1,1,1,1,1,1
29,592,44,1,1,1,1,1,1,1,1,1,1,1,1,1,1,1,1,1,1,1,1,1
29,593,44,1,1,1,1,1,1,1,1,1,1,1,1,1,1,1,1,1,1,1,1,1
29,594,44,1,1,1,1,1,1,1,1,1,1,1,1,1,1,1,1,1,1,1,1,1
29,595,44,1,1,1,1,1,1,1,1,1,1,1,1,1,1,1,1,1,1,1,1,1
29,596,44,1,1,1,1,1,1,1,1,1,1,1,1,1,1,1,1,1,1,1,1,1
29,597,44,1,1,1,1,1,1,1,1,1,1,1,1,1,1,1,1,1,1,1,1,1
29,598,44,1,1,1,1,1,1,1,1,1,1,1,1,1,1,1,1,1,1,1,1,1
29,599,44,1,1,1,1,1,1,1,1,1,1,1,1,1,1,1,1,1,1,1,1,1
29,600,44,1,1,1,1,1,1,1,1,1,1,1,1,1,1,1,1,1,1,1,1,1
29,601,44,1,1,1,1,1,1,1,1,1,1,1,1,1,1,1,1,1,1,1,1,1
29,602,48,1,2,2,2,2,2,2,2,2,2,1,1,1,1,2,1,1,1,1,2,1
29,603,48,1,2,2,2,2,2,2,2,2,2,1,1,1,1,2,1,1,1,1,2,1
29,604,48,1,2,2,2,2,2,2,2,2,2,1,1,1,1,2,1,1,1,1,2,1
29,605,48,1,2,2,2,2,2,2,2,2,2,1,1,1,1,2,1,1,1,1,2,1
29,606,55,3,3,3,3,3,3,3,3,3,3,3,2,2,2,3,2,2,2,2,3,3
29,607,54,3,3,3,3,3,3,3,3,3,3,3,2,2,2,3,2,2,2,2,3,3
29,608,54,3,3,3,3,3,3,3,3,3,3,3,2,2,2,3,2,2,2,2,3,3
