edon,seccion,munn,escenario1,mc_clv1,morena_clv1,panal_clv1,pan_clv1,pes_clv1,pri_clv1,pt_clv1,pvem_clv1,escenario2,mc_clv2,morena_clv2,panal_clv2,pan_clv2,pes_clv2,pri_clv2,pt_clv2,pvem_clv2,escenario3
32,1,1,1,1,1,1,1,1,1,1,1,1,1,1,1,1,1,1,1,1,1
32,2,1,1,1,1,1,1,1,1,1,1,1,1,1,1,1,1,1,1,1,1
32,3,1,1,1,1,1,1,1,1,1,1,1,1,1,1,1,1,1,1,1,1
32,4,1,1,1,1,1,1,1,1,1,1,1,1,1,1,1,1,1,1,1,1
32,5,1,1,1,1,1,1,1,1,1,1,1,1,1,1,1,1,1,1,1,1
32,6,1,1,1,1,1,1,1,1,1,1,1,1,1,1,1,1,1,1,1,1
32,7,1,1,1,1,1,1,1,1,1,1,1,1,1,1,1,1,1,1,1,1
32,8,1,1,1,1,1,1,1,1,1,1,1,1,1,1,1,1,1,1,1,1
32,9,1,1,1,1,1,1,1,1,1,1,1,1,1,1,1,1,1,1,1,1
32,10,1,1,1,1,1,1,1,1,1,1,1,1,1,1,1,1,1,1,1,1
32,11,1,1,1,1,1,1,1,1,1,1,1,1,1,1,1,1,1,1,1,1
32,12,1,1,1,1,1,1,1,1,1,1,1,1,1,1,1,1,1,1,1,1
32,13,1,1,1,1,1,1,1,1,1,1,1,1,1,1,1,1,1,1,1,1
32,14,2,1,1,1,1,1,1,1,1,1,1,1,1,1,1,1,1,1,1,1
32,15,2,1,1,1,1,1,1,1,1,1,1,1,1,1,1,1,1,1,1,1
32,16,2,1,1,1,1,1,1,1,1,1,1,1,1,1,1,1,1,1,1,1
32,17,2,1,1,1,1,1,1,1,1,1,1,1,1,1,1,1,1,1,1,1
32,18,2,1,1,1,1,1,1,1,1,1,1,1,1,1,1,1,1,1,1,1
32,19,2,1,1,1,1,1,1,1,1,1,1,1,1,1,1,1,1,1,1,1
32,20,2,1,1,1,1,1,1,1,1,1,1,1,1,1,1,1,1,1,1,1
32,21,2,1,1,1,1,1,1,1,1,1,1,1,1,1,1,1,1,1,1,1
32,22,3,1,1,1,1,1,1,1,1,1,1,1,1,1,1,1,1,1,1,1
32,23,3,1,1,1,1,1,1,1,1,1,1,1,1,1,1,1,1,1,1,1
32,24,3,1,1,1,1,1,1,1,1,1,1,1,1,1,1,1,1,1,1,1
32,25,3,1,1,1,1,1,1,1,1,1,1,1,1,1,1,1,1,1,1,1
32,26,3,1,1,1,1,1,1,1,1,1,1,1,1,1,1,1,1,1,1,1
32,27,3,1,1,1,1,1,1,1,1,1,1,1,1,1,1,1,1,1,1,1
32,28,3,1,1,1,1,1,1,1,1,1,1,1,1,1,1,1,1,1,1,1
32,29,3,1,1,1,1,1,1,1,1,1,1,1,1,1,1,1,1,1,1,1
32,30,3,1,1,1,1,1,1,1,1,1,1,1,1,1,1,1,1,1,1,1
32,31,4,1,1,1,1,1,1,1,1,1,1,1,1,1,1,1,1,1,1,1
32,32,4,1,1,1,1,1,1,1,1,1,1,1,1,1,1,1,1,1,1,1
32,33,4,1,1,1,1,1,1,1,1,1,1,1,1,1,1,1,1,1,1,1
32,34,4,1,1,1,1,1,1,1,1,1,1,1,1,1,1,1,1,1,1,1
32,35,4,1,1,1,1,1,1,1,1,1,1,1,1,1,1,1,1,1,1,1
32,36,4,1,1,1,1,1,1,1,1,1,1,1,1,1,1,1,1,1,1,1
32,37,4,1,1,1,1,1,1,1,1,1,1,1,1,1,1,1,1,1,1,1
32,38,4,1,1,1,1,1,1,1,1,1,1,1,1,1,1,1,1,1,1,1
32,39,4,1,1,1,1,1,1,1,1,1,1,1,1,1,1,1,1,1,1,1
32,40,5,2,2,2,2,2,2,2,2,2,2,2,2,2,2,2,2,2,2,2
32,41,5,2,2,2,2,2,2,2,2,2,2,2,2,2,2,2,2,2,2,2
32,42,5,2,2,2,2,2,2,2,2,2,2,2,2,2,2,2,2,2,2,2
32,43,5,2,2,2,2,2,2,2,2,2,2,2,2,2,2,2,2,2,2,2
32,44,5,2,2,2,2,2,2,2,2,2,2,2,2,2,2,2,2,2,2,2
32,45,5,2,2,2,2,2,2,2,2,2,2,2,2,2,2,2,2,2,2,2
32,46,5,2,2,2,2,2,2,2,2,2,2,2,2,2,2,2,2,2,2,2
32,47,5,2,2,2,2,2,2,2,2,2,2,2,2,2,2,2,2,2,2,2
32,48,5,2,2,2,2,2,2,2,2,2,2,2,2,2,2,2,2,2,2,2
32,49,5,2,2,2,2,2,2,2,2,2,2,2,2,2,2,2,2,2,2,2
32,50,5,2,2,2,2,2,2,2,2,2,2,2,2,2,2,2,2,2,2,2
32,51,5,2,2,2,2,2,2,2,2,2,2,2,2,2,2,2,2,2,2,2
32,52,5,2,2,2,2,2,2,2,2,2,2,2,2,2,2,2,2,2,2,2
32,53,5,2,2,2,2,2,2,2,2,2,2,2,2,2,2,2,2,2,2,2
32,54,5,2,2,2,2,2,2,2,2,2,2,2,2,2,2,2,2,2,2,2
32,55,5,2,2,2,2,2,2,2,2,2,2,2,2,2,2,2,2,2,2,2
32,56,5,2,2,2,2,2,2,2,2,2,2,2,2,2,2,2,2,2,2,2
32,57,5,2,2,2,2,2,2,2,2,2,2,2,2,2,2,2,2,2,2,2
32,58,5,2,2,2,2,2,2,2,2,2,2,2,2,2,2,2,2,2,2,2
32,59,5,2,2,2,2,2,2,2,2,2,2,2,2,2,2,2,2,2,2,2
32,60,5,2,2,2,2,2,2,2,2,2,2,2,2,2,2,2,2,2,2,2
32,61,6,2,2,2,3,2,2,3,2,3,2,2,2,2,2,2,2,2,2,2
32,62,6,2,2,2,3,2,2,3,2,3,2,2,2,2,2,2,2,2,2,2
32,63,6,2,2,2,3,2,2,3,2,3,2,2,2,2,2,2,2,2,2,2
32,64,6,2,2,2,3,2,2,3,2,3,2,2,2,2,2,2,2,2,2,2
32,65,6,2,2,2,3,2,2,3,2,3,2,2,2,2,2,2,2,2,2,2
32,66,6,2,2,2,3,2,2,3,2,3,2,2,2,2,2,2,2,2,2,2
32,67,6,2,2,2,3,2,2,3,2,3,2,2,2,2,2,2,2,2,2,2
32,68,6,2,2,2,3,2,2,3,2,3,2,2,2,2,2,2,2,2,2,2
32,69,6,2,2,2,3,2,2,3,2,3,2,2,2,2,2,2,2,2,2,2
32,70,6,2,2,2,3,2,2,3,2,3,2,2,2,2,2,2,2,2,2,2
32,71,6,2,2,2,3,2,2,3,2,3,2,2,2,2,2,2,2,2,2,2
32,73,7,3,3,3,2,3,3,2,3,2,3,3,3,3,3,3,3,3,3,3
32,74,7,3,3,3,2,3,3,2,3,2,3,3,3,3,3,3,3,3,3,3
32,75,7,3,3,3,2,3,3,2,3,2,3,3,3,3,3,3,3,3,3,3
32,76,7,3,3,3,2,3,3,2,3,2,3,3,3,3,3,3,3,3,3,3
32,77,7,3,3,3,2,3,3,2,3,2,3,3,3,3,3,3,3,3,3,3
32,78,7,3,3,3,2,3,3,2,3,2,3,3,3,3,3,3,3,3,3,3
32,79,7,3,3,3,2,3,3,2,3,2,3,3,3,3,3,3,3,3,3,3
32,80,7,3,3,3,2,3,3,2,3,2,3,3,3,3,3,3,3,3,3,3
32,82,7,3,3,3,2,3,3,2,3,2,3,3,3,3,3,3,3,3,3,3
32,83,7,3,3,3,2,3,3,2,3,2,3,3,3,3,3,3,3,3,3,3
32,84,7,3,3,3,2,3,3,2,3,2,3,3,3,3,3,3,3,3,3,3
32,85,7,3,3,3,2,3,3,2,3,2,3,3,3,3,3,3,3,3,3,3
32,86,7,3,3,3,2,3,3,2,3,2,3,3,3,3,3,3,3,3,3,3
32,87,7,3,3,3,2,3,3,2,3,2,3,3,3,3,3,3,3,3,3,3
32,88,7,3,3,3,2,3,3,2,3,2,3,3,3,3,3,3,3,3,3,3
32,89,7,3,3,3,2,3,3,2,3,2,3,3,3,3,3,3,3,3,3,3
32,90,7,3,3,3,2,3,3,2,3,2,3,3,3,3,3,3,3,3,3,3
32,91,7,3,3,3,2,3,3,2,3,2,3,3,3,3,3,3,3,3,3,3
32,92,7,3,3,3,2,3,3,2,3,2,3,3,3,3,3,3,3,3,3,3
32,93,7,3,3,3,2,3,3,2,3,2,3,3,3,3,3,3,3,3,3,3
32,94,7,3,3,3,2,3,3,2,3,2,3,3,3,3,3,3,3,3,3,3
32,95,7,3,3,3,2,3,3,2,3,2,3,3,3,3,3,3,3,3,3,3
32,96,7,3,3,3,2,3,3,2,3,2,3,3,3,3,3,3,3,3,3,3
32,97,7,3,3,3,2,3,3,2,3,2,3,3,3,3,3,3,3,3,3,3
32,98,7,3,3,3,2,3,3,2,3,2,3,3,3,3,3,3,3,3,3,3
32,99,7,3,3,3,2,3,3,2,3,2,3,3,3,3,3,3,3,3,3,3
32,101,7,3,3,3,2,3,3,2,3,2,3,3,3,3,3,3,3,3,3,3
32,102,7,3,3,3,2,3,3,2,3,2,3,3,3,3,3,3,3,3,3,3
32,103,8,1,1,1,1,1,1,1,1,1,1,1,1,1,1,1,1,1,1,1
32,104,8,1,1,1,1,1,1,1,1,1,1,1,1,1,1,1,1,1,1,1
32,105,8,1,1,1,1,1,1,1,1,1,1,1,1,1,1,1,1,1,1,1
32,106,8,1,1,1,1,1,1,1,1,1,1,1,1,1,1,1,1,1,1,1
32,107,8,1,1,1,1,1,1,1,1,1,1,1,1,1,1,1,1,1,1,1
32,108,8,1,1,1,1,1,1,1,1,1,1,1,1,1,1,1,1,1,1,1
32,109,8,1,1,1,1,1,1,1,1,1,1,1,1,1,1,1,1,1,1,1
32,110,8,1,1,1,1,1,1,1,1,1,1,1,1,1,1,1,1,1,1,1
32,111,8,1,1,1,1,1,1,1,1,1,1,1,1,1,1,1,1,1,1,1
32,112,8,1,1,1,1,1,1,1,1,1,1,1,1,1,1,1,1,1,1,1
32,113,8,1,1,1,1,1,1,1,1,1,1,1,1,1,1,1,1,1,1,1
32,114,9,2,2,2,3,2,2,3,2,3,2,2,2,2,2,2,2,2,2,2
32,115,9,2,2,2,3,2,2,3,2,3,2,2,2,2,2,2,2,2,2,2
32,116,9,2,2,2,3,2,2,3,2,3,2,2,2,2,2,2,2,2,2,2
32,117,9,2,2,2,3,2,2,3,2,3,2,2,2,2,2,2,2,2,2,2
32,118,9,2,2,2,3,2,2,3,2,3,2,2,2,2,2,2,2,2,2,2
32,119,9,2,2,2,3,2,2,3,2,3,2,2,2,2,2,2,2,2,2,2
32,120,9,2,2,2,3,2,2,3,2,3,2,2,2,2,2,2,2,2,2,2
32,121,9,2,2,2,3,2,2,3,2,3,2,2,2,2,2,2,2,2,2,2
32,122,9,2,2,2,3,2,2,3,2,3,2,2,2,2,2,2,2,2,2,2
32,123,9,2,2,2,3,2,2,3,2,3,2,2,2,2,2,2,2,2,2,2
32,124,9,2,2,2,3,2,2,3,2,3,2,2,2,2,2,2,2,2,2,2
32,125,9,2,2,2,3,2,2,3,2,3,2,2,2,2,2,2,2,2,2,2
32,126,9,2,2,2,3,2,2,3,2,3,2,2,2,2,2,2,2,2,2,2
32,127,9,2,2,2,3,2,2,3,2,3,2,2,2,2,2,2,2,2,2,2
32,128,9,2,2,2,3,2,2,3,2,3,2,2,2,2,2,2,2,2,2,2
32,129,9,2,2,2,3,2,2,3,2,3,2,2,2,2,2,2,2,2,2,2
32,130,9,2,2,2,3,2,2,3,2,3,2,2,2,2,2,2,2,2,2,2
32,131,9,2,2,2,3,2,2,3,2,3,2,2,2,2,2,2,2,2,2,2
32,132,9,2,2,2,3,2,2,3,2,3,2,2,2,2,2,2,2,2,2,2
32,133,9,2,2,2,3,2,2,3,2,3,2,2,2,2,2,2,2,2,2,2
32,134,9,2,2,2,3,2,2,3,2,3,2,2,2,2,2,2,2,2,2,2
32,135,10,2,2,2,3,2,2,3,2,3,2,2,2,2,2,2,2,2,2,2
32,136,10,2,2,2,3,2,2,3,2,3,2,2,2,2,2,2,2,2,2,2
32,137,10,2,2,2,3,2,2,3,2,3,2,2,2,2,2,2,2,2,2,2
32,138,10,2,2,2,3,2,2,3,2,3,2,2,2,2,2,2,2,2,2,2
32,139,10,2,2,2,3,2,2,3,2,3,2,2,2,2,2,2,2,2,2,2
32,140,10,2,2,2,3,2,2,3,2,3,2,2,2,2,2,2,2,2,2,2
32,141,10,2,2,2,3,2,2,3,2,3,2,2,2,2,2,2,2,2,2,2
32,142,10,2,2,2,3,2,2,3,2,3,2,2,2,2,2,2,2,2,2,2
32,143,10,2,2,2,3,2,2,3,2,3,2,2,2,2,2,2,2,2,2,2
32,144,10,2,2,2,3,2,2,3,2,3,2,2,2,2,2,2,2,2,2,2
32,145,10,2,2,2,3,2,2,3,2,3,2,2,2,2,2,2,2,2,2,2
32,146,10,2,2,2,3,2,2,3,2,3,2,2,2,2,2,2,2,2,2,2
32,147,10,2,2,2,3,2,2,3,2,3,2,2,2,2,2,2,2,2,2,2
32,148,10,2,2,2,3,2,2,3,2,3,2,2,2,2,2,2,2,2,2,2
32,149,10,2,2,2,3,2,2,3,2,3,2,2,2,2,2,2,2,2,2,2
32,150,10,2,2,2,3,2,2,3,2,3,2,2,2,2,2,2,2,2,2,2
32,151,10,2,2,2,3,2,2,3,2,3,2,2,2,2,2,2,2,2,2,2
32,152,10,2,2,2,3,2,2,3,2,3,2,2,2,2,2,2,2,2,2,2
32,153,10,2,2,2,3,2,2,3,2,3,2,2,2,2,2,2,2,2,2,2
32,154,10,2,2,2,3,2,2,3,2,3,2,2,2,2,2,2,2,2,2,2
32,155,10,2,2,2,3,2,2,3,2,3,2,2,2,2,2,2,2,2,2,2
32,156,10,2,2,2,3,2,2,3,2,3,2,2,2,2,2,2,2,2,2,2
32,157,10,2,2,2,3,2,2,3,2,3,2,2,2,2,2,2,2,2,2,2
32,158,10,2,2,2,3,2,2,3,2,3,2,2,2,2,2,2,2,2,2,2
32,159,10,2,2,2,3,2,2,3,2,3,2,2,2,2,2,2,2,2,2,2
32,160,10,2,2,2,3,2,2,3,2,3,2,2,2,2,2,2,2,2,2,2
32,161,10,2,2,2,3,2,2,3,2,3,2,2,2,2,2,2,2,2,2,2
32,162,10,2,2,2,3,2,2,3,2,3,2,2,2,2,2,2,2,2,2,2
32,163,10,2,2,2,3,2,2,3,2,3,2,2,2,2,2,2,2,2,2,2
32,164,10,2,2,2,3,2,2,3,2,3,2,2,2,2,2,2,2,2,2,2
32,165,10,2,2,2,3,2,2,3,2,3,2,2,2,2,2,2,2,2,2,2
32,166,10,2,2,2,3,2,2,3,2,3,2,2,2,2,2,2,2,2,2,2
32,167,10,2,2,2,3,2,2,3,2,3,2,2,2,2,2,2,2,2,2,2
32,168,10,2,2,2,3,2,2,3,2,3,2,2,2,2,2,2,2,2,2,2
32,169,10,2,2,2,3,2,2,3,2,3,2,2,2,2,2,2,2,2,2,2
32,170,10,2,2,2,3,2,2,3,2,3,2,2,2,2,2,2,2,2,2,2
32,171,10,2,2,2,3,2,2,3,2,3,2,2,2,2,2,2,2,2,2,2
32,172,10,2,2,2,3,2,2,3,2,3,2,2,2,2,2,2,2,2,2,2
32,173,10,2,2,2,3,2,2,3,2,3,2,2,2,2,2,2,2,2,2,2
32,174,10,2,2,2,3,2,2,3,2,3,2,2,2,2,2,2,2,2,2,2
32,175,10,2,2,2,3,2,2,3,2,3,2,2,2,2,2,2,2,2,2,2
32,176,10,2,2,2,3,2,2,3,2,3,2,2,2,2,2,2,2,2,2,2
32,177,10,2,2,2,3,2,2,3,2,3,2,2,2,2,2,2,2,2,2,2
32,178,10,2,2,2,3,2,2,3,2,3,2,2,2,2,2,2,2,2,2,2
32,179,10,2,2,2,3,2,2,3,2,3,2,2,2,2,2,2,2,2,2,2
32,180,10,2,2,2,3,2,2,3,2,3,2,2,2,2,2,2,2,2,2,2
32,181,10,2,2,2,3,2,2,3,2,3,2,2,2,2,2,2,2,2,2,2
32,182,10,2,2,2,3,2,2,3,2,3,2,2,2,2,2,2,2,2,2,2
32,183,10,2,2,2,3,2,2,3,2,3,2,2,2,2,2,2,2,2,2,2
32,184,10,2,2,2,3,2,2,3,2,3,2,2,2,2,2,2,2,2,2,2
32,185,10,2,2,2,3,2,2,3,2,3,2,2,2,2,2,2,2,2,2,2
32,186,10,2,2,2,3,2,2,3,2,3,2,2,2,2,2,2,2,2,2,2
32,187,10,2,2,2,3,2,2,3,2,3,2,2,2,2,2,2,2,2,2,2
32,188,10,2,2,2,3,2,2,3,2,3,2,2,2,2,2,2,2,2,2,2
32,189,10,2,2,2,3,2,2,3,2,3,2,2,2,2,2,2,2,2,2,2
32,190,10,2,2,2,3,2,2,3,2,3,2,2,2,2,2,2,2,2,2,2
32,191,10,2,2,2,3,2,2,3,2,3,2,2,2,2,2,2,2,2,2,2
32,192,10,2,2,2,3,2,2,3,2,3,2,2,2,2,2,2,2,2,2,2
32,193,10,2,2,2,3,2,2,3,2,3,2,2,2,2,2,2,2,2,2,2
32,194,10,2,2,2,3,2,2,3,2,3,2,2,2,2,2,2,2,2,2,2
32,195,10,2,2,2,3,2,2,3,2,3,2,2,2,2,2,2,2,2,2,2
32,196,10,2,2,2,3,2,2,3,2,3,2,2,2,2,2,2,2,2,2,2
32,197,10,2,2,2,3,2,2,3,2,3,2,2,2,2,2,2,2,2,2,2
32,198,10,2,2,2,3,2,2,3,2,3,2,2,2,2,2,2,2,2,2,2
32,199,10,2,2,2,3,2,2,3,2,3,2,2,2,2,2,2,2,2,2,2
32,200,10,2,2,2,3,2,2,3,2,3,2,2,2,2,2,2,2,2,2,2
32,201,10,2,2,2,3,2,2,3,2,3,2,2,2,2,2,2,2,2,2,2
32,202,10,2,2,2,3,2,2,3,2,3,2,2,2,2,2,2,2,2,2,2
32,203,10,2,2,2,3,2,2,3,2,3,2,2,2,2,2,2,2,2,2,2
32,204,10,2,2,2,3,2,2,3,2,3,2,2,2,2,2,2,2,2,2,2
32,205,10,2,2,2,3,2,2,3,2,3,2,2,2,2,2,2,2,2,2,2
32,206,10,2,2,2,3,2,2,3,2,3,2,2,2,2,2,2,2,2,2,2
32,207,10,2,2,2,3,2,2,3,2,3,2,2,2,2,2,2,2,2,2,2
32,208,10,2,2,2,3,2,2,3,2,3,2,2,2,2,2,2,2,2,2,2
32,209,10,2,2,2,3,2,2,3,2,3,2,2,2,2,2,2,2,2,2,2
32,210,10,2,2,2,3,2,2,3,2,3,2,2,2,2,2,2,2,2,2,2
32,211,10,2,2,2,3,2,2,3,2,3,2,2,2,2,2,2,2,2,2,2
32,212,10,2,2,2,3,2,2,3,2,3,2,2,2,2,2,2,2,2,2,2
32,213,10,2,2,2,3,2,2,3,2,3,2,2,2,2,2,2,2,2,2,2
32,214,10,2,2,2,3,2,2,3,2,3,2,2,2,2,2,2,2,2,2,2
32,215,10,2,2,2,3,2,2,3,2,3,2,2,2,2,2,2,2,2,2,2
32,216,10,2,2,2,3,2,2,3,2,3,2,2,2,2,2,2,2,2,2,2
32,217,10,2,2,2,3,2,2,3,2,3,2,2,2,2,2,2,2,2,2,2
32,218,10,2,2,2,3,2,2,3,2,3,2,2,2,2,2,2,2,2,2,2
32,219,10,2,2,2,3,2,2,3,2,3,2,2,2,2,2,2,2,2,2,2
32,220,10,2,2,2,3,2,2,3,2,3,2,2,2,2,2,2,2,2,2,2
32,221,10,2,2,2,3,2,2,3,2,3,2,2,2,2,2,2,2,2,2,2
32,222,10,2,2,2,3,2,2,3,2,3,2,2,2,2,2,2,2,2,2,2
32,223,10,2,2,2,3,2,2,3,2,3,2,2,2,2,2,2,2,2,2,2
32,224,10,2,2,2,3,2,2,3,2,3,2,2,2,2,2,2,2,2,2,2
32,225,10,2,2,2,3,2,2,3,2,3,2,2,2,2,2,2,2,2,2,2
32,226,10,2,2,2,3,2,2,3,2,3,2,2,2,2,2,2,2,2,2,2
32,227,10,2,2,2,3,2,2,3,2,3,2,2,2,2,2,2,2,2,2,2
32,228,10,2,2,2,3,2,2,3,2,3,2,2,2,2,2,2,2,2,2,2
32,229,10,2,2,2,3,2,2,3,2,3,2,2,2,2,2,2,2,2,2,2
32,230,10,2,2,2,3,2,2,3,2,3,2,2,2,2,2,2,2,2,2,2
32,231,10,2,2,2,3,2,2,3,2,3,2,2,2,2,2,2,2,2,2,2
32,232,10,2,2,2,3,2,2,3,2,3,2,2,2,2,2,2,2,2,2,2
32,233,10,2,2,2,3,2,2,3,2,3,2,2,2,2,2,2,2,2,2,2
32,234,10,2,2,2,3,2,2,3,2,3,2,2,2,2,2,2,2,2,2,2
32,235,10,2,2,2,3,2,2,3,2,3,2,2,2,2,2,2,2,2,2,2
32,236,10,2,2,2,3,2,2,3,2,3,2,2,2,2,2,2,2,2,2,2
32,237,10,2,2,2,3,2,2,3,2,3,2,2,2,2,2,2,2,2,2,2
32,238,10,2,2,2,3,2,2,3,2,3,2,2,2,2,2,2,2,2,2,2
32,239,10,2,2,2,3,2,2,3,2,3,2,2,2,2,2,2,2,2,2,2
32,240,10,2,2,2,3,2,2,3,2,3,2,2,2,2,2,2,2,2,2,2
32,241,10,2,2,2,3,2,2,3,2,3,2,2,2,2,2,2,2,2,2,2
32,242,10,2,2,2,3,2,2,3,2,3,2,2,2,2,2,2,2,2,2,2
32,243,10,2,2,2,3,2,2,3,2,3,2,2,2,2,2,2,2,2,2,2
32,244,10,2,2,2,3,2,2,3,2,3,2,2,2,2,2,2,2,2,2,2
32,245,10,2,2,2,3,2,2,3,2,3,2,2,2,2,2,2,2,2,2,2
32,246,10,2,2,2,3,2,2,3,2,3,2,2,2,2,2,2,2,2,2,2
32,247,10,2,2,2,3,2,2,3,2,3,2,2,2,2,2,2,2,2,2,2
32,248,10,2,2,2,3,2,2,3,2,3,2,2,2,2,2,2,2,2,2,2
32,249,10,2,2,2,3,2,2,3,2,3,2,2,2,2,2,2,2,2,2,2
32,250,10,2,2,2,3,2,2,3,2,3,2,2,2,2,2,2,2,2,2,2
32,251,10,2,2,2,3,2,2,3,2,3,2,2,2,2,2,2,2,2,2,2
32,252,10,2,2,2,3,2,2,3,2,3,2,2,2,2,2,2,2,2,2,2
32,253,10,2,2,2,3,2,2,3,2,3,2,2,2,2,2,2,2,2,2,2
32,254,10,2,2,2,3,2,2,3,2,3,2,2,2,2,2,2,2,2,2,2
32,255,10,2,2,2,3,2,2,3,2,3,2,2,2,2,2,2,2,2,2,2
32,256,10,2,2,2,3,2,2,3,2,3,2,2,2,2,2,2,2,2,2,2
32,257,10,2,2,2,3,2,2,3,2,3,2,2,2,2,2,2,2,2,2,2
32,258,10,2,2,2,3,2,2,3,2,3,2,2,2,2,2,2,2,2,2,2
32,259,10,2,2,2,3,2,2,3,2,3,2,2,2,2,2,2,2,2,2,2
32,260,10,2,2,2,3,2,2,3,2,3,2,2,2,2,2,2,2,2,2,2
32,261,10,2,2,2,3,2,2,3,2,3,2,2,2,2,2,2,2,2,2,2
32,262,10,2,2,2,3,2,2,3,2,3,2,2,2,2,2,2,2,2,2,2
32,263,10,2,2,2,3,2,2,3,2,3,2,2,2,2,2,2,2,2,2,2
32,264,10,2,2,2,3,2,2,3,2,3,2,2,2,2,2,2,2,2,2,2
32,265,10,2,2,2,3,2,2,3,2,3,2,2,2,2,2,2,2,2,2,2
32,266,10,2,2,2,3,2,2,3,2,3,2,2,2,2,2,2,2,2,2,2
32,267,10,2,2,2,3,2,2,3,2,3,2,2,2,2,2,2,2,2,2,2
32,268,10,2,2,2,3,2,2,3,2,3,2,2,2,2,2,2,2,2,2,2
32,269,10,2,2,2,3,2,2,3,2,3,2,2,2,2,2,2,2,2,2,2
32,270,10,2,2,2,3,2,2,3,2,3,2,2,2,2,2,2,2,2,2,2
32,271,10,2,2,2,3,2,2,3,2,3,2,2,2,2,2,2,2,2,2,2
32,272,10,2,2,2,3,2,2,3,2,3,2,2,2,2,2,2,2,2,2,2
32,273,10,2,2,2,3,2,2,3,2,3,2,2,2,2,2,2,2,2,2,2
32,274,10,2,2,2,3,2,2,3,2,3,2,2,2,2,2,2,2,2,2,2
32,275,10,2,2,2,3,2,2,3,2,3,2,2,2,2,2,2,2,2,2,2
32,276,10,2,2,2,3,2,2,3,2,3,2,2,2,2,2,2,2,2,2,2
32,277,10,2,2,2,3,2,2,3,2,3,2,2,2,2,2,2,2,2,2,2
32,278,10,2,2,2,3,2,2,3,2,3,2,2,2,2,2,2,2,2,2,2
32,279,10,2,2,2,3,2,2,3,2,3,2,2,2,2,2,2,2,2,2,2
32,280,10,2,2,2,3,2,2,3,2,3,2,2,2,2,2,2,2,2,2,2
32,281,10,2,2,2,3,2,2,3,2,3,2,2,2,2,2,2,2,2,2,2
32,282,10,2,2,2,3,2,2,3,2,3,2,2,2,2,2,2,2,2,2,2
32,283,10,2,2,2,3,2,2,3,2,3,2,2,2,2,2,2,2,2,2,2
32,284,10,2,2,2,3,2,2,3,2,3,2,2,2,2,2,2,2,2,2,2
32,285,10,2,2,2,3,2,2,3,2,3,2,2,2,2,2,2,2,2,2,2
32,286,10,2,2,2,3,2,2,3,2,3,2,2,2,2,2,2,2,2,2,2
32,287,10,2,2,2,3,2,2,3,2,3,2,2,2,2,2,2,2,2,2,2
32,288,10,2,2,2,3,2,2,3,2,3,2,2,2,2,2,2,2,2,2,2
32,289,10,2,2,2,3,2,2,3,2,3,2,2,2,2,2,2,2,2,2,2
32,290,10,2,2,2,3,2,2,3,2,3,2,2,2,2,2,2,2,2,2,2
32,291,10,2,2,2,3,2,2,3,2,3,2,2,2,2,2,2,2,2,2,2
32,292,10,2,2,2,3,2,2,3,2,3,2,2,2,2,2,2,2,2,2,2
32,293,10,2,2,2,3,2,2,3,2,3,2,2,2,2,2,2,2,2,2,2
32,294,10,2,2,2,3,2,2,3,2,3,2,2,2,2,2,2,2,2,2,2
32,295,10,2,2,2,3,2,2,3,2,3,2,2,2,2,2,2,2,2,2,2
32,296,10,2,2,2,3,2,2,3,2,3,2,2,2,2,2,2,2,2,2,2
32,297,10,2,2,2,3,2,2,3,2,3,2,2,2,2,2,2,2,2,2,2
32,298,10,2,2,2,3,2,2,3,2,3,2,2,2,2,2,2,2,2,2,2
32,299,10,2,2,2,3,2,2,3,2,3,2,2,2,2,2,2,2,2,2,2
32,300,10,2,2,2,3,2,2,3,2,3,2,2,2,2,2,2,2,2,2,2
32,301,10,2,2,2,3,2,2,3,2,3,2,2,2,2,2,2,2,2,2,2
32,302,10,2,2,2,3,2,2,3,2,3,2,2,2,2,2,2,2,2,2,2
32,303,10,2,2,2,3,2,2,3,2,3,2,2,2,2,2,2,2,2,2,2
32,304,10,2,2,2,3,2,2,3,2,3,2,2,2,2,2,2,2,2,2,2
32,305,10,2,2,2,3,2,2,3,2,3,2,2,2,2,2,2,2,2,2,2
32,306,10,2,2,2,3,2,2,3,2,3,2,2,2,2,2,2,2,2,2,2
32,307,10,2,2,2,3,2,2,3,2,3,2,2,2,2,2,2,2,2,2,2
32,308,10,2,2,2,3,2,2,3,2,3,2,2,2,2,2,2,2,2,2,2
32,309,10,2,2,2,3,2,2,3,2,3,2,2,2,2,2,2,2,2,2,2
32,310,10,2,2,2,3,2,2,3,2,3,2,2,2,2,2,2,2,2,2,2
32,311,10,2,2,2,3,2,2,3,2,3,2,2,2,2,2,2,2,2,2,2
32,312,10,2,2,2,3,2,2,3,2,3,2,2,2,2,2,2,2,2,2,2
32,313,10,2,2,2,3,2,2,3,2,3,2,2,2,2,2,2,2,2,2,2
32,314,10,2,2,2,3,2,2,3,2,3,2,2,2,2,2,2,2,2,2,2
32,315,10,2,2,2,3,2,2,3,2,3,2,2,2,2,2,2,2,2,2,2
32,316,10,2,2,2,3,2,2,3,2,3,2,2,2,2,2,2,2,2,2,2
32,317,10,2,2,2,3,2,2,3,2,3,2,2,2,2,2,2,2,2,2,2
32,318,10,2,2,2,3,2,2,3,2,3,2,2,2,2,2,2,2,2,2,2
32,319,10,2,2,2,3,2,2,3,2,3,2,2,2,2,2,2,2,2,2,2
32,320,10,2,2,2,3,2,2,3,2,3,2,2,2,2,2,2,2,2,2,2
32,321,10,2,2,2,3,2,2,3,2,3,2,2,2,2,2,2,2,2,2,2
32,322,10,2,2,2,3,2,2,3,2,3,2,2,2,2,2,2,2,2,2,2
32,323,10,2,2,2,3,2,2,3,2,3,2,2,2,2,2,2,2,2,2,2
32,324,10,2,2,2,3,2,2,3,2,3,2,2,2,2,2,2,2,2,2,2
32,325,10,2,2,2,3,2,2,3,2,3,2,2,2,2,2,2,2,2,2,2
32,326,10,2,2,2,3,2,2,3,2,3,2,2,2,2,2,2,2,2,2,2
32,327,10,2,2,2,3,2,2,3,2,3,2,2,2,2,2,2,2,2,2,2
32,328,10,2,2,2,3,2,2,3,2,3,2,2,2,2,2,2,2,2,2,2
32,329,10,2,2,2,3,2,2,3,2,3,2,2,2,2,2,2,2,2,2,2
32,330,10,2,2,2,3,2,2,3,2,3,2,2,2,2,2,2,2,2,2,2
32,331,10,2,2,2,3,2,2,3,2,3,2,2,2,2,2,2,2,2,2,2
32,332,10,2,2,2,3,2,2,3,2,3,2,2,2,2,2,2,2,2,2,2
32,333,10,2,2,2,3,2,2,3,2,3,2,2,2,2,2,2,2,2,2,2
32,334,10,2,2,2,3,2,2,3,2,3,2,2,2,2,2,2,2,2,2,2
32,335,10,2,2,2,3,2,2,3,2,3,2,2,2,2,2,2,2,2,2,2
32,336,10,2,2,2,3,2,2,3,2,3,2,2,2,2,2,2,2,2,2,2
32,337,10,2,2,2,3,2,2,3,2,3,2,2,2,2,2,2,2,2,2,2
32,338,10,2,2,2,3,2,2,3,2,3,2,2,2,2,2,2,2,2,2,2
32,339,10,2,2,2,3,2,2,3,2,3,2,2,2,2,2,2,2,2,2,2
32,340,10,2,2,2,3,2,2,3,2,3,2,2,2,2,2,2,2,2,2,2
32,341,10,2,2,2,3,2,2,3,2,3,2,2,2,2,2,2,2,2,2,2
32,343,10,2,2,2,3,2,2,3,2,3,2,2,2,2,2,2,2,2,2,2
32,344,10,2,2,2,3,2,2,3,2,3,2,2,2,2,2,2,2,2,2,2
32,345,10,2,2,2,3,2,2,3,2,3,2,2,2,2,2,2,2,2,2,2
32,346,10,2,2,2,3,2,2,3,2,3,2,2,2,2,2,2,2,2,2,2
32,347,10,2,2,2,3,2,2,3,2,3,2,2,2,2,2,2,2,2,2,2
32,348,10,2,2,2,3,2,2,3,2,3,2,2,2,2,2,2,2,2,2,2
32,349,11,1,1,1,1,1,1,1,1,1,1,1,1,1,1,1,1,1,1,1
32,350,11,1,1,1,1,1,1,1,1,1,1,1,1,1,1,1,1,1,1,1
32,351,11,1,1,1,1,1,1,1,1,1,1,1,1,1,1,1,1,1,1,1
32,352,11,1,1,1,1,1,1,1,1,1,1,1,1,1,1,1,1,1,1,1
32,353,11,1,1,1,1,1,1,1,1,1,1,1,1,1,1,1,1,1,1,1
32,354,11,1,1,1,1,1,1,1,1,1,1,1,1,1,1,1,1,1,1,1
32,356,11,1,1,1,1,1,1,1,1,1,1,1,1,1,1,1,1,1,1,1
32,358,11,1,1,1,1,1,1,1,1,1,1,1,1,1,1,1,1,1,1,1
32,359,12,1,1,1,1,1,1,1,1,1,1,1,1,1,1,1,1,1,1,1
32,360,12,1,1,1,1,1,1,1,1,1,1,1,1,1,1,1,1,1,1,1
32,361,12,1,1,1,1,1,1,1,1,1,1,1,1,1,1,1,1,1,1,1
32,362,12,1,1,1,1,1,1,1,1,1,1,1,1,1,1,1,1,1,1,1
32,363,12,1,1,1,1,1,1,1,1,1,1,1,1,1,1,1,1,1,1,1
32,364,12,1,1,1,1,1,1,1,1,1,1,1,1,1,1,1,1,1,1,1
32,365,12,1,1,1,1,1,1,1,1,1,1,1,1,1,1,1,1,1,1,1
32,366,12,1,1,1,1,1,1,1,1,1,1,1,1,1,1,1,1,1,1,1
32,367,12,1,1,1,1,1,1,1,1,1,1,1,1,1,1,1,1,1,1,1
32,368,12,1,1,1,1,1,1,1,1,1,1,1,1,1,1,1,1,1,1,1
32,369,12,1,1,1,1,1,1,1,1,1,1,1,1,1,1,1,1,1,1,1
32,370,12,1,1,1,1,1,1,1,1,1,1,1,1,1,1,1,1,1,1,1
32,371,12,1,1,1,1,1,1,1,1,1,1,1,1,1,1,1,1,1,1,1
32,372,12,1,1,1,1,1,1,1,1,1,1,1,1,1,1,1,1,1,1,1
32,373,12,1,1,1,1,1,1,1,1,1,1,1,1,1,1,1,1,1,1,1
32,374,12,1,1,1,1,1,1,1,1,1,1,1,1,1,1,1,1,1,1,1
32,375,12,1,1,1,1,1,1,1,1,1,1,1,1,1,1,1,1,1,1,1
32,376,12,1,1,1,1,1,1,1,1,1,1,1,1,1,1,1,1,1,1,1
32,377,12,1,1,1,1,1,1,1,1,1,1,1,1,1,1,1,1,1,1,1
32,378,13,2,2,2,3,2,2,3,2,3,2,2,2,2,2,2,2,2,2,2
32,379,13,2,2,2,3,2,2,3,2,3,2,2,2,2,2,2,2,2,2,2
32,380,13,2,2,2,3,2,2,3,2,3,2,2,2,2,2,2,2,2,2,2
32,381,13,2,2,2,3,2,2,3,2,3,2,2,2,2,2,2,2,2,2,2
32,382,13,2,2,2,3,2,2,3,2,3,2,2,2,2,2,2,2,2,2,2
32,383,13,2,2,2,3,2,2,3,2,3,2,2,2,2,2,2,2,2,2,2
32,384,13,2,2,2,3,2,2,3,2,3,2,2,2,2,2,2,2,2,2,2
32,386,14,3,3,3,2,3,3,2,3,2,3,3,3,3,3,3,3,3,3,3
32,387,14,3,3,3,2,3,3,2,3,2,3,3,3,3,3,3,3,3,3,3
32,388,14,3,3,3,2,3,3,2,3,2,3,3,3,3,3,3,3,3,3,3
32,389,14,3,3,3,2,3,3,2,3,2,3,3,3,3,3,3,3,3,3,3
32,390,14,3,3,3,2,3,3,2,3,2,3,3,3,3,3,3,3,3,3,3
32,391,14,3,3,3,2,3,3,2,3,2,3,3,3,3,3,3,3,3,3,3
32,392,14,3,3,3,2,3,3,2,3,2,3,3,3,3,3,3,3,3,3,3
32,393,14,3,3,3,2,3,3,2,3,2,3,3,3,3,3,3,3,3,3,3
32,394,14,3,3,3,2,3,3,2,3,2,3,3,3,3,3,3,3,3,3,3
32,395,14,3,3,3,2,3,3,2,3,2,3,3,3,3,3,3,3,3,3,3
32,396,14,3,3,3,2,3,3,2,3,2,3,3,3,3,3,3,3,3,3,3
32,397,14,3,3,3,2,3,3,2,3,2,3,3,3,3,3,3,3,3,3,3
32,398,14,3,3,3,2,3,3,2,3,2,3,3,3,3,3,3,3,3,3,3
32,399,14,3,3,3,2,3,3,2,3,2,3,3,3,3,3,3,3,3,3,3
32,400,14,3,3,3,2,3,3,2,3,2,3,3,3,3,3,3,3,3,3,3
32,401,14,3,3,3,2,3,3,2,3,2,3,3,3,3,3,3,3,3,3,3
32,402,14,3,3,3,2,3,3,2,3,2,3,3,3,3,3,3,3,3,3,3
32,403,14,3,3,3,2,3,3,2,3,2,3,3,3,3,3,3,3,3,3,3
32,404,14,3,3,3,2,3,3,2,3,2,3,3,3,3,3,3,3,3,3,3
32,405,14,3,3,3,2,3,3,2,3,2,3,3,3,3,3,3,3,3,3,3
32,406,14,3,3,3,2,3,3,2,3,2,3,3,3,3,3,3,3,3,3,3
32,407,14,3,3,3,2,3,3,2,3,2,3,3,3,3,3,3,3,3,3,3
32,408,14,3,3,3,2,3,3,2,3,2,3,3,3,3,3,3,3,3,3,3
32,409,14,3,3,3,2,3,3,2,3,2,3,3,3,3,3,3,3,3,3,3
32,410,14,3,3,3,2,3,3,2,3,2,3,3,3,3,3,3,3,3,3,3
32,411,14,3,3,3,2,3,3,2,3,2,3,3,3,3,3,3,3,3,3,3
32,412,14,3,3,3,2,3,3,2,3,2,3,3,3,3,3,3,3,3,3,3
32,413,14,3,3,3,2,3,3,2,3,2,3,3,3,3,3,3,3,3,3,3
32,414,14,3,3,3,2,3,3,2,3,2,3,3,3,3,3,3,3,3,3,3
32,415,14,3,3,3,2,3,3,2,3,2,3,3,3,3,3,3,3,3,3,3
32,416,14,3,3,3,2,3,3,2,3,2,3,3,3,3,3,3,3,3,3,3
32,417,14,3,3,3,2,3,3,2,3,2,3,3,3,3,3,3,3,3,3,3
32,418,14,3,3,3,2,3,3,2,3,2,3,3,3,3,3,3,3,3,3,3
32,419,14,3,3,3,2,3,3,2,3,2,3,3,3,3,3,3,3,3,3,3
32,420,14,3,3,3,2,3,3,2,3,2,3,3,3,3,3,3,3,3,3,3
32,421,14,3,3,3,2,3,3,2,3,2,3,3,3,3,3,3,3,3,3,3
32,422,14,3,3,3,2,3,3,2,3,2,3,3,3,3,3,3,3,3,3,3
32,423,14,3,3,3,2,3,3,2,3,2,3,3,3,3,3,3,3,3,3,3
32,424,14,3,3,3,2,3,3,2,3,2,3,3,3,3,3,3,3,3,3,3
32,425,14,3,3,3,2,3,3,2,3,2,3,3,3,3,3,3,3,3,3,3
32,426,14,3,3,3,2,3,3,2,3,2,3,3,3,3,3,3,3,3,3,3
32,427,14,3,3,3,2,3,3,2,3,2,3,3,3,3,3,3,3,3,3,3
32,428,15,1,1,1,1,1,1,1,1,1,1,1,1,1,1,1,1,1,1,1
32,429,15,1,1,1,1,1,1,1,1,1,1,1,1,1,1,1,1,1,1,1
32,430,15,1,1,1,1,1,1,1,1,1,1,1,1,1,1,1,1,1,1,1
32,431,15,1,1,1,1,1,1,1,1,1,1,1,1,1,1,1,1,1,1,1
32,432,15,1,1,1,1,1,1,1,1,1,1,1,1,1,1,1,1,1,1,1
32,433,15,1,1,1,1,1,1,1,1,1,1,1,1,1,1,1,1,1,1,1
32,434,15,1,1,1,1,1,1,1,1,1,1,1,1,1,1,1,1,1,1,1
32,435,15,1,1,1,1,1,1,1,1,1,1,1,1,1,1,1,1,1,1,1
32,436,16,4,4,4,4,4,4,4,4,4,4,4,4,4,4,4,4,4,4,4
32,437,16,4,4,4,4,4,4,4,4,4,4,4,4,4,4,4,4,4,4,4
32,438,16,4,4,4,4,4,4,4,4,4,4,4,4,4,4,4,4,4,4,4
32,439,16,4,4,4,4,4,4,4,4,4,4,4,4,4,4,4,4,4,4,4
32,440,16,4,4,4,4,4,4,4,4,4,4,4,4,4,4,4,4,4,4,4
32,441,16,4,4,4,4,4,4,4,4,4,4,4,4,4,4,4,4,4,4,4
32,442,16,4,4,4,4,4,4,4,4,4,4,4,4,4,4,4,4,4,4,4
32,443,16,4,4,4,4,4,4,4,4,4,4,4,4,4,4,4,4,4,4,4
32,444,16,4,4,4,4,4,4,4,4,4,4,4,4,4,4,4,4,4,4,4
32,445,16,4,4,4,4,4,4,4,4,4,4,4,4,4,4,4,4,4,4,4
32,446,16,4,4,4,4,4,4,4,4,4,4,4,4,4,4,4,4,4,4,4
32,447,16,4,4,4,4,4,4,4,4,4,4,4,4,4,4,4,4,4,4,4
32,448,16,4,4,4,4,4,4,4,4,4,4,4,4,4,4,4,4,4,4,4
32,449,16,4,4,4,4,4,4,4,4,4,4,4,4,4,4,4,4,4,4,4
32,450,16,4,4,4,4,4,4,4,4,4,4,4,4,4,4,4,4,4,4,4
32,451,16,4,4,4,4,4,4,4,4,4,4,4,4,4,4,4,4,4,4,4
32,452,16,4,4,4,4,4,4,4,4,4,4,4,4,4,4,4,4,4,4,4
32,453,16,4,4,4,4,4,4,4,4,4,4,4,4,4,4,4,4,4,4,4
32,454,16,4,4,4,4,4,4,4,4,4,4,4,4,4,4,4,4,4,4,4
32,455,16,4,4,4,4,4,4,4,4,4,4,4,4,4,4,4,4,4,4,4
32,456,16,4,4,4,4,4,4,4,4,4,4,4,4,4,4,4,4,4,4,4
32,457,16,4,4,4,4,4,4,4,4,4,4,4,4,4,4,4,4,4,4,4
32,458,16,4,4,4,4,4,4,4,4,4,4,4,4,4,4,4,4,4,4,4
32,459,16,4,4,4,4,4,4,4,4,4,4,4,4,4,4,4,4,4,4,4
32,460,17,4,4,4,4,4,4,4,4,4,4,4,4,4,4,4,4,4,4,4
32,461,17,4,4,4,4,4,4,4,4,4,4,4,4,4,4,4,4,4,4,4
32,462,17,4,4,4,4,4,4,4,4,4,4,4,4,4,4,4,4,4,4,4
32,463,17,4,4,4,4,4,4,4,4,4,4,4,4,4,4,4,4,4,4,4
32,464,17,4,4,4,4,4,4,4,4,4,4,4,4,4,4,4,4,4,4,4
32,465,17,4,4,4,4,4,4,4,4,4,4,4,4,4,4,4,4,4,4,4
32,466,17,4,4,4,4,4,4,4,4,4,4,4,4,4,4,4,4,4,4,4
32,467,17,4,4,4,4,4,4,4,4,4,4,4,4,4,4,4,4,4,4,4
32,468,17,4,4,4,4,4,4,4,4,4,4,4,4,4,4,4,4,4,4,4
32,469,17,4,4,4,4,4,4,4,4,4,4,4,4,4,4,4,4,4,4,4
32,470,17,4,4,4,4,4,4,4,4,4,4,4,4,4,4,4,4,4,4,4
32,471,17,4,4,4,4,4,4,4,4,4,4,4,4,4,4,4,4,4,4,4
32,472,17,4,4,4,4,4,4,4,4,4,4,4,4,4,4,4,4,4,4,4
32,473,17,4,4,4,4,4,4,4,4,4,4,4,4,4,4,4,4,4,4,4
32,474,17,4,4,4,4,4,4,4,4,4,4,4,4,4,4,4,4,4,4,4
32,475,17,4,4,4,4,4,4,4,4,4,4,4,4,4,4,4,4,4,4,4
32,476,17,4,4,4,4,4,4,4,4,4,4,4,4,4,4,4,4,4,4,4
32,477,17,4,4,4,4,4,4,4,4,4,4,4,4,4,4,4,4,4,4,4
32,478,17,4,4,4,4,4,4,4,4,4,4,4,4,4,4,4,4,4,4,4
32,479,17,4,4,4,4,4,4,4,4,4,4,4,4,4,4,4,4,4,4,4
32,480,17,4,4,4,4,4,4,4,4,4,4,4,4,4,4,4,4,4,4,4
32,481,17,4,4,4,4,4,4,4,4,4,4,4,4,4,4,4,4,4,4,4
32,482,17,4,4,4,4,4,4,4,4,4,4,4,4,4,4,4,4,4,4,4
32,483,17,4,4,4,4,4,4,4,4,4,4,4,4,4,4,4,4,4,4,4
32,484,17,4,4,4,4,4,4,4,4,4,4,4,4,4,4,4,4,4,4,4
32,485,17,4,4,4,4,4,4,4,4,4,4,4,4,4,4,4,4,4,4,4
32,486,17,4,4,4,4,4,4,4,4,4,4,4,4,4,4,4,4,4,4,4
32,487,17,4,4,4,4,4,4,4,4,4,4,4,4,4,4,4,4,4,4,4
32,488,17,4,4,4,4,4,4,4,4,4,4,4,4,4,4,4,4,4,4,4
32,489,17,4,4,4,4,4,4,4,4,4,4,4,4,4,4,4,4,4,4,4
32,490,17,4,4,4,4,4,4,4,4,4,4,4,4,4,4,4,4,4,4,4
32,491,17,4,4,4,4,4,4,4,4,4,4,4,4,4,4,4,4,4,4,4
32,492,17,4,4,4,4,4,4,4,4,4,4,4,4,4,4,4,4,4,4,4
32,493,17,4,4,4,4,4,4,4,4,4,4,4,4,4,4,4,4,4,4,4
32,494,17,4,4,4,4,4,4,4,4,4,4,4,4,4,4,4,4,4,4,4
32,495,17,4,4,4,4,4,4,4,4,4,4,4,4,4,4,4,4,4,4,4
32,496,17,4,4,4,4,4,4,4,4,4,4,4,4,4,4,4,4,4,4,4
32,497,17,4,4,4,4,4,4,4,4,4,4,4,4,4,4,4,4,4,4,4
32,498,17,4,4,4,4,4,4,4,4,4,4,4,4,4,4,4,4,4,4,4
32,499,17,4,4,4,4,4,4,4,4,4,4,4,4,4,4,4,4,4,4,4
32,500,17,4,4,4,4,4,4,4,4,4,4,4,4,4,4,4,4,4,4,4
32,501,17,4,4,4,4,4,4,4,4,4,4,4,4,4,4,4,4,4,4,4
32,502,17,4,4,4,4,4,4,4,4,4,4,4,4,4,4,4,4,4,4,4
32,503,17,4,4,4,4,4,4,4,4,4,4,4,4,4,4,4,4,4,4,4
32,504,17,4,4,4,4,4,4,4,4,4,4,4,4,4,4,4,4,4,4,4
32,505,17,4,4,4,4,4,4,4,4,4,4,4,4,4,4,4,4,4,4,4
32,506,17,4,4,4,4,4,4,4,4,4,4,4,4,4,4,4,4,4,4,4
32,507,17,4,4,4,4,4,4,4,4,4,4,4,4,4,4,4,4,4,4,4
32,508,17,4,4,4,4,4,4,4,4,4,4,4,4,4,4,4,4,4,4,4
32,509,17,4,4,4,4,4,4,4,4,4,4,4,4,4,4,4,4,4,4,4
32,510,17,4,4,4,4,4,4,4,4,4,4,4,4,4,4,4,4,4,4,4
32,511,17,4,4,4,4,4,4,4,4,4,4,4,4,4,4,4,4,4,4,4
32,512,17,4,4,4,4,4,4,4,4,4,4,4,4,4,4,4,4,4,4,4
32,513,17,4,4,4,4,4,4,4,4,4,4,4,4,4,4,4,4,4,4,4
32,514,17,4,4,4,4,4,4,4,4,4,4,4,4,4,4,4,4,4,4,4
32,515,17,4,4,4,4,4,4,4,4,4,4,4,4,4,4,4,4,4,4,4
32,516,57,4,4,4,4,4,4,4,4,4,4,4,4,4,4,4,4,4,4,4
32,517,17,4,4,4,4,4,4,4,4,4,4,4,4,4,4,4,4,4,4,4
32,518,17,4,4,4,4,4,4,4,4,4,4,4,4,4,4,4,4,4,4,4
32,519,17,4,4,4,4,4,4,4,4,4,4,4,4,4,4,4,4,4,4,4
32,520,17,4,4,4,4,4,4,4,4,4,4,4,4,4,4,4,4,4,4,4
32,521,17,4,4,4,4,4,4,4,4,4,4,4,4,4,4,4,4,4,4,4
32,522,17,4,4,4,4,4,4,4,4,4,4,4,4,4,4,4,4,4,4,4
32,523,17,4,4,4,4,4,4,4,4,4,4,4,4,4,4,4,4,4,4,4
32,524,17,4,4,4,4,4,4,4,4,4,4,4,4,4,4,4,4,4,4,4
32,525,57,4,4,4,4,4,4,4,4,4,4,4,4,4,4,4,4,4,4,4
32,526,57,4,4,4,4,4,4,4,4,4,4,4,4,4,4,4,4,4,4,4
32,527,57,4,4,4,4,4,4,4,4,4,4,4,4,4,4,4,4,4,4,4
32,528,57,4,4,4,4,4,4,4,4,4,4,4,4,4,4,4,4,4,4,4
32,529,57,4,4,4,4,4,4,4,4,4,4,4,4,4,4,4,4,4,4,4
32,530,57,4,4,4,4,4,4,4,4,4,4,4,4,4,4,4,4,4,4,4
32,531,57,4,4,4,4,4,4,4,4,4,4,4,4,4,4,4,4,4,4,4
32,532,57,4,4,4,4,4,4,4,4,4,4,4,4,4,4,4,4,4,4,4
32,533,57,4,4,4,4,4,4,4,4,4,4,4,4,4,4,4,4,4,4,4
32,534,17,4,4,4,4,4,4,4,4,4,4,4,4,4,4,4,4,4,4,4
32,535,17,4,4,4,4,4,4,4,4,4,4,4,4,4,4,4,4,4,4,4
32,536,17,4,4,4,4,4,4,4,4,4,4,4,4,4,4,4,4,4,4,4
32,537,17,4,4,4,4,4,4,4,4,4,4,4,4,4,4,4,4,4,4,4
32,538,17,4,4,4,4,4,4,4,4,4,4,4,4,4,4,4,4,4,4,4
32,539,17,4,4,4,4,4,4,4,4,4,4,4,4,4,4,4,4,4,4,4
32,540,17,4,4,4,4,4,4,4,4,4,4,4,4,4,4,4,4,4,4,4
32,541,17,4,4,4,4,4,4,4,4,4,4,4,4,4,4,4,4,4,4,4
32,542,17,4,4,4,4,4,4,4,4,4,4,4,4,4,4,4,4,4,4,4
32,543,17,4,4,4,4,4,4,4,4,4,4,4,4,4,4,4,4,4,4,4
32,544,17,4,4,4,4,4,4,4,4,4,4,4,4,4,4,4,4,4,4,4
32,545,17,4,4,4,4,4,4,4,4,4,4,4,4,4,4,4,4,4,4,4
32,546,17,4,4,4,4,4,4,4,4,4,4,4,4,4,4,4,4,4,4,4
32,547,17,4,4,4,4,4,4,4,4,4,4,4,4,4,4,4,4,4,4,4
32,548,57,4,4,4,4,4,4,4,4,4,4,4,4,4,4,4,4,4,4,4
32,549,17,4,4,4,4,4,4,4,4,4,4,4,4,4,4,4,4,4,4,4
32,551,17,4,4,4,4,4,4,4,4,4,4,4,4,4,4,4,4,4,4,4
32,552,18,1,1,1,1,1,1,1,1,1,1,1,1,1,1,1,1,1,1,1
32,553,18,1,1,1,1,1,1,1,1,1,1,1,1,1,1,1,1,1,1,1
32,554,18,1,1,1,1,1,1,1,1,1,1,1,1,1,1,1,1,1,1,1
32,555,18,1,1,1,1,1,1,1,1,1,1,1,1,1,1,1,1,1,1,1
32,556,18,1,1,1,1,1,1,1,1,1,1,1,1,1,1,1,1,1,1,1
32,557,18,1,1,1,1,1,1,1,1,1,1,1,1,1,1,1,1,1,1,1
32,558,18,1,1,1,1,1,1,1,1,1,1,1,1,1,1,1,1,1,1,1
32,559,18,1,1,1,1,1,1,1,1,1,1,1,1,1,1,1,1,1,1,1
32,560,18,1,1,1,1,1,1,1,1,1,1,1,1,1,1,1,1,1,1,1
32,561,18,1,1,1,1,1,1,1,1,1,1,1,1,1,1,1,1,1,1,1
32,562,18,1,1,1,1,1,1,1,1,1,1,1,1,1,1,1,1,1,1,1
32,563,18,1,1,1,1,1,1,1,1,1,1,1,1,1,1,1,1,1,1,1
32,564,18,1,1,1,1,1,1,1,1,1,1,1,1,1,1,1,1,1,1,1
32,565,18,1,1,1,1,1,1,1,1,1,1,1,1,1,1,1,1,1,1,1
32,566,19,1,1,1,1,1,1,1,1,1,1,1,1,1,1,1,1,1,1,1
32,567,19,1,1,1,1,1,1,1,1,1,1,1,1,1,1,1,1,1,1,1
32,568,19,1,1,1,1,1,1,1,1,1,1,1,1,1,1,1,1,1,1,1
32,569,19,1,1,1,1,1,1,1,1,1,1,1,1,1,1,1,1,1,1,1
32,570,19,1,1,1,1,1,1,1,1,1,1,1,1,1,1,1,1,1,1,1
32,571,19,1,1,1,1,1,1,1,1,1,1,1,1,1,1,1,1,1,1,1
32,572,19,1,1,1,1,1,1,1,1,1,1,1,1,1,1,1,1,1,1,1
32,573,19,1,1,1,1,1,1,1,1,1,1,1,1,1,1,1,1,1,1,1
32,574,19,1,1,1,1,1,1,1,1,1,1,1,1,1,1,1,1,1,1,1
32,575,19,1,1,1,1,1,1,1,1,1,1,1,1,1,1,1,1,1,1,1
32,576,19,1,1,1,1,1,1,1,1,1,1,1,1,1,1,1,1,1,1,1
32,577,19,1,1,1,1,1,1,1,1,1,1,1,1,1,1,1,1,1,1,1
32,578,19,1,1,1,1,1,1,1,1,1,1,1,1,1,1,1,1,1,1,1
32,579,19,1,1,1,1,1,1,1,1,1,1,1,1,1,1,1,1,1,1,1
32,580,19,1,1,1,1,1,1,1,1,1,1,1,1,1,1,1,1,1,1,1
32,581,19,1,1,1,1,1,1,1,1,1,1,1,1,1,1,1,1,1,1,1
32,582,19,1,1,1,1,1,1,1,1,1,1,1,1,1,1,1,1,1,1,1
32,583,19,1,1,1,1,1,1,1,1,1,1,1,1,1,1,1,1,1,1,1
32,584,19,1,1,1,1,1,1,1,1,1,1,1,1,1,1,1,1,1,1,1
32,585,19,1,1,1,1,1,1,1,1,1,1,1,1,1,1,1,1,1,1,1
32,586,19,1,1,1,1,1,1,1,1,1,1,1,1,1,1,1,1,1,1,1
32,587,19,1,1,1,1,1,1,1,1,1,1,1,1,1,1,1,1,1,1,1
32,588,19,1,1,1,1,1,1,1,1,1,1,1,1,1,1,1,1,1,1,1
32,589,19,1,1,1,1,1,1,1,1,1,1,1,1,1,1,1,1,1,1,1
32,590,19,1,1,1,1,1,1,1,1,1,1,1,1,1,1,1,1,1,1,1
32,591,19,1,1,1,1,1,1,1,1,1,1,1,1,1,1,1,1,1,1,1
32,592,19,1,1,1,1,1,1,1,1,1,1,1,1,1,1,1,1,1,1,1
32,593,19,1,1,1,1,1,1,1,1,1,1,1,1,1,1,1,1,1,1,1
32,594,19,1,1,1,1,1,1,1,1,1,1,1,1,1,1,1,1,1,1,1
32,595,19,1,1,1,1,1,1,1,1,1,1,1,1,1,1,1,1,1,1,1
32,596,19,1,1,1,1,1,1,1,1,1,1,1,1,1,1,1,1,1,1,1
32,597,19,1,1,1,1,1,1,1,1,1,1,1,1,1,1,1,1,1,1,1
32,598,19,1,1,1,1,1,1,1,1,1,1,1,1,1,1,1,1,1,1,1
32,599,19,1,1,1,1,1,1,1,1,1,1,1,1,1,1,1,1,1,1,1
32,600,19,1,1,1,1,1,1,1,1,1,1,1,1,1,1,1,1,1,1,1
32,601,19,1,1,1,1,1,1,1,1,1,1,1,1,1,1,1,1,1,1,1
32,602,19,1,1,1,1,1,1,1,1,1,1,1,1,1,1,1,1,1,1,1
32,603,19,1,1,1,1,1,1,1,1,1,1,1,1,1,1,1,1,1,1,1
32,604,19,1,1,1,1,1,1,1,1,1,1,1,1,1,1,1,1,1,1,1
32,605,19,1,1,1,1,1,1,1,1,1,1,1,1,1,1,1,1,1,1,1
32,606,20,1,1,1,1,1,1,1,1,1,1,1,1,1,1,1,1,1,1,1
32,607,20,1,1,1,1,1,1,1,1,1,1,1,1,1,1,1,1,1,1,1
32,608,20,1,1,1,1,1,1,1,1,1,1,1,1,1,1,1,1,1,1,1
32,609,20,1,1,1,1,1,1,1,1,1,1,1,1,1,1,1,1,1,1,1
32,610,20,1,1,1,1,1,1,1,1,1,1,1,1,1,1,1,1,1,1,1
32,611,20,1,1,1,1,1,1,1,1,1,1,1,1,1,1,1,1,1,1,1
32,612,20,1,1,1,1,1,1,1,1,1,1,1,1,1,1,1,1,1,1,1
32,613,20,1,1,1,1,1,1,1,1,1,1,1,1,1,1,1,1,1,1,1
32,614,20,1,1,1,1,1,1,1,1,1,1,1,1,1,1,1,1,1,1,1
32,615,20,1,1,1,1,1,1,1,1,1,1,1,1,1,1,1,1,1,1,1
32,616,20,1,1,1,1,1,1,1,1,1,1,1,1,1,1,1,1,1,1,1
32,617,20,1,1,1,1,1,1,1,1,1,1,1,1,1,1,1,1,1,1,1
32,618,20,1,1,1,1,1,1,1,1,1,1,1,1,1,1,1,1,1,1,1
32,619,20,1,1,1,1,1,1,1,1,1,1,1,1,1,1,1,1,1,1,1
32,620,20,1,1,1,1,1,1,1,1,1,1,1,1,1,1,1,1,1,1,1
32,621,20,1,1,1,1,1,1,1,1,1,1,1,1,1,1,1,1,1,1,1
32,622,20,1,1,1,1,1,1,1,1,1,1,1,1,1,1,1,1,1,1,1
32,623,20,1,1,1,1,1,1,1,1,1,1,1,1,1,1,1,1,1,1,1
32,624,20,1,1,1,1,1,1,1,1,1,1,1,1,1,1,1,1,1,1,1
32,625,20,1,1,1,1,1,1,1,1,1,1,1,1,1,1,1,1,1,1,1
32,626,20,1,1,1,1,1,1,1,1,1,1,1,1,1,1,1,1,1,1,1
32,627,20,1,1,1,1,1,1,1,1,1,1,1,1,1,1,1,1,1,1,1
32,628,20,1,1,1,1,1,1,1,1,1,1,1,1,1,1,1,1,1,1,1
32,629,20,1,1,1,1,1,1,1,1,1,1,1,1,1,1,1,1,1,1,1
32,630,20,1,1,1,1,1,1,1,1,1,1,1,1,1,1,1,1,1,1,1
32,631,20,1,1,1,1,1,1,1,1,1,1,1,1,1,1,1,1,1,1,1
32,632,20,1,1,1,1,1,1,1,1,1,1,1,1,1,1,1,1,1,1,1
32,633,20,1,1,1,1,1,1,1,1,1,1,1,1,1,1,1,1,1,1,1
32,634,20,1,1,1,1,1,1,1,1,1,1,1,1,1,1,1,1,1,1,1
32,635,20,1,1,1,1,1,1,1,1,1,1,1,1,1,1,1,1,1,1,1
32,636,20,1,1,1,1,1,1,1,1,1,1,1,1,1,1,1,1,1,1,1
32,637,20,1,1,1,1,1,1,1,1,1,1,1,1,1,1,1,1,1,1,1
32,638,20,1,1,1,1,1,1,1,1,1,1,1,1,1,1,1,1,1,1,1
32,639,20,1,1,1,1,1,1,1,1,1,1,1,1,1,1,1,1,1,1,1
32,640,20,1,1,1,1,1,1,1,1,1,1,1,1,1,1,1,1,1,1,1
32,641,20,1,1,1,1,1,1,1,1,1,1,1,1,1,1,1,1,1,1,1
32,642,20,1,1,1,1,1,1,1,1,1,1,1,1,1,1,1,1,1,1,1
32,643,20,1,1,1,1,1,1,1,1,1,1,1,1,1,1,1,1,1,1,1
32,644,20,1,1,1,1,1,1,1,1,1,1,1,1,1,1,1,1,1,1,1
32,645,20,1,1,1,1,1,1,1,1,1,1,1,1,1,1,1,1,1,1,1
32,646,20,1,1,1,1,1,1,1,1,1,1,1,1,1,1,1,1,1,1,1
32,647,20,1,1,1,1,1,1,1,1,1,1,1,1,1,1,1,1,1,1,1
32,648,20,1,1,1,1,1,1,1,1,1,1,1,1,1,1,1,1,1,1,1
32,649,20,1,1,1,1,1,1,1,1,1,1,1,1,1,1,1,1,1,1,1
32,650,20,1,1,1,1,1,1,1,1,1,1,1,1,1,1,1,1,1,1,1
32,651,20,1,1,1,1,1,1,1,1,1,1,1,1,1,1,1,1,1,1,1
32,652,20,1,1,1,1,1,1,1,1,1,1,1,1,1,1,1,1,1,1,1
32,653,20,1,1,1,1,1,1,1,1,1,1,1,1,1,1,1,1,1,1,1
32,654,20,1,1,1,1,1,1,1,1,1,1,1,1,1,1,1,1,1,1,1
32,655,20,1,1,1,1,1,1,1,1,1,1,1,1,1,1,1,1,1,1,1
32,656,20,1,1,1,1,1,1,1,1,1,1,1,1,1,1,1,1,1,1,1
32,657,20,1,1,1,1,1,1,1,1,1,1,1,1,1,1,1,1,1,1,1
32,658,20,1,1,1,1,1,1,1,1,1,1,1,1,1,1,1,1,1,1,1
32,659,20,1,1,1,1,1,1,1,1,1,1,1,1,1,1,1,1,1,1,1
32,660,20,1,1,1,1,1,1,1,1,1,1,1,1,1,1,1,1,1,1,1
32,661,20,1,1,1,1,1,1,1,1,1,1,1,1,1,1,1,1,1,1,1
32,662,20,1,1,1,1,1,1,1,1,1,1,1,1,1,1,1,1,1,1,1
32,663,20,1,1,1,1,1,1,1,1,1,1,1,1,1,1,1,1,1,1,1
32,664,20,1,1,1,1,1,1,1,1,1,1,1,1,1,1,1,1,1,1,1
32,665,20,1,1,1,1,1,1,1,1,1,1,1,1,1,1,1,1,1,1,1
32,666,20,1,1,1,1,1,1,1,1,1,1,1,1,1,1,1,1,1,1,1
32,667,20,1,1,1,1,1,1,1,1,1,1,1,1,1,1,1,1,1,1,1
32,668,20,1,1,1,1,1,1,1,1,1,1,1,1,1,1,1,1,1,1,1
32,669,20,1,1,1,1,1,1,1,1,1,1,1,1,1,1,1,1,1,1,1
32,670,20,1,1,1,1,1,1,1,1,1,1,1,1,1,1,1,1,1,1,1
32,671,20,1,1,1,1,1,1,1,1,1,1,1,1,1,1,1,1,1,1,1
32,672,20,1,1,1,1,1,1,1,1,1,1,1,1,1,1,1,1,1,1,1
32,673,20,1,1,1,1,1,1,1,1,1,1,1,1,1,1,1,1,1,1,1
32,674,20,1,1,1,1,1,1,1,1,1,1,1,1,1,1,1,1,1,1,1
32,675,20,1,1,1,1,1,1,1,1,1,1,1,1,1,1,1,1,1,1,1
32,676,20,1,1,1,1,1,1,1,1,1,1,1,1,1,1,1,1,1,1,1
32,677,20,1,1,1,1,1,1,1,1,1,1,1,1,1,1,1,1,1,1,1
32,678,20,1,1,1,1,1,1,1,1,1,1,1,1,1,1,1,1,1,1,1
32,679,20,1,1,1,1,1,1,1,1,1,1,1,1,1,1,1,1,1,1,1
32,680,20,1,1,1,1,1,1,1,1,1,1,1,1,1,1,1,1,1,1,1
32,681,20,1,1,1,1,1,1,1,1,1,1,1,1,1,1,1,1,1,1,1
32,682,20,1,1,1,1,1,1,1,1,1,1,1,1,1,1,1,1,1,1,1
32,683,20,1,1,1,1,1,1,1,1,1,1,1,1,1,1,1,1,1,1,1
32,684,20,1,1,1,1,1,1,1,1,1,1,1,1,1,1,1,1,1,1,1
32,685,20,1,1,1,1,1,1,1,1,1,1,1,1,1,1,1,1,1,1,1
32,686,20,1,1,1,1,1,1,1,1,1,1,1,1,1,1,1,1,1,1,1
32,687,20,1,1,1,1,1,1,1,1,1,1,1,1,1,1,1,1,1,1,1
32,688,20,1,1,1,1,1,1,1,1,1,1,1,1,1,1,1,1,1,1,1
32,689,20,1,1,1,1,1,1,1,1,1,1,1,1,1,1,1,1,1,1,1
32,690,20,1,1,1,1,1,1,1,1,1,1,1,1,1,1,1,1,1,1,1
32,691,20,1,1,1,1,1,1,1,1,1,1,1,1,1,1,1,1,1,1,1
32,692,20,1,1,1,1,1,1,1,1,1,1,1,1,1,1,1,1,1,1,1
32,693,20,1,1,1,1,1,1,1,1,1,1,1,1,1,1,1,1,1,1,1
32,694,20,1,1,1,1,1,1,1,1,1,1,1,1,1,1,1,1,1,1,1
32,695,20,1,1,1,1,1,1,1,1,1,1,1,1,1,1,1,1,1,1,1
32,696,20,1,1,1,1,1,1,1,1,1,1,1,1,1,1,1,1,1,1,1
32,697,20,1,1,1,1,1,1,1,1,1,1,1,1,1,1,1,1,1,1,1
32,698,20,1,1,1,1,1,1,1,1,1,1,1,1,1,1,1,1,1,1,1
32,699,20,1,1,1,1,1,1,1,1,1,1,1,1,1,1,1,1,1,1,1
32,701,20,1,1,1,1,1,1,1,1,1,1,1,1,1,1,1,1,1,1,1
32,703,20,1,1,1,1,1,1,1,1,1,1,1,1,1,1,1,1,1,1,1
32,704,20,1,1,1,1,1,1,1,1,1,1,1,1,1,1,1,1,1,1,1
32,705,20,1,1,1,1,1,1,1,1,1,1,1,1,1,1,1,1,1,1,1
32,706,20,1,1,1,1,1,1,1,1,1,1,1,1,1,1,1,1,1,1,1
32,707,20,1,1,1,1,1,1,1,1,1,1,1,1,1,1,1,1,1,1,1
32,708,21,2,2,2,3,2,2,3,2,3,2,2,2,2,2,2,2,2,2,2
32,709,21,2,2,2,3,2,2,3,2,3,2,2,2,2,2,2,2,2,2,2
32,710,21,2,2,2,3,2,2,3,2,3,2,2,2,2,2,2,2,2,2,2
32,711,21,2,2,2,3,2,2,3,2,3,2,2,2,2,2,2,2,2,2,2
32,712,21,2,2,2,3,2,2,3,2,3,2,2,2,2,2,2,2,2,2,2
32,713,21,2,2,2,3,2,2,3,2,3,2,2,2,2,2,2,2,2,2,2
32,714,21,2,2,2,3,2,2,3,2,3,2,2,2,2,2,2,2,2,2,2
32,715,21,2,2,2,3,2,2,3,2,3,2,2,2,2,2,2,2,2,2,2
32,716,21,2,2,2,3,2,2,3,2,3,2,2,2,2,2,2,2,2,2,2
32,717,21,2,2,2,3,2,2,3,2,3,2,2,2,2,2,2,2,2,2,2
32,718,22,3,3,3,2,3,3,2,3,2,3,3,3,3,3,3,3,3,3,3
32,719,22,3,3,3,2,3,3,2,3,2,3,3,3,3,3,3,3,3,3,3
32,720,22,3,3,3,2,3,3,2,3,2,3,3,3,3,3,3,3,3,3,3
32,721,22,3,3,3,2,3,3,2,3,2,3,3,3,3,3,3,3,3,3,3
32,722,22,3,3,3,2,3,3,2,3,2,3,3,3,3,3,3,3,3,3,3
32,723,22,3,3,3,2,3,3,2,3,2,3,3,3,3,3,3,3,3,3,3
32,724,22,3,3,3,2,3,3,2,3,2,3,3,3,3,3,3,3,3,3,3
32,725,22,3,3,3,2,3,3,2,3,2,3,3,3,3,3,3,3,3,3,3
32,726,22,3,3,3,2,3,3,2,3,2,3,3,3,3,3,3,3,3,3,3
32,727,22,3,3,3,2,3,3,2,3,2,3,3,3,3,3,3,3,3,3,3
32,728,22,3,3,3,2,3,3,2,3,2,3,3,3,3,3,3,3,3,3,3
32,729,22,3,3,3,2,3,3,2,3,2,3,3,3,3,3,3,3,3,3,3
32,730,22,3,3,3,2,3,3,2,3,2,3,3,3,3,3,3,3,3,3,3
32,731,22,3,3,3,2,3,3,2,3,2,3,3,3,3,3,3,3,3,3,3
32,732,22,3,3,3,2,3,3,2,3,2,3,3,3,3,3,3,3,3,3,3
32,733,22,3,3,3,2,3,3,2,3,2,3,3,3,3,3,3,3,3,3,3
32,734,22,3,3,3,2,3,3,2,3,2,3,3,3,3,3,3,3,3,3,3
32,735,22,3,3,3,2,3,3,2,3,2,3,3,3,3,3,3,3,3,3,3
32,736,22,3,3,3,2,3,3,2,3,2,3,3,3,3,3,3,3,3,3,3
32,737,22,3,3,3,2,3,3,2,3,2,3,3,3,3,3,3,3,3,3,3
32,738,22,3,3,3,2,3,3,2,3,2,3,3,3,3,3,3,3,3,3,3
32,739,22,3,3,3,2,3,3,2,3,2,3,3,3,3,3,3,3,3,3,3
32,740,22,3,3,3,2,3,3,2,3,2,3,3,3,3,3,3,3,3,3,3
32,742,23,1,1,1,1,1,1,1,1,1,1,1,1,1,1,1,1,1,1,1
32,743,23,1,1,1,1,1,1,1,1,1,1,1,1,1,1,1,1,1,1,1
32,744,23,1,1,1,1,1,1,1,1,1,1,1,1,1,1,1,1,1,1,1
32,745,23,1,1,1,1,1,1,1,1,1,1,1,1,1,1,1,1,1,1,1
32,746,23,1,1,1,1,1,1,1,1,1,1,1,1,1,1,1,1,1,1,1
32,747,23,1,1,1,1,1,1,1,1,1,1,1,1,1,1,1,1,1,1,1
32,748,23,1,1,1,1,1,1,1,1,1,1,1,1,1,1,1,1,1,1,1
32,749,23,1,1,1,1,1,1,1,1,1,1,1,1,1,1,1,1,1,1,1
32,750,23,1,1,1,1,1,1,1,1,1,1,1,1,1,1,1,1,1,1,1
32,751,23,1,1,1,1,1,1,1,1,1,1,1,1,1,1,1,1,1,1,1
32,752,23,1,1,1,1,1,1,1,1,1,1,1,1,1,1,1,1,1,1,1
32,753,23,1,1,1,1,1,1,1,1,1,1,1,1,1,1,1,1,1,1,1
32,754,23,1,1,1,1,1,1,1,1,1,1,1,1,1,1,1,1,1,1,1
32,755,23,1,1,1,1,1,1,1,1,1,1,1,1,1,1,1,1,1,1,1
32,756,23,1,1,1,1,1,1,1,1,1,1,1,1,1,1,1,1,1,1,1
32,757,23,1,1,1,1,1,1,1,1,1,1,1,1,1,1,1,1,1,1,1
32,758,23,1,1,1,1,1,1,1,1,1,1,1,1,1,1,1,1,1,1,1
32,760,23,1,1,1,1,1,1,1,1,1,1,1,1,1,1,1,1,1,1,1
32,761,23,1,1,1,1,1,1,1,1,1,1,1,1,1,1,1,1,1,1,1
32,762,23,1,1,1,1,1,1,1,1,1,1,1,1,1,1,1,1,1,1,1
32,763,24,4,4,4,1,4,4,1,4,1,4,4,4,4,4,4,4,4,4,4
32,764,24,4,4,4,1,4,4,1,4,1,4,4,4,4,4,4,4,4,4,4
32,765,24,4,4,4,1,4,4,1,4,1,4,4,4,4,4,4,4,4,4,4
32,766,24,4,4,4,1,4,4,1,4,1,4,4,4,4,4,4,4,4,4,4
32,767,24,4,4,4,1,4,4,1,4,1,4,4,4,4,4,4,4,4,4,4
32,768,24,4,4,4,1,4,4,1,4,1,4,4,4,4,4,4,4,4,4,4
32,769,24,4,4,4,1,4,4,1,4,1,4,4,4,4,4,4,4,4,4,4
32,770,24,4,4,4,1,4,4,1,4,1,4,4,4,4,4,4,4,4,4,4
32,771,24,4,4,4,1,4,4,1,4,1,4,4,4,4,4,4,4,4,4,4
32,772,24,4,4,4,1,4,4,1,4,1,4,4,4,4,4,4,4,4,4,4
32,773,24,4,4,4,1,4,4,1,4,1,4,4,4,4,4,4,4,4,4,4
32,774,24,4,4,4,1,4,4,1,4,1,4,4,4,4,4,4,4,4,4,4
32,775,24,4,4,4,1,4,4,1,4,1,4,4,4,4,4,4,4,4,4,4
32,776,24,4,4,4,1,4,4,1,4,1,4,4,4,4,4,4,4,4,4,4
32,777,24,4,4,4,1,4,4,1,4,1,4,4,4,4,4,4,4,4,4,4
32,778,24,4,4,4,1,4,4,1,4,1,4,4,4,4,4,4,4,4,4,4
32,779,24,4,4,4,1,4,4,1,4,1,4,4,4,4,4,4,4,4,4,4
32,780,24,4,4,4,1,4,4,1,4,1,4,4,4,4,4,4,4,4,4,4
32,781,24,4,4,4,1,4,4,1,4,1,4,4,4,4,4,4,4,4,4,4
32,782,24,4,4,4,1,4,4,1,4,1,4,4,4,4,4,4,4,4,4,4
32,783,24,4,4,4,1,4,4,1,4,1,4,4,4,4,4,4,4,4,4,4
32,784,24,4,4,4,1,4,4,1,4,1,4,4,4,4,4,4,4,4,4,4
32,785,24,4,4,4,1,4,4,1,4,1,4,4,4,4,4,4,4,4,4,4
32,786,24,4,4,4,1,4,4,1,4,1,4,4,4,4,4,4,4,4,4,4
32,787,24,4,4,4,1,4,4,1,4,1,4,4,4,4,4,4,4,4,4,4
32,788,24,4,4,4,1,4,4,1,4,1,4,4,4,4,4,4,4,4,4,4
32,789,24,4,4,4,1,4,4,1,4,1,4,4,4,4,4,4,4,4,4,4
32,790,24,4,4,4,1,4,4,1,4,1,4,4,4,4,4,4,4,4,4,4
32,791,24,4,4,4,1,4,4,1,4,1,4,4,4,4,4,4,4,4,4,4
32,792,24,4,4,4,1,4,4,1,4,1,4,4,4,4,4,4,4,4,4,4
32,793,24,4,4,4,1,4,4,1,4,1,4,4,4,4,4,4,4,4,4,4
32,794,25,1,1,1,1,1,1,1,1,1,1,1,1,1,1,1,1,1,1,1
32,795,25,1,1,1,1,1,1,1,1,1,1,1,1,1,1,1,1,1,1,1
32,796,25,1,1,1,1,1,1,1,1,1,1,1,1,1,1,1,1,1,1,1
32,797,25,1,1,1,1,1,1,1,1,1,1,1,1,1,1,1,1,1,1,1
32,798,25,1,1,1,1,1,1,1,1,1,1,1,1,1,1,1,1,1,1,1
32,799,25,1,1,1,1,1,1,1,1,1,1,1,1,1,1,1,1,1,1,1
32,800,25,1,1,1,1,1,1,1,1,1,1,1,1,1,1,1,1,1,1,1
32,801,25,1,1,1,1,1,1,1,1,1,1,1,1,1,1,1,1,1,1,1
32,802,25,1,1,1,1,1,1,1,1,1,1,1,1,1,1,1,1,1,1,1
32,803,25,1,1,1,1,1,1,1,1,1,1,1,1,1,1,1,1,1,1,1
32,804,25,1,1,1,1,1,1,1,1,1,1,1,1,1,1,1,1,1,1,1
32,805,25,1,1,1,1,1,1,1,1,1,1,1,1,1,1,1,1,1,1,1
32,806,25,1,1,1,1,1,1,1,1,1,1,1,1,1,1,1,1,1,1,1
32,807,25,1,1,1,1,1,1,1,1,1,1,1,1,1,1,1,1,1,1,1
32,808,26,3,3,3,2,3,3,2,3,2,3,3,3,3,3,3,3,3,3,3
32,809,26,3,3,3,2,3,3,2,3,2,3,3,3,3,3,3,3,3,3,3
32,810,26,3,3,3,2,3,3,2,3,2,3,3,3,3,3,3,3,3,3,3
32,811,26,3,3,3,2,3,3,2,3,2,3,3,3,3,3,3,3,3,3,3
32,812,26,3,3,3,2,3,3,2,3,2,3,3,3,3,3,3,3,3,3,3
32,813,26,3,3,3,2,3,3,2,3,2,3,3,3,3,3,3,3,3,3,3
32,814,26,3,3,3,2,3,3,2,3,2,3,3,3,3,3,3,3,3,3,3
32,815,26,3,3,3,2,3,3,2,3,2,3,3,3,3,3,3,3,3,3,3
32,816,26,3,3,3,2,3,3,2,3,2,3,3,3,3,3,3,3,3,3,3
32,817,26,3,3,3,2,3,3,2,3,2,3,3,3,3,3,3,3,3,3,3
32,818,26,3,3,3,2,3,3,2,3,2,3,3,3,3,3,3,3,3,3,3
32,819,26,3,3,3,2,3,3,2,3,2,3,3,3,3,3,3,3,3,3,3
32,820,26,3,3,3,2,3,3,2,3,2,3,3,3,3,3,3,3,3,3,3
32,821,26,3,3,3,2,3,3,2,3,2,3,3,3,3,3,3,3,3,3,3
32,822,26,3,3,3,2,3,3,2,3,2,3,3,3,3,3,3,3,3,3,3
32,823,26,3,3,3,2,3,3,2,3,2,3,3,3,3,3,3,3,3,3,3
32,824,26,3,3,3,2,3,3,2,3,2,3,3,3,3,3,3,3,3,3,3
32,826,26,3,3,3,2,3,3,2,3,2,3,3,3,3,3,3,3,3,3,3
32,827,26,3,3,3,2,3,3,2,3,2,3,3,3,3,3,3,3,3,3,3
32,828,26,3,3,3,2,3,3,2,3,2,3,3,3,3,3,3,3,3,3,3
32,829,26,3,3,3,2,3,3,2,3,2,3,3,3,3,3,3,3,3,3,3
32,830,26,3,3,3,2,3,3,2,3,2,3,3,3,3,3,3,3,3,3,3
32,831,26,3,3,3,2,3,3,2,3,2,3,3,3,3,3,3,3,3,3,3
32,832,26,3,3,3,2,3,3,2,3,2,3,3,3,3,3,3,3,3,3,3
32,833,26,3,3,3,2,3,3,2,3,2,3,3,3,3,3,3,3,3,3,3
32,834,26,3,3,3,2,3,3,2,3,2,3,3,3,3,3,3,3,3,3,3
32,835,26,3,3,3,2,3,3,2,3,2,3,3,3,3,3,3,3,3,3,3
32,836,26,3,3,3,2,3,3,2,3,2,3,3,3,3,3,3,3,3,3,3
32,837,26,3,3,3,2,3,3,2,3,2,3,3,3,3,3,3,3,3,3,3
32,838,26,3,3,3,2,3,3,2,3,2,3,3,3,3,3,3,3,3,3,3
32,839,26,3,3,3,2,3,3,2,3,2,3,3,3,3,3,3,3,3,3,3
32,841,26,3,3,3,2,3,3,2,3,2,3,3,3,3,3,3,3,3,3,3
32,842,26,3,3,3,2,3,3,2,3,2,3,3,3,3,3,3,3,3,3,3
32,843,26,3,3,3,2,3,3,2,3,2,3,3,3,3,3,3,3,3,3,3
32,844,26,3,3,3,2,3,3,2,3,2,3,3,3,3,3,3,3,3,3,3
32,845,26,3,3,3,2,3,3,2,3,2,3,3,3,3,3,3,3,3,3,3
32,846,26,3,3,3,2,3,3,2,3,2,3,3,3,3,3,3,3,3,3,3
32,847,26,3,3,3,2,3,3,2,3,2,3,3,3,3,3,3,3,3,3,3
32,849,26,3,3,3,2,3,3,2,3,2,3,3,3,3,3,3,3,3,3,3
32,850,26,3,3,3,2,3,3,2,3,2,3,3,3,3,3,3,3,3,3,3
32,851,26,3,3,3,2,3,3,2,3,2,3,3,3,3,3,3,3,3,3,3
32,853,26,3,3,3,2,3,3,2,3,2,3,3,3,3,3,3,3,3,3,3
32,854,26,3,3,3,2,3,3,2,3,2,3,3,3,3,3,3,3,3,3,3
32,855,26,3,3,3,2,3,3,2,3,2,3,3,3,3,3,3,3,3,3,3
32,856,26,3,3,3,2,3,3,2,3,2,3,3,3,3,3,3,3,3,3,3
32,858,26,3,3,3,2,3,3,2,3,2,3,3,3,3,3,3,3,3,3,3
32,859,26,3,3,3,2,3,3,2,3,2,3,3,3,3,3,3,3,3,3,3
32,860,26,3,3,3,2,3,3,2,3,2,3,3,3,3,3,3,3,3,3,3
32,861,26,3,3,3,2,3,3,2,3,2,3,3,3,3,3,3,3,3,3,3
32,862,26,3,3,3,2,3,3,2,3,2,3,3,3,3,3,3,3,3,3,3
32,863,26,3,3,3,2,3,3,2,3,2,3,3,3,3,3,3,3,3,3,3
32,864,26,3,3,3,2,3,3,2,3,2,3,3,3,3,3,3,3,3,3,3
32,865,26,3,3,3,2,3,3,2,3,2,3,3,3,3,3,3,3,3,3,3
32,866,26,3,3,3,2,3,3,2,3,2,3,3,3,3,3,3,3,3,3,3
32,867,26,3,3,3,2,3,3,2,3,2,3,3,3,3,3,3,3,3,3,3
32,868,27,3,3,3,2,3,3,2,3,2,3,3,3,3,3,3,3,3,3,3
32,869,27,3,3,3,2,3,3,2,3,2,3,3,3,3,3,3,3,3,3,3
32,870,27,3,3,3,2,3,3,2,3,2,3,3,3,3,3,3,3,3,3,3
32,871,27,3,3,3,2,3,3,2,3,2,3,3,3,3,3,3,3,3,3,3
32,873,27,3,3,3,2,3,3,2,3,2,3,3,3,3,3,3,3,3,3,3
32,874,27,3,3,3,2,3,3,2,3,2,3,3,3,3,3,3,3,3,3,3
32,875,27,3,3,3,2,3,3,2,3,2,3,3,3,3,3,3,3,3,3,3
32,876,28,1,1,1,1,1,1,1,1,1,1,1,1,1,1,1,1,1,1,1
32,877,28,1,1,1,1,1,1,1,1,1,1,1,1,1,1,1,1,1,1,1
32,878,28,1,1,1,1,1,1,1,1,1,1,1,1,1,1,1,1,1,1,1
32,879,28,1,1,1,1,1,1,1,1,1,1,1,1,1,1,1,1,1,1,1
32,880,28,1,1,1,1,1,1,1,1,1,1,1,1,1,1,1,1,1,1,1
32,881,28,1,1,1,1,1,1,1,1,1,1,1,1,1,1,1,1,1,1,1
32,883,28,1,1,1,1,1,1,1,1,1,1,1,1,1,1,1,1,1,1,1
32,884,29,3,3,3,3,3,3,3,3,3,3,3,3,3,3,3,3,3,3,3
32,885,29,3,3,3,3,3,3,3,3,3,3,3,3,3,3,3,3,3,3,3
32,886,29,3,3,3,3,3,3,3,3,3,3,3,3,3,3,3,3,3,3,3
32,887,29,3,3,3,3,3,3,3,3,3,3,3,3,3,3,3,3,3,3,3
32,888,29,3,3,3,3,3,3,3,3,3,3,3,3,3,3,3,3,3,3,3
32,889,29,3,3,3,3,3,3,3,3,3,3,3,3,3,3,3,3,3,3,3
32,890,29,3,3,3,3,3,3,3,3,3,3,3,3,3,3,3,3,3,3,3
32,891,29,3,3,3,3,3,3,3,3,3,3,3,3,3,3,3,3,3,3,3
32,892,29,3,3,3,3,3,3,3,3,3,3,3,3,3,3,3,3,3,3,3
32,893,29,3,3,3,3,3,3,3,3,3,3,3,3,3,3,3,3,3,3,3
32,894,29,3,3,3,3,3,3,3,3,3,3,3,3,3,3,3,3,3,3,3
32,895,29,3,3,3,3,3,3,3,3,3,3,3,3,3,3,3,3,3,3,3
32,896,29,3,3,3,3,3,3,3,3,3,3,3,3,3,3,3,3,3,3,3
32,897,29,3,3,3,3,3,3,3,3,3,3,3,3,3,3,3,3,3,3,3
32,898,29,3,3,3,3,3,3,3,3,3,3,3,3,3,3,3,3,3,3,3
32,899,29,3,3,3,3,3,3,3,3,3,3,3,3,3,3,3,3,3,3,3
32,900,29,3,3,3,3,3,3,3,3,3,3,3,3,3,3,3,3,3,3,3
32,901,29,3,3,3,3,3,3,3,3,3,3,3,3,3,3,3,3,3,3,3
32,902,29,3,3,3,3,3,3,3,3,3,3,3,3,3,3,3,3,3,3,3
32,903,29,3,3,3,3,3,3,3,3,3,3,3,3,3,3,3,3,3,3,3
32,904,29,3,3,3,3,3,3,3,3,3,3,3,3,3,3,3,3,3,3,3
32,906,30,1,1,1,1,1,1,1,1,1,1,1,1,1,1,1,1,1,1,1
32,907,30,1,1,1,1,1,1,1,1,1,1,1,1,1,1,1,1,1,1,1
32,908,30,1,1,1,1,1,1,1,1,1,1,1,1,1,1,1,1,1,1,1
32,909,30,1,1,1,1,1,1,1,1,1,1,1,1,1,1,1,1,1,1,1
32,910,30,1,1,1,1,1,1,1,1,1,1,1,1,1,1,1,1,1,1,1
32,911,30,1,1,1,1,1,1,1,1,1,1,1,1,1,1,1,1,1,1,1
32,912,30,1,1,1,1,1,1,1,1,1,1,1,1,1,1,1,1,1,1,1
32,913,30,1,1,1,1,1,1,1,1,1,1,1,1,1,1,1,1,1,1,1
32,914,31,1,1,1,1,1,1,1,1,1,1,1,1,1,1,1,1,1,1,1
32,915,31,1,1,1,1,1,1,1,1,1,1,1,1,1,1,1,1,1,1,1
32,916,31,1,1,1,1,1,1,1,1,1,1,1,1,1,1,1,1,1,1,1
32,917,31,1,1,1,1,1,1,1,1,1,1,1,1,1,1,1,1,1,1,1
32,918,31,1,1,1,1,1,1,1,1,1,1,1,1,1,1,1,1,1,1,1
32,919,31,1,1,1,1,1,1,1,1,1,1,1,1,1,1,1,1,1,1,1
32,921,31,1,1,1,1,1,1,1,1,1,1,1,1,1,1,1,1,1,1,1
32,922,31,1,1,1,1,1,1,1,1,1,1,1,1,1,1,1,1,1,1,1
32,923,31,1,1,1,1,1,1,1,1,1,1,1,1,1,1,1,1,1,1,1
32,924,31,1,1,1,1,1,1,1,1,1,1,1,1,1,1,1,1,1,1,1
32,925,31,1,1,1,1,1,1,1,1,1,1,1,1,1,1,1,1,1,1,1
32,926,31,1,1,1,1,1,1,1,1,1,1,1,1,1,1,1,1,1,1,1
32,927,31,1,1,1,1,1,1,1,1,1,1,1,1,1,1,1,1,1,1,1
32,928,31,1,1,1,1,1,1,1,1,1,1,1,1,1,1,1,1,1,1,1
32,929,31,1,1,1,1,1,1,1,1,1,1,1,1,1,1,1,1,1,1,1
32,931,31,1,1,1,1,1,1,1,1,1,1,1,1,1,1,1,1,1,1,1
32,932,31,1,1,1,1,1,1,1,1,1,1,1,1,1,1,1,1,1,1,1
32,933,31,1,1,1,1,1,1,1,1,1,1,1,1,1,1,1,1,1,1,1
32,934,31,1,1,1,1,1,1,1,1,1,1,1,1,1,1,1,1,1,1,1
32,935,31,1,1,1,1,1,1,1,1,1,1,1,1,1,1,1,1,1,1,1
32,936,31,1,1,1,1,1,1,1,1,1,1,1,1,1,1,1,1,1,1,1
32,938,31,1,1,1,1,1,1,1,1,1,1,1,1,1,1,1,1,1,1,1
32,940,31,1,1,1,1,1,1,1,1,1,1,1,1,1,1,1,1,1,1,1
32,941,31,1,1,1,1,1,1,1,1,1,1,1,1,1,1,1,1,1,1,1
32,943,31,1,1,1,1,1,1,1,1,1,1,1,1,1,1,1,1,1,1,1
32,945,32,3,3,3,2,3,3,2,3,2,3,3,3,3,3,3,3,3,3,3
32,946,32,3,3,3,2,3,3,2,3,2,3,3,3,3,3,3,3,3,3,3
32,947,32,3,3,3,2,3,3,2,3,2,3,3,3,3,3,3,3,3,3,3
32,948,32,3,3,3,2,3,3,2,3,2,3,3,3,3,3,3,3,3,3,3
32,949,32,3,3,3,2,3,3,2,3,2,3,3,3,3,3,3,3,3,3,3
32,950,32,3,3,3,2,3,3,2,3,2,3,3,3,3,3,3,3,3,3,3
32,951,32,3,3,3,2,3,3,2,3,2,3,3,3,3,3,3,3,3,3,3
32,952,32,3,3,3,2,3,3,2,3,2,3,3,3,3,3,3,3,3,3,3
32,953,32,3,3,3,2,3,3,2,3,2,3,3,3,3,3,3,3,3,3,3
32,954,33,1,1,1,1,1,1,1,1,1,1,1,1,1,1,1,1,1,1,1
32,955,33,1,1,1,1,1,1,1,1,1,1,1,1,1,1,1,1,1,1,1
32,956,33,1,1,1,1,1,1,1,1,1,1,1,1,1,1,1,1,1,1,1
32,957,33,1,1,1,1,1,1,1,1,1,1,1,1,1,1,1,1,1,1,1
32,958,33,1,1,1,1,1,1,1,1,1,1,1,1,1,1,1,1,1,1,1
32,959,33,1,1,1,1,1,1,1,1,1,1,1,1,1,1,1,1,1,1,1
32,960,33,1,1,1,1,1,1,1,1,1,1,1,1,1,1,1,1,1,1,1
32,961,33,1,1,1,1,1,1,1,1,1,1,1,1,1,1,1,1,1,1,1
32,962,33,1,1,1,1,1,1,1,1,1,1,1,1,1,1,1,1,1,1,1
32,963,33,1,1,1,1,1,1,1,1,1,1,1,1,1,1,1,1,1,1,1
32,964,33,1,1,1,1,1,1,1,1,1,1,1,1,1,1,1,1,1,1,1
32,965,34,1,1,1,1,1,1,1,1,1,1,1,1,1,1,1,1,1,1,1
32,966,34,1,1,1,1,1,1,1,1,1,1,1,1,1,1,1,1,1,1,1
32,967,34,1,1,1,1,1,1,1,1,1,1,1,1,1,1,1,1,1,1,1
32,968,34,1,1,1,1,1,1,1,1,1,1,1,1,1,1,1,1,1,1,1
32,969,34,1,1,1,1,1,1,1,1,1,1,1,1,1,1,1,1,1,1,1
32,970,34,1,1,1,1,1,1,1,1,1,1,1,1,1,1,1,1,1,1,1
32,971,34,1,1,1,1,1,1,1,1,1,1,1,1,1,1,1,1,1,1,1
32,972,34,1,1,1,1,1,1,1,1,1,1,1,1,1,1,1,1,1,1,1
32,973,34,1,1,1,1,1,1,1,1,1,1,1,1,1,1,1,1,1,1,1
32,974,34,1,1,1,1,1,1,1,1,1,1,1,1,1,1,1,1,1,1,1
32,975,34,1,1,1,1,1,1,1,1,1,1,1,1,1,1,1,1,1,1,1
32,976,34,1,1,1,1,1,1,1,1,1,1,1,1,1,1,1,1,1,1,1
32,977,34,1,1,1,1,1,1,1,1,1,1,1,1,1,1,1,1,1,1,1
32,978,34,1,1,1,1,1,1,1,1,1,1,1,1,1,1,1,1,1,1,1
32,979,34,1,1,1,1,1,1,1,1,1,1,1,1,1,1,1,1,1,1,1
32,980,34,1,1,1,1,1,1,1,1,1,1,1,1,1,1,1,1,1,1,1
32,981,34,1,1,1,1,1,1,1,1,1,1,1,1,1,1,1,1,1,1,1
32,982,34,1,1,1,1,1,1,1,1,1,1,1,1,1,1,1,1,1,1,1
32,983,34,1,1,1,1,1,1,1,1,1,1,1,1,1,1,1,1,1,1,1
32,984,34,1,1,1,1,1,1,1,1,1,1,1,1,1,1,1,1,1,1,1
32,986,34,1,1,1,1,1,1,1,1,1,1,1,1,1,1,1,1,1,1,1
32,987,34,1,1,1,1,1,1,1,1,1,1,1,1,1,1,1,1,1,1,1
32,988,34,1,1,1,1,1,1,1,1,1,1,1,1,1,1,1,1,1,1,1
32,989,34,1,1,1,1,1,1,1,1,1,1,1,1,1,1,1,1,1,1,1
32,990,34,1,1,1,1,1,1,1,1,1,1,1,1,1,1,1,1,1,1,1
32,992,34,1,1,1,1,1,1,1,1,1,1,1,1,1,1,1,1,1,1,1
32,993,34,1,1,1,1,1,1,1,1,1,1,1,1,1,1,1,1,1,1,1
32,994,34,1,1,1,1,1,1,1,1,1,1,1,1,1,1,1,1,1,1,1
32,995,34,1,1,1,1,1,1,1,1,1,1,1,1,1,1,1,1,1,1,1
32,996,34,1,1,1,1,1,1,1,1,1,1,1,1,1,1,1,1,1,1,1
32,997,34,1,1,1,1,1,1,1,1,1,1,1,1,1,1,1,1,1,1,1
32,998,34,1,1,1,1,1,1,1,1,1,1,1,1,1,1,1,1,1,1,1
32,999,34,1,1,1,1,1,1,1,1,1,1,1,1,1,1,1,1,1,1,1
32,1000,34,1,1,1,1,1,1,1,1,1,1,1,1,1,1,1,1,1,1,1
32,1001,34,1,1,1,1,1,1,1,1,1,1,1,1,1,1,1,1,1,1,1
32,1002,34,1,1,1,1,1,1,1,1,1,1,1,1,1,1,1,1,1,1,1
32,1003,34,1,1,1,1,1,1,1,1,1,1,1,1,1,1,1,1,1,1,1
32,1004,34,1,1,1,1,1,1,1,1,1,1,1,1,1,1,1,1,1,1,1
32,1005,34,1,1,1,1,1,1,1,1,1,1,1,1,1,1,1,1,1,1,1
32,1006,34,1,1,1,1,1,1,1,1,1,1,1,1,1,1,1,1,1,1,1
32,1007,34,1,1,1,1,1,1,1,1,1,1,1,1,1,1,1,1,1,1,1
32,1008,34,1,1,1,1,1,1,1,1,1,1,1,1,1,1,1,1,1,1,1
32,1010,34,1,1,1,1,1,1,1,1,1,1,1,1,1,1,1,1,1,1,1
32,1011,34,1,1,1,1,1,1,1,1,1,1,1,1,1,1,1,1,1,1,1
32,1012,34,1,1,1,1,1,1,1,1,1,1,1,1,1,1,1,1,1,1,1
32,1013,34,1,1,1,1,1,1,1,1,1,1,1,1,1,1,1,1,1,1,1
32,1014,34,1,1,1,1,1,1,1,1,1,1,1,1,1,1,1,1,1,1,1
32,1015,34,1,1,1,1,1,1,1,1,1,1,1,1,1,1,1,1,1,1,1
32,1016,34,1,1,1,1,1,1,1,1,1,1,1,1,1,1,1,1,1,1,1
32,1018,34,1,1,1,1,1,1,1,1,1,1,1,1,1,1,1,1,1,1,1
32,1019,34,1,1,1,1,1,1,1,1,1,1,1,1,1,1,1,1,1,1,1
32,1020,35,4,4,4,4,4,4,4,4,4,4,4,4,4,4,4,4,4,4,4
32,1021,35,4,4,4,4,4,4,4,4,4,4,4,4,4,4,4,4,4,4,4
32,1022,35,4,4,4,4,4,4,4,4,4,4,4,4,4,4,4,4,4,4,4
32,1023,35,4,4,4,4,4,4,4,4,4,4,4,4,4,4,4,4,4,4,4
32,1024,35,4,4,4,4,4,4,4,4,4,4,4,4,4,4,4,4,4,4,4
32,1025,35,4,4,4,4,4,4,4,4,4,4,4,4,4,4,4,4,4,4,4
32,1026,35,4,4,4,4,4,4,4,4,4,4,4,4,4,4,4,4,4,4,4
32,1027,35,4,4,4,4,4,4,4,4,4,4,4,4,4,4,4,4,4,4,4
32,1028,35,4,4,4,4,4,4,4,4,4,4,4,4,4,4,4,4,4,4,4
32,1029,35,4,4,4,4,4,4,4,4,4,4,4,4,4,4,4,4,4,4,4
32,1030,35,4,4,4,4,4,4,4,4,4,4,4,4,4,4,4,4,4,4,4
32,1031,35,4,4,4,4,4,4,4,4,4,4,4,4,4,4,4,4,4,4,4
32,1032,35,4,4,4,4,4,4,4,4,4,4,4,4,4,4,4,4,4,4,4
32,1033,35,4,4,4,4,4,4,4,4,4,4,4,4,4,4,4,4,4,4,4
32,1034,35,4,4,4,4,4,4,4,4,4,4,4,4,4,4,4,4,4,4,4
32,1035,35,4,4,4,4,4,4,4,4,4,4,4,4,4,4,4,4,4,4,4
32,1036,36,1,1,1,4,1,1,4,1,4,1,1,1,1,1,1,1,1,1,1
32,1037,36,1,1,1,4,1,1,4,1,4,1,1,1,1,1,1,1,1,1,1
32,1038,36,1,1,1,4,1,1,4,1,4,1,1,1,1,1,1,1,1,1,1
32,1039,36,1,1,1,4,1,1,4,1,4,1,1,1,1,1,1,1,1,1,1
32,1040,36,1,1,1,4,1,1,4,1,4,1,1,1,1,1,1,1,1,1,1
32,1041,36,1,1,1,4,1,1,4,1,4,1,1,1,1,1,1,1,1,1,1
32,1042,36,1,1,1,4,1,1,4,1,4,1,1,1,1,1,1,1,1,1,1
32,1043,36,1,1,1,4,1,1,4,1,4,1,1,1,1,1,1,1,1,1,1
32,1044,36,1,1,1,4,1,1,4,1,4,1,1,1,1,1,1,1,1,1,1
32,1045,36,1,1,1,4,1,1,4,1,4,1,1,1,1,1,1,1,1,1,1
32,1046,36,1,1,1,4,1,1,4,1,4,1,1,1,1,1,1,1,1,1,1
32,1047,36,1,1,1,4,1,1,4,1,4,1,1,1,1,1,1,1,1,1,1
32,1048,36,1,1,1,4,1,1,4,1,4,1,1,1,1,1,1,1,1,1,1
32,1049,36,1,1,1,4,1,1,4,1,4,1,1,1,1,1,1,1,1,1,1
32,1050,36,1,1,1,4,1,1,4,1,4,1,1,1,1,1,1,1,1,1,1
32,1051,36,1,1,1,4,1,1,4,1,4,1,1,1,1,1,1,1,1,1,1
32,1052,36,1,1,1,4,1,1,4,1,4,1,1,1,1,1,1,1,1,1,1
32,1053,36,1,1,1,4,1,1,4,1,4,1,1,1,1,1,1,1,1,1,1
32,1054,36,1,1,1,4,1,1,4,1,4,1,1,1,1,1,1,1,1,1,1
32,1055,36,1,1,1,4,1,1,4,1,4,1,1,1,1,1,1,1,1,1,1
32,1056,36,1,1,1,4,1,1,4,1,4,1,1,1,1,1,1,1,1,1,1
32,1057,36,1,1,1,4,1,1,4,1,4,1,1,1,1,1,1,1,1,1,1
32,1058,36,1,1,1,4,1,1,4,1,4,1,1,1,1,1,1,1,1,1,1
32,1059,36,1,1,1,4,1,1,4,1,4,1,1,1,1,1,1,1,1,1,1
32,1060,36,1,1,1,4,1,1,4,1,4,1,1,1,1,1,1,1,1,1,1
32,1061,36,1,1,1,4,1,1,4,1,4,1,1,1,1,1,1,1,1,1,1
32,1062,36,1,1,1,4,1,1,4,1,4,1,1,1,1,1,1,1,1,1,1
32,1063,36,1,1,1,4,1,1,4,1,4,1,1,1,1,1,1,1,1,1,1
32,1064,36,1,1,1,4,1,1,4,1,4,1,1,1,1,1,1,1,1,1,1
32,1065,36,1,1,1,4,1,1,4,1,4,1,1,1,1,1,1,1,1,1,1
32,1066,36,1,1,1,4,1,1,4,1,4,1,1,1,1,1,1,1,1,1,1
32,1067,36,1,1,1,4,1,1,4,1,4,1,1,1,1,1,1,1,1,1,1
32,1068,36,1,1,1,4,1,1,4,1,4,1,1,1,1,1,1,1,1,1,1
32,1069,36,1,1,1,4,1,1,4,1,4,1,1,1,1,1,1,1,1,1,1
32,1070,36,1,1,1,4,1,1,4,1,4,1,1,1,1,1,1,1,1,1,1
32,1071,36,1,1,1,4,1,1,4,1,4,1,1,1,1,1,1,1,1,1,1
32,1072,36,1,1,1,4,1,1,4,1,4,1,1,1,1,1,1,1,1,1,1
32,1073,36,1,1,1,4,1,1,4,1,4,1,1,1,1,1,1,1,1,1,1
32,1074,36,1,1,1,4,1,1,4,1,4,1,1,1,1,1,1,1,1,1,1
32,1075,36,1,1,1,4,1,1,4,1,4,1,1,1,1,1,1,1,1,1,1
32,1076,36,1,1,1,4,1,1,4,1,4,1,1,1,1,1,1,1,1,1,1
32,1077,36,1,1,1,4,1,1,4,1,4,1,1,1,1,1,1,1,1,1,1
32,1078,36,1,1,1,4,1,1,4,1,4,1,1,1,1,1,1,1,1,1,1
32,1079,36,1,1,1,4,1,1,4,1,4,1,1,1,1,1,1,1,1,1,1
32,1080,37,3,3,3,2,3,3,2,3,2,3,3,3,3,3,3,3,3,3,3
32,1081,37,3,3,3,2,3,3,2,3,2,3,3,3,3,3,3,3,3,3,3
32,1082,37,3,3,3,2,3,3,2,3,2,3,3,3,3,3,3,3,3,3,3
32,1083,37,3,3,3,2,3,3,2,3,2,3,3,3,3,3,3,3,3,3,3
32,1084,37,3,3,3,2,3,3,2,3,2,3,3,3,3,3,3,3,3,3,3
32,1085,37,3,3,3,2,3,3,2,3,2,3,3,3,3,3,3,3,3,3,3
32,1086,37,3,3,3,2,3,3,2,3,2,3,3,3,3,3,3,3,3,3,3
32,1087,37,3,3,3,2,3,3,2,3,2,3,3,3,3,3,3,3,3,3,3
32,1088,37,3,3,3,2,3,3,2,3,2,3,3,3,3,3,3,3,3,3,3
32,1089,37,3,3,3,2,3,3,2,3,2,3,3,3,3,3,3,3,3,3,3
32,1090,37,3,3,3,2,3,3,2,3,2,3,3,3,3,3,3,3,3,3,3
32,1091,37,3,3,3,2,3,3,2,3,2,3,3,3,3,3,3,3,3,3,3
32,1092,37,3,3,3,2,3,3,2,3,2,3,3,3,3,3,3,3,3,3,3
32,1093,37,3,3,3,2,3,3,2,3,2,3,3,3,3,3,3,3,3,3,3
32,1094,38,4,4,4,4,4,4,4,4,4,4,4,4,4,4,4,4,4,4,4
32,1095,38,4,4,4,4,4,4,4,4,4,4,4,4,4,4,4,4,4,4,4
32,1096,38,4,4,4,4,4,4,4,4,4,4,4,4,4,4,4,4,4,4,4
32,1097,38,4,4,4,4,4,4,4,4,4,4,4,4,4,4,4,4,4,4,4
32,1098,38,4,4,4,4,4,4,4,4,4,4,4,4,4,4,4,4,4,4,4
32,1099,38,4,4,4,4,4,4,4,4,4,4,4,4,4,4,4,4,4,4,4
32,1100,38,4,4,4,4,4,4,4,4,4,4,4,4,4,4,4,4,4,4,4
32,1101,38,4,4,4,4,4,4,4,4,4,4,4,4,4,4,4,4,4,4,4
32,1102,38,4,4,4,4,4,4,4,4,4,4,4,4,4,4,4,4,4,4,4
32,1103,38,4,4,4,4,4,4,4,4,4,4,4,4,4,4,4,4,4,4,4
32,1104,38,4,4,4,4,4,4,4,4,4,4,4,4,4,4,4,4,4,4,4
32,1105,38,4,4,4,4,4,4,4,4,4,4,4,4,4,4,4,4,4,4,4
32,1106,38,4,4,4,4,4,4,4,4,4,4,4,4,4,4,4,4,4,4,4
32,1107,38,4,4,4,4,4,4,4,4,4,4,4,4,4,4,4,4,4,4,4
32,1108,38,4,4,4,4,4,4,4,4,4,4,4,4,4,4,4,4,4,4,4
32,1109,38,4,4,4,4,4,4,4,4,4,4,4,4,4,4,4,4,4,4,4
32,1110,38,4,4,4,4,4,4,4,4,4,4,4,4,4,4,4,4,4,4,4
32,1111,38,4,4,4,4,4,4,4,4,4,4,4,4,4,4,4,4,4,4,4
32,1112,38,4,4,4,4,4,4,4,4,4,4,4,4,4,4,4,4,4,4,4
32,1113,38,4,4,4,4,4,4,4,4,4,4,4,4,4,4,4,4,4,4,4
32,1114,38,4,4,4,4,4,4,4,4,4,4,4,4,4,4,4,4,4,4,4
32,1115,38,4,4,4,4,4,4,4,4,4,4,4,4,4,4,4,4,4,4,4
32,1116,38,4,4,4,4,4,4,4,4,4,4,4,4,4,4,4,4,4,4,4
32,1117,38,4,4,4,4,4,4,4,4,4,4,4,4,4,4,4,4,4,4,4
32,1118,38,4,4,4,4,4,4,4,4,4,4,4,4,4,4,4,4,4,4,4
32,1119,38,4,4,4,4,4,4,4,4,4,4,4,4,4,4,4,4,4,4,4
32,1120,38,4,4,4,4,4,4,4,4,4,4,4,4,4,4,4,4,4,4,4
32,1121,38,4,4,4,4,4,4,4,4,4,4,4,4,4,4,4,4,4,4,4
32,1122,38,4,4,4,4,4,4,4,4,4,4,4,4,4,4,4,4,4,4,4
32,1123,38,4,4,4,4,4,4,4,4,4,4,4,4,4,4,4,4,4,4,4
32,1124,38,4,4,4,4,4,4,4,4,4,4,4,4,4,4,4,4,4,4,4
32,1125,38,4,4,4,4,4,4,4,4,4,4,4,4,4,4,4,4,4,4,4
32,1126,38,4,4,4,4,4,4,4,4,4,4,4,4,4,4,4,4,4,4,4
32,1127,38,4,4,4,4,4,4,4,4,4,4,4,4,4,4,4,4,4,4,4
32,1128,38,4,4,4,4,4,4,4,4,4,4,4,4,4,4,4,4,4,4,4
32,1129,38,4,4,4,4,4,4,4,4,4,4,4,4,4,4,4,4,4,4,4
32,1130,38,4,4,4,4,4,4,4,4,4,4,4,4,4,4,4,4,4,4,4
32,1131,38,4,4,4,4,4,4,4,4,4,4,4,4,4,4,4,4,4,4,4
32,1132,38,4,4,4,4,4,4,4,4,4,4,4,4,4,4,4,4,4,4,4
32,1133,38,4,4,4,4,4,4,4,4,4,4,4,4,4,4,4,4,4,4,4
32,1134,38,4,4,4,4,4,4,4,4,4,4,4,4,4,4,4,4,4,4,4
32,1135,38,4,4,4,4,4,4,4,4,4,4,4,4,4,4,4,4,4,4,4
32,1136,38,4,4,4,4,4,4,4,4,4,4,4,4,4,4,4,4,4,4,4
32,1137,38,4,4,4,4,4,4,4,4,4,4,4,4,4,4,4,4,4,4,4
32,1138,38,4,4,4,4,4,4,4,4,4,4,4,4,4,4,4,4,4,4,4
32,1139,38,4,4,4,4,4,4,4,4,4,4,4,4,4,4,4,4,4,4,4
32,1140,38,4,4,4,4,4,4,4,4,4,4,4,4,4,4,4,4,4,4,4
32,1141,38,4,4,4,4,4,4,4,4,4,4,4,4,4,4,4,4,4,4,4
32,1142,38,4,4,4,4,4,4,4,4,4,4,4,4,4,4,4,4,4,4,4
32,1143,38,4,4,4,4,4,4,4,4,4,4,4,4,4,4,4,4,4,4,4
32,1144,38,4,4,4,4,4,4,4,4,4,4,4,4,4,4,4,4,4,4,4
32,1145,38,4,4,4,4,4,4,4,4,4,4,4,4,4,4,4,4,4,4,4
32,1146,38,4,4,4,4,4,4,4,4,4,4,4,4,4,4,4,4,4,4,4
32,1147,38,4,4,4,4,4,4,4,4,4,4,4,4,4,4,4,4,4,4,4
32,1148,38,4,4,4,4,4,4,4,4,4,4,4,4,4,4,4,4,4,4,4
32,1149,38,4,4,4,4,4,4,4,4,4,4,4,4,4,4,4,4,4,4,4
32,1150,38,4,4,4,4,4,4,4,4,4,4,4,4,4,4,4,4,4,4,4
32,1151,38,4,4,4,4,4,4,4,4,4,4,4,4,4,4,4,4,4,4,4
32,1152,38,4,4,4,4,4,4,4,4,4,4,4,4,4,4,4,4,4,4,4
32,1153,38,4,4,4,4,4,4,4,4,4,4,4,4,4,4,4,4,4,4,4
32,1154,38,4,4,4,4,4,4,4,4,4,4,4,4,4,4,4,4,4,4,4
32,1155,38,4,4,4,4,4,4,4,4,4,4,4,4,4,4,4,4,4,4,4
32,1156,38,4,4,4,4,4,4,4,4,4,4,4,4,4,4,4,4,4,4,4
32,1157,38,4,4,4,4,4,4,4,4,4,4,4,4,4,4,4,4,4,4,4
32,1158,38,4,4,4,4,4,4,4,4,4,4,4,4,4,4,4,4,4,4,4
32,1159,38,4,4,4,4,4,4,4,4,4,4,4,4,4,4,4,4,4,4,4
32,1160,38,4,4,4,4,4,4,4,4,4,4,4,4,4,4,4,4,4,4,4
32,1161,38,4,4,4,4,4,4,4,4,4,4,4,4,4,4,4,4,4,4,4
32,1162,38,4,4,4,4,4,4,4,4,4,4,4,4,4,4,4,4,4,4,4
32,1163,38,4,4,4,4,4,4,4,4,4,4,4,4,4,4,4,4,4,4,4
32,1164,38,4,4,4,4,4,4,4,4,4,4,4,4,4,4,4,4,4,4,4
32,1165,38,4,4,4,4,4,4,4,4,4,4,4,4,4,4,4,4,4,4,4
32,1166,38,4,4,4,4,4,4,4,4,4,4,4,4,4,4,4,4,4,4,4
32,1167,38,4,4,4,4,4,4,4,4,4,4,4,4,4,4,4,4,4,4,4
32,1169,38,4,4,4,4,4,4,4,4,4,4,4,4,4,4,4,4,4,4,4
32,1170,38,4,4,4,4,4,4,4,4,4,4,4,4,4,4,4,4,4,4,4
32,1171,38,4,4,4,4,4,4,4,4,4,4,4,4,4,4,4,4,4,4,4
32,1172,38,4,4,4,4,4,4,4,4,4,4,4,4,4,4,4,4,4,4,4
32,1173,38,4,4,4,4,4,4,4,4,4,4,4,4,4,4,4,4,4,4,4
32,1174,38,4,4,4,4,4,4,4,4,4,4,4,4,4,4,4,4,4,4,4
32,1175,38,4,4,4,4,4,4,4,4,4,4,4,4,4,4,4,4,4,4,4
32,1176,38,4,4,4,4,4,4,4,4,4,4,4,4,4,4,4,4,4,4,4
32,1177,38,4,4,4,4,4,4,4,4,4,4,4,4,4,4,4,4,4,4,4
32,1178,38,4,4,4,4,4,4,4,4,4,4,4,4,4,4,4,4,4,4,4
32,1179,38,4,4,4,4,4,4,4,4,4,4,4,4,4,4,4,4,4,4,4
32,1180,38,4,4,4,4,4,4,4,4,4,4,4,4,4,4,4,4,4,4,4
32,1181,38,4,4,4,4,4,4,4,4,4,4,4,4,4,4,4,4,4,4,4
32,1182,38,4,4,4,4,4,4,4,4,4,4,4,4,4,4,4,4,4,4,4
32,1183,38,4,4,4,4,4,4,4,4,4,4,4,4,4,4,4,4,4,4,4
32,1184,38,4,4,4,4,4,4,4,4,4,4,4,4,4,4,4,4,4,4,4
32,1185,38,4,4,4,4,4,4,4,4,4,4,4,4,4,4,4,4,4,4,4
32,1186,38,4,4,4,4,4,4,4,4,4,4,4,4,4,4,4,4,4,4,4
32,1187,38,4,4,4,4,4,4,4,4,4,4,4,4,4,4,4,4,4,4,4
32,1188,38,4,4,4,4,4,4,4,4,4,4,4,4,4,4,4,4,4,4,4
32,1189,38,4,4,4,4,4,4,4,4,4,4,4,4,4,4,4,4,4,4,4
32,1190,38,4,4,4,4,4,4,4,4,4,4,4,4,4,4,4,4,4,4,4
32,1191,38,4,4,4,4,4,4,4,4,4,4,4,4,4,4,4,4,4,4,4
32,1192,39,3,3,3,2,3,3,2,3,2,3,3,3,3,3,3,3,3,3,3
32,1193,39,3,3,3,2,3,3,2,3,2,3,3,3,3,3,3,3,3,3,3
32,1194,39,3,3,3,2,3,3,2,3,2,3,3,3,3,3,3,3,3,3,3
32,1195,39,3,3,3,2,3,3,2,3,2,3,3,3,3,3,3,3,3,3,3
32,1196,39,3,3,3,2,3,3,2,3,2,3,3,3,3,3,3,3,3,3,3
32,1197,39,3,3,3,2,3,3,2,3,2,3,3,3,3,3,3,3,3,3,3
32,1198,39,3,3,3,2,3,3,2,3,2,3,3,3,3,3,3,3,3,3,3
32,1199,39,3,3,3,2,3,3,2,3,2,3,3,3,3,3,3,3,3,3,3
32,1200,39,3,3,3,2,3,3,2,3,2,3,3,3,3,3,3,3,3,3,3
32,1201,39,3,3,3,2,3,3,2,3,2,3,3,3,3,3,3,3,3,3,3
32,1202,39,3,3,3,2,3,3,2,3,2,3,3,3,3,3,3,3,3,3,3
32,1203,39,3,3,3,2,3,3,2,3,2,3,3,3,3,3,3,3,3,3,3
32,1204,39,3,3,3,2,3,3,2,3,2,3,3,3,3,3,3,3,3,3,3
32,1205,39,3,3,3,2,3,3,2,3,2,3,3,3,3,3,3,3,3,3,3
32,1206,39,3,3,3,2,3,3,2,3,2,3,3,3,3,3,3,3,3,3,3
32,1207,39,3,3,3,2,3,3,2,3,2,3,3,3,3,3,3,3,3,3,3
32,1208,39,3,3,3,2,3,3,2,3,2,3,3,3,3,3,3,3,3,3,3
32,1209,39,3,3,3,2,3,3,2,3,2,3,3,3,3,3,3,3,3,3,3
32,1210,39,3,3,3,2,3,3,2,3,2,3,3,3,3,3,3,3,3,3,3
32,1211,39,3,3,3,2,3,3,2,3,2,3,3,3,3,3,3,3,3,3,3
32,1212,39,3,3,3,2,3,3,2,3,2,3,3,3,3,3,3,3,3,3,3
32,1213,39,3,3,3,2,3,3,2,3,2,3,3,3,3,3,3,3,3,3,3
32,1214,39,3,3,3,2,3,3,2,3,2,3,3,3,3,3,3,3,3,3,3
32,1215,39,3,3,3,2,3,3,2,3,2,3,3,3,3,3,3,3,3,3,3
32,1216,39,3,3,3,2,3,3,2,3,2,3,3,3,3,3,3,3,3,3,3
32,1217,39,3,3,3,2,3,3,2,3,2,3,3,3,3,3,3,3,3,3,3
32,1218,39,3,3,3,2,3,3,2,3,2,3,3,3,3,3,3,3,3,3,3
32,1219,39,3,3,3,2,3,3,2,3,2,3,3,3,3,3,3,3,3,3,3
32,1220,39,3,3,3,2,3,3,2,3,2,3,3,3,3,3,3,3,3,3,3
32,1221,39,3,3,3,2,3,3,2,3,2,3,3,3,3,3,3,3,3,3,3
32,1222,39,3,3,3,2,3,3,2,3,2,3,3,3,3,3,3,3,3,3,3
32,1223,39,3,3,3,2,3,3,2,3,2,3,3,3,3,3,3,3,3,3,3
32,1224,39,3,3,3,2,3,3,2,3,2,3,3,3,3,3,3,3,3,3,3
32,1225,39,3,3,3,2,3,3,2,3,2,3,3,3,3,3,3,3,3,3,3
32,1226,39,3,3,3,2,3,3,2,3,2,3,3,3,3,3,3,3,3,3,3
32,1227,39,3,3,3,2,3,3,2,3,2,3,3,3,3,3,3,3,3,3,3
32,1228,39,3,3,3,2,3,3,2,3,2,3,3,3,3,3,3,3,3,3,3
32,1229,39,3,3,3,2,3,3,2,3,2,3,3,3,3,3,3,3,3,3,3
32,1230,39,3,3,3,2,3,3,2,3,2,3,3,3,3,3,3,3,3,3,3
32,1231,39,3,3,3,2,3,3,2,3,2,3,3,3,3,3,3,3,3,3,3
32,1232,39,3,3,3,2,3,3,2,3,2,3,3,3,3,3,3,3,3,3,3
32,1233,39,3,3,3,2,3,3,2,3,2,3,3,3,3,3,3,3,3,3,3
32,1234,39,3,3,3,2,3,3,2,3,2,3,3,3,3,3,3,3,3,3,3
32,1235,39,3,3,3,2,3,3,2,3,2,3,3,3,3,3,3,3,3,3,3
32,1236,39,3,3,3,2,3,3,2,3,2,3,3,3,3,3,3,3,3,3,3
32,1237,39,3,3,3,2,3,3,2,3,2,3,3,3,3,3,3,3,3,3,3
32,1238,39,3,3,3,2,3,3,2,3,2,3,3,3,3,3,3,3,3,3,3
32,1239,39,3,3,3,2,3,3,2,3,2,3,3,3,3,3,3,3,3,3,3
32,1240,39,3,3,3,2,3,3,2,3,2,3,3,3,3,3,3,3,3,3,3
32,1241,39,3,3,3,2,3,3,2,3,2,3,3,3,3,3,3,3,3,3,3
32,1242,39,3,3,3,2,3,3,2,3,2,3,3,3,3,3,3,3,3,3,3
32,1243,39,3,3,3,2,3,3,2,3,2,3,3,3,3,3,3,3,3,3,3
32,1244,39,3,3,3,2,3,3,2,3,2,3,3,3,3,3,3,3,3,3,3
32,1245,39,3,3,3,2,3,3,2,3,2,3,3,3,3,3,3,3,3,3,3
32,1246,39,3,3,3,2,3,3,2,3,2,3,3,3,3,3,3,3,3,3,3
32,1247,39,3,3,3,2,3,3,2,3,2,3,3,3,3,3,3,3,3,3,3
32,1248,39,3,3,3,2,3,3,2,3,2,3,3,3,3,3,3,3,3,3,3
32,1249,39,3,3,3,2,3,3,2,3,2,3,3,3,3,3,3,3,3,3,3
32,1250,39,3,3,3,2,3,3,2,3,2,3,3,3,3,3,3,3,3,3,3
32,1251,39,3,3,3,2,3,3,2,3,2,3,3,3,3,3,3,3,3,3,3
32,1252,39,3,3,3,2,3,3,2,3,2,3,3,3,3,3,3,3,3,3,3
32,1253,39,3,3,3,2,3,3,2,3,2,3,3,3,3,3,3,3,3,3,3
32,1255,39,3,3,3,2,3,3,2,3,2,3,3,3,3,3,3,3,3,3,3
32,1256,40,2,2,2,3,2,2,3,2,3,2,2,2,2,2,2,2,2,2,2
32,1257,40,2,2,2,3,2,2,3,2,3,2,2,2,2,2,2,2,2,2,2
32,1258,40,2,2,2,3,2,2,3,2,3,2,2,2,2,2,2,2,2,2,2
32,1259,40,2,2,2,3,2,2,3,2,3,2,2,2,2,2,2,2,2,2,2
32,1260,40,2,2,2,3,2,2,3,2,3,2,2,2,2,2,2,2,2,2,2
32,1261,40,2,2,2,3,2,2,3,2,3,2,2,2,2,2,2,2,2,2,2
32,1262,40,2,2,2,3,2,2,3,2,3,2,2,2,2,2,2,2,2,2,2
32,1263,40,2,2,2,3,2,2,3,2,3,2,2,2,2,2,2,2,2,2,2
32,1264,40,2,2,2,3,2,2,3,2,3,2,2,2,2,2,2,2,2,2,2
32,1265,40,2,2,2,3,2,2,3,2,3,2,2,2,2,2,2,2,2,2,2
32,1266,40,2,2,2,3,2,2,3,2,3,2,2,2,2,2,2,2,2,2,2
32,1267,40,2,2,2,3,2,2,3,2,3,2,2,2,2,2,2,2,2,2,2
32,1268,40,2,2,2,3,2,2,3,2,3,2,2,2,2,2,2,2,2,2,2
32,1269,40,2,2,2,3,2,2,3,2,3,2,2,2,2,2,2,2,2,2,2
32,1270,40,2,2,2,3,2,2,3,2,3,2,2,2,2,2,2,2,2,2,2
32,1271,40,2,2,2,3,2,2,3,2,3,2,2,2,2,2,2,2,2,2,2
32,1272,40,2,2,2,3,2,2,3,2,3,2,2,2,2,2,2,2,2,2,2
32,1273,40,2,2,2,3,2,2,3,2,3,2,2,2,2,2,2,2,2,2,2
32,1274,40,2,2,2,3,2,2,3,2,3,2,2,2,2,2,2,2,2,2,2
32,1275,40,2,2,2,3,2,2,3,2,3,2,2,2,2,2,2,2,2,2,2
32,1276,40,2,2,2,3,2,2,3,2,3,2,2,2,2,2,2,2,2,2,2
32,1277,40,2,2,2,3,2,2,3,2,3,2,2,2,2,2,2,2,2,2,2
32,1278,40,2,2,2,3,2,2,3,2,3,2,2,2,2,2,2,2,2,2,2
32,1279,40,2,2,2,3,2,2,3,2,3,2,2,2,2,2,2,2,2,2,2
32,1280,40,2,2,2,3,2,2,3,2,3,2,2,2,2,2,2,2,2,2,2
32,1281,40,2,2,2,3,2,2,3,2,3,2,2,2,2,2,2,2,2,2,2
32,1282,40,2,2,2,3,2,2,3,2,3,2,2,2,2,2,2,2,2,2,2
32,1283,41,3,3,3,2,3,3,2,3,2,3,3,3,3,3,3,3,3,3,3
32,1284,41,3,3,3,2,3,3,2,3,2,3,3,3,3,3,3,3,3,3,3
32,1285,41,3,3,3,2,3,3,2,3,2,3,3,3,3,3,3,3,3,3,3
32,1286,41,3,3,3,2,3,3,2,3,2,3,3,3,3,3,3,3,3,3,3
32,1287,41,3,3,3,2,3,3,2,3,2,3,3,3,3,3,3,3,3,3,3
32,1288,41,3,3,3,2,3,3,2,3,2,3,3,3,3,3,3,3,3,3,3
32,1289,42,2,2,2,3,2,2,3,2,3,2,2,2,2,2,2,2,2,2,2
32,1290,42,2,2,2,3,2,2,3,2,3,2,2,2,2,2,2,2,2,2,2
32,1291,42,2,2,2,3,2,2,3,2,3,2,2,2,2,2,2,2,2,2,2
32,1292,42,2,2,2,3,2,2,3,2,3,2,2,2,2,2,2,2,2,2,2
32,1293,42,2,2,2,3,2,2,3,2,3,2,2,2,2,2,2,2,2,2,2
32,1294,42,2,2,2,3,2,2,3,2,3,2,2,2,2,2,2,2,2,2,2
32,1295,42,2,2,2,3,2,2,3,2,3,2,2,2,2,2,2,2,2,2,2
32,1296,42,2,2,2,3,2,2,3,2,3,2,2,2,2,2,2,2,2,2,2
32,1297,42,2,2,2,3,2,2,3,2,3,2,2,2,2,2,2,2,2,2,2
32,1298,42,2,2,2,3,2,2,3,2,3,2,2,2,2,2,2,2,2,2,2
32,1299,42,2,2,2,3,2,2,3,2,3,2,2,2,2,2,2,2,2,2,2
32,1300,42,2,2,2,3,2,2,3,2,3,2,2,2,2,2,2,2,2,2,2
32,1301,42,2,2,2,3,2,2,3,2,3,2,2,2,2,2,2,2,2,2,2
32,1302,42,2,2,2,3,2,2,3,2,3,2,2,2,2,2,2,2,2,2,2
32,1303,42,2,2,2,3,2,2,3,2,3,2,2,2,2,2,2,2,2,2,2
32,1304,42,2,2,2,3,2,2,3,2,3,2,2,2,2,2,2,2,2,2,2
32,1305,42,2,2,2,3,2,2,3,2,3,2,2,2,2,2,2,2,2,2,2
32,1306,42,2,2,2,3,2,2,3,2,3,2,2,2,2,2,2,2,2,2,2
32,1307,42,2,2,2,3,2,2,3,2,3,2,2,2,2,2,2,2,2,2,2
32,1308,42,2,2,2,3,2,2,3,2,3,2,2,2,2,2,2,2,2,2,2
32,1309,42,2,2,2,3,2,2,3,2,3,2,2,2,2,2,2,2,2,2,2
32,1310,42,2,2,2,3,2,2,3,2,3,2,2,2,2,2,2,2,2,2,2
32,1311,42,2,2,2,3,2,2,3,2,3,2,2,2,2,2,2,2,2,2,2
32,1312,42,2,2,2,3,2,2,3,2,3,2,2,2,2,2,2,2,2,2,2
32,1313,42,2,2,2,3,2,2,3,2,3,2,2,2,2,2,2,2,2,2,2
32,1314,42,2,2,2,3,2,2,3,2,3,2,2,2,2,2,2,2,2,2,2
32,1315,42,2,2,2,3,2,2,3,2,3,2,2,2,2,2,2,2,2,2,2
32,1316,42,2,2,2,3,2,2,3,2,3,2,2,2,2,2,2,2,2,2,2
32,1317,42,2,2,2,3,2,2,3,2,3,2,2,2,2,2,2,2,2,2,2
32,1318,42,2,2,2,3,2,2,3,2,3,2,2,2,2,2,2,2,2,2,2
32,1319,42,2,2,2,3,2,2,3,2,3,2,2,2,2,2,2,2,2,2,2
32,1320,42,2,2,2,3,2,2,3,2,3,2,2,2,2,2,2,2,2,2,2
32,1321,42,2,2,2,3,2,2,3,2,3,2,2,2,2,2,2,2,2,2,2
32,1322,42,2,2,2,3,2,2,3,2,3,2,2,2,2,2,2,2,2,2,2
32,1323,42,2,2,2,3,2,2,3,2,3,2,2,2,2,2,2,2,2,2,2
32,1324,42,2,2,2,3,2,2,3,2,3,2,2,2,2,2,2,2,2,2,2
32,1325,42,2,2,2,3,2,2,3,2,3,2,2,2,2,2,2,2,2,2,2
32,1326,42,2,2,2,3,2,2,3,2,3,2,2,2,2,2,2,2,2,2,2
32,1327,42,2,2,2,3,2,2,3,2,3,2,2,2,2,2,2,2,2,2,2
32,1328,42,2,2,2,3,2,2,3,2,3,2,2,2,2,2,2,2,2,2,2
32,1329,42,2,2,2,3,2,2,3,2,3,2,2,2,2,2,2,2,2,2,2
32,1330,42,2,2,2,3,2,2,3,2,3,2,2,2,2,2,2,2,2,2,2
32,1331,42,2,2,2,3,2,2,3,2,3,2,2,2,2,2,2,2,2,2,2
32,1332,42,2,2,2,3,2,2,3,2,3,2,2,2,2,2,2,2,2,2,2
32,1333,42,2,2,2,3,2,2,3,2,3,2,2,2,2,2,2,2,2,2,2
32,1334,42,2,2,2,3,2,2,3,2,3,2,2,2,2,2,2,2,2,2,2
32,1335,42,2,2,2,3,2,2,3,2,3,2,2,2,2,2,2,2,2,2,2
32,1336,42,2,2,2,3,2,2,3,2,3,2,2,2,2,2,2,2,2,2,2
32,1337,42,2,2,2,3,2,2,3,2,3,2,2,2,2,2,2,2,2,2,2
32,1338,42,2,2,2,3,2,2,3,2,3,2,2,2,2,2,2,2,2,2,2
32,1339,42,2,2,2,3,2,2,3,2,3,2,2,2,2,2,2,2,2,2,2
32,1340,42,2,2,2,3,2,2,3,2,3,2,2,2,2,2,2,2,2,2,2
32,1341,42,2,2,2,3,2,2,3,2,3,2,2,2,2,2,2,2,2,2,2
32,1342,42,2,2,2,3,2,2,3,2,3,2,2,2,2,2,2,2,2,2,2
32,1343,42,2,2,2,3,2,2,3,2,3,2,2,2,2,2,2,2,2,2,2
32,1344,42,2,2,2,3,2,2,3,2,3,2,2,2,2,2,2,2,2,2,2
32,1345,42,2,2,2,3,2,2,3,2,3,2,2,2,2,2,2,2,2,2,2
32,1346,42,2,2,2,3,2,2,3,2,3,2,2,2,2,2,2,2,2,2,2
32,1347,42,2,2,2,3,2,2,3,2,3,2,2,2,2,2,2,2,2,2,2
32,1348,42,2,2,2,3,2,2,3,2,3,2,2,2,2,2,2,2,2,2,2
32,1349,42,2,2,2,3,2,2,3,2,3,2,2,2,2,2,2,2,2,2,2
32,1350,42,2,2,2,3,2,2,3,2,3,2,2,2,2,2,2,2,2,2,2
32,1351,42,2,2,2,3,2,2,3,2,3,2,2,2,2,2,2,2,2,2,2
32,1352,42,2,2,2,3,2,2,3,2,3,2,2,2,2,2,2,2,2,2,2
32,1353,42,2,2,2,3,2,2,3,2,3,2,2,2,2,2,2,2,2,2,2
32,1354,42,2,2,2,3,2,2,3,2,3,2,2,2,2,2,2,2,2,2,2
32,1355,42,2,2,2,3,2,2,3,2,3,2,2,2,2,2,2,2,2,2,2
32,1356,42,2,2,2,3,2,2,3,2,3,2,2,2,2,2,2,2,2,2,2
32,1357,42,2,2,2,3,2,2,3,2,3,2,2,2,2,2,2,2,2,2,2
32,1358,42,2,2,2,3,2,2,3,2,3,2,2,2,2,2,2,2,2,2,2
32,1359,42,2,2,2,3,2,2,3,2,3,2,2,2,2,2,2,2,2,2,2
32,1360,42,2,2,2,3,2,2,3,2,3,2,2,2,2,2,2,2,2,2,2
32,1361,42,2,2,2,3,2,2,3,2,3,2,2,2,2,2,2,2,2,2,2
32,1362,42,2,2,2,3,2,2,3,2,3,2,2,2,2,2,2,2,2,2,2
32,1363,42,2,2,2,3,2,2,3,2,3,2,2,2,2,2,2,2,2,2,2
32,1364,42,2,2,2,3,2,2,3,2,3,2,2,2,2,2,2,2,2,2,2
32,1365,42,2,2,2,3,2,2,3,2,3,2,2,2,2,2,2,2,2,2,2
32,1366,42,2,2,2,3,2,2,3,2,3,2,2,2,2,2,2,2,2,2,2
32,1367,42,2,2,2,3,2,2,3,2,3,2,2,2,2,2,2,2,2,2,2
32,1368,42,2,2,2,3,2,2,3,2,3,2,2,2,2,2,2,2,2,2,2
32,1369,42,2,2,2,3,2,2,3,2,3,2,2,2,2,2,2,2,2,2,2
32,1370,42,2,2,2,3,2,2,3,2,3,2,2,2,2,2,2,2,2,2,2
32,1371,42,2,2,2,3,2,2,3,2,3,2,2,2,2,2,2,2,2,2,2
32,1372,42,2,2,2,3,2,2,3,2,3,2,2,2,2,2,2,2,2,2,2
32,1373,42,2,2,2,3,2,2,3,2,3,2,2,2,2,2,2,2,2,2,2
32,1374,42,2,2,2,3,2,2,3,2,3,2,2,2,2,2,2,2,2,2,2
32,1375,42,2,2,2,3,2,2,3,2,3,2,2,2,2,2,2,2,2,2,2
32,1376,42,2,2,2,3,2,2,3,2,3,2,2,2,2,2,2,2,2,2,2
32,1377,42,2,2,2,3,2,2,3,2,3,2,2,2,2,2,2,2,2,2,2
32,1378,42,2,2,2,3,2,2,3,2,3,2,2,2,2,2,2,2,2,2,2
32,1379,42,2,2,2,3,2,2,3,2,3,2,2,2,2,2,2,2,2,2,2
32,1380,42,2,2,2,3,2,2,3,2,3,2,2,2,2,2,2,2,2,2,2
32,1381,42,2,2,2,3,2,2,3,2,3,2,2,2,2,2,2,2,2,2,2
32,1382,42,2,2,2,3,2,2,3,2,3,2,2,2,2,2,2,2,2,2,2
32,1383,42,2,2,2,3,2,2,3,2,3,2,2,2,2,2,2,2,2,2,2
32,1384,43,1,1,1,1,1,1,1,1,1,1,1,1,1,1,1,1,1,1,1
32,1385,43,1,1,1,1,1,1,1,1,1,1,1,1,1,1,1,1,1,1,1
32,1386,43,1,1,1,1,1,1,1,1,1,1,1,1,1,1,1,1,1,1,1
32,1387,43,1,1,1,1,1,1,1,1,1,1,1,1,1,1,1,1,1,1,1
32,1388,44,1,1,1,1,1,1,1,1,1,1,1,1,1,1,1,1,1,1,1
32,1389,44,1,1,1,1,1,1,1,1,1,1,1,1,1,1,1,1,1,1,1
32,1390,44,1,1,1,1,1,1,1,1,1,1,1,1,1,1,1,1,1,1,1
32,1391,44,1,1,1,1,1,1,1,1,1,1,1,1,1,1,1,1,1,1,1
32,1392,44,1,1,1,1,1,1,1,1,1,1,1,1,1,1,1,1,1,1,1
32,1393,44,1,1,1,1,1,1,1,1,1,1,1,1,1,1,1,1,1,1,1
32,1394,44,1,1,1,1,1,1,1,1,1,1,1,1,1,1,1,1,1,1,1
32,1395,44,1,1,1,1,1,1,1,1,1,1,1,1,1,1,1,1,1,1,1
32,1396,44,1,1,1,1,1,1,1,1,1,1,1,1,1,1,1,1,1,1,1
32,1397,44,1,1,1,1,1,1,1,1,1,1,1,1,1,1,1,1,1,1,1
32,1398,44,1,1,1,1,1,1,1,1,1,1,1,1,1,1,1,1,1,1,1
32,1399,44,1,1,1,1,1,1,1,1,1,1,1,1,1,1,1,1,1,1,1
32,1400,44,1,1,1,1,1,1,1,1,1,1,1,1,1,1,1,1,1,1,1
32,1401,44,1,1,1,1,1,1,1,1,1,1,1,1,1,1,1,1,1,1,1
32,1402,44,1,1,1,1,1,1,1,1,1,1,1,1,1,1,1,1,1,1,1
32,1403,44,1,1,1,1,1,1,1,1,1,1,1,1,1,1,1,1,1,1,1
32,1404,44,1,1,1,1,1,1,1,1,1,1,1,1,1,1,1,1,1,1,1
32,1405,44,1,1,1,1,1,1,1,1,1,1,1,1,1,1,1,1,1,1,1
32,1406,44,1,1,1,1,1,1,1,1,1,1,1,1,1,1,1,1,1,1,1
32,1407,44,1,1,1,1,1,1,1,1,1,1,1,1,1,1,1,1,1,1,1
32,1408,44,1,1,1,1,1,1,1,1,1,1,1,1,1,1,1,1,1,1,1
32,1409,44,1,1,1,1,1,1,1,1,1,1,1,1,1,1,1,1,1,1,1
32,1410,44,1,1,1,1,1,1,1,1,1,1,1,1,1,1,1,1,1,1,1
32,1411,44,1,1,1,1,1,1,1,1,1,1,1,1,1,1,1,1,1,1,1
32,1412,45,1,1,1,1,1,1,1,1,1,1,1,1,1,1,1,1,1,1,1
32,1413,45,1,1,1,1,1,1,1,1,1,1,1,1,1,1,1,1,1,1,1
32,1414,45,1,1,1,1,1,1,1,1,1,1,1,1,1,1,1,1,1,1,1
32,1415,45,1,1,1,1,1,1,1,1,1,1,1,1,1,1,1,1,1,1,1
32,1416,45,1,1,1,1,1,1,1,1,1,1,1,1,1,1,1,1,1,1,1
32,1417,45,1,1,1,1,1,1,1,1,1,1,1,1,1,1,1,1,1,1,1
32,1418,45,1,1,1,1,1,1,1,1,1,1,1,1,1,1,1,1,1,1,1
32,1419,45,1,1,1,1,1,1,1,1,1,1,1,1,1,1,1,1,1,1,1
32,1420,45,1,1,1,1,1,1,1,1,1,1,1,1,1,1,1,1,1,1,1
32,1421,45,1,1,1,1,1,1,1,1,1,1,1,1,1,1,1,1,1,1,1
32,1422,45,1,1,1,1,1,1,1,1,1,1,1,1,1,1,1,1,1,1,1
32,1423,45,1,1,1,1,1,1,1,1,1,1,1,1,1,1,1,1,1,1,1
32,1424,45,1,1,1,1,1,1,1,1,1,1,1,1,1,1,1,1,1,1,1
32,1425,45,1,1,1,1,1,1,1,1,1,1,1,1,1,1,1,1,1,1,1
32,1426,45,1,1,1,1,1,1,1,1,1,1,1,1,1,1,1,1,1,1,1
32,1427,45,1,1,1,1,1,1,1,1,1,1,1,1,1,1,1,1,1,1,1
32,1428,45,1,1,1,1,1,1,1,1,1,1,1,1,1,1,1,1,1,1,1
32,1429,45,1,1,1,1,1,1,1,1,1,1,1,1,1,1,1,1,1,1,1
32,1430,45,1,1,1,1,1,1,1,1,1,1,1,1,1,1,1,1,1,1,1
32,1431,45,1,1,1,1,1,1,1,1,1,1,1,1,1,1,1,1,1,1,1
32,1432,45,1,1,1,1,1,1,1,1,1,1,1,1,1,1,1,1,1,1,1
32,1433,46,1,1,1,1,1,1,1,1,1,1,1,1,1,1,1,1,1,1,1
32,1434,46,1,1,1,1,1,1,1,1,1,1,1,1,1,1,1,1,1,1,1
32,1435,46,1,1,1,1,1,1,1,1,1,1,1,1,1,1,1,1,1,1,1
32,1436,46,1,1,1,1,1,1,1,1,1,1,1,1,1,1,1,1,1,1,1
32,1437,46,1,1,1,1,1,1,1,1,1,1,1,1,1,1,1,1,1,1,1
32,1438,46,1,1,1,1,1,1,1,1,1,1,1,1,1,1,1,1,1,1,1
32,1439,46,1,1,1,1,1,1,1,1,1,1,1,1,1,1,1,1,1,1,1
32,1440,46,1,1,1,1,1,1,1,1,1,1,1,1,1,1,1,1,1,1,1
32,1442,46,1,1,1,1,1,1,1,1,1,1,1,1,1,1,1,1,1,1,1
32,1443,46,1,1,1,1,1,1,1,1,1,1,1,1,1,1,1,1,1,1,1
32,1444,46,1,1,1,1,1,1,1,1,1,1,1,1,1,1,1,1,1,1,1
32,1445,46,1,1,1,1,1,1,1,1,1,1,1,1,1,1,1,1,1,1,1
32,1446,46,1,1,1,1,1,1,1,1,1,1,1,1,1,1,1,1,1,1,1
32,1447,46,1,1,1,1,1,1,1,1,1,1,1,1,1,1,1,1,1,1,1
32,1448,46,1,1,1,1,1,1,1,1,1,1,1,1,1,1,1,1,1,1,1
32,1449,46,1,1,1,1,1,1,1,1,1,1,1,1,1,1,1,1,1,1,1
32,1450,46,1,1,1,1,1,1,1,1,1,1,1,1,1,1,1,1,1,1,1
32,1451,46,1,1,1,1,1,1,1,1,1,1,1,1,1,1,1,1,1,1,1
32,1452,46,1,1,1,1,1,1,1,1,1,1,1,1,1,1,1,1,1,1,1
32,1453,46,1,1,1,1,1,1,1,1,1,1,1,1,1,1,1,1,1,1,1
32,1454,46,1,1,1,1,1,1,1,1,1,1,1,1,1,1,1,1,1,1,1
32,1455,46,1,1,1,1,1,1,1,1,1,1,1,1,1,1,1,1,1,1,1
32,1456,46,1,1,1,1,1,1,1,1,1,1,1,1,1,1,1,1,1,1,1
32,1457,46,1,1,1,1,1,1,1,1,1,1,1,1,1,1,1,1,1,1,1
32,1458,46,1,1,1,1,1,1,1,1,1,1,1,1,1,1,1,1,1,1,1
32,1459,46,1,1,1,1,1,1,1,1,1,1,1,1,1,1,1,1,1,1,1
32,1460,46,1,1,1,1,1,1,1,1,1,1,1,1,1,1,1,1,1,1,1
32,1461,46,1,1,1,1,1,1,1,1,1,1,1,1,1,1,1,1,1,1,1
32,1462,46,1,1,1,1,1,1,1,1,1,1,1,1,1,1,1,1,1,1,1
32,1463,46,1,1,1,1,1,1,1,1,1,1,1,1,1,1,1,1,1,1,1
32,1464,46,1,1,1,1,1,1,1,1,1,1,1,1,1,1,1,1,1,1,1
32,1465,47,1,1,1,1,1,1,1,1,1,1,1,1,1,1,1,1,1,1,1
32,1466,47,1,1,1,1,1,1,1,1,1,1,1,1,1,1,1,1,1,1,1
32,1467,47,1,1,1,1,1,1,1,1,1,1,1,1,1,1,1,1,1,1,1
32,1468,47,1,1,1,1,1,1,1,1,1,1,1,1,1,1,1,1,1,1,1
32,1469,58,1,1,1,1,1,1,1,1,1,1,1,1,1,1,1,1,1,1,1
32,1470,58,1,1,1,1,1,1,1,1,1,1,1,1,1,1,1,1,1,1,1
32,1471,58,1,1,1,1,1,1,1,1,1,1,1,1,1,1,1,1,1,1,1
32,1472,58,1,1,1,1,1,1,1,1,1,1,1,1,1,1,1,1,1,1,1
32,1473,58,1,1,1,1,1,1,1,1,1,1,1,1,1,1,1,1,1,1,1
32,1474,58,1,1,1,1,1,1,1,1,1,1,1,1,1,1,1,1,1,1,1
32,1475,47,1,1,1,1,1,1,1,1,1,1,1,1,1,1,1,1,1,1,1
32,1476,47,1,1,1,1,1,1,1,1,1,1,1,1,1,1,1,1,1,1,1
32,1478,47,1,1,1,1,1,1,1,1,1,1,1,1,1,1,1,1,1,1,1
32,1479,47,1,1,1,1,1,1,1,1,1,1,1,1,1,1,1,1,1,1,1
32,1480,47,1,1,1,1,1,1,1,1,1,1,1,1,1,1,1,1,1,1,1
32,1481,47,1,1,1,1,1,1,1,1,1,1,1,1,1,1,1,1,1,1,1
32,1482,58,1,1,1,1,1,1,1,1,1,1,1,1,1,1,1,1,1,1,1
32,1483,58,1,1,1,1,1,1,1,1,1,1,1,1,1,1,1,1,1,1,1
32,1484,47,1,1,1,1,1,1,1,1,1,1,1,1,1,1,1,1,1,1,1
32,1485,48,1,1,1,1,1,1,1,1,1,1,1,1,1,1,1,1,1,1,1
32,1486,48,1,1,1,1,1,1,1,1,1,1,1,1,1,1,1,1,1,1,1
32,1487,48,1,1,1,1,1,1,1,1,1,1,1,1,1,1,1,1,1,1,1
32,1488,48,1,1,1,1,1,1,1,1,1,1,1,1,1,1,1,1,1,1,1
32,1489,48,1,1,1,1,1,1,1,1,1,1,1,1,1,1,1,1,1,1,1
32,1490,48,1,1,1,1,1,1,1,1,1,1,1,1,1,1,1,1,1,1,1
32,1491,48,1,1,1,1,1,1,1,1,1,1,1,1,1,1,1,1,1,1,1
32,1492,48,1,1,1,1,1,1,1,1,1,1,1,1,1,1,1,1,1,1,1
32,1493,48,1,1,1,1,1,1,1,1,1,1,1,1,1,1,1,1,1,1,1
32,1494,48,1,1,1,1,1,1,1,1,1,1,1,1,1,1,1,1,1,1,1
32,1495,48,1,1,1,1,1,1,1,1,1,1,1,1,1,1,1,1,1,1,1
32,1496,48,1,1,1,1,1,1,1,1,1,1,1,1,1,1,1,1,1,1,1
32,1497,48,1,1,1,1,1,1,1,1,1,1,1,1,1,1,1,1,1,1,1
32,1498,48,1,1,1,1,1,1,1,1,1,1,1,1,1,1,1,1,1,1,1
32,1499,48,1,1,1,1,1,1,1,1,1,1,1,1,1,1,1,1,1,1,1
32,1500,48,1,1,1,1,1,1,1,1,1,1,1,1,1,1,1,1,1,1,1
32,1501,48,1,1,1,1,1,1,1,1,1,1,1,1,1,1,1,1,1,1,1
32,1502,48,1,1,1,1,1,1,1,1,1,1,1,1,1,1,1,1,1,1,1
32,1503,48,1,1,1,1,1,1,1,1,1,1,1,1,1,1,1,1,1,1,1
32,1504,48,1,1,1,1,1,1,1,1,1,1,1,1,1,1,1,1,1,1,1
32,1505,48,1,1,1,1,1,1,1,1,1,1,1,1,1,1,1,1,1,1,1
32,1506,48,1,1,1,1,1,1,1,1,1,1,1,1,1,1,1,1,1,1,1
32,1507,48,1,1,1,1,1,1,1,1,1,1,1,1,1,1,1,1,1,1,1
32,1508,48,1,1,1,1,1,1,1,1,1,1,1,1,1,1,1,1,1,1,1
32,1509,48,1,1,1,1,1,1,1,1,1,1,1,1,1,1,1,1,1,1,1
32,1510,48,1,1,1,1,1,1,1,1,1,1,1,1,1,1,1,1,1,1,1
32,1511,48,1,1,1,1,1,1,1,1,1,1,1,1,1,1,1,1,1,1,1
32,1512,48,1,1,1,1,1,1,1,1,1,1,1,1,1,1,1,1,1,1,1
32,1513,48,1,1,1,1,1,1,1,1,1,1,1,1,1,1,1,1,1,1,1
32,1514,48,1,1,1,1,1,1,1,1,1,1,1,1,1,1,1,1,1,1,1
32,1515,48,1,1,1,1,1,1,1,1,1,1,1,1,1,1,1,1,1,1,1
32,1516,48,1,1,1,1,1,1,1,1,1,1,1,1,1,1,1,1,1,1,1
32,1517,48,1,1,1,1,1,1,1,1,1,1,1,1,1,1,1,1,1,1,1
32,1518,48,1,1,1,1,1,1,1,1,1,1,1,1,1,1,1,1,1,1,1
32,1519,48,1,1,1,1,1,1,1,1,1,1,1,1,1,1,1,1,1,1,1
32,1520,48,1,1,1,1,1,1,1,1,1,1,1,1,1,1,1,1,1,1,1
32,1521,48,1,1,1,1,1,1,1,1,1,1,1,1,1,1,1,1,1,1,1
32,1522,48,1,1,1,1,1,1,1,1,1,1,1,1,1,1,1,1,1,1,1
32,1523,48,1,1,1,1,1,1,1,1,1,1,1,1,1,1,1,1,1,1,1
32,1524,48,1,1,1,1,1,1,1,1,1,1,1,1,1,1,1,1,1,1,1
32,1525,49,1,1,1,3,1,1,3,1,3,1,1,1,1,1,1,1,1,1,1
32,1526,49,1,1,1,3,1,1,3,1,3,1,1,1,1,1,1,1,1,1,1
32,1527,49,1,1,1,3,1,1,3,1,3,1,1,1,1,1,1,1,1,1,1
32,1528,49,1,1,1,3,1,1,3,1,3,1,1,1,1,1,1,1,1,1,1
32,1529,49,1,1,1,3,1,1,3,1,3,1,1,1,1,1,1,1,1,1,1
32,1530,49,1,1,1,3,1,1,3,1,3,1,1,1,1,1,1,1,1,1,1
32,1531,49,1,1,1,3,1,1,3,1,3,1,1,1,1,1,1,1,1,1,1
32,1532,49,1,1,1,3,1,1,3,1,3,1,1,1,1,1,1,1,1,1,1
32,1533,49,1,1,1,3,1,1,3,1,3,1,1,1,1,1,1,1,1,1,1
32,1534,49,1,1,1,3,1,1,3,1,3,1,1,1,1,1,1,1,1,1,1
32,1535,49,1,1,1,3,1,1,3,1,3,1,1,1,1,1,1,1,1,1,1
32,1536,49,1,1,1,3,1,1,3,1,3,1,1,1,1,1,1,1,1,1,1
32,1537,49,1,1,1,3,1,1,3,1,3,1,1,1,1,1,1,1,1,1,1
32,1538,49,1,1,1,3,1,1,3,1,3,1,1,1,1,1,1,1,1,1,1
32,1539,49,1,1,1,3,1,1,3,1,3,1,1,1,1,1,1,1,1,1,1
32,1540,49,1,1,1,3,1,1,3,1,3,1,1,1,1,1,1,1,1,1,1
32,1541,49,1,1,1,3,1,1,3,1,3,1,1,1,1,1,1,1,1,1,1
32,1542,49,1,1,1,3,1,1,3,1,3,1,1,1,1,1,1,1,1,1,1
32,1543,49,1,1,1,3,1,1,3,1,3,1,1,1,1,1,1,1,1,1,1
32,1544,49,1,1,1,3,1,1,3,1,3,1,1,1,1,1,1,1,1,1,1
32,1545,49,1,1,1,3,1,1,3,1,3,1,1,1,1,1,1,1,1,1,1
32,1546,49,1,1,1,3,1,1,3,1,3,1,1,1,1,1,1,1,1,1,1
32,1547,49,1,1,1,3,1,1,3,1,3,1,1,1,1,1,1,1,1,1,1
32,1548,49,1,1,1,3,1,1,3,1,3,1,1,1,1,1,1,1,1,1,1
32,1549,49,1,1,1,3,1,1,3,1,3,1,1,1,1,1,1,1,1,1,1
32,1550,49,1,1,1,3,1,1,3,1,3,1,1,1,1,1,1,1,1,1,1
32,1551,49,1,1,1,3,1,1,3,1,3,1,1,1,1,1,1,1,1,1,1
32,1552,49,1,1,1,3,1,1,3,1,3,1,1,1,1,1,1,1,1,1,1
32,1553,49,1,1,1,3,1,1,3,1,3,1,1,1,1,1,1,1,1,1,1
32,1554,49,1,1,1,3,1,1,3,1,3,1,1,1,1,1,1,1,1,1,1
32,1555,49,1,1,1,3,1,1,3,1,3,1,1,1,1,1,1,1,1,1,1
32,1556,49,1,1,1,3,1,1,3,1,3,1,1,1,1,1,1,1,1,1,1
32,1557,49,1,1,1,3,1,1,3,1,3,1,1,1,1,1,1,1,1,1,1
32,1558,49,1,1,1,3,1,1,3,1,3,1,1,1,1,1,1,1,1,1,1
32,1559,49,1,1,1,3,1,1,3,1,3,1,1,1,1,1,1,1,1,1,1
32,1560,49,1,1,1,3,1,1,3,1,3,1,1,1,1,1,1,1,1,1,1
32,1561,49,1,1,1,3,1,1,3,1,3,1,1,1,1,1,1,1,1,1,1
32,1562,49,1,1,1,3,1,1,3,1,3,1,1,1,1,1,1,1,1,1,1
32,1563,49,1,1,1,3,1,1,3,1,3,1,1,1,1,1,1,1,1,1,1
32,1564,49,1,1,1,3,1,1,3,1,3,1,1,1,1,1,1,1,1,1,1
32,1566,49,1,1,1,3,1,1,3,1,3,1,1,1,1,1,1,1,1,1,1
32,1567,49,1,1,1,3,1,1,3,1,3,1,1,1,1,1,1,1,1,1,1
32,1568,49,1,1,1,3,1,1,3,1,3,1,1,1,1,1,1,1,1,1,1
32,1569,49,1,1,1,3,1,1,3,1,3,1,1,1,1,1,1,1,1,1,1
32,1570,49,1,1,1,3,1,1,3,1,3,1,1,1,1,1,1,1,1,1,1
32,1571,49,1,1,1,3,1,1,3,1,3,1,1,1,1,1,1,1,1,1,1
32,1572,49,1,1,1,3,1,1,3,1,3,1,1,1,1,1,1,1,1,1,1
32,1573,49,1,1,1,3,1,1,3,1,3,1,1,1,1,1,1,1,1,1,1
32,1574,49,1,1,1,3,1,1,3,1,3,1,1,1,1,1,1,1,1,1,1
32,1575,49,1,1,1,3,1,1,3,1,3,1,1,1,1,1,1,1,1,1,1
32,1576,49,1,1,1,3,1,1,3,1,3,1,1,1,1,1,1,1,1,1,1
32,1577,49,1,1,1,3,1,1,3,1,3,1,1,1,1,1,1,1,1,1,1
32,1578,49,1,1,1,3,1,1,3,1,3,1,1,1,1,1,1,1,1,1,1
32,1579,49,1,1,1,3,1,1,3,1,3,1,1,1,1,1,1,1,1,1,1
32,1580,49,1,1,1,3,1,1,3,1,3,1,1,1,1,1,1,1,1,1,1
32,1581,49,1,1,1,3,1,1,3,1,3,1,1,1,1,1,1,1,1,1,1
32,1582,49,1,1,1,3,1,1,3,1,3,1,1,1,1,1,1,1,1,1,1
32,1583,49,1,1,1,3,1,1,3,1,3,1,1,1,1,1,1,1,1,1,1
32,1584,49,1,1,1,3,1,1,3,1,3,1,1,1,1,1,1,1,1,1,1
32,1585,49,1,1,1,3,1,1,3,1,3,1,1,1,1,1,1,1,1,1,1
32,1586,49,1,1,1,3,1,1,3,1,3,1,1,1,1,1,1,1,1,1,1
32,1587,49,1,1,1,3,1,1,3,1,3,1,1,1,1,1,1,1,1,1,1
32,1588,49,1,1,1,3,1,1,3,1,3,1,1,1,1,1,1,1,1,1,1
32,1589,49,1,1,1,3,1,1,3,1,3,1,1,1,1,1,1,1,1,1,1
32,1590,49,1,1,1,3,1,1,3,1,3,1,1,1,1,1,1,1,1,1,1
32,1591,49,1,1,1,3,1,1,3,1,3,1,1,1,1,1,1,1,1,1,1
32,1592,49,1,1,1,3,1,1,3,1,3,1,1,1,1,1,1,1,1,1,1
32,1593,49,1,1,1,3,1,1,3,1,3,1,1,1,1,1,1,1,1,1,1
32,1594,49,1,1,1,3,1,1,3,1,3,1,1,1,1,1,1,1,1,1,1
32,1596,49,1,1,1,3,1,1,3,1,3,1,1,1,1,1,1,1,1,1,1
32,1597,49,1,1,1,3,1,1,3,1,3,1,1,1,1,1,1,1,1,1,1
32,1598,49,1,1,1,3,1,1,3,1,3,1,1,1,1,1,1,1,1,1,1
32,1599,49,1,1,1,3,1,1,3,1,3,1,1,1,1,1,1,1,1,1,1
32,1600,49,1,1,1,3,1,1,3,1,3,1,1,1,1,1,1,1,1,1,1
32,1601,50,3,3,3,4,3,3,4,3,4,3,3,3,3,3,3,3,3,3,3
32,1602,50,3,3,3,4,3,3,4,3,4,3,3,3,3,3,3,3,3,3,3
32,1603,50,3,3,3,4,3,3,4,3,4,3,3,3,3,3,3,3,3,3,3
32,1604,50,3,3,3,4,3,3,4,3,4,3,3,3,3,3,3,3,3,3,3
32,1605,50,3,3,3,4,3,3,4,3,4,3,3,3,3,3,3,3,3,3,3
32,1606,50,3,3,3,4,3,3,4,3,4,3,3,3,3,3,3,3,3,3,3
32,1607,50,3,3,3,4,3,3,4,3,4,3,3,3,3,3,3,3,3,3,3
32,1608,50,3,3,3,4,3,3,4,3,4,3,3,3,3,3,3,3,3,3,3
32,1609,51,3,3,3,2,3,3,2,3,2,3,3,3,3,3,3,3,3,3,3
32,1610,51,3,3,3,2,3,3,2,3,2,3,3,3,3,3,3,3,3,3,3
32,1611,51,3,3,3,2,3,3,2,3,2,3,3,3,3,3,3,3,3,3,3
32,1612,51,3,3,3,2,3,3,2,3,2,3,3,3,3,3,3,3,3,3,3
32,1613,51,3,3,3,2,3,3,2,3,2,3,3,3,3,3,3,3,3,3,3
32,1614,51,3,3,3,2,3,3,2,3,2,3,3,3,3,3,3,3,3,3,3
32,1615,51,3,3,3,2,3,3,2,3,2,3,3,3,3,3,3,3,3,3,3
32,1616,51,3,3,3,2,3,3,2,3,2,3,3,3,3,3,3,3,3,3,3
32,1617,51,3,3,3,2,3,3,2,3,2,3,3,3,3,3,3,3,3,3,3
32,1618,51,3,3,3,2,3,3,2,3,2,3,3,3,3,3,3,3,3,3,3
32,1619,51,3,3,3,2,3,3,2,3,2,3,3,3,3,3,3,3,3,3,3
32,1620,51,3,3,3,2,3,3,2,3,2,3,3,3,3,3,3,3,3,3,3
32,1621,51,3,3,3,2,3,3,2,3,2,3,3,3,3,3,3,3,3,3,3
32,1622,51,3,3,3,2,3,3,2,3,2,3,3,3,3,3,3,3,3,3,3
32,1623,51,3,3,3,2,3,3,2,3,2,3,3,3,3,3,3,3,3,3,3
32,1624,51,3,3,3,2,3,3,2,3,2,3,3,3,3,3,3,3,3,3,3
32,1625,51,3,3,3,2,3,3,2,3,2,3,3,3,3,3,3,3,3,3,3
32,1626,51,3,3,3,2,3,3,2,3,2,3,3,3,3,3,3,3,3,3,3
32,1627,51,3,3,3,2,3,3,2,3,2,3,3,3,3,3,3,3,3,3,3
32,1628,51,3,3,3,2,3,3,2,3,2,3,3,3,3,3,3,3,3,3,3
32,1629,51,3,3,3,2,3,3,2,3,2,3,3,3,3,3,3,3,3,3,3
32,1630,51,3,3,3,2,3,3,2,3,2,3,3,3,3,3,3,3,3,3,3
32,1631,51,3,3,3,2,3,3,2,3,2,3,3,3,3,3,3,3,3,3,3
32,1632,51,3,3,3,2,3,3,2,3,2,3,3,3,3,3,3,3,3,3,3
32,1633,51,3,3,3,2,3,3,2,3,2,3,3,3,3,3,3,3,3,3,3
32,1634,51,3,3,3,2,3,3,2,3,2,3,3,3,3,3,3,3,3,3,3
32,1635,51,3,3,3,2,3,3,2,3,2,3,3,3,3,3,3,3,3,3,3
32,1636,51,3,3,3,2,3,3,2,3,2,3,3,3,3,3,3,3,3,3,3
32,1637,51,3,3,3,2,3,3,2,3,2,3,3,3,3,3,3,3,3,3,3
32,1638,51,3,3,3,2,3,3,2,3,2,3,3,3,3,3,3,3,3,3,3
32,1639,51,3,3,3,2,3,3,2,3,2,3,3,3,3,3,3,3,3,3,3
32,1640,51,3,3,3,2,3,3,2,3,2,3,3,3,3,3,3,3,3,3,3
32,1641,51,3,3,3,2,3,3,2,3,2,3,3,3,3,3,3,3,3,3,3
32,1642,51,3,3,3,2,3,3,2,3,2,3,3,3,3,3,3,3,3,3,3
32,1643,51,3,3,3,2,3,3,2,3,2,3,3,3,3,3,3,3,3,3,3
32,1644,51,3,3,3,2,3,3,2,3,2,3,3,3,3,3,3,3,3,3,3
32,1645,51,3,3,3,2,3,3,2,3,2,3,3,3,3,3,3,3,3,3,3
32,1646,51,3,3,3,2,3,3,2,3,2,3,3,3,3,3,3,3,3,3,3
32,1647,51,3,3,3,2,3,3,2,3,2,3,3,3,3,3,3,3,3,3,3
32,1648,51,3,3,3,2,3,3,2,3,2,3,3,3,3,3,3,3,3,3,3
32,1649,51,3,3,3,2,3,3,2,3,2,3,3,3,3,3,3,3,3,3,3
32,1650,51,3,3,3,2,3,3,2,3,2,3,3,3,3,3,3,3,3,3,3
32,1652,51,3,3,3,2,3,3,2,3,2,3,3,3,3,3,3,3,3,3,3
32,1653,51,3,3,3,2,3,3,2,3,2,3,3,3,3,3,3,3,3,3,3
32,1654,51,3,3,3,2,3,3,2,3,2,3,3,3,3,3,3,3,3,3,3
32,1655,51,3,3,3,2,3,3,2,3,2,3,3,3,3,3,3,3,3,3,3
32,1656,51,3,3,3,2,3,3,2,3,2,3,3,3,3,3,3,3,3,3,3
32,1657,51,3,3,3,2,3,3,2,3,2,3,3,3,3,3,3,3,3,3,3
32,1658,51,3,3,3,2,3,3,2,3,2,3,3,3,3,3,3,3,3,3,3
32,1659,52,4,4,4,1,4,4,1,4,1,4,4,4,4,4,4,4,4,4,4
32,1660,52,4,4,4,1,4,4,1,4,1,4,4,4,4,4,4,4,4,4,4
32,1661,52,4,4,4,1,4,4,1,4,1,4,4,4,4,4,4,4,4,4,4
32,1662,52,4,4,4,1,4,4,1,4,1,4,4,4,4,4,4,4,4,4,4
32,1663,52,4,4,4,1,4,4,1,4,1,4,4,4,4,4,4,4,4,4,4
32,1664,52,4,4,4,1,4,4,1,4,1,4,4,4,4,4,4,4,4,4,4
32,1665,52,4,4,4,1,4,4,1,4,1,4,4,4,4,4,4,4,4,4,4
32,1666,52,4,4,4,1,4,4,1,4,1,4,4,4,4,4,4,4,4,4,4
32,1667,52,4,4,4,1,4,4,1,4,1,4,4,4,4,4,4,4,4,4,4
32,1668,52,4,4,4,1,4,4,1,4,1,4,4,4,4,4,4,4,4,4,4
32,1669,52,4,4,4,1,4,4,1,4,1,4,4,4,4,4,4,4,4,4,4
32,1670,52,4,4,4,1,4,4,1,4,1,4,4,4,4,4,4,4,4,4,4
32,1671,52,4,4,4,1,4,4,1,4,1,4,4,4,4,4,4,4,4,4,4
32,1672,52,4,4,4,1,4,4,1,4,1,4,4,4,4,4,4,4,4,4,4
32,1673,52,4,4,4,1,4,4,1,4,1,4,4,4,4,4,4,4,4,4,4
32,1674,52,4,4,4,1,4,4,1,4,1,4,4,4,4,4,4,4,4,4,4
32,1675,53,4,4,4,4,4,4,4,4,4,4,4,4,4,4,4,4,4,4,4
32,1676,53,4,4,4,4,4,4,4,4,4,4,4,4,4,4,4,4,4,4,4
32,1677,53,4,4,4,4,4,4,4,4,4,4,4,4,4,4,4,4,4,4,4
32,1678,53,4,4,4,4,4,4,4,4,4,4,4,4,4,4,4,4,4,4,4
32,1679,53,4,4,4,4,4,4,4,4,4,4,4,4,4,4,4,4,4,4,4
32,1680,53,4,4,4,4,4,4,4,4,4,4,4,4,4,4,4,4,4,4,4
32,1681,53,4,4,4,4,4,4,4,4,4,4,4,4,4,4,4,4,4,4,4
32,1682,53,4,4,4,4,4,4,4,4,4,4,4,4,4,4,4,4,4,4,4
32,1683,53,4,4,4,4,4,4,4,4,4,4,4,4,4,4,4,4,4,4,4
32,1684,53,4,4,4,4,4,4,4,4,4,4,4,4,4,4,4,4,4,4,4
32,1685,53,4,4,4,4,4,4,4,4,4,4,4,4,4,4,4,4,4,4,4
32,1686,53,4,4,4,4,4,4,4,4,4,4,4,4,4,4,4,4,4,4,4
32,1687,54,4,4,4,4,4,4,4,4,4,4,4,4,4,4,4,4,4,4,4
32,1688,54,4,4,4,4,4,4,4,4,4,4,4,4,4,4,4,4,4,4,4
32,1689,54,4,4,4,4,4,4,4,4,4,4,4,4,4,4,4,4,4,4,4
32,1690,54,4,4,4,4,4,4,4,4,4,4,4,4,4,4,4,4,4,4,4
32,1691,54,4,4,4,4,4,4,4,4,4,4,4,4,4,4,4,4,4,4,4
32,1692,54,4,4,4,4,4,4,4,4,4,4,4,4,4,4,4,4,4,4,4
32,1693,54,4,4,4,4,4,4,4,4,4,4,4,4,4,4,4,4,4,4,4
32,1694,54,4,4,4,4,4,4,4,4,4,4,4,4,4,4,4,4,4,4,4
32,1695,54,4,4,4,4,4,4,4,4,4,4,4,4,4,4,4,4,4,4,4
32,1696,54,4,4,4,4,4,4,4,4,4,4,4,4,4,4,4,4,4,4,4
32,1697,54,4,4,4,4,4,4,4,4,4,4,4,4,4,4,4,4,4,4,4
32,1698,54,4,4,4,4,4,4,4,4,4,4,4,4,4,4,4,4,4,4,4
32,1699,54,4,4,4,4,4,4,4,4,4,4,4,4,4,4,4,4,4,4,4
32,1700,54,4,4,4,4,4,4,4,4,4,4,4,4,4,4,4,4,4,4,4
32,1701,54,4,4,4,4,4,4,4,4,4,4,4,4,4,4,4,4,4,4,4
32,1702,54,4,4,4,4,4,4,4,4,4,4,4,4,4,4,4,4,4,4,4
32,1703,54,4,4,4,4,4,4,4,4,4,4,4,4,4,4,4,4,4,4,4
32,1704,54,4,4,4,4,4,4,4,4,4,4,4,4,4,4,4,4,4,4,4
32,1705,54,4,4,4,4,4,4,4,4,4,4,4,4,4,4,4,4,4,4,4
32,1706,54,4,4,4,4,4,4,4,4,4,4,4,4,4,4,4,4,4,4,4
32,1707,54,4,4,4,4,4,4,4,4,4,4,4,4,4,4,4,4,4,4,4
32,1708,54,4,4,4,4,4,4,4,4,4,4,4,4,4,4,4,4,4,4,4
32,1709,54,4,4,4,4,4,4,4,4,4,4,4,4,4,4,4,4,4,4,4
32,1710,54,4,4,4,4,4,4,4,4,4,4,4,4,4,4,4,4,4,4,4
32,1711,55,1,1,1,1,1,1,1,1,1,1,1,1,1,1,1,1,1,1,1
32,1712,55,1,1,1,1,1,1,1,1,1,1,1,1,1,1,1,1,1,1,1
32,1713,55,1,1,1,1,1,1,1,1,1,1,1,1,1,1,1,1,1,1,1
32,1714,55,1,1,1,1,1,1,1,1,1,1,1,1,1,1,1,1,1,1,1
32,1715,55,1,1,1,1,1,1,1,1,1,1,1,1,1,1,1,1,1,1,1
32,1716,55,1,1,1,1,1,1,1,1,1,1,1,1,1,1,1,1,1,1,1
32,1717,55,1,1,1,1,1,1,1,1,1,1,1,1,1,1,1,1,1,1,1
32,1718,55,1,1,1,1,1,1,1,1,1,1,1,1,1,1,1,1,1,1,1
32,1719,55,1,1,1,1,1,1,1,1,1,1,1,1,1,1,1,1,1,1,1
32,1720,55,1,1,1,1,1,1,1,1,1,1,1,1,1,1,1,1,1,1,1
32,1721,55,1,1,1,1,1,1,1,1,1,1,1,1,1,1,1,1,1,1,1
32,1722,55,1,1,1,1,1,1,1,1,1,1,1,1,1,1,1,1,1,1,1
32,1723,55,1,1,1,1,1,1,1,1,1,1,1,1,1,1,1,1,1,1,1
32,1724,55,1,1,1,1,1,1,1,1,1,1,1,1,1,1,1,1,1,1,1
32,1725,55,1,1,1,1,1,1,1,1,1,1,1,1,1,1,1,1,1,1,1
32,1726,55,1,1,1,1,1,1,1,1,1,1,1,1,1,1,1,1,1,1,1
32,1727,55,1,1,1,1,1,1,1,1,1,1,1,1,1,1,1,1,1,1,1
32,1728,55,1,1,1,1,1,1,1,1,1,1,1,1,1,1,1,1,1,1,1
32,1729,55,1,1,1,1,1,1,1,1,1,1,1,1,1,1,1,1,1,1,1
32,1730,55,1,1,1,1,1,1,1,1,1,1,1,1,1,1,1,1,1,1,1
32,1731,55,1,1,1,1,1,1,1,1,1,1,1,1,1,1,1,1,1,1,1
32,1732,55,1,1,1,1,1,1,1,1,1,1,1,1,1,1,1,1,1,1,1
32,1733,55,1,1,1,1,1,1,1,1,1,1,1,1,1,1,1,1,1,1,1
32,1734,55,1,1,1,1,1,1,1,1,1,1,1,1,1,1,1,1,1,1,1
32,1735,55,1,1,1,1,1,1,1,1,1,1,1,1,1,1,1,1,1,1,1
32,1736,55,1,1,1,1,1,1,1,1,1,1,1,1,1,1,1,1,1,1,1
32,1737,55,1,1,1,1,1,1,1,1,1,1,1,1,1,1,1,1,1,1,1
32,1738,55,1,1,1,1,1,1,1,1,1,1,1,1,1,1,1,1,1,1,1
32,1739,55,1,1,1,1,1,1,1,1,1,1,1,1,1,1,1,1,1,1,1
32,1740,55,1,1,1,1,1,1,1,1,1,1,1,1,1,1,1,1,1,1,1
32,1741,55,1,1,1,1,1,1,1,1,1,1,1,1,1,1,1,1,1,1,1
32,1742,55,1,1,1,1,1,1,1,1,1,1,1,1,1,1,1,1,1,1,1
32,1743,55,1,1,1,1,1,1,1,1,1,1,1,1,1,1,1,1,1,1,1
32,1744,55,1,1,1,1,1,1,1,1,1,1,1,1,1,1,1,1,1,1,1
32,1745,55,1,1,1,1,1,1,1,1,1,1,1,1,1,1,1,1,1,1,1
32,1746,55,1,1,1,1,1,1,1,1,1,1,1,1,1,1,1,1,1,1,1
32,1747,55,1,1,1,1,1,1,1,1,1,1,1,1,1,1,1,1,1,1,1
32,1748,55,1,1,1,1,1,1,1,1,1,1,1,1,1,1,1,1,1,1,1
32,1749,55,1,1,1,1,1,1,1,1,1,1,1,1,1,1,1,1,1,1,1
32,1750,55,1,1,1,1,1,1,1,1,1,1,1,1,1,1,1,1,1,1,1
32,1751,55,1,1,1,1,1,1,1,1,1,1,1,1,1,1,1,1,1,1,1
32,1752,55,1,1,1,1,1,1,1,1,1,1,1,1,1,1,1,1,1,1,1
32,1753,55,1,1,1,1,1,1,1,1,1,1,1,1,1,1,1,1,1,1,1
32,1755,55,1,1,1,1,1,1,1,1,1,1,1,1,1,1,1,1,1,1,1
32,1756,55,1,1,1,1,1,1,1,1,1,1,1,1,1,1,1,1,1,1,1
32,1757,55,1,1,1,1,1,1,1,1,1,1,1,1,1,1,1,1,1,1,1
32,1758,55,1,1,1,1,1,1,1,1,1,1,1,1,1,1,1,1,1,1,1
32,1759,55,1,1,1,1,1,1,1,1,1,1,1,1,1,1,1,1,1,1,1
32,1760,55,1,1,1,1,1,1,1,1,1,1,1,1,1,1,1,1,1,1,1
32,1761,55,1,1,1,1,1,1,1,1,1,1,1,1,1,1,1,1,1,1,1
32,1762,55,1,1,1,1,1,1,1,1,1,1,1,1,1,1,1,1,1,1,1
32,1763,55,1,1,1,1,1,1,1,1,1,1,1,1,1,1,1,1,1,1,1
32,1764,55,1,1,1,1,1,1,1,1,1,1,1,1,1,1,1,1,1,1,1
32,1765,55,1,1,1,1,1,1,1,1,1,1,1,1,1,1,1,1,1,1,1
32,1766,55,1,1,1,1,1,1,1,1,1,1,1,1,1,1,1,1,1,1,1
32,1769,55,1,1,1,1,1,1,1,1,1,1,1,1,1,1,1,1,1,1,1
32,1770,55,1,1,1,1,1,1,1,1,1,1,1,1,1,1,1,1,1,1,1
32,1772,56,3,3,3,2,3,3,2,3,2,3,3,3,3,3,3,3,3,3,3
32,1773,56,3,3,3,2,3,3,2,3,2,3,3,3,3,3,3,3,3,3,3
32,1774,56,3,3,3,2,3,3,2,3,2,3,3,3,3,3,3,3,3,3,3
32,1775,56,3,3,3,2,3,3,2,3,2,3,3,3,3,3,3,3,3,3,3
32,1776,56,3,3,3,2,3,3,2,3,2,3,3,3,3,3,3,3,3,3,3
32,1777,56,3,3,3,2,3,3,2,3,2,3,3,3,3,3,3,3,3,3,3
32,1778,56,3,3,3,2,3,3,2,3,2,3,3,3,3,3,3,3,3,3,3
32,1779,56,3,3,3,2,3,3,2,3,2,3,3,3,3,3,3,3,3,3,3
32,1780,56,3,3,3,2,3,3,2,3,2,3,3,3,3,3,3,3,3,3,3
32,1781,56,3,3,3,2,3,3,2,3,2,3,3,3,3,3,3,3,3,3,3
32,1782,56,3,3,3,2,3,3,2,3,2,3,3,3,3,3,3,3,3,3,3
32,1783,56,3,3,3,2,3,3,2,3,2,3,3,3,3,3,3,3,3,3,3
32,1784,56,3,3,3,2,3,3,2,3,2,3,3,3,3,3,3,3,3,3,3
32,1785,56,3,3,3,2,3,3,2,3,2,3,3,3,3,3,3,3,3,3,3
32,1786,56,3,3,3,2,3,3,2,3,2,3,3,3,3,3,3,3,3,3,3
32,1787,56,3,3,3,2,3,3,2,3,2,3,3,3,3,3,3,3,3,3,3
32,1788,56,3,3,3,2,3,3,2,3,2,3,3,3,3,3,3,3,3,3,3
32,1789,56,3,3,3,2,3,3,2,3,2,3,3,3,3,3,3,3,3,3,3
32,1790,56,3,3,3,2,3,3,2,3,2,3,3,3,3,3,3,3,3,3,3
32,1791,56,3,3,3,2,3,3,2,3,2,3,3,3,3,3,3,3,3,3,3
32,1792,56,3,3,3,2,3,3,2,3,2,3,3,3,3,3,3,3,3,3,3
32,1793,56,3,3,3,2,3,3,2,3,2,3,3,3,3,3,3,3,3,3,3
32,1794,56,3,3,3,2,3,3,2,3,2,3,3,3,3,3,3,3,3,3,3
32,1795,56,3,3,3,2,3,3,2,3,2,3,3,3,3,3,3,3,3,3,3
32,1796,56,3,3,3,2,3,3,2,3,2,3,3,3,3,3,3,3,3,3,3
32,1797,56,3,3,3,2,3,3,2,3,2,3,3,3,3,3,3,3,3,3,3
32,1798,56,3,3,3,2,3,3,2,3,2,3,3,3,3,3,3,3,3,3,3
32,1799,56,3,3,3,2,3,3,2,3,2,3,3,3,3,3,3,3,3,3,3
32,1800,56,3,3,3,2,3,3,2,3,2,3,3,3,3,3,3,3,3,3,3
32,1801,56,3,3,3,2,3,3,2,3,2,3,3,3,3,3,3,3,3,3,3
32,1802,56,3,3,3,2,3,3,2,3,2,3,3,3,3,3,3,3,3,3,3
32,1803,56,3,3,3,2,3,3,2,3,2,3,3,3,3,3,3,3,3,3,3
32,1804,56,3,3,3,2,3,3,2,3,2,3,3,3,3,3,3,3,3,3,3
32,1805,56,3,3,3,2,3,3,2,3,2,3,3,3,3,3,3,3,3,3,3
32,1806,56,3,3,3,2,3,3,2,3,2,3,3,3,3,3,3,3,3,3,3
32,1807,56,3,3,3,2,3,3,2,3,2,3,3,3,3,3,3,3,3,3,3
32,1808,56,3,3,3,2,3,3,2,3,2,3,3,3,3,3,3,3,3,3,3
32,1809,56,3,3,3,2,3,3,2,3,2,3,3,3,3,3,3,3,3,3,3
32,1810,56,3,3,3,2,3,3,2,3,2,3,3,3,3,3,3,3,3,3,3
32,1811,56,3,3,3,2,3,3,2,3,2,3,3,3,3,3,3,3,3,3,3
32,1812,56,3,3,3,2,3,3,2,3,2,3,3,3,3,3,3,3,3,3,3
32,1813,56,3,3,3,2,3,3,2,3,2,3,3,3,3,3,3,3,3,3,3
32,1814,56,3,3,3,2,3,3,2,3,2,3,3,3,3,3,3,3,3,3,3
32,1815,56,3,3,3,2,3,3,2,3,2,3,3,3,3,3,3,3,3,3,3
32,1816,56,3,3,3,2,3,3,2,3,2,3,3,3,3,3,3,3,3,3,3
32,1817,56,3,3,3,2,3,3,2,3,2,3,3,3,3,3,3,3,3,3,3
32,1818,56,3,3,3,2,3,3,2,3,2,3,3,3,3,3,3,3,3,3,3
32,1819,56,3,3,3,2,3,3,2,3,2,3,3,3,3,3,3,3,3,3,3
32,1820,56,3,3,3,2,3,3,2,3,2,3,3,3,3,3,3,3,3,3,3
32,1821,56,3,3,3,2,3,3,2,3,2,3,3,3,3,3,3,3,3,3,3
32,1822,56,3,3,3,2,3,3,2,3,2,3,3,3,3,3,3,3,3,3,3
32,1823,56,3,3,3,2,3,3,2,3,2,3,3,3,3,3,3,3,3,3,3
32,1824,56,3,3,3,2,3,3,2,3,2,3,3,3,3,3,3,3,3,3,3
32,1825,56,3,3,3,2,3,3,2,3,2,3,3,3,3,3,3,3,3,3,3
32,1826,56,3,3,3,2,3,3,2,3,2,3,3,3,3,3,3,3,3,3,3
32,1827,56,3,3,3,2,3,3,2,3,2,3,3,3,3,3,3,3,3,3,3
32,1828,56,3,3,3,2,3,3,2,3,2,3,3,3,3,3,3,3,3,3,3
32,1829,56,3,3,3,2,3,3,2,3,2,3,3,3,3,3,3,3,3,3,3
32,1830,56,3,3,3,2,3,3,2,3,2,3,3,3,3,3,3,3,3,3,3
32,1831,56,3,3,3,2,3,3,2,3,2,3,3,3,3,3,3,3,3,3,3
32,1832,56,3,3,3,2,3,3,2,3,2,3,3,3,3,3,3,3,3,3,3
32,1833,56,3,3,3,2,3,3,2,3,2,3,3,3,3,3,3,3,3,3,3
32,1834,56,3,3,3,2,3,3,2,3,2,3,3,3,3,3,3,3,3,3,3
32,1835,56,3,3,3,2,3,3,2,3,2,3,3,3,3,3,3,3,3,3,3
32,1836,56,3,3,3,2,3,3,2,3,2,3,3,3,3,3,3,3,3,3,3
32,1837,56,3,3,3,2,3,3,2,3,2,3,3,3,3,3,3,3,3,3,3
32,1838,56,3,3,3,2,3,3,2,3,2,3,3,3,3,3,3,3,3,3,3
32,1839,56,3,3,3,2,3,3,2,3,2,3,3,3,3,3,3,3,3,3,3
32,1840,56,3,3,3,2,3,3,2,3,2,3,3,3,3,3,3,3,3,3,3
32,1841,56,3,3,3,2,3,3,2,3,2,3,3,3,3,3,3,3,3,3,3
32,1842,56,3,3,3,2,3,3,2,3,2,3,3,3,3,3,3,3,3,3,3
32,1843,56,3,3,3,2,3,3,2,3,2,3,3,3,3,3,3,3,3,3,3
32,1844,56,3,3,3,2,3,3,2,3,2,3,3,3,3,3,3,3,3,3,3
32,1845,56,3,3,3,2,3,3,2,3,2,3,3,3,3,3,3,3,3,3,3
32,1846,56,3,3,3,2,3,3,2,3,2,3,3,3,3,3,3,3,3,3,3
32,1847,56,3,3,3,2,3,3,2,3,2,3,3,3,3,3,3,3,3,3,3
32,1848,56,3,3,3,2,3,3,2,3,2,3,3,3,3,3,3,3,3,3,3
32,1849,56,3,3,3,2,3,3,2,3,2,3,3,3,3,3,3,3,3,3,3
32,1850,56,3,3,3,2,3,3,2,3,2,3,3,3,3,3,3,3,3,3,3
32,1851,56,3,3,3,2,3,3,2,3,2,3,3,3,3,3,3,3,3,3,3
32,1852,56,3,3,3,2,3,3,2,3,2,3,3,3,3,3,3,3,3,3,3
32,1853,56,3,3,3,2,3,3,2,3,2,3,3,3,3,3,3,3,3,3,3
32,1854,56,3,3,3,2,3,3,2,3,2,3,3,3,3,3,3,3,3,3,3
32,1855,56,3,3,3,2,3,3,2,3,2,3,3,3,3,3,3,3,3,3,3
32,1856,56,3,3,3,2,3,3,2,3,2,3,3,3,3,3,3,3,3,3,3
32,1857,56,3,3,3,2,3,3,2,3,2,3,3,3,3,3,3,3,3,3,3
32,1858,56,3,3,3,2,3,3,2,3,2,3,3,3,3,3,3,3,3,3,3
32,1859,56,3,3,3,2,3,3,2,3,2,3,3,3,3,3,3,3,3,3,3
32,1860,56,3,3,3,2,3,3,2,3,2,3,3,3,3,3,3,3,3,3,3
32,1861,56,3,3,3,2,3,3,2,3,2,3,3,3,3,3,3,3,3,3,3
32,1862,56,3,3,3,2,3,3,2,3,2,3,3,3,3,3,3,3,3,3,3
32,1863,56,3,3,3,2,3,3,2,3,2,3,3,3,3,3,3,3,3,3,3
32,1864,56,3,3,3,2,3,3,2,3,2,3,3,3,3,3,3,3,3,3,3
32,1865,56,3,3,3,2,3,3,2,3,2,3,3,3,3,3,3,3,3,3,3
32,1866,56,3,3,3,2,3,3,2,3,2,3,3,3,3,3,3,3,3,3,3
32,1867,56,3,3,3,2,3,3,2,3,2,3,3,3,3,3,3,3,3,3,3
32,1868,56,3,3,3,2,3,3,2,3,2,3,3,3,3,3,3,3,3,3,3
32,1869,56,3,3,3,2,3,3,2,3,2,3,3,3,3,3,3,3,3,3,3
32,1870,56,3,3,3,2,3,3,2,3,2,3,3,3,3,3,3,3,3,3,3
32,1871,56,3,3,3,2,3,3,2,3,2,3,3,3,3,3,3,3,3,3,3
32,1872,56,3,3,3,2,3,3,2,3,2,3,3,3,3,3,3,3,3,3,3
32,1873,56,3,3,3,2,3,3,2,3,2,3,3,3,3,3,3,3,3,3,3
32,1874,56,3,3,3,2,3,3,2,3,2,3,3,3,3,3,3,3,3,3,3
32,1875,56,3,3,3,2,3,3,2,3,2,3,3,3,3,3,3,3,3,3,3
32,1876,56,3,3,3,2,3,3,2,3,2,3,3,3,3,3,3,3,3,3,3
32,1877,56,3,3,3,2,3,3,2,3,2,3,3,3,3,3,3,3,3,3,3
32,1878,56,3,3,3,2,3,3,2,3,2,3,3,3,3,3,3,3,3,3,3
32,1879,56,3,3,3,2,3,3,2,3,2,3,3,3,3,3,3,3,3,3,3
32,1880,56,3,3,3,2,3,3,2,3,2,3,3,3,3,3,3,3,3,3,3
32,1881,56,3,3,3,2,3,3,2,3,2,3,3,3,3,3,3,3,3,3,3
32,1882,56,3,3,3,2,3,3,2,3,2,3,3,3,3,3,3,3,3,3,3
32,1883,17,4,4,4,4,4,4,4,4,4,4,4,4,4,4,4,4,4,4,4
32,1884,17,4,4,4,4,4,4,4,4,4,4,4,4,4,4,4,4,4,4,4
32,1885,17,4,4,4,4,4,4,4,4,4,4,4,4,4,4,4,4,4,4,4
32,1886,17,4,4,4,4,4,4,4,4,4,4,4,4,4,4,4,4,4,4,4
32,1887,17,4,4,4,4,4,4,4,4,4,4,4,4,4,4,4,4,4,4,4
32,1888,17,4,4,4,4,4,4,4,4,4,4,4,4,4,4,4,4,4,4,4
32,1889,17,4,4,4,4,4,4,4,4,4,4,4,4,4,4,4,4,4,4,4
32,1890,17,4,4,4,4,4,4,4,4,4,4,4,4,4,4,4,4,4,4,4
32,1891,17,4,4,4,4,4,4,4,4,4,4,4,4,4,4,4,4,4,4,4
32,1892,17,4,4,4,4,4,4,4,4,4,4,4,4,4,4,4,4,4,4,4
32,1893,17,4,4,4,4,4,4,4,4,4,4,4,4,4,4,4,4,4,4,4
32,1894,17,4,4,4,4,4,4,4,4,4,4,4,4,4,4,4,4,4,4,4
32,1895,17,4,4,4,4,4,4,4,4,4,4,4,4,4,4,4,4,4,4,4
32,1896,17,4,4,4,4,4,4,4,4,4,4,4,4,4,4,4,4,4,4,4
32,1897,17,4,4,4,4,4,4,4,4,4,4,4,4,4,4,4,4,4,4,4
32,1898,17,4,4,4,4,4,4,4,4,4,4,4,4,4,4,4,4,4,4,4
32,1899,17,4,4,4,4,4,4,4,4,4,4,4,4,4,4,4,4,4,4,4
32,1900,17,4,4,4,4,4,4,4,4,4,4,4,4,4,4,4,4,4,4,4
32,1901,17,4,4,4,4,4,4,4,4,4,4,4,4,4,4,4,4,4,4,4
32,1902,17,4,4,4,4,4,4,4,4,4,4,4,4,4,4,4,4,4,4,4
32,1903,17,4,4,4,4,4,4,4,4,4,4,4,4,4,4,4,4,4,4,4
32,1904,17,4,4,4,4,4,4,4,4,4,4,4,4,4,4,4,4,4,4,4
32,1905,17,4,4,4,4,4,4,4,4,4,4,4,4,4,4,4,4,4,4,4
32,1906,17,4,4,4,4,4,4,4,4,4,4,4,4,4,4,4,4,4,4,4
32,1907,17,4,4,4,4,4,4,4,4,4,4,4,4,4,4,4,4,4,4,4
32,1908,17,4,4,4,4,4,4,4,4,4,4,4,4,4,4,4,4,4,4,4
32,1909,17,4,4,4,4,4,4,4,4,4,4,4,4,4,4,4,4,4,4,4
