ENTIDAD,NOMBRE ENTIDAD,DISTRITO,MUNICIPIO,NOMBRE MUNICIPIO,SECCION,TIPO
18,NAYARIT,1,1,ACAPONETA,1,URBANO(A)
18,NAYARIT,1,1,ACAPONETA,10,URBANO(A)
18,NAYARIT,3,4,BAHIA DE BANDERAS,100,URBANO(A)
18,NAYARIT,2,17,TEPIC,1000,URBANO(A)
18,NAYARIT,2,17,TEPIC,1001,URBANO(A)
18,NAYARIT,2,17,TEPIC,1002,URBANO(A)
18,NAYARIT,2,17,TEPIC,1003,URBANO(A)
18,NAYARIT,2,17,TEPIC,1004,URBANO(A)
18,NAYARIT,3,4,BAHIA DE BANDERAS,1005,MIXTO(A)
18,NAYARIT,3,4,BAHIA DE BANDERAS,1006,URBANO(A)
18,NAYARIT,3,4,BAHIA DE BANDERAS,1007,MIXTO(A)
18,NAYARIT,3,4,BAHIA DE BANDERAS,1008,URBANO(A)
18,NAYARIT,3,4,BAHIA DE BANDERAS,1009,MIXTO(A)
18,NAYARIT,3,4,BAHIA DE BANDERAS,101,URBANO(A)
18,NAYARIT,3,4,BAHIA DE BANDERAS,1010,MIXTO(A)
18,NAYARIT,3,4,BAHIA DE BANDERAS,1011,URBANO(A)
18,NAYARIT,3,4,BAHIA DE BANDERAS,1012,URBANO(A)
18,NAYARIT,3,4,BAHIA DE BANDERAS,1013,URBANO(A)
18,NAYARIT,3,4,BAHIA DE BANDERAS,1014,URBANO(A)
18,NAYARIT,3,4,BAHIA DE BANDERAS,1015,URBANO(A)
18,NAYARIT,3,4,BAHIA DE BANDERAS,1016,URBANO(A)
18,NAYARIT,3,4,BAHIA DE BANDERAS,1017,URBANO(A)
18,NAYARIT,3,4,BAHIA DE BANDERAS,1018,MIXTO(A)
18,NAYARIT,1,9,DEL NAYAR,1019,RURAL
18,NAYARIT,3,4,BAHIA DE BANDERAS,102,URBANO(A)
18,NAYARIT,1,9,DEL NAYAR,1020,RURAL
18,NAYARIT,1,9,DEL NAYAR,1021,RURAL
18,NAYARIT,1,9,DEL NAYAR,1022,RURAL
18,NAYARIT,2,17,TEPIC,1023,URBANO(A)
18,NAYARIT,2,17,TEPIC,1024,URBANO(A)
18,NAYARIT,2,17,TEPIC,1025,URBANO(A)
18,NAYARIT,2,17,TEPIC,1026,URBANO(A)
18,NAYARIT,2,17,TEPIC,1027,URBANO(A)
18,NAYARIT,3,5,COMPOSTELA,1028,MIXTO(A)
18,NAYARIT,3,5,COMPOSTELA,1029,URBANO(A)
18,NAYARIT,3,4,BAHIA DE BANDERAS,103,URBANO(A)
18,NAYARIT,3,4,BAHIA DE BANDERAS,1030,MIXTO(A)
18,NAYARIT,3,4,BAHIA DE BANDERAS,1031,MIXTO(A)
18,NAYARIT,3,4,BAHIA DE BANDERAS,1032,URBANO(A)
18,NAYARIT,3,4,BAHIA DE BANDERAS,1033,MIXTO(A)
18,NAYARIT,3,4,BAHIA DE BANDERAS,1034,URBANO(A)
18,NAYARIT,3,4,BAHIA DE BANDERAS,1035,URBANO(A)
18,NAYARIT,3,4,BAHIA DE BANDERAS,1036,URBANO(A)
18,NAYARIT,3,4,BAHIA DE BANDERAS,1037,URBANO(A)
18,NAYARIT,3,4,BAHIA DE BANDERAS,1038,URBANO(A)
18,NAYARIT,3,4,BAHIA DE BANDERAS,1039,URBANO(A)
18,NAYARIT,3,4,BAHIA DE BANDERAS,104,MIXTO(A)
18,NAYARIT,3,4,BAHIA DE BANDERAS,1040,URBANO(A)
18,NAYARIT,3,4,BAHIA DE BANDERAS,1041,URBANO(A)
18,NAYARIT,3,19,XALISCO,1042,URBANO(A)
18,NAYARIT,3,19,XALISCO,1043,URBANO(A)
18,NAYARIT,3,19,XALISCO,1044,URBANO(A)
18,NAYARIT,3,19,XALISCO,1045,URBANO(A)
18,NAYARIT,3,19,XALISCO,1046,URBANO(A)
18,NAYARIT,3,4,BAHIA DE BANDERAS,105,URBANO(A)
18,NAYARIT,3,4,BAHIA DE BANDERAS,106,URBANO(A)
18,NAYARIT,3,4,BAHIA DE BANDERAS,107,MIXTO(A)
18,NAYARIT,3,4,BAHIA DE BANDERAS,108,URBANO(A)
18,NAYARIT,3,4,BAHIA DE BANDERAS,109,RURAL
18,NAYARIT,1,1,ACAPONETA,11,URBANO(A)
18,NAYARIT,3,4,BAHIA DE BANDERAS,110,RURAL
18,NAYARIT,3,4,BAHIA DE BANDERAS,111,MIXTO(A)
18,NAYARIT,3,4,BAHIA DE BANDERAS,112,MIXTO(A)
18,NAYARIT,3,4,BAHIA DE BANDERAS,113,MIXTO(A)
18,NAYARIT,3,4,BAHIA DE BANDERAS,114,MIXTO(A)
18,NAYARIT,3,4,BAHIA DE BANDERAS,117,URBANO(A)
18,NAYARIT,3,4,BAHIA DE BANDERAS,119,URBANO(A)
18,NAYARIT,1,1,ACAPONETA,12,URBANO(A)
18,NAYARIT,3,4,BAHIA DE BANDERAS,120,MIXTO(A)
18,NAYARIT,3,4,BAHIA DE BANDERAS,121,URBANO(A)
18,NAYARIT,3,4,BAHIA DE BANDERAS,122,URBANO(A)
18,NAYARIT,3,4,BAHIA DE BANDERAS,123,MIXTO(A)
18,NAYARIT,3,5,COMPOSTELA,124,URBANO(A)
18,NAYARIT,3,5,COMPOSTELA,125,URBANO(A)
18,NAYARIT,3,5,COMPOSTELA,126,MIXTO(A)
18,NAYARIT,3,5,COMPOSTELA,127,URBANO(A)
18,NAYARIT,3,5,COMPOSTELA,128,MIXTO(A)
18,NAYARIT,3,5,COMPOSTELA,129,URBANO(A)
18,NAYARIT,1,1,ACAPONETA,13,URBANO(A)
18,NAYARIT,3,5,COMPOSTELA,130,URBANO(A)
18,NAYARIT,3,5,COMPOSTELA,131,URBANO(A)
18,NAYARIT,3,5,COMPOSTELA,132,URBANO(A)
18,NAYARIT,3,5,COMPOSTELA,133,URBANO(A)
18,NAYARIT,3,5,COMPOSTELA,134,URBANO(A)
18,NAYARIT,3,5,COMPOSTELA,135,URBANO(A)
18,NAYARIT,3,5,COMPOSTELA,136,URBANO(A)
18,NAYARIT,3,5,COMPOSTELA,137,MIXTO(A)
18,NAYARIT,3,5,COMPOSTELA,138,MIXTO(A)
18,NAYARIT,3,5,COMPOSTELA,139,RURAL
18,NAYARIT,1,1,ACAPONETA,14,URBANO(A)
18,NAYARIT,3,5,COMPOSTELA,140,RURAL
18,NAYARIT,3,5,COMPOSTELA,141,RURAL
18,NAYARIT,3,5,COMPOSTELA,142,RURAL
18,NAYARIT,3,5,COMPOSTELA,143,RURAL
18,NAYARIT,3,5,COMPOSTELA,144,MIXTO(A)
18,NAYARIT,3,5,COMPOSTELA,145,MIXTO(A)
18,NAYARIT,3,5,COMPOSTELA,146,RURAL
18,NAYARIT,3,5,COMPOSTELA,147,RURAL
18,NAYARIT,3,5,COMPOSTELA,148,URBANO(A)
18,NAYARIT,3,5,COMPOSTELA,149,URBANO(A)
18,NAYARIT,1,1,ACAPONETA,15,URBANO(A)
18,NAYARIT,3,5,COMPOSTELA,150,URBANO(A)
18,NAYARIT,3,5,COMPOSTELA,151,MIXTO(A)
18,NAYARIT,3,5,COMPOSTELA,152,URBANO(A)
18,NAYARIT,3,5,COMPOSTELA,153,RURAL
18,NAYARIT,3,5,COMPOSTELA,154,RURAL
18,NAYARIT,3,5,COMPOSTELA,155,URBANO(A)
18,NAYARIT,3,5,COMPOSTELA,156,MIXTO(A)
18,NAYARIT,3,5,COMPOSTELA,157,RURAL
18,NAYARIT,3,5,COMPOSTELA,158,URBANO(A)
18,NAYARIT,3,5,COMPOSTELA,159,URBANO(A)
18,NAYARIT,1,1,ACAPONETA,16,URBANO(A)
18,NAYARIT,3,5,COMPOSTELA,160,URBANO(A)
18,NAYARIT,3,5,COMPOSTELA,161,URBANO(A)
18,NAYARIT,3,5,COMPOSTELA,162,URBANO(A)
18,NAYARIT,3,5,COMPOSTELA,163,URBANO(A)
18,NAYARIT,3,5,COMPOSTELA,164,URBANO(A)
18,NAYARIT,3,5,COMPOSTELA,165,URBANO(A)
18,NAYARIT,3,5,COMPOSTELA,166,URBANO(A)
18,NAYARIT,3,5,COMPOSTELA,167,MIXTO(A)
18,NAYARIT,3,5,COMPOSTELA,168,URBANO(A)
18,NAYARIT,3,5,COMPOSTELA,169,MIXTO(A)
18,NAYARIT,1,1,ACAPONETA,17,URBANO(A)
18,NAYARIT,3,5,COMPOSTELA,170,RURAL
18,NAYARIT,3,5,COMPOSTELA,171,RURAL
18,NAYARIT,3,5,COMPOSTELA,172,RURAL
18,NAYARIT,3,5,COMPOSTELA,173,RURAL
18,NAYARIT,3,5,COMPOSTELA,174,RURAL
18,NAYARIT,3,5,COMPOSTELA,175,MIXTO(A)
18,NAYARIT,3,5,COMPOSTELA,176,URBANO(A)
18,NAYARIT,3,5,COMPOSTELA,177,RURAL
18,NAYARIT,3,5,COMPOSTELA,178,RURAL
18,NAYARIT,3,5,COMPOSTELA,179,RURAL
18,NAYARIT,1,1,ACAPONETA,18,URBANO(A)
18,NAYARIT,3,5,COMPOSTELA,180,RURAL
18,NAYARIT,3,5,COMPOSTELA,181,RURAL
18,NAYARIT,3,5,COMPOSTELA,182,RURAL
18,NAYARIT,3,5,COMPOSTELA,184,MIXTO(A)
18,NAYARIT,3,5,COMPOSTELA,185,URBANO(A)
18,NAYARIT,3,5,COMPOSTELA,186,URBANO(A)
18,NAYARIT,3,5,COMPOSTELA,187,URBANO(A)
18,NAYARIT,3,5,COMPOSTELA,188,URBANO(A)
18,NAYARIT,3,5,COMPOSTELA,189,URBANO(A)
18,NAYARIT,1,1,ACAPONETA,19,RURAL
18,NAYARIT,3,5,COMPOSTELA,190,RURAL
18,NAYARIT,3,5,COMPOSTELA,191,RURAL
18,NAYARIT,3,5,COMPOSTELA,192,RURAL
18,NAYARIT,3,5,COMPOSTELA,193,RURAL
18,NAYARIT,3,5,COMPOSTELA,194,RURAL
18,NAYARIT,3,5,COMPOSTELA,195,RURAL
18,NAYARIT,1,6,HUAJICORI,196,MIXTO(A)
18,NAYARIT,1,6,HUAJICORI,197,MIXTO(A)
18,NAYARIT,1,6,HUAJICORI,198,RURAL
18,NAYARIT,1,6,HUAJICORI,199,RURAL
18,NAYARIT,1,1,ACAPONETA,2,RURAL
18,NAYARIT,1,1,ACAPONETA,20,RURAL
18,NAYARIT,1,6,HUAJICORI,200,RURAL
18,NAYARIT,1,6,HUAJICORI,201,RURAL
18,NAYARIT,1,6,HUAJICORI,202,RURAL
18,NAYARIT,1,6,HUAJICORI,203,RURAL
18,NAYARIT,1,6,HUAJICORI,204,RURAL
18,NAYARIT,1,6,HUAJICORI,205,RURAL
18,NAYARIT,1,6,HUAJICORI,206,RURAL
18,NAYARIT,1,6,HUAJICORI,207,RURAL
18,NAYARIT,1,6,HUAJICORI,208,RURAL
18,NAYARIT,1,6,HUAJICORI,209,RURAL
18,NAYARIT,1,1,ACAPONETA,21,RURAL
18,NAYARIT,1,6,HUAJICORI,210,RURAL
18,NAYARIT,1,6,HUAJICORI,211,RURAL
18,NAYARIT,1,6,HUAJICORI,212,RURAL
18,NAYARIT,1,6,HUAJICORI,213,RURAL
18,NAYARIT,1,6,HUAJICORI,214,RURAL
18,NAYARIT,3,7,IXTLAN DEL RIO,215,URBANO(A)
18,NAYARIT,3,7,IXTLAN DEL RIO,216,URBANO(A)
18,NAYARIT,3,7,IXTLAN DEL RIO,217,MIXTO(A)
18,NAYARIT,3,7,IXTLAN DEL RIO,218,URBANO(A)
18,NAYARIT,3,7,IXTLAN DEL RIO,219,URBANO(A)
18,NAYARIT,1,1,ACAPONETA,22,RURAL
18,NAYARIT,3,7,IXTLAN DEL RIO,220,URBANO(A)
18,NAYARIT,3,7,IXTLAN DEL RIO,221,URBANO(A)
18,NAYARIT,3,7,IXTLAN DEL RIO,222,MIXTO(A)
18,NAYARIT,3,7,IXTLAN DEL RIO,223,URBANO(A)
18,NAYARIT,3,7,IXTLAN DEL RIO,224,URBANO(A)
18,NAYARIT,3,7,IXTLAN DEL RIO,225,MIXTO(A)
18,NAYARIT,3,7,IXTLAN DEL RIO,226,URBANO(A)
18,NAYARIT,3,7,IXTLAN DEL RIO,227,URBANO(A)
18,NAYARIT,3,7,IXTLAN DEL RIO,228,URBANO(A)
18,NAYARIT,3,7,IXTLAN DEL RIO,229,URBANO(A)
18,NAYARIT,1,1,ACAPONETA,23,RURAL
18,NAYARIT,3,7,IXTLAN DEL RIO,230,MIXTO(A)
18,NAYARIT,3,7,IXTLAN DEL RIO,231,MIXTO(A)
18,NAYARIT,3,7,IXTLAN DEL RIO,232,RURAL
18,NAYARIT,3,7,IXTLAN DEL RIO,233,RURAL
18,NAYARIT,3,7,IXTLAN DEL RIO,234,RURAL
18,NAYARIT,3,7,IXTLAN DEL RIO,235,RURAL
18,NAYARIT,3,7,IXTLAN DEL RIO,236,RURAL
18,NAYARIT,3,7,IXTLAN DEL RIO,237,RURAL
18,NAYARIT,3,7,IXTLAN DEL RIO,238,RURAL
18,NAYARIT,3,8,JALA,239,URBANO(A)
18,NAYARIT,1,1,ACAPONETA,24,RURAL
18,NAYARIT,3,8,JALA,240,URBANO(A)
18,NAYARIT,3,8,JALA,241,URBANO(A)
18,NAYARIT,3,8,JALA,242,MIXTO(A)
18,NAYARIT,3,8,JALA,243,URBANO(A)
18,NAYARIT,3,8,JALA,244,URBANO(A)
18,NAYARIT,3,8,JALA,245,RURAL
18,NAYARIT,3,8,JALA,246,RURAL
18,NAYARIT,3,8,JALA,247,RURAL
18,NAYARIT,3,8,JALA,248,MIXTO(A)
18,NAYARIT,3,8,JALA,249,URBANO(A)
18,NAYARIT,1,1,ACAPONETA,25,RURAL
18,NAYARIT,3,8,JALA,250,RURAL
18,NAYARIT,3,8,JALA,251,RURAL
18,NAYARIT,3,8,JALA,252,RURAL
18,NAYARIT,3,8,JALA,253,URBANO(A)
18,NAYARIT,3,8,JALA,254,URBANO(A)
18,NAYARIT,3,8,JALA,255,URBANO(A)
18,NAYARIT,3,8,JALA,256,URBANO(A)
18,NAYARIT,1,9,DEL NAYAR,257,MIXTO(A)
18,NAYARIT,1,9,DEL NAYAR,258,MIXTO(A)
18,NAYARIT,1,1,ACAPONETA,26,RURAL
18,NAYARIT,1,9,DEL NAYAR,260,RURAL
18,NAYARIT,1,9,DEL NAYAR,261,RURAL
18,NAYARIT,1,9,DEL NAYAR,262,RURAL
18,NAYARIT,1,9,DEL NAYAR,263,RURAL
18,NAYARIT,1,9,DEL NAYAR,264,RURAL
18,NAYARIT,1,9,DEL NAYAR,265,RURAL
18,NAYARIT,1,9,DEL NAYAR,266,RURAL
18,NAYARIT,1,9,DEL NAYAR,268,RURAL
18,NAYARIT,1,9,DEL NAYAR,269,RURAL
18,NAYARIT,1,1,ACAPONETA,27,RURAL
18,NAYARIT,1,9,DEL NAYAR,270,RURAL
18,NAYARIT,1,9,DEL NAYAR,271,RURAL
18,NAYARIT,1,9,DEL NAYAR,272,RURAL
18,NAYARIT,1,9,DEL NAYAR,273,RURAL
18,NAYARIT,1,9,DEL NAYAR,274,RURAL
18,NAYARIT,1,9,DEL NAYAR,275,RURAL
18,NAYARIT,1,9,DEL NAYAR,276,RURAL
18,NAYARIT,1,10,ROSAMORADA,277,MIXTO(A)
18,NAYARIT,1,10,ROSAMORADA,278,MIXTO(A)
18,NAYARIT,1,10,ROSAMORADA,279,URBANO(A)
18,NAYARIT,1,1,ACAPONETA,28,RURAL
18,NAYARIT,1,10,ROSAMORADA,280,URBANO(A)
18,NAYARIT,1,10,ROSAMORADA,281,URBANO(A)
18,NAYARIT,1,10,ROSAMORADA,282,URBANO(A)
18,NAYARIT,1,10,ROSAMORADA,283,RURAL
18,NAYARIT,1,10,ROSAMORADA,284,RURAL
18,NAYARIT,1,10,ROSAMORADA,285,RURAL
18,NAYARIT,1,10,ROSAMORADA,286,RURAL
18,NAYARIT,1,10,ROSAMORADA,287,RURAL
18,NAYARIT,1,10,ROSAMORADA,288,RURAL
18,NAYARIT,1,10,ROSAMORADA,289,RURAL
18,NAYARIT,1,1,ACAPONETA,29,RURAL
18,NAYARIT,1,10,ROSAMORADA,290,RURAL
18,NAYARIT,1,10,ROSAMORADA,291,RURAL
18,NAYARIT,1,10,ROSAMORADA,292,RURAL
18,NAYARIT,1,10,ROSAMORADA,293,RURAL
18,NAYARIT,1,10,ROSAMORADA,294,RURAL
18,NAYARIT,1,10,ROSAMORADA,295,RURAL
18,NAYARIT,1,10,ROSAMORADA,296,RURAL
18,NAYARIT,1,10,ROSAMORADA,297,RURAL
18,NAYARIT,1,10,ROSAMORADA,298,URBANO(A)
18,NAYARIT,1,10,ROSAMORADA,299,MIXTO(A)
18,NAYARIT,1,1,ACAPONETA,3,URBANO(A)
18,NAYARIT,1,1,ACAPONETA,30,RURAL
18,NAYARIT,1,10,ROSAMORADA,300,URBANO(A)
18,NAYARIT,1,10,ROSAMORADA,301,RURAL
18,NAYARIT,1,10,ROSAMORADA,302,URBANO(A)
18,NAYARIT,1,10,ROSAMORADA,303,URBANO(A)
18,NAYARIT,1,10,ROSAMORADA,304,URBANO(A)
18,NAYARIT,1,10,ROSAMORADA,305,URBANO(A)
18,NAYARIT,1,10,ROSAMORADA,306,URBANO(A)
18,NAYARIT,1,10,ROSAMORADA,307,RURAL
18,NAYARIT,1,10,ROSAMORADA,308,RURAL
18,NAYARIT,1,10,ROSAMORADA,309,RURAL
18,NAYARIT,1,1,ACAPONETA,31,RURAL
18,NAYARIT,1,10,ROSAMORADA,310,URBANO(A)
18,NAYARIT,1,10,ROSAMORADA,311,MIXTO(A)
18,NAYARIT,1,10,ROSAMORADA,312,URBANO(A)
18,NAYARIT,1,10,ROSAMORADA,313,URBANO(A)
18,NAYARIT,1,10,ROSAMORADA,314,MIXTO(A)
18,NAYARIT,1,10,ROSAMORADA,315,MIXTO(A)
18,NAYARIT,1,10,ROSAMORADA,316,RURAL
18,NAYARIT,1,10,ROSAMORADA,317,RURAL
18,NAYARIT,1,10,ROSAMORADA,318,RURAL
18,NAYARIT,1,10,ROSAMORADA,319,RURAL
18,NAYARIT,1,1,ACAPONETA,32,RURAL
18,NAYARIT,1,11,RUIZ,320,URBANO(A)
18,NAYARIT,1,11,RUIZ,321,URBANO(A)
18,NAYARIT,1,11,RUIZ,322,URBANO(A)
18,NAYARIT,1,11,RUIZ,323,URBANO(A)
18,NAYARIT,1,11,RUIZ,324,URBANO(A)
18,NAYARIT,1,11,RUIZ,325,URBANO(A)
18,NAYARIT,1,11,RUIZ,326,URBANO(A)
18,NAYARIT,1,11,RUIZ,327,URBANO(A)
18,NAYARIT,1,11,RUIZ,328,URBANO(A)
18,NAYARIT,1,11,RUIZ,329,URBANO(A)
18,NAYARIT,1,1,ACAPONETA,33,RURAL
18,NAYARIT,1,11,RUIZ,330,URBANO(A)
18,NAYARIT,1,11,RUIZ,331,URBANO(A)
18,NAYARIT,1,11,RUIZ,332,RURAL
18,NAYARIT,1,11,RUIZ,333,RURAL
18,NAYARIT,1,11,RUIZ,334,RURAL
18,NAYARIT,1,11,RUIZ,335,RURAL
18,NAYARIT,1,11,RUIZ,336,RURAL
18,NAYARIT,1,11,RUIZ,337,MIXTO(A)
18,NAYARIT,1,11,RUIZ,338,MIXTO(A)
18,NAYARIT,1,11,RUIZ,339,RURAL
18,NAYARIT,1,1,ACAPONETA,34,RURAL
18,NAYARIT,1,11,RUIZ,340,RURAL
18,NAYARIT,1,11,RUIZ,341,RURAL
18,NAYARIT,1,11,RUIZ,342,RURAL
18,NAYARIT,1,11,RUIZ,343,RURAL
18,NAYARIT,1,11,RUIZ,344,RURAL
18,NAYARIT,1,11,RUIZ,345,RURAL
18,NAYARIT,1,11,RUIZ,346,RURAL
18,NAYARIT,1,12,SAN BLAS,347,URBANO(A)
18,NAYARIT,1,12,SAN BLAS,348,URBANO(A)
18,NAYARIT,1,12,SAN BLAS,349,URBANO(A)
18,NAYARIT,1,1,ACAPONETA,35,RURAL
18,NAYARIT,1,12,SAN BLAS,350,URBANO(A)
18,NAYARIT,1,12,SAN BLAS,351,URBANO(A)
18,NAYARIT,1,12,SAN BLAS,352,URBANO(A)
18,NAYARIT,1,12,SAN BLAS,353,RURAL
18,NAYARIT,1,12,SAN BLAS,354,RURAL
18,NAYARIT,1,12,SAN BLAS,355,RURAL
18,NAYARIT,1,12,SAN BLAS,356,URBANO(A)
18,NAYARIT,1,12,SAN BLAS,357,URBANO(A)
18,NAYARIT,1,12,SAN BLAS,358,RURAL
18,NAYARIT,1,12,SAN BLAS,359,URBANO(A)
18,NAYARIT,1,1,ACAPONETA,36,RURAL
18,NAYARIT,1,12,SAN BLAS,360,URBANO(A)
18,NAYARIT,1,12,SAN BLAS,361,URBANO(A)
18,NAYARIT,1,12,SAN BLAS,362,RURAL
18,NAYARIT,1,12,SAN BLAS,364,RURAL
18,NAYARIT,1,12,SAN BLAS,365,RURAL
18,NAYARIT,1,12,SAN BLAS,366,RURAL
18,NAYARIT,1,12,SAN BLAS,367,RURAL
18,NAYARIT,1,12,SAN BLAS,368,RURAL
18,NAYARIT,1,12,SAN BLAS,369,RURAL
18,NAYARIT,1,1,ACAPONETA,37,RURAL
18,NAYARIT,1,12,SAN BLAS,370,RURAL
18,NAYARIT,1,12,SAN BLAS,372,RURAL
18,NAYARIT,1,12,SAN BLAS,373,RURAL
18,NAYARIT,1,12,SAN BLAS,374,RURAL
18,NAYARIT,1,12,SAN BLAS,375,RURAL
18,NAYARIT,1,12,SAN BLAS,376,RURAL
18,NAYARIT,1,12,SAN BLAS,377,RURAL
18,NAYARIT,1,12,SAN BLAS,378,RURAL
18,NAYARIT,1,1,ACAPONETA,38,URBANO(A)
18,NAYARIT,1,12,SAN BLAS,380,RURAL
18,NAYARIT,1,12,SAN BLAS,381,RURAL
18,NAYARIT,1,12,SAN BLAS,382,MIXTO(A)
18,NAYARIT,1,12,SAN BLAS,383,URBANO(A)
18,NAYARIT,1,12,SAN BLAS,384,RURAL
18,NAYARIT,1,12,SAN BLAS,385,RURAL
18,NAYARIT,1,12,SAN BLAS,386,RURAL
18,NAYARIT,1,12,SAN BLAS,387,URBANO(A)
18,NAYARIT,1,12,SAN BLAS,388,URBANO(A)
18,NAYARIT,1,12,SAN BLAS,389,URBANO(A)
18,NAYARIT,1,1,ACAPONETA,39,URBANO(A)
18,NAYARIT,1,12,SAN BLAS,390,URBANO(A)
18,NAYARIT,1,12,SAN BLAS,391,RURAL
18,NAYARIT,1,12,SAN BLAS,392,URBANO(A)
18,NAYARIT,1,12,SAN BLAS,393,MIXTO(A)
18,NAYARIT,1,12,SAN BLAS,394,RURAL
18,NAYARIT,1,12,SAN BLAS,395,RURAL
18,NAYARIT,1,12,SAN BLAS,396,RURAL
18,NAYARIT,3,13,SAN PEDRO LAGUNILLAS,398,URBANO(A)
18,NAYARIT,3,13,SAN PEDRO LAGUNILLAS,399,MIXTO(A)
18,NAYARIT,1,1,ACAPONETA,4,URBANO(A)
18,NAYARIT,1,1,ACAPONETA,40,RURAL
18,NAYARIT,3,13,SAN PEDRO LAGUNILLAS,400,MIXTO(A)
18,NAYARIT,3,13,SAN PEDRO LAGUNILLAS,401,URBANO(A)
18,NAYARIT,3,13,SAN PEDRO LAGUNILLAS,402,RURAL
18,NAYARIT,3,13,SAN PEDRO LAGUNILLAS,403,RURAL
18,NAYARIT,3,13,SAN PEDRO LAGUNILLAS,404,RURAL
18,NAYARIT,3,13,SAN PEDRO LAGUNILLAS,405,RURAL
18,NAYARIT,3,13,SAN PEDRO LAGUNILLAS,406,RURAL
18,NAYARIT,3,13,SAN PEDRO LAGUNILLAS,407,URBANO(A)
18,NAYARIT,3,13,SAN PEDRO LAGUNILLAS,408,MIXTO(A)
18,NAYARIT,3,13,SAN PEDRO LAGUNILLAS,409,URBANO(A)
18,NAYARIT,1,1,ACAPONETA,41,RURAL
18,NAYARIT,3,13,SAN PEDRO LAGUNILLAS,410,RURAL
18,NAYARIT,3,14,SANTA MARIA DEL ORO,411,MIXTO(A)
18,NAYARIT,3,14,SANTA MARIA DEL ORO,412,URBANO(A)
18,NAYARIT,3,14,SANTA MARIA DEL ORO,413,RURAL
18,NAYARIT,3,14,SANTA MARIA DEL ORO,414,RURAL
18,NAYARIT,3,14,SANTA MARIA DEL ORO,415,RURAL
18,NAYARIT,3,14,SANTA MARIA DEL ORO,416,RURAL
18,NAYARIT,3,14,SANTA MARIA DEL ORO,417,RURAL
18,NAYARIT,3,14,SANTA MARIA DEL ORO,418,RURAL
18,NAYARIT,3,14,SANTA MARIA DEL ORO,419,RURAL
18,NAYARIT,3,14,SANTA MARIA DEL ORO,420,URBANO(A)
18,NAYARIT,3,14,SANTA MARIA DEL ORO,421,URBANO(A)
18,NAYARIT,3,14,SANTA MARIA DEL ORO,422,RURAL
18,NAYARIT,3,14,SANTA MARIA DEL ORO,423,RURAL
18,NAYARIT,3,14,SANTA MARIA DEL ORO,424,RURAL
18,NAYARIT,3,14,SANTA MARIA DEL ORO,425,RURAL
18,NAYARIT,3,14,SANTA MARIA DEL ORO,426,RURAL
18,NAYARIT,3,14,SANTA MARIA DEL ORO,427,RURAL
18,NAYARIT,3,14,SANTA MARIA DEL ORO,428,RURAL
18,NAYARIT,3,14,SANTA MARIA DEL ORO,429,RURAL
18,NAYARIT,1,1,ACAPONETA,43,RURAL
18,NAYARIT,3,14,SANTA MARIA DEL ORO,430,URBANO(A)
18,NAYARIT,3,14,SANTA MARIA DEL ORO,431,URBANO(A)
18,NAYARIT,3,14,SANTA MARIA DEL ORO,432,RURAL
18,NAYARIT,3,14,SANTA MARIA DEL ORO,433,MIXTO(A)
18,NAYARIT,1,15,SANTIAGO IXCUINTLA,435,URBANO(A)
18,NAYARIT,1,15,SANTIAGO IXCUINTLA,436,URBANO(A)
18,NAYARIT,1,15,SANTIAGO IXCUINTLA,437,URBANO(A)
18,NAYARIT,1,15,SANTIAGO IXCUINTLA,438,URBANO(A)
18,NAYARIT,1,15,SANTIAGO IXCUINTLA,439,URBANO(A)
18,NAYARIT,1,1,ACAPONETA,44,RURAL
18,NAYARIT,1,15,SANTIAGO IXCUINTLA,440,URBANO(A)
18,NAYARIT,1,15,SANTIAGO IXCUINTLA,441,URBANO(A)
18,NAYARIT,1,15,SANTIAGO IXCUINTLA,442,URBANO(A)
18,NAYARIT,1,15,SANTIAGO IXCUINTLA,443,URBANO(A)
18,NAYARIT,1,15,SANTIAGO IXCUINTLA,444,URBANO(A)
18,NAYARIT,1,15,SANTIAGO IXCUINTLA,445,URBANO(A)
18,NAYARIT,1,15,SANTIAGO IXCUINTLA,446,URBANO(A)
18,NAYARIT,1,15,SANTIAGO IXCUINTLA,447,URBANO(A)
18,NAYARIT,1,15,SANTIAGO IXCUINTLA,448,URBANO(A)
18,NAYARIT,1,15,SANTIAGO IXCUINTLA,449,URBANO(A)
18,NAYARIT,1,1,ACAPONETA,45,RURAL
18,NAYARIT,1,15,SANTIAGO IXCUINTLA,450,URBANO(A)
18,NAYARIT,1,15,SANTIAGO IXCUINTLA,451,URBANO(A)
18,NAYARIT,1,15,SANTIAGO IXCUINTLA,452,URBANO(A)
18,NAYARIT,1,15,SANTIAGO IXCUINTLA,453,URBANO(A)
18,NAYARIT,1,15,SANTIAGO IXCUINTLA,454,URBANO(A)
18,NAYARIT,1,15,SANTIAGO IXCUINTLA,455,URBANO(A)
18,NAYARIT,1,15,SANTIAGO IXCUINTLA,456,URBANO(A)
18,NAYARIT,1,15,SANTIAGO IXCUINTLA,457,RURAL
18,NAYARIT,1,15,SANTIAGO IXCUINTLA,458,RURAL
18,NAYARIT,1,15,SANTIAGO IXCUINTLA,459,RURAL
18,NAYARIT,1,1,ACAPONETA,46,RURAL
18,NAYARIT,1,15,SANTIAGO IXCUINTLA,460,RURAL
18,NAYARIT,1,15,SANTIAGO IXCUINTLA,461,RURAL
18,NAYARIT,1,15,SANTIAGO IXCUINTLA,462,RURAL
18,NAYARIT,1,15,SANTIAGO IXCUINTLA,463,RURAL
18,NAYARIT,1,15,SANTIAGO IXCUINTLA,464,RURAL
18,NAYARIT,1,15,SANTIAGO IXCUINTLA,465,RURAL
18,NAYARIT,1,15,SANTIAGO IXCUINTLA,466,RURAL
18,NAYARIT,1,15,SANTIAGO IXCUINTLA,467,RURAL
18,NAYARIT,1,15,SANTIAGO IXCUINTLA,468,RURAL
18,NAYARIT,1,15,SANTIAGO IXCUINTLA,469,RURAL
18,NAYARIT,1,1,ACAPONETA,47,RURAL
18,NAYARIT,1,15,SANTIAGO IXCUINTLA,470,RURAL
18,NAYARIT,1,15,SANTIAGO IXCUINTLA,471,URBANO(A)
18,NAYARIT,1,15,SANTIAGO IXCUINTLA,472,URBANO(A)
18,NAYARIT,1,15,SANTIAGO IXCUINTLA,473,URBANO(A)
18,NAYARIT,1,15,SANTIAGO IXCUINTLA,474,URBANO(A)
18,NAYARIT,1,15,SANTIAGO IXCUINTLA,475,RURAL
18,NAYARIT,1,15,SANTIAGO IXCUINTLA,476,RURAL
18,NAYARIT,1,15,SANTIAGO IXCUINTLA,477,RURAL
18,NAYARIT,1,15,SANTIAGO IXCUINTLA,478,RURAL
18,NAYARIT,1,1,ACAPONETA,48,RURAL
18,NAYARIT,1,15,SANTIAGO IXCUINTLA,480,RURAL
18,NAYARIT,1,15,SANTIAGO IXCUINTLA,481,RURAL
18,NAYARIT,1,15,SANTIAGO IXCUINTLA,482,URBANO(A)
18,NAYARIT,1,15,SANTIAGO IXCUINTLA,483,URBANO(A)
18,NAYARIT,1,15,SANTIAGO IXCUINTLA,484,URBANO(A)
18,NAYARIT,1,15,SANTIAGO IXCUINTLA,485,URBANO(A)
18,NAYARIT,1,15,SANTIAGO IXCUINTLA,486,URBANO(A)
18,NAYARIT,1,15,SANTIAGO IXCUINTLA,487,RURAL
18,NAYARIT,1,15,SANTIAGO IXCUINTLA,488,RURAL
18,NAYARIT,1,15,SANTIAGO IXCUINTLA,489,MIXTO(A)
18,NAYARIT,3,2,AHUACATLAN,49,URBANO(A)
18,NAYARIT,1,15,SANTIAGO IXCUINTLA,490,URBANO(A)
18,NAYARIT,1,15,SANTIAGO IXCUINTLA,491,RURAL
18,NAYARIT,1,15,SANTIAGO IXCUINTLA,492,RURAL
18,NAYARIT,1,15,SANTIAGO IXCUINTLA,493,URBANO(A)
18,NAYARIT,1,15,SANTIAGO IXCUINTLA,494,URBANO(A)
18,NAYARIT,1,15,SANTIAGO IXCUINTLA,495,URBANO(A)
18,NAYARIT,1,15,SANTIAGO IXCUINTLA,496,RURAL
18,NAYARIT,1,15,SANTIAGO IXCUINTLA,497,RURAL
18,NAYARIT,1,15,SANTIAGO IXCUINTLA,498,RURAL
18,NAYARIT,1,15,SANTIAGO IXCUINTLA,499,RURAL
18,NAYARIT,1,1,ACAPONETA,5,URBANO(A)
18,NAYARIT,3,2,AHUACATLAN,50,URBANO(A)
18,NAYARIT,1,15,SANTIAGO IXCUINTLA,500,RURAL
18,NAYARIT,1,15,SANTIAGO IXCUINTLA,501,RURAL
18,NAYARIT,1,15,SANTIAGO IXCUINTLA,502,RURAL
18,NAYARIT,1,15,SANTIAGO IXCUINTLA,503,URBANO(A)
18,NAYARIT,1,15,SANTIAGO IXCUINTLA,504,URBANO(A)
18,NAYARIT,1,15,SANTIAGO IXCUINTLA,505,URBANO(A)
18,NAYARIT,1,15,SANTIAGO IXCUINTLA,506,URBANO(A)
18,NAYARIT,1,15,SANTIAGO IXCUINTLA,507,URBANO(A)
18,NAYARIT,1,15,SANTIAGO IXCUINTLA,508,URBANO(A)
18,NAYARIT,1,15,SANTIAGO IXCUINTLA,509,RURAL
18,NAYARIT,3,2,AHUACATLAN,51,URBANO(A)
18,NAYARIT,1,15,SANTIAGO IXCUINTLA,510,RURAL
18,NAYARIT,1,15,SANTIAGO IXCUINTLA,511,RURAL
18,NAYARIT,1,15,SANTIAGO IXCUINTLA,512,RURAL
18,NAYARIT,1,15,SANTIAGO IXCUINTLA,513,RURAL
18,NAYARIT,1,15,SANTIAGO IXCUINTLA,514,RURAL
18,NAYARIT,1,15,SANTIAGO IXCUINTLA,515,RURAL
18,NAYARIT,1,15,SANTIAGO IXCUINTLA,516,RURAL
18,NAYARIT,1,15,SANTIAGO IXCUINTLA,517,RURAL
18,NAYARIT,1,15,SANTIAGO IXCUINTLA,518,RURAL
18,NAYARIT,1,15,SANTIAGO IXCUINTLA,519,RURAL
18,NAYARIT,3,2,AHUACATLAN,52,URBANO(A)
18,NAYARIT,1,15,SANTIAGO IXCUINTLA,520,RURAL
18,NAYARIT,1,15,SANTIAGO IXCUINTLA,521,URBANO(A)
18,NAYARIT,1,15,SANTIAGO IXCUINTLA,522,MIXTO(A)
18,NAYARIT,1,15,SANTIAGO IXCUINTLA,523,URBANO(A)
18,NAYARIT,1,15,SANTIAGO IXCUINTLA,524,URBANO(A)
18,NAYARIT,1,15,SANTIAGO IXCUINTLA,525,URBANO(A)
18,NAYARIT,1,15,SANTIAGO IXCUINTLA,526,URBANO(A)
18,NAYARIT,1,15,SANTIAGO IXCUINTLA,527,URBANO(A)
18,NAYARIT,1,15,SANTIAGO IXCUINTLA,528,URBANO(A)
18,NAYARIT,1,15,SANTIAGO IXCUINTLA,529,URBANO(A)
18,NAYARIT,3,2,AHUACATLAN,53,URBANO(A)
18,NAYARIT,1,15,SANTIAGO IXCUINTLA,530,URBANO(A)
18,NAYARIT,1,15,SANTIAGO IXCUINTLA,531,URBANO(A)
18,NAYARIT,1,15,SANTIAGO IXCUINTLA,532,RURAL
18,NAYARIT,1,15,SANTIAGO IXCUINTLA,533,RURAL
18,NAYARIT,1,15,SANTIAGO IXCUINTLA,534,URBANO(A)
18,NAYARIT,1,15,SANTIAGO IXCUINTLA,535,URBANO(A)
18,NAYARIT,1,15,SANTIAGO IXCUINTLA,536,URBANO(A)
18,NAYARIT,1,15,SANTIAGO IXCUINTLA,537,URBANO(A)
18,NAYARIT,1,15,SANTIAGO IXCUINTLA,538,URBANO(A)
18,NAYARIT,1,15,SANTIAGO IXCUINTLA,539,URBANO(A)
18,NAYARIT,3,2,AHUACATLAN,54,URBANO(A)
18,NAYARIT,1,15,SANTIAGO IXCUINTLA,540,URBANO(A)
18,NAYARIT,1,15,SANTIAGO IXCUINTLA,541,URBANO(A)
18,NAYARIT,1,15,SANTIAGO IXCUINTLA,542,RURAL
18,NAYARIT,1,15,SANTIAGO IXCUINTLA,543,URBANO(A)
18,NAYARIT,1,15,SANTIAGO IXCUINTLA,544,URBANO(A)
18,NAYARIT,1,15,SANTIAGO IXCUINTLA,545,MIXTO(A)
18,NAYARIT,1,15,SANTIAGO IXCUINTLA,546,MIXTO(A)
18,NAYARIT,1,16,TECUALA,547,URBANO(A)
18,NAYARIT,1,16,TECUALA,548,URBANO(A)
18,NAYARIT,1,16,TECUALA,549,URBANO(A)
18,NAYARIT,3,2,AHUACATLAN,55,URBANO(A)
18,NAYARIT,1,16,TECUALA,550,MIXTO(A)
18,NAYARIT,1,16,TECUALA,551,URBANO(A)
18,NAYARIT,1,16,TECUALA,552,URBANO(A)
18,NAYARIT,1,16,TECUALA,553,MIXTO(A)
18,NAYARIT,1,16,TECUALA,554,URBANO(A)
18,NAYARIT,1,16,TECUALA,555,URBANO(A)
18,NAYARIT,1,16,TECUALA,556,URBANO(A)
18,NAYARIT,1,16,TECUALA,557,URBANO(A)
18,NAYARIT,1,16,TECUALA,558,URBANO(A)
18,NAYARIT,1,16,TECUALA,559,URBANO(A)
18,NAYARIT,3,2,AHUACATLAN,56,URBANO(A)
18,NAYARIT,1,16,TECUALA,560,URBANO(A)
18,NAYARIT,1,16,TECUALA,561,URBANO(A)
18,NAYARIT,1,16,TECUALA,562,URBANO(A)
18,NAYARIT,1,16,TECUALA,563,URBANO(A)
18,NAYARIT,1,16,TECUALA,564,URBANO(A)
18,NAYARIT,1,16,TECUALA,565,RURAL
18,NAYARIT,1,16,TECUALA,566,RURAL
18,NAYARIT,1,16,TECUALA,567,RURAL
18,NAYARIT,1,16,TECUALA,568,RURAL
18,NAYARIT,1,16,TECUALA,569,RURAL
18,NAYARIT,3,2,AHUACATLAN,57,RURAL
18,NAYARIT,1,16,TECUALA,570,RURAL
18,NAYARIT,1,16,TECUALA,571,URBANO(A)
18,NAYARIT,1,16,TECUALA,572,URBANO(A)
18,NAYARIT,1,16,TECUALA,573,URBANO(A)
18,NAYARIT,1,16,TECUALA,574,URBANO(A)
18,NAYARIT,1,16,TECUALA,575,URBANO(A)
18,NAYARIT,1,16,TECUALA,576,RURAL
18,NAYARIT,1,16,TECUALA,577,MIXTO(A)
18,NAYARIT,1,16,TECUALA,578,URBANO(A)
18,NAYARIT,1,16,TECUALA,579,RURAL
18,NAYARIT,3,2,AHUACATLAN,58,RURAL
18,NAYARIT,1,16,TECUALA,580,RURAL
18,NAYARIT,1,16,TECUALA,581,RURAL
18,NAYARIT,1,16,TECUALA,582,RURAL
18,NAYARIT,1,16,TECUALA,583,URBANO(A)
18,NAYARIT,1,16,TECUALA,584,URBANO(A)
18,NAYARIT,1,16,TECUALA,585,URBANO(A)
18,NAYARIT,1,16,TECUALA,586,URBANO(A)
18,NAYARIT,1,16,TECUALA,587,RURAL
18,NAYARIT,1,16,TECUALA,588,RURAL
18,NAYARIT,1,16,TECUALA,589,RURAL
18,NAYARIT,3,2,AHUACATLAN,59,RURAL
18,NAYARIT,1,16,TECUALA,590,RURAL
18,NAYARIT,1,16,TECUALA,591,RURAL
18,NAYARIT,1,16,TECUALA,592,RURAL
18,NAYARIT,1,16,TECUALA,593,RURAL
18,NAYARIT,1,16,TECUALA,594,RURAL
18,NAYARIT,1,16,TECUALA,595,RURAL
18,NAYARIT,1,16,TECUALA,596,RURAL
18,NAYARIT,2,17,TEPIC,597,URBANO(A)
18,NAYARIT,2,17,TEPIC,599,URBANO(A)
18,NAYARIT,1,1,ACAPONETA,6,URBANO(A)
18,NAYARIT,3,2,AHUACATLAN,60,RURAL
18,NAYARIT,2,17,TEPIC,600,URBANO(A)
18,NAYARIT,2,17,TEPIC,601,URBANO(A)
18,NAYARIT,2,17,TEPIC,602,URBANO(A)
18,NAYARIT,2,17,TEPIC,603,URBANO(A)
18,NAYARIT,2,17,TEPIC,604,URBANO(A)
18,NAYARIT,2,17,TEPIC,605,URBANO(A)
18,NAYARIT,2,17,TEPIC,606,URBANO(A)
18,NAYARIT,2,17,TEPIC,607,URBANO(A)
18,NAYARIT,3,2,AHUACATLAN,61,RURAL
18,NAYARIT,2,17,TEPIC,610,URBANO(A)
18,NAYARIT,2,17,TEPIC,612,URBANO(A)
18,NAYARIT,2,17,TEPIC,613,URBANO(A)
18,NAYARIT,2,17,TEPIC,614,URBANO(A)
18,NAYARIT,2,17,TEPIC,615,URBANO(A)
18,NAYARIT,2,17,TEPIC,616,URBANO(A)
18,NAYARIT,2,17,TEPIC,617,URBANO(A)
18,NAYARIT,2,17,TEPIC,618,URBANO(A)
18,NAYARIT,2,17,TEPIC,619,URBANO(A)
18,NAYARIT,3,2,AHUACATLAN,62,RURAL
18,NAYARIT,2,17,TEPIC,620,URBANO(A)
18,NAYARIT,2,17,TEPIC,621,URBANO(A)
18,NAYARIT,2,17,TEPIC,622,URBANO(A)
18,NAYARIT,2,17,TEPIC,623,URBANO(A)
18,NAYARIT,2,17,TEPIC,624,URBANO(A)
18,NAYARIT,2,17,TEPIC,625,URBANO(A)
18,NAYARIT,2,17,TEPIC,626,URBANO(A)
18,NAYARIT,2,17,TEPIC,627,URBANO(A)
18,NAYARIT,2,17,TEPIC,628,URBANO(A)
18,NAYARIT,2,17,TEPIC,629,URBANO(A)
18,NAYARIT,3,2,AHUACATLAN,63,RURAL
18,NAYARIT,2,17,TEPIC,630,URBANO(A)
18,NAYARIT,2,17,TEPIC,631,URBANO(A)
18,NAYARIT,2,17,TEPIC,632,URBANO(A)
18,NAYARIT,2,17,TEPIC,635,URBANO(A)
18,NAYARIT,2,17,TEPIC,636,URBANO(A)
18,NAYARIT,2,17,TEPIC,637,URBANO(A)
18,NAYARIT,2,17,TEPIC,638,URBANO(A)
18,NAYARIT,2,17,TEPIC,639,URBANO(A)
18,NAYARIT,3,2,AHUACATLAN,64,RURAL
18,NAYARIT,2,17,TEPIC,640,URBANO(A)
18,NAYARIT,2,17,TEPIC,641,URBANO(A)
18,NAYARIT,2,17,TEPIC,642,URBANO(A)
18,NAYARIT,2,17,TEPIC,643,URBANO(A)
18,NAYARIT,2,17,TEPIC,644,URBANO(A)
18,NAYARIT,2,17,TEPIC,645,URBANO(A)
18,NAYARIT,2,17,TEPIC,646,URBANO(A)
18,NAYARIT,2,17,TEPIC,647,URBANO(A)
18,NAYARIT,2,17,TEPIC,648,URBANO(A)
18,NAYARIT,2,17,TEPIC,649,URBANO(A)
18,NAYARIT,3,2,AHUACATLAN,65,RURAL
18,NAYARIT,2,17,TEPIC,650,URBANO(A)
18,NAYARIT,2,17,TEPIC,651,URBANO(A)
18,NAYARIT,2,17,TEPIC,652,URBANO(A)
18,NAYARIT,2,17,TEPIC,653,URBANO(A)
18,NAYARIT,2,17,TEPIC,654,URBANO(A)
18,NAYARIT,2,17,TEPIC,655,URBANO(A)
18,NAYARIT,2,17,TEPIC,656,URBANO(A)
18,NAYARIT,2,17,TEPIC,657,URBANO(A)
18,NAYARIT,2,17,TEPIC,658,URBANO(A)
18,NAYARIT,2,17,TEPIC,659,URBANO(A)
18,NAYARIT,3,3,AMATLAN DE CAÑAS,66,URBANO(A)
18,NAYARIT,2,17,TEPIC,660,URBANO(A)
18,NAYARIT,2,17,TEPIC,661,URBANO(A)
18,NAYARIT,2,17,TEPIC,662,URBANO(A)
18,NAYARIT,2,17,TEPIC,663,URBANO(A)
18,NAYARIT,2,17,TEPIC,664,URBANO(A)
18,NAYARIT,2,17,TEPIC,665,URBANO(A)
18,NAYARIT,2,17,TEPIC,666,URBANO(A)
18,NAYARIT,2,17,TEPIC,667,URBANO(A)
18,NAYARIT,2,17,TEPIC,668,URBANO(A)
18,NAYARIT,2,17,TEPIC,669,URBANO(A)
18,NAYARIT,3,3,AMATLAN DE CAÑAS,67,MIXTO(A)
18,NAYARIT,2,17,TEPIC,670,URBANO(A)
18,NAYARIT,2,17,TEPIC,671,URBANO(A)
18,NAYARIT,2,17,TEPIC,672,URBANO(A)
18,NAYARIT,2,17,TEPIC,673,URBANO(A)
18,NAYARIT,2,17,TEPIC,674,URBANO(A)
18,NAYARIT,2,17,TEPIC,675,URBANO(A)
18,NAYARIT,2,17,TEPIC,676,URBANO(A)
18,NAYARIT,2,17,TEPIC,677,URBANO(A)
18,NAYARIT,2,17,TEPIC,678,URBANO(A)
18,NAYARIT,2,17,TEPIC,679,URBANO(A)
18,NAYARIT,3,3,AMATLAN DE CAÑAS,68,URBANO(A)
18,NAYARIT,2,17,TEPIC,680,URBANO(A)
18,NAYARIT,2,17,TEPIC,681,URBANO(A)
18,NAYARIT,2,17,TEPIC,682,URBANO(A)
18,NAYARIT,2,17,TEPIC,683,URBANO(A)
18,NAYARIT,2,17,TEPIC,684,URBANO(A)
18,NAYARIT,2,17,TEPIC,685,URBANO(A)
18,NAYARIT,2,17,TEPIC,686,URBANO(A)
18,NAYARIT,2,17,TEPIC,687,URBANO(A)
18,NAYARIT,2,17,TEPIC,688,URBANO(A)
18,NAYARIT,2,17,TEPIC,689,URBANO(A)
18,NAYARIT,3,3,AMATLAN DE CAÑAS,69,MIXTO(A)
18,NAYARIT,2,17,TEPIC,690,URBANO(A)
18,NAYARIT,2,17,TEPIC,691,URBANO(A)
18,NAYARIT,2,17,TEPIC,692,URBANO(A)
18,NAYARIT,2,17,TEPIC,693,URBANO(A)
18,NAYARIT,2,17,TEPIC,694,URBANO(A)
18,NAYARIT,2,17,TEPIC,696,URBANO(A)
18,NAYARIT,2,17,TEPIC,697,URBANO(A)
18,NAYARIT,2,17,TEPIC,698,URBANO(A)
18,NAYARIT,2,17,TEPIC,699,URBANO(A)
18,NAYARIT,1,1,ACAPONETA,7,URBANO(A)
18,NAYARIT,3,3,AMATLAN DE CAÑAS,70,URBANO(A)
18,NAYARIT,2,17,TEPIC,700,URBANO(A)
18,NAYARIT,2,17,TEPIC,701,URBANO(A)
18,NAYARIT,2,17,TEPIC,702,URBANO(A)
18,NAYARIT,2,17,TEPIC,703,URBANO(A)
18,NAYARIT,2,17,TEPIC,704,URBANO(A)
18,NAYARIT,2,17,TEPIC,705,URBANO(A)
18,NAYARIT,2,17,TEPIC,706,URBANO(A)
18,NAYARIT,2,17,TEPIC,707,URBANO(A)
18,NAYARIT,2,17,TEPIC,708,URBANO(A)
18,NAYARIT,2,17,TEPIC,709,URBANO(A)
18,NAYARIT,3,3,AMATLAN DE CAÑAS,71,RURAL
18,NAYARIT,2,17,TEPIC,710,URBANO(A)
18,NAYARIT,2,17,TEPIC,712,URBANO(A)
18,NAYARIT,2,17,TEPIC,713,URBANO(A)
18,NAYARIT,2,17,TEPIC,714,URBANO(A)
18,NAYARIT,2,17,TEPIC,715,URBANO(A)
18,NAYARIT,2,17,TEPIC,716,URBANO(A)
18,NAYARIT,2,17,TEPIC,717,URBANO(A)
18,NAYARIT,2,17,TEPIC,718,URBANO(A)
18,NAYARIT,2,17,TEPIC,719,URBANO(A)
18,NAYARIT,3,3,AMATLAN DE CAÑAS,72,RURAL
18,NAYARIT,2,17,TEPIC,720,URBANO(A)
18,NAYARIT,2,17,TEPIC,721,URBANO(A)
18,NAYARIT,2,17,TEPIC,722,URBANO(A)
18,NAYARIT,2,17,TEPIC,723,URBANO(A)
18,NAYARIT,2,17,TEPIC,724,URBANO(A)
18,NAYARIT,2,17,TEPIC,725,URBANO(A)
18,NAYARIT,2,17,TEPIC,726,URBANO(A)
18,NAYARIT,2,17,TEPIC,727,URBANO(A)
18,NAYARIT,2,17,TEPIC,728,URBANO(A)
18,NAYARIT,2,17,TEPIC,729,URBANO(A)
18,NAYARIT,2,17,TEPIC,730,URBANO(A)
18,NAYARIT,2,17,TEPIC,731,URBANO(A)
18,NAYARIT,2,17,TEPIC,732,URBANO(A)
18,NAYARIT,2,17,TEPIC,733,URBANO(A)
18,NAYARIT,2,17,TEPIC,734,URBANO(A)
18,NAYARIT,2,17,TEPIC,735,URBANO(A)
18,NAYARIT,2,17,TEPIC,736,URBANO(A)
18,NAYARIT,2,17,TEPIC,738,URBANO(A)
18,NAYARIT,2,17,TEPIC,739,URBANO(A)
18,NAYARIT,3,3,AMATLAN DE CAÑAS,74,RURAL
18,NAYARIT,2,17,TEPIC,740,URBANO(A)
18,NAYARIT,2,17,TEPIC,741,URBANO(A)
18,NAYARIT,2,17,TEPIC,742,URBANO(A)
18,NAYARIT,2,17,TEPIC,743,URBANO(A)
18,NAYARIT,2,17,TEPIC,744,URBANO(A)
18,NAYARIT,2,17,TEPIC,745,URBANO(A)
18,NAYARIT,2,17,TEPIC,746,URBANO(A)
18,NAYARIT,2,17,TEPIC,747,URBANO(A)
18,NAYARIT,2,17,TEPIC,748,URBANO(A)
18,NAYARIT,2,17,TEPIC,749,URBANO(A)
18,NAYARIT,3,3,AMATLAN DE CAÑAS,75,RURAL
18,NAYARIT,2,17,TEPIC,750,URBANO(A)
18,NAYARIT,2,17,TEPIC,751,URBANO(A)
18,NAYARIT,2,17,TEPIC,752,URBANO(A)
18,NAYARIT,2,17,TEPIC,753,URBANO(A)
18,NAYARIT,2,17,TEPIC,754,URBANO(A)
18,NAYARIT,2,17,TEPIC,755,URBANO(A)
18,NAYARIT,2,17,TEPIC,756,URBANO(A)
18,NAYARIT,2,17,TEPIC,757,URBANO(A)
18,NAYARIT,2,17,TEPIC,759,URBANO(A)
18,NAYARIT,3,3,AMATLAN DE CAÑAS,76,RURAL
18,NAYARIT,2,17,TEPIC,761,URBANO(A)
18,NAYARIT,2,17,TEPIC,762,URBANO(A)
18,NAYARIT,2,17,TEPIC,763,URBANO(A)
18,NAYARIT,2,17,TEPIC,765,URBANO(A)
18,NAYARIT,2,17,TEPIC,766,URBANO(A)
18,NAYARIT,2,17,TEPIC,767,URBANO(A)
18,NAYARIT,2,17,TEPIC,768,RURAL
18,NAYARIT,2,17,TEPIC,769,RURAL
18,NAYARIT,3,3,AMATLAN DE CAÑAS,77,MIXTO(A)
18,NAYARIT,2,17,TEPIC,770,MIXTO(A)
18,NAYARIT,2,17,TEPIC,771,RURAL
18,NAYARIT,2,17,TEPIC,772,RURAL
18,NAYARIT,2,17,TEPIC,773,RURAL
18,NAYARIT,2,17,TEPIC,774,RURAL
18,NAYARIT,2,17,TEPIC,775,RURAL
18,NAYARIT,2,17,TEPIC,776,RURAL
18,NAYARIT,2,17,TEPIC,777,RURAL
18,NAYARIT,2,17,TEPIC,778,RURAL
18,NAYARIT,2,17,TEPIC,779,URBANO(A)
18,NAYARIT,3,3,AMATLAN DE CAÑAS,78,URBANO(A)
18,NAYARIT,2,17,TEPIC,780,URBANO(A)
18,NAYARIT,2,17,TEPIC,781,MIXTO(A)
18,NAYARIT,2,17,TEPIC,782,URBANO(A)
18,NAYARIT,2,17,TEPIC,783,URBANO(A)
18,NAYARIT,2,17,TEPIC,784,RURAL
18,NAYARIT,2,17,TEPIC,785,RURAL
18,NAYARIT,2,17,TEPIC,786,RURAL
18,NAYARIT,2,17,TEPIC,787,RURAL
18,NAYARIT,2,17,TEPIC,788,URBANO(A)
18,NAYARIT,2,17,TEPIC,789,URBANO(A)
18,NAYARIT,3,3,AMATLAN DE CAÑAS,79,RURAL
18,NAYARIT,2,17,TEPIC,790,RURAL
18,NAYARIT,2,17,TEPIC,791,RURAL
18,NAYARIT,2,17,TEPIC,792,RURAL
18,NAYARIT,2,17,TEPIC,793,RURAL
18,NAYARIT,2,17,TEPIC,794,RURAL
18,NAYARIT,2,17,TEPIC,795,RURAL
18,NAYARIT,2,17,TEPIC,796,RURAL
18,NAYARIT,2,17,TEPIC,797,RURAL
18,NAYARIT,2,17,TEPIC,798,RURAL
18,NAYARIT,1,1,ACAPONETA,8,URBANO(A)
18,NAYARIT,3,3,AMATLAN DE CAÑAS,80,URBANO(A)
18,NAYARIT,2,17,TEPIC,800,RURAL
18,NAYARIT,2,17,TEPIC,801,RURAL
18,NAYARIT,2,17,TEPIC,802,RURAL
18,NAYARIT,2,17,TEPIC,803,RURAL
18,NAYARIT,2,17,TEPIC,804,URBANO(A)
18,NAYARIT,2,17,TEPIC,805,MIXTO(A)
18,NAYARIT,2,17,TEPIC,806,RURAL
18,NAYARIT,2,17,TEPIC,807,URBANO(A)
18,NAYARIT,2,17,TEPIC,808,RURAL
18,NAYARIT,2,17,TEPIC,809,URBANO(A)
18,NAYARIT,3,3,AMATLAN DE CAÑAS,81,URBANO(A)
18,NAYARIT,1,18,TUXPAN,810,MIXTO(A)
18,NAYARIT,1,18,TUXPAN,811,URBANO(A)
18,NAYARIT,1,18,TUXPAN,812,URBANO(A)
18,NAYARIT,1,18,TUXPAN,813,URBANO(A)
18,NAYARIT,1,18,TUXPAN,814,URBANO(A)
18,NAYARIT,1,18,TUXPAN,815,URBANO(A)
18,NAYARIT,1,18,TUXPAN,816,URBANO(A)
18,NAYARIT,1,18,TUXPAN,817,URBANO(A)
18,NAYARIT,1,18,TUXPAN,818,URBANO(A)
18,NAYARIT,1,18,TUXPAN,819,URBANO(A)
18,NAYARIT,3,3,AMATLAN DE CAÑAS,82,URBANO(A)
18,NAYARIT,1,18,TUXPAN,820,URBANO(A)
18,NAYARIT,1,18,TUXPAN,821,MIXTO(A)
18,NAYARIT,1,18,TUXPAN,822,URBANO(A)
18,NAYARIT,1,18,TUXPAN,823,URBANO(A)
18,NAYARIT,1,18,TUXPAN,824,URBANO(A)
18,NAYARIT,1,18,TUXPAN,825,URBANO(A)
18,NAYARIT,1,18,TUXPAN,826,URBANO(A)
18,NAYARIT,1,18,TUXPAN,827,URBANO(A)
18,NAYARIT,1,18,TUXPAN,828,URBANO(A)
18,NAYARIT,1,18,TUXPAN,829,URBANO(A)
18,NAYARIT,3,3,AMATLAN DE CAÑAS,83,URBANO(A)
18,NAYARIT,1,18,TUXPAN,830,URBANO(A)
18,NAYARIT,1,18,TUXPAN,831,URBANO(A)
18,NAYARIT,1,18,TUXPAN,832,URBANO(A)
18,NAYARIT,1,18,TUXPAN,833,URBANO(A)
18,NAYARIT,1,18,TUXPAN,834,URBANO(A)
18,NAYARIT,1,18,TUXPAN,835,URBANO(A)
18,NAYARIT,1,18,TUXPAN,836,RURAL
18,NAYARIT,1,18,TUXPAN,837,MIXTO(A)
18,NAYARIT,1,18,TUXPAN,838,URBANO(A)
18,NAYARIT,1,18,TUXPAN,839,URBANO(A)
18,NAYARIT,3,3,AMATLAN DE CAÑAS,84,RURAL
18,NAYARIT,1,18,TUXPAN,840,URBANO(A)
18,NAYARIT,1,18,TUXPAN,841,URBANO(A)
18,NAYARIT,1,18,TUXPAN,842,URBANO(A)
18,NAYARIT,1,18,TUXPAN,843,URBANO(A)
18,NAYARIT,3,19,XALISCO,844,URBANO(A)
18,NAYARIT,3,19,XALISCO,846,URBANO(A)
18,NAYARIT,3,19,XALISCO,848,URBANO(A)
18,NAYARIT,3,19,XALISCO,849,URBANO(A)
18,NAYARIT,3,19,XALISCO,850,MIXTO(A)
18,NAYARIT,3,19,XALISCO,851,URBANO(A)
18,NAYARIT,3,19,XALISCO,852,URBANO(A)
18,NAYARIT,3,19,XALISCO,853,MIXTO(A)
18,NAYARIT,3,19,XALISCO,854,MIXTO(A)
18,NAYARIT,3,19,XALISCO,855,URBANO(A)
18,NAYARIT,3,19,XALISCO,856,RURAL
18,NAYARIT,3,19,XALISCO,857,URBANO(A)
18,NAYARIT,3,19,XALISCO,858,URBANO(A)
18,NAYARIT,3,19,XALISCO,859,URBANO(A)
18,NAYARIT,3,3,AMATLAN DE CAÑAS,86,RURAL
18,NAYARIT,3,19,XALISCO,860,RURAL
18,NAYARIT,3,19,XALISCO,861,RURAL
18,NAYARIT,3,19,XALISCO,862,RURAL
18,NAYARIT,3,19,XALISCO,863,RURAL
18,NAYARIT,3,19,XALISCO,864,RURAL
18,NAYARIT,3,19,XALISCO,865,RURAL
18,NAYARIT,3,20,LA YESCA,866,MIXTO(A)
18,NAYARIT,3,20,LA YESCA,867,RURAL
18,NAYARIT,3,20,LA YESCA,868,MIXTO(A)
18,NAYARIT,3,20,LA YESCA,869,URBANO(A)
18,NAYARIT,3,20,LA YESCA,870,RURAL
18,NAYARIT,3,20,LA YESCA,872,RURAL
18,NAYARIT,3,20,LA YESCA,873,RURAL
18,NAYARIT,3,20,LA YESCA,874,RURAL
18,NAYARIT,3,20,LA YESCA,875,RURAL
18,NAYARIT,3,20,LA YESCA,876,RURAL
18,NAYARIT,3,20,LA YESCA,878,RURAL
18,NAYARIT,2,17,TEPIC,879,URBANO(A)
18,NAYARIT,3,3,AMATLAN DE CAÑAS,88,RURAL
18,NAYARIT,2,17,TEPIC,880,URBANO(A)
18,NAYARIT,2,17,TEPIC,881,URBANO(A)
18,NAYARIT,2,17,TEPIC,882,MIXTO(A)
18,NAYARIT,2,17,TEPIC,883,URBANO(A)
18,NAYARIT,2,17,TEPIC,884,URBANO(A)
18,NAYARIT,2,17,TEPIC,885,URBANO(A)
18,NAYARIT,2,17,TEPIC,886,URBANO(A)
18,NAYARIT,2,17,TEPIC,887,URBANO(A)
18,NAYARIT,2,17,TEPIC,888,URBANO(A)
18,NAYARIT,2,17,TEPIC,889,URBANO(A)
18,NAYARIT,3,3,AMATLAN DE CAÑAS,89,RURAL
18,NAYARIT,2,17,TEPIC,890,URBANO(A)
18,NAYARIT,2,17,TEPIC,891,URBANO(A)
18,NAYARIT,2,17,TEPIC,892,URBANO(A)
18,NAYARIT,2,17,TEPIC,893,URBANO(A)
18,NAYARIT,2,17,TEPIC,894,URBANO(A)
18,NAYARIT,2,17,TEPIC,895,URBANO(A)
18,NAYARIT,2,17,TEPIC,896,URBANO(A)
18,NAYARIT,2,17,TEPIC,897,URBANO(A)
18,NAYARIT,2,17,TEPIC,898,URBANO(A)
18,NAYARIT,2,17,TEPIC,899,URBANO(A)
18,NAYARIT,1,1,ACAPONETA,9,URBANO(A)
18,NAYARIT,2,17,TEPIC,900,URBANO(A)
18,NAYARIT,2,17,TEPIC,901,URBANO(A)
18,NAYARIT,2,17,TEPIC,902,URBANO(A)
18,NAYARIT,2,17,TEPIC,903,URBANO(A)
18,NAYARIT,2,17,TEPIC,904,URBANO(A)
18,NAYARIT,2,17,TEPIC,905,URBANO(A)
18,NAYARIT,2,17,TEPIC,906,URBANO(A)
18,NAYARIT,2,17,TEPIC,907,URBANO(A)
18,NAYARIT,2,17,TEPIC,908,URBANO(A)
18,NAYARIT,2,17,TEPIC,909,URBANO(A)
18,NAYARIT,3,4,BAHIA DE BANDERAS,91,URBANO(A)
18,NAYARIT,2,17,TEPIC,910,URBANO(A)
18,NAYARIT,2,17,TEPIC,911,URBANO(A)
18,NAYARIT,2,17,TEPIC,912,URBANO(A)
18,NAYARIT,2,17,TEPIC,913,URBANO(A)
18,NAYARIT,2,17,TEPIC,914,URBANO(A)
18,NAYARIT,2,17,TEPIC,915,URBANO(A)
18,NAYARIT,2,17,TEPIC,916,URBANO(A)
18,NAYARIT,2,17,TEPIC,917,URBANO(A)
18,NAYARIT,2,17,TEPIC,918,URBANO(A)
18,NAYARIT,2,17,TEPIC,919,URBANO(A)
18,NAYARIT,3,4,BAHIA DE BANDERAS,92,URBANO(A)
18,NAYARIT,2,17,TEPIC,920,URBANO(A)
18,NAYARIT,2,17,TEPIC,921,URBANO(A)
18,NAYARIT,2,17,TEPIC,922,URBANO(A)
18,NAYARIT,2,17,TEPIC,923,URBANO(A)
18,NAYARIT,2,17,TEPIC,924,URBANO(A)
18,NAYARIT,2,17,TEPIC,925,URBANO(A)
18,NAYARIT,2,17,TEPIC,926,URBANO(A)
18,NAYARIT,2,17,TEPIC,927,URBANO(A)
18,NAYARIT,2,17,TEPIC,928,URBANO(A)
18,NAYARIT,2,17,TEPIC,929,URBANO(A)
18,NAYARIT,3,4,BAHIA DE BANDERAS,93,RURAL
18,NAYARIT,2,17,TEPIC,930,URBANO(A)
18,NAYARIT,2,17,TEPIC,931,URBANO(A)
18,NAYARIT,2,17,TEPIC,932,URBANO(A)
18,NAYARIT,2,17,TEPIC,933,URBANO(A)
18,NAYARIT,2,17,TEPIC,934,URBANO(A)
18,NAYARIT,2,17,TEPIC,935,URBANO(A)
18,NAYARIT,2,17,TEPIC,936,URBANO(A)
18,NAYARIT,2,17,TEPIC,937,URBANO(A)
18,NAYARIT,2,17,TEPIC,938,URBANO(A)
18,NAYARIT,2,17,TEPIC,939,URBANO(A)
18,NAYARIT,3,4,BAHIA DE BANDERAS,94,RURAL
18,NAYARIT,2,17,TEPIC,940,URBANO(A)
18,NAYARIT,2,17,TEPIC,941,URBANO(A)
18,NAYARIT,2,17,TEPIC,942,URBANO(A)
18,NAYARIT,2,17,TEPIC,943,URBANO(A)
18,NAYARIT,2,17,TEPIC,944,URBANO(A)
18,NAYARIT,2,17,TEPIC,945,URBANO(A)
18,NAYARIT,2,17,TEPIC,946,URBANO(A)
18,NAYARIT,2,17,TEPIC,947,URBANO(A)
18,NAYARIT,2,17,TEPIC,948,URBANO(A)
18,NAYARIT,2,17,TEPIC,949,URBANO(A)
18,NAYARIT,3,4,BAHIA DE BANDERAS,95,RURAL
18,NAYARIT,2,17,TEPIC,950,URBANO(A)
18,NAYARIT,2,17,TEPIC,951,URBANO(A)
18,NAYARIT,2,17,TEPIC,952,URBANO(A)
18,NAYARIT,2,17,TEPIC,953,URBANO(A)
18,NAYARIT,2,17,TEPIC,954,URBANO(A)
18,NAYARIT,2,17,TEPIC,955,URBANO(A)
18,NAYARIT,2,17,TEPIC,956,URBANO(A)
18,NAYARIT,2,17,TEPIC,957,URBANO(A)
18,NAYARIT,2,17,TEPIC,958,URBANO(A)
18,NAYARIT,2,17,TEPIC,959,URBANO(A)
18,NAYARIT,3,4,BAHIA DE BANDERAS,96,RURAL
18,NAYARIT,2,17,TEPIC,960,URBANO(A)
18,NAYARIT,2,17,TEPIC,961,URBANO(A)
18,NAYARIT,2,17,TEPIC,962,URBANO(A)
18,NAYARIT,2,17,TEPIC,963,URBANO(A)
18,NAYARIT,2,17,TEPIC,964,URBANO(A)
18,NAYARIT,2,17,TEPIC,965,URBANO(A)
18,NAYARIT,2,17,TEPIC,966,URBANO(A)
18,NAYARIT,2,17,TEPIC,967,URBANO(A)
18,NAYARIT,2,17,TEPIC,968,URBANO(A)
18,NAYARIT,2,17,TEPIC,969,URBANO(A)
18,NAYARIT,3,4,BAHIA DE BANDERAS,97,RURAL
18,NAYARIT,2,17,TEPIC,970,URBANO(A)
18,NAYARIT,2,17,TEPIC,971,URBANO(A)
18,NAYARIT,3,4,BAHIA DE BANDERAS,972,MIXTO(A)
18,NAYARIT,3,4,BAHIA DE BANDERAS,973,RURAL
18,NAYARIT,3,4,BAHIA DE BANDERAS,974,MIXTO(A)
18,NAYARIT,3,4,BAHIA DE BANDERAS,975,MIXTO(A)
18,NAYARIT,3,4,BAHIA DE BANDERAS,976,MIXTO(A)
18,NAYARIT,3,4,BAHIA DE BANDERAS,977,URBANO(A)
18,NAYARIT,3,4,BAHIA DE BANDERAS,978,URBANO(A)
18,NAYARIT,3,4,BAHIA DE BANDERAS,979,URBANO(A)
18,NAYARIT,3,4,BAHIA DE BANDERAS,98,MIXTO(A)
18,NAYARIT,3,4,BAHIA DE BANDERAS,980,MIXTO(A)
18,NAYARIT,3,4,BAHIA DE BANDERAS,981,URBANO(A)
18,NAYARIT,3,19,XALISCO,982,MIXTO(A)
18,NAYARIT,3,19,XALISCO,983,URBANO(A)
18,NAYARIT,2,17,TEPIC,985,URBANO(A)
18,NAYARIT,2,17,TEPIC,986,URBANO(A)
18,NAYARIT,1,9,DEL NAYAR,987,RURAL
18,NAYARIT,1,9,DEL NAYAR,988,RURAL
18,NAYARIT,1,9,DEL NAYAR,989,RURAL
18,NAYARIT,3,4,BAHIA DE BANDERAS,99,MIXTO(A)
18,NAYARIT,1,9,DEL NAYAR,990,RURAL
18,NAYARIT,1,1,ACAPONETA,991,URBANO(A)
18,NAYARIT,2,17,TEPIC,992,URBANO(A)
18,NAYARIT,2,17,TEPIC,993,URBANO(A)
18,NAYARIT,3,19,XALISCO,994,URBANO(A)
18,NAYARIT,3,19,XALISCO,995,URBANO(A)
18,NAYARIT,2,17,TEPIC,996,MIXTO(A)
18,NAYARIT,2,17,TEPIC,997,URBANO(A)
18,NAYARIT,2,17,TEPIC,998,MIXTO(A)
18,NAYARIT,2,17,TEPIC,999,URBANO(A)
