"seccion","edon","munn","disn2018","disn2013"
1,13,1,9,18
2,13,1,9,18
3,13,1,9,18
4,13,1,9,18
5,13,1,9,18
6,13,1,9,18
7,13,1,9,18
8,13,1,9,18
9,13,1,9,18
10,13,1,9,18
11,13,1,9,18
12,13,1,9,18
13,13,2,4,10
14,13,2,4,10
15,13,2,4,10
16,13,2,4,10
17,13,2,4,10
18,13,2,4,10
19,13,2,4,10
20,13,2,4,10
21,13,2,4,10
22,13,2,4,10
23,13,2,4,10
24,13,2,4,10
25,13,2,4,10
26,13,2,4,10
27,13,2,4,10
28,13,2,4,10
29,13,2,4,10
30,13,2,4,10
31,13,2,4,10
32,13,2,4,10
33,13,2,4,10
34,13,3,1,14
35,13,3,1,14
36,13,3,1,14
37,13,3,1,14
38,13,3,1,14
39,13,3,1,14
40,13,3,1,14
41,13,3,1,14
42,13,3,1,14
43,13,3,1,14
44,13,3,1,14
45,13,3,1,14
46,13,3,1,14
47,13,3,1,14
48,13,3,1,14
49,13,3,1,14
50,13,3,1,14
51,13,3,1,14
52,13,3,1,14
53,13,3,1,14
54,13,3,1,14
55,13,3,1,14
56,13,3,1,14
57,13,3,1,14
58,13,3,1,14
59,13,3,1,14
60,13,3,1,14
61,13,3,1,14
62,13,3,1,14
63,13,3,1,14
64,13,3,1,14
65,13,3,1,14
66,13,3,1,14
67,13,3,1,14
68,13,3,1,14
69,13,4,9,10
70,13,4,9,10
71,13,4,9,10
72,13,4,9,10
73,13,4,9,10
74,13,4,9,10
75,13,4,9,10
76,13,4,9,10
77,13,4,9,10
78,13,4,9,10
79,13,4,9,10
80,13,4,9,10
81,13,5,6,5
82,13,5,6,5
83,13,5,6,5
84,13,5,6,5
85,13,5,6,5
86,13,5,6,5
87,13,5,6,5
88,13,5,6,5
89,13,5,6,5
90,13,5,6,5
91,13,5,6,5
92,13,6,18,16
93,13,6,18,16
94,13,6,18,16
95,13,6,18,16
96,13,6,18,16
97,13,6,18,16
98,13,6,18,16
99,13,6,18,16
100,13,6,18,16
101,13,6,18,16
102,13,6,18,16
103,13,6,18,16
104,13,6,18,16
105,13,6,18,16
106,13,6,18,16
107,13,6,18,16
108,13,6,18,16
109,13,6,18,16
110,13,6,18,16
111,13,6,18,16
112,13,6,18,16
113,13,6,18,16
114,13,7,4,11
115,13,7,4,11
116,13,7,4,11
117,13,7,4,11
118,13,7,4,11
119,13,7,4,11
120,13,7,4,11
121,13,7,4,11
122,13,7,4,11
123,13,7,4,11
124,13,7,4,11
125,13,7,4,11
126,13,7,4,11
127,13,8,4,11
128,13,8,4,11
129,13,8,4,11
130,13,8,4,11
131,13,8,4,11
132,13,8,4,11
133,13,8,4,11
134,13,8,4,11
135,13,8,4,11
136,13,8,4,11
137,13,8,4,11
138,13,8,4,11
139,13,8,4,11
140,13,8,4,11
141,13,8,4,11
142,13,8,4,11
143,13,8,4,11
144,13,8,4,11
145,13,8,4,11
146,13,8,4,11
147,13,8,4,11
148,13,8,4,11
149,13,8,4,11
150,13,8,4,11
151,13,8,4,11
152,13,9,2,5
153,13,9,2,5
154,13,9,2,5
155,13,9,2,5
156,13,9,2,5
157,13,9,2,5
158,13,9,2,5
159,13,9,2,5
160,13,9,2,5
161,13,9,2,5
162,13,10,14,13
163,13,10,14,13
164,13,10,14,13
165,13,10,14,13
166,13,10,14,13
167,13,10,14,13
168,13,10,14,13
169,13,10,14,13
170,13,10,14,13
171,13,10,14,13
172,13,10,14,13
173,13,10,14,13
174,13,10,14,13
175,13,10,14,13
176,13,10,14,13
177,13,10,14,13
178,13,11,1,18
179,13,11,1,18
180,13,11,1,18
181,13,11,1,18
182,13,11,1,18
183,13,11,1,18
184,13,11,1,18
185,13,11,1,18
186,13,11,1,18
187,13,11,1,18
188,13,11,1,18
189,13,11,1,18
190,13,11,1,18
191,13,11,1,18
192,13,11,1,18
193,13,11,1,18
194,13,11,1,18
195,13,11,1,18
196,13,11,1,18
197,13,11,1,18
198,13,11,1,18
199,13,11,1,18
200,13,11,1,18
201,13,11,1,18
202,13,11,1,18
203,13,11,1,18
204,13,11,1,18
205,13,11,1,18
206,13,12,2,5
207,13,12,2,5
208,13,12,2,5
209,13,12,2,5
210,13,12,2,5
211,13,12,2,5
212,13,12,2,5
213,13,12,2,5
214,13,12,2,5
215,13,12,2,5
216,13,12,2,5
217,13,12,2,5
218,13,12,2,5
219,13,12,2,5
220,13,12,2,5
221,13,12,2,5
222,13,12,2,5
223,13,12,2,5
224,13,13,7,15
225,13,13,7,15
226,13,13,7,15
227,13,13,7,15
228,13,13,7,15
229,13,13,7,15
230,13,13,7,15
231,13,13,7,15
232,13,13,7,15
233,13,13,7,15
234,13,13,7,15
235,13,13,7,15
236,13,13,7,15
237,13,13,7,15
238,13,13,7,15
239,13,13,7,15
240,13,14,16,16
241,13,14,16,16
242,13,14,16,16
243,13,14,16,16
244,13,14,16,16
245,13,14,16,16
246,13,14,16,16
247,13,14,16,16
248,13,14,16,16
249,13,14,16,16
250,13,14,16,16
251,13,14,16,16
252,13,14,16,16
253,13,14,16,16
254,13,14,16,16
255,13,14,16,16
256,13,14,16,16
257,13,15,4,3
258,13,15,4,3
259,13,15,4,3
260,13,15,4,3
261,13,15,4,3
262,13,15,4,3
263,13,15,4,3
264,13,15,4,3
265,13,15,4,3
266,13,15,4,3
267,13,15,4,3
268,13,15,4,3
269,13,15,4,3
270,13,15,4,3
271,13,15,4,3
272,13,15,4,3
273,13,15,4,3
274,13,15,4,3
275,13,15,4,3
276,13,15,4,3
277,13,15,4,3
278,13,15,4,3
279,13,15,4,3
280,13,15,4,3
281,13,16,5,6
282,13,16,5,6
283,13,16,5,6
284,13,16,5,6
285,13,16,5,6
286,13,16,5,6
287,13,16,5,6
288,13,16,5,6
289,13,16,5,6
290,13,16,5,6
291,13,17,18,17
292,13,17,18,17
293,13,17,18,17
294,13,17,18,17
295,13,17,18,17
296,13,17,18,17
297,13,17,18,17
298,13,17,18,17
299,13,17,18,17
300,13,17,18,17
301,13,17,18,17
302,13,17,18,17
303,13,17,18,17
304,13,17,18,17
305,13,17,18,17
306,13,17,18,17
307,13,17,18,17
308,13,17,18,17
309,13,17,18,17
310,13,17,18,17
311,13,17,18,17
312,13,17,18,17
313,13,17,18,17
314,13,17,18,17
315,13,17,18,17
316,13,18,16,16
317,13,18,16,16
318,13,18,16,16
319,13,18,16,16
320,13,18,16,16
321,13,18,16,16
322,13,18,16,16
323,13,18,16,16
324,13,18,16,16
325,13,18,16,16
326,13,18,16,16
327,13,18,16,16
328,13,18,16,16
329,13,18,16,16
330,13,18,16,16
331,13,19,1,14
332,13,19,1,14
333,13,19,1,14
334,13,19,1,14
335,13,19,1,14
336,13,19,1,14
337,13,19,1,14
338,13,19,1,14
339,13,19,1,14
340,13,19,1,14
341,13,19,1,14
342,13,20,7,9
343,13,20,7,9
344,13,20,7,9
345,13,20,7,9
346,13,20,7,9
347,13,20,7,9
348,13,20,7,9
349,13,20,7,9
350,13,21,4,11
351,13,21,4,11
352,13,21,4,11
353,13,21,4,11
354,13,21,4,11
355,13,21,4,11
356,13,21,4,11
357,13,21,4,11
358,13,22,13,2
359,13,22,13,2
360,13,22,13,2
361,13,22,13,2
362,13,22,13,2
363,13,22,13,2
364,13,22,13,2
365,13,22,13,2
366,13,22,13,2
367,13,22,13,2
368,13,22,13,2
369,13,23,6,14
370,13,23,6,14
371,13,23,6,14
372,13,23,6,14
373,13,23,6,14
374,13,23,6,14
375,13,23,6,14
376,13,23,6,14
377,13,23,6,14
378,13,23,6,14
379,13,23,6,14
380,13,23,6,14
381,13,23,6,14
382,13,23,6,14
383,13,23,6,14
384,13,23,6,14
385,13,23,6,14
386,13,24,9,18
387,13,24,9,18
388,13,24,9,18
389,13,24,9,18
390,13,24,9,18
391,13,24,9,18
392,13,24,9,18
393,13,24,9,18
394,13,24,9,18
395,13,24,9,18
396,13,24,9,18
397,13,24,9,18
398,13,24,9,18
399,13,24,9,18
400,13,24,9,18
401,13,24,9,18
402,13,24,9,18
403,13,24,9,18
404,13,24,9,18
405,13,25,15,13
406,13,25,15,13
407,13,25,15,13
408,13,25,15,13
409,13,25,15,13
410,13,25,15,13
411,13,25,15,13
412,13,25,15,13
413,13,25,15,13
414,13,25,15,13
415,13,25,15,13
416,13,25,15,13
417,13,25,15,13
418,13,25,15,13
419,13,25,15,13
420,13,25,15,13
421,13,25,15,13
422,13,25,15,13
423,13,25,15,13
424,13,25,15,13
425,13,25,15,13
426,13,25,15,13
427,13,25,15,13
428,13,25,15,13
429,13,25,15,13
430,13,25,15,13
431,13,26,14,15
432,13,26,14,15
433,13,26,14,15
434,13,26,14,15
435,13,26,14,15
436,13,26,14,15
437,13,26,14,15
438,13,26,14,15
439,13,26,14,15
440,13,26,14,15
441,13,27,9,10
442,13,27,9,10
443,13,27,9,10
444,13,27,9,10
445,13,27,9,10
446,13,27,9,10
447,13,27,9,10
448,13,27,9,10
449,13,27,9,10
450,13,27,9,10
451,13,27,9,10
452,13,27,9,10
453,13,27,9,10
454,13,27,9,10
455,13,27,9,10
456,13,27,9,10
457,13,28,15,13
458,13,28,15,13
459,13,28,15,13
460,13,28,15,13
461,13,28,15,13
462,13,28,15,13
463,13,28,15,13
464,13,28,15,13
465,13,28,15,13
466,13,28,15,13
467,13,28,15,13
468,13,28,15,13
469,13,28,15,13
470,13,28,15,13
471,13,28,15,13
472,13,28,15,13
473,13,28,15,13
474,13,28,15,13
475,13,28,15,13
476,13,28,15,13
477,13,28,15,13
478,13,28,15,13
479,13,28,15,13
480,13,28,15,13
481,13,28,15,13
482,13,28,15,13
483,13,28,15,13
484,13,28,15,13
485,13,28,15,13
486,13,28,15,13
487,13,28,15,13
488,13,28,15,13
489,13,28,15,13
490,13,28,15,13
491,13,28,15,13
492,13,28,15,13
493,13,28,15,13
494,13,28,15,13
495,13,28,15,13
496,13,28,15,13
497,13,28,15,13
498,13,28,15,13
499,13,28,15,13
500,13,28,15,13
501,13,28,15,13
502,13,28,15,13
503,13,28,15,13
504,13,28,15,13
505,13,28,15,13
506,13,28,15,13
507,13,28,15,13
508,13,28,15,13
509,13,28,15,13
510,13,29,5,6
511,13,29,5,6
512,13,29,5,6
513,13,29,5,6
514,13,29,5,6
515,13,29,5,6
516,13,29,5,6
517,13,29,5,6
518,13,29,5,6
519,13,29,5,6
520,13,29,5,6
521,13,29,5,6
522,13,29,5,6
523,13,29,5,6
524,13,29,5,6
525,13,29,5,6
526,13,29,5,6
527,13,29,5,6
528,13,29,5,6
529,13,29,5,6
530,13,29,5,6
531,13,29,5,6
532,13,29,5,6
533,13,29,5,6
534,13,29,5,6
535,13,29,5,6
536,13,29,5,6
537,13,29,5,6
538,13,29,5,6
539,13,29,5,6
540,13,29,5,6
541,13,29,5,6
542,13,29,5,6
543,13,29,5,6
544,13,29,5,6
545,13,29,5,6
546,13,29,5,6
547,13,30,16,16
548,13,30,16,16
549,13,30,16,16
550,13,30,16,16
551,13,30,16,16
552,13,30,16,16
553,13,30,16,16
554,13,30,16,16
555,13,30,16,16
556,13,30,16,16
557,13,30,16,16
558,13,30,16,16
559,13,30,16,16
560,13,30,16,16
561,13,30,16,16
562,13,30,16,16
563,13,30,16,16
564,13,30,16,16
565,13,30,16,16
566,13,30,16,16
567,13,30,16,16
568,13,30,16,16
569,13,30,16,16
570,13,30,16,16
571,13,30,16,16
572,13,30,16,16
573,13,30,16,16
574,13,30,16,16
575,13,30,16,16
576,13,30,16,16
577,13,30,16,16
578,13,30,16,16
579,13,30,16,16
580,13,30,16,16
581,13,30,16,16
582,13,30,16,16
583,13,30,16,16
584,13,30,16,16
585,13,30,16,16
586,13,30,16,16
587,13,30,16,16
588,13,30,16,16
589,13,30,16,16
590,13,30,16,16
591,13,30,16,16
592,13,30,16,16
593,13,30,16,16
594,13,30,16,16
595,13,30,16,16
596,13,30,16,16
597,13,30,16,16
598,13,30,16,16
599,13,30,16,16
600,13,30,16,16
601,13,30,16,16
602,13,30,16,16
603,13,30,16,16
604,13,30,16,16
605,13,30,16,16
606,13,30,16,16
607,13,30,16,16
608,13,31,18,17
609,13,31,18,17
610,13,31,18,17
611,13,31,18,17
612,13,31,18,17
613,13,31,18,17
614,13,31,18,17
615,13,31,18,17
616,13,31,18,17
617,13,31,18,17
618,13,31,18,17
619,13,31,18,17
620,13,31,18,17
621,13,31,18,17
622,13,31,18,17
623,13,31,18,17
624,13,31,18,17
625,13,31,18,17
626,13,31,18,17
627,13,31,18,17
628,13,31,18,17
629,13,31,18,17
630,13,32,15,13
631,13,32,15,13
632,13,32,15,13
633,13,32,15,13
634,13,32,15,13
635,13,32,15,13
636,13,32,15,13
637,13,32,15,13
638,13,32,15,13
639,13,32,15,13
640,13,32,15,13
641,13,32,15,13
642,13,33,7,9
643,13,33,7,9
644,13,33,7,9
645,13,33,7,9
646,13,34,18,17
647,13,34,18,17
648,13,34,18,17
649,13,34,18,17
650,13,34,18,17
651,13,34,18,17
652,13,34,18,17
653,13,34,18,17
654,13,34,18,17
655,13,34,18,17
656,13,34,18,17
657,13,35,7,15
658,13,35,7,15
659,13,35,7,15
660,13,35,7,15
661,13,35,7,15
662,13,35,7,15
663,13,35,7,15
664,13,35,7,15
665,13,36,9,10
666,13,36,9,10
667,13,36,9,10
668,13,36,9,10
669,13,36,9,10
670,13,36,9,10
671,13,36,9,10
672,13,36,9,10
673,13,36,9,10
674,13,37,7,9
675,13,37,7,9
676,13,37,7,9
677,13,37,7,9
678,13,37,7,9
679,13,37,7,9
680,13,37,7,9
681,13,37,7,9
682,13,37,7,9
683,13,37,7,9
684,13,37,7,9
685,13,37,7,9
686,13,37,7,9
687,13,37,7,9
688,13,37,7,9
689,13,37,7,9
690,13,37,7,9
691,13,37,7,9
692,13,37,7,9
693,13,37,7,9
694,13,37,7,9
695,13,37,7,9
696,13,37,7,9
697,13,37,7,9
698,13,37,7,9
699,13,37,7,9
700,13,38,1,18
701,13,38,1,18
702,13,38,1,18
703,13,38,1,18
704,13,38,1,18
705,13,38,1,18
706,13,38,1,18
707,13,38,1,18
708,13,38,1,18
709,13,38,1,18
710,13,38,1,18
711,13,38,1,18
712,13,38,1,18
713,13,39,9,1
714,13,39,9,1
715,13,39,9,1
716,13,39,9,1
717,13,39,9,1
718,13,39,9,1
719,13,39,9,1
720,13,39,9,1
721,13,39,9,1
722,13,39,9,1
723,13,39,9,1
724,13,39,9,1
725,NA,NA,NA,2
726,13,40,13,2
727,13,40,13,2
728,13,40,13,2
729,13,40,13,2
730,13,40,13,2
731,13,40,13,2
732,13,40,13,2
733,13,40,13,2
734,13,40,13,2
735,13,40,13,2
736,13,40,13,2
737,13,40,13,2
738,13,40,13,2
740,13,40,13,2
741,13,40,13,2
742,13,47,11,2
743,13,41,6,14
744,13,41,6,14
745,13,41,6,14
746,13,41,6,14
747,13,41,6,14
748,13,41,6,14
749,13,41,6,14
750,13,41,6,14
751,13,41,6,14
752,13,41,6,14
753,13,41,6,14
754,13,41,6,14
755,13,41,6,14
756,13,41,6,14
757,13,41,6,14
758,13,41,6,14
759,13,41,6,14
760,13,41,6,14
761,13,41,6,14
762,13,41,6,14
763,13,41,6,14
764,13,41,6,14
765,13,42,7,15
766,13,42,7,15
767,13,42,7,15
768,13,42,7,15
769,13,42,7,15
770,13,42,7,15
771,13,42,7,15
772,13,42,7,15
773,13,42,7,15
774,13,42,7,15
775,13,42,7,15
776,13,42,7,15
777,13,42,7,15
778,13,42,7,15
779,13,42,7,15
780,13,43,16,7
781,13,43,16,7
782,13,43,16,7
783,13,43,16,7
784,13,43,16,7
785,13,43,16,7
786,13,43,16,7
787,13,43,16,7
788,13,43,16,7
789,13,43,16,7
790,13,43,16,7
791,13,43,16,7
792,13,43,16,7
793,13,43,16,7
794,13,43,16,7
795,13,43,16,7
796,13,43,16,7
797,13,43,16,7
798,13,43,16,7
799,13,43,16,7
800,13,43,16,7
801,13,43,16,7
802,13,44,5,6
803,13,44,5,6
804,13,44,5,6
805,13,44,5,6
806,13,44,5,6
807,13,44,5,6
808,13,44,5,6
809,13,44,5,6
810,13,44,5,6
811,13,44,5,6
812,13,45,9,18
813,13,45,9,18
814,13,45,9,18
815,13,45,9,18
816,13,45,9,18
817,13,45,9,18
818,13,45,9,18
819,13,45,9,18
820,13,45,9,18
821,13,45,9,18
822,13,46,18,7
823,13,46,18,7
824,13,46,18,7
825,13,46,18,7
826,13,46,18,7
827,13,46,18,7
828,13,46,18,7
829,13,46,18,7
830,13,46,18,7
831,13,46,18,7
832,13,47,11,1
833,13,47,11,1
834,13,47,11,1
835,13,47,11,1
836,13,47,11,1
837,13,47,11,2
838,13,47,11,2
839,13,47,11,1
840,13,47,11,1
841,13,47,11,1
842,13,47,11,1
843,13,47,11,2
844,13,47,11,2
845,13,47,11,2
846,13,47,11,1
847,13,47,11,1
848,13,47,11,1
849,13,47,11,1
850,13,47,11,1
851,13,47,11,1
852,13,47,12,1
853,13,47,11,1
854,13,47,11,1
855,13,47,11,1
856,13,47,11,1
857,13,47,11,1
858,13,47,11,1
859,13,47,11,1
860,13,47,11,1
861,13,47,11,1
862,13,47,11,2
863,13,47,11,2
864,13,47,11,2
865,13,47,11,2
866,13,47,11,2
867,13,47,11,2
868,13,47,11,2
869,13,47,11,2
870,13,47,11,2
871,13,47,11,2
872,13,47,11,1
873,13,47,11,1
874,13,47,11,1
875,13,47,11,1
876,13,47,11,1
877,13,47,11,1
878,13,47,12,1
879,13,47,12,1
880,13,47,12,1
881,13,47,12,1
882,13,47,11,1
883,13,47,11,1
884,13,47,11,1
885,13,47,11,1
886,13,47,11,1
887,13,47,11,1
888,13,47,11,1
889,13,47,11,1
890,13,47,11,1
891,13,47,11,1
892,13,47,11,1
893,13,47,11,1
894,13,47,11,2
895,13,47,11,2
896,13,47,11,2
897,13,47,11,2
898,13,47,11,2
899,13,47,11,2
900,13,47,11,2
901,13,47,11,2
902,13,47,11,2
903,13,47,11,2
904,13,47,11,2
905,13,47,11,1
906,13,47,11,1
907,13,47,11,1
908,13,47,11,1
909,13,47,11,1
910,13,47,11,1
911,13,47,11,1
912,13,47,12,1
913,13,47,12,1
914,13,47,12,1
915,13,47,12,1
916,13,47,12,1
917,13,47,12,1
918,13,47,11,1
919,13,47,11,1
920,13,47,11,1
921,13,47,11,2
922,13,47,11,2
923,13,47,11,2
924,13,47,11,2
925,13,47,11,2
926,13,47,11,2
927,13,47,11,2
928,13,47,11,2
929,13,40,13,2
930,13,47,11,2
931,13,47,11,2
932,13,47,11,2
933,13,47,11,2
934,13,47,11,2
935,13,47,11,2
936,13,47,11,2
937,13,40,13,2
938,13,40,13,2
939,13,47,12,2
940,13,47,12,1
941,13,47,12,1
942,13,47,12,1
943,13,47,12,2
944,13,47,12,1
945,13,47,12,2
946,13,47,12,2
947,13,47,12,2
948,13,47,12,2
949,13,47,12,2
950,13,47,12,2
951,13,47,12,2
952,13,47,12,2
953,13,47,12,2
954,13,47,12,1
955,13,47,12,2
956,13,47,11,1
957,13,47,12,1
958,13,47,12,1
959,13,47,12,1
960,13,47,12,2
961,13,47,12,2
962,13,48,18,17
963,13,48,18,17
964,13,48,18,17
965,13,48,18,17
966,13,48,18,17
967,13,48,18,17
968,13,48,18,17
969,13,48,18,17
970,13,48,18,17
971,13,48,18,17
972,13,48,18,17
973,13,48,18,17
974,13,48,18,17
975,13,48,18,17
976,13,48,18,17
977,13,48,18,17
978,13,48,18,17
979,13,48,18,17
980,13,48,18,17
981,13,48,18,17
982,13,49,6,14
983,13,49,6,14
984,13,49,6,14
985,13,49,6,14
986,13,49,6,14
987,13,49,6,14
988,13,49,6,14
989,13,49,6,14
990,13,49,6,14
991,13,49,6,14
992,13,49,6,14
993,13,49,6,14
994,13,50,1,9
995,13,50,1,9
996,13,50,1,9
997,13,50,1,9
998,13,50,1,9
999,13,50,1,9
1000,13,50,1,9
1001,13,50,1,9
1002,13,50,1,9
1003,13,50,1,9
1004,13,50,1,9
1005,13,50,1,9
1006,13,50,1,9
1007,13,50,1,9
1008,13,51,1,1
1009,13,51,1,1
1010,13,51,1,1
1011,13,51,1,1
1012,13,51,1,1
1013,13,51,1,1
1014,13,51,1,1
1015,13,51,1,1
1016,13,51,1,1
1017,13,51,1,1
1018,13,51,1,1
1019,13,51,1,1
1020,13,51,1,1
1021,13,51,1,1
1022,13,51,1,1
1023,13,51,1,1
1024,13,51,1,1
1025,13,51,1,1
1026,13,52,9,10
1027,13,52,9,10
1028,13,52,9,10
1029,13,52,9,10
1030,13,52,9,10
1031,13,52,9,10
1032,13,52,9,10
1033,13,52,9,10
1034,13,52,9,10
1035,13,52,9,10
1036,13,52,9,10
1037,13,52,9,10
1038,13,52,9,10
1039,13,52,9,10
1040,13,52,9,10
1041,13,52,9,10
1042,13,52,9,10
1043,13,53,14,13
1044,13,53,14,13
1045,13,53,14,13
1046,13,53,14,13
1047,13,53,14,13
1048,13,53,14,13
1049,13,53,14,13
1050,13,53,14,13
1051,13,53,14,13
1052,13,53,14,13
1053,13,53,14,13
1054,13,53,14,13
1055,13,53,14,13
1056,13,53,14,13
1057,13,53,14,13
1058,13,53,14,13
1059,13,53,14,13
1060,13,53,14,13
1061,13,53,14,13
1062,13,53,14,13
1063,13,53,14,13
1064,13,53,14,13
1065,13,53,14,13
1066,13,53,14,13
1067,13,54,6,14
1068,13,54,6,14
1069,13,54,6,14
1070,13,54,6,14
1071,13,54,6,14
1072,13,54,6,14
1073,13,54,6,14
1074,13,54,6,14
1075,13,54,6,14
1076,13,54,6,14
1077,13,54,6,14
1078,13,54,6,14
1079,13,54,6,14
1080,13,54,6,14
1081,13,54,6,14
1082,13,54,6,14
1083,13,54,6,14
1084,13,54,6,14
1085,13,54,6,14
1086,13,54,6,14
1087,13,54,6,14
1088,13,54,6,14
1089,13,54,6,14
1090,13,54,6,14
1091,13,55,16,14
1092,13,55,16,14
1093,13,55,16,14
1094,13,55,16,14
1095,13,55,16,14
1096,13,55,16,14
1097,13,55,16,14
1098,13,55,16,14
1099,13,55,16,14
1100,13,55,16,14
1101,13,55,16,14
1102,13,55,16,14
1103,13,55,16,14
1104,13,55,16,14
1105,13,55,16,14
1106,13,55,16,14
1107,13,55,16,14
1108,13,55,16,14
1109,13,55,16,14
1110,13,56,3,3
1111,13,56,3,3
1112,13,56,3,3
1113,13,56,3,3
1114,13,56,3,3
1115,13,56,3,3
1116,13,56,3,3
1117,13,56,3,3
1118,13,56,3,3
1119,13,56,3,3
1120,13,56,3,3
1121,13,57,3,3
1122,13,57,3,3
1123,13,57,3,3
1124,13,57,3,3
1125,13,57,3,3
1126,13,57,3,3
1127,13,57,3,3
1128,13,57,3,3
1129,13,57,3,3
1130,13,57,3,3
1131,13,57,3,3
1132,13,58,18,7
1133,13,58,18,7
1134,13,58,18,7
1135,13,58,18,7
1136,13,58,18,7
1137,13,58,18,7
1138,13,58,18,7
1139,13,58,18,7
1140,13,58,18,7
1141,13,58,18,7
1142,13,58,18,7
1143,13,58,18,7
1144,13,58,18,7
1145,13,58,18,7
1146,13,58,18,7
1147,13,58,18,7
1148,13,58,18,7
1149,13,58,18,7
1150,13,58,18,7
1151,13,58,18,7
1152,13,59,5,6
1153,13,59,5,6
1154,13,59,5,6
1155,13,59,5,6
1156,13,59,5,6
1157,13,59,5,6
1158,13,59,5,6
1159,13,59,5,6
1160,13,59,5,6
1161,13,59,5,6
1162,13,59,5,6
1163,13,59,5,6
1164,13,59,5,6
1165,13,59,5,6
1166,13,59,5,6
1167,13,59,5,6
1168,13,59,5,6
1169,13,59,5,6
1170,13,59,5,6
1171,13,59,5,6
1172,13,59,5,6
1173,13,59,5,6
1174,13,59,5,6
1175,13,59,5,6
1176,13,59,5,6
1177,13,60,9,10
1178,13,60,9,10
1179,13,60,9,10
1180,13,60,9,10
1181,13,60,9,10
1182,13,60,9,10
1183,13,60,9,10
1184,13,60,9,10
1185,13,60,9,10
1186,13,60,9,10
1187,13,60,9,10
1188,13,60,9,10
1189,13,60,9,10
1190,13,60,9,10
1191,13,61,3,11
1192,13,61,3,11
1193,13,61,3,11
1194,13,61,3,11
1195,13,61,3,11
1196,13,61,3,11
1197,13,61,3,11
1198,13,61,3,11
1199,13,61,3,11
1200,13,61,3,11
1201,13,61,3,11
1202,13,61,3,11
1203,13,61,3,11
1204,13,61,3,11
1205,13,61,3,11
1206,13,61,3,11
1207,13,61,3,11
1208,13,61,3,11
1209,13,61,3,11
1210,13,61,3,11
1211,13,61,3,11
1212,13,61,3,11
1213,13,61,3,11
1214,13,61,3,11
1215,13,61,3,11
1216,13,61,3,11
1217,13,61,3,11
1218,13,61,3,11
1219,13,61,3,11
1220,13,61,3,11
1221,13,61,3,11
1222,13,61,3,11
1223,13,61,3,11
1224,13,61,3,11
1225,13,61,3,11
1226,13,61,3,11
1227,13,61,3,11
1228,13,61,3,11
1229,13,62,7,15
1230,13,62,7,15
1231,13,62,7,15
1232,13,62,7,15
1233,13,62,7,15
1234,13,62,7,15
1235,13,62,7,15
1236,13,62,7,15
1237,13,62,7,15
1238,13,62,7,15
1239,13,62,7,15
1240,13,62,7,15
1241,13,62,7,15
1242,13,62,7,15
1243,13,62,7,15
1244,13,62,7,15
1245,13,62,7,15
1246,13,62,7,15
1247,13,62,7,15
1248,13,62,7,15
1249,13,62,7,15
1250,13,62,7,15
1251,13,62,7,15
1252,13,62,7,15
1253,13,62,7,15
1254,13,62,7,15
1255,13,62,7,15
1256,13,62,7,15
1257,13,62,7,15
1258,13,62,7,15
1259,13,62,7,15
1260,13,62,7,15
1261,13,62,7,15
1262,13,63,2,5
1263,13,63,2,5
1264,13,63,2,5
1265,13,63,2,5
1266,13,63,2,5
1267,13,63,2,5
1268,13,63,2,5
1269,13,63,2,5
1270,13,63,2,5
1271,13,63,2,5
1272,13,63,2,5
1273,13,63,2,5
1274,13,63,2,5
1275,13,63,2,5
1276,13,63,2,5
1277,13,63,2,5
1278,13,63,2,5
1279,13,63,2,5
1280,13,63,2,5
1281,13,63,2,5
1282,13,63,2,5
1283,13,63,2,5
1284,13,63,2,5
1285,13,63,2,5
1286,13,63,2,5
1287,13,63,2,5
1288,13,63,2,5
1289,13,63,2,5
1290,13,63,2,5
1291,13,63,2,5
1292,13,63,2,5
1293,13,63,2,5
1294,13,63,2,5
1295,13,64,5,4
1296,13,64,5,4
1297,13,64,5,4
1298,13,64,5,4
1299,13,64,5,4
1300,13,64,5,4
1301,13,64,5,4
1302,13,64,5,4
1303,13,65,2,5
1304,13,65,2,5
1305,13,65,2,5
1306,13,65,2,5
1307,13,65,2,5
1308,13,65,2,5
1309,13,65,2,5
1310,13,66,5,4
1311,13,66,5,4
1312,13,66,5,4
1313,13,66,5,4
1314,13,66,5,4
1315,13,66,5,4
1316,13,66,5,4
1317,13,66,5,4
1318,13,66,5,4
1319,13,66,5,4
1320,13,66,5,4
1321,13,66,5,4
1322,13,66,5,4
1323,13,66,5,4
1324,13,66,5,4
1325,13,66,5,4
1326,13,66,5,4
1327,13,66,5,4
1328,13,66,5,4
1329,13,66,5,4
1330,13,66,5,4
1331,13,66,5,4
1332,13,66,5,4
1333,13,67,7,8
1334,13,67,7,8
1335,13,67,7,8
1336,13,67,7,8
1337,13,67,7,8
1338,13,67,7,8
1339,13,67,7,8
1340,13,67,7,8
1341,13,67,7,8
1342,13,67,7,8
1343,13,67,7,8
1344,13,67,7,8
1345,13,67,7,8
1346,13,67,7,8
1347,13,67,7,8
1348,13,67,7,8
1349,NA,NA,NA,12
1350,13,68,17,12
1351,13,68,17,12
1352,13,68,17,12
1353,13,68,17,12
1354,13,68,17,12
1355,13,68,17,12
1356,13,68,17,12
1357,13,68,17,12
1358,13,68,17,12
1359,13,68,17,12
1360,13,68,17,12
1361,13,68,17,12
1362,13,68,17,12
1363,13,68,17,12
1364,13,68,17,12
1365,13,68,17,12
1366,13,68,17,12
1367,13,68,17,12
1368,13,68,17,12
1369,13,69,8,4
1370,13,69,8,4
1371,13,69,8,4
1372,13,69,8,4
1373,13,69,8,4
1374,13,69,8,4
1375,13,69,8,4
1376,13,69,8,4
1377,13,69,8,4
1378,13,70,7,9
1379,13,70,7,9
1380,13,70,7,9
1381,13,70,7,9
1382,13,70,7,9
1383,13,70,7,9
1384,13,70,7,9
1385,13,70,7,9
1386,13,70,7,9
1387,13,70,7,9
1388,13,70,7,9
1389,13,70,7,9
1390,13,70,7,9
1391,13,70,7,9
1392,13,70,7,9
1393,13,70,7,9
1394,13,70,7,9
1395,13,71,3,11
1396,13,71,3,11
1397,13,71,3,11
1398,13,71,3,11
1399,13,71,3,11
1400,13,71,3,11
1401,13,71,3,11
1402,13,71,3,11
1403,13,72,14,15
1404,13,72,14,15
1405,13,72,14,15
1406,13,72,14,15
1407,13,72,14,15
1408,13,72,14,15
1409,13,72,14,15
1410,13,72,14,15
1411,13,72,14,15
1412,13,72,14,15
1413,13,72,14,15
1414,13,72,14,15
1415,13,72,14,15
1416,13,72,14,15
1417,13,72,14,15
1418,13,72,14,15
1419,13,72,14,15
1420,13,72,14,15
1421,13,72,14,15
1422,13,72,14,15
1423,13,72,14,15
1424,13,72,14,15
1425,13,72,14,15
1426,13,72,14,15
1427,13,72,14,15
1428,13,72,14,15
1429,13,73,8,5
1430,13,73,8,5
1431,13,73,8,5
1432,13,73,8,5
1433,13,73,8,5
1434,13,73,8,5
1435,13,73,8,5
1436,13,73,8,5
1437,13,73,8,5
1438,13,73,8,5
1439,13,73,8,5
1440,13,73,8,5
1441,13,74,17,12
1442,13,74,17,12
1443,13,74,17,12
1444,13,74,17,12
1445,13,74,17,12
1446,13,74,17,12
1447,13,74,17,12
1448,13,74,17,12
1449,13,75,8,4
1450,13,75,8,4
1451,13,75,8,4
1452,13,75,8,4
1453,13,75,8,4
1454,13,75,8,4
1455,13,75,8,4
1456,13,75,8,4
1457,13,75,8,4
1458,13,75,8,4
1459,13,75,8,4
1460,13,75,8,4
1461,13,75,8,4
1462,13,75,8,4
1463,13,75,8,4
1464,13,75,8,4
1465,13,75,8,4
1466,13,75,8,4
1467,13,75,8,4
1468,13,75,8,4
1469,13,75,8,4
1470,13,75,8,4
1471,13,75,8,4
1472,13,75,8,4
1473,13,75,8,4
1474,13,75,8,4
1475,13,75,8,4
1476,13,75,8,4
1477,13,75,8,4
1478,13,75,8,4
1479,13,75,8,4
1480,13,75,8,4
1481,13,75,8,4
1482,13,75,8,4
1483,13,75,8,4
1484,13,75,8,4
1485,13,75,8,4
1486,13,75,8,4
1487,13,75,8,4
1488,13,75,8,4
1489,13,75,8,4
1490,13,75,8,4
1491,13,75,8,4
1492,13,75,8,4
1493,13,75,8,4
1494,13,75,8,4
1495,13,75,8,4
1496,13,75,8,4
1497,13,75,8,4
1498,13,75,8,4
1499,13,75,8,4
1500,13,75,8,4
1501,13,75,8,4
1502,13,76,10,3
1503,13,76,10,3
1504,13,76,10,3
1505,13,76,10,3
1506,13,76,10,3
1507,13,76,10,3
1508,13,76,10,3
1509,13,76,10,3
1510,13,76,10,3
1511,13,76,10,3
1512,13,76,10,3
1513,13,76,10,3
1514,13,76,10,3
1515,13,76,10,3
1516,13,76,10,3
1517,13,76,10,3
1518,13,76,10,3
1519,13,76,10,3
1520,13,76,10,3
1521,13,76,10,3
1522,13,76,10,3
1523,13,76,10,3
1524,13,76,10,3
1525,13,76,10,3
1526,13,76,10,3
1527,13,76,10,3
1528,13,76,10,3
1529,13,76,10,3
1530,13,76,10,3
1531,13,76,10,3
1532,13,76,10,3
1533,13,76,10,3
1534,13,76,10,3
1535,13,76,10,3
1536,13,76,10,3
1537,13,76,10,3
1538,13,76,10,3
1539,13,76,10,3
1540,13,76,10,3
1541,13,76,10,3
1542,13,76,10,3
1543,13,76,10,3
1544,13,76,10,3
1545,13,76,10,3
1546,13,76,10,3
1547,13,76,10,3
1548,13,76,10,3
1549,13,76,10,3
1550,13,76,10,3
1551,13,76,10,3
1552,13,76,10,3
1553,13,76,10,3
1554,13,76,10,3
1555,13,76,10,3
1556,13,77,17,12
1557,13,77,17,12
1558,13,77,17,12
1559,13,77,17,12
1560,13,77,17,12
1561,13,77,17,12
1562,13,77,17,12
1563,13,78,14,13
1564,13,78,14,13
1565,13,78,14,13
1566,13,78,14,13
1567,13,78,14,13
1568,13,78,14,13
1569,13,78,14,13
1570,13,78,14,13
1571,13,78,14,13
1572,13,78,14,13
1573,13,78,14,13
1574,13,78,14,13
1575,13,78,14,13
1576,13,79,7,8
1577,13,79,7,8
1578,13,79,7,8
1579,13,79,7,8
1580,13,79,7,8
1581,13,79,7,8
1582,13,79,7,8
1583,13,79,7,8
1584,13,79,7,8
1585,13,80,14,13
1586,13,80,14,13
1587,13,80,14,13
1588,13,80,14,13
1589,13,80,14,13
1590,13,80,14,13
1591,13,80,14,13
1592,13,80,14,13
1593,13,80,14,13
1594,13,80,14,13
1595,13,80,14,13
1596,13,80,14,13
1597,13,80,14,13
1598,13,80,14,13
1599,13,80,14,13
1600,13,81,7,8
1601,13,81,7,8
1602,13,81,7,8
1603,13,81,7,8
1604,13,81,7,8
1605,13,81,7,8
1606,13,81,7,8
1607,13,81,7,8
1608,13,81,7,8
1609,13,81,7,8
1610,13,81,7,8
1611,13,81,7,8
1612,13,81,7,8
1613,13,81,7,8
1614,13,81,7,8
1615,13,81,7,8
1616,13,81,7,8
1617,13,81,7,8
1618,13,81,7,8
1619,13,82,17,12
1620,13,82,17,12
1621,13,82,17,12
1622,13,82,17,12
1623,13,82,17,12
1624,13,82,17,12
1625,13,82,17,12
1626,13,82,17,12
1627,13,83,3,12
1628,13,83,3,12
1629,13,83,3,12
1630,13,83,3,12
1631,13,83,3,12
1632,13,83,3,12
1633,13,83,3,12
1634,13,83,3,12
1635,13,83,3,12
1636,13,83,3,12
1637,13,83,3,12
1638,13,83,3,12
1639,13,83,3,12
1640,13,83,3,12
1641,13,83,3,12
1642,13,83,3,12
1643,13,83,3,12
1644,13,84,18,7
1645,13,84,18,7
1646,13,84,18,7
1647,13,84,18,7
1648,13,84,18,7
1649,13,84,18,7
1650,13,84,18,7
1651,13,84,18,7
1652,13,84,18,7
1653,13,84,18,7
1654,13,84,18,7
1655,13,84,18,7
1656,13,84,18,7
1657,13,84,18,7
1659,13,84,18,7
1660,13,84,18,7
1661,13,84,18,7
1662,13,84,18,7
1663,13,84,18,7
1664,13,84,18,7
1665,13,84,18,7
1666,NA,NA,NA,7
1667,13,84,18,7
1668,13,84,18,7
1669,13,84,18,7
1670,13,84,18,7
1671,13,84,18,7
1672,13,84,18,7
1673,13,84,18,7
1674,13,84,18,7
1675,13,84,18,7
1676,13,84,18,7
1677,13,84,18,7
1678,13,84,18,7
1679,13,84,18,7
1680,13,84,18,7
1681,13,84,18,7
1682,13,84,18,7
1683,13,84,18,7
1684,13,84,18,7
1685,13,84,18,7
1686,13,84,18,7
1687,13,84,18,7
1688,13,84,18,7
1689,13,84,18,7
1690,13,84,18,7
1691,13,84,18,7
1692,13,84,18,7
1693,13,84,18,7
1694,13,84,18,7
1695,13,84,18,7
1696,13,84,18,7
1697,13,84,18,7
1698,13,84,18,7
1699,13,84,18,7
1700,13,84,18,7
1701,13,84,18,7
1702,13,84,18,7
1703,13,84,18,7
1704,13,84,18,7
1705,13,84,18,7
1706,13,84,18,7
1707,13,84,18,7
1708,13,40,13,2
1709,13,40,13,2
1710,13,40,13,2
1711,13,40,13,2
1712,13,40,13,2
1713,13,40,13,2
1714,13,40,13,2
1715,13,40,13,2
1716,13,40,13,2
1717,13,40,13,2
1718,13,47,11,2
1719,13,40,13,2
1720,13,40,13,2
1721,13,40,13,2
1722,13,40,13,2
1723,13,40,13,2
1724,13,40,13,2
1725,13,40,13,2
1726,13,40,13,2
1727,13,40,13,2
1728,13,40,13,2
1729,13,40,13,2
1730,13,40,13,2
1731,13,40,13,2
1732,13,40,13,2
1733,13,40,13,2
1734,13,40,13,2
1735,13,40,13,2
1736,13,40,13,2
1737,13,40,13,2
1738,13,40,13,2
1739,13,40,13,2
1740,13,40,13,2
1741,13,40,13,2
1742,13,40,13,2
1743,13,40,13,2
1744,13,40,13,2
1745,13,40,13,2
1746,13,40,13,2
1747,13,40,13,2
1748,13,40,13,2
1749,13,40,13,2
1750,13,40,13,NA
1751,13,40,13,NA
1752,13,40,13,NA
1753,13,40,13,NA
1754,13,40,13,NA
1755,13,40,13,NA
1756,13,40,13,NA
1757,13,40,13,NA
1758,13,40,13,NA
1759,13,40,13,NA
1760,13,40,13,NA
1761,13,40,13,NA
1762,13,40,13,NA
1763,13,40,13,NA
1764,13,40,13,NA
1765,13,40,13,NA
1766,13,40,13,NA
1767,13,68,17,NA
1768,13,68,17,NA
1769,13,68,17,NA
1770,13,68,17,NA
1771,13,68,17,NA
1772,13,68,17,NA
1773,13,68,17,NA
1774,13,68,17,NA
1775,13,68,17,NA
1776,13,68,17,NA
1777,13,68,17,NA
1778,13,68,17,NA
1779,13,68,17,NA
1780,13,68,17,NA
1781,13,68,17,NA
1782,13,68,17,NA
1783,13,68,17,NA
1784,13,68,17,NA
1785,13,68,17,NA
1786,13,68,17,NA
1787,13,68,17,NA
