dist_new,seccion,dist_old
12,1000,13
12,1001,13
12,1002,13
12,1003,13
12,1004,13
12,1005,13
6,100,13
12,1006,13
12,1007,13
12,1008,1
12,1009,1
12,1010,1
12,1011,1
12,1012,1
12,1013,1
12,1014,1
12,1015,10
6,101,10
12,1016,10
12,1017,10
12,1018,10
12,1019,10
12,1020,10
12,1021,10
12,1022,10
12,1023,10
12,1024,10
12,1025,10
6,102,10
12,1026,10
12,1027,10
12,1028,10
12,1029,10
3,10,10
12,1030,10
12,1031,10
12,1032,10
12,1033,10
12,1034,10
12,1035,10
6,103,10
12,1036,10
12,1037,10
12,1038,10
12,1039,10
12,1040,10
12,1041,10
12,1042,10
12,1043,10
12,1044,10
12,1045,10
6,104,10
12,1046,10
12,1047,10
12,1048,10
12,1049,10
12,1050,10
12,1051,10
12,1052,10
12,1053,10
12,1054,10
12,1055,10
6,105,10
12,1056,10
12,1057,10
12,1058,10
12,1059,10
12,1060,10
12,1061,10
12,1062,10
12,1063,10
12,1064,10
12,1065,10
12,1066,10
7,106,10
12,1067,10
12,1068,10
12,1069,10
12,1070,10
12,1071,10
12,1072,10
12,1073,10
12,1074,10
12,1075,10
12,1076,10
7,107,10
12,1077,10
12,1078,10
12,1079,10
12,1080,10
12,1081,10
12,1082,10
12,1083,10
12,1084,10
12,1085,10
12,1086,10
7,108,10
12,1087,10
12,1088,10
12,1089,10
12,1090,10
12,1091,10
12,1092,10
12,1093,10
23,1094,10
23,1095,10
23,1096,10
23,1097,10
8,109,10
23,1098,10
23,1099,10
1,1,10
23,1100,10
23,1101,10
23,1102,10
23,1103,10
23,1104,10
23,1105,10
23,1106,10
23,1107,10
8,110,10
23,1108,10
23,1109,10
23,1110,10
23,1111,10
23,1112,10
23,1113,10
23,1114,10
23,1115,10
23,1116,10
23,1117,10
8,111,10
5,1118,10
5,1119,10
5,1120,10
5,1121,10
5,1122,10
5,1123,10
5,1124,10
5,1125,10
5,1126,10
5,1127,10
8,112,10
5,1128,10
5,1129,10
3,11,10
5,1130,10
5,1131,10
5,1132,10
23,1133,10
23,1134,10
23,1135,10
23,1136,10
23,1137,10
8,113,10
23,1138,10
23,1139,10
23,1140,10
23,1141,10
23,1142,10
5,1143,10
5,1144,10
5,1145,10
23,1146,10
23,1147,10
8,114,10
23,1148,10
23,1149,10
23,1150,10
23,1151,10
23,1152,10
1,1153,10
1,1154,10
1,1155,10
1,1156,10
1,1157,10
8,115,10
1,1158,10
1,1159,10
1,1160,10
1,1161,10
9,1162,10
9,1163,10
9,1164,10
9,1165,10
9,1166,10
9,1167,10
8,116,10
9,1168,10
9,1169,10
9,1170,10
9,1171,10
9,1172,10
9,1173,10
9,1174,10
9,1175,10
9,1176,10
9,1177,10
8,117,10
9,1178,10
9,1179,10
9,1180,10
9,1181,10
9,1182,10
9,1183,10
25,1184,10
25,1185,10
25,1186,10
25,1187,10
8,118,10
25,1188,10
25,1189,10
25,1190,10
25,1191,10
25,1192,10
25,1193,10
25,1194,10
25,1195,10
25,1196,10
25,1197,10
8,119,10
25,1198,10
25,1199,10
25,1200,10
25,1201,10
25,1202,10
25,1203,10
25,1204,10
25,1205,10
25,1206,10
25,1207,10
8,120,10
25,1208,10
25,1209,10
25,1210,10
25,1211,10
25,1212,10
25,1213,10
25,1214,10
25,1215,10
25,1216,10
25,1217,10
8,121,10
25,1218,10
25,1219,10
25,1220,10
25,1221,10
25,1222,10
25,1223,10
25,1224,10
25,1225,10
25,1226,10
25,1227,10
8,122,10
25,1228,10
25,1229,10
3,12,10
25,1230,10
25,1231,10
25,1232,10
25,1233,10
25,1234,10
25,1235,10
25,1236,10
25,1237,10
8,123,10
25,1238,10
25,1239,10
25,1240,10
25,1241,10
25,1242,10
25,1243,10
25,1244,10
25,1245,10
25,1246,10
25,1247,10
8,124,10
25,1248,10
25,1249,10
25,1250,10
25,1251,10
7,1252,10
7,1253,10
7,1254,10
7,1255,10
7,1256,10
7,1257,10
8,125,10
7,1258,10
7,1259,10
7,1260,10
7,1261,10
7,1262,10
7,1263,10
7,1264,10
7,1265,10
19,1266,10
19,1267,10
8,126,10
19,1268,10
19,1269,10
19,1270,10
19,1271,10
19,1272,10
19,1273,10
19,1274,10
19,1275,10
19,1276,10
19,1277,10
8,127,10
19,1278,10
19,1279,10
19,1280,10
19,1281,10
19,1282,10
19,1283,10
19,1284,10
19,1285,10
23,1286,10
23,1287,10
8,128,10
23,1288,10
23,1289,10
23,1290,10
23,1291,10
23,1292,10
7,1293,10
7,1294,10
7,1295,10
7,1296,10
7,1297,10
8,129,10
7,1298,10
7,1299,10
7,1300,10
7,1301,10
7,1302,10
7,1303,10
7,1304,10
7,1305,10
7,1306,10
7,1307,10
8,130,10
7,1308,10
7,1309,10
23,1310,10
23,1311,10
23,1312,10
23,1313,10
23,1314,10
23,1315,10
23,1316,10
23,1317,10
8,131,10
23,1318,10
23,1319,10
18,1320,10
18,1321,10
18,1322,10
18,1323,10
18,1324,10
18,1325,10
18,1326,10
18,1327,10
8,132,10
18,1328,10
18,1329,10
3,13,10
18,1330,10
18,1331,10
18,1332,10
18,1333,10
18,1334,10
2,1335,10
2,1336,10
2,1337,10
8,133,10
2,1338,10
2,1339,10
2,1340,10
2,1341,10
2,1342,10
18,1343,10
18,1344,10
18,1345,10
18,1346,10
18,1347,10
8,134,10
18,1348,10
18,1349,10
18,1350,10
18,1351,10
18,1352,10
18,1353,10
18,1354,10
18,1355,10
18,1356,10
18,1357,10
8,135,10
18,1358,10
18,1359,10
18,1360,10
18,1361,10
18,1362,10
18,1363,10
18,1364,10
18,1365,10
18,1366,10
18,1367,10
8,136,10
18,1368,10
18,1369,10
18,1370,10
18,1371,10
18,1372,10
18,1373,10
18,1374,10
18,1375,10
18,1376,10
18,1377,10
8,137,10
18,1378,10
18,1379,10
18,1380,10
18,1381,10
18,1382,10
18,1383,10
18,1384,10
18,1385,10
18,1386,10
18,1387,10
8,138,10
18,1388,10
18,1389,10
25,1390,10
25,1391,10
25,1392,10
25,1393,10
25,1394,10
25,1395,10
25,1396,10
25,1397,10
8,139,10
25,1398,10
25,1399,10
25,1400,10
25,1401,10
25,1402,10
13,1403,10
13,1404,10
13,1405,8
13,1406,8
13,1407,8
8,140,8
13,1408,8
13,1409,8
13,1410,8
13,1411,8
13,1412,8
20,1413,8
20,1414,8
20,1415,8
20,1416,8
20,1417,8
8,141,10
20,1418,10
20,1419,10
20,1420,10
20,1421,10
20,1422,10
20,1423,10
20,1424,10
20,1425,10
20,1426,10
20,1427,10
8,142,10
20,1428,10
20,1429,10
3,14,10
20,1430,10
20,1431,10
20,1432,10
20,1433,10
20,1434,10
20,1435,10
20,1436,10
20,1437,10
8,143,10
20,1438,10
20,1439,10
20,1440,10
20,1441,10
20,1442,10
20,1443,10
20,1444,10
20,1445,10
20,1446,10
20,1447,10
8,144,10
20,1448,10
20,1449,10
20,1450,10
20,1451,10
20,1452,10
20,1453,10
20,1454,10
20,1455,10
9,1456,10
9,1457,10
8,145,10
9,1458,10
9,1459,10
9,1460,10
9,1461,10
9,1462,10
18,1463,10
18,1464,10
18,1465,10
18,1466,10
18,1467,10
8,146,10
18,1468,10
18,1469,10
18,1470,10
18,1471,10
18,1472,10
19,1473,10
19,1474,10
4,1475,10
4,1476,10
4,1477,10
8,147,10
4,1478,10
4,1479,10
4,1480,10
4,1481,10
4,1482,10
4,1483,10
4,1484,10
4,1485,10
4,1486,10
4,1487,10
8,148,10
4,1488,10
4,1489,10
4,1490,10
4,1491,10
4,1492,10
4,1493,10
4,1494,10
4,1495,10
4,1496,10
4,1497,10
8,149,10
4,1498,10
4,1499,10
4,1500,10
4,1501,10
4,1502,10
4,1503,10
4,1504,10
4,1505,10
4,1506,10
4,1507,10
8,150,10
4,1508,10
4,1509,10
19,1510,10
19,1511,10
19,1512,10
19,1513,10
19,1514,10
19,1515,10
19,1516,10
19,1517,10
8,151,10
19,1518,10
19,1519,10
19,1520,10
19,1521,10
19,1522,10
19,1523,10
19,1524,10
19,1525,10
19,1526,1
19,1527,8
8,152,8
19,1528,8
15,1529,8
3,15,8
15,1530,8
15,1531,8
15,1532,8
15,1533,8
15,1534,8
15,1535,8
15,1536,8
15,1537,8
8,153,8
15,1538,8
15,1539,8
15,1540,8
15,1541,8
15,1542,8
15,1543,8
15,1544,8
15,1545,8
15,1546,8
15,1547,8
8,154,8
15,1548,8
15,1549,8
15,1550,8
15,1551,8
15,1552,8
15,1553,8
15,1554,8
15,1555,8
26,1556,8
26,1557,8
8,155,8
26,1558,8
26,1559,8
26,1560,8
26,1561,8
26,1562,8
26,1563,8
26,1564,8
26,1565,8
26,1566,8
26,1567,8
8,156,8
26,1568,8
26,1569,8
26,1570,8
26,1571,8
26,1572,8
26,1573,8
26,1574,8
26,1575,8
26,1576,8
26,1577,8
8,157,8
26,1578,8
24,1579,8
24,1580,8
24,1581,8
24,1582,8
24,1583,8
24,1584,8
24,1585,8
24,1586,8
24,1587,8
8,158,10
24,1588,10
24,1589,10
24,1590,10
24,1591,10
24,1592,10
24,1593,10
24,1594,10
24,1595,10
24,1596,10
9,1597,10
8,159,10
9,1598,10
9,1599,10
9,1600,10
9,1601,10
9,1602,10
9,1603,10
9,1604,10
9,1605,10
9,1606,10
9,1607,10
8,160,10
9,1608,10
9,1609,10
9,1610,10
9,1611,10
9,1612,10
9,1613,10
9,1614,10
9,1615,10
9,1616,10
9,1617,10
8,161,10
9,1618,10
9,1619,10
9,1620,10
9,1621,10
9,1622,10
8,1623,12
8,1624,12
8,1625,12
8,1626,12
8,1627,12
8,162,12
8,1628,12
8,1629,12
3,16,12
8,1630,12
8,1631,12
8,1632,12
8,1633,12
8,1634,12
8,1635,12
8,1636,12
8,1637,12
8,163,12
8,1638,12
8,1639,10
8,1640,10
17,1641,10
17,1642,10
17,1643,10
17,1644,10
17,1645,10
17,1646,10
17,1647,10
8,164,10
17,1648,10
17,1649,10
17,1650,10
17,1651,10
17,1652,10
17,1653,10
17,1654,10
17,1655,10
17,1656,10
17,1657,10
8,165,10
17,1658,10
17,1659,10
17,1660,10
17,1661,10
17,1662,10
17,1663,10
17,1664,10
17,1665,10
17,1666,10
17,1667,10
8,166,10
6,1668,10
6,1669,10
6,1670,10
6,1671,10
11,1672,10
11,1673,10
11,1674,10
11,1675,10
11,1676,10
11,1677,10
8,167,10
11,1678,10
11,1679,10
11,1680,10
11,1681,10
11,1682,10
11,1683,10
11,1684,10
11,1685,10
11,1686,10
11,1687,10
8,168,10
8,1688,10
8,1689,10
8,1690,10
8,1691,10
8,1692,10
8,1693,10
8,1694,10
8,1695,10
8,1696,10
8,1697,10
8,169,10
8,1698,10
8,1699,10
8,1700,10
5,1701,10
5,1702,10
5,1703,10
5,1704,10
5,1705,10
5,1706,10
5,1707,10
8,170,10
5,1708,10
5,1709,10
5,1710,10
5,1711,10
5,1712,10
5,1713,10
5,1714,10
5,1715,10
5,1716,10
5,1717,10
8,171,10
18,1718,10
18,1719,10
18,1720,10
18,1721,10
18,1722,10
18,1723,10
18,1724,10
18,1725,10
1,1726,10
1,1727,10
8,172,10
1,1728,10
1,1729,10
3,17,10
1,1730,10
8,1731,10
8,1732,10
8,1733,10
8,1734,10
8,1735,10
8,1736,10
8,1737,10
8,173,10
8,1738,10
8,1739,10
8,1740,10
8,1741,10
8,1742,10
8,1743,10
8,1744,10
8,1745,10
8,1746,10
8,1747,10
8,174,10
8,1748,10
8,1749,10
8,1750,10
8,1751,10
8,1752,10
8,1753,10
8,1754,10
8,1755,10
8,1756,10
8,1757,10
8,175,10
8,1758,10
8,1759,10
8,1760,10
8,1761,10
8,1762,10
8,1763,10
9,1764,10
9,1765,10
9,1766,10
9,1767,10
8,176,10
9,1768,10
9,1769,10
9,1770,10
9,1771,10
9,1772,10
9,1773,10
9,1774,10
20,1775,10
20,1776,10
20,1777,10
8,177,10
20,1778,10
20,1779,10
20,1780,10
20,1782,10
20,1783,10
6,1784,10
6,1785,10
6,1786,10
6,1787,10
6,1788,10
9,178,10
6,1789,10
6,1790,10
23,1791,10
23,1792,10
23,1793,10
23,1794,10
23,1795,10
23,1796,10
23,1797,10
15,1798,10
9,179,10
15,1799,10
15,1800,10
15,1801,10
15,1802,10
15,1803,10
15,1804,10
15,1805,10
15,1806,10
15,1807,10
15,1808,10
9,180,10
15,1809,10
15,1810,10
15,1811,10
15,1812,10
15,1813,10
15,1814,10
15,1815,10
15,1816,10
15,1817,10
15,1818,10
9,181,10
15,1819,10
15,1820,10
15,1821,10
15,1822,10
15,1823,10
15,1824,10
15,1825,10
15,1826,10
15,1827,10
15,1828,10
9,182,10
15,1829,10
3,18,10
10,1830,10
2,183,10
10,1831,10
10,1832,10
10,1833,10
10,1834,10
10,1835,10
10,1836,10
10,1837,10
10,1838,10
10,1839,10
10,1840,10
2,184,10
10,1841,10
10,1842,10
10,1843,10
10,1844,10
10,1845,10
10,1846,10
10,1847,10
29,1848,10
29,1849,10
29,1850,10
2,185,10
29,1851,10
29,1852,10
29,1853,10
29,1854,10
29,1855,10
29,1856,10
29,1857,10
29,1858,10
29,1859,10
29,1860,10
2,186,10
29,1861,10
29,1862,10
29,1863,10
29,1864,10
29,1865,10
29,1866,10
29,1867,10
29,1868,10
29,1869,10
29,1870,10
2,187,10
29,1871,10
29,1872,10
29,1873,10
29,1874,10
29,1875,10
29,1876,10
29,1877,10
29,1878,10
29,1879,10
29,1880,10
2,188,10
29,1881,10
29,1882,10
29,1883,10
29,1884,10
29,1885,10
29,1886,10
29,1887,10
29,1888,10
29,1889,10
29,1890,10
2,189,10
29,1891,10
29,1892,10
29,1893,10
29,1894,10
29,1895,10
29,1896,10
29,1897,10
29,1898,10
29,1899,10
29,1900,10
2,190,10
29,1901,10
29,1902,19
29,1903,19
29,1904,19
30,1905,19
30,1906,19
30,1907,19
30,1908,19
30,1909,19
30,1910,10
2,191,10
30,1911,10
29,1912,10
29,1913,10
29,1914,10
29,1915,10
29,1916,10
29,1917,10
29,1918,10
29,1919,10
30,1920,10
2,192,10
30,1921,10
30,1922,10
30,1923,10
30,1924,10
30,1925,10
29,1926,10
29,1927,10
29,1928,10
29,1929,10
3,19,10
29,1930,10
2,193,10
29,1931,10
29,1932,10
29,1933,10
29,1934,10
29,1935,10
29,1936,10
29,1937,10
29,1938,10
29,1939,10
29,1940,10
2,194,10
29,1941,10
29,1942,10
29,1943,10
29,1944,10
29,1945,10
29,1946,10
29,1947,10
29,1948,10
29,1949,10
29,1950,10
30,1951,10
29,1952,10
29,1953,10
29,1954,10
29,1955,10
29,1956,10
29,1957,10
29,1958,10
29,1959,10
29,1960,10
29,1961,10
29,1962,10
29,1963,10
29,1964,10
29,1965,10
29,1966,10
29,1967,10
29,1968,10
30,1969,10
30,1970,10
2,197,10
30,1971,10
30,1972,10
30,1973,10
30,1974,10
30,1975,10
30,1976,10
30,1977,10
29,1978,10
29,1979,10
29,1980,10
2,198,10
29,1981,10
29,1982,10
29,1983,10
29,1984,10
29,1985,10
29,1986,10
29,1987,10
29,1988,10
29,1989,10
29,1990,10
2,199,10
29,1991,10
29,1992,10
29,1993,10
29,1994,10
29,1995,10
29,1996,10
30,1997,10
30,1998,10
30,1999,10
30,2000,10
2,200,10
30,2001,10
30,2002,10
30,2003,10
30,2004,10
30,2005,10
30,2006,10
30,2007,10
30,2008,10
30,2009,10
29,2010,10
2,201,10
29,2011,10
29,2012,10
29,2013,10
29,2014,10
29,2015,10
29,2016,10
29,2017,10
29,2018,10
29,2019,10
30,2020,10
2,202,10
30,2021,10
30,2022,10
30,2023,10
30,2024,10
30,2025,10
30,2026,10
30,2027,10
30,2028,10
30,2029,10
3,20,10
30,2030,10
2,203,10
30,2031,10
30,2032,10
30,2033,10
30,2034,10
30,2035,10
30,2036,10
30,2037,10
30,2038,10
30,2039,10
30,2040,10
2,204,10
30,2041,10
30,2042,10
30,2043,10
30,2044,10
30,2045,10
30,2046,10
30,2047,10
30,2048,10
30,2049,10
30,2050,10
2,205,10
30,2051,10
30,2052,10
30,2053,10
30,2054,10
30,2055,10
30,2056,10
30,2057,10
30,2058,10
30,2059,10
30,2060,10
2,206,10
30,2061,10
30,2062,10
30,2063,10
30,2064,10
30,2065,10
30,2066,10
30,2067,10
30,2068,1
30,2069,1
30,2070,1
2,207,1
30,2071,1
30,2072,1
30,2073,1
30,2074,1
30,2075,10
30,2076,10
30,2077,10
30,2078,10
30,2079,10
30,2080,10
2,208,10
30,2081,10
30,2082,10
30,2083,10
30,2084,10
30,2085,10
30,2086,10
30,2087,10
30,2088,10
30,2089,10
30,2090,10
2,209,10
30,2091,10
30,2092,10
30,2093,10
30,2094,10
30,2095,10
30,2096,10
30,2097,10
30,2098,10
30,2099,10
1,2,10
30,2100,10
2,210,10
4,2101,10
4,2102,10
4,2103,10
4,2104,10
25,2105,10
25,2106,10
25,2107,10
25,2108,10
25,2109,10
25,2110,10
2,211,10
25,2111,10
25,2112,10
25,2113,10
25,2114,10
25,2115,10
25,2116,10
25,2117,10
25,2118,10
25,2119,10
25,2120,10
2,212,10
25,2121,10
25,2122,10
25,2123,10
25,2124,10
25,2125,10
25,2126,10
25,2127,10
25,2128,10
25,2129,10
3,21,10
25,2130,10
2,213,10
25,2131,10
25,2132,10
25,2133,10
25,2134,10
25,2135,10
25,2136,10
25,2137,10
7,2138,10
7,2139,10
7,2140,10
2,214,10
7,2141,10
7,2142,10
7,2143,10
7,2144,10
7,2145,10
24,2146,10
24,2147,10
24,2148,10
24,2149,10
24,2150,10
2,215,10
24,2151,10
24,2152,10
24,2153,10
24,2154,10
24,2155,10
24,2156,10
24,2157,10
24,2158,10
24,2159,0
24,2160,0
2,216,10
24,2161,10
24,2162,10
24,2163,10
24,2164,10
24,2165,10
24,2166,10
24,2167,10
24,2168,10
24,2169,10
2,2170,10
2,217,10
2,2171,10
2,2172,10
2,2173,10
2,2174,10
2,2175,10
2,2176,10
2,2177,10
2,2178,10
5,2179,10
5,2180,10
10,218,10
5,2181,10
5,2182,10
5,2183,10
5,2184,10
5,2185,10
5,2186,10
5,2187,10
5,2188,10
5,2189,10
5,2190,10
10,219,10
5,2191,10
5,2192,10
5,2193,10
5,2194,10
5,2195,10
5,2196,10
5,2197,10
5,2198,10
5,2199,10
5,2200,10
10,220,10
2,2201,10
2,2202,10
2,2203,10
2,2204,10
2,2205,10
2,2206,10
2,2207,10
2,2208,10
2,2209,10
2,2210,10
10,221,10
2,2211,10
2,2212,10
2,2213,10
2,2214,10
2,2215,10
2,2216,10
2,2217,10
2,2218,10
2,2219,10
2,2220,10
10,222,10
5,2221,10
5,2222,10
5,2223,10
5,2224,10
5,2225,10
5,2226,10
5,2227,10
5,2228,10
5,2229,10
3,22,10
5,2230,10
10,223,10
5,2231,10
5,2232,10
5,2233,10
5,2234,10
5,2235,10
5,2236,10
14,2237,10
14,2238,10
14,2239,10
6,2240,10
10,224,10
6,2241,10
6,2242,10
6,2243,10
6,2244,10
6,2245,10
6,2246,10
6,2247,10
6,2248,10
7,2249,10
7,2250,10
10,225,2
7,2251,2
7,2252,2
7,2253,2
7,2254,2
7,2255,2
7,2256,2
7,2257,2
7,2258,2
7,2259,2
7,2260,10
10,226,10
7,2261,10
7,2262,10
7,2263,10
7,2264,10
6,2265,10
6,2266,10
6,2267,10
6,2268,10
6,2269,10
6,2270,10
10,227,10
6,2271,10
6,2272,10
6,2273,10
6,2274,10
6,2275,10
6,2276,10
6,2277,10
6,2278,10
6,2279,10
6,2280,10
10,228,10
26,2281,10
26,2282,10
26,2283,10
26,2284,10
26,2285,10
26,2286,10
26,2287,10
26,2288,10
26,2289,10
26,2290,10
10,229,10
26,2291,10
26,2292,10
26,2293,10
26,2294,10
26,2295,10
26,2296,10
26,2297,10
26,2298,10
26,2299,10
26,2300,10
10,230,10
26,2301,10
26,2302,10
26,2303,10
26,2304,10
26,2305,10
26,2306,10
26,2307,0
26,2308,0
26,2309,0
26,2310,0
10,231,8
26,2311,8
26,2312,8
26,2313,8
26,2314,8
26,2315,8
26,2316,8
26,2317,8
26,2318,8
26,2319,8
26,2320,8
10,232,8
26,2321,8
26,2322,8
26,2323,8
26,2325,8
26,2326,8
26,2327,8
26,2328,8
26,2329,8
3,23,8
10,233,8
26,2331,8
26,2332,8
26,2333,8
26,2334,8
26,2335,8
26,2336,8
26,2337,8
26,2338,12
26,2339,10
26,2340,10
10,234,10
26,2341,10
26,2342,10
26,2343,10
26,2344,10
26,2345,10
26,2346,10
26,2347,10
26,2348,10
26,2349,10
10,235,10
26,2351,10
26,2352,10
26,2353,10
26,2354,10
26,2355,10
26,2356,10
26,2357,10
26,2358,10
26,2359,10
26,2360,10
10,236,10
26,2361,10
26,2362,10
26,2363,10
26,2364,10
26,2365,10
26,2366,10
26,2367,10
26,2368,10
26,2369,10
26,2370,10
10,237,10
26,2371,10
26,2372,10
26,2373,10
19,2374,10
19,2375,10
19,2376,10
19,2377,10
19,2378,10
25,2379,10
25,2380,10
10,238,10
25,2381,10
25,2382,10
25,2383,10
25,2384,10
25,2385,10
25,2386,10
25,2387,10
25,2388,10
25,2389,10
7,2390,10
10,239,10
7,2391,10
7,2392,10
7,2393,10
7,2394,10
7,2395,10
7,2396,10
7,2397,10
7,2398,10
7,2399,10
7,2400,10
10,240,10
7,2401,10
7,2402,10
7,2403,10
7,2404,10
7,2405,10
7,2406,10
7,2407,10
7,2408,10
7,2409,10
7,2410,10
10,241,10
7,2411,10
7,2412,10
7,2413,10
7,2414,10
2,2415,10
2,2416,10
2,2417,10
10,2418,10
10,2419,10
24,2420,10
10,242,10
24,2421,10
24,2422,10
24,2423,10
24,2424,10
24,2425,10
24,2426,10
24,2427,10
24,2428,10
24,2429,10
3,24,10
24,2430,10
10,243,10
24,2431,10
24,2432,10
24,2433,10
24,2434,10
24,2435,10
24,2436,10
24,2437,10
24,2438,10
24,2439,10
24,2440,10
10,244,10
24,2441,10
24,2442,10
24,2443,10
24,2444,10
24,2445,10
24,2446,10
24,2447,10
24,2448,10
24,2449,10
24,2450,10
10,245,10
24,2451,10
24,2452,10
24,2453,10
24,2454,10
24,2455,10
24,2456,10
24,2457,10
24,2458,10
24,2459,10
24,2460,10
10,246,10
24,2461,10
24,2462,10
24,2463,10
24,2464,10
24,2465,10
24,2466,10
24,2467,10
24,2468,10
24,2469,10
24,2470,10
24,2471,10
11,247,10
24,2472,10
24,2473,10
24,2474,10
24,2475,10
24,2476,10
24,2477,10
24,2478,10
24,2479,10
24,2480,10
24,2481,10
11,248,10
24,2482,10
24,2483,10
24,2484,10
24,2485,10
24,2486,10
24,2487,10
24,2488,10
24,2489,10
24,2490,10
24,2491,10
11,249,10
24,2492,10
24,2493,10
24,2494,10
24,2495,10
24,2496,10
24,2497,10
24,2498,10
24,2499,10
24,2500,10
24,2501,10
11,250,10
24,2502,10
24,2503,10
24,2504,10
24,2505,10
24,2506,10
24,2507,10
24,2508,10
24,2509,10
24,2510,10
24,2511,10
11,251,10
24,2512,10
24,2513,10
24,2514,10
24,2515,10
24,2516,10
24,2517,10
24,2518,10
24,2519,10
24,2520,10
11,252,10
24,2521,10
24,2522,10
24,2523,10
24,2524,10
24,2525,10
2,2526,10
2,2527,10
2,2528,10
2,2529,10
3,25,10
2,2530,10
2,2531,10
11,253,10
2,2532,10
2,2533,10
2,2534,10
2,2535,10
2,2536,10
2,2537,10
2,2538,10
2,2539,10
2,2540,10
2,2541,10
11,254,10
2,2542,10
2,2543,10
2,2544,10
2,2545,10
2,2546,10
2,2547,10
2,2548,10
2,2549,10
2,2550,10
2,2551,10
11,255,10
2,2552,10
2,2553,10
2,2554,10
2,2555,10
2,2556,10
2,2557,10
2,2558,10
2,2559,10
2,2560,10
2,2561,10
11,256,10
2,2562,10
2,2563,10
2,2564,10
2,2565,10
2,2566,10
2,2567,10
2,2568,10
2,2569,10
2,2570,10
2,2571,10
11,257,10
2,2572,10
2,2573,10
2,2574,10
2,2575,10
2,2576,10
2,2577,10
14,2578,10
14,2579,10
14,2580,10
14,2581,10
11,258,10
14,2582,10
20,2583,10
20,2584,10
20,2585,10
20,2586,10
20,2587,10
20,2588,10
20,2589,10
20,2590,10
20,2591,10
11,259,10
20,2592,10
20,2593,10
2,2594,10
2,2595,10
2,2596,10
2,2597,10
2,2598,10
2,2599,10
2,2600,10
2,2601,10
11,260,10
2,2602,10
2,2603,10
2,2604,10
2,2605,10
2,2606,10
14,2607,10
14,2608,10
14,2609,10
2,2610,10
2,2611,10
11,261,10
2,2612,10
2,2613,10
2,2614,10
2,2615,10
2,2616,10
2,2617,10
2,2618,10
2,2619,10
2,2620,10
6,2621,10
11,262,10
6,2622,10
6,2623,10
6,2624,10
6,2625,10
6,2626,10
6,2627,10
6,2628,10
6,2629,10
3,26,10
6,2630,10
6,2631,10
11,263,10
6,2632,10
6,2633,10
6,2634,10
6,2635,10
6,2636,10
6,2637,10
6,2638,10
6,2639,10
3,2640,10
3,2641,10
11,264,10
3,2642,10
3,2643,10
3,2644,10
3,2645,10
3,2646,10
3,2647,10
3,2648,10
3,2649,10
23,2650,10
23,2651,10
11,265,10
23,2652,10
23,2653,10
23,2654,10
23,2655,10
23,2656,10
23,2657,10
23,2658,10
23,2659,10
23,2660,10
23,2661,10
11,266,10
23,2662,10
23,2663,10
23,2664,10
23,2665,10
15,2666,10
15,2667,10
15,2668,10
15,2669,10
15,2670,10
15,2671,10
11,267,10
15,2672,10
15,2673,10
15,2674,10
15,2675,29
15,2676,10
15,2677,10
15,2678,10
15,2679,10
15,2680,10
15,2681,10
11,268,10
15,2682,10
15,2683,10
15,2684,10
15,2685,10
15,2686,10
15,2687,10
15,2688,10
15,2689,12
15,2690,12
15,2691,12
11,269,12
15,2692,12
15,2693,10
15,2694,10
15,2695,10
15,2696,10
15,2697,10
15,2698,10
15,2699,10
15,2700,10
15,2701,10
11,270,10
15,2702,10
15,2703,10
15,2704,10
15,2705,10
15,2706,10
15,2707,10
15,2708,10
15,2709,10
15,2710,10
15,2711,10
11,271,10
15,2712,10
15,2713,10
15,2714,10
15,2715,10
15,2716,10
15,2717,10
15,2718,10
15,2719,10
15,2720,10
15,2721,10
11,272,10
15,2722,10
15,2723,10
15,2724,10
15,2725,10
15,2726,10
15,2727,10
15,2728,10
15,2729,10
3,27,10
15,2730,10
15,2731,10
11,273,10
15,2732,10
15,2733,10
15,2734,10
15,2735,10
15,2736,10
15,2737,10
15,2738,10
15,2739,10
15,2740,10
15,2741,10
11,274,10
15,2742,10
15,2743,10
15,2744,10
15,2745,10
15,2746,10
15,2747,10
15,2748,10
15,2749,10
15,2750,10
15,2751,10
11,275,10
15,2752,10
15,2753,10
15,2754,10
15,2755,10
15,2756,10
15,2757,10
15,2758,10
15,2759,10
15,2760,10
15,2761,10
11,276,1
15,2762,1
15,2763,1
23,2764,1
23,2765,1
23,2766,1
23,2767,1
23,2768,1
23,2769,1
25,2770,1
25,2771,1
11,277,1
25,2772,1
25,2773,1
25,2774,10
25,2775,10
13,2776,10
13,2777,1
13,2778,1
13,2779,10
13,2780,10
13,2781,10
11,278,10
13,2782,10
13,2783,10
13,2784,10
13,2785,10
13,2786,10
13,2787,10
13,2788,10
13,2789,10
13,2790,10
13,2791,10
11,279,10
13,2792,10
13,2793,10
13,2794,10
13,2795,10
13,2796,10
13,2797,10
13,2798,10
13,2799,10
13,2800,10
13,2801,10
11,280,10
13,2802,10
13,2803,10
13,2804,10
25,2805,10
25,2806,10
25,2807,10
25,2808,10
25,2809,10
25,2810,10
25,2811,10
11,281,10
25,2812,10
25,2813,10
13,2814,10
13,2815,10
13,2816,10
13,2817,10
13,2818,10
13,2819,10
13,2820,10
13,2821,10
11,282,10
13,2822,10
13,2823,10
13,2824,10
13,2825,8
13,2826,8
13,2827,8
13,2828,8
13,2829,8
3,28,12
13,2830,12
13,2831,12
11,283,12
13,2832,12
13,2833,12
13,2834,12
13,2835,12
13,2836,12
13,2837,12
13,2838,12
13,2839,12
13,2840,12
13,2841,12
11,284,12
13,2842,12
13,2843,10
13,2844,10
13,2845,10
13,2846,10
13,2847,10
13,2848,10
13,2849,10
13,2850,10
13,2851,10
11,285,10
13,2852,10
13,2853,10
13,2854,10
13,2855,10
13,2856,10
13,2857,10
13,2858,10
13,2859,10
13,2860,10
13,2861,10
11,286,10
13,2862,10
13,2863,10
13,2864,10
13,2865,10
13,2866,10
13,2867,10
13,2868,10
13,2869,10
13,2870,10
13,2871,10
5,287,10
13,2872,10
13,2873,10
13,2874,10
13,2875,10
13,2876,10
13,2877,10
13,2878,10
13,2879,10
13,2880,10
13,2881,10
5,288,10
13,2882,10
13,2883,10
13,2884,10
13,2885,10
13,2886,10
13,2887,10
13,2888,10
13,2889,10
13,2891,10
5,289,10
13,2892,10
13,2893,10
13,2894,10
13,2895,10
13,2896,10
13,2897,10
19,2898,12
19,2899,12
19,2900,12
19,2901,12
5,290,12
19,2902,12
19,2903,12
19,2904,12
19,2905,12
19,2906,12
19,2907,12
19,2908,10
19,2909,10
19,2910,10
19,2911,10
5,291,10
19,2912,10
19,2913,10
19,2914,10
19,2915,10
19,2916,10
19,2917,10
19,2918,10
19,2919,10
19,2920,10
19,2921,10
5,292,10
19,2922,10
19,2923,10
19,2924,10
19,2925,10
19,2926,10
19,2927,10
19,2928,10
19,2929,10
3,29,10
19,2930,10
19,2931,10
5,293,10
19,2932,10
19,2933,10
19,2934,10
19,2935,10
19,2936,10
19,2937,10
19,2938,10
19,2939,10
19,2940,10
19,2941,10
12,294,10
19,2942,10
19,2943,10
19,2944,10
19,2945,10
19,2946,10
19,2947,10
19,2948,10
19,2949,10
19,2950,10
19,2951,10
12,295,10
19,2952,10
19,2953,10
19,2954,10
19,2955,10
19,2956,10
19,2957,10
19,2958,10
19,2959,10
19,2960,10
19,2961,10
12,296,10
19,2962,10
19,2963,10
19,2964,10
19,2965,10
19,2966,10
19,2967,10
19,2968,10
19,2969,10
19,2970,10
19,2971,10
12,297,10
19,2972,10
19,2973,10
19,2974,10
19,2975,10
19,2976,10
19,2977,10
19,2978,10
19,2979,10
19,2980,10
19,2981,10
12,298,10
19,2982,10
19,2983,10
19,2984,10
19,2985,10
19,2986,10
19,2987,10
19,2988,10
19,2989,10
7,2990,10
7,2991,10
12,299,10
7,2992,10
7,2993,10
7,2994,10
7,2995,10
7,2996,10
7,2997,10
7,2998,10
7,2999,10
7,3000,10
7,3001,10
12,300,10
7,3002,10
7,3003,10
4,3004,10
4,3005,10
4,3006,10
4,3007,10
4,3008,10
4,3009,10
4,3010,10
4,3011,10
12,301,10
4,3012,10
4,3013,10
4,3014,10
4,3015,10
4,3016,10
4,3017,10
4,3018,10
4,3019,10
4,3020,10
4,3021,10
12,302,10
4,3022,10
4,3023,10
4,3024,10
4,3025,10
4,3026,10
4,3027,10
6,3028,10
6,3029,10
3,30,10
6,3030,10
6,3031,10
12,303,10
6,3032,10
6,3033,10
6,3034,10
6,3035,10
10,3036,10
10,3037,10
10,3038,10
10,3039,10
10,3040,10
10,3041,10
12,304,10
10,3042,10
10,3043,10
10,3044,10
10,3045,10
10,3046,10
10,3047,10
10,3048,10
10,3049,10
10,3050,10
10,3051,10
12,305,10
10,3052,10
10,3053,10
10,3054,10
10,3055,10
10,3056,10
10,3057,10
10,3058,10
10,3059,10
10,3060,10
10,3061,10
12,306,10
10,3062,10
10,3063,10
10,3064,10
10,3065,10
10,3066,10
18,3067,10
18,3068,10
18,3069,10
18,3070,10
18,3071,10
12,307,10
18,3072,10
18,3073,10
18,3074,8
18,3075,8
18,3076,8
18,3077,8
18,3078,8
18,3079,8
18,3080,8
3,3081,8
12,308,8
3,3082,8
3,3083,8
3,3084,8
3,3085,8
3,3086,8
3,3087,8
3,3088,8
3,3089,8
3,3090,8
3,3091,8
12,309,8
3,3092,8
3,3093,8
3,3094,8
3,3095,12
3,3096,12
3,3097,12
3,3098,10
3,3099,10
1,3,10
3,3100,10
3,3101,10
12,310,10
3,3102,10
3,3103,10
3,3104,10
3,3105,10
3,3106,10
3,3107,10
3,3108,10
22,3109,10
22,3110,10
22,3111,10
12,311,10
22,3112,10
22,3113,10
22,3114,10
22,3115,10
22,3116,10
22,3117,10
22,3118,10
22,3119,10
22,3120,10
22,3121,10
12,312,10
22,3122,10
22,3123,10
22,3124,10
22,3125,10
22,3126,10
22,3127,10
22,3128,10
22,3129,10
3,31,10
22,3130,10
22,3131,10
12,313,10
22,3132,10
22,3133,10
22,3134,10
22,3135,10
22,3136,10
22,3137,10
22,3138,10
22,3139,10
22,3140,10
22,3141,10
12,314,10
22,3142,10
22,3143,10
22,3144,10
22,3145,10
22,3146,10
22,3147,10
22,3148,10
22,3149,10
22,3150,10
22,3151,10
12,315,10
22,3152,10
22,3153,10
22,3154,10
22,3155,10
22,3156,10
22,3157,10
22,3158,10
22,3159,10
22,3160,10
22,3161,10
12,316,10
22,3162,10
22,3163,10
22,3164,10
22,3165,10
22,3166,10
22,3167,10
22,3168,10
22,3169,10
22,3170,10
22,3171,10
12,317,10
22,3172,10
22,3173,10
22,3174,10
22,3175,10
22,3176,10
22,3177,10
22,3178,10
22,3179,10
22,3180,10
22,3181,10
12,318,10
22,3182,10
22,3183,10
22,3184,10
22,3185,10
22,3186,10
22,3187,10
22,3188,10
22,3189,10
22,3190,10
22,3191,10
12,319,10
22,3192,10
22,3193,10
22,3194,10
22,3195,10
22,3196,10
22,3197,10
22,3198,10
22,3199,10
22,3200,10
22,3201,10
18,320,10
22,3202,10
22,3203,10
22,3204,10
22,3205,10
22,3206,10
22,3207,10
22,3208,10
22,3209,10
22,3210,10
22,3211,10
18,321,10
22,3212,10
22,3213,10
22,3214,10
22,3215,10
22,3216,10
22,3217,10
22,3218,10
13,3219,10
13,3220,10
13,3221,10
18,322,10
13,3222,10
13,3223,10
13,3224,10
13,3225,10
13,3226,10
13,3227,10
13,3228,10
13,3229,10
3,32,10
13,3230,10
13,3231,10
18,323,10
13,3232,10
13,3233,10
13,3234,10
13,3235,10
13,3236,10
13,3237,10
13,3238,10
13,3239,10
13,3240,10
13,3241,10
18,324,10
13,3242,10
13,3243,10
13,3244,10
13,3245,10
13,3246,10
13,3247,10
13,3248,10
13,3249,10
13,3250,10
13,3251,10
18,325,10
13,3252,10
13,3253,10
13,3254,10
13,3255,10
13,3256,10
13,3257,10
13,3258,10
4,3259,10
4,3260,10
4,3261,10
18,326,10
4,3262,10
4,3263,10
4,3264,10
4,3265,10
4,3266,10
4,3267,10
4,3268,10
4,3269,10
4,3270,10
4,3271,10
18,327,10
4,3272,10
4,3273,10
14,3274,10
14,3275,10
14,3276,10
14,3277,10
14,3278,10
14,3279,10
14,3280,10
14,3281,10
18,328,10
14,3282,10
1,3283,10
1,3284,10
1,3285,10
10,3286,10
10,3287,10
10,3288,10
10,3289,10
10,3290,10
10,3291,10
18,329,10
10,3292,10
10,3293,10
14,3294,10
14,3295,10
14,3296,10
6,3297,10
6,3298,10
6,3299,10
6,3300,10
6,3301,10
18,330,10
6,3302,10
6,3303,10
6,3304,10
6,3305,10
6,3306,10
6,3307,10
6,3308,10
6,3309,10
6,3310,10
6,3311,10
18,331,10
6,3312,10
6,3313,10
6,3314,10
6,3315,10
6,3316,10
6,3317,10
6,3318,10
6,3319,10
6,3320,10
5,3321,10
18,332,10
5,3322,10
5,3323,10
5,3324,10
5,3325,10
14,3326,10
14,3327,10
17,3328,10
17,3329,10
3,33,10
17,3330,10
17,3331,10
18,333,10
17,3332,10
17,3333,10
17,3334,10
17,3335,10
17,3336,10
17,3337,10
17,3338,10
17,3339,10
17,3340,10
17,3341,10
18,334,10
17,3342,10
17,3343,10
17,3344,10
17,3345,10
17,3346,10
17,3347,10
17,3348,10
17,3349,10
17,3350,10
17,3351,10
18,335,10
17,3352,10
17,3353,10
17,3354,10
17,3355,10
17,3356,10
17,3357,10
17,3358,10
17,3359,10
17,3360,10
17,3361,10
18,336,10
17,3362,10
17,3363,10
17,3364,10
17,3365,10
17,3366,10
17,3367,10
17,3368,10
17,3369,10
17,3370,10
17,3371,10
18,337,10
17,3372,10
17,3373,10
17,3374,10
17,3375,0
17,3376,0
17,3377,0
17,3378,0
17,3379,0
17,3380,0
17,3381,0
18,338,0
17,3382,0
17,3383,6
17,3384,6
17,3385,6
17,3386,6
17,3387,6
17,3388,12
17,3389,12
17,3390,12
17,3391,12
5,339,12
17,3392,12
17,3393,12
17,3394,12
17,3395,12
17,3396,10
17,3397,10
17,3398,10
17,3399,10
17,3400,10
17,3401,10
5,340,10
17,3402,10
17,3403,10
17,3404,10
17,3405,10
17,3406,10
17,3407,10
17,3408,10
3,3409,10
3,3410,10
3,3411,10
5,341,10
3,3412,10
3,3413,10
3,3414,10
3,3415,10
3,3416,10
3,3417,10
3,3418,10
3,3419,10
3,3420,10
3,3421,10
5,342,10
3,3422,10
3,3423,10
3,3424,10
3,3425,10
3,3426,10
3,3427,10
3,3428,10
3,34,10
3,3430,10
3,3431,10
5,343,10
3,3432,10
3,3433,10
3,3434,10
3,3435,10
3,3436,10
5,3437,10
5,3438,10
5,3439,10
5,3440,10
5,3441,10
5,344,10
5,3442,10
5,3443,10
5,3444,10
5,3445,10
5,3446,10
5,3447,10
5,3448,10
5,3449,10
5,3450,10
5,3451,10
5,345,10
5,3452,10
5,3453,10
5,3454,10
5,3455,10
5,3456,10
5,3457,10
5,3458,10
5,3459,10
5,3460,10
5,3461,10
5,346,10
5,3462,10
5,3463,10
5,3464,10
5,3465,10
5,3466,10
5,3467,10
5,3468,10
5,3469,10
5,3470,10
5,3471,10
5,347,10
5,3472,10
5,3473,10
5,3474,10
3,3475,10
3,3476,10
3,3477,10
3,3478,10
3,3479,10
3,3480,10
3,3481,10
5,348,10
3,3482,10
3,3483,10
3,3484,10
3,3485,10
3,3486,10
3,3487,10
3,3488,10
3,3489,10
3,3490,14
3,3491,14
5,349,10
3,3492,10
3,3493,10
3,3494,14
3,3495,14
3,3496,14
3,3497,14
3,3498,14
3,3499,14
3,3500,14
3,3501,14
5,350,14
9,3502,14
9,3503,14
14,3504,14
14,3505,14
14,3506,14
14,3507,14
14,3508,14
14,3509,14
14,3510,14
14,3511,14
5,351,14
14,3512,14
7,3513,14
7,3514,14
7,3515,14
7,3516,14
7,3517,0
7,3518,0
7,3519,0
7,3520,0
7,3521,0
5,352,0
7,3522,0
7,3523,0
7,3524,0
7,3525,0
7,3526,0
7,3527,0
7,3528,0
7,3529,0
3,35,0
25,3530,0
25,3531,0
5,353,0
25,3532,0
25,3533,0
25,3534,0
25,3535,0
25,3536,0
25,3537,0
25,3538,0
25,3539,0
25,3540,0
25,3541,0
5,354,0
25,3542,0
13,3543,0
13,3544,0
13,3545,0
13,3546,0
13,3547,0
13,3548,0
13,3549,0
13,3550,0
16,3551,8
5,355,8
16,3552,8
16,3553,8
16,3554,8
16,3555,8
16,3556,8
16,3557,8
16,3558,8
16,3559,8
16,3560,8
16,3561,8
5,356,8
16,3562,8
16,3563,8
16,3564,8
16,3565,8
16,3566,8
16,3567,8
16,3568,8
16,3569,8
16,3570,8
16,3571,8
5,357,8
13,3572,8
13,3573,8
13,3574,8
13,3575,8
13,3576,8
13,3577,8
13,3578,8
13,3579,8
13,3580,8
13,3581,7
5,358,1
13,3582,1
13,3583,10
13,3584,10
13,3585,10
13,3586,10
13,3587,10
13,3588,10
13,3589,10
13,3590,10
18,3591,10
5,359,10
18,3592,10
18,3593,10
18,3594,10
18,3595,10
18,3596,10
18,3597,10
13,3598,10
13,3599,10
13,3600,10
13,3601,10
5,360,10
13,3602,10
13,3603,10
13,3604,10
13,3605,10
13,3606,10
13,3607,10
13,3608,10
18,3609,10
18,3610,10
18,3611,10
5,361,10
18,3612,10
18,3613,10
18,3614,10
18,3615,10
18,3616,10
18,3617,10
18,3618,10
18,3619,10
18,3620,10
18,3621,10
5,362,10
18,3622,10
18,3623,10
18,3624,10
18,3625,10
18,3626,10
18,3627,10
18,3628,10
18,3629,10
3,36,10
18,3630,10
18,3631,10
4,363,10
18,3632,10
18,3633,10
18,3634,10
18,3635,10
18,3636,10
18,3637,10
18,3638,10
18,3639,10
18,3640,10
18,3641,10
4,364,10
18,3642,10
18,3643,10
18,3644,10
18,3645,10
18,3646,10
18,3647,10
18,3648,10
18,3649,10
18,3650,10
18,3651,10
4,365,10
18,3652,10
18,3653,10
18,3654,10
18,3655,10
18,3656,10
18,3657,10
18,3658,10
18,3659,10
18,3660,10
18,3661,10
4,366,10
18,3662,10
18,3663,10
18,3664,10
18,3665,10
18,3666,10
18,3667,10
18,3668,10
10,3669,10
10,3670,10
10,3671,10
4,367,10
10,3672,10
26,3673,10
26,3674,10
26,3676,10
26,3677,10
26,3680,10
26,3681,10
4,368,10
26,3682,10
26,3683,12
26,3684,12
26,3685,12
26,3686,12
26,3687,12
26,3688,12
26,3690,12
26,3691,12
4,369,12
26,3692,12
26,3693,12
26,3694,12
26,3695,12
26,3696,12
14,3699,12
14,3700,12
14,3701,12
4,370,12
14,3702,12
14,3703,12
14,3704,12
14,3705,10
13,3706,10
13,3707,10
13,3708,10
13,3709,10
13,3710,10
13,3711,10
4,371,10
13,3712,10
13,3713,10
13,3714,10
13,3715,10
13,3716,10
13,3717,10
13,3718,10
13,3719,10
13,3720,10
13,3721,10
4,372,10
13,3722,10
13,3723,10
13,3724,10
13,3725,10
13,3726,10
13,3727,10
13,3728,10
13,3729,10
3,37,10
13,3730,10
13,3731,10
4,373,10
13,3732,10
13,3733,10
13,3734,10
13,3735,10
9,3736,10
9,3737,10
9,3738,10
2,3739,10
2,3740,10
2,3741,10
4,374,10
2,3742,10
2,3743,10
2,3744,10
1,3745,10
1,3746,27
1,3747,27
1,3748,27
1,3749,27
1,3750,27
1,3751,27
4,375,27
1,3752,27
1,3753,27
9,3754,10
9,3755,27
9,3756,27
2,3757,27
2,3758,27
2,3759,27
2,3760,27
2,3761,27
4,376,10
2,3762,10
18,3763,10
18,3764,27
18,3765,27
18,3766,27
18,3767,27
18,3768,27
18,3769,27
18,3770,27
18,3771,27
4,377,27
14,3772,28
14,3773,28
14,3774,28
14,3775,28
14,3776,28
14,3777,28
14,3778,28
14,3779,28
5,3780,28
5,3781,27
4,378,27
5,3782,27
5,3783,27
5,3784,27
5,3785,27
5,3786,27
5,3787,27
5,3788,27
5,3789,27
5,3790,27
5,3791,27
4,379,27
5,3792,28
5,3793,28
5,3794,28
5,3795,28
5,3796,28
5,3797,28
5,3798,28
8,3799,28
8,3800,28
8,3801,28
4,380,28
8,3802,28
8,3803,28
14,3804,28
14,3805,28
14,3806,28
14,3807,28
3,3808,28
3,3809,28
3,3810,28
3,3811,28
4,381,28
3,3812,27
3,3813,27
3,3814,27
3,3815,27
3,3816,27
3,3817,27
3,3818,27
3,3819,27
3,3820,28
3,3821,28
4,382,28
3,3822,28
3,3823,28
14,3824,27
14,3825,27
14,3826,27
14,3827,27
14,3828,27
14,3829,28
3,38,28
14,3830,28
14,3831,28
4,383,28
14,3832,28
14,3833,28
14,3834,28
14,3835,28
14,3836,28
14,3837,28
14,3838,28
14,3839,28
14,3840,28
14,3841,27
4,384,27
14,3842,27
14,3843,28
14,3844,28
14,3845,28
14,3846,28
14,3847,28
14,3848,28
14,3849,28
14,3850,28
14,3851,28
4,385,28
14,3852,28
14,3853,28
14,3854,28
14,3855,28
14,3856,28
14,3857,28
14,3858,10
23,3859,28
23,3860,28
23,3861,28
4,386,28
23,3862,28
23,3863,28
23,3864,28
23,3865,28
23,3866,28
23,3867,28
23,3868,28
23,3869,28
23,3870,28
23,3871,28
4,387,28
23,3872,10
23,3873,10
23,3874,10
23,3875,28
23,3876,28
23,3877,28
23,3878,28
23,3879,28
23,3880,28
23,3881,28
4,388,28
23,3882,28
23,3883,10
23,3884,28
23,3885,28
23,3886,28
23,3887,28
23,3888,28
23,3889,28
23,3890,28
23,3891,28
6,389,28
23,3892,28
23,3893,28
23,3894,28
23,3895,28
23,3896,28
23,3897,28
23,3898,28
23,3899,3
23,3900,28
23,3901,28
14,390,28
23,3902,28
23,3903,28
23,3904,28
23,3905,28
23,3906,28
23,3907,28
23,3908,28
23,3909,28
23,3910,28
23,3911,28
14,391,28
23,3912,28
23,3913,28
23,3914,28
23,3915,28
23,3916,28
23,3917,28
23,3918,10
23,3919,10
23,3920,10
23,3921,28
14,392,28
23,3922,28
23,3923,28
23,3924,28
23,3925,28
16,3926,28
16,3927,28
16,3928,28
16,3929,28
3,39,28
16,3930,28
16,3931,28
14,393,28
16,3932,28
16,3933,28
16,3934,28
16,3935,28
16,3936,28
16,3937,28
16,3938,27
16,3939,27
16,3940,27
16,3941,27
14,394,27
16,3942,27
16,3943,27
16,3944,27
16,3945,27
16,3946,27
16,3947,27
16,3948,27
16,3949,27
16,3950,28
16,3951,28
14,395,28
16,3952,28
16,3953,28
16,3954,28
16,3955,28
16,3956,28
16,3957,28
16,3958,28
16,3959,27
16,3960,28
16,3961,10
14,396,10
16,3962,10
16,3963,10
16,3964,10
16,3965,10
16,3966,10
16,3967,10
16,3968,10
16,3969,10
16,3970,10
16,3971,10
14,397,10
16,3972,10
16,3973,10
16,3974,10
23,3975,10
23,3976,10
23,3977,10
23,3978,10
2,3979,10
2,3980,10
2,3981,10
2,3982,10
7,398,10
2,3983,10
2,3984,10
5,3985,10
5,3986,10
5,3987,10
5,3988,10
5,3989,10
5,3990,10
5,3991,10
5,3992,10
7,399,10
5,3993,10
5,3994,10
5,3995,10
5,3996,10
5,3997,10
5,3998,10
9,3999,10
9,4000,10
8,4001,10
8,4002,10
7,400,10
8,4003,10
8,4004,10
8,4005,10
8,4006,10
8,4007,10
8,4008,10
8,4009,10
11,4010,10
11,4011,10
11,4012,10
7,401,10
11,4013,10
11,4014,10
11,4015,10
11,4016,10
11,4017,10
11,4018,10
11,4019,10
11,4020,10
11,4021,10
11,4022,10
7,402,10
11,4023,10
11,4024,10
11,4025,10
11,4026,10
11,4027,10
11,4028,10
11,4029,10
3,40,10
11,4030,10
11,4031,10
11,4032,10
7,403,10
11,4033,10
11,4034,10
11,4035,10
11,4036,10
1,4037,10
1,4038,10
1,4039,10
1,4040,10
1,4041,10
26,4042,10
7,404,10
26,4043,10
26,4044,10
26,4045,10
26,4046,10
26,4047,10
26,4048,10
26,4049,10
26,4050,10
26,4051,10
26,4052,10
7,405,10
26,4053,10
26,4054,10
26,4055,10
26,4056,10
26,4057,10
26,4058,10
26,4059,10
26,4060,10
26,4061,10
26,4062,10
7,406,10
26,4063,10
26,4064,10
26,4065,10
26,4066,10
26,4067,10
26,4068,10
26,4069,10
26,4070,10
26,4071,10
26,4072,10
7,407,10
26,4073,10
14,4074,10
14,4075,10
14,4076,10
14,4077,10
14,4078,10
9,4079,10
9,4080,10
9,4081,10
9,4082,10
7,408,10
2,4083,10
2,4084,10
2,4085,10
9,4086,10
9,4087,10
9,4088,10
9,4089,10
9,4090,10
9,4091,10
9,4092,10
7,409,10
9,4093,10
9,4094,10
9,4095,10
16,4096,10
16,4097,10
16,4098,10
16,4099,10
1,4,10
16,4100,10
16,4101,10
16,4102,10
7,410,10
16,4103,10
16,4104,10
16,4105,10
16,4106,10
16,4107,10
16,4108,10
16,4109,10
16,4110,10
16,4111,10
16,4112,10
7,411,10
16,4113,10
16,4114,10
16,4115,10
16,4116,10
16,4117,10
16,4118,10
16,4119,10
16,4120,10
16,4121,10
16,4122,10
7,412,10
16,4123,10
16,4124,10
16,4125,10
16,4126,10
16,4127,10
16,4128,10
16,4129,10
3,41,10
16,4130,10
16,4131,10
16,4132,10
7,413,10
16,4133,10
16,4134,10
16,4135,10
16,4136,10
16,4137,10
16,4138,10
16,4139,10
16,4140,10
16,4141,10
16,4142,10
15,414,10
16,4143,10
16,4144,10
16,4145,10
16,4146,10
16,4147,10
16,4148,10
16,4149,10
16,4150,10
16,4151,10
16,4152,10
15,415,10
16,4153,10
16,4154,10
16,4155,10
16,4156,10
16,4157,10
16,4158,10
16,4159,10
16,4160,10
16,4161,10
16,4162,10
15,416,10
16,4163,10
16,4164,10
16,4165,10
16,4166,10
16,4167,10
16,4168,10
16,4169,10
16,4170,10
23,4171,10
23,4172,0
15,417,0
4,4173,0
4,4174,0
4,4175,0
4,4176,0
4,4177,0
4,4178,8
4,4179,8
4,4180,8
4,4181,8
4,4182,8
15,418,8
4,4183,8
4,4184,8
4,4185,8
4,4186,8
4,4187,8
4,4188,8
4,4189,8
4,4190,8
4,4191,8
4,4192,8
15,419,8
4,4193,8
4,4194,8
4,4195,8
2,4196,8
2,4197,8
2,4198,8
2,4199,8
2,4200,8
2,4201,8
2,4202,8
15,420,8
2,4203,8
2,4204,8
2,4205,8
2,4206,8
2,4207,8
2,4208,8
2,4209,8
2,4210,8
2,4211,8
2,4212,8
15,421,8
2,4213,8
2,4214,8
2,4215,8
2,4216,8
27,4217,8
27,4218,8
27,4219,8
27,4220,8
27,4221,10
27,4222,10
15,422,10
27,4223,10
27,4224,10
27,4225,10
27,4226,10
27,4227,10
27,4228,10
3,42,10
27,4230,10
27,4231,10
27,4232,10
15,423,10
27,4233,10
27,4234,10
27,4235,10
27,4236,10
27,4237,1
27,4238,5
27,4239,10
27,4240,10
27,4241,10
27,4242,10
15,424,10
27,4243,10
27,4244,10
27,4245,10
27,4246,10
27,4247,10
27,4248,10
27,4249,10
27,4250,10
27,4251,10
27,4252,10
10,425,10
27,4253,10
27,4254,10
27,4255,10
27,4256,10
27,4257,10
27,4258,10
27,4259,10
27,4260,10
27,4261,10
27,4262,10
10,426,10
27,4263,10
27,4264,10
27,4265,10
27,4266,10
27,4267,10
27,4268,10
27,4269,10
27,4270,10
27,4271,10
27,4272,10
10,427,10
27,4273,10
27,4274,10
27,4275,10
27,4276,23
27,4277,23
27,4278,23
27,4279,23
27,4280,23
27,4281,23
27,4282,23
10,428,23
27,4283,23
27,4284,23
27,4285,23
27,4286,23
27,4287,23
27,4288,23
27,4289,23
27,4290,3
27,4291,23
28,4292,23
10,429,23
28,4293,23
28,4294,23
28,4295,23
28,4296,23
28,4297,23
28,4298,23
28,4299,23
28,4300,23
27,4301,23
27,4302,23
10,430,23
27,4303,23
27,4304,23
27,4305,23
27,4306,10
27,4307,10
27,4308,10
27,4309,10
27,4310,10
27,4311,10
27,4312,10
10,431,10
27,4313,10
28,4314,10
28,4315,10
28,4316,10
28,4317,10
28,4318,10
28,4319,10
28,4320,10
28,4321,10
28,4322,10
10,432,10
28,4323,10
28,4324,10
28,4325,10
28,4326,10
28,4327,10
28,4328,10
28,4329,10
3,43,10
28,4330,10
28,4331,10
28,4332,10
10,433,10
28,4333,10
28,4334,10
28,4335,10
27,4336,10
27,4337,10
27,4338,10
27,4339,10
27,4340,10
27,4341,10
27,4342,10
10,434,10
27,4343,10
28,4344,10
28,4345,10
28,4346,10
28,4347,10
28,4348,10
28,4349,10
28,4350,10
28,4351,10
28,4352,10
10,435,10
28,4353,10
28,4354,10
28,4355,10
28,4356,10
28,4357,10
28,4358,10
28,4359,10
28,4360,10
28,4361,10
28,4362,10
10,436,10
27,4363,10
27,4364,10
27,4365,10
28,4366,10
28,4367,10
28,4368,10
28,4369,10
28,4370,10
28,4371,10
28,4372,10
10,437,10
28,4373,10
28,4374,10
28,4375,10
28,4376,10
28,4377,10
28,4378,10
28,4379,10
28,4380,10
28,4381,10
10,438,10
28,4383,10
28,4384,10
28,4385,10
28,4386,10
27,4387,10
27,4388,10
28,4389,10
28,4390,10
28,4391,10
28,4392,10
10,439,10
28,4393,10
28,4394,10
28,4395,10
28,4396,10
28,4397,10
28,4398,10
28,4399,10
28,4400,10
28,4401,10
28,4402,10
10,440,10
28,4403,10
28,4404,10
28,4405,10
28,4406,10
28,4407,10
28,4408,3
28,4409,3
28,4410,3
28,4411,10
28,4412,10
10,441,10
28,4413,10
28,4414,10
28,4415,10
28,4416,10
28,4417,10
28,4418,10
28,4419,10
28,4420,10
28,4421,10
28,4422,10
10,442,10
28,4423,10
28,4424,10
28,4425,10
28,4426,10
28,4427,10
28,4428,10
28,4429,10
3,44,10
28,4430,10
28,4431,10
28,4432,10
10,443,10
28,4433,10
28,4434,10
28,4435,10
28,4436,10
28,4437,10
28,4438,10
28,4439,10
28,4440,10
28,4441,10
28,4442,10
10,444,10
28,4443,10
28,4444,12
28,4445,12
28,4446,12
28,4447,12
28,4448,12
28,4449,12
28,4450,12
28,4451,12
28,4452,12
10,445,12
28,4453,12
28,4454,12
28,4455,12
28,4456,12
28,4457,12
28,4458,12
28,4459,12
28,4460,12
28,4461,12
28,4462,12
10,446,12
28,4463,12
28,4464,12
28,4465,12
28,4466,10
28,4467,10
28,4468,10
28,4469,10
28,4470,10
28,4471,10
28,4472,10
10,447,10
27,4473,10
27,4474,10
27,4475,10
27,4476,10
27,4477,10
27,4478,10
27,4479,10
27,4480,10
27,4481,10
27,4482,10
10,448,10
27,4483,10
27,4484,10
27,4485,10
27,4486,10
27,4487,10
27,4488,10
28,4489,10
28,4490,10
28,4491,10
28,4492,10
10,449,10
28,4493,10
28,4494,10
28,4495,10
28,4497,10
28,4498,10
27,4499,10
28,4500,10
10,4501,10
10,4502,10
10,450,10
10,4503,10
10,4504,10
10,4505,10
1,4506,10
1,4507,10
1,4508,10
1,4509,10
1,4510,10
1,4511,10
1,4512,10
10,451,10
1,4513,10
1,4514,10
1,4515,10
1,4516,10
1,4517,10
1,4518,10
1,4519,10
1,4520,10
1,4521,10
1,4522,10
10,452,10
1,4523,10
1,4524,10
14,4525,10
14,4526,10
12,4527,10
12,4528,10
12,4529,10
3,45,10
12,4530,10
12,4531,10
12,4532,10
10,453,10
12,4533,10
12,4534,10
12,4535,10
12,4536,10
12,4537,10
12,4538,10
12,4539,10
12,4540,10
2,4541,10
2,4542,10
10,454,10
2,4543,10
2,4544,10
2,4545,10
2,4546,10
2,4547,10
2,4548,10
2,4549,10
2,4550,10
8,4551,10
8,4552,10
10,455,10
8,4553,10
8,4554,10
8,4555,10
8,4556,10
25,4557,10
25,4558,10
25,4559,10
25,4560,10
9,4561,10
9,4562,10
10,456,10
9,4563,10
9,4564,10
9,4565,10
9,4566,10
9,4567,10
9,4568,10
9,4569,10
14,4570,10
14,4571,10
14,4572,10
10,457,10
14,4573,10
14,4574,10
14,4575,10
14,4576,10
14,4577,10
14,4578,10
14,4579,10
14,4580,10
14,4581,10
14,4582,10
10,458,10
14,4583,10
14,4584,10
14,4585,10
14,4586,10
14,4587,10
14,4588,10
14,4589,10
14,4590,10
14,4591,10
14,4592,10
4,459,10
14,4593,10
14,4594,10
14,4595,10
14,4596,10
14,4597,10
8,4598,10
8,4599,10
8,4600,10
8,4601,10
8,4602,10
4,460,10
8,4603,10
8,4604,10
8,4605,10
19,4606,10
19,4607,10
19,4608,10
19,4609,10
19,4610,10
19,4611,10
19,4612,10
4,461,10
19,4613,10
23,4614,10
23,4615,10
23,4616,10
23,4617,10
23,4618,10
23,4619,10
23,4620,10
23,4621,10
23,4622,10
4,462,10
23,4623,10
23,4624,10
23,4625,10
23,4626,10
23,4627,10
23,4628,10
23,4629,10
3,46,10
23,4630,10
23,4631,10
23,4632,10
4,463,10
23,4633,10
23,4634,10
23,4635,10
23,4636,10
23,4637,10
23,4638,10
23,4639,10
23,4640,10
23,4641,10
23,4642,10
4,464,10
23,4643,10
23,4644,10
23,4645,10
23,4646,10
20,4647,10
20,4648,10
20,4649,10
20,4650,10
20,4651,10
20,4652,10
1,465,10
20,4653,10
20,4654,10
20,4655,10
20,4656,10
20,4657,10
20,4658,10
20,4659,10
20,4660,10
20,4661,10
20,4662,10
1,466,10
20,4663,10
20,4664,10
20,4665,10
20,4666,10
20,4667,10
20,4668,10
20,4669,10
20,4670,10
20,4671,10
20,4672,10
1,467,10
20,4673,10
20,4674,10
20,4675,10
20,4676,10
20,4677,10
20,4678,10
20,4679,10
20,4680,10
20,4681,10
20,4682,10
1,468,10
20,4683,10
20,4684,10
20,4685,10
20,4686,10
20,4687,10
20,4688,10
20,4689,10
20,4690,10
20,4691,10
20,4692,10
1,469,10
20,4693,10
20,4694,10
20,4695,10
13,4696,10
13,4697,0
13,4698,0
13,4699,0
13,4700,0
13,4701,0
13,4702,0
1,470,0
13,4703,0
13,4704,0
13,4705,0
13,4706,0
13,4707,0
13,4708,0
13,4709,0
13,4710,0
13,4711,0
5,4712,0
1,471,0
5,4713,0
24,4714,0
24,4715,0
24,4716,0
25,4717,0
25,4718,0
29,4719,0
3,4720,0
3,4721,0
3,4722,0
1,472,0
21,4723,0
21,4724,0
21,4725,0
21,4726,0
21,4727,0
21,4728,0
21,4729,0
21,4730,0
21,4731,0
21,4732,0
1,473,0
21,4733,10
21,4734,10
21,4735,10
21,4736,10
21,4737,10
21,4738,10
21,4739,10
4,47,10
21,4740,10
21,4741,10
21,4742,10
1,474,10
21,4743,10
21,4744,10
21,4745,10
28,4746,10
28,4747,10
28,4748,10
28,4749,10
28,4750,10
28,4751,10
28,4752,10
1,475,10
28,4753,10
28,4754,10
28,4755,10
28,4756,10
28,4757,10
26,4758,10
26,4759,10
26,4760,10
26,4761,10
26,4762,10
1,476,10
26,4763,10
26,4764,10
26,4765,10
27,4766,10
27,4767,10
27,4768,10
27,4769,10
27,4770,10
27,4771,10
27,4772,10
1,477,10
27,4773,10
27,4774,10
27,4775,10
27,4776,10
27,4777,10
27,4778,10
27,4779,10
27,4780,10
27,4781,10
27,4782,10
1,478,10
27,4783,10
27,4784,10
27,4785,10
27,4786,10
27,4787,10
27,4788,10
27,4789,10
27,4790,10
27,4791,10
27,4792,10
1,479,10
27,4793,10
27,4794,10
27,4795,10
27,4796,10
27,4797,10
27,4798,10
27,4799,10
27,4800,10
27,4801,10
27,4802,10
1,480,10
27,4803,10
27,4804,10
27,4805,10
27,4806,10
27,4807,10
27,4808,10
27,4809,10
27,4810,25
27,4811,25
27,4812,25
1,481,25
27,4813,25
27,4814,25
27,4815,10
27,4816,10
27,4817,10
27,4818,10
27,4819,10
27,4820,10
27,4821,10
28,4822,10
8,482,10
28,4823,10
28,4824,10
28,4825,10
28,4826,10
28,4827,10
28,4828,10
28,4829,10
28,4830,10
28,4831,10
28,4832,10
8,483,10
28,4833,10
28,4834,10
28,4835,10
4,48,10
8,484,10
8,485,10
8,486,10
8,487,10
8,488,10
8,489,10
8,490,10
8,491,10
11,492,10
11,493,10
4,49,10
11,494,10
11,495,10
11,496,10
11,497,10
11,498,10
11,499,10
11,500,10
11,501,10
11,502,10
11,503,10
4,50,10
11,504,10
11,505,10
11,506,10
11,507,10
11,508,10
11,509,10
11,510,10
11,511,10
11,512,10
11,513,10
4,51,10
11,514,10
11,515,10
11,516,10
11,517,10
11,518,10
11,519,10
2,5,10
11,520,10
11,521,10
11,522,10
11,523,10
4,52,10
11,524,10
11,525,10
11,526,10
11,527,10
11,528,10
11,529,10
11,530,10
11,531,10
11,532,10
11,533,10
4,53,10
11,534,10
11,535,10
11,536,10
11,537,10
11,538,10
11,539,10
11,540,10
11,541,10
11,542,10
11,543,10
4,54,10
11,544,10
11,545,10
11,546,10
11,547,24
11,548,24
11,549,24
11,550,10
11,551,10
11,552,10
11,553,10
4,55,10
11,554,10
11,555,10
11,556,10
11,557,10
11,558,10
11,559,10
11,560,10
11,561,10
11,562,10
11,563,10
4,56,10
11,564,10
11,565,10
11,566,10
11,567,10
11,568,10
11,569,10
11,570,10
11,571,10
11,572,10
11,573,10
4,57,10
11,574,10
11,575,10
11,576,10
11,577,10
11,578,10
11,579,10
11,580,10
11,581,10
11,582,10
11,583,10
4,58,10
11,584,10
11,585,10
11,586,10
11,587,10
9,588,10
9,589,10
9,590,10
9,591,10
9,592,10
6,593,10
4,59,10
6,594,10
6,595,10
6,596,10
6,597,10
6,598,10
6,599,10
6,600,10
6,601,10
6,602,10
6,603,10
4,60,10
6,604,10
6,605,10
6,606,10
6,607,10
6,608,10
7,609,10
7,610,10
7,611,10
7,612,10
7,613,10
4,61,10
7,614,10
7,615,10
7,616,10
8,617,10
8,618,10
8,619,10
2,6,10
8,620,10
8,621,10
8,622,10
8,623,10
4,62,10
8,624,10
8,625,10
8,626,10
8,627,10
8,628,10
8,629,10
8,630,10
8,631,10
17,632,10
17,633,10
4,63,10
17,634,10
17,635,10
17,636,10
17,637,10
17,638,10
17,639,10
17,640,10
17,641,10
17,642,10
17,643,10
4,64,10
17,644,10
17,645,10
17,646,10
17,647,10
17,648,10
17,649,10
17,650,10
17,651,10
17,652,10
17,653,10
4,65,10
17,654,10
17,655,10
16,656,10
16,657,10
16,658,10
16,659,10
16,660,10
16,661,10
16,662,10
16,663,10
4,66,10
16,664,10
16,665,10
16,666,10
16,667,10
16,668,10
16,669,10
16,670,10
8,671,10
8,672,10
8,673,10
4,67,10
8,674,10
8,675,10
8,676,10
8,677,10
8,678,10
8,679,10
8,680,10
8,681,10
8,682,10
8,683,10
4,68,10
8,684,10
8,685,10
8,686,10
8,687,10
8,688,10
8,689,10
8,690,10
8,691,10
8,692,10
8,693,10
4,69,10
8,694,10
18,695,10
18,696,10
18,697,10
18,698,10
18,699,10
18,700,10
18,701,10
18,702,10
18,703,10
4,70,10
2,704,10
2,705,10
2,706,10
2,707,10
2,708,10
19,709,10
19,710,10
19,711,10
1,712,10
1,713,10
4,71,10
1,714,10
1,715,10
1,716,10
1,717,10
1,718,10
1,719,10
1,720,10
1,721,10
1,722,10
1,723,10
4,72,10
1,724,10
1,725,10
1,726,10
1,727,10
1,728,10
1,729,10
3,7,10
1,730,10
1,731,10
1,732,10
1,733,10
4,73,10
1,734,10
1,735,10
1,736,10
1,737,10
1,738,10
1,739,10
1,740,10
1,741,10
1,742,10
1,743,10
4,74,10
1,744,10
1,745,10
1,746,10
1,747,10
1,748,10
1,749,10
1,750,10
1,751,10
1,752,10
1,753,10
4,75,10
1,754,10
1,755,10
1,756,10
1,757,10
1,758,10
1,759,10
1,760,10
1,761,10
1,762,10
21,763,10
4,76,10
21,764,10
21,765,10
21,766,10
21,767,10
21,768,10
21,769,10
21,770,10
21,771,10
21,772,10
21,773,10
4,77,10
21,774,10
21,775,10
21,776,10
21,777,10
21,778,10
21,779,10
21,780,10
21,781,10
21,782,10
21,783,10
4,78,10
21,784,10
21,785,10
21,786,10
21,787,10
21,788,10
21,789,10
21,790,10
21,791,10
21,792,10
21,793,10
4,79,10
21,794,10
21,795,10
21,796,10
21,797,10
21,798,10
21,799,10
21,800,10
21,801,10
21,802,10
21,803,10
4,80,10
21,804,10
21,805,10
21,806,10
21,807,10
21,808,10
21,809,10
21,810,10
21,811,10
21,812,10
21,813,10
4,81,10
21,814,10
21,815,10
21,817,10
21,818,10
21,819,10
21,820,10
21,821,10
21,822,10
21,823,10
4,82,10
21,824,10
21,825,10
21,826,10
21,827,10
21,828,20
21,829,20
3,8,20
21,830,20
21,831,20
21,832,20
21,833,20
4,83,20
21,834,20
21,835,20
21,836,20
21,837,20
21,838,20
21,839,20
21,840,20
21,841,20
21,842,20
21,843,20
4,84,20
21,844,20
21,845,20
21,846,20
21,847,20
21,848,20
21,849,20
21,850,1
21,851,20
21,852,20
21,853,20
21,854,20
11,85,20
21,855,20
21,856,20
21,857,1
21,858,1
21,859,1
21,860,20
21,861,20
21,862,20
21,863,20
20,864,20
11,86,20
20,865,20
20,867,20
20,868,20
21,869,1
21,870,20
21,871,20
21,872,20
21,873,10
21,874,10
11,87,10
21,875,10
21,876,10
21,877,10
21,878,10
21,879,10
21,880,10
21,881,10
20,882,10
20,883,10
20,884,10
11,88,10
20,885,10
20,886,10
21,887,10
21,888,10
21,889,10
21,890,10
21,891,10
21,892,10
21,893,10
21,894,0
11,89,0
20,895,0
20,896,0
20,897,0
20,898,0
20,899,0
20,900,0
20,901,0
20,902,0
20,903,0
21,904,0
11,90,0
21,905,0
21,906,0
21,907,0
21,908,0
20,909,0
20,910,0
20,911,0
20,912,0
20,913,0
20,914,0
11,91,0
20,915,0
20,916,0
20,917,0
20,918,0
20,919,0
20,920,0
20,921,0
20,922,0
20,923,0
20,924,0
20,925,0
6,92,0
20,926,0
20,927,0
20,928,0
20,929,0
3,9,0
20,930,0
20,931,0
22,932,0
22,933,0
22,934,0
22,935,0
6,93,0
22,936,0
22,937,0
22,938,0
22,939,0
22,940,0
22,941,0
22,942,0
22,943,0
22,944,0
22,945,0
6,94,0
22,946,0
22,947,0
22,948,0
22,949,0
22,950,0
22,951,0
22,952,0
22,953,0
22,954,0
22,955,0
6,95,0
22,956,0
22,957,0
22,958,0
22,959,0
22,960,0
14,961,0
14,962,0
2,963,0
2,964,0
2,965,0
6,96,0
2,967,0
2,968,0
2,969,0
9,970,0
9,971,0
9,972,0
9,973,0
9,974,0
9,975,0
6,97,0
9,976,0
9,977,0
9,978,0
9,979,0
12,980,0
12,981,0
12,982,0
12,983,0
12,984,0
12,985,0
6,98,0
12,986,0
12,987,0
12,988,0
12,989,0
12,990,0
12,991,0
12,992,0
12,993,0
12,994,0
12,995,0
6,99,0
12,996,0
12,997,0
12,998,0
12,999,0
