{"entidad":17,"partes":[{"id":0,"nombre":"TEMIXCO","tipologia":6,"primerdistrito":0,"distritos":5,"municipios":[{"id":901,"fraccion":0},{"id":7,"fraccion":1},{"id":8,"fraccion":1},{"id":9,"fraccion":1},{"id":11,"fraccion":1},{"id":18,"fraccion":0},{"id":28,"fraccion":1}]},{"id":1,"nombre":"AMACUZAC","tipologia":3,"primerdistrito":5,"distritos":1,"municipios":[{"id":1,"fraccion":0},{"id":17,"fraccion":0},{"id":21,"fraccion":0},{"id":5,"fraccion":0},{"id":14,"fraccion":0},{"id":15,"fraccion":0}]},{"id":2,"nombre":"CUAUTLA","tipologia":2,"primerdistrito":6,"distritos":2,"municipios":[{"id":4,"fraccion":1},{"id":6,"fraccion":1}]},{"id":3,"nombre":"TEMOAC","tipologia":2,"primerdistrito":8,"distritos":1,"municipios":[{"id":33,"fraccion":0},{"id":3,"fraccion":0},{"id":19,"fraccion":1},{"id":25,"fraccion":1},{"id":10,"fraccion":0},{"id":13,"fraccion":0}]},{"id":4,"nombre":"TLALTIZAPAN DE ZAPATA","tipologia":6,"primerdistrito":9,"distritos":1,"municipios":[{"id":24,"fraccion":1},{"id":12,"fraccion":1},{"id":31,"fraccion":1}]},{"id":5,"nombre":"TETELA DEL VOLCAN","tipologia":3,"primerdistrito":10,"distritos":1,"municipios":[{"id":16,"fraccion":1},{"id":32,"fraccion":1},{"id":2,"fraccion":0},{"id":22,"fraccion":0},{"id":23,"fraccion":0},{"id":26,"fraccion":0},{"id":27,"fraccion":0},{"id":30,"fraccion":1}]},{"id":6,"nombre":"TEPOZTLAN","tipologia":2,"primerdistrito":11,"distritos":1,"municipios":[{"id":20,"fraccion":0},{"id":29,"fraccion":1}]}],"cumulos":[{"id":0,"tipo":0,"secciones":[357,358]},{"id":1,"tipo":2,"secciones":[1,2,3,4,5,6,7,8,9,10,11]},{"id":2,"tipo":2,"secciones":[32,33,34,35,36,37,38,39,40,41,42,43,24,25,26,27,28,29,30,31]},{"id":3,"tipo":2,"secciones":[96,86,87,88,89,90,91,92,93,94,95]},{"id":4,"tipo":2,"secciones":[423,424,425,426,427,428,429,430]},{"id":5,"tipo":2,"secciones":[544,545,546,547,537,538,539,540,541,542,543]},{"id":6,"tipo":2,"secciones":[548,549,550,551,552,553,554]},{"id":7,"tipo":2,"secciones":[579,580,581,582,583,584,585,586,587,588,589,590,591,592,593,594,595,596,597,598,599,600,601,602,603,604,605,606,607,608,609,610]},{"id":8,"tipo":2,"secciones":[672,673,674,675,676,677,678,679,680,681,682,683,684,685,686,687,688,670,671]},{"id":9,"tipo":2,"secciones":[689,690,691,692,693,694]},{"id":10,"tipo":2,"secciones":[695,696,697,698,699,700,701,702]},{"id":11,"tipo":2,"secciones":[704,705,706,703]},{"id":12,"tipo":2,"secciones":[768,760,761,762,763,764,765,766,767]},{"id":13,"tipo":2,"secciones":[769,770,771,772,773,774,775]},{"id":14,"tipo":2,"secciones":[901,902,903,904,905,906]},{"id":15,"tipo":3,"secciones":[104,105]},{"id":16,"tipo":2,"secciones":[16,17,18,19,20,21,22,23,12,13,14,15]},{"id":17,"tipo":2,"secciones":[555,556,557,558,559,560,561,562,563,564,565,566,567,568]},{"id":18,"tipo":2,"secciones":[387,388]},{"id":19,"tipo":2,"secciones":[640,641,642,643,644,645,646,647,648,649,650,651,652,653,611,613,614,615,616,617,618,619,620,621,622,623,624,625,626,627,628,629,630,631,632,633,634,635,636,637,638,639]}],"separados":[],"distritos":[{"d":1,"des":[{"mu":7,"s":[332,333,334,335,336,337,338,339,340,341,342,343,344,346,347,352,353,354,355,356,359,360,361,362,363,368,369,370,371,372,376,377,378,379,380,384,357,358]},{"mu":11,"s":[431,432,433,434,435,436,437,438,439,440,441,442,443,444,445,446,447,448,449,450,454,458,459,460,461,462,463,466,467,468,469,470,471,472,473,474,475,477,478,479,480,481,482,483]}],"p":[{"t":1, "v":"157867"},{"t":4, "v":"0"},{"t":5, "v":"6.59"},{"t":6, "v":"9765"},{"t":7, "v":"0.193204"},{"t":8, "v":"0.358585"}],"process": {"partes": 1,"municipios": {"enteros": [],"fracciones": [{ "id": 7,"name": "CUERNAVACA NORTE","indigena": 0},{ "id": 11,"name": "JIUTEPEC","indigena": 0}]},"indigenas": {"poblacion": "157867","pindigenas": "3628","porcentaje": "2.299286","porcentaje_round": "2.29","indigena": 0}}},{"d":2,"des":[{"mu":7,"s":[197,198,199,216,217,218,219,220,221,222,223,224,225,226,227,228,229,230,231,232,233,244,245,246,247,248,249,250,251,252,253,254,255,256,257,258,259,260,261,262,263,264,265,266,267,268,269,270,271,274,275,276,277,278,279,280,281,282,283,284,285,286,287,288,289,290,291,292,293,294,295,296,297,298,299,300,301,302,303,304,305,306,307,308,309,310,311,312,313,323,324,325,326,327,328,329,330,331,345,348]}],"p":[{"t":1, "v":"161447"},{"t":4, "v":"0"},{"t":5, "v":"9.01"},{"t":6, "v":"13345"},{"t":7, "v":"0.360840"},{"t":8, "v":"0.251188"}],"process": {"partes": 1,"municipios": {"enteros": [],"fracciones": [{ "id": 7,"name": "CUERNAVACA NORTE","indigena": 0}]},"indigenas": {"poblacion": "161447","pindigenas": "3954","porcentaje": "2.450000","porcentaje_round": "2.45","indigena": 0}}},{"d":3,"des":[{"mu":7,"s":[188,189,190,191,192,193,194,195,196,200,201,202,203,204,205,206,207,208,209,210,211,212,213,214,215,234,235,236,237,238,239,240,241,242,243,272,273,314,315,316,317,318,319,320,321,322,349,350,351,364,365,366,367,373,374,375,381,382,383,385,386,389,390,612,907]},{"mu":9,"s":0}],"p":[{"t":1, "v":"168951"},{"t":4, "v":"0"},{"t":5, "v":"14.08"},{"t":6, "v":"20849"},{"t":7, "v":"0.880753"},{"t":8, "v":"0.270786"}],"process": {"partes": 1,"municipios": {"enteros": [{ "id": 9,"name": "HUITZILAC","indigena": 0}],"fracciones": [{ "id": 7,"name": "CUERNAVACA NORTE","indigena": 0}]},"indigenas": {"poblacion": "168951","pindigenas": "4148","porcentaje": "2.456157","porcentaje_round": "2.45","indigena": 0}}},{"d":4,"des":[{"mu":8,"s":0},{"mu":11,"s":[451,452,453,455,456,457,464,465,476,484,485,486,487,488,489,490,491,492,493,494,495,496,497,498,499,500]}],"p":[{"t":1, "v":"167574"},{"t":4, "v":"0"},{"t":5, "v":"13.15"},{"t":6, "v":"19472"},{"t":7, "v":"0.768253"},{"t":8, "v":"0.318949"}],"process": {"partes": 1,"municipios": {"enteros": [{ "id": 8,"name": "EMILIANO ZAPATA","indigena": 0}],"fracciones": [{ "id": 11,"name": "JIUTEPEC","indigena": 0}]},"indigenas": {"poblacion": "167574","pindigenas": "3727","porcentaje": "2.225443","porcentaje_round": "2.22","indigena": 0}}},{"d":5,"des":[{"mu":18,"s":0},{"mu":28,"s":0},{"mu":901,"s":0}],"p":[{"t":1, "v":"178342"},{"t":4, "v":"0"},{"t":5, "v":"20.42"},{"t":6, "v":"30240"},{"t":7, "v":"10.381833"},{"t":8, "v":"0.257811"}],"process": {"partes": 1,"municipios": {"enteros": [{ "id": 18,"name": "TEMIXCO","indigena": 0},{ "id": 28,"name": "XOCHITEPEC","indigena": 0},{ "id": 901,"name": "CUERNAVACA SUR","indigena": 0}],"fracciones": []},"indigenas": {"poblacion": "178342","pindigenas": "7749","porcentaje": "4.346077","porcentaje_round": "4.34","indigena": 0}}},{"d":6,"des":[{"mu":1,"s":0},{"mu":5,"s":0},{"mu":14,"s":0},{"mu":15,"s":0},{"mu":17,"s":0},{"mu":21,"s":0}],"p":[{"t":1, "v":"130307"},{"t":4, "v":"0"},{"t":5, "v":"-12.02"},{"t":6, "v":"-17795"},{"t":7, "v":"0.641656"},{"t":8, "v":"0.320289"}],"process": {"partes": 1,"municipios": {"enteros": [{ "id": 1,"name": "AMACUZAC","indigena": 0},{ "id": 5,"name": "COATLAN DEL RIO","indigena": 0},{ "id": 14,"name": "MAZATEPEC","indigena": 0},{ "id": 15,"name": "MIACATLAN","indigena": 0},{ "id": 17,"name": "PUENTE DE IXTLA","indigena": 0},{ "id": 21,"name": "TETECALA","indigena": 0}],"fracciones": []},"indigenas": {"poblacion": "130307","pindigenas": "5536","porcentaje": "4.248962","porcentaje_round": "4.24","indigena": 0}}},{"d":7,"des":[{"mu":4,"s":0},{"mu":6,"s":[136,137,138,148,149,150,151,152,153,154,155,156,169,170,171,172,173,174,175,176,177,178,179,180,187]}],"p":[{"t":1, "v":"126611"},{"t":4, "v":"0"},{"t":5, "v":"-14.51"},{"t":6, "v":"-21491"},{"t":7, "v":"0.935874"},{"t":8, "v":"0.378841"}],"process": {"partes": 1,"municipios": {"enteros": [{ "id": 4,"name": "AYALA","indigena": 0}],"fracciones": [{ "id": 6,"name": "CUAUTLA","indigena": 0}]},"indigenas": {"poblacion": "126611","pindigenas": "8600","porcentaje": "6.793694","porcentaje_round": "6.79","indigena": 0}}},{"d":8,"des":[{"mu":6,"s":[97,98,99,100,101,102,103,106,107,108,109,110,111,112,113,114,115,116,117,118,119,120,121,122,123,124,125,126,127,128,129,130,131,132,133,134,135,139,140,141,142,143,144,145,146,147,157,158,159,160,161,162,163,164,165,166,167,168,181,182,183,184,185,186,104,105]}],"p":[{"t":1, "v":"127547"},{"t":4, "v":"0"},{"t":5, "v":"-13.88"},{"t":6, "v":"-20555"},{"t":7, "v":"0.856130"},{"t":8, "v":"0.175380"}],"process": {"partes": 1,"municipios": {"enteros": [],"fracciones": [{ "id": 6,"name": "CUAUTLA","indigena": 0}]},"indigenas": {"poblacion": "127547","pindigenas": "9192","porcentaje": "7.210000","porcentaje_round": "7.21","indigena": 0}}},{"d":9,"des":[{"mu":3,"s":0},{"mu":10,"s":0},{"mu":13,"s":0},{"mu":19,"s":0},{"mu":25,"s":0},{"mu":33,"s":0}],"p":[{"t":1, "v":"135138"},{"t":4, "v":"0"},{"t":5, "v":"-8.75"},{"t":6, "v":"-12964"},{"t":7, "v":"0.340556"},{"t":8, "v":"0.496138"}],"process": {"partes": 1,"municipios": {"enteros": [{ "id": 3,"name": "AXOCHIAPAN","indigena": 0},{ "id": 10,"name": "JANTETELCO","indigena": 0},{ "id": 13,"name": "JONACATEPEC","indigena": 0},{ "id": 19,"name": "TEPALCINGO","indigena": 0},{ "id": 25,"name": "TLAQUILTENANGO","indigena": 0},{ "id": 33,"name": "TEMOAC","indigena": 0}],"fracciones": []},"indigenas": {"poblacion": "135138","pindigenas": "2498","porcentaje": "1.849699","porcentaje_round": "1.84","indigena": 0}}},{"d":10,"des":[{"mu":12,"s":0},{"mu":24,"s":0},{"mu":31,"s":0}],"p":[{"t":1, "v":"139310"},{"t":4, "v":"0"},{"t":5, "v":"-5.94"},{"t":6, "v":"-8792"},{"t":7, "v":"0.156637"},{"t":8, "v":"0.586244"}],"process": {"partes": 1,"municipios": {"enteros": [{ "id": 12,"name": "JOJUTLA","indigena": 0},{ "id": 24,"name": "TLALTIZAPAN DE ZAPATA","indigena": 0},{ "id": 31,"name": "ZACATEPEC","indigena": 0}],"fracciones": []},"indigenas": {"poblacion": "139310","pindigenas": "2279","porcentaje": "1.636362","porcentaje_round": "1.63","indigena": 0}}},{"d":11,"des":[{"mu":2,"s":0},{"mu":16,"s":0},{"mu":22,"s":0},{"mu":23,"s":0},{"mu":26,"s":0},{"mu":27,"s":0},{"mu":30,"s":0},{"mu":32,"s":0}],"p":[{"t":1, "v":"146903"},{"t":4, "v":"0"},{"t":5, "v":"-0.81"},{"t":6, "v":"-1199"},{"t":7, "v":"0.002914"},{"t":8, "v":"0.438324"}],"process": {"partes": 1,"municipios": {"enteros": [{ "id": 2,"name": "ATLATLAHUCAN","indigena": 0},{ "id": 16,"name": "OCUITUCO","indigena": 0},{ "id": 22,"name": "TETELA DEL VOLCAN","indigena": 0},{ "id": 23,"name": "TLALNEPANTLA","indigena": 0},{ "id": 26,"name": "TLAYACAPAN","indigena": 0},{ "id": 27,"name": "TOTOLAPAN","indigena": 0},{ "id": 30,"name": "YECAPIXTLA","indigena": 0},{ "id": 32,"name": "ZACUALPAN DE AMILPAS","indigena": 0}],"fracciones": []},"indigenas": {"poblacion": "146903","pindigenas": "11204","porcentaje": "7.627125","porcentaje_round": "7.62","indigena": 0}}},{"d":12,"des":[{"mu":20,"s":0},{"mu":29,"s":0}],"p":[{"t":1, "v":"137230"},{"t":4, "v":"0"},{"t":5, "v":"-7.34"},{"t":6, "v":"-10872"},{"t":7, "v":"0.239515"},{"t":8, "v":"0.224355"}],"process": {"partes": 1,"municipios": {"enteros": [{ "id": 20,"name": "TEPOZTLAN","indigena": 0},{ "id": 29,"name": "YAUTEPEC","indigena": 0}],"fracciones": []},"indigenas": {"poblacion": "137230","pindigenas": "7911","porcentaje": "5.766634","porcentaje_round": "5.76","indigena": 0}}}],"calificaciones":[{"t": 1,"a": 1.0,"p": 15.758167,"sp": 15.758167},{"t": 2,"a": 0.5,"p": 4.076889,"sp": 8.153779}],"total":{"p":19.835056,"sp":23.911946},"sellos":[{"n":"escenario","v":"md5"},{"n":"calificacion","v":"md5"},{"n":"municipios","v":"md5"},{"n":"secciones","v":"md5"},{"n":"tiemposmunicipios","v":"md5"}],"version":"Versión 1.local.20171104.1|federal"}