{"entidad":30,"partes":[{"id":0,"nombre":"","tipologia":3,"primerdistrito":0,"distritos":18,"municipios":[{"id":1,"fraccion":0},{"id":2,"fraccion":0},{"id":3,"fraccion":0},{"id":4,"fraccion":0},{"id":5,"fraccion":0},{"id":6,"fraccion":0},{"id":7,"fraccion":0},{"id":8,"fraccion":0},{"id":9,"fraccion":0},{"id":10,"fraccion":0},{"id":11,"fraccion":0},{"id":12,"fraccion":0},{"id":13,"fraccion":0},{"id":14,"fraccion":0},{"id":15,"fraccion":0},{"id":16,"fraccion":0},{"id":17,"fraccion":0},{"id":18,"fraccion":0},{"id":19,"fraccion":1},{"id":20,"fraccion":1},{"id":21,"fraccion":1},{"id":22,"fraccion":0},{"id":23,"fraccion":0},{"id":24,"fraccion":0},{"id":25,"fraccion":0},{"id":26,"fraccion":1},{"id":27,"fraccion":1},{"id":28,"fraccion":1},{"id":30,"fraccion":0},{"id":31,"fraccion":0},{"id":32,"fraccion":0},{"id":33,"fraccion":0},{"id":34,"fraccion":0},{"id":35,"fraccion":0},{"id":36,"fraccion":0},{"id":37,"fraccion":0},{"id":38,"fraccion":0},{"id":39,"fraccion":1},{"id":40,"fraccion":1},{"id":41,"fraccion":0},{"id":42,"fraccion":0},{"id":43,"fraccion":1},{"id":44,"fraccion":0},{"id":45,"fraccion":0},{"id":46,"fraccion":0},{"id":47,"fraccion":0},{"id":48,"fraccion":0},{"id":49,"fraccion":0},{"id":50,"fraccion":1},{"id":51,"fraccion":0},{"id":52,"fraccion":1},{"id":53,"fraccion":1},{"id":54,"fraccion":0},{"id":55,"fraccion":0},{"id":56,"fraccion":0},{"id":57,"fraccion":1},{"id":58,"fraccion":1},{"id":59,"fraccion":0},{"id":60,"fraccion":1},{"id":61,"fraccion":1},{"id":62,"fraccion":0},{"id":63,"fraccion":0},{"id":64,"fraccion":0},{"id":65,"fraccion":1},{"id":66,"fraccion":1},{"id":67,"fraccion":1},{"id":68,"fraccion":1},{"id":69,"fraccion":1},{"id":70,"fraccion":0},{"id":71,"fraccion":0},{"id":72,"fraccion":0},{"id":73,"fraccion":0},{"id":74,"fraccion":1},{"id":75,"fraccion":1},{"id":76,"fraccion":0},{"id":77,"fraccion":0},{"id":78,"fraccion":1},{"id":79,"fraccion":0},{"id":80,"fraccion":1},{"id":81,"fraccion":1},{"id":82,"fraccion":1},{"id":83,"fraccion":0},{"id":84,"fraccion":0},{"id":85,"fraccion":0},{"id":86,"fraccion":0},{"id":87,"fraccion":0},{"id":88,"fraccion":0},{"id":89,"fraccion":1},{"id":90,"fraccion":0},{"id":91,"fraccion":1},{"id":93,"fraccion":0},{"id":94,"fraccion":1},{"id":95,"fraccion":0},{"id":96,"fraccion":0},{"id":97,"fraccion":0},{"id":98,"fraccion":0},{"id":99,"fraccion":1},{"id":100,"fraccion":0},{"id":102,"fraccion":0},{"id":103,"fraccion":0},{"id":104,"fraccion":1},{"id":105,"fraccion":1},{"id":107,"fraccion":0},{"id":108,"fraccion":0},{"id":109,"fraccion":0},{"id":110,"fraccion":0},{"id":111,"fraccion":1},{"id":112,"fraccion":0},{"id":113,"fraccion":1},{"id":114,"fraccion":0},{"id":115,"fraccion":0},{"id":116,"fraccion":0},{"id":117,"fraccion":1},{"id":118,"fraccion":0},{"id":119,"fraccion":0},{"id":120,"fraccion":0},{"id":121,"fraccion":1},{"id":122,"fraccion":0},{"id":123,"fraccion":1},{"id":124,"fraccion":0},{"id":125,"fraccion":1},{"id":126,"fraccion":0},{"id":127,"fraccion":0},{"id":128,"fraccion":0},{"id":129,"fraccion":0},{"id":130,"fraccion":1},{"id":131,"fraccion":1},{"id":132,"fraccion":0},{"id":133,"fraccion":0},{"id":134,"fraccion":0},{"id":135,"fraccion":1},{"id":136,"fraccion":0},{"id":137,"fraccion":0},{"id":138,"fraccion":1},{"id":139,"fraccion":0},{"id":140,"fraccion":0},{"id":141,"fraccion":1},{"id":142,"fraccion":0},{"id":143,"fraccion":0},{"id":144,"fraccion":0},{"id":145,"fraccion":0},{"id":146,"fraccion":1},{"id":147,"fraccion":0},{"id":148,"fraccion":1},{"id":149,"fraccion":0},{"id":150,"fraccion":1},{"id":151,"fraccion":0},{"id":152,"fraccion":0},{"id":153,"fraccion":0},{"id":154,"fraccion":0},{"id":155,"fraccion":0},{"id":156,"fraccion":1},{"id":157,"fraccion":0},{"id":158,"fraccion":0},{"id":159,"fraccion":1},{"id":160,"fraccion":0},{"id":161,"fraccion":0},{"id":162,"fraccion":0},{"id":163,"fraccion":0},{"id":164,"fraccion":0},{"id":165,"fraccion":0},{"id":166,"fraccion":0},{"id":167,"fraccion":1},{"id":168,"fraccion":0},{"id":169,"fraccion":1},{"id":170,"fraccion":1},{"id":171,"fraccion":1},{"id":172,"fraccion":0},{"id":173,"fraccion":0},{"id":174,"fraccion":0},{"id":175,"fraccion":0},{"id":176,"fraccion":0},{"id":177,"fraccion":0},{"id":178,"fraccion":0},{"id":179,"fraccion":1},{"id":180,"fraccion":0},{"id":181,"fraccion":1},{"id":182,"fraccion":0},{"id":183,"fraccion":1},{"id":184,"fraccion":1},{"id":185,"fraccion":0},{"id":186,"fraccion":0},{"id":187,"fraccion":0},{"id":188,"fraccion":0},{"id":189,"fraccion":0},{"id":190,"fraccion":0},{"id":191,"fraccion":0},{"id":193,"fraccion":0},{"id":194,"fraccion":0},{"id":195,"fraccion":1},{"id":196,"fraccion":0},{"id":197,"fraccion":0},{"id":198,"fraccion":1},{"id":199,"fraccion":1},{"id":200,"fraccion":0},{"id":201,"fraccion":1},{"id":202,"fraccion":1},{"id":203,"fraccion":1},{"id":204,"fraccion":0},{"id":205,"fraccion":0},{"id":206,"fraccion":0},{"id":207,"fraccion":0},{"id":208,"fraccion":0},{"id":209,"fraccion":0},{"id":210,"fraccion":1},{"id":211,"fraccion":0},{"id":212,"fraccion":1},{"id":900,"fraccion":1},{"id":901,"fraccion":1},{"id":902,"fraccion":1},{"id":903,"fraccion":0}]},{"id":1,"nombre":"VERACRUZ","tipologia":4,"primerdistrito":18,"distritos":2,"municipios":[{"id":192,"fraccion":1},{"id":101,"fraccion":0},{"id":106,"fraccion":0},{"id":92,"fraccion":0},{"id":29,"fraccion":0}]}],"cumulos":[{"id":0,"tipo":2,"secciones":[1,2,3,4]},{"id":1,"tipo":2,"secciones":[5,6]},{"id":2,"tipo":2,"secciones":[7,8,9,10,11,12,13,14,15,16,17,18,19,20,21,22,23,24,25,26,27,28,29,30,31,32,33,34,35,36,37,38,39,40,41,42,43,44,45,46]},{"id":3,"tipo":2,"secciones":[64,65,66,67,68,69,70,71,72,73,74,75,76,77,78,79,80,81,82,83,84,47,48,49,50,51,52,53,54,55,56,57,58,59,60,61,62,63]},{"id":4,"tipo":2,"secciones":[85,86,87,88,89,90,91]},{"id":5,"tipo":2,"secciones":[96,97,98,99,100,101,102,103,104,105,92,93,94,95]},{"id":6,"tipo":2,"secciones":[106,107,108]},{"id":7,"tipo":2,"secciones":[128,129,130,131,132,133,134,135,136,137,138,139,140,141,142,143,144,145,146,147,148,149,150,151,152,153,154,155,156,157,158,159,160,161,162,163,164,165,166,167,168,169,170,171,172,173,174,175,176,177,109,110,111,112,113,114,115,116,117,118,119,120,121,122,123,124,125,126,127]},{"id":8,"tipo":2,"secciones":[178,179,180,181,182]},{"id":9,"tipo":2,"secciones":[192,193,194,197,198,199,200,201,202,203,204,205,206,207,208,209,210,211,212,213,214,215,216,217,183,184,185,186,187,188,189,190,191]},{"id":10,"tipo":2,"secciones":[218,219,220,221,222,223,224,225,226,227,228,229,230,231,232,233,234,235,236,237,238,239,240,241,242,243,244,245,246]},{"id":11,"tipo":2,"secciones":[256,257,258,259,260,261,262,263,264,265,266,267,268,269,270,271,272,273,274,275,276,277,278,279,280,281,282,283,284,285,286,247,248,249,250,251,252,253,254,255]},{"id":12,"tipo":2,"secciones":[288,289,290,291,292,293,287]},{"id":13,"tipo":2,"secciones":[294,295,296,297,298,299,300,301,302,303,304,305,306,307,308,309,310,311,312,313,314,315,316,317,318,319]},{"id":14,"tipo":2,"secciones":[320,321,322,323,324,325,326,327,328,329,330,331,332,333,334,335,336,337,338]},{"id":15,"tipo":2,"secciones":[352,353,354,355,356,357,358,359,360,361,362,339,340,341,342,343,344,345,346,347,348,349,350,351]},{"id":16,"tipo":2,"secciones":[363,364,365,366,367,368,369,370,371,372,373,374,375,376,377,378,379,380,381,382,383]},{"id":17,"tipo":2,"secciones":[384,385,386,387,388]},{"id":18,"tipo":2,"secciones":[398,399,400,401,402,403,404,405,406,407,408,409,410,411,412,413]},{"id":19,"tipo":2,"secciones":[416,417,418,419,420,421,422,423,424,414,415]},{"id":20,"tipo":2,"secciones":[448,449,450,451,452,453,454,455,456,457,458,425,426,427,428,429,430,431,432,433,434,435,436,437,438,439,440,441,442,443,444,445,446,447]},{"id":21,"tipo":2,"secciones":[464,459,460,461,462,463]},{"id":22,"tipo":3,"secciones":[1728,1729,1730,465,466,467,468,469,470,471,472,1726,1727]},{"id":23,"tipo":3,"secciones":[2176,2177,2178,4037,4038,4039,4040,712,4041,713,714,715,716,717,718,719,720,721,722,723,724,725,726,727,728,473,729,474,730,475,731,476,732,477,733,478,734,479,735,480,736,481,737,738,739,740,741,742,743,744,745,746,747,748,749,750,751,752,753,754,755,756,757,758,759,760,761,2170,762,2171,2172,2173,2174,2175]},{"id":24,"tipo":2,"secciones":[512,513,514,515,516,517,518,519,520,521,522,523,524,525,526,527,528,529,530,531,532,533,534,535,536,537,538,539,540,541,542,543,544,545,546,547,548,549,550,551,552,553,554,555,556,557,558,559,560,561,562,563,564,565,566,567,568,569,570,571,572,573,574,575,576,577,578,579,580,581,582,583,584,585,586,587,492,493,494,495,496,497,498,499,500,501,502,503,504,505,506,507,508,509,510,511]},{"id":25,"tipo":2,"secciones":[592,588,589,590,591]},{"id":26,"tipo":2,"secciones":[608,593,594,595,596,597,598,599,600,601,602,603,604,605,606,607]},{"id":27,"tipo":2,"secciones":[609,610,611,612,613,614,615,616]},{"id":28,"tipo":2,"secciones":[617,618,619,620,621,622,623,624,625,626,627,628,629,630,631]},{"id":29,"tipo":2,"secciones":[640,641,642,643,644,645,646,647,648,649,650,651,652,653,654,655,632,633,634,635,636,637,638,639]},{"id":30,"tipo":2,"secciones":[656,657,658,659,660,661,662,663,664,665,666,667,668,669,670]},{"id":31,"tipo":2,"secciones":[672,673,674,675,676,677,678,679,680,681,682,683,684,685,686,687,688,689,690,691,692,693,694,671]},{"id":32,"tipo":2,"secciones":[695,696,697,698,699,700,701,702,703]},{"id":33,"tipo":2,"secciones":[704,705,706,707,708]},{"id":34,"tipo":2,"secciones":[768,769,770,771,772,773,774,775,776,777,778,779,780,781,782,783,784,785,786,787,788,789,790,791,792,793,794,795,796,797,798,799,800,801,802,803,804,805,806,807,808,809,810,811,812,813,814,815,817,818,819,820,821,822,823,824,825,826,827,828,829,830,831,832,833,834,835,836,837,838,839,840,841,842,843,844,845,846,847,848,849,850,851,852,853,854,855,856,857,858,859,860,861,862,863,864,865,867,868,869,870,871,872,873,874,875,876,877,878,879,880,881,882,883,4723,884,4724,885,4725,886,4726,887,4727,888,4728,889,4729,890,4730,891,4731,892,4732,893,4733,894,4734,895,4735,896,4736,897,4737,898,4738,899,4739,900,4740,901,4741,902,4742,903,4743,904,4744,905,4745,906,907,908,909,910,911,912,913,914,915,916,917,918,919,920,921,922,923,924,925,926,927,928,929,930,931,763,764,765,766,767]},{"id":35,"tipo":2,"secciones":[960,932,933,934,935,936,937,938,939,940,941,942,943,944,945,946,947,948,949,950,951,952,953,954,955,956,957,958,959]},{"id":36,"tipo":3,"secciones":[390,391,392,393,394,395,396,397,2578,2579,2580,2581,2582,4525,4526,3504,3505,3506,3507,3508,3509,3510,3511,3512,3772,2237,3773,2238,3774,2239,3775,3776,961,3777,962,3778,3779,3274,3275,3276,3277,3278,3279,3280,3281,3282,4570,4571,3804,4572,3805,4573,3294,3806,4574,3295,3807,4575,3296,4576,4577,4578,4579,4580,4581,4582,4583,4584,4585,4074,4586,4075,4587,4076,4588,4077,4589,4078,4590,4591,4592,4593,4594,3699,4595,3700,4596,3701,4597,3702,3703,3704,3705,3326,3327]},{"id":37,"tipo":2,"secciones":[963,964,965,967,968,969]},{"id":38,"tipo":2,"secciones":[976,977,978,979,970,971,972,973,974,975]},{"id":39,"tipo":2,"secciones":[1024,1025,1026,1027,1028,1029,1030,1031,1032,1033,1034,1035,1036,1037,1038,1039,1040,1041,1042,1043,1044,1045,1046,1047,1048,1049,1050,1051,1052,1053,1054,1055,1056,1057,1058,1059,1060,1061,1062,1063,1064,1065,1066,1067,1068,1069,1070,1071,1072,1073,1074,1075,1076,1077,1078,1079,1080,1081,1082,1083,1084,1085,1086,1087,1088,1089,1090,1091,1092,1093,980,981,982,983,984,985,986,987,988,989,990,991,992,993,994,995,996,997,998,999,1000,1001,1002,1003,1004,1005,1006,1007,1008,1009,1010,1011,1012,1013,1014,1015,1016,1017,1018,1019,1020,1021,1022,1023]},{"id":40,"tipo":2,"secciones":[1152,1094,1095,1096,1097,1098,1099,1100,1101,1102,1103,1104,1105,1106,1107,1108,1109,1110,1111,1112,1113,1114,1115,1116,1117,1133,1134,1135,1136,1137,1138,1139,1140,1141,1142,1146,1147,1148,1149,1150,1151]},{"id":41,"tipo":2,"secciones":[1153,1154,1155,1156,1157,1158,1159,1160,1161]},{"id":42,"tipo":2,"secciones":[1162,1163,1164,1165,1166,1167,1168,1169,1170,1171,1172,1173,1174,1175,1176,1177,1178,1179,1180,1181,1182,1183]},{"id":43,"tipo":2,"secciones":[1252,1253,1254,1255,1256,1257,1258,1259,1260,1261,1262,1263,1264,1265]},{"id":44,"tipo":2,"secciones":[1286,1287,1288,1289,1290,1291,1292]},{"id":45,"tipo":2,"secciones":[1293,1294,1295,1296,1297,1298,1299,1300,1301,1302,1303,1304,1305,1306,1307,1308,1309]},{"id":46,"tipo":2,"secciones":[1312,1313,1314,1315,1316,1317,1318,1319,1310,1311]},{"id":47,"tipo":3,"secciones":[3072,3073,3074,3075,3076,3077,3078,3079,3080,1320,1321,1322,1323,1324,1325,1326,1327,1328,1329,1330,1331,1332,1333,1334,3067,3068,3069,3070,3071]},{"id":48,"tipo":2,"secciones":[1335,1336,1337,1338,1339,1340,1341,1342]},{"id":49,"tipo":2,"secciones":[1408,1409,1410,1411,1412,1403,1404,1405,1406,1407]},{"id":50,"tipo":2,"secciones":[1413,1414,1415,1416,1417,1418,1419,1420,1421,1422,1423,1424,1425,1426,1427,1428,1429,1430,1431,1432,1433,1434,1435,1436,1437,1438,1439,1440,1441,1442,1443,1444,1445,1446,1447,1448,1449,1450,1451,1452,1453,1454,1455]},{"id":51,"tipo":2,"secciones":[1456,1457,1458,1459,1460,1461,1462]},{"id":52,"tipo":3,"secciones":[3609,3610,3611,3612,3613,3614,3615,3616,3617,3618,3619,3620,3621,3622,3623,3624,3625,3626,3627,3628,3629,3630,3631,3632,3633,3634,3635,3636,3637,3638,1463,3639,1464,3640,1465,3641,1466,3642,1467,3643,1468,3644,1469,3645,1470,3646,1471,3647,1472,3648,3649,3650,3651,3652,3653,3654,3655,3656,3657,3658,3659,3660,3661,3662,3663,3664,3665,3666,3667,3668]},{"id":53,"tipo":3,"secciones":[4608,1280,4609,1281,4610,1282,4611,1283,4612,1284,4613,1285,2374,2375,2376,2377,2378,2898,2899,2900,2901,2902,2903,2904,2905,2906,2907,2908,2909,2910,2911,2912,2913,2914,2915,2916,2917,2918,2919,2920,2921,2922,2923,2924,2925,2926,2927,2928,2929,2930,2931,2932,2933,2934,2935,2936,2937,2938,2939,2940,2941,2942,2943,2944,2945,2946,2947,2948,2949,2950,2951,2952,2953,2954,2955,2956,2957,2958,2959,2960,2961,2962,2963,2964,2965,2966,2967,2968,2969,2970,2971,2972,2973,2974,2975,2976,2977,2978,2979,2980,2981,2982,2983,2984,2985,2986,2987,2988,2989,1473,1474,709,710,711,1510,1511,1512,1513,1514,1515,1516,1517,1518,1519,1520,1521,1266,1522,1267,1523,1524,1268,1525,1269,1526,1270,1527,1271,1528,1272,1273,1274,1275,1276,1277,4606,1278,4607,1279]},{"id":54,"tipo":3,"secciones":[1475,1476,1477,1478,1479,1480,1481,1482,1483,1484,1485,1486,1487,1488,1489,1490,1491,1492,1493,1494,1495,1496,1497,1498,1499,1500,1501,1502,1503,1504,1505,1506,2594,1507,2595,1508,2596,1509,2597,2598,2599,2600,2601,2602,2603,2604,2605,2606]},{"id":55,"tipo":2,"secciones":[1536,1537,1538,1539,1540,1541,1542,1543,1544,1545,1546,1547,1548,1549,1550,1551,1552,1553,1554,1555,1529,1530,1531,1532,1533,1534,1535]},{"id":56,"tipo":2,"secciones":[1568,1569,1570,1571,1572,1573,1574,1575,1576,1577,1578,1556,1557,1558,1559,1560,1561,1562,1563,1564,1565,1566,1567]},{"id":57,"tipo":2,"secciones":[1584,1585,1586,1587,1588,1589,1590,1579,1580,1581,1582,1583]},{"id":58,"tipo":2,"secciones":[1600,1601,1602,1603,1604,1605,1606,1607,1608,1609,1610,1611,1612,1613,1614,1615,1616,1617,1618,1619,1620,1621,1622,1597,1598,1599]},{"id":59,"tipo":2,"secciones":[1668,1669,1670,1671]},{"id":60,"tipo":2,"secciones":[1672,1673,1674,1675,1676,1677,1678,1679,1680,1681,1682,1683,1684,1685,1686,1687]},{"id":61,"tipo":2,"secciones":[1701,1702,1703,1704,1705,1706,1707,1708,1709,1710,1711,1712,1713,1714,1715,1716,1717]},{"id":62,"tipo":2,"secciones":[1764,1765,1766,1767,1768,1769,1770,1771,1772,1773,1774]},{"id":63,"tipo":2,"secciones":[1776,1777,1778,1779,1780,1782,1783,1775]},{"id":64,"tipo":2,"secciones":[1784,1785,1786,1787,1788,1789,1790]},{"id":65,"tipo":2,"secciones":[1792,1793,1794,1795,1796,1797,1791]},{"id":66,"tipo":2,"secciones":[1798,1799,1800,1801,1802,1803,1804,1805,1806,1807,1808,1809,1810,1811,1812,1813,1814,1815,1816,1817,1818,1819,1820,1821,1822,1823,1824,1825,1826,1827,1828,1829]},{"id":67,"tipo":2,"secciones":[1830,1831,1832,1833,1834,1835,1836,1837,1838,1839,1840,1841,1842,1843,1844,1845,1846,1847]},{"id":68,"tipo":2,"secciones":[2101,2102,2103,2104]},{"id":69,"tipo":2,"secciones":[2144,2145,2138,2139,2140,2141,2142,2143]},{"id":70,"tipo":2,"secciones":[2146,2147,2148,2149,2150,2151,2152,2153,2154,2155,2156,2157,2158,2159,2160,2161,2162,2163,2164,2165,2166,2167]},{"id":71,"tipo":2,"secciones":[2179,2180,2181,2182,2183,2184,2185,2186,2187,2188,2189,2190,2191,2192,2193,2194,2195,2196,2197,2198,2199,2200]},{"id":72,"tipo":2,"secciones":[2208,2209,2210,2211,2212,2213,2214,2215,2216,2217,2218,2201,2202,2203,2204,2205,2206,2207]},{"id":73,"tipo":2,"secciones":[2219,2220]},{"id":74,"tipo":2,"secciones":[2221,2222,2223,2224,2225,2226,2227,2228,2229,2230,2231,2232,2233,2234,2235,2236]},{"id":75,"tipo":2,"secciones":[2240,2241,2242,2243,2244,2245,2246,2247,2248]},{"id":76,"tipo":2,"secciones":[2249,2250,2251,2252,2253,2254,2255,2256,2257,2258,2259,2260,2261,2262,2263,2264]},{"id":77,"tipo":2,"secciones":[2272,2273,2274,2275,2276,2277,2278,2279,2280,2265,2266,2267,2268,2269,2270,2271]},{"id":78,"tipo":2,"secciones":[2304,2305,2306,2307,2308,2309,2310,2311,2312,2313,2314,2315,2316,2317,2318,2327,2328,2329,2331,2332,2347,2348,2349,2358,2359,2360,2361,2362,2363,2364,2365,2366,2367,2368,2369,2370,2371,2372,2373,2281,2282,2283,2284,2285,2286,2287,2288,2289,2290,2291,2292,2293,2294,2295,2296,2297,2298,2299,2300,2301,2302,2303]},{"id":79,"tipo":2,"secciones":[2390,2391,2392,2393,2394,2395,2396,2397,2398,2399,2400,2401,2402,2403,2404,2405,2406,2407,2408,2409,2410,2411,2412,2413,2414]},{"id":80,"tipo":2,"secciones":[2416,2417,2415]},{"id":81,"tipo":2,"secciones":[2418,2419]},{"id":82,"tipo":2,"secciones":[2420,2421,2422,2423,2424,2425,2426,2427,2428,2429,2430,2431,2432,2433,2434,2435,2436,2437,2438,2439,2440,2441,2442,2443,2444,2445,2446,2447,2448,2449,2450,2451,2452,2453,2454,2455,2456,2457,2458,2459,2460,2461,2462,2463,2464,2465,2466,2467,2468,2469,2470,2471,2472,2473,2474,2475,2476,2477,2478,2479,2480,2481,2482,2483,2484,2485,2486,2487,2488,2489,2490,2491,2492,2493,2494,2495,2496,2497,2498,2499,2500,2501,2502,2503,2504,2505,2506,2507,2508,2509,2510,2511,2512,2513,2514,2515,2516,2517,2518,2519]},{"id":83,"tipo":2,"secciones":[2560,2561,2562,2563,2564,2565,2566,2567,2568,2569,2570,2571,2572,2573,2574,2575,2576,2577,2526,2527,2528,2529,2530,2531,2532,2533,2534,2535,2536,2537,2538,2539,2540,2541,2542,2543,2544,2545,2546,2547,2548,2549,2550,2551,2552,2553,2554,2555,2556,2557,2558,2559]},{"id":84,"tipo":2,"secciones":[2592,2593,2583,2584,2585,2586,2587,2588,2589,2590,2591]},{"id":85,"tipo":2,"secciones":[2608,2609,2607]},{"id":86,"tipo":2,"secciones":[2610,2611,2612,2613,2614,2615,2616,2617,2618,2619,2620]},{"id":87,"tipo":2,"secciones":[2624,2625,2626,2627,2628,2629,2630,2631,2632,2633,2634,2635,2636,2637,2638,2639,2621,2622,2623]},{"id":88,"tipo":2,"secciones":[2656,2657,2658,2659,2660,2661,2662,2663,2664,2665,2650,2651,2652,2653,2654,2655]},{"id":89,"tipo":2,"secciones":[2666,2667,2668,2669,2670,2671,2672,2673,2674,2675,2676,2677,2678,2679,2680,2681,2682,2683,2684,2685,2686,2687,2688,2689,2690,2691,2692,2693,2694,2695,2696,2697,2698,2699,2700,2701,2702,2703,2704,2705,2706,2707,2708,2709,2710,2711,2712,2713,2714,2715,2716,2717,2718,2719,2720,2721,2722,2723,2724,2725,2726,2727,2728,2729,2730,2731,2732,2733,2734,2735,2736,2737,2738,2739,2740,2741,2742,2743,2744,2745,2746,2747,2748,2749,2750,2751,2752,2753,2754,2755,2756,2757,2758,2759,2760,2761,2762,2763]},{"id":90,"tipo":2,"secciones":[2768,2769,2764,2765,2766,2767]},{"id":91,"tipo":2,"secciones":[2776,2777,2778,2779,2780,2781,2782,2783,2784,2785,2786,2787,2788,2789,2790,2791,2792,2793,2794,2795,2796,2797,2798,2799,2800,2801,2802,2803,2804]},{"id":92,"tipo":2,"secciones":[2816,2817,2818,2819,2820,2821,2822,2823,2824,2825,2826,2827,2828,2829,2830,2831,2832,2833,2834,2835,2836,2837,2838,2839,2840,2841,2842,2843,2844,2845,2846,2847,2848,2849,2850,2851,2852,2853,2854,2855,2856,2857,2858,2859,2860,2861,2862,2863,2864,2865,2866,2867,2868,2869,2870,2871,2872,2873,2874,2875,2876,2877,2878,2879,2880,2881,2882,2883,2884,2885,2886,2887,2888,2889,2891,2892,2893,2894,2895,2896,2897,2814,2815]},{"id":93,"tipo":2,"secciones":[2990,2991,2992,2993,2994,2995,2996,2997,2998,2999,3000,3001,3002,3003]},{"id":94,"tipo":2,"secciones":[3008,3009,3010,3011,3012,3013,3014,3015,3016,3017,3018,3019,3020,3021,3022,3023,3024,3025,3026,3027,3004,3005,3006,3007]},{"id":95,"tipo":2,"secciones":[3028,3029,3030,3031,3032,3033,3034,3035]},{"id":96,"tipo":2,"secciones":[3036,3037,3038,3039,3040,3041,3042,3043,3044,3045,3046,3047,3048,3049,3050,3051,3052,3053,3054,3055,3056,3057,3058,3059,3060,3061,3062,3063,3064,3065,3066]},{"id":97,"tipo":2,"secciones":[3109,3110,3111,3112,3113,3114,3115,3116,3117,3118,3119,3120,3121,3122,3123,3124,3125,3126,3127,3128,3129,3130,3131,3132,3133,3134,3135,3136,3137,3138,3139,3140,3141,3142,3143,3144,3145,3146,3147,3148,3149,3150,3151,3152,3153,3154,3155,3156,3157,3158,3159,3160,3161,3162,3163,3164,3165,3166,3167,3168,3169,3170,3171,3172,3173,3174,3175,3176,3177,3178,3179,3180,3181,3182,3183,3184,3185,3186,3187,3188,3189,3190,3191,3192,3193,3194,3195,3196,3197,3198,3199,3200,3201,3202,3203,3204,3205,3206,3207,3208,3209,3210,3211,3212,3213,3214,3215,3216,3217,3218]},{"id":98,"tipo":2,"secciones":[3219,3220,3221,3222,3223,3224,3225,3226,3227,3228,3229,3230,3231,3232,3233,3234,3235,3236,3237,3238,3239,3240,3241,3242,3243,3244,3245,3246,3247,3248,3249,3250,3251,3252,3253,3254,3255,3256,3257,3258]},{"id":99,"tipo":2,"secciones":[3264,3265,3266,3267,3268,3269,3270,3271,3272,3273,3259,3260,3261,3262,3263]},{"id":100,"tipo":2,"secciones":[3283,3284,3285]},{"id":101,"tipo":2,"secciones":[3286,3287,3288,3289,3290,3291,3292,3293]},{"id":102,"tipo":2,"secciones":[3297,3298,3299,3300,3301,3302,3303,3304,3305,3306,3307,3308,3309,3310,3311,3312,3313,3314,3315,3316,3317,3318,3319,3320]},{"id":103,"tipo":2,"secciones":[3321,3322,3323,3324,3325]},{"id":104,"tipo":2,"secciones":[3328,3329,3330,3331,3332,3333,3334,3335,3336,3337,3338,3339,3340,3341,3342,3343,3344,3345,3346,3347,3348,3349,3350,3351,3352,3353,3354,3355,3356,3357,3358,3359,3360,3361,3362,3363,3364,3365,3366,3367,3368,3369,3370,3371,3372,3373,3374,3375,3376,3377,3378,3379,3380,3381,3382,3383,3384,3385,3386,3387,3388,3389,3390,3391,3392,3393,3394,3395,3396,3397,3398,3399,3400,3401,3402,3403,3404,3405,3406,3407,3408]},{"id":105,"tipo":2,"secciones":[3409,3410,3411,3412,3413,3414,3415,3416,3417,3418,3419,3420,3421,3422,3423,3424,3425,3426,3427,3428,3430,3431,3432,3433,3434,3435,3436]},{"id":106,"tipo":2,"secciones":[3456,3457,3458,3459,3460,3461,3462,3463,3464,3465,3466,3467,3468,3469,3470,3471,3472,3473,3474,3437,3438,3439,3440,3441,3442,3443,3444,3445,3446,3447,3448,3449,3450,3451,3452,3453,3454,3455]},{"id":107,"tipo":2,"secciones":[3488,3489,3490,3491,3492,3493,3475,3476,3477,3478,3479,3480,3481,3482,3483,3484,3485,3486,3487]},{"id":108,"tipo":2,"secciones":[3502,3503]},{"id":109,"tipo":2,"secciones":[3520,3521,3522,3523,3524,3525,3526,3527,3528,3529,3513,3514,3515,3516,3517,3518,3519]},{"id":110,"tipo":2,"secciones":[3547,3548,3549]},{"id":111,"tipo":2,"secciones":[3552,3553,3554,3555,3556,3557,3558,3559,3560,3561,3562,3563,3564,3565,3566,3567,3568,3569,3570,3571,3551]},{"id":112,"tipo":2,"secciones":[3584,3585,3586,3587,3588,3589,3590,3572,3573,3574,3575,3576,3577,3578,3579,3580,3581,3582,3583]},{"id":113,"tipo":2,"secciones":[3591,3592,3593,3594,3595,3596,3597]},{"id":114,"tipo":2,"secciones":[3600,3601,3602,3603,3604,3605,3606,3607,3608,3598,3599]},{"id":115,"tipo":2,"secciones":[3669,3670,3671,3672]},{"id":116,"tipo":2,"secciones":[4758,4759,4760,3673,4761,3674,4762,4763,3676,4764,3677,4765,3680,3681,3682,3683,3684,3685,3686,3687,3688,3690,3691,3692,3693,3694,3695,3696]},{"id":117,"tipo":2,"secciones":[3712,3713,3714,3715,3716,3717,3718,3719,3720,3721,3722,3723,3724,3725,3726,3727,3728,3729,3730,3731,3732,3733,3734,3735,3706,3707,3708,3709,3710,3711]},{"id":118,"tipo":2,"secciones":[3736,3737,3738]},{"id":119,"tipo":2,"secciones":[3744,3739,3740,3741,3742,3743]},{"id":120,"tipo":2,"secciones":[3745,3746,3747,3748,3749,3750,3751,3752,3753]},{"id":121,"tipo":2,"secciones":[3754,3755,3756]},{"id":122,"tipo":2,"secciones":[3760,3761,3762,3757,3758,3759]},{"id":123,"tipo":2,"secciones":[3763,3764,3765,3766,3767,3768,3769,3770,3771]},{"id":124,"tipo":2,"secciones":[3780,3781,3782,3783,3784,3785,3786,3787,3788,3789,3790,3791,3792,3793,3794,3795,3796,3797,3798]},{"id":125,"tipo":3,"secciones":[2105,2106,2107,2108,2109,2110,2111,2112,2113,2114,2115,2116,2117,2118,2119,2120,2121,2122,2123,2124,2125,2126,2127,2640,2128,2641,2129,2642,2130,2643,2131,2644,2132,2645,2133,2646,2134,2647,2135,2648,2136,2649,2137,1641,1642,1643,1644,4717,1645,4718,1646,1647,1648,1649,1650,1651,1652,1653,1654,1655,1656,1657,1658,1659,1660,1661,1662,1663,1664,1665,1666,1667,1184,1185,1186,1187,1188,1189,1190,1191,1192,1193,1194,1195,1196,1197,1198,1199,1200,1201,1202,1203,1204,1205,1206,1207,1208,1209,1210,1211,1212,1213,1214,1215,1216,1217,1218,1219,1220,1221,1222,1223,1224,1225,1226,1227,1228,1229,1230,1231,1232,1233,1234,2770,1235,2771,1236,2772,1237,2773,1238,2774,1239,2775,1240,1241,1242,1243,1244,1245,1246,1247,3808,1248,3809,1249,3810,1250,3811,1251,3812,3813,3814,3815,3816,3817,3818,3819,3820,3821,3822,3823,2805,2806,2807,2808,2809,2810,2811,2812,2813,2379,2380,2381,2382,2383,2384,2385,2386,2387,2388,2389,1390,1391,1392,1393,1394,1395,1396,1397,1398,1399,1400,1401,1402,3494,3495,3496,3497,3498,3499,3500,3501,3530,3531,3532,4557,3533,3534,4558,3535,4559,4560,3536,3537,3538,3539,3540,3541,3542]},{"id":126,"tipo":2,"secciones":[3840,3841,3842,3843,3844,3845,3846,3847,3848,3849,3850,3851,3852,3853,3854,3855,3856,3857,3858,3824,3825,3826,3827,3828,3829,3830,3831,3832,3833,3834,3835,3836,3837,3838,3839]},{"id":127,"tipo":2,"secciones":[3859,3860,3861,3862,3863,3864,3865,3866,3867,3868,3869,3870,3871,3872,3873,3874,3875,3876,3877,3878,3879,3880,3881,3882,3883,3884,3885,3886,3887,3888,3889,3890,3891,3892,3893,3894,3895,3896,3897,3898,3899,3900,3901,3902,3903,3904,3905,3906,3907,3908,3909,3910,3911,3912,3913,3914,3915,3916,3917,3918,3919,3920,3921,3922,3923,3924,3925]},{"id":128,"tipo":2,"secciones":[3968,3969,3970,3971,3972,3973,3974,3926,3927,3928,3929,3930,3931,3932,3933,3934,3935,3936,3937,3938,3939,3940,3941,3942,3943,3944,3945,3946,3947,3948,3949,3950,3951,3952,3953,3954,3955,3956,3957,3958,3959,3960,3961,3962,3963,3964,3965,3966,3967]},{"id":129,"tipo":2,"secciones":[3975,3976,3977,3978]},{"id":130,"tipo":2,"secciones":[3984,3979,3980,3981,3982,3983]},{"id":131,"tipo":2,"secciones":[3985,3986,3987,3988,3989,3990,3991,3992,3993,3994,3995,3996,3997,3998]},{"id":132,"tipo":2,"secciones":[4000,3999]},{"id":133,"tipo":2,"secciones":[4032,4033,4034,4035,4036,4010,4011,4012,4013,4014,4015,4016,4017,4018,4019,4020,4021,4022,4023,4024,4025,4026,4027,4028,4029,4030,4031]},{"id":134,"tipo":2,"secciones":[4042,4043,4044,4045,4046,4047,4048,4049,4050,4051,4052,4053,4054,4055,4056,4057,4058,4059,4060,4061,4062,4063,4064,4065,4066,4067,4068,4069,4070,4071,4072,4073]},{"id":135,"tipo":2,"secciones":[4080,4081,4082,4079]},{"id":136,"tipo":2,"secciones":[4083,4084,4085]},{"id":137,"tipo":2,"secciones":[4086,4087,4088,4089,4090,4091,4092,4093,4094,4095]},{"id":138,"tipo":2,"secciones":[4096,4097,4098,4099,4100,4101,4102,4103,4104,4105,4106,4107,4108,4109,4110,4111,4112,4113,4114,4115,4116,4117,4118,4119,4120,4121,4122,4123,4124,4125,4126,4127,4128,4129,4130,4131,4132,4133,4134,4135,4136,4137,4138,4139,4140,4141,4142,4143,4144,4145,4146,4147,4148,4149,4150,4151,4152,4153,4154,4155,4156,4157,4158,4159,4160,4161,4162,4163,4164,4165,4166,4167,4168,4169,4170]},{"id":139,"tipo":2,"secciones":[4171,4172]},{"id":140,"tipo":2,"secciones":[4192,4193,4194,4195,4173,4174,4175,4176,4177,4178,4179,4180,4181,4182,4183,4184,4185,4186,4187,4188,4189,4190,4191]},{"id":141,"tipo":2,"secciones":[4196,4197,4198,4199,4200,4201,4202,4203,4204,4205,4206,4207,4208,4209,4210,4211,4212,4213,4214,4215,4216]},{"id":142,"tipo":2,"secciones":[4501,4502,4503,4504,4505]},{"id":143,"tipo":2,"secciones":[4512,4513,4514,4515,4516,4517,4518,4519,4520,4521,4522,4523,4524,4506,4507,4508,4509,4510,4511]},{"id":144,"tipo":2,"secciones":[4527,4528,4529,4530,4531,4532,4533,4534,4535,4536,4537,4538,4539,4540]},{"id":145,"tipo":2,"secciones":[4544,4545,4546,4547,4548,4549,4550,4541,4542,4543]},{"id":146,"tipo":3,"secciones":[1343,1344,1345,1346,1347,1348,1349,1350,1351,1352,1353,1354,1355,1356,1357,1358,1359,1360,1361,1362,1363,1364,1365,1366,1623,1367,1624,1368,1625,1369,1626,1370,1627,1371,1628,1372,1629,1373,1630,1374,1631,1375,1632,1376,1633,1377,1634,1378,1635,1379,1636,1380,1637,1381,1638,1382,1639,1383,1640,1384,1385,1386,1387,1388,1389,1688,1689,1690,1691,1692,1693,1694,1695,1696,4001,1697,4002,1698,4003,1699,4004,1700,4005,4006,4007,4008,4009,1718,1719,1720,1721,1722,1723,1724,1725,1731,1732,1733,1734,4551,1735,4552,1736,4553,1737,4554,1738,4555,1739,4556,1740,1741,1742,1743,1744,1745,1746,1747,1748,1749,1750,3799,1751,3800,1752,3801,1753,3802,1754,3803,1755,1756,1757,1758,1759,1760,1761,482,1762,483,1763,484,485,486,487,488,489,490,491,4598,4599,4600,4601,4602,4603,4604,4605]},{"id":147,"tipo":2,"secciones":[4561,4562,4563,4564,4565,4566,4567,4568,4569]},{"id":148,"tipo":2,"secciones":[4614,4615,4616,4617,4618,4619,4620,4621,4622,4623,4624,4625,4626,4627,4628,4629,4630,4631,4632,4633,4634,4635,4636,4637,4638,4639,4640,4641,4642,4643,4644,4645,4646]},{"id":149,"tipo":2,"secciones":[4647,4648,4649,4650,4651,4652,4653,4654,4655,4656,4657,4658,4659,4660,4661,4662,4663,4664,4665,4666]},{"id":150,"tipo":2,"secciones":[4672,4673,4674,4675,4676,4677,4678,4679,4680,4681,4682,4683,4684,4685,4686,4687,4688,4689,4690,4691,4692,4693,4694,4695,4667,4668,4669,4670,4671]},{"id":151,"tipo":2,"secciones":[4704,4705,4706,4707,4708,4709,4710,4711,4696,4697,4698,4699,4700,4701,4702,4703]},{"id":152,"tipo":2,"secciones":[1120,1121,1122,1123,1124,1125,1126,1127,1128,4712,1129,4713,1130,1131,1132,1143,1144,1145,1118,1119]},{"id":153,"tipo":2,"secciones":[4714,4715,4716,1591,1592,2168,2520,1593,2169,2521,1594,2522,1595,2523,1596,2524,2525]},{"id":154,"tipo":2,"secciones":[2319,2320,2321,2322,2323,2325,2326,2333,2334,2335,2336,2337,2338,2339,2340,2341,2342,2343,2344,2345,2346,2351,2352,2353,2354,2355,2356,2357]},{"id":155,"tipo":3,"secciones":[3081,3082,3083,3084,3085,3086,3087,3088,3089,3090,3091,3092,3093,3094,3095,3096,3097,3098,3099,3100,3101,3102,3103,3104,3105,3106,3107,3108,4720,4721,4722]},{"id":156,"tipo":2,"secciones":[3543,3544,3545,3546]},{"id":157,"tipo":3,"secciones":[1848,4719]}],"separados":[],"distritos":[{"d":1,"des":[{"mu":1,"s":0},{"mu":26,"s":0},{"mu":27,"s":0},{"mu":38,"s":0},{"mu":40,"s":0},{"mu":48,"s":0},{"mu":81,"s":0},{"mu":94,"s":0},{"mu":129,"s":0},{"mu":136,"s":0},{"mu":137,"s":0},{"mu":157,"s":0},{"mu":163,"s":0},{"mu":176,"s":0},{"mu":181,"s":0},{"mu":194,"s":0}],"p":[{"t":1, "v":"371077"},{"t":4, "v":"0"},{"t":5, "v":"-2.90"},{"t":6, "v":"-11083"},{"t":7, "v":"0.037378"},{"t":8, "v":"0.368504"}],"process": {"partes": 1,"municipios": {"enteros": [{ "id": 1,"name": "ACAJETE","indigena": 0},{ "id": 26,"name": "AYAHUALULCO","indigena": 0},{ "id": 27,"name": "BANDERILLA","indigena": 0},{ "id": 38,"name": "COACOATZINTLA","indigena": 0},{ "id": 40,"name": "COATEPEC","indigena": 0},{ "id": 48,"name": "COSAUTLAN DE CARVAJAL","indigena": 0},{ "id": 81,"name": "IXHUACAN DE LOS REYES","indigena": 0},{ "id": 94,"name": "JILOTEPEC","indigena": 0},{ "id": 129,"name": "PEROTE","indigena": 0},{ "id": 136,"name": "RAFAEL LUCIO","indigena": 0},{ "id": 137,"name": "LAS VIGAS DE RAMIREZ","indigena": 0},{ "id": 157,"name": "TATATILA","indigena": 0},{ "id": 163,"name": "TEOCELO","indigena": 0},{ "id": 176,"name": "TLACOLULAN","indigena": 0},{ "id": 181,"name": "TLALNELHUAYOCAN","indigena": 0},{ "id": 194,"name": "XICO","indigena": 0}],"fracciones": []},"indigenas": {"poblacion": "371077","pindigenas": "2581","porcentaje": "0.695852","porcentaje_round": "0.69","indigena": 0}}},{"d":2,"des":[{"mu":2,"s":0},{"mu":4,"s":0},{"mu":10,"s":0},{"mu":17,"s":0},{"mu":18,"s":0},{"mu":25,"s":0},{"mu":59,"s":0},{"mu":67,"s":0},{"mu":89,"s":[2052,2053,2071,2072,2092,2093,2094,2095,2096,2097,1908,1909,1910,1922,1970,1971,2005,2006,2027]},{"mu":90,"s":0},{"mu":96,"s":0},{"mu":97,"s":0},{"mu":107,"s":0},{"mu":113,"s":0},{"mu":134,"s":0},{"mu":161,"s":0},{"mu":165,"s":0},{"mu":178,"s":0},{"mu":186,"s":0},{"mu":187,"s":0},{"mu":190,"s":0},{"mu":197,"s":0}],"p":[{"t":1, "v":"402491"},{"t":4, "v":"0"},{"t":5, "v":"5.32"},{"t":6, "v":"20331"},{"t":7, "v":"0.125793"},{"t":8, "v":"0.427111"}],"process": {"partes": 1,"municipios": {"enteros": [{ "id": 2,"name": "ACATLAN","indigena": 0},{ "id": 4,"name": "ACTOPAN","indigena": 0},{ "id": 10,"name": "ALTO LUCERO DE GUTIERREZ BARRIOS","indigena": 0},{ "id": 17,"name": "LA ANTIGUA","indigena": 0},{ "id": 18,"name": "APAZAPAN","indigena": 0},{ "id": 25,"name": "TLALTETELA","indigena": 0},{ "id": 59,"name": "CHICONQUIACO","indigena": 0},{ "id": 67,"name": "EMILIANO ZAPATA","indigena": 0},{ "id": 90,"name": "JALCOMULCO","indigena": 0},{ "id": 96,"name": "JUCHIQUE DE FERRER","indigena": 0},{ "id": 97,"name": "LANDERO Y COSS","indigena": 0},{ "id": 107,"name": "MIAHUATLAN","indigena": 0},{ "id": 113,"name": "NAOLINCO","indigena": 0},{ "id": 134,"name": "PUENTE NACIONAL","indigena": 0},{ "id": 161,"name": "TENAMPA","indigena": 0},{ "id": 165,"name": "TEPETLAN","indigena": 0},{ "id": 178,"name": "TLACOTEPEC DE MEJIA","indigena": 0},{ "id": 186,"name": "TONAYAN","indigena": 0},{ "id": 187,"name": "TOTUTLA","indigena": 0},{ "id": 190,"name": "URSULO GALVAN","indigena": 0},{ "id": 197,"name": "YECUATLA","indigena": 0}],"fracciones": [{ "id": 89,"name": "XALAPA","indigena": 0}]},"indigenas": {"poblacion": "402491","pindigenas": "3580","porcentaje": "0.889720","porcentaje_round": "0.88","indigena": 0}}},{"d":3,"des":[{"mu":3,"s":0},{"mu":47,"s":0},{"mu":56,"s":0},{"mu":79,"s":0},{"mu":86,"s":0},{"mu":95,"s":0},{"mu":120,"s":0},{"mu":131,"s":0},{"mu":168,"s":0},{"mu":175,"s":0},{"mu":189,"s":0},{"mu":204,"s":0},{"mu":208,"s":0},{"mu":212,"s":0}],"p":[{"t":1, "v":"394493"},{"t":4, "v":"0"},{"t":5, "v":"3.23"},{"t":6, "v":"12333"},{"t":7, "v":"0.046290"},{"t":8, "v":"0.691260"}],"process": {"partes": 1,"municipios": {"enteros": [{ "id": 3,"name": "ACAYUCAN","indigena": 0},{ "id": 47,"name": "COSAMALOAPAN","indigena": 0},{ "id": 56,"name": "CHACALTIANGUIS","indigena": 0},{ "id": 79,"name": "ISLA","indigena": 0},{ "id": 86,"name": "IXMATLAHUACAN","indigena": 0},{ "id": 95,"name": "JUAN RODRIGUEZ CLARA","indigena": 0},{ "id": 120,"name": "OTATITLAN","indigena": 0},{ "id": 131,"name": "PLAYA VICENTE","indigena": 1},{ "id": 168,"name": "JOSE AZUETA","indigena": 0},{ "id": 175,"name": "TLACOJALPAN","indigena": 0},{ "id": 189,"name": "TUXTILLA","indigena": 0},{ "id": 204,"name": "TRES VALLES","indigena": 0},{ "id": 208,"name": "CARLOS A. CARRILLO","indigena": 0},{ "id": 212,"name": "SANTIAGO SOCHIAPAN","indigena": 1}],"fracciones": []},"indigenas": {"poblacion": "394493","pindigenas": "48545","porcentaje": "12.308575","porcentaje_round": "12.30","indigena": 0}}},{"d":4,"des":[{"mu":5,"s":0},{"mu":12,"s":0},{"mu":13,"s":0},{"mu":16,"s":0},{"mu":34,"s":0},{"mu":98,"s":0},{"mu":140,"s":0},{"mu":142,"s":0},{"mu":144,"s":0},{"mu":177,"s":0}],"p":[{"t":1, "v":"400246"},{"t":4, "v":"0"},{"t":5, "v":"4.73"},{"t":6, "v":"18086"},{"t":7, "v":"0.099547"},{"t":8, "v":"0.469897"}],"process": {"partes": 1,"municipios": {"enteros": [{ "id": 5,"name": "ACULA","indigena": 0},{ "id": 12,"name": "ALVARADO","indigena": 0},{ "id": 13,"name": "AMATITLAN","indigena": 0},{ "id": 16,"name": "ANGEL R. CABADA","indigena": 0},{ "id": 34,"name": "CATEMACO","indigena": 0},{ "id": 98,"name": "LERDO DE TEJADA","indigena": 0},{ "id": 140,"name": "SALTABARRANCA","indigena": 0},{ "id": 142,"name": "SAN ANDRES TUXTLA","indigena": 0},{ "id": 144,"name": "SANTIAGO TUXTLA","indigena": 0},{ "id": 177,"name": "TLACOTALPAN","indigena": 0}],"fracciones": []},"indigenas": {"poblacion": "400246","pindigenas": "4421","porcentaje": "1.104756","porcentaje_round": "1.10","indigena": 0}}},{"d":5,"des":[{"mu":6,"s":0},{"mu":19,"s":0},{"mu":20,"s":0},{"mu":21,"s":0},{"mu":31,"s":0},{"mu":43,"s":0},{"mu":54,"s":0},{"mu":76,"s":0},{"mu":99,"s":0},{"mu":100,"s":0},{"mu":111,"s":0},{"mu":114,"s":0},{"mu":116,"s":0},{"mu":118,"s":0},{"mu":135,"s":0},{"mu":138,"s":0},{"mu":141,"s":0},{"mu":148,"s":0},{"mu":159,"s":0},{"mu":167,"s":0},{"mu":170,"s":0},{"mu":172,"s":0},{"mu":183,"s":0},{"mu":184,"s":0},{"mu":195,"s":0},{"mu":201,"s":0}],"p":[{"t":1, "v":"396594"},{"t":4, "v":"0"},{"t":5, "v":"3.78"},{"t":6, "v":"14434"},{"t":7, "v":"0.063404"},{"t":8, "v":"0.525314"}],"process": {"partes": 1,"municipios": {"enteros": [{ "id": 6,"name": "ACULTZINGO","indigena": 0},{ "id": 19,"name": "AQUILA","indigena": 0},{ "id": 20,"name": "ASTACINGA","indigena": 1},{ "id": 21,"name": "ATLAHUILCO","indigena": 1},{ "id": 31,"name": "CAMERINO Z. MENDOZA","indigena": 0},{ "id": 43,"name": "COETZALA","indigena": 1},{ "id": 54,"name": "CUICHAPA","indigena": 0},{ "id": 76,"name": "HUILOAPAN DE CUAUHTEMOC","indigena": 0},{ "id": 99,"name": "MAGDALENA","indigena": 1},{ "id": 100,"name": "MALTRATA","indigena": 0},{ "id": 111,"name": "MIXTLA DE ALTAMIRANO","indigena": 1},{ "id": 114,"name": "NARANJAL","indigena": 0},{ "id": 116,"name": "NOGALES","indigena": 0},{ "id": 118,"name": "OMEALCA","indigena": 0},{ "id": 135,"name": "RAFAEL DELGADO","indigena": 1},{ "id": 138,"name": "LOS REYES","indigena": 1},{ "id": 141,"name": "SAN ANDRES TENEJAPAN","indigena": 1},{ "id": 148,"name": "SOLEDAD ATZOMPA","indigena": 1},{ "id": 159,"name": "TEHUIPANGO","indigena": 1},{ "id": 167,"name": "TEQUILA","indigena": 1},{ "id": 170,"name": "TEXHUACAN","indigena": 1},{ "id": 172,"name": "TEZONAPA","indigena": 0},{ "id": 183,"name": "TLAQUILPA","indigena": 1},{ "id": 184,"name": "TLILAPAN","indigena": 1},{ "id": 195,"name": "XOXOCOTLA","indigena": 1},{ "id": 201,"name": "ZONGOLICA","indigena": 1}],"fracciones": []},"indigenas": {"poblacion": "396594","pindigenas": "205813","porcentaje": "51.907483","porcentaje_round": "51.90","indigena": 1}}},{"d":6,"des":[{"mu":7,"s":0},{"mu":32,"s":0},{"mu":45,"s":0},{"mu":51,"s":0},{"mu":55,"s":0},{"mu":73,"s":0},{"mu":77,"s":0},{"mu":126,"s":0},{"mu":127,"s":0},{"mu":147,"s":0},{"mu":149,"s":0},{"mu":173,"s":0},{"mu":180,"s":0},{"mu":200,"s":0}],"p":[{"t":1, "v":"392117"},{"t":4, "v":"0"},{"t":5, "v":"2.61"},{"t":6, "v":"9957"},{"t":7, "v":"0.030172"},{"t":8, "v":"0.535573"}],"process": {"partes": 1,"municipios": {"enteros": [{ "id": 7,"name": "CAMARON DE TEJEDA","indigena": 0},{ "id": 32,"name": "CARRILLO PUERTO","indigena": 0},{ "id": 45,"name": "COMAPA","indigena": 0},{ "id": 51,"name": "COTAXTLA","indigena": 0},{ "id": 55,"name": "CUITLAHUAC","indigena": 0},{ "id": 73,"name": "HUATUSCO","indigena": 0},{ "id": 77,"name": "IGNACIO DE LA LLAVE","indigena": 0},{ "id": 126,"name": "PASO DEL MACHO","indigena": 0},{ "id": 127,"name": "PASO DE OVEJAS","indigena": 0},{ "id": 147,"name": "SOCHIAPA","indigena": 0},{ "id": 149,"name": "SOLEDAD DE DOBLADO","indigena": 0},{ "id": 173,"name": "TIERRA BLANCA","indigena": 0},{ "id": 180,"name": "TLALIXCOYAN","indigena": 0},{ "id": 200,"name": "ZENTLA","indigena": 0}],"fracciones": []},"indigenas": {"poblacion": "392117","pindigenas": "6094","porcentaje": "1.554403","porcentaje_round": "1.55","indigena": 0}}},{"d":7,"des":[{"mu":8,"s":0},{"mu":33,"s":0},{"mu":35,"s":0},{"mu":36,"s":0},{"mu":166,"s":0},{"mu":188,"s":0}],"p":[{"t":1, "v":"329568"},{"t":4, "v":"0"},{"t":5, "v":"-13.76"},{"t":6, "v":"-52592"},{"t":7, "v":"0.841709"},{"t":8, "v":"0.498346"}],"process": {"partes": 1,"municipios": {"enteros": [{ "id": 8,"name": "ALAMO TEMAPACHE","indigena": 0},{ "id": 33,"name": "CASTILLO DE TEAYO","indigena": 0},{ "id": 35,"name": "CAZONES DE HERRERA","indigena": 0},{ "id": 36,"name": "CERRO AZUL","indigena": 0},{ "id": 166,"name": "TEPETZINTLA","indigena": 0},{ "id": 188,"name": "TUXPAN","indigena": 0}],"fracciones": []},"indigenas": {"poblacion": "329568","pindigenas": "44460","porcentaje": "13.493373","porcentaje_round": "13.49","indigena": 0}}},{"d":8,"des":[{"mu":9,"s":0},{"mu":23,"s":0},{"mu":30,"s":0},{"mu":49,"s":0},{"mu":85,"s":0},{"mu":87,"s":0},{"mu":102,"s":0},{"mu":119,"s":0},{"mu":128,"s":0},{"mu":139,"s":0}],"p":[{"t":1, "v":"402762"},{"t":4, "v":"0"},{"t":5, "v":"5.39"},{"t":6, "v":"20602"},{"t":7, "v":"0.129169"},{"t":8, "v":"0.265475"}],"process": {"partes": 1,"municipios": {"enteros": [{ "id": 9,"name": "ALPATLAHUAC","indigena": 0},{ "id": 23,"name": "ATZACAN","indigena": 0},{ "id": 30,"name": "CALCAHUALCO","indigena": 0},{ "id": 49,"name": "COSCOMATEPEC","indigena": 0},{ "id": 85,"name": "IXHUATLANCILLO","indigena": 0},{ "id": 87,"name": "IXTACZOQUITLAN","indigena": 0},{ "id": 102,"name": "MARIANO ESCOBEDO","indigena": 0},{ "id": 119,"name": "ORIZABA","indigena": 0},{ "id": 128,"name": "LA PERLA","indigena": 0},{ "id": 139,"name": "RIO BLANCO","indigena": 0}],"fracciones": []},"indigenas": {"poblacion": "402762","pindigenas": "25234","porcentaje": "6.266423","porcentaje_round": "6.26","indigena": 0}}},{"d":9,"des":[{"mu":11,"s":0},{"mu":24,"s":0},{"mu":88,"s":0},{"mu":103,"s":0},{"mu":108,"s":0},{"mu":110,"s":0},{"mu":162,"s":0},{"mu":182,"s":0},{"mu":193,"s":0}],"p":[{"t":1, "v":"391449"},{"t":4, "v":"0"},{"t":5, "v":"2.43"},{"t":6, "v":"9289"},{"t":7, "v":"0.026260"},{"t":8, "v":"0.455003"}],"process": {"partes": 1,"municipios": {"enteros": [{ "id": 11,"name": "ALTOTONGA","indigena": 0},{ "id": 24,"name": "ATZALAN","indigena": 0},{ "id": 88,"name": "JALACINGO","indigena": 0},{ "id": 103,"name": "MARTINEZ DE LA TORRE","indigena": 0},{ "id": 108,"name": "LAS MINAS","indigena": 0},{ "id": 110,"name": "MISANTLA","indigena": 0},{ "id": 162,"name": "TENOCHTITLAN","indigena": 0},{ "id": 182,"name": "TLAPACOYAN","indigena": 0},{ "id": 193,"name": "VILLA ALDAMA","indigena": 0}],"fracciones": []},"indigenas": {"poblacion": "391449","pindigenas": "9162","porcentaje": "2.341079","porcentaje_round": "2.34","indigena": 0}}},{"d":10,"des":[{"mu":14,"s":0},{"mu":22,"s":0},{"mu":46,"s":0},{"mu":64,"s":0},{"mu":70,"s":0},{"mu":83,"s":0},{"mu":164,"s":0},{"mu":185,"s":0},{"mu":196,"s":0}],"p":[{"t":1, "v":"394230"},{"t":4, "v":"0"},{"t":5, "v":"3.16"},{"t":6, "v":"12070"},{"t":7, "v":"0.044337"},{"t":8, "v":"0.194475"}],"process": {"partes": 1,"municipios": {"enteros": [{ "id": 14,"name": "AMATLAN DE LOS REYES","indigena": 0},{ "id": 22,"name": "ATOYAC","indigena": 0},{ "id": 46,"name": "CORDOBA","indigena": 0},{ "id": 64,"name": "CHOCAMAN","indigena": 0},{ "id": 70,"name": "FORTIN","indigena": 0},{ "id": 83,"name": "IXHUATLAN DEL CAFE","indigena": 0},{ "id": 164,"name": "TEPATLAXCO","indigena": 0},{ "id": 185,"name": "TOMATLAN","indigena": 0},{ "id": 196,"name": "YANGA","indigena": 0}],"fracciones": []},"indigenas": {"poblacion": "394230","pindigenas": "11794","porcentaje": "2.991918","porcentaje_round": "2.99","indigena": 0}}},{"d":11,"des":[{"mu":15,"s":0},{"mu":37,"s":0},{"mu":62,"s":0},{"mu":122,"s":0},{"mu":124,"s":0},{"mu":133,"s":0},{"mu":151,"s":0},{"mu":152,"s":0},{"mu":153,"s":0},{"mu":154,"s":0},{"mu":155,"s":0},{"mu":160,"s":0},{"mu":207,"s":0},{"mu":902,"s":0},{"mu":903,"s":0}],"p":[{"t":1, "v":"349108"},{"t":4, "v":"0"},{"t":5, "v":"-8.65"},{"t":6, "v":"-33052"},{"t":7, "v":"0.332442"},{"t":8, "v":"1.070892"}],"process": {"partes": 1,"municipios": {"enteros": [{ "id": 15,"name": "NARANJOS AMATLAN","indigena": 0},{ "id": 37,"name": "CITLALTEPETL","indigena": 1},{ "id": 62,"name": "CHINAMPA DE GOROSTIZA","indigena": 0},{ "id": 122,"name": "OZULUAMA","indigena": 0},{ "id": 124,"name": "PANUCO","indigena": 0},{ "id": 133,"name": "PUEBLO VIEJO","indigena": 0},{ "id": 151,"name": "TAMALIN NORTE","indigena": 0},{ "id": 152,"name": "TAMIAHUA","indigena": 0},{ "id": 153,"name": "TAMPICO ALTO","indigena": 0},{ "id": 154,"name": "TANCOCO","indigena": 0},{ "id": 155,"name": "TANTIMA","indigena": 0},{ "id": 160,"name": "TEMPOAL","indigena": 0},{ "id": 207,"name": "EL HIGO","indigena": 0},{ "id": 902,"name": "TAMALIN ORIENTE","indigena": 0},{ "id": 903,"name": "TAMALIN SUR","indigena": 0}],"fracciones": []},"indigenas": {"poblacion": "349108","pindigenas": "28072","porcentaje": "8.041407","porcentaje_round": "8.04","indigena": 0}}},{"d":12,"des":[{"mu":28,"s":0},{"mu":57,"s":0},{"mu":58,"s":0},{"mu":60,"s":0},{"mu":65,"s":0},{"mu":74,"s":0},{"mu":78,"s":0},{"mu":80,"s":0},{"mu":82,"s":0},{"mu":130,"s":0},{"mu":156,"s":0},{"mu":169,"s":0},{"mu":179,"s":0},{"mu":198,"s":0},{"mu":202,"s":0},{"mu":900,"s":0}],"p":[{"t":1, "v":"365428"},{"t":4, "v":"0"},{"t":5, "v":"-4.38"},{"t":6, "v":"-16732"},{"t":7, "v":"0.085194"},{"t":8, "v":"0.777795"}],"process": {"partes": 1,"municipios": {"enteros": [{ "id": 28,"name": "BENITO JUAREZ","indigena": 1},{ "id": 57,"name": "CHALMA","indigena": 1},{ "id": 58,"name": "CHICONAMEL PONIENTE","indigena": 1},{ "id": 60,"name": "CHICONTEPEC","indigena": 1},{ "id": 65,"name": "CHONTLA","indigena": 1},{ "id": 74,"name": "HUAYACOCOTLA","indigena": 0},{ "id": 78,"name": "ILAMATLAN","indigena": 1},{ "id": 80,"name": "IXCATEPEC","indigena": 1},{ "id": 82,"name": "IXHUATLAN DE MADERO","indigena": 1},{ "id": 130,"name": "PLATON SANCHEZ","indigena": 1},{ "id": 156,"name": "TANTOYUCA","indigena": 1},{ "id": 169,"name": "TEXCATEPEC","indigena": 1},{ "id": 179,"name": "TLACHICHILCO","indigena": 1},{ "id": 198,"name": "ZACUALPAN","indigena": 0},{ "id": 202,"name": "ZONTECOMATLAN","indigena": 1},{ "id": 900,"name": "CHICONAMEL ORIENTE","indigena": 1}],"fracciones": []},"indigenas": {"poblacion": "365428","pindigenas": "258347","porcentaje": "70.702726","porcentaje_round": "70.70","indigena": 1}}},{"d":13,"des":[{"mu":39,"s":0},{"mu":44,"s":0},{"mu":52,"s":0},{"mu":53,"s":0},{"mu":66,"s":0},{"mu":68,"s":0},{"mu":69,"s":0},{"mu":71,"s":0},{"mu":104,"s":0},{"mu":115,"s":0},{"mu":125,"s":0},{"mu":158,"s":0},{"mu":191,"s":0},{"mu":203,"s":0},{"mu":211,"s":0}],"p":[{"t":1, "v":"389731"},{"t":4, "v":"0"},{"t":5, "v":"1.98"},{"t":6, "v":"7571"},{"t":7, "v":"0.017445"},{"t":8, "v":"0.686079"}],"process": {"partes": 1,"municipios": {"enteros": [{ "id": 39,"name": "COAHUITLAN","indigena": 1},{ "id": 44,"name": "COLIPA","indigena": 0},{ "id": 52,"name": "COXQUIHUI","indigena": 1},{ "id": 53,"name": "COYUTLA","indigena": 1},{ "id": 66,"name": "CHUMATLAN","indigena": 1},{ "id": 68,"name": "ESPINAL","indigena": 1},{ "id": 69,"name": "FILOMENO MATA","indigena": 1},{ "id": 71,"name": "GUTIERREZ ZAMORA","indigena": 0},{ "id": 104,"name": "MECATLAN","indigena": 1},{ "id": 115,"name": "NAUTLA","indigena": 0},{ "id": 125,"name": "PAPANTLA","indigena": 1},{ "id": 158,"name": "TECOLUTLA","indigena": 0},{ "id": 191,"name": "VEGA DE ALATORRE","indigena": 0},{ "id": 203,"name": "ZOZOCOLCO DE HIDALGO","indigena": 1},{ "id": 211,"name": "SAN RAFAEL","indigena": 0}],"fracciones": []},"indigenas": {"poblacion": "389731","pindigenas": "167486","porcentaje": "42.978253","porcentaje_round": "42.97","indigena": 1}}},{"d":14,"des":[{"mu":41,"s":0},{"mu":84,"s":0},{"mu":112,"s":0},{"mu":206,"s":0}],"p":[{"t":1, "v":"382261"},{"t":4, "v":"0"},{"t":5, "v":"0.03"},{"t":6, "v":"101"},{"t":7, "v":"0.000003"},{"t":8, "v":"0.508089"}],"process": {"partes": 1,"municipios": {"enteros": [{ "id": 41,"name": "COATZACOALCOS","indigena": 0},{ "id": 84,"name": "IXHUATLAN DEL SURESTE","indigena": 0},{ "id": 112,"name": "MOLOACAN","indigena": 0},{ "id": 206,"name": "AGUA DULCE","indigena": 0}],"fracciones": []},"indigenas": {"poblacion": "382261","pindigenas": "18052","porcentaje": "4.723341","porcentaje_round": "4.72","indigena": 0}}},{"d":15,"des":[{"mu":42,"s":0},{"mu":132,"s":0},{"mu":174,"s":0}],"p":[{"t":1, "v":"330096"},{"t":4, "v":"0"},{"t":5, "v":"-13.62"},{"t":6, "v":"-52064"},{"t":7, "v":"0.824893"},{"t":8, "v":"0.444766"}],"process": {"partes": 1,"municipios": {"enteros": [{ "id": 42,"name": "COATZINTLA","indigena": 0},{ "id": 132,"name": "POZA RICA DE HIDALGO","indigena": 0},{ "id": 174,"name": "TIHUATLAN","indigena": 0}],"fracciones": []},"indigenas": {"poblacion": "330096","pindigenas": "24293","porcentaje": "7.361565","porcentaje_round": "7.36","indigena": 0}}},{"d":16,"des":[{"mu":50,"s":0},{"mu":61,"s":0},{"mu":75,"s":0},{"mu":91,"s":0},{"mu":105,"s":0},{"mu":117,"s":0},{"mu":121,"s":0},{"mu":123,"s":0},{"mu":146,"s":0},{"mu":150,"s":0},{"mu":171,"s":0},{"mu":199,"s":0},{"mu":205,"s":0},{"mu":210,"s":0},{"mu":901,"s":0}],"p":[{"t":1, "v":"391013"},{"t":4, "v":"0"},{"t":5, "v":"2.32"},{"t":6, "v":"8853"},{"t":7, "v":"0.023853"},{"t":8, "v":"0.870736"}],"process": {"partes": 1,"municipios": {"enteros": [{ "id": 50,"name": "COSOLEACAQUE","indigena": 0},{ "id": 61,"name": "CHINAMECA","indigena": 0},{ "id": 75,"name": "HUEYAPAN DE OCAMPO","indigena": 0},{ "id": 91,"name": "JALTIPAN","indigena": 0},{ "id": 105,"name": "MECAYAPAN SUR","indigena": 1},{ "id": 117,"name": "OLUTA","indigena": 0},{ "id": 121,"name": "OTEAPAN","indigena": 0},{ "id": 123,"name": "PAJAPAN","indigena": 1},{ "id": 146,"name": "SOCONUSCO","indigena": 0},{ "id": 150,"name": "SOTEAPAN","indigena": 1},{ "id": 171,"name": "TEXISTEPEC","indigena": 0},{ "id": 199,"name": "ZARAGOZA","indigena": 1},{ "id": 205,"name": "NANCHITAL DE LAZARO CARDENAS DEL RIO","indigena": 0},{ "id": 210,"name": "TATAHUICAPAN DE JUAREZ","indigena": 1},{ "id": 901,"name": "MECAYAPAN NORTE","indigena": 1}],"fracciones": []},"indigenas": {"poblacion": "391013","pindigenas": "111666","porcentaje": "28.559218","porcentaje_round": "28.55","indigena": 0}}},{"d":17,"des":[{"mu":63,"s":0},{"mu":72,"s":0},{"mu":93,"s":0},{"mu":109,"s":0},{"mu":143,"s":0},{"mu":145,"s":0},{"mu":209,"s":0}],"p":[{"t":1, "v":"379994"},{"t":4, "v":"0"},{"t":5, "v":"-0.57"},{"t":6, "v":"-2166"},{"t":7, "v":"0.001427"},{"t":8, "v":"0.578432"}],"process": {"partes": 1,"municipios": {"enteros": [{ "id": 63,"name": "LAS CHOAPAS","indigena": 0},{ "id": 72,"name": "HIDALGOTITLAN","indigena": 0},{ "id": 93,"name": "JESUS CARRANZA","indigena": 0},{ "id": 109,"name": "MINATITLAN","indigena": 0},{ "id": 143,"name": "SAN JUAN EVANGELISTA","indigena": 0},{ "id": 145,"name": "SAYULA DE ALEMAN","indigena": 0},{ "id": 209,"name": "UXPANAPA","indigena": 1}],"fracciones": []},"indigenas": {"poblacion": "379994","pindigenas": "49740","porcentaje": "13.092963","porcentaje_round": "13.09","indigena": 0}}},{"d":18,"des":[{"mu":89,"s":[2048,2049,2050,2051,2054,2055,2056,2057,2058,2059,2060,2061,2062,2063,2064,2065,2066,2067,2068,2069,2070,2073,2074,2075,2076,2077,2078,2079,2080,2081,2082,2083,2084,2085,2086,2087,2088,2089,2090,2091,2098,2099,2100,1849,1850,1851,1852,1853,1854,1855,1856,1857,1858,1859,1860,1861,1862,1863,1864,1865,1866,1867,1868,1869,1870,1871,1872,1873,1874,1875,1876,1877,1878,1879,1880,1881,1882,1883,1884,1885,1886,1887,1888,1889,1890,1891,1892,1893,1894,1895,1896,1897,1898,1899,1900,1901,1902,1903,1904,1905,1906,1907,1911,1912,1913,1914,1915,1916,1917,1918,1919,1920,1921,1923,1924,1925,1926,1927,1928,1929,1930,1931,1932,1933,1934,1935,1936,1937,1938,1939,1940,1941,1942,1943,1944,1945,1946,1947,1948,1949,1950,1951,1952,1953,1954,1955,1956,1957,1958,1959,1960,1961,1962,1963,1964,1965,1966,1848,4719,1967,1968,1969,1972,1973,1974,1975,1976,1977,1978,1979,1980,1981,1982,1983,1984,1985,1986,1987,1988,1989,1990,1991,1992,1993,1994,1995,1996,1997,1998,1999,2000,2001,2002,2003,2004,2007,2008,2009,2010,2011,2012,2013,2014,2015,2016,2017,2018,2019,2020,2021,2022,2023,2024,2025,2026,2028,2029,2030,2031,2032,2033,2034,2035,2036,2037,2038,2039,2040,2041,2042,2043,2044,2045,2046,2047]}],"p":[{"t":1, "v":"398415"},{"t":4, "v":"0"},{"t":5, "v":"4.25"},{"t":6, "v":"16255"},{"t":7, "v":"0.080411"},{"t":8, "v":"0.229211"}],"process": {"partes": 1,"municipios": {"enteros": [],"fracciones": [{ "id": 89,"name": "XALAPA","indigena": 0}]},"indigenas": {"poblacion": "398415","pindigenas": "5776","porcentaje": "1.450000","porcentaje_round": "1.45","indigena": 0}}},{"d":19,"des":[{"mu":29,"s":0},{"mu":92,"s":0},{"mu":101,"s":0},{"mu":106,"s":0},{"mu":192,"s":[4220,4221,4222,4223,4224,4241,4242,4243,4244,4245,4246,4247,4248,4249,4250,4251,4252,4253,4266,4267,4268,4269,4270,4271,4272,4273,4274,4275,4276,4277,4278,4284,4285,4286,4287,4288,4289,4290,4291,4292,4293,4294,4295,4296,4297,4298,4299,4300,4301,4302,4303,4304,4305,4310,4311,4312,4313,4314,4315,4316,4317,4318,4319,4320,4321,4322,4323,4324,4325,4326,4327,4328,4329,4330,4331,4332,4333,4334,4335,4344,4345,4346,4347,4348,4349,4350,4351,4352,4353,4354,4355,4356,4357,4358,4359,4360,4361,4369,4371,4372,4373,4374,4375,4376,4377,4378,4379,4389,4391,4392,4393,4394,4395,4396,4397,4398,4399,4400,4401,4402,4403,4404,4405,4406,4407,4408,4409,4410,4411,4412,4413,4414,4415,4416,4424,4425,4426,4427,4428,4429,4430,4431,4432,4433,4434,4435,4436,4437,4438,4439,4440,4441,4442,4443,4444,4445,4454,4455,4456,4457,4458,4459,4463,4464,4465,4466,4467,4468,4470,4471,4472,4473,4477,4478,4479,4480,4481,4482,4483,4499,4500]}],"p":[{"t":1, "v":"390683"},{"t":4, "v":"0"},{"t":5, "v":"2.23"},{"t":6, "v":"8523"},{"t":7, "v":"0.022108"},{"t":8, "v":"0.596377"}],"process": {"partes": 1,"municipios": {"enteros": [{ "id": 29,"name": "BOCA DEL RIO","indigena": 0},{ "id": 92,"name": "JAMAPA","indigena": 0},{ "id": 101,"name": "MANLIO FABIO ALTAMIRANO","indigena": 0},{ "id": 106,"name": "MEDELLIN","indigena": 0}],"fracciones": [{ "id": 192,"name": "VERACRUZ","indigena": 0}]},"indigenas": {"poblacion": "390683","pindigenas": "5622","porcentaje": "1.439385","porcentaje_round": "1.43","indigena": 0}}},{"d":20,"des":[{"mu":192,"s":[4217,4218,4219,4225,4226,4227,4228,4230,4231,4232,4233,4234,4235,4236,4237,4238,4239,4240,4254,4255,4256,4257,4258,4259,4260,4261,4262,4263,4264,4265,4279,4280,4281,4282,4283,4306,4307,4308,4309,4336,4337,4338,4339,4340,4341,4342,4343,4362,4363,4364,4365,4366,4367,4368,4370,4380,4381,4383,4384,4385,4386,4387,4388,4390,4417,4418,4419,4420,4421,4422,4423,4446,4447,4448,4449,4450,4451,4452,4453,4460,4461,4462,4469,4474,4475,4476,4484,4485,4486,4487,4488,4489,4490,4491,4492,4493,4494,4495,4497,4498,4746,4747,4748,4749,4750,4751,4752,4753,4754,4755,4756,4757,4766,4767,4768,4769,4770,4771,4772,4773,4774,4775,4776,4777,4778,4779,4780,4781,4782,4783,4784,4785,4786,4787,4788,4789,4790,4791,4792,4793,4794,4795,4796,4797,4798,4799,4800,4801,4802,4803,4804,4805,4806,4807,4808,4809,4810,4811,4812,4813,4814,4815,4816,4817,4818,4819,4820,4821,4822,4823,4824,4825,4826,4827,4828,4829,4830,4831,4832,4833,4834,4835]}],"p":[{"t":1, "v":"391438"},{"t":4, "v":"0"},{"t":5, "v":"2.43"},{"t":6, "v":"9278"},{"t":7, "v":"0.026198"},{"t":8, "v":"0.131685"}],"process": {"partes": 1,"municipios": {"enteros": [],"fracciones": [{ "id": 192,"name": "VERACRUZ","indigena": 0}]},"indigenas": {"poblacion": "391438","pindigenas": "6888","porcentaje": "1.760000","porcentaje_round": "1.76","indigena": 0}}}],"calificaciones":[{"t": 1,"a": 1.0,"p": 2.858034,"sp": 2.858034},{"t": 2,"a": 0.5,"p": 10.325019,"sp": 20.650039}],"total":{"p":13.183053,"sp":23.508073},"sellos":[{"n":"escenario","v":"md5"},{"n":"calificacion","v":"md5"},{"n":"municipios","v":"md5"},{"n":"secciones","v":"md5"},{"n":"tiemposmunicipios","v":"md5"}],"version":"Versión 1.5.20161103.2|federal"}