{"entidad":7,"partes":[{"id":0,"nombre":"","tipologia":3,"primerdistrito":0,"distritos":24,"municipios":[{"id":1,"fraccion":0},{"id":2,"fraccion":0},{"id":3,"fraccion":0},{"id":4,"fraccion":0},{"id":5,"fraccion":0},{"id":6,"fraccion":0},{"id":7,"fraccion":0},{"id":8,"fraccion":0},{"id":9,"fraccion":0},{"id":10,"fraccion":0},{"id":11,"fraccion":0},{"id":12,"fraccion":0},{"id":13,"fraccion":0},{"id":14,"fraccion":0},{"id":15,"fraccion":1},{"id":16,"fraccion":1},{"id":17,"fraccion":0},{"id":18,"fraccion":0},{"id":19,"fraccion":0},{"id":20,"fraccion":0},{"id":21,"fraccion":0},{"id":22,"fraccion":0},{"id":23,"fraccion":0},{"id":24,"fraccion":0},{"id":25,"fraccion":0},{"id":26,"fraccion":0},{"id":27,"fraccion":1},{"id":28,"fraccion":0},{"id":29,"fraccion":0},{"id":30,"fraccion":0},{"id":31,"fraccion":0},{"id":32,"fraccion":0},{"id":33,"fraccion":0},{"id":34,"fraccion":0},{"id":35,"fraccion":0},{"id":36,"fraccion":0},{"id":37,"fraccion":0},{"id":38,"fraccion":0},{"id":39,"fraccion":0},{"id":40,"fraccion":0},{"id":41,"fraccion":0},{"id":42,"fraccion":0},{"id":43,"fraccion":0},{"id":44,"fraccion":0},{"id":45,"fraccion":0},{"id":46,"fraccion":0},{"id":47,"fraccion":0},{"id":48,"fraccion":1},{"id":49,"fraccion":0},{"id":50,"fraccion":1},{"id":51,"fraccion":0},{"id":52,"fraccion":0},{"id":53,"fraccion":0},{"id":54,"fraccion":0},{"id":55,"fraccion":0},{"id":56,"fraccion":0},{"id":57,"fraccion":0},{"id":58,"fraccion":1},{"id":59,"fraccion":1},{"id":60,"fraccion":0},{"id":61,"fraccion":0},{"id":62,"fraccion":0},{"id":63,"fraccion":0},{"id":64,"fraccion":0},{"id":65,"fraccion":1},{"id":66,"fraccion":0},{"id":67,"fraccion":0},{"id":68,"fraccion":1},{"id":69,"fraccion":0},{"id":70,"fraccion":0},{"id":71,"fraccion":0},{"id":72,"fraccion":0},{"id":73,"fraccion":1},{"id":74,"fraccion":0},{"id":75,"fraccion":0},{"id":76,"fraccion":0},{"id":77,"fraccion":0},{"id":78,"fraccion":0},{"id":79,"fraccion":0},{"id":80,"fraccion":0},{"id":81,"fraccion":0},{"id":82,"fraccion":0},{"id":83,"fraccion":0},{"id":84,"fraccion":0},{"id":85,"fraccion":0},{"id":86,"fraccion":0},{"id":87,"fraccion":0},{"id":88,"fraccion":0},{"id":89,"fraccion":1},{"id":90,"fraccion":1},{"id":91,"fraccion":0},{"id":92,"fraccion":0},{"id":93,"fraccion":0},{"id":94,"fraccion":0},{"id":95,"fraccion":0},{"id":96,"fraccion":0},{"id":97,"fraccion":0},{"id":98,"fraccion":0},{"id":99,"fraccion":0},{"id":100,"fraccion":0},{"id":101,"fraccion":0},{"id":102,"fraccion":1},{"id":103,"fraccion":0},{"id":104,"fraccion":0},{"id":105,"fraccion":1},{"id":106,"fraccion":0},{"id":107,"fraccion":0},{"id":108,"fraccion":0},{"id":109,"fraccion":0},{"id":110,"fraccion":0},{"id":111,"fraccion":0},{"id":112,"fraccion":0},{"id":113,"fraccion":0},{"id":114,"fraccion":0},{"id":115,"fraccion":0},{"id":116,"fraccion":0},{"id":117,"fraccion":1},{"id":118,"fraccion":1},{"id":901,"fraccion":1}]}],"cumulos":[{"id":0,"tipo":0,"secciones":[1745,1746,1747]},{"id":1,"tipo":2,"secciones":[1,2,3,4,5,6]},{"id":2,"tipo":2,"secciones":[7,8,9,10,11,12,13,14,15,16,17,18,19,20]},{"id":3,"tipo":2,"secciones":[32,33,34,21,22,23,24,25,26,27,28,29,30,31]},{"id":4,"tipo":2,"secciones":[64,65,66,67,54,55,56,57,58,59,60,61,62,63]},{"id":5,"tipo":2,"secciones":[80,82,84,85,72,73,74,75,76,77,78,79]},{"id":6,"tipo":2,"secciones":[88,89,90,91,92,93,94,95,96,97,98,99,100,101,102,103,104,105,106,107,108,109,110,111,112]},{"id":7,"tipo":2,"secciones":[113,114,115]},{"id":8,"tipo":2,"secciones":[128,129,116,117,118,119,120,121,122,123,124,125,126,127]},{"id":9,"tipo":2,"secciones":[130,131,132,133,134,135,136,137,138,139,140,141,142,143]},{"id":10,"tipo":3,"secciones":[163,164,165,166,167,168,169,170,171,172,173,174,175,176,177,178,1778,179,1779,180,1780,181,1781,182,1782,183,1783,184,1784,185,1785]},{"id":11,"tipo":2,"secciones":[197,198,199,200,201,202,203,204,205,206,207,208,209,210,211,212,213,214,215,216,217,218,219,220,221,222,223,224,225,226,227,228,229,230,231,232,233]},{"id":12,"tipo":2,"secciones":[234,235,236,237,238]},{"id":13,"tipo":2,"secciones":[256,257,258,259,260,261,262,263,264,265,266,267,268,269,270,271,272,273,274,275,276,277,278,279,280,281,282,283,284,285,286,287,288,289,290,291,292,239,240,241,242,243,244,245,246,247,248,249,250,251,252,253,254,255]},{"id":14,"tipo":2,"secciones":[293,294,295,296,297,298,299,300,301,302,303,304,305,306,307,308,309,310,311,312,313,314,315,316]},{"id":15,"tipo":2,"secciones":[320,321,322,323,324,325,326,327,328,329,330,317,318,319]},{"id":16,"tipo":2,"secciones":[433,434,435]},{"id":17,"tipo":2,"secciones":[436,437,438]},{"id":18,"tipo":2,"secciones":[448,449,450,451,452,453,454,455,439,440,441,442,443,444,445,446,447]},{"id":19,"tipo":2,"secciones":[489,490,491,492,493,494,495,496,497,498,499,500,501]},{"id":20,"tipo":2,"secciones":[512,513,514,515,516,517,518,519,520,521,522,523,524,525,526,527,528,529,530,531,504,505,506,507,508,509,510,511]},{"id":21,"tipo":2,"secciones":[532,533,534,535,536]},{"id":22,"tipo":2,"secciones":[537,538,539]},{"id":23,"tipo":2,"secciones":[544,545,546,547,548,549,550,551,552,553,554,555,540,541,542,543]},{"id":24,"tipo":2,"secciones":[577,578,579,580,581,582,583,584,585,586,587,588,589,590,591,592,593,594,595,596,597,598,599,600,601]},{"id":25,"tipo":2,"secciones":[608,609,610,611,612,613,614,615,616,602,603,604,605,606,607]},{"id":26,"tipo":2,"secciones":[624,625,626,621,622,623]},{"id":27,"tipo":2,"secciones":[627,628,629,630,631,632,633,634,635]},{"id":28,"tipo":2,"secciones":[636,637]},{"id":29,"tipo":2,"secciones":[640,641,642,643,644,645,646,647,648,649,650,651,652,653,654,655,656,657,658,659,660,661,638,639]},{"id":30,"tipo":2,"secciones":[704,705,706,707,708,709,710,711,712,713,714,715,716,717,697,698,699,700,701,702,703]},{"id":31,"tipo":2,"secciones":[760,761,762,763,764]},{"id":32,"tipo":2,"secciones":[768,769,770,771,772,773,774,775,776,777,778,779,765,766,767]},{"id":33,"tipo":2,"secciones":[780,781]},{"id":34,"tipo":2,"secciones":[787,788,789,790,791,792,793,794,795,796,797,798,799,800,801,802,803,804,805,806,807,808,809,810,811,812,813]},{"id":35,"tipo":2,"secciones":[896,897,898,899,900,901,902,903,904,905,906,907,908,909,910,911,912,885,886,887,888,889,890,891,892,893,894,895]},{"id":36,"tipo":2,"secciones":[913,914,915,916,917,918,919,920,921,922]},{"id":37,"tipo":2,"secciones":[923,924]},{"id":38,"tipo":3,"secciones":[1052,669,1053,670,1054,671,1055,672,1056,673,1057,674,1058,675,1059,676,1060,677,1061,678,1062,679,1063,680,1064,681,1065,1066,1067,1068,1069,990,991,992,993,994,995,996,997,998,999,1000,1001,1002,1003,1004,1005,1006,1007]},{"id":39,"tipo":2,"secciones":[1024,1025,1026,1027,1028,1029,1030,1031,1032,1033,1008,1009,1010,1011,1012,1013,1014,1015,1016,1017,1018,1019,1020,1021,1022,1023]},{"id":40,"tipo":2,"secciones":[1034,1035,1036,1037,1038]},{"id":41,"tipo":2,"secciones":[1072,1073,1074,1075,1076,1077,1078,1079,1080,1081,1070,1071]},{"id":42,"tipo":2,"secciones":[1165,1166,1167,1168,1169,1170,1171,1172,1173,1174,1175,1176,1177]},{"id":43,"tipo":2,"secciones":[1187,1188]},{"id":44,"tipo":2,"secciones":[1189,1190,1191,1192,1193,1194,1195,1196,1197,1198,1199,1200,1201,1202,1203,1204,1205,1206]},{"id":45,"tipo":2,"secciones":[1232,1226,1227,1228,1229,1230,1231]},{"id":46,"tipo":2,"secciones":[1233,1234,1235]},{"id":47,"tipo":2,"secciones":[1240,1241,1242,1243,1244,1245,1246]},{"id":48,"tipo":2,"secciones":[1248,1249,1250,1251,1252,1253,1254,1255,1256,1257,1258,1259,1260,1261,1262,1263,1247]},{"id":49,"tipo":2,"secciones":[1411,1412,1413,1414,1415,1416,1417,1418,1419,1420,1421,1422,1423,1424,1425,1426,1427,1428,1429,1430,1431,1432,1433,1434,1435,1436,1437]},{"id":50,"tipo":2,"secciones":[1486,1487,1488,1489,1490,1491,1492,1493,1494,1495,1496,1497,1498,1499,1500,1501,1502,1503,1504,1505,1506,1507,1508,1509,1510,1511,1512,1513,1514,1515,1516,1517,1518,1519,1520,1521,1522,1523,1524,1525,1526,1527,1528,1529]},{"id":51,"tipo":2,"secciones":[1530,1531]},{"id":52,"tipo":2,"secciones":[1536,1537,1538,1539,1540,1541,1542,1543,1544,1545,1546,1547,1548,1549,1550,1551,1552,1553,1554,1555,1556,1557,1558,1559,1560,1561,1562,1563,1564,1565,1566,1567,1532,1533,1534,1535]},{"id":53,"tipo":2,"secciones":[1600,1601,1580,1581,1582,1583,1584,1585,1586,1587,1588,1589,1590,1591,1592,1593,1594,1595,1596,1597,1598,1599]},{"id":54,"tipo":2,"secciones":[1760,1761,1762,1763,1764,1765,1766,1767,1768,1769,1770,1755,1756,1757,1758,1759]},{"id":55,"tipo":2,"secciones":[1776,1777,1771,1772,1773,1774,1775]},{"id":56,"tipo":2,"secciones":[1792,1793,1794,1795,1796,1797,1798,1799,1800,1801,1802,1803,1804,1805,1806,1807,1808,1809,1810,1811,1786,1787,1788,1789,1790,1791]},{"id":57,"tipo":2,"secciones":[1824,1825,1826,1827,1812,1813,1814,1815,1816,1817,1818,1819,1820,1821,1822,1823]},{"id":58,"tipo":2,"secciones":[81,83,86,87]},{"id":59,"tipo":3,"secciones":[2048,1396,1397,1398,2047]},{"id":60,"tipo":3,"secciones":[1369,1370]},{"id":61,"tipo":3,"secciones":[1344,1350]},{"id":62,"tipo":2,"secciones":[456,457,458,459,460,461,462,463,464,465,466,467,468,469,470,471,472,473,474,475,476,477,478,479,480,481,482,483,484,485,486,487,488]},{"id":63,"tipo":2,"secciones":[1902,1903,1904,1905,1906,1907,1908,1909,1910,1911,1912,1913,1914]},{"id":64,"tipo":2,"secciones":[977,978,979,980,981,982,983,984]},{"id":65,"tipo":2,"secciones":[1222,1223,1224,1225]},{"id":66,"tipo":2,"secciones":[1184,1185,1186,1178,1179,1180,1181,1182,1183]},{"id":67,"tipo":2,"secciones":[928,929,930,931,932,933,934,935,936,937,938,939,940,941,942,943,925,926,927]},{"id":68,"tipo":2,"secciones":[35,36,37,38,39,40,41,42,43]},{"id":69,"tipo":2,"secciones":[880,873,875,876,877]},{"id":70,"tipo":2,"secciones":[867,868,869,874,878,879]},{"id":71,"tipo":3,"secciones":[944,945,946,947,692,948,693,949,694,950,695,951,696,952,953,186,954,187,955,188,956,189,957,190,958,191,959,192,960,193,961,194,962,195,963,196,964,965,966,967,968,969,970,971,972,973,974,975,976]},{"id":72,"tipo":2,"secciones":[1092,1093,1094,1095,1096,1097,1098,1099,1100,1101,1102,1103,1104,1105,1106,1107,1108,1109,1110,1111,1112]},{"id":73,"tipo":2,"secciones":[1568,1569,1570,1571,1572,1573,1574,1575,1576,1577,1578,1579]},{"id":74,"tipo":2,"secciones":[1472,1473,1474,1475,1476,1477,1478,1479,1480,1481,1482,1483,1484,1485,1464,1465,1466,1467,1468,1469,1470,1471]},{"id":75,"tipo":2,"secciones":[1088,1089,1090,1091,1082,1083,1084,1085,1086,1087]},{"id":76,"tipo":2,"secciones":[560,561,562,563,564,565,556,557,558,559]},{"id":77,"tipo":2,"secciones":[48,49,50,51,52,53,44,45,46,47]},{"id":78,"tipo":2,"secciones":[617,618,619,620]},{"id":79,"tipo":2,"secciones":[1040,1041,1042,1043,1044,1045,1046,1047,1048,1039]},{"id":80,"tipo":2,"secciones":[1216,1217,1218,1219,1220,1221,1207,1208,1209,1210,1211,1212,1214,1215]},{"id":81,"tipo":2,"secciones":[662,663,664,665,666,667,668]},{"id":82,"tipo":2,"secciones":[688,689,690,691,682,683,684,686,687]},{"id":83,"tipo":2,"secciones":[160,161,162,155,156,157,158,159]},{"id":84,"tipo":2,"secciones":[331,332,333,334,335]},{"id":85,"tipo":2,"secciones":[384,385,386,387,388,389,390,391,392,393,394,395,396,397,400,401]},{"id":86,"tipo":2,"secciones":[398,399]},{"id":87,"tipo":2,"secciones":[784,785,786,782,783]},{"id":88,"tipo":2,"secciones":[1152,1153,1154,1155,1156,1157,1158,1159,1160,1161,1162,1163,1113,1114,1115,1116,1117,1118,1119,1120,1121,1122,1123,1124,1125,1126,1127,1128,1129,1130,1131,1132,1133,1134,1135,1136,1137,1138,1139,1140,1141,1142,1143,1144,1145,1146,1147,1148,1149,1150,1151]},{"id":89,"tipo":2,"secciones":[985,986,987,988,989]},{"id":90,"tipo":2,"secciones":[1404,1405]},{"id":91,"tipo":2,"secciones":[882,883,884]},{"id":92,"tipo":2,"secciones":[381,382,383]},{"id":93,"tipo":2,"secciones":[502,503]},{"id":94,"tipo":2,"secciones":[1408,1409,1410,1406,1407]},{"id":95,"tipo":2,"secciones":[1049,1050,1051]},{"id":96,"tipo":2,"secciones":[1236,1237,1238,1239]},{"id":97,"tipo":2,"secciones":[144,145,146,147,148,149,150,151,152,153,154]},{"id":98,"tipo":2,"secciones":[1920,1921,1922,1923,1924,1925,1926,1927,1928,1929,1915,1916,1917,1918,1919]},{"id":99,"tipo":2,"secciones":[336,337,338,339,340,341,342,343,344,345,346,347,348,349,350,351,352,353,354,355,356,357,358,359,360,361,362,363,364,365,366,367,368,369,370,371,372,373,374]},{"id":100,"tipo":2,"secciones":[576,566,567,568,569,570,571,572,573,574,575]},{"id":101,"tipo":2,"secciones":[1456,1457,1458,1459,1460,1461,1462,1463,1454,1455]},{"id":102,"tipo":2,"secciones":[1440,1441,1442,1443,1444,1445,1446,1447,1448,1449,1450,1451,1452,1453,1438,1439]},{"id":103,"tipo":2,"secciones":[756,757,758,747,748]},{"id":104,"tipo":2,"secciones":[718,719,720,721,722,723,724,725,726,727,728,729,730,731,732,733,734,735,736,737,738,739,740,741,742,743,744,745,746,749,750,751,752,753,754,755,759]},{"id":105,"tipo":2,"secciones":[1828,1829,1830,1831,1832,1833,1834,1835,1836,1837,1838,1839,1840,1841,1842,1843,1844,1845,1846,1847,1848,1849,1850,1851,1852,1853,1854,1855]},{"id":106,"tipo":3,"secciones":[432,431]},{"id":107,"tipo":2,"secciones":[375,376,377,378,379,380]},{"id":108,"tipo":2,"secciones":[68,69,70,71]},{"id":109,"tipo":2,"secciones":[1856,1857,1858,1859,1860,1861,1862,1863,1864,1865,1866,1867,1868,1869,1870,1871,1872,1873,1874,1875,1876,1877,1878,1879,1880,1881,1882,1883,1884,1885,1886,1887,1888,1889,1890,1891,1892,1893,1894,1895,1896,1897,1898,1899,1900,1901]}],"separados":[{"id":0,"municipio1":8,"municipio2":51,"tiempo":277.0000,"tiempopromedio":51.1200,"desviacion":47.5921},{"id":1,"municipio1":20,"municipio2":51,"tiempo":298.0000,"tiempopromedio":51.1200,"desviacion":47.5921},{"id":2,"municipio1":20,"municipio2":84,"tiempo":213.0000,"tiempopromedio":51.1200,"desviacion":47.5921},{"id":3,"municipio1":20,"municipio2":69,"tiempo":269.0000,"tiempopromedio":51.1200,"desviacion":47.5921},{"id":4,"municipio1":20,"municipio2":30,"tiempo":203.0000,"tiempopromedio":51.1200,"desviacion":47.5921},{"id":5,"municipio1":51,"municipio2":116,"tiempo":251.0000,"tiempopromedio":51.1200,"desviacion":47.5921}],"distritos":[{"d":1,"dinx":1,"des":[{"mu":37,"s":[544,545,546,547,548,549,550,551,552,553,554,555,540,541,542,543]},{"mu":40,"s":[577,578,579,580,581,582,583,584,585,586,587,588,589,590,591,592,593,594,595,596,597,598,599,600,601]},{"mu":54,"s":[768,769,770,771,772,773,774,775,776,777,778,779,765,766,767]},{"mu":90,"s":[1363,1364,1365,1366,1367,1368,1371,1372,1373,1376,1377,1378,1379,1380,1381,1382,1383,1384,1385,1387,1388,1389,1390,1391,1392,1393,1399,1400,2048,1396,1397,1398,2047,1982,2002,2005,2006,2007,2008,2009,2010,2011]}],"p":[{"t":1, "v":"191925"},{"t":4, "v":"00:26"},{"t":5, "v":"-3.97"},{"t":6, "v":"-7933"},{"t":7, "v":"0.070016"},{"t":8, "v":"0.497125"}]},{"d":2,"dinx":2,"des":[{"mu":2,"s":[7,8,9,10,11,12,13,14,15,16,17,18,19,20]},{"mu":27,"s":[402,403,404,405,406,407,408,409,410,411,412,413,414,415,416,417,418,419,420,421,422,423,424,425,426,427,428,429,430,432,431]},{"mu":28,"s":[433,434,435]},{"mu":58,"s":[814]},{"mu":80,"s":[1187,1188]},{"mu":98,"s":[1530,1531]},{"mu":106,"s":[1792,1793,1794,1795,1796,1797,1798,1799,1800,1801,1802,1803,1804,1805,1806,1807,1808,1809,1810,1811,1786,1787,1788,1789,1790,1791]}],"p":[{"t":1, "v":"201297"},{"t":4, "v":"00:40"},{"t":5, "v":"0.72"},{"t":6, "v":"1439"},{"t":7, "v":"0.002306"},{"t":8, "v":"0.521312"}]},{"d":3,"dinx":3,"des":[{"mu":1,"s":[1,2,3,4,5,6]},{"mu":3,"s":[32,33,34,21,22,23,24,25,26,27,28,29,30,31]},{"mu":32,"s":[489,490,491,492,493,494,495,496,497,498,499,500,501]},{"mu":51,"s":[704,705,706,707,708,709,710,711,712,713,714,715,716,717,697,698,699,700,701,702,703]},{"mu":69,"s":[1024,1025,1026,1027,1028,1029,1030,1031,1032,1033,1008,1009,1010,1011,1012,1013,1014,1015,1016,1017,1018,1019,1020,1021,1022,1023]},{"mu":107,"s":[1824,1825,1826,1827,1812,1813,1814,1815,1816,1817,1818,1819,1820,1821,1822,1823]}],"p":[{"t":1, "v":"196433"},{"t":4, "v":"00:27"},{"t":5, "v":"-1.71"},{"t":6, "v":"-3425"},{"t":7, "v":"0.013049"},{"t":8, "v":"0.237190"}]},{"d":4,"dinx":4,"des":[{"mu":4,"s":[35,36,37,38,39,40,41,42,43]},{"mu":7,"s":[68,69,70,71]},{"mu":24,"s":[375,376,377,378,379,380]},{"mu":52,"s":[718,719,720,721,722,723,724,725,726,727,728,729,730,731,732,733,734,735,736,737,738,739,740,741,742,743,744,745,746,749,750,751,752,753,754,755,759]},{"mu":64,"s":[928,929,930,931,932,933,934,935,936,937,938,939,940,941,942,943,925,926,927]},{"mu":114,"s":[756,757,758,747,748]}],"p":[{"t":1, "v":"214192"},{"t":4, "v":"01:32"},{"t":5, "v":"7.17"},{"t":6, "v":"14334"},{"t":7, "v":"0.228634"},{"t":8, "v":"0.667837"}]},{"d":5,"dinx":5,"des":[{"mu":5,"s":[48,49,50,51,52,53,44,45,46,47]},{"mu":25,"s":[381,382,383]},{"mu":33,"s":[502,503]},{"mu":42,"s":[617,618,619,620]},{"mu":43,"s":[624,625,626,621,622,623]},{"mu":45,"s":[636,637]},{"mu":48,"s":[669,670,671,672,673,674,675,676,677,678,679,680,681]},{"mu":62,"s":[913,914,915,916,917,918,919,920,921,922]},{"mu":68,"s":[990,991,992,993,994,995,996,997,998,999,1000,1001,1002,1003,1004,1005,1006,1007]},{"mu":73,"s":[1052,1053,1054,1055,1056,1057,1058,1059,1060,1061,1062,1063,1064,1065,1066,1067,1068,1069]},{"mu":85,"s":[1233,1234,1235]},{"mu":89,"s":[1264]}],"p":[{"t":1, "v":"180039"},{"t":4, "v":"01:03"},{"t":5, "v":"-9.92"},{"t":6, "v":"-19819"},{"t":7, "v":"0.437037"},{"t":8, "v":"0.488887"}]},{"d":6,"dinx":6,"des":[{"mu":6,"s":[64,65,66,67,54,55,56,57,58,59,60,61,62,63]},{"mu":34,"s":[512,513,514,515,516,517,518,519,520,521,522,523,524,525,526,527,528,529,530,531,504,505,506,507,508,509,510,511]},{"mu":41,"s":[608,609,610,611,612,613,614,615,616,602,603,604,605,606,607]},{"mu":99,"s":[1536,1537,1538,1539,1540,1541,1542,1543,1544,1545,1546,1547,1548,1549,1550,1551,1552,1553,1554,1555,1556,1557,1558,1559,1560,1561,1562,1563,1564,1565,1566,1567,1532,1533,1534,1535]}],"p":[{"t":1, "v":"210553"},{"t":4, "v":"01:05"},{"t":5, "v":"5.35"},{"t":6, "v":"10695"},{"t":7, "v":"0.127285"},{"t":8, "v":"0.505796"}]},{"d":7,"dinx":7,"des":[{"mu":19,"s":[256,257,258,259,260,261,262,263,264,265,266,267,268,269,270,271,272,273,274,275,276,277,278,279,280,281,282,283,284,285,286,287,288,289,290,291,292,239,240,241,242,243,244,245,246,247,248,249,250,251,252,253,254,255]},{"mu":74,"s":[1072,1073,1074,1075,1076,1077,1078,1079,1080,1081,1070,1071]},{"mu":84,"s":[1232,1226,1227,1228,1229,1230,1231]},{"mu":104,"s":[1776,1777,1771,1772,1773,1774,1775]}],"p":[{"t":1, "v":"197158"},{"t":4, "v":"00:33"},{"t":5, "v":"-1.35"},{"t":6, "v":"-2700"},{"t":7, "v":"0.008109"},{"t":8, "v":"0.403488"}]},{"d":8,"dinx":8,"des":[{"mu":8,"s":[80,82,84,85,72,73,74,75,76,77,78,79]},{"mu":20,"s":[293,294,295,296,297,298,299,300,301,302,303,304,305,306,307,308,309,310,311,312,313,314,315,316]},{"mu":81,"s":[1189,1190,1191,1192,1193,1194,1195,1196,1197,1198,1199,1200,1201,1202,1203,1204,1205,1206]},{"mu":108,"s":[1828,1829,1830,1831,1832,1833,1834,1835,1836,1837,1838,1839,1840,1841,1842,1843,1844,1845,1846,1847,1848,1849,1850,1851,1852,1853,1854,1855]},{"mu":116,"s":[81,83,86,87]}],"p":[{"t":1, "v":"189347"},{"t":4, "v":"02:01"},{"t":5, "v":"-5.26"},{"t":6, "v":"-10511"},{"t":7, "v":"0.122920"},{"t":8, "v":"0.536107"}]},{"d":9,"dinx":9,"des":[{"mu":9,"s":[88,89,90,91,92,93,94,95,96,97,98,99,100,101,102,103,104,105,106,107,108,109,110,111,112]},{"mu":97,"s":[1486,1487,1488,1489,1490,1491,1492,1493,1494,1495,1496,1497,1498,1499,1500,1501,1502,1503,1504,1505,1506,1507,1508,1509,1510,1511,1512,1513,1514,1515,1516,1517,1518,1519,1520,1521,1522,1523,1524,1525,1526,1527,1528,1529]},{"mu":109,"s":[1856,1857,1858,1859,1860,1861,1862,1863,1864,1865,1866,1867,1868,1869,1870,1871,1872,1873,1874,1875,1876,1877,1878,1879,1880,1881,1882,1883,1884,1885,1886,1887,1888,1889,1890,1891,1892,1893,1894,1895,1896,1897,1898,1899,1900,1901]}],"p":[{"t":1, "v":"222779"},{"t":4, "v":"01:22"},{"t":5, "v":"11.47"},{"t":6, "v":"22921"},{"t":7, "v":"0.584605"},{"t":8, "v":"0.504581"}]},{"d":10,"dinx":10,"des":[{"mu":10,"s":[113,114,115]},{"mu":11,"s":[128,129,116,117,118,119,120,121,122,123,124,125,126,127]},{"mu":30,"s":[448,449,450,451,452,453,454,455,439,440,441,442,443,444,445,446,447]},{"mu":36,"s":[537,538,539]},{"mu":53,"s":[760,761,762,763,764]},{"mu":57,"s":[787,788,789,790,791,792,793,794,795,796,797,798,799,800,801,802,803,804,805,806,807,808,809,810,811,812,813]},{"mu":70,"s":[1034,1035,1036,1037,1038]},{"mu":103,"s":[1760,1761,1762,1763,1764,1765,1766,1767,1768,1769,1770,1755,1756,1757,1758,1759]}],"p":[{"t":1, "v":"185787"},{"t":4, "v":"00:57"},{"t":5, "v":"-7.04"},{"t":6, "v":"-14071"},{"t":7, "v":"0.220290"},{"t":8, "v":"0.738445"}]},{"d":11,"dinx":11,"des":[{"mu":12,"s":[130,131,132,133,134,135,136,137,138,139,140,141,142,143]},{"mu":18,"s":[234,235,236,237,238]},{"mu":21,"s":[320,321,322,323,324,325,326,327,328,329,330,317,318,319]},{"mu":29,"s":[436,437,438]},{"mu":44,"s":[627,628,629,630,631,632,633,634,635]},{"mu":60,"s":[882,883,884]},{"mu":63,"s":[923,924]},{"mu":78,"s":[1165,1166,1167,1168,1169,1170,1171,1172,1173,1174,1175,1176,1177]},{"mu":86,"s":[1236,1237,1238,1239]},{"mu":93,"s":[1411,1412,1413,1414,1415,1416,1417,1418,1419,1420,1421,1422,1423,1424,1425,1426,1427,1428,1429,1430,1431,1432,1433,1434,1435,1436,1437]}],"p":[{"t":1, "v":"201860"},{"t":4, "v":"00:55"},{"t":5, "v":"1.00"},{"t":6, "v":"2002"},{"t":7, "v":"0.004462"},{"t":8, "v":"0.759443"}]},{"d":12,"dinx":12,"des":[{"mu":13,"s":[144,145,146,147,148,149,150,151,152,153,154]},{"mu":14,"s":[160,161,162,155,156,157,158,159]},{"mu":47,"s":[662,663,664,665,666,667,668]},{"mu":49,"s":[688,689,690,691,682,683,684,686,687]},{"mu":67,"s":[985,986,987,988,989]},{"mu":71,"s":[1040,1041,1042,1043,1044,1045,1046,1047,1048,1039]},{"mu":72,"s":[1049,1050,1051]},{"mu":82,"s":[1216,1217,1218,1219,1220,1221,1207,1208,1209,1210,1211,1212,1214,1215]},{"mu":91,"s":[1404,1405]},{"mu":92,"s":[1408,1409,1410,1406,1407]},{"mu":117,"s":[1213]}],"p":[{"t":1, "v":"199868"},{"t":4, "v":"00:50"},{"t":5, "v":"0.01"},{"t":6, "v":"10"},{"t":7, "v":"0.000000"},{"t":8, "v":"0.563862"}]},{"d":13,"dinx":13,"des":[{"mu":90,"s":[1268,1269,1270,1271,1272,1273,1274,1275,1276,1277,1278,1279,1280,1281,1282,1283,1284,1285,1286,1287,1288,1289,1290,1291,1292,1293,1294,1295,1296,1297,1298,1299,1300,1301,1302,1303,1304,1305,1306,1307,1308,1309,1310,1311,1312,1313,1314,1315,1316,1317,1318,1319,1320,1321,1322,1323,1324,1325,1326,1327,1328,1329,1330,1331,1332,1333,1334,1335,1336,1337,1338,1339,1340,1341,1342,1343,1386,1976,1977,1978,1979,1980,1981,1983,1984,1985,1986,1987,1988,1989,1990,1991,1992,1993,1994,1995,1996,1997,1998,1999,2000,2001,2003,2004]}],"p":[{"t":1, "v":"194133"},{"t":4, "v":"00:00"},{"t":5, "v":"-2.86"},{"t":6, "v":"-5725"},{"t":7, "v":"0.036463"},{"t":8, "v":"0.315326"}]},{"d":14,"dinx":14,"des":[{"mu":16,"s":[186,187,188,189,190,191,192,193,194,195,196]},{"mu":50,"s":[692,693,694,695,696]},{"mu":65,"s":[944,945,946,947,948,949,950,951,952,953,954,955,956,957,958,959,960,961,962,963,964,965,966,967,968,969,970,971,972,973,974,975,976]},{"mu":76,"s":[1092,1093,1094,1095,1096,1097,1098,1099,1100,1101,1102,1103,1104,1105,1106,1107,1108,1109,1110,1111,1112]}],"p":[{"t":1, "v":"188936"},{"t":4, "v":"00:48"},{"t":5, "v":"-5.46"},{"t":6, "v":"-10922"},{"t":7, "v":"0.132721"},{"t":8, "v":"0.636930"}]},{"d":15,"dinx":15,"des":[{"mu":22,"s":[331,332,333,334,335]},{"mu":23,"s":[336,337,338,339,340,341,342,343,344,345,346,347,348,349,350,351,352,353,354,355,356,357,358,359,360,361,362,363,364,365,366,367,368,369,370,371,372,373,374]},{"mu":26,"s":[384,385,386,387,388,389,390,391,392,393,394,395,396,397,400,401]},{"mu":39,"s":[576,566,567,568,569,570,571,572,573,574,575]},{"mu":56,"s":[784,785,786,782,783]},{"mu":66,"s":[977,978,979,980,981,982,983,984]},{"mu":111,"s":[1920,1921,1922,1923,1924,1925,1926,1927,1928,1929,1915,1916,1917,1918,1919]},{"mu":112,"s":[398,399]},{"mu":118,"s":[685]}],"p":[{"t":1, "v":"228225"},{"t":4, "v":"00:42"},{"t":5, "v":"14.19"},{"t":6, "v":"28367"},{"t":7, "v":"0.895403"},{"t":8, "v":"0.865617"}]},{"d":16,"dinx":16,"des":[{"mu":102,"s":[1621,1622,1623,1624,1625,1626,1627,1655,1656,1657,1658,1659,1660,1661,1662,1663,1664,1665,1666,1681,1682,1683,1684,1685,1686,1687,1688,1689,1690,1691,1692,1693,1712,1713,1714,1715,1716,1717,1718,1719,1720,1721,1728,1729,1730,1742,1743,1750,1751,1752,1754,1957,1960,1961,1962,1963,1964,1965,1966,1967,1968,1969,1970,1971,1972,1973,1974,1975,2012,2013,2014,2015,2016,2017,2018,2019,2020,2021,2022,2023,2024,2025,2026,2027,2028,2029,2030,2031,2032,2033,2034,2035,2036,2037,2038,2039,2040,2041,2042,2043,2044,2045,2046]}],"p":[{"t":1, "v":"192212"},{"t":4, "v":"00:00"},{"t":5, "v":"-3.83"},{"t":6, "v":"-7646"},{"t":7, "v":"0.065041"},{"t":8, "v":"0.186032"}]},{"d":17,"dinx":17,"des":[{"mu":31,"s":[456,457,458,459,460,461,462,463,464,465,466,467,468,469,470,471,472,473,474,475,476,477,478,479,480,481,482,483,484,485,486,487,488]},{"mu":59,"s":[821,837,838,839,840,843]},{"mu":79,"s":[1184,1185,1186,1178,1179,1180,1181,1182,1183]},{"mu":83,"s":[1222,1223,1224,1225]},{"mu":94,"s":[1440,1441,1442,1443,1444,1445,1446,1447,1448,1449,1450,1451,1452,1453,1438,1439]}],"p":[{"t":1, "v":"208279"},{"t":4, "v":"00:59"},{"t":5, "v":"4.21"},{"t":6, "v":"8421"},{"t":7, "v":"0.078914"},{"t":8, "v":"0.668976"}]},{"d":18,"dinx":18,"des":[{"mu":15,"s":[163,164,165,166,167,168,169,170,171,172,173,174,175,176,177,178,179,180,181,182,183,184,185]},{"mu":35,"s":[532,533,534,535,536]},{"mu":55,"s":[780,781]},{"mu":88,"s":[1248,1249,1250,1251,1252,1253,1254,1255,1256,1257,1258,1259,1260,1261,1262,1263,1247]},{"mu":90,"s":[1265,1266,1267,1345,1346,1347,1348,1349,1351,1352,1353,1354,1355,1356,1357,1358,1359,1360,1361,1362,1374,1375,1369,1370,1344,1350]},{"mu":101,"s":[1600,1601,1580,1581,1582,1583,1584,1585,1586,1587,1588,1589,1590,1591,1592,1593,1594,1595,1596,1597,1598,1599]},{"mu":105,"s":[1778,1779,1780,1781,1782,1783,1784,1785]}],"p":[{"t":1, "v":"193896"},{"t":4, "v":"00:27"},{"t":5, "v":"-2.98"},{"t":6, "v":"-5962"},{"t":7, "v":"0.039545"},{"t":8, "v":"0.550760"}]},{"d":19,"dinx":19,"des":[{"mu":38,"s":[560,561,562,563,564,565,556,557,558,559]},{"mu":75,"s":[1088,1089,1090,1091,1082,1083,1084,1085,1086,1087]},{"mu":96,"s":[1472,1473,1474,1475,1476,1477,1478,1479,1480,1481,1482,1483,1484,1485,1464,1465,1466,1467,1468,1469,1470,1471]},{"mu":100,"s":[1568,1569,1570,1571,1572,1573,1574,1575,1576,1577,1578,1579]},{"mu":110,"s":[1902,1903,1904,1905,1906,1907,1908,1909,1910,1911,1912,1913,1914]}],"p":[{"t":1, "v":"186415"},{"t":4, "v":"01:10"},{"t":5, "v":"-6.73"},{"t":6, "v":"-13443"},{"t":7, "v":"0.201065"},{"t":8, "v":"0.412993"}]},{"d":20,"dinx":20,"des":[{"mu":17,"s":[197,198,199,200,201,202,203,204,205,206,207,208,209,210,211,212,213,214,215,216,217,218,219,220,221,222,223,224,225,226,227,228,229,230,231,232,233]},{"mu":46,"s":[640,641,642,643,644,645,646,647,648,649,650,651,652,653,654,655,656,657,658,659,660,661,638,639]},{"mu":61,"s":[896,897,898,899,900,901,902,903,904,905,906,907,908,909,910,911,912,885,886,887,888,889,890,891,892,893,894,895]}],"p":[{"t":1, "v":"197081"},{"t":4, "v":"00:29"},{"t":5, "v":"-1.39"},{"t":6, "v":"-2777"},{"t":7, "v":"0.008578"},{"t":8, "v":"0.376853"}]},{"d":21,"dinx":21,"des":[{"mu":59,"s":[815,816,817,818,819,820,822,823,824,825,826,827,828,829,830,831,832,833,834,835,836,841,842,844,845,846,847,848,849,850,851,852,853,854,855,856,857,858,859,860,861,862,863,864,865,866,870,871,872,881]},{"mu":113,"s":[867,868,869,874,878,879]},{"mu":115,"s":[880,873,875,876,877]}],"p":[{"t":1, "v":"210645"},{"t":4, "v":"02:35"},{"t":5, "v":"5.40"},{"t":6, "v":"10787"},{"t":7, "v":"0.129485"},{"t":8, "v":"0.499589"}]},{"d":22,"dinx":22,"des":[{"mu":77,"s":[1152,1153,1154,1155,1156,1157,1158,1159,1160,1161,1162,1163,1113,1114,1115,1116,1117,1118,1119,1120,1121,1122,1123,1124,1125,1126,1127,1128,1129,1130,1131,1132,1133,1134,1135,1136,1137,1138,1139,1140,1141,1142,1143,1144,1145,1146,1147,1148,1149,1150,1151]},{"mu":95,"s":[1456,1457,1458,1459,1460,1461,1462,1463,1454,1455]},{"mu":901,"s":[1164]}],"p":[{"t":1, "v":"222509"},{"t":4, "v":"00:27"},{"t":5, "v":"11.33"},{"t":6, "v":"22651"},{"t":7, "v":"0.570914"},{"t":8, "v":"0.493483"}]},{"d":23,"dinx":23,"des":[{"mu":87,"s":[1240,1241,1242,1243,1244,1245,1246]},{"mu":102,"s":[1638,1639,1640,1641,1672,1673,1694,1695,1696,1697,1698,1699,1700,1701,1702,1703,1704,1705,1706,1707,1708,1709,1710,1711,1722,1723,1724,1725,1726,1727,1731,1732,1733,1734,1735,1736,1737,1738,1739,1740,1741,1748,1753,1745,1746,1747]}],"p":[{"t":1, "v":"192013"},{"t":4, "v":"00:28"},{"t":5, "v":"-3.93"},{"t":6, "v":"-7845"},{"t":7, "v":"0.068471"},{"t":8, "v":"0.220673"}]},{"d":24,"dinx":24,"des":[{"mu":102,"s":[1602,1603,1604,1605,1607,1608,1609,1610,1611,1612,1613,1614,1615,1616,1617,1618,1619,1620,1628,1629,1630,1631,1632,1633,1634,1635,1636,1637,1642,1643,1644,1645,1646,1647,1648,1649,1650,1651,1652,1653,1654,1667,1668,1669,1670,1671,1674,1675,1676,1677,1678,1679,1680,1749,1930,1931,1932,1933,1934,1935,1936,1937,1938,1939,1940,1941,1942,1943,1944,1945,1946,1947,1948,1949,1950,1951,1952,1953,1954,1955,1956,1958,1959]}],"p":[{"t":1, "v":"190998"},{"t":4, "v":"00:00"},{"t":5, "v":"-4.43"},{"t":6, "v":"-8860"},{"t":7, "v":"0.087336"},{"t":8, "v":"0.130213"}]}],"calificaciones":[{"t":"1","a":"1.0","p":"4.132650","sp":"4.132650"},{"t":"2","a":"0.5","p":"11.781516","sp":"23.563033"}],"total":{"p":15.914166,"sp":27.695683},"sellos":[{"n":"escenario","v":"md5"},{"n":"calificacion","v":"md5"},{"n":"municipios","v":"md5"},{"n":"secciones","v":"md5"},{"n":"tiemposmunicipios","v":"md5"}],"version":" 2016Local 2016"}