{"entidad":12,"partes":[{"id":0,"nombre":"ATLAMAJALCINGO DEL MONTE SUR","tipologia":3,"primerdistrito":0,"distritos":1,"municipios":[{"id":64,"fraccion":0},{"id":2,"fraccion":0},{"id":20,"fraccion":0},{"id":904,"fraccion":0},{"id":73,"fraccion":0},{"id":10,"fraccion":0},{"id":76,"fraccion":0}]},{"id":1,"nombre":"TAXCO DE ALARCON","tipologia":0,"primerdistrito":1,"distritos":1,"municipios":[{"id":50,"fraccion":0},{"id":56,"fraccion":0},{"id":61,"fraccion":0}]},{"id":2,"nombre":"ACAPULCO DE JUAREZ","tipologia":1,"primerdistrito":2,"distritos":7,"municipios":[{"id":1,"fraccion":1},{"id":21,"fraccion":0}]},{"id":3,"nombre":"CHILPANCINGO DE LOS BRAVO","tipologia":1,"primerdistrito":9,"distritos":2,"municipios":[{"id":29,"fraccion":1}]},{"id":4,"nombre":"CHILAPA DE ALVAREZ PONIENTE","tipologia":2,"primerdistrito":11,"distritos":1,"municipios":[{"id":902,"fraccion":1},{"id":28,"fraccion":0},{"id":77,"fraccion":0}]},{"id":5,"nombre":"AYUTLA DE LOS LIBRES","tipologia":6,"primerdistrito":12,"distritos":1,"municipios":[{"id":18,"fraccion":0},{"id":25,"fraccion":0},{"id":12,"fraccion":0},{"id":31,"fraccion":0}]},{"id":6,"nombre":"SAN LUIS ACATLAN SUR","tipologia":6,"primerdistrito":13,"distritos":3,"municipios":[{"id":66,"fraccion":0},{"id":34,"fraccion":0},{"id":67,"fraccion":1},{"id":4,"fraccion":0},{"id":37,"fraccion":1},{"id":901,"fraccion":1},{"id":5,"fraccion":0},{"id":70,"fraccion":0},{"id":903,"fraccion":1},{"id":71,"fraccion":0},{"id":9,"fraccion":0},{"id":42,"fraccion":0},{"id":44,"fraccion":1},{"id":13,"fraccion":0},{"id":78,"fraccion":0},{"id":46,"fraccion":0},{"id":79,"fraccion":0},{"id":80,"fraccion":0},{"id":81,"fraccion":0},{"id":53,"fraccion":0},{"id":23,"fraccion":0},{"id":24,"fraccion":0}]},{"id":7,"nombre":"OMETEPEC","tipologia":6,"primerdistrito":16,"distritos":1,"municipios":[{"id":72,"fraccion":0},{"id":47,"fraccion":0},{"id":63,"fraccion":0}]},{"id":8,"nombre":"TECOANAPA","tipologia":6,"primerdistrito":17,"distritos":1,"municipios":[{"id":54,"fraccion":0},{"id":40,"fraccion":0},{"id":57,"fraccion":0}]},{"id":9,"nombre":"TIXTLA DE GUERRERO","tipologia":6,"primerdistrito":18,"distritos":1,"municipios":[{"id":52,"fraccion":0},{"id":43,"fraccion":0},{"id":75,"fraccion":0},{"id":45,"fraccion":0},{"id":62,"fraccion":0}]},{"id":10,"nombre":"COYUCA DE CATALAN","tipologia":6,"primerdistrito":19,"distritos":1,"municipios":[{"id":3,"fraccion":0},{"id":22,"fraccion":0},{"id":55,"fraccion":0},{"id":74,"fraccion":0}]},{"id":11,"nombre":"AJUCHITLAN DEL PROGRESO","tipologia":6,"primerdistrito":20,"distritos":1,"municipios":[{"id":65,"fraccion":0},{"id":51,"fraccion":0},{"id":68,"fraccion":0},{"id":7,"fraccion":0},{"id":27,"fraccion":0}]},{"id":12,"nombre":"TELOLOAPAN","tipologia":6,"primerdistrito":21,"distritos":1,"municipios":[{"id":32,"fraccion":0},{"id":48,"fraccion":0},{"id":17,"fraccion":0},{"id":38,"fraccion":0},{"id":6,"fraccion":0},{"id":26,"fraccion":0},{"id":59,"fraccion":0}]},{"id":13,"nombre":"IGUALA DE LA INDEPENDENCIA","tipologia":1,"primerdistrito":22,"distritos":2,"municipios":[{"id":35,"fraccion":1},{"id":19,"fraccion":1},{"id":36,"fraccion":1},{"id":8,"fraccion":1},{"id":60,"fraccion":1},{"id":15,"fraccion":1}]},{"id":14,"nombre":"LEONARDO BRAVO","tipologia":6,"primerdistrito":24,"distritos":1,"municipios":[{"id":33,"fraccion":0},{"id":41,"fraccion":0},{"id":30,"fraccion":0}]},{"id":15,"nombre":"PETATLAN","tipologia":1,"primerdistrito":25,"distritos":3,"municipios":[{"id":16,"fraccion":1},{"id":49,"fraccion":1},{"id":69,"fraccion":1},{"id":39,"fraccion":1},{"id":58,"fraccion":1},{"id":11,"fraccion":0},{"id":14,"fraccion":0}]}],"cumulos":[{"id":0,"tipo":0,"secciones":[100,102,103,104,105,106,107,108,109]},{"id":1,"tipo":2,"secciones":[448,449,450,451,453,454,455,411,412,413,414,415,416,417,418,419,420,421,422,423,424,425,426,427,428,429,430,431,432,433,434,435,436,437,438,439,440,441,442,443,444,445,446,447]},{"id":2,"tipo":2,"secciones":[456,457,458,459,460,461,462,463,464,465,466,467,468,469,470,471,472,473]},{"id":3,"tipo":2,"secciones":[474,475,476,477,478]},{"id":4,"tipo":2,"secciones":[480,481,482,483,484,485,486,487,488,489,490,491,492,493,494,495,496,497,498,499,479]},{"id":5,"tipo":2,"secciones":[512,513,514,515,517,518,519,520,521,522,523,524,525,527,528,529,530,531,532,533,534,535,536,537,538,539,540,541,542,543,544,545,546,547,548,549,550,551,552,500,501,502,503,504,505,506,507,508,509,510,511]},{"id":6,"tipo":2,"secciones":[564,565,566,567,569,570,571,572]},{"id":7,"tipo":2,"secciones":[576,577,578,579,580,581,582,583,584,585,586,587,588,589,590,591,592,593,594,595,573,574,575]},{"id":8,"tipo":2,"secciones":[640,641,642,643,644,645,646,647,649,650,651,652,653,654,655,656,657,658,659,660,661,662,663,664,665,666,667,668,669,670,596,597,598,599,600,601,602,603,604,605,606,607,608,609,610,611,612,613,614,615,616,617,618,619,620,621,622,623,624,625,626,627,628,629,630,631,632,633,634,636,637,638,639]},{"id":9,"tipo":2,"secciones":[736,737,738,741,742,751,725,726,727,728,760,729,761,730,731,733,734]},{"id":10,"tipo":2,"secciones":[768,769,770,771,772,773,774,775,776,777,763,764,765,766,767]},{"id":11,"tipo":2,"secciones":[832,833,834,835,836,837,838,839,840,841,842,843,820,821,822,823,824,825,826,827,828,829,830,831]},{"id":12,"tipo":2,"secciones":[844,845,846,847,848,849,850,851,852,853,854,855,856,857]},{"id":13,"tipo":2,"secciones":[868,869,870,871,872,873,874,875,876,877,878,879,880,881,882]},{"id":14,"tipo":2,"secciones":[896,897,898,899,900,901,902,903,904,905,906,907,908,909,910,911,912,913,914,915,916,917,918,919,920,921,922,923,924,925,926,927,928,929,930,931,932,933,934,935,936,937,938,939,940,941,942,883,884,885,886,887,888,889,890,891,892,893,894,895]},{"id":15,"tipo":2,"secciones":[1024,1025,1026,1027,1028,1029,1001,1002,1003,1004,1005,1006,1007,1008,1009,1010,1011,1012,1013,1014,1015,1016,1017,1019,1020,1021,1022,1023]},{"id":16,"tipo":2,"secciones":[1030,1031,1032,1033,1034,1035,1036]},{"id":17,"tipo":2,"secciones":[1037,1038,1039,1040,1041,1042,1043,1044,1045,1046,1047,1048,1049]},{"id":18,"tipo":2,"secciones":[1056,1057,1058,1059,1060,1061,1062,1063,1064,1065,1066,1050,1051,1052,1053,1054,1055]},{"id":19,"tipo":2,"secciones":[1088,1089,1090,1091,1092,1093,1094,1095,1096,1097,1098,1099,1100,1101,1102,1103,1104,1105,1106,1107,1108,1109,1110,1111,1067,1068,1069,1070,1071,1072,1074,1075,1076,1077,1079,1080,1081,1082,1083,1084,1085,1086,1087]},{"id":20,"tipo":2,"secciones":[1152,1153,1154,1155,1156,1157,1158,1159,1160,1161,1162,1163,1164,1165,1166,1167,1168,1169,1170,1171,1172,1173,1174,1175,1176,1177,1178,1179,1180,1181,1182,1183,1184,1186,1187,1188,1189,1193,1194,1197,1200,1201,1202,1203,1112,1113,1114,1115,1116,1117,1118,1119,1120,1121,1122,1123,1124,1125,1126,1127,1128,1129,1130,1131,1132,1133,1134,1135,1136,1137,1138,1139,1140,1141,1142,1143,1144,1145,1146,1147,1148,1149,1150,1151]},{"id":21,"tipo":2,"secciones":[1309,1310,1311,1312,1313,1314,1315,1316,1317,1318,1319,1320,1322,1323,1324,1325,1326,1327,1328,1329,1330,1331,1332,1333,1334,1335,1336,1337,1338]},{"id":22,"tipo":2,"secciones":[1344,1345,1346,1347,1348,1349,1350,1351,1352,1353,1354,1355,1356,1357,1339,1340,1341,1342]},{"id":23,"tipo":2,"secciones":[1376,1377,1379,1380,1381,1358,1359,1360,1361,1362,1363,1364,1365,1366,1367,1369,1370,1371,1372,1373,1374,1375]},{"id":24,"tipo":2,"secciones":[1408,1409,1410,1411,1412,1413,1414,1415,1416,1417,1418,1419,1420,1421,1422,1423,1424,1425,1426,1427,1428,1429,1430,1431,1382,1383,1384,1385,1386,1387,1388,1389,1390,1391,1392,1393,1394,1395,1396,1397,1398,1399,1401,1402,1403,1404,1405,1406,1407]},{"id":25,"tipo":2,"secciones":[1440,1441,1442,1443,1432,1433,1434,1435,1436,1437,1438,1439]},{"id":26,"tipo":2,"secciones":[1576,1577,1578,1579,1580,1581,1582,1583,1584,1585,1586,1587,1588]},{"id":27,"tipo":2,"secciones":[1664,2784,1665,1666,1667,1668,1669,1670,1671,1672,1673,1674,1675,1676,1654,1655,1656,1657,1658,1659,1660,1661,1662,1663]},{"id":28,"tipo":2,"secciones":[1696,1697,1698,1677,1678,1679,1680,1681,1682,1683,1684,1685,1686,1687,1688,1689,1690,1691,1692,1693,1694,1695]},{"id":29,"tipo":2,"secciones":[1699,1700,1701,1702,1703,1704,1705,1706,1707,1708,1710,1711,1715,1716,1717,1718]},{"id":30,"tipo":2,"secciones":[1764,1765,1766,1767,1768,1769,1770,1771,1772,1773,1774,1775,1776,1777,1778,1780,1781,1783]},{"id":31,"tipo":2,"secciones":[1792,1793,1794,1795,1796,1797,1798,1799,1800,1801,1802,1803,1804,1805,1806,1807,1808,1784,1785,1786,1787,1788,1789,1790,1791]},{"id":32,"tipo":2,"secciones":[1952,1953,1954,1955,1956,1957,1958,1959,1960,1961,1962,1963,1964,1965,1966,1967,1968,1969,1970,1971,1972,1950,1951]},{"id":33,"tipo":2,"secciones":[1984,1985,1986,1987,1988,1989,1990,1991,1992,1993,1994,1995,1996,1997,1998,1999,2000,2001,2002,2003,2004,2005,2006,2007,2008,2009,2010,2011,2012,2013,2014,1973,1974,1975,1976,1977,1978,1979,1980,1981,1982,1983]},{"id":34,"tipo":2,"secciones":[2048,2049,2050,2051,2052,2053,2054,2055,2056,2057,2058,2059,2060,2061,2062,2063,2064,2065,2066,2067,2068,2069,2070,2071,2072,2073,2074,2075,2076,2077,2078,2079,2080,2082,2083,2084,2085,2086,2087,2088,2089,2090,2091,2041,2042,2043,2044,2045,2046,2047]},{"id":35,"tipo":2,"secciones":[2112,2113,2114,2115,2116,2117,2118,2119,2120,2121,2122,2123,2124,2125,2127,2128,2129,2130,2131,2132,2133,2092,2093,2094,2095,2096,2097,2098,2099,2100,2101,2102,2103,2104,2105,2106,2107,2108,2109,2110,2111]},{"id":36,"tipo":2,"secciones":[2176,2177,2178,2179,2180,2181,2182,2183,2184,2185,2186,2187,2188,2189,2190,2191,2192,2193,2194,2195,2196,2197,2198,2199,2200,2201,2202,2203,2204,2205,2206,2207,2208,2209,2210,2211,2212,2213,2214,2215,2216,2217,2218,2219,2220,2221,2222,2134,2135,2136,2137,2138,2139,2140,2141,2142,2143,2144,2145,2146,2147,2148,2149,2150,2151,2152,2153,2154,2155,2156,2157,2158,2159,2160,2161,2162,2163,2164,2165,2166,2167,2168,2169,2170,2171,2172,2173,2174,2175]},{"id":37,"tipo":2,"secciones":[2240,2241,2242,2243,2244,2245,2246,2247,2248,2249,2250,2251,2252,2253,2254,2255,2256,2257,2258,2259,2260,2261,2223,2224,2225,2226,2227,2228,2229,2230,2231,2232,2233,2234,2235,2236,2237,2238,2239]},{"id":38,"tipo":2,"secciones":[2331,2332,2333,2334,2335,2336,2337,2338,2339,2340,2341,2342,2343,2344,2345,2346,2347,2348,2349,2350,2352,2353,2354,2355,2356,2358,2359,2360,2361,2362,2363,2364,2365,2366,2367,2368,2369,2370,2371,2372,2373,2374,2375,2376,2377,2378,2379,2380,2381,2382,2383,2384,2385,2386,2387,2388,2389,2390,2391,2392,2393,2394,2396,2397,2398,2399,2400,2401,2402,2403,2404,2405,2406,2407,2408,2409,2410,2411,2412,2413,2414,2415,2416,2417,2418,2419]},{"id":39,"tipo":2,"secciones":[2496,2497,2499,2500,2501,2502,2503,2504,2505,2506,2507,2508,2479,2480,2481,2482,2483,2484,2485,2486,2487,2488,2489,2490,2491,2492,2493,2494,2495]},{"id":40,"tipo":2,"secciones":[2509,2510,2511,2512,2513,2514,2515,2516,2517,2518,2519,2520,2521,2522]},{"id":41,"tipo":2,"secciones":[2528,2529,2530,2531,2532,2523,2524,2525,2526,2527]},{"id":42,"tipo":2,"secciones":[2533,2534,2535,2536,2537,2538,2540,2541,2542,2543,2544,2545,2546,2547,2548,2549,2550,2551,2552,2553]},{"id":43,"tipo":2,"secciones":[2560,2561,2554,2555,2556,2557,2558,2559]},{"id":44,"tipo":2,"secciones":[2600,2601,2602,2603,2604,2605,2606,2607,2608,2609,2610,2611,2612,2613,2614,2615,2616,2617,2618,2619,2620,2621]},{"id":45,"tipo":2,"secciones":[2656,2657,2658,2659,2660,2661,2662,2663,2664,2665,2666,2667,2668,2655]},{"id":46,"tipo":2,"secciones":[2672,2673,2674,2675,2676,2669,2670,2671]},{"id":47,"tipo":2,"secciones":[2693,2694,2695,2696,2697,2698,2714,2699,2700,2702]},{"id":48,"tipo":2,"secciones":[2725,2726,2727,2728,2729,2730,2731,2732,2733,2734,2735,2736,2737,2738,2739,2740,2741,2744,2746,2748,2749,2751]},{"id":49,"tipo":2,"secciones":[2720,2721,2724,2701,2708,2772,2709,2774,2710,2711,2775,2712,2776,2713,2777,2715,2716,2717,2718,2719]},{"id":50,"tipo":2,"secciones":[1185,1190,1191,1192,1195,1196,1198,2783,1199]},{"id":51,"tipo":2,"secciones":[1712,1713,1714,2019,2787,1709]},{"id":52,"tipo":2,"secciones":[1760,1761,2788,2789,2790,2791,1743,1747,1748,1750,1751,1754,1756,1757,1758,1759]},{"id":53,"tipo":2,"secciones":[752,753,754,755,756,759,762,1018,747,732,735]},{"id":54,"tipo":2,"secciones":[739,740,758,743,2792,744,745,2793,746,748,749,750]},{"id":55,"tipo":2,"secciones":[2705,2706,2786,2707,2773,2703]},{"id":56,"tipo":2,"secciones":[943,944,945,946,947,948,949,950,951,952,953,954,955,956,957,958,959,960,961,962,963,964,965,966,967,968,969,970,971,972,973,974,975,976,977,978,979,980,981,982,983,985,986,987,988,989,990,991,992,993,994,995,996,997,998,999,1000]},{"id":57,"tipo":2,"secciones":[671,672,673,674,675,2723,676,677,678,679,680,681,682,683,684,685,686,687,688,689,690,691,692,693,694,695,696,697,698,699,700,701,702,703,704,705,706,707,708,709,710,711,712,713,714,715,716,717,718,719,720,721,722,723,724]},{"id":58,"tipo":2,"secciones":[2016,2017,2018,2021,2022,2023,2024,2025,2026,2027,2028,2029,2030,2031,2032,2033,2034,2035,2036,2037,2038,2039,2040,2015]},{"id":59,"tipo":2,"secciones":[1809,1810,1811,1812,1813,1814,1815,1816,1817,1818,1819,1820,1821,1822,1823,1824,1825,1826,1827,1828,1829,1830,1831,1832,1833,1834,1835,1836,1837,1838,1839,1840,1841,1842,1843,1844,1845,1846]},{"id":60,"tipo":2,"secciones":[2688,2689,2690,2691,2692,2678,2679,2680,2681,2682,2683,2684,2685,2686,2687]},{"id":61,"tipo":2,"secciones":[2451,2452,2453,2454,2455,2456,2457,2458,2459,2460,2461,2462,2463,2464,2465,2466,2467,2468,2469,2470,2471,2472,2473,2474,2475,2476,2477,2478]},{"id":62,"tipo":2,"secciones":[1933,1934,1935,1936,1937,1938,1939,1940,1941,1942,1943,1944,1945,1946,1947,1948,1949]},{"id":63,"tipo":2,"secciones":[1856,1857,1858,1859,1860,1861,1862,1863,1864,1865,1866,1867,1868,1869,1870,1871,1872,1873,1874,1847,1848,1849,1850,1851,1852,1854,1855]},{"id":64,"tipo":2,"secciones":[384,385,386,387,388,389,390,391,392,393,394,395,396,397,398,399,400,401,402,403,404,405,406,407,408,409,410]},{"id":65,"tipo":2,"secciones":[2752,2753,2754,2755,2756,2757,2758,2759,2760,2761,2762,2763,2764,2765,2766,2767,2768,2769,2770,2771]},{"id":66,"tipo":2,"secciones":[1728,1729,1730,1731,1732,1733,1734,1719,1720,1721,1722,1723,1724,1725,1726,1727]}],"separados":[{"id":0,"municipio1":3,"municipio2":58,"tiempo":275.0000,"tiempopromedio":68.1275,"desviacion":57.2720},{"id":1,"municipio1":11,"municipio2":55,"tiempo":320.0000,"tiempopromedio":68.1275,"desviacion":57.2720},{"id":4,"municipio1":22,"municipio2":58,"tiempo":280.0000,"tiempopromedio":68.1275,"desviacion":57.2720},{"id":5,"municipio1":33,"municipio2":55,"tiempo":267.0000,"tiempopromedio":68.1275,"desviacion":57.2720},{"id":6,"municipio1":55,"municipio2":58,"tiempo":291.0000,"tiempopromedio":68.1275,"desviacion":57.2720}],"distritos":[{"d":1,"dinx":1,"des":[{"mu":2,"s":[384,385,386,387,388,389,390,391,392,393,394,395,396,397,398,399,400,401,402,403,404,405,406,407,408,409,410]},{"mu":10,"s":[576,577,578,579,580,581,582,583,584,585,586,587,588,589,590,591,592,593,594,595,573,574,575]},{"mu":20,"s":[868,869,870,871,872,873,874,875,876,877,878,879,880,881,882]},{"mu":64,"s":[2528,2529,2530,2531,2532,2523,2524,2525,2526,2527]},{"mu":73,"s":[2693,2694,2695,2696,2697,2698,2714,2699,2700,2702]},{"mu":76,"s":[2720,2721,2724,2701,2708,2772,2709,2774,2710,2711,2775,2712,2776,2713,2777,2715,2716,2717,2718,2719]},{"mu":904,"s":[2705,2706,2786,2707,2773,2703]}],"p":[{"t":1, "v":"125924"},{"t":4, "v":"01:17"},{"t":5, "v":"4.05"},{"t":6, "v":"4897"},{"t":7, "v":"0.072750"},{"t":8, "v":"0.435481"}]},{"d":2,"dinx":2,"des":[{"mu":50,"s":[1933,1934,1935,1936,1937,1938,1939,1940,1941,1942,1943,1944,1945,1946,1947,1948,1949]},{"mu":56,"s":[2176,2177,2178,2179,2180,2181,2182,2183,2184,2185,2186,2187,2188,2189,2190,2191,2192,2193,2194,2195,2196,2197,2198,2199,2200,2201,2202,2203,2204,2205,2206,2207,2208,2209,2210,2211,2212,2213,2214,2215,2216,2217,2218,2219,2220,2221,2222,2134,2135,2136,2137,2138,2139,2140,2141,2142,2143,2144,2145,2146,2147,2148,2149,2150,2151,2152,2153,2154,2155,2156,2157,2158,2159,2160,2161,2162,2163,2164,2165,2166,2167,2168,2169,2170,2171,2172,2173,2174,2175]},{"mu":61,"s":[2451,2452,2453,2454,2455,2456,2457,2458,2459,2460,2461,2462,2463,2464,2465,2466,2467,2468,2469,2470,2471,2472,2473,2474,2475,2476,2477,2478]}],"p":[{"t":1, "v":"128705"},{"t":4, "v":"00:37"},{"t":5, "v":"6.34"},{"t":6, "v":"7678"},{"t":7, "v":"0.178854"},{"t":8, "v":"0.180062"}]},{"d":3,"dinx":3,"des":[{"mu":1,"s":[282,283,284,290,291,292,293,294,295,296,297,301,305,306,307,308,309,310,311,312,355,362,363,367,368,369,370,371,372,373,374,375,376,377,378,379,380,381,382]}],"p":[{"t":1, "v":"130977"},{"t":4, "v":"00:00"},{"t":5, "v":"8.22"},{"t":6, "v":"9950"},{"t":7, "v":"0.300371"},{"t":8, "v":"0.230082"}]},{"d":4,"dinx":4,"des":[{"mu":1,"s":[1,2,3,4,5,6,7,8,9,10,11,12,13,110,123,124,125,126,166,167,168]},{"mu":21,"s":[896,897,898,899,900,901,902,903,904,905,906,907,908,909,910,911,912,913,914,915,916,917,918,919,920,921,922,923,924,925,926,927,928,929,930,931,932,933,934,935,936,937,938,939,940,941,942,883,884,885,886,887,888,889,890,891,892,893,894,895]}],"p":[{"t":1, "v":"115482"},{"t":4, "v":"00:40"},{"t":5, "v":"-4.58"},{"t":6, "v":"-5545"},{"t":7, "v":"0.093308"},{"t":8, "v":"0.164945"}]},{"d":5,"dinx":5,"des":[{"mu":1,"s":[24,25,111,121,122,127,128,129,130,131,139,140,141,142,143,144,145,146,147,148,162,163,164,165,169,170,171,191,192,195,196,197,221,222,223,224,225,226,227,228,229,230,233,234,235,236,251,252,333,334,337,338,343,344,345,346,347,353]}],"p":[{"t":1, "v":"130327"},{"t":4, "v":"00:00"},{"t":5, "v":"7.68"},{"t":6, "v":"9300"},{"t":7, "v":"0.262407"},{"t":8, "v":"0.370371"}]},{"d":6,"dinx":6,"des":[{"mu":1,"s":[112,113,114,115,116,117,118,119,120,132,133,134,135,136,137,138,151,152,153,154,155,156,313,314,315,316,317,318,319,320,321,322,323,324,325,326,327,328,329,330,331,332,335,336,339,340,341,342,348,349,350,351,352,356,357,358,359,360,361,364,365,366]}],"p":[{"t":1, "v":"124710"},{"t":4, "v":"00:00"},{"t":5, "v":"3.04"},{"t":6, "v":"3683"},{"t":7, "v":"0.041148"},{"t":8, "v":"0.524733"}]},{"d":7,"dinx":7,"des":[{"mu":1,"s":[40,56,57,58,59,60,61,62,63,76,77,78,79,80,81,84,95,96,97,198,216,217,218,219,220,237,238,239,240,241,242,243,244,248,249,250,253,254,255,256,257,258,259,260,261,262,263,268,269,270,271,272,273,274,275,276,277,278,279,285,286,287,288,289,298,299,300,302,304,383]}],"p":[{"t":1, "v":"118938"},{"t":4, "v":"00:00"},{"t":5, "v":"-1.73"},{"t":6, "v":"-2089"},{"t":7, "v":"0.013247"},{"t":8, "v":"0.472776"}]},{"d":8,"dinx":8,"des":[{"mu":1,"s":[149,150,157,158,159,160,161,172,173,174,175,176,177,178,179,180,181,182,183,184,185,186,187,188,189,190,199,200,201,202,203,204,205,206,207,208,209,210,211,212,213,214,215,245,246,247,264,265,266,267,280,281,354]}],"p":[{"t":1, "v":"121654"},{"t":4, "v":"00:00"},{"t":5, "v":"0.52"},{"t":6, "v":"627"},{"t":7, "v":"0.001191"},{"t":8, "v":"0.186579"}]},{"d":9,"dinx":9,"des":[{"mu":1,"s":[14,15,16,17,18,19,20,21,22,23,26,27,28,29,30,31,32,33,34,35,36,37,38,39,41,42,43,44,45,46,47,48,49,50,51,52,53,54,55,64,65,66,67,68,69,70,71,72,73,74,75,82,83,85,86,87,88,89,90,91,92,93,94,98,99,101,193,194,231,232,100,102,103,104,105,106,107,108,109]}],"p":[{"t":1, "v":"119589"},{"t":4, "v":"00:00"},{"t":5, "v":"-1.19"},{"t":6, "v":"-1438"},{"t":7, "v":"0.006278"},{"t":8, "v":"0.572674"}]},{"d":10,"dinx":10,"des":[{"mu":29,"s":[1207,1208,1218,1227,1228,1229,1230,1239,1240,1241,1242,1243,1244,1245,1246,1247,1248,1249,1250,1251,1254,1255,1256,1257,1258,1261,1262,1263,1267,1268,1269,1270,1271,1278,1279,1280,1281,1285,1286,1287,1288,1289,1290,1291,1295,1296,1297,1299,1300,1301,1302,1303,1304,1305,1306,1307,1308]}],"p":[{"t":1, "v":"128239"},{"t":4, "v":"00:00"},{"t":5, "v":"5.96"},{"t":6, "v":"7212"},{"t":7, "v":"0.157801"},{"t":8, "v":"0.332531"}]},{"d":11,"dinx":11,"des":[{"mu":29,"s":[1204,1205,1206,1209,1210,1211,1212,1213,1214,1215,1216,1217,1219,1220,1221,1222,1223,1224,1225,1226,1231,1232,1233,1234,1235,1236,1237,1238,1252,1253,1259,1260,1264,1265,1266,1273,1274,1275,1276,1277,1282,1283,1284,1292,1293,1294,1298]}],"p":[{"t":1, "v":"113489"},{"t":4, "v":"00:00"},{"t":5, "v":"-6.23"},{"t":6, "v":"-7538"},{"t":7, "v":"0.172429"},{"t":8, "v":"0.276057"}]},{"d":12,"dinx":12,"des":[{"mu":28,"s":[1152,1153,1154,1155,1156,1157,1158,1159,1160,1161,1162,1163,1164,1165,1166,1167,1168,1169,1170,1171,1172,1173,1174,1175,1176,1177,1178,1179,1180,1181,1182,1183,1184,1186,1187,1188,1189,1193,1194,1197,1200,1201,1202,1203,1112,1113,1114,1115,1116,1117,1118,1119,1120,1121,1122,1123,1124,1125,1126,1127,1128,1129,1130,1131,1132,1133,1134,1135,1136,1137,1138,1139,1140,1141,1142,1143,1144,1145,1146,1147,1148,1149,1150,1151]},{"mu":77,"s":[1185,1190,1191,1192,1195,1196,1198,2783,1199]},{"mu":902,"s":[2785]}],"p":[{"t":1, "v":"136825"},{"t":4, "v":"00:34"},{"t":5, "v":"13.05"},{"t":6, "v":"15798"},{"t":7, "v":"0.757235"},{"t":8, "v":"0.227306"}]},{"d":13,"dinx":13,"des":[{"mu":12,"s":[671,672,673,674,675,2723,676,677,678,679,680,681,682,683,684,685,686,687,688,689,690,691,692,693,694,695,696,697,698,699,700,701,702,703,704,705,706,707,708,709,710,711,712,713,714,715,716,717,718,719,720,721,722,723,724]},{"mu":18,"s":[844,845,846,847,848,849,850,851,852,853,854,855,856,857]},{"mu":25,"s":[1037,1038,1039,1040,1041,1042,1043,1044,1045,1046,1047,1048,1049]},{"mu":31,"s":[1344,1345,1346,1347,1348,1349,1350,1351,1352,1353,1354,1355,1356,1357,1339,1340,1341,1342]}],"p":[{"t":1, "v":"110042"},{"t":4, "v":"00:33"},{"t":5, "v":"-9.08"},{"t":6, "v":"-10985"},{"t":7, "v":"0.366171"},{"t":8, "v":"0.329390"}]},{"d":14,"dinx":14,"des":[{"mu":4,"s":[456,457,458,459,460,461,462,463,464,465,466,467,468,469,470,471,472,473]},{"mu":9,"s":[564,565,566,567,569,570,571,572]},{"mu":42,"s":[1699,1700,1701,1702,1703,1704,1705,1706,1707,1708,1710,1711,1715,1716,1717,1718]},{"mu":44,"s":[1735,1736,1737,1738,1739,1740,1741,1742,1744,1745,1746,1749,1752,1753,1755]},{"mu":67,"s":[2564,2581,2582,2591,2593,2594,2595,2596,2597,2598,2599]},{"mu":70,"s":[2656,2657,2658,2659,2660,2661,2662,2663,2664,2665,2666,2667,2668,2655]},{"mu":78,"s":[1712,1713,1714,2019,2787,1709]},{"mu":79,"s":[1760,1761,2788,2789,2790,2791,1743,1747,1748,1750,1751,1754,1756,1757,1758,1759]},{"mu":901,"s":[568]},{"mu":903,"s":[2020]}],"p":[{"t":1, "v":"133127"},{"t":4, "v":"01:17"},{"t":5, "v":"10.00"},{"t":6, "v":"12100"},{"t":7, "v":"0.444212"},{"t":8, "v":"0.342890"}]},{"d":15,"dinx":15,"des":[{"mu":5,"s":[474,475,476,477,478]},{"mu":24,"s":[1030,1031,1032,1033,1034,1035,1036]},{"mu":34,"s":[1440,1441,1442,1443,1432,1433,1434,1435,1436,1437,1438,1439]},{"mu":46,"s":[1792,1793,1794,1795,1796,1797,1798,1799,1800,1801,1802,1803,1804,1805,1806,1807,1808,1784,1785,1786,1787,1788,1789,1790,1791]},{"mu":66,"s":[2560,2561,2554,2555,2556,2557,2558,2559]},{"mu":67,"s":[2562,2563,2565,2566,2567,2568,2569,2570,2571,2572,2573,2574,2575,2576,2577,2578,2579,2580,2583,2584,2585,2586,2587,2588,2589,2590,2592]},{"mu":71,"s":[2672,2673,2674,2675,2676,2669,2670,2671]}],"p":[{"t":1, "v":"130108"},{"t":4, "v":"00:51"},{"t":5, "v":"7.50"},{"t":6, "v":"9081"},{"t":7, "v":"0.250194"},{"t":8, "v":"0.393293"}]},{"d":16,"dinx":16,"des":[{"mu":13,"s":[736,737,738,741,742,751,725,726,727,728,760,729,761,730,731,733,734]},{"mu":23,"s":[1024,1025,1026,1027,1028,1029,1001,1002,1003,1004,1005,1006,1007,1008,1009,1010,1011,1012,1013,1014,1015,1016,1017,1019,1020,1021,1022,1023]},{"mu":37,"s":[1565,1566,1567,1568,1569,1570,1571,1572,1573,1574,1575,1763]},{"mu":44,"s":[1762]},{"mu":53,"s":[2016,2017,2018,2021,2022,2023,2024,2025,2026,2027,2028,2029,2030,2031,2032,2033,2034,2035,2036,2037,2038,2039,2040,2015]},{"mu":80,"s":[752,753,754,755,756,759,762,1018,747,732,735]},{"mu":81,"s":[739,740,758,743,2792,744,745,2793,746,748,749,750]}],"p":[{"t":1, "v":"112752"},{"t":4, "v":"01:21"},{"t":5, "v":"-6.84"},{"t":6, "v":"-8275"},{"t":7, "v":"0.207793"},{"t":8, "v":"0.377201"}]},{"d":17,"dinx":17,"des":[{"mu":47,"s":[1809,1810,1811,1812,1813,1814,1815,1816,1817,1818,1819,1820,1821,1822,1823,1824,1825,1826,1827,1828,1829,1830,1831,1832,1833,1834,1835,1836,1837,1838,1839,1840,1841,1842,1843,1844,1845,1846]},{"mu":63,"s":[2509,2510,2511,2512,2513,2514,2515,2516,2517,2518,2519,2520,2521,2522]},{"mu":72,"s":[2688,2689,2690,2691,2692,2678,2679,2680,2681,2682,2683,2684,2685,2686,2687]}],"p":[{"t":1, "v":"110772"},{"t":4, "v":"00:28"},{"t":5, "v":"-8.47"},{"t":6, "v":"-10255"},{"t":7, "v":"0.319123"},{"t":8, "v":"0.303260"}]},{"d":18,"dinx":18,"des":[{"mu":40,"s":[1664,2784,1665,1666,1667,1668,1669,1670,1671,1672,1673,1674,1675,1676,1654,1655,1656,1657,1658,1659,1660,1661,1662,1663]},{"mu":54,"s":[2048,2049,2050,2051,2052,2053,2054,2055,2056,2057,2058,2059,2060,2061,2062,2063,2064,2065,2066,2067,2068,2069,2070,2071,2072,2073,2074,2075,2076,2077,2078,2079,2080,2082,2083,2084,2085,2086,2087,2088,2089,2090,2091,2041,2042,2043,2044,2045,2046,2047]},{"mu":57,"s":[2240,2241,2242,2243,2244,2245,2246,2247,2248,2249,2250,2251,2252,2253,2254,2255,2256,2257,2258,2259,2260,2261,2223,2224,2225,2226,2227,2228,2229,2230,2231,2232,2233,2234,2235,2236,2237,2238,2239]}],"p":[{"t":1, "v":"118319"},{"t":4, "v":"01:03"},{"t":5, "v":"-2.24"},{"t":6, "v":"-2708"},{"t":7, "v":"0.022258"},{"t":8, "v":"0.399457"}]},{"d":19,"dinx":19,"des":[{"mu":43,"s":[1728,1729,1730,1731,1732,1733,1734,1719,1720,1721,1722,1723,1724,1725,1726,1727]},{"mu":45,"s":[1764,1765,1766,1767,1768,1769,1770,1771,1772,1773,1774,1775,1776,1777,1778,1780,1781,1783]},{"mu":52,"s":[1984,1985,1986,1987,1988,1989,1990,1991,1992,1993,1994,1995,1996,1997,1998,1999,2000,2001,2002,2003,2004,2005,2006,2007,2008,2009,2010,2011,2012,2013,2014,1973,1974,1975,1976,1977,1978,1979,1980,1981,1982,1983]},{"mu":62,"s":[2496,2497,2499,2500,2501,2502,2503,2504,2505,2506,2507,2508,2479,2480,2481,2482,2483,2484,2485,2486,2487,2488,2489,2490,2491,2492,2493,2494,2495]},{"mu":75,"s":[2752,2753,2754,2755,2756,2757,2758,2759,2760,2761,2762,2763,2764,2765,2766,2767,2768,2769,2770,2771]}],"p":[{"t":1, "v":"125986"},{"t":4, "v":"00:50"},{"t":5, "v":"4.10"},{"t":6, "v":"4959"},{"t":7, "v":"0.074604"},{"t":8, "v":"0.383303"}]},{"d":20,"dinx":20,"des":[{"mu":3,"s":[448,449,450,451,453,454,455,411,412,413,414,415,416,417,418,419,420,421,422,423,424,425,426,427,428,429,430,431,432,433,434,435,436,437,438,439,440,441,442,443,444,445,446,447]},{"mu":22,"s":[943,944,945,946,947,948,949,950,951,952,953,954,955,956,957,958,959,960,961,962,963,964,965,966,967,968,969,970,971,972,973,974,975,976,977,978,979,980,981,982,983,985,986,987,988,989,990,991,992,993,994,995,996,997,998,999,1000]},{"mu":55,"s":[2112,2113,2114,2115,2116,2117,2118,2119,2120,2121,2122,2123,2124,2125,2127,2128,2129,2130,2131,2132,2133,2092,2093,2094,2095,2096,2097,2098,2099,2100,2101,2102,2103,2104,2105,2106,2107,2108,2109,2110,2111]},{"mu":74,"s":[2725,2726,2727,2728,2729,2730,2731,2732,2733,2734,2735,2736,2737,2738,2739,2740,2741,2744,2746,2748,2749,2751]}],"p":[{"t":1, "v":"126951"},{"t":4, "v":"00:55"},{"t":5, "v":"4.89"},{"t":6, "v":"5924"},{"t":7, "v":"0.106468"},{"t":8, "v":"0.301080"}]},{"d":21,"dinx":21,"des":[{"mu":7,"s":[512,513,514,515,517,518,519,520,521,522,523,524,525,527,528,529,530,531,532,533,534,535,536,537,538,539,540,541,542,543,544,545,546,547,548,549,550,551,552,500,501,502,503,504,505,506,507,508,509,510,511]},{"mu":27,"s":[1088,1089,1090,1091,1092,1093,1094,1095,1096,1097,1098,1099,1100,1101,1102,1103,1104,1105,1106,1107,1108,1109,1110,1111,1067,1068,1069,1070,1071,1072,1074,1075,1076,1077,1079,1080,1081,1082,1083,1084,1085,1086,1087]},{"mu":51,"s":[1952,1953,1954,1955,1956,1957,1958,1959,1960,1961,1962,1963,1964,1965,1966,1967,1968,1969,1970,1971,1972,1950,1951]},{"mu":65,"s":[2533,2534,2535,2536,2537,2538,2540,2541,2542,2543,2544,2545,2546,2547,2548,2549,2550,2551,2552,2553]},{"mu":68,"s":[2600,2601,2602,2603,2604,2605,2606,2607,2608,2609,2610,2611,2612,2613,2614,2615,2616,2617,2618,2619,2620,2621]}],"p":[{"t":1, "v":"124444"},{"t":4, "v":"00:32"},{"t":5, "v":"2.82"},{"t":6, "v":"3417"},{"t":7, "v":"0.035419"},{"t":8, "v":"0.487904"}]},{"d":22,"dinx":22,"des":[{"mu":6,"s":[480,481,482,483,484,485,486,487,488,489,490,491,492,493,494,495,496,497,498,499,479]},{"mu":17,"s":[832,833,834,835,836,837,838,839,840,841,842,843,820,821,822,823,824,825,826,827,828,829,830,831]},{"mu":26,"s":[1056,1057,1058,1059,1060,1061,1062,1063,1064,1065,1066,1050,1051,1052,1053,1054,1055]},{"mu":32,"s":[1376,1377,1379,1380,1381,1358,1359,1360,1361,1362,1363,1364,1365,1366,1367,1369,1370,1371,1372,1373,1374,1375]},{"mu":38,"s":[1576,1577,1578,1579,1580,1581,1582,1583,1584,1585,1586,1587,1588]},{"mu":48,"s":[1856,1857,1858,1859,1860,1861,1862,1863,1864,1865,1866,1867,1868,1869,1870,1871,1872,1873,1874,1847,1848,1849,1850,1851,1852,1854,1855]},{"mu":59,"s":[2331,2332,2333,2334,2335,2336,2337,2338,2339,2340,2341,2342,2343,2344,2345,2346,2347,2348,2349,2350,2352,2353,2354,2355,2356,2358,2359,2360,2361,2362,2363,2364,2365,2366,2367,2368,2369,2370,2371,2372,2373,2374,2375,2376,2377,2378,2379,2380,2381,2382,2383,2384,2385,2386,2387,2388,2389,2390,2391,2392,2393,2394,2396,2397,2398,2399,2400,2401,2402,2403,2404,2405,2406,2407,2408,2409,2410,2411,2412,2413,2414,2415,2416,2417,2418,2419]}],"p":[{"t":1, "v":"109601"},{"t":4, "v":"01:00"},{"t":5, "v":"-9.44"},{"t":6, "v":"-11426"},{"t":7, "v":"0.396160"},{"t":8, "v":"0.434425"}]},{"d":23,"dinx":23,"des":[{"mu":8,"s":[553,554,555,556,557,559,560,561,562,563]},{"mu":15,"s":[778,779,780,781,782,783,784,785,786,787,788]},{"mu":19,"s":[858,859,860,861,862,863,864,865,866,867]},{"mu":35,"s":[1444,1445,1446,1447,1448,1449,1450,1451,1452,1453,1454,1455,1456,1457,1458,1459,1460,1461,1462,1463,1464,1465,1466,1467,1468,1469,1470,1471,1472,1473,1474,1475,1476,1477,1478,1479]},{"mu":36,"s":[1543,1545,1547,1552,1554,1555,1557,1558,1559,1560,1561,1562,1563,1564]},{"mu":60,"s":[2420,2421,2422,2423,2424,2425,2426,2427,2428,2429,2430,2431,2432,2433,2434,2435,2436,2437,2438,2439,2440,2441,2442,2443,2444,2445,2446,2447,2448,2449,2450]}],"p":[{"t":1, "v":"119081"},{"t":4, "v":"00:51"},{"t":5, "v":"-1.61"},{"t":6, "v":"-1946"},{"t":7, "v":"0.011495"},{"t":8, "v":"0.330366"}]},{"d":24,"dinx":24,"des":[{"mu":36,"s":[1480,1481,1482,1483,1484,1485,1486,1487,1488,1489,1490,1491,1492,1493,1494,1495,1496,1497,1498,1499,1500,1501,1502,1503,1504,1505,1506,1507,1508,1509,1510,1511,1512,1513,1514,1515,1516,1517,1518,1519,1520,1521,1522,1523,1524,1525,1526,1527,1528,1529,1530,1531,1532,1533,1534,1535,1536,1537,1538,1539,1540,1541,1542,1544,1546,1548,1549,1550,1551,1553,1556]}],"p":[{"t":1, "v":"124611"},{"t":4, "v":"00:00"},{"t":5, "v":"2.96"},{"t":6, "v":"3584"},{"t":7, "v":"0.038966"},{"t":8, "v":"0.252517"}]},{"d":25,"dinx":25,"des":[{"mu":30,"s":[1309,1310,1311,1312,1313,1314,1315,1316,1317,1318,1319,1320,1322,1323,1324,1325,1326,1327,1328,1329,1330,1331,1332,1333,1334,1335,1336,1337,1338]},{"mu":33,"s":[1408,1409,1410,1411,1412,1413,1414,1415,1416,1417,1418,1419,1420,1421,1422,1423,1424,1425,1426,1427,1428,1429,1430,1431,1382,1383,1384,1385,1386,1387,1388,1389,1390,1391,1392,1393,1394,1395,1396,1397,1398,1399,1401,1402,1403,1404,1405,1406,1407]},{"mu":41,"s":[1696,1697,1698,1677,1678,1679,1680,1681,1682,1683,1684,1685,1686,1687,1688,1689,1690,1691,1692,1693,1694,1695]}],"p":[{"t":1, "v":"107368"},{"t":4, "v":"01:32"},{"t":5, "v":"-11.29"},{"t":6, "v":"-13659"},{"t":7, "v":"0.566128"},{"t":8, "v":"0.342998"}]},{"d":26,"dinx":26,"des":[{"mu":11,"s":[640,641,642,643,644,645,646,647,649,650,651,652,653,654,655,656,657,658,659,660,661,662,663,664,665,666,667,668,669,670,596,597,598,599,600,601,602,603,604,605,606,607,608,609,610,611,612,613,614,615,616,617,618,619,620,621,622,623,624,625,626,627,628,629,630,631,632,633,634,636,637,638,639]},{"mu":14,"s":[768,769,770,771,772,773,774,775,776,777,763,764,765,766,767]},{"mu":58,"s":[2262,2263,2264,2265,2266,2267,2268,2269,2270,2271,2272,2273,2274,2280,2283,2285,2297,2298,2299,2300,2310,2314,2315,2316,2317,2318,2319,2320,2321,2322,2323,2324,2325,2326,2327,2328,2329,2330]}],"p":[{"t":1, "v":"116099"},{"t":4, "v":"00:21"},{"t":5, "v":"-4.07"},{"t":6, "v":"-4928"},{"t":7, "v":"0.073700"},{"t":8, "v":"0.259553"}]},{"d":27,"dinx":27,"des":[{"mu":16,"s":[789,790,791,792,793,794,795,796,797,798,799,800,801,802,803,804,805,806,807,808,809,810,811,812,813,814,815,816,817,818,819]},{"mu":39,"s":[1589,1590,1591,1592,1593,1594,1595,1596,1597,1598,1599,1600,1601,1604,1605,1606,1607,1608,1609,1610,1617,1618,1619,1620,1621,1622,1623,1624,1625,1630,1632,1633,1635,1636,1638,1639,1640,1641,1644]},{"mu":69,"s":[2622,2623,2624,2625,2626,2627,2628,2629,2630,2631,2632,2633,2634,2635,2636,2637,2638,2639,2640,2641,2642,2643,2644,2645,2646,2647,2648,2649,2650,2651,2652,2653,2654]}],"p":[{"t":1, "v":"108038"},{"t":4, "v":"01:17"},{"t":5, "v":"-10.73"},{"t":6, "v":"-12989"},{"t":7, "v":"0.511953"},{"t":8, "v":"0.283516"}]},{"d":28,"dinx":28,"des":[{"mu":39,"s":[1602,1603,1611,1612,1613,1614,1615,1616,1626,1627,1628,1629,1631,1634,1637,1642,1643,1645,1646,1647,1648,1649,1650,1651,1652,1653]},{"mu":49,"s":[2287,1875,1876,1877,1878,1879,1880,1881,1882,1883,1884,1885,1886,1887,1888,1889,1890,1892,1893,1894,1895,1896,1897,1898,1899,1900,1901,1902,1903,1904,1905,1906,1907,1908,1909,1910,1911,1912,1913,1914,1915,1916,1917,1918,1920,1921,1922,1924,1925,1926,1927,1928,1929,1930,1931,1932]},{"mu":58,"s":[2275,2276,2277,2278,2279,2281,2284,2286,2288,2289,2290,2291,2292,2293,2294,2295,2296,2301,2302,2303,2304,2305,2306,2307,2308,2309,2311,2312,2313]}],"p":[{"t":1, "v":"116610"},{"t":4, "v":"01:19"},{"t":5, "v":"-3.65"},{"t":6, "v":"-4417"},{"t":7, "v":"0.059209"},{"t":8, "v":"0.313965"}]}],"calificaciones":[{"t":"1","a":"1.0","p":"5.540872","sp":"5.540872"},{"t":"2","a":"0.5","p":"9.508715","sp":"19.017429"}],"total":{"p":15.049586,"sp":24.558301},"sellos":[{"n":"escenario","v":"md5"},{"n":"calificacion","v":"md5"},{"n":"municipios","v":"md5"},{"n":"secciones","v":"md5"},{"n":"tiemposmunicipios","v":"md5"}],"version":" 2016Local 2016"}