{"entidad":31,"partes":[{"id":0,"nombre":"","tipologia":3,"primerdistrito":0,"distritos":3,"municipios":[{"id":1,"fraccion":0},{"id":2,"fraccion":0},{"id":3,"fraccion":0},{"id":4,"fraccion":0},{"id":5,"fraccion":0},{"id":6,"fraccion":0},{"id":7,"fraccion":0},{"id":8,"fraccion":0},{"id":9,"fraccion":0},{"id":10,"fraccion":0},{"id":11,"fraccion":0},{"id":12,"fraccion":0},{"id":13,"fraccion":0},{"id":14,"fraccion":0},{"id":15,"fraccion":0},{"id":16,"fraccion":1},{"id":17,"fraccion":0},{"id":18,"fraccion":0},{"id":19,"fraccion":0},{"id":20,"fraccion":0},{"id":21,"fraccion":0},{"id":22,"fraccion":0},{"id":23,"fraccion":0},{"id":24,"fraccion":0},{"id":25,"fraccion":0},{"id":26,"fraccion":0},{"id":27,"fraccion":0},{"id":28,"fraccion":0},{"id":29,"fraccion":0},{"id":30,"fraccion":0},{"id":31,"fraccion":0},{"id":32,"fraccion":0},{"id":33,"fraccion":1},{"id":34,"fraccion":0},{"id":35,"fraccion":0},{"id":36,"fraccion":0},{"id":37,"fraccion":0},{"id":38,"fraccion":0},{"id":39,"fraccion":0},{"id":40,"fraccion":0},{"id":41,"fraccion":0},{"id":42,"fraccion":0},{"id":43,"fraccion":1},{"id":44,"fraccion":0},{"id":45,"fraccion":0},{"id":46,"fraccion":0},{"id":47,"fraccion":0},{"id":48,"fraccion":1},{"id":49,"fraccion":0},{"id":51,"fraccion":0},{"id":52,"fraccion":0},{"id":53,"fraccion":0},{"id":54,"fraccion":0},{"id":55,"fraccion":0},{"id":56,"fraccion":0},{"id":57,"fraccion":0},{"id":58,"fraccion":0},{"id":59,"fraccion":0},{"id":60,"fraccion":1},{"id":61,"fraccion":0},{"id":62,"fraccion":0},{"id":63,"fraccion":0},{"id":64,"fraccion":1},{"id":65,"fraccion":0},{"id":66,"fraccion":0},{"id":67,"fraccion":0},{"id":68,"fraccion":0},{"id":69,"fraccion":0},{"id":70,"fraccion":0},{"id":71,"fraccion":0},{"id":72,"fraccion":0},{"id":73,"fraccion":1},{"id":74,"fraccion":0},{"id":75,"fraccion":0},{"id":76,"fraccion":0},{"id":77,"fraccion":0},{"id":78,"fraccion":0},{"id":79,"fraccion":0},{"id":80,"fraccion":0},{"id":81,"fraccion":0},{"id":82,"fraccion":0},{"id":83,"fraccion":0},{"id":84,"fraccion":0},{"id":85,"fraccion":0},{"id":86,"fraccion":0},{"id":87,"fraccion":0},{"id":88,"fraccion":0},{"id":89,"fraccion":0},{"id":90,"fraccion":0},{"id":91,"fraccion":0},{"id":92,"fraccion":0},{"id":93,"fraccion":0},{"id":94,"fraccion":0},{"id":95,"fraccion":0},{"id":96,"fraccion":0},{"id":97,"fraccion":0},{"id":98,"fraccion":0},{"id":99,"fraccion":0},{"id":100,"fraccion":0},{"id":101,"fraccion":0},{"id":102,"fraccion":0},{"id":103,"fraccion":0},{"id":104,"fraccion":0},{"id":105,"fraccion":1},{"id":106,"fraccion":0}]},{"id":1,"nombre":"MERIDA","tipologia":1,"primerdistrito":3,"distritos":2,"municipios":[{"id":50,"fraccion":1}]}],"cumulos":[{"id":0,"tipo":0,"secciones":[636,637]},{"id":1,"tipo":2,"secciones":[1,2,3,4,5,6]},{"id":2,"tipo":2,"secciones":[7,8,9,10,11,12,13]},{"id":3,"tipo":2,"secciones":[16,17,18,14,15]},{"id":4,"tipo":2,"secciones":[20,21,22,23,24]},{"id":5,"tipo":2,"secciones":[25,26]},{"id":6,"tipo":2,"secciones":[32,27,28,29,30,31]},{"id":7,"tipo":2,"secciones":[33,34,35,36]},{"id":8,"tipo":2,"secciones":[37,38,39,40]},{"id":9,"tipo":2,"secciones":[41,42,43,44,45,46]},{"id":10,"tipo":2,"secciones":[48,49,47]},{"id":11,"tipo":2,"secciones":[50,51,52,53]},{"id":12,"tipo":2,"secciones":[54,55,56,57,58]},{"id":13,"tipo":2,"secciones":[64,59,60,61,62,63]},{"id":14,"tipo":2,"secciones":[65,66]},{"id":15,"tipo":2,"secciones":[67,68,69]},{"id":16,"tipo":2,"secciones":[71,72,73,74]},{"id":17,"tipo":2,"secciones":[75,76,77]},{"id":18,"tipo":2,"secciones":[78,79,80,81,82,83,84,85,86,87,88,89,90]},{"id":19,"tipo":2,"secciones":[91,92]},{"id":20,"tipo":2,"secciones":[96,97,98,93,94,95]},{"id":21,"tipo":2,"secciones":[99,101,102]},{"id":22,"tipo":2,"secciones":[103,104,105]},{"id":23,"tipo":2,"secciones":[106,107]},{"id":24,"tipo":2,"secciones":[108,109]},{"id":25,"tipo":2,"secciones":[112,113,110,111]},{"id":26,"tipo":2,"secciones":[114,115,116,117,118]},{"id":27,"tipo":2,"secciones":[120,121]},{"id":28,"tipo":2,"secciones":[122,123,124,125,126]},{"id":29,"tipo":2,"secciones":[128,129,130,127]},{"id":30,"tipo":2,"secciones":[131,132,133]},{"id":31,"tipo":2,"secciones":[134,135,136,137,138,139,140,141]},{"id":32,"tipo":2,"secciones":[152,153,154,155,156]},{"id":33,"tipo":2,"secciones":[160,161,157,158,159]},{"id":34,"tipo":2,"secciones":[162,163,164,165,166,167]},{"id":35,"tipo":2,"secciones":[168,169,170,171]},{"id":36,"tipo":2,"secciones":[172,173,174,175,176,177,178,179,180,181,182,183,184,185,186]},{"id":37,"tipo":2,"secciones":[187,188]},{"id":38,"tipo":2,"secciones":[192,193,194,195,196,197,198,199,200,201,202,203,189,190,191]},{"id":39,"tipo":2,"secciones":[204,205,206,207,208,209,210,211,212,213,214,215,216,217,218,219,220,221,222,223]},{"id":40,"tipo":2,"secciones":[224,225,226]},{"id":41,"tipo":2,"secciones":[228,229,230,231]},{"id":42,"tipo":2,"secciones":[232,233]},{"id":43,"tipo":2,"secciones":[234,235]},{"id":44,"tipo":2,"secciones":[236,237,238]},{"id":45,"tipo":3,"secciones":[142,239,143,240,144,241,145,242,146,243,147,244,148,245,149,246,150,247,151,248,249,250,251]},{"id":46,"tipo":2,"secciones":[252,253]},{"id":47,"tipo":2,"secciones":[657,658,659,660]},{"id":48,"tipo":2,"secciones":[672,673,674,675,676,677,678,679,661,662,663,664,665,666,667,668,669,670,671]},{"id":49,"tipo":2,"secciones":[680,681,682,683,684,685,686]},{"id":50,"tipo":2,"secciones":[688,689,687]},{"id":51,"tipo":2,"secciones":[690,691,692]},{"id":52,"tipo":2,"secciones":[704,705,706,707,708,693,694,695,696,697,698,699,700,701,702,703]},{"id":53,"tipo":2,"secciones":[709,710,711,712,713,714]},{"id":54,"tipo":2,"secciones":[715,716,717,718,719,720,721,722,723,724,725,726,727,728,729,730,732,733]},{"id":55,"tipo":2,"secciones":[734,735,736,737,738,739,740,741,742,743,744,745,746,747,748,749,750,751,752,753,754,755,756,757,758,759,760,761,762,763,764]},{"id":56,"tipo":2,"secciones":[768,766,767]},{"id":57,"tipo":2,"secciones":[769,770,771]},{"id":58,"tipo":2,"secciones":[772,773,774]},{"id":59,"tipo":2,"secciones":[776,777]},{"id":60,"tipo":2,"secciones":[778,779,780]},{"id":61,"tipo":2,"secciones":[784,785,781,782,783]},{"id":62,"tipo":2,"secciones":[786,787,788]},{"id":63,"tipo":2,"secciones":[789,790,791,792,793,794,795]},{"id":64,"tipo":2,"secciones":[796,797]},{"id":65,"tipo":2,"secciones":[798,799]},{"id":66,"tipo":2,"secciones":[800,801]},{"id":67,"tipo":2,"secciones":[803,804]},{"id":68,"tipo":2,"secciones":[805,806]},{"id":69,"tipo":2,"secciones":[816,807,808,809,810,811,812,813,814,815]},{"id":70,"tipo":2,"secciones":[817,818]},{"id":71,"tipo":2,"secciones":[819,820,821,822,823,824,825]},{"id":72,"tipo":2,"secciones":[832,833,834,835,836,837,838,839,840,841,842,843,844,845,826,827,828,829,830,831]},{"id":73,"tipo":2,"secciones":[848,849,846,847]},{"id":74,"tipo":2,"secciones":[851,852,853,854]},{"id":75,"tipo":2,"secciones":[855,856,857,858]},{"id":76,"tipo":2,"secciones":[859,860]},{"id":77,"tipo":2,"secciones":[864,865,866,861,862,863]},{"id":78,"tipo":2,"secciones":[867,868,869,870,871,872,873,874]},{"id":79,"tipo":2,"secciones":[875,876,877]},{"id":80,"tipo":2,"secciones":[878,879]},{"id":81,"tipo":2,"secciones":[880,881]},{"id":82,"tipo":2,"secciones":[896,897,882,883,884,885,886,887,888,889,890,891,892,893,894,895]},{"id":83,"tipo":2,"secciones":[898,899,900]},{"id":84,"tipo":2,"secciones":[901,902,903,904,905,906,907]},{"id":85,"tipo":2,"secciones":[908,909,910,911]},{"id":86,"tipo":2,"secciones":[912,913,914,915,916,917,918,919,920,921]},{"id":87,"tipo":2,"secciones":[922,923,924,925]},{"id":88,"tipo":2,"secciones":[928,929,930,931,926,927]},{"id":89,"tipo":2,"secciones":[960,961,962,963,964,965,966,967,968,969,970,971,972,932,933,934,935,936,937,938,939,940,941,942,943,944,945,946,947,948,949,950,951,952,953,954,955,956,957,958,959]},{"id":90,"tipo":2,"secciones":[976,973,974,975]},{"id":91,"tipo":2,"secciones":[977,978,979,980,981,982,983,984]},{"id":92,"tipo":2,"secciones":[985,986,987]},{"id":93,"tipo":2,"secciones":[988,989]},{"id":94,"tipo":2,"secciones":[992,993,994,995,996,997,998,999,1000,1001,1002,1003,1004,1005,1006,1007,1008,1009,990,991]},{"id":95,"tipo":2,"secciones":[1024,1025,1026,1027,1028,1029,1030,1031,1032,1033,1034,1035,1036,1037,1038,1039,1040,1041,1042,1010,1011,1012,1013,1014,1015,1016,1017,1018,1019,1020,1021,1022,1023]},{"id":96,"tipo":2,"secciones":[1043,1044]},{"id":97,"tipo":2,"secciones":[1045,1046,1047,1048,1049,1050,1051,1052,1053,1054,1055]},{"id":98,"tipo":2,"secciones":[1057,1058,1059]},{"id":99,"tipo":3,"secciones":[643,647]}],"separados":[{"id":0,"municipio1":22,"municipio2":104,"tiempo":70.0000,"tiempopromedio":22.0000,"desviacion":14.8886},{"id":1,"municipio1":28,"municipio2":65,"tiempo":90.0000,"tiempopromedio":22.0000,"desviacion":14.8886},{"id":2,"municipio1":97,"municipio2":104,"tiempo":71.0000,"tiempopromedio":22.0000,"desviacion":14.8886}],"distritos":[{"d":1,"des":[{"mu":1,"s":0},{"mu":3,"s":0},{"mu":10,"s":0},{"mu":15,"s":0},{"mu":16,"s":0},{"mu":18,"s":0},{"mu":23,"s":0},{"mu":24,"s":0},{"mu":25,"s":0},{"mu":33,"s":0},{"mu":36,"s":0},{"mu":37,"s":0},{"mu":45,"s":0},{"mu":46,"s":0},{"mu":47,"s":0},{"mu":48,"s":0},{"mu":49,"s":0},{"mu":53,"s":0},{"mu":55,"s":0},{"mu":56,"s":0},{"mu":58,"s":0},{"mu":62,"s":0},{"mu":64,"s":0},{"mu":66,"s":0},{"mu":69,"s":0},{"mu":73,"s":0},{"mu":75,"s":0},{"mu":76,"s":0},{"mu":79,"s":0},{"mu":80,"s":0},{"mu":89,"s":0},{"mu":94,"s":0},{"mu":98,"s":0},{"mu":101,"s":0}],"p":[{"t":1, "v":"384778"},{"t":4, "v":"0"},{"t":5, "v":"-1.62"},{"t":6, "v":"-6337"},{"t":7, "v":"0.011669"},{"t":8, "v":"0.265699"}],"process": {"partes": 1,"municipios": {"enteros": [{ "id": 1,"name": "ABALA","indigena": 1},{ "id": 3,"name": "AKIL","indigena": 1},{ "id": 10,"name": "CANTAMAYEC","indigena": 1},{ "id": 15,"name": "CUZAMA","indigena": 1},{ "id": 16,"name": "CHACSINKIN","indigena": 1},{ "id": 18,"name": "CHAPAB","indigena": 1},{ "id": 23,"name": "CHOCHOLA","indigena": 1},{ "id": 24,"name": "CHUMAYEL","indigena": 1},{ "id": 25,"name": "DZAN","indigena": 1},{ "id": 33,"name": "HALACHO","indigena": 1},{ "id": 36,"name": "HOMUN","indigena": 1},{ "id": 37,"name": "HUHI","indigena": 1},{ "id": 45,"name": "KOPOMA","indigena": 1},{ "id": 46,"name": "MAMA","indigena": 1},{ "id": 47,"name": "MANI","indigena": 1},{ "id": 48,"name": "MAXCANU","indigena": 1},{ "id": 49,"name": "MAYAPAN","indigena": 1},{ "id": 53,"name": "MUNA","indigena": 1},{ "id": 55,"name": "OPICHEN","indigena": 1},{ "id": 56,"name": "OXKUTZCAB","indigena": 1},{ "id": 58,"name": "PETO","indigena": 1},{ "id": 62,"name": "SACALUM","indigena": 1},{ "id": 64,"name": "SANAHCAT","indigena": 1},{ "id": 66,"name": "SANTA ELENA","indigena": 1},{ "id": 69,"name": "SOTUTA","indigena": 1},{ "id": 73,"name": "TAHDZIU","indigena": 1},{ "id": 75,"name": "TEABO","indigena": 1},{ "id": 76,"name": "TECOH","indigena": 1},{ "id": 79,"name": "TEKAX","indigena": 1},{ "id": 80,"name": "TEKIT","indigena": 1},{ "id": 89,"name": "TICUL","indigena": 1},{ "id": 94,"name": "TIXMEHUAC","indigena": 1},{ "id": 98,"name": "TZUCACAB","indigena": 1},{ "id": 101,"name": "UMAN","indigena": 1}],"fracciones": []},"indigenas": {"poblacion": "384778","pindigenas": "322093","porcentaje": "83.725765","porcentaje_round": "83.72","indigena": 1}}},{"d":2,"des":[{"mu":2,"s":0},{"mu":4,"s":0},{"mu":5,"s":0},{"mu":7,"s":0},{"mu":9,"s":0},{"mu":11,"s":0},{"mu":13,"s":0},{"mu":20,"s":0},{"mu":26,"s":0},{"mu":34,"s":0},{"mu":35,"s":0},{"mu":38,"s":0},{"mu":39,"s":0},{"mu":41,"s":0},{"mu":44,"s":0},{"mu":51,"s":0},{"mu":52,"s":0},{"mu":54,"s":0},{"mu":59,"s":0},{"mu":63,"s":0},{"mu":67,"s":0},{"mu":68,"s":0},{"mu":72,"s":0},{"mu":74,"s":0},{"mu":78,"s":0},{"mu":82,"s":0},{"mu":83,"s":0},{"mu":87,"s":0},{"mu":88,"s":0},{"mu":90,"s":0},{"mu":93,"s":0},{"mu":95,"s":0},{"mu":100,"s":0},{"mu":103,"s":0},{"mu":105,"s":0},{"mu":106,"s":0}],"p":[{"t":1, "v":"375589"},{"t":4, "v":"0"},{"t":5, "v":"-3.97"},{"t":6, "v":"-15526"},{"t":7, "v":"0.070040"},{"t":8, "v":"0.389369"}],"process": {"partes": 1,"municipios": {"enteros": [{ "id": 2,"name": "ACANCEH","indigena": 1},{ "id": 4,"name": "BACA","indigena": 1},{ "id": 5,"name": "BOKOBA","indigena": 1},{ "id": 7,"name": "CACALCHEN","indigena": 1},{ "id": 9,"name": "CANSAHCAB","indigena": 1},{ "id": 11,"name": "CELESTUN","indigena": 0},{ "id": 13,"name": "CONKAL","indigena": 0},{ "id": 20,"name": "CHICXULUB PUEBLO","indigena": 0},{ "id": 26,"name": "DZEMUL","indigena": 1},{ "id": 34,"name": "HOCABA","indigena": 1},{ "id": 35,"name": "HOCTUN","indigena": 1},{ "id": 38,"name": "HUNUCMA","indigena": 1},{ "id": 39,"name": "IXIL","indigena": 0},{ "id": 41,"name": "KANASIN","indigena": 1},{ "id": 44,"name": "KINCHIL","indigena": 1},{ "id": 51,"name": "MOCOCHA","indigena": 0},{ "id": 52,"name": "MOTUL","indigena": 1},{ "id": 54,"name": "MUXUPIP","indigena": 1},{ "id": 59,"name": "PROGRESO","indigena": 0},{ "id": 63,"name": "SAMAHIL","indigena": 1},{ "id": 67,"name": "SEYE","indigena": 1},{ "id": 68,"name": "SINANCHE","indigena": 1},{ "id": 72,"name": "SUMA","indigena": 1},{ "id": 74,"name": "TAHMEK","indigena": 1},{ "id": 78,"name": "TEKANTO","indigena": 1},{ "id": 82,"name": "TELCHAC PUEBLO","indigena": 0},{ "id": 83,"name": "TELCHAC PUERTO","indigena": 0},{ "id": 87,"name": "TETIZ","indigena": 1},{ "id": 88,"name": "TEYA","indigena": 1},{ "id": 90,"name": "TIMUCUY","indigena": 1},{ "id": 93,"name": "TIXKOKOB","indigena": 0},{ "id": 95,"name": "TIXPEHUAL","indigena": 1},{ "id": 100,"name": "UCU","indigena": 1},{ "id": 103,"name": "XOCCHEL","indigena": 1},{ "id": 105,"name": "YAXKUKUL","indigena": 0},{ "id": 106,"name": "YOBAIN","indigena": 1}],"fracciones": []},"indigenas": {"poblacion": "375589","pindigenas": "177616","porcentaje": "47.301441","porcentaje_round": "47.30","indigena": 1}}},{"d":3,"des":[{"mu":6,"s":0},{"mu":8,"s":0},{"mu":12,"s":0},{"mu":14,"s":0},{"mu":17,"s":0},{"mu":19,"s":0},{"mu":21,"s":0},{"mu":22,"s":0},{"mu":27,"s":0},{"mu":28,"s":0},{"mu":29,"s":0},{"mu":30,"s":0},{"mu":31,"s":0},{"mu":32,"s":0},{"mu":40,"s":0},{"mu":42,"s":0},{"mu":43,"s":0},{"mu":57,"s":0},{"mu":60,"s":0},{"mu":61,"s":0},{"mu":65,"s":0},{"mu":70,"s":0},{"mu":71,"s":0},{"mu":77,"s":0},{"mu":81,"s":0},{"mu":84,"s":0},{"mu":85,"s":0},{"mu":86,"s":0},{"mu":91,"s":0},{"mu":92,"s":0},{"mu":96,"s":0},{"mu":97,"s":0},{"mu":99,"s":0},{"mu":102,"s":0},{"mu":104,"s":0}],"p":[{"t":1, "v":"377062"},{"t":4, "v":"0"},{"t":5, "v":"-3.59"},{"t":6, "v":"-14053"},{"t":7, "v":"0.057381"},{"t":8, "v":"0.244444"}],"process": {"partes": 1,"municipios": {"enteros": [{ "id": 6,"name": "BUCTZOTZ","indigena": 1},{ "id": 8,"name": "CALOTMUL","indigena": 1},{ "id": 12,"name": "CENOTILLO","indigena": 1},{ "id": 14,"name": "CUNCUNUL","indigena": 1},{ "id": 17,"name": "CHANKOM","indigena": 1},{ "id": 19,"name": "CHEMAX","indigena": 1},{ "id": 21,"name": "CHICHIMILA","indigena": 1},{ "id": 22,"name": "CHIKINDZONOT","indigena": 1},{ "id": 27,"name": "DZIDZANTUN","indigena": 0},{ "id": 28,"name": "DZILAM DE BRAVO","indigena": 0},{ "id": 29,"name": "DZILAM GONZALEZ","indigena": 0},{ "id": 30,"name": "DZITAS","indigena": 1},{ "id": 31,"name": "DZONCAUICH","indigena": 1},{ "id": 32,"name": "ESPITA","indigena": 1},{ "id": 40,"name": "IZAMAL","indigena": 1},{ "id": 42,"name": "KANTUNIL","indigena": 1},{ "id": 43,"name": "KAUA","indigena": 1},{ "id": 57,"name": "PANABA","indigena": 1},{ "id": 60,"name": "QUINTANA ROO","indigena": 1},{ "id": 61,"name": "RIO LAGARTOS","indigena": 0},{ "id": 65,"name": "SAN FELIPE","indigena": 0},{ "id": 70,"name": "SUCILA","indigena": 1},{ "id": 71,"name": "SUDZAL","indigena": 1},{ "id": 77,"name": "TEKAL DE VENEGAS","indigena": 1},{ "id": 81,"name": "TEKOM","indigena": 1},{ "id": 84,"name": "TEMAX","indigena": 1},{ "id": 85,"name": "TEMOZON","indigena": 1},{ "id": 86,"name": "TEPAKAN","indigena": 1},{ "id": 91,"name": "TINUM","indigena": 1},{ "id": 92,"name": "TIXCACALCUPUL","indigena": 1},{ "id": 96,"name": "TIZIMIN","indigena": 1},{ "id": 97,"name": "TUNKAS","indigena": 1},{ "id": 99,"name": "UAYMA","indigena": 1},{ "id": 102,"name": "VALLADOLID","indigena": 1},{ "id": 104,"name": "YAXCABA","indigena": 1}],"fracciones": []},"indigenas": {"poblacion": "377062","pindigenas": "298008","porcentaje": "79.047369","porcentaje_round": "79.04","indigena": 1}}},{"d":4,"des":[{"mu":50,"s":[1082,1083,1084,1085,1086,1087,1088,1089,1090,1091,1092,1093,1094,1095,1096,1097,1098,1099,1100,1101,1102,1103,1104,1105,1106,1107,1108,1109,1110,1111,1112,1113,1114,1115,1116,1117,1118,1119,1120,1121,1122,1123,1124,1125,1126,1127,1128,1129,308,309,310,311,312,313,339,340,341,342,343,344,345,346,347,348,349,350,351,352,365,366,367,368,369,370,371,372,373,374,375,376,377,378,379,380,381,382,383,384,385,386,387,388,389,390,391,392,393,394,410,411,412,413,414,415,416,417,418,419,420,421,422,423,424,425,426,459,460,461,462,463,464,465,466,467,468,469,470,471,472,473,475,476,477,478,479,480,498,499,500,501,502,503,519,520,521,522,523,524,525,537,538,539,540,541,542,543,544,545,546,556,557,558,559,560,561,562,563,564,565,566,567,568,571,572,573,574,575,576,577,578,579,580,581,582,583,584,585,586,587,588,589,590,591,592,593,594,595,596,597,598,599,600,601,602,603,604,605,606,607,608,609,610,611,612,613,614,615,616,617,618,619,620,621,622,623,624,625,626,627,628,644,648,649,650,651,652,653,654,655,656]}],"p":[{"t":1, "v":"409503"},{"t":4, "v":"0"},{"t":5, "v":"4.70"},{"t":6, "v":"18388"},{"t":7, "v":"0.098233"},{"t":8, "v":"0.177867"}],"process": {"partes": 1,"municipios": {"enteros": [],"fracciones": [{ "id": 50,"name": "MERIDA","indigena": 0}]},"indigenas": {"poblacion": "409503","pindigenas": "95167","porcentaje": "23.240000","porcentaje_round": "23.24","indigena": 0}}},{"d":5,"des":[{"mu":50,"s":[1060,1061,1062,1063,1064,1065,1066,1067,1068,1069,1070,1071,1072,1073,1074,1075,1076,1077,1078,1079,1080,1081,254,255,256,257,258,259,260,261,262,263,264,265,266,267,268,270,271,272,273,274,275,276,277,278,279,280,281,282,283,284,285,286,287,288,289,290,291,292,293,294,295,296,297,298,299,300,301,302,303,304,305,306,307,314,315,316,317,318,319,320,321,322,323,324,325,326,327,328,329,330,331,332,333,334,335,336,337,338,353,354,355,356,357,358,359,360,361,362,363,364,395,396,397,398,399,400,401,402,403,404,405,406,407,408,409,427,428,429,430,431,432,433,434,435,436,437,438,439,440,441,442,443,444,445,446,447,448,449,450,451,452,453,454,455,456,457,458,481,482,483,484,485,486,487,488,489,490,491,492,493,494,495,496,497,504,505,506,507,508,509,510,511,512,513,514,515,516,517,518,526,527,528,529,530,531,532,533,534,535,536,547,548,549,550,551,552,553,554,555,569,570,629,630,631,632,633,634,635,638,639,640,641,642,646,636,637,643,647]}],"p":[{"t":1, "v":"408645"},{"t":4, "v":"0"},{"t":5, "v":"4.48"},{"t":6, "v":"17530"},{"t":7, "v":"0.089279"},{"t":8, "v":"0.301201"}],"process": {"partes": 1,"municipios": {"enteros": [],"fracciones": [{ "id": 50,"name": "MERIDA","indigena": 0}]},"indigenas": {"poblacion": "408645","pindigenas": "94958","porcentaje": "23.240000","porcentaje_round": "23.24","indigena": 0}}}],"calificaciones":[{"t": 1,"a": 1.0,"p": 0.326603,"sp": 0.326603},{"t": 2,"a": 0.5,"p": 1.378580,"sp": 2.757161}],"total":{"p":1.705184,"sp":3.083764},"sellos":[{"n":"escenario","v":"md5"},{"n":"calificacion","v":"md5"},{"n":"municipios","v":"md5"},{"n":"secciones","v":"md5"},{"n":"tiemposmunicipios","v":"md5"}],"version":"Versión 1.5.20161103.2|federal"}