{"entidad":29,"partes":[{"id":0,"nombre":"","tipologia":6,"primerdistrito":0,"distritos":11,"municipios":[{"id":1,"fraccion":0},{"id":2,"fraccion":0},{"id":4,"fraccion":0},{"id":5,"fraccion":0},{"id":6,"fraccion":0},{"id":9,"fraccion":0},{"id":11,"fraccion":0},{"id":12,"fraccion":0},{"id":14,"fraccion":0},{"id":15,"fraccion":0},{"id":17,"fraccion":0},{"id":19,"fraccion":0},{"id":18,"fraccion":0},{"id":21,"fraccion":0},{"id":20,"fraccion":0},{"id":23,"fraccion":0},{"id":22,"fraccion":0},{"id":27,"fraccion":0},{"id":26,"fraccion":0},{"id":29,"fraccion":0},{"id":28,"fraccion":0},{"id":31,"fraccion":0},{"id":30,"fraccion":0},{"id":34,"fraccion":0},{"id":35,"fraccion":0},{"id":32,"fraccion":0},{"id":38,"fraccion":0},{"id":39,"fraccion":0},{"id":36,"fraccion":0},{"id":42,"fraccion":0},{"id":40,"fraccion":0},{"id":41,"fraccion":0},{"id":46,"fraccion":1},{"id":47,"fraccion":0},{"id":44,"fraccion":0},{"id":45,"fraccion":0},{"id":51,"fraccion":0},{"id":50,"fraccion":0},{"id":49,"fraccion":0},{"id":48,"fraccion":0},{"id":55,"fraccion":0},{"id":54,"fraccion":0},{"id":53,"fraccion":0},{"id":52,"fraccion":0},{"id":59,"fraccion":0},{"id":58,"fraccion":0},{"id":57,"fraccion":0},{"id":56,"fraccion":0},{"id":60,"fraccion":0}]},{"id":1,"nombre":"CHIAUTEMPAN","tipologia":6,"primerdistrito":11,"distritos":1,"municipios":[{"id":10,"fraccion":0}]},{"id":2,"nombre":"SAN PABLO DEL MONTE","tipologia":6,"primerdistrito":12,"distritos":1,"municipios":[{"id":25,"fraccion":0}]},{"id":3,"nombre":"TLAXCALA","tipologia":2,"primerdistrito":13,"distritos":2,"municipios":[{"id":33,"fraccion":1},{"id":24,"fraccion":0}]},{"id":4,"nombre":"APIZACO","tipologia":2,"primerdistrito":15,"distritos":2,"municipios":[{"id":3,"fraccion":1},{"id":43,"fraccion":0}]},{"id":5,"nombre":"HUAMANTLA","tipologia":3,"primerdistrito":17,"distritos":2,"municipios":[{"id":16,"fraccion":0},{"id":37,"fraccion":0},{"id":7,"fraccion":1},{"id":8,"fraccion":1},{"id":13,"fraccion":1}]}],"cumulos":[{"id":0,"tipo":2,"secciones":[254,255]},{"id":1,"tipo":2,"secciones":[586,587]},{"id":2,"tipo":3,"secciones":[313,314]},{"id":3,"tipo":3,"secciones":[102,103,100,101,110,111,108,109,106,107,104,105,116,115,114,113,112]},{"id":4,"tipo":2,"secciones":[51,50,49,55,54,53,52,57,56]},{"id":5,"tipo":2,"secciones":[5,6,7,8,9,10,11]},{"id":6,"tipo":2,"secciones":[295,296]},{"id":7,"tipo":2,"secciones":[119,118,117,121,120]},{"id":8,"tipo":2,"secciones":[98,99,96,97,78,79,85,84,87,86,81,80,83,82,93,92,95,94,89,88,91,90]},{"id":9,"tipo":2,"secciones":[1,2,3,4]},{"id":10,"tipo":2,"secciones":[171,170,169,168,175,174,173,172,176,177,167,166,165]},{"id":11,"tipo":2,"secciones":[220,221,222,223,231,230,229,228,227,226,225,224]},{"id":12,"tipo":2,"secciones":[137,136,139,138,141,140,143,142,129,128,131,130,133,132,135,134,156,157,144,145,146,147,148,149,127,126,125,124,123,122]},{"id":13,"tipo":2,"secciones":[163,162,161,164]},{"id":14,"tipo":2,"secciones":[263,266,264,265]},{"id":15,"tipo":2,"secciones":[239,238,237,236,235,234,233,232,258,256,252,253,257,250,251,248,249,246,247,244,245,242,243,240,241]},{"id":16,"tipo":2,"secciones":[288,289,290,291,287,286,285,284]},{"id":17,"tipo":2,"secciones":[259,262,260,261]},{"id":18,"tipo":2,"secciones":[305,304,307,306,308,299,300,301,302,303]},{"id":19,"tipo":2,"secciones":[275,274,273,272,279,278,277,276,283,282,281,280,267,270,271,268,269]},{"id":20,"tipo":2,"secciones":[319,318,326,327,324,325,322,323,320,321,330,331,328,329]},{"id":21,"tipo":2,"secciones":[292,293,294,297,298]},{"id":22,"tipo":2,"secciones":[351,350,349,348,356,357,358,359,352,353,354,355,364,360,361,362,363]},{"id":23,"tipo":2,"secciones":[309,311,310,312]},{"id":24,"tipo":2,"secciones":[373,372,375,374,377,376]},{"id":25,"tipo":2,"secciones":[343,342,341,340,339,338,337,336,334,335,332,333,347,346,345,344]},{"id":26,"tipo":2,"secciones":[394,393,397,387,390,389,388]},{"id":27,"tipo":2,"secciones":[369,368,371,370,365,366,367]},{"id":28,"tipo":2,"secciones":[425,424,427,426,428,431,434]},{"id":29,"tipo":2,"secciones":[381,386,380,385,383,384,382,379,378]},{"id":30,"tipo":2,"secciones":[529,528,530,527,537,536]},{"id":31,"tipo":2,"secciones":[410,411,409,414,415,412,413,417,416,419,418,421,420,423,422]},{"id":32,"tipo":2,"secciones":[524,525,526,520,521,522,523]},{"id":33,"tipo":2,"secciones":[546,544,545,541,540,543,542,539,538]},{"id":34,"tipo":2,"secciones":[505,506,507]},{"id":35,"tipo":2,"secciones":[478,479,476,477,474,475,472,473,470,471,504,500,501,502,503,496,497,498,499,493,492,495,494,489,488,491,490,485,484,58,487,486,481,480,483,482]},{"id":36,"tipo":2,"secciones":[576,577,578,579,580,581,582,583,584,575,585]},{"id":37,"tipo":2,"secciones":[593,592,595,594,597,596,599,598,601,600,588,589,590,591]},{"id":38,"tipo":2,"secciones":[567,566,565,564,563,562,561,560,558,559,569,568]},{"id":39,"tipo":2,"secciones":[574,573,572,571,570]},{"id":40,"tipo":2,"secciones":[392,391]},{"id":41,"tipo":2,"secciones":[533,532,535,534,531]},{"id":42,"tipo":2,"secciones":[317,316]},{"id":43,"tipo":2,"secciones":[395,396]},{"id":44,"tipo":2,"secciones":[152,153,154,155,150,151]},{"id":45,"tipo":2,"secciones":[603,602,605,604]},{"id":46,"tipo":2,"secciones":[158,159,160]},{"id":47,"tipo":2,"secciones":[550,548,549,547,556,557,554,555,553]},{"id":48,"tipo":2,"secciones":[516,508,517,509,518,510,519,511,512,513,514,515]},{"id":49,"tipo":2,"secciones":[429,430]},{"id":50,"tipo":2,"secciones":[608,400,401,607]},{"id":51,"tipo":2,"secciones":[402,606]},{"id":52,"tipo":2,"secciones":[432,433]},{"id":53,"tipo":2,"secciones":[551,552]},{"id":54,"tipo":2,"secciones":[408,399,398,403,406,407,404,405]},{"id":55,"tipo":2,"secciones":[68,69,70,71,64,65,66,67,76,77,72,73,74,75,59,63,62,61,60]}],"separados":[{"id":1,"municipio1":13,"municipio2":52,"tiempo":44.0000,"tiempopromedio":13.0068,"desviacion":9.4599},{"id":2,"municipio1":14,"municipio2":34,"tiempo":41.0000,"tiempopromedio":13.0068,"desviacion":9.4599},{"id":3,"municipio1":34,"municipio2":54,"tiempo":43.0000,"tiempopromedio":13.0068,"desviacion":9.4599},{"id":4,"municipio1":34,"municipio2":60,"tiempo":55.0000,"tiempopromedio":13.0068,"desviacion":9.4599}],"distritos":[{"d":1,"des":[{"mu":12,"s":[171,170,169,168,175,174,173,172,176,177,167,166,165]},{"mu":14,"s":[220,221,222,223,231,230,229,228,227,226,225,224]},{"mu":20,"s":[292,293,294,297,298]},{"mu":36,"s":[516,508,517,509,518,510,519,511,512,513,514,515]},{"mu":40,"s":[550,548,549,547,556,557,554,555,553]},{"mu":60,"s":[295,296]}],"p":[{"t":1, "v":"66364"},{"t":4, "v":"00:26"},{"t":5, "v":"7.78"},{"t":6, "v":"4788"},{"t":7, "v":"0.268773"},{"t":8, "v":"0.578216"}]},{"d":2,"des":[{"mu":5,"s":[68,69,70,71,64,65,66,67,76,77,72,73,74,75,59,63,62,61,60]},{"mu":30,"s":[408,399,398,403,406,407,404,405]},{"mu":31,"s":[410,411,409,414,415,412,413,417,416,419,418,421,420,423,422]}],"p":[{"t":1, "v":"57831"},{"t":4, "v":"00:43"},{"t":5, "v":"-6.08"},{"t":6, "v":"-3745"},{"t":7, "v":"0.164364"},{"t":8, "v":"0.695872"}]},{"d":3,"des":[{"mu":42,"s":[574,573,572,571,570]},{"mu":44,"s":[593,592,595,594,597,596,599,598,601,600,588,589,590,591]},{"mu":47,"s":[395,396]},{"mu":59,"s":[586,587]}],"p":[{"t":1, "v":"63330"},{"t":4, "v":"00:06"},{"t":5, "v":"2.85"},{"t":6, "v":"1754"},{"t":7, "v":"0.036080"},{"t":8, "v":"0.194852"}]},{"d":4,"des":[{"mu":15,"s":[239,238,237,236,235,234,233,232,258,256,252,253,257,250,251,248,249,246,247,244,245,242,243,240,241]},{"mu":19,"s":[288,289,290,291,287,286,285,284]},{"mu":58,"s":[254,255]}],"p":[{"t":1, "v":"60727"},{"t":4, "v":"00:10"},{"t":5, "v":"-1.38"},{"t":6, "v":"-849"},{"t":7, "v":"0.008441"},{"t":8, "v":"0.219082"}]},{"d":5,"des":[{"mu":9,"s":[119,118,117,121,120]},{"mu":26,"s":[369,368,371,370,365,366,367]},{"mu":35,"s":[505,506,507]},{"mu":38,"s":[529,528,530,527,537,536]},{"mu":39,"s":[546,544,545,541,540,543,542,539,538]}],"p":[{"t":1, "v":"64910"},{"t":4, "v":"00:11"},{"t":5, "v":"5.41"},{"t":6, "v":"3334"},{"t":7, "v":"0.130329"},{"t":8, "v":"0.252989"}]},{"d":6,"des":[{"mu":23,"s":[319,318,326,327,324,325,322,323,320,321,330,331,328,329]},{"mu":29,"s":[394,393,397,387,390,389,388]},{"mu":32,"s":[425,424,427,426,428,431,434]},{"mu":45,"s":[317,316]},{"mu":53,"s":[429,430]},{"mu":56,"s":[432,433]}],"p":[{"t":1, "v":"59906"},{"t":4, "v":"00:09"},{"t":5, "v":"-2.71"},{"t":6, "v":"-1670"},{"t":7, "v":"0.032675"},{"t":8, "v":"0.360305"}]},{"d":7,"des":[{"mu":22,"s":[309,311,310,312]},{"mu":28,"s":[381,386,380,385,383,384,382,379,378]},{"mu":49,"s":[392,391]},{"mu":51,"s":[158,159,160]},{"mu":52,"s":[152,153,154,155,150,151]}],"p":[{"t":1, "v":"60143"},{"t":4, "v":"00:07"},{"t":5, "v":"-2.33"},{"t":6, "v":"-1433"},{"t":7, "v":"0.024057"},{"t":8, "v":"0.228021"}]},{"d":8,"des":[{"mu":6,"s":[98,99,96,97,78,79,85,84,87,86,81,80,83,82,93,92,95,94,89,88,91,90]},{"mu":21,"s":[305,304,307,306,308,299,300,301,302,303]}],"p":[{"t":1, "v":"61451"},{"t":4, "v":"00:14"},{"t":5, "v":"-0.20"},{"t":6, "v":"-125"},{"t":7, "v":"0.000182"},{"t":8, "v":"0.175779"}]},{"d":9,"des":[{"mu":17,"s":[263,266,264,265]},{"mu":27,"s":[373,372,375,374,377,376]},{"mu":41,"s":[567,566,565,564,563,562,561,560,558,559,569,568]},{"mu":46,"s":[315,313,314]},{"mu":48,"s":[603,602,605,604]}],"p":[{"t":1, "v":"62157"},{"t":4, "v":"00:09"},{"t":5, "v":"0.94"},{"t":6, "v":"581"},{"t":7, "v":"0.003963"},{"t":8, "v":"0.103209"}]},{"d":10,"des":[{"mu":4,"s":[51,50,49,55,54,53,52,57,56]},{"mu":11,"s":[163,162,161,164]},{"mu":34,"s":[478,479,476,477,474,475,472,473,470,471,504,500,501,502,503,496,497,498,499,493,492,495,494,489,488,491,490,485,484,58,487,486,481,480,483,482]},{"mu":54,"s":[608,400,401,607]},{"mu":55,"s":[402,606]},{"mu":57,"s":[551,552]}],"p":[{"t":1, "v":"60364"},{"t":4, "v":"00:30"},{"t":5, "v":"-1.97"},{"t":6, "v":"-1212"},{"t":7, "v":"0.017207"},{"t":8, "v":"0.485116"}]},{"d":11,"des":[{"mu":1,"s":[1,2,3,4]},{"mu":2,"s":[5,6,7,8,9,10,11]},{"mu":18,"s":[275,274,273,272,279,278,277,276,283,282,281,280,267,270,271,268,269]},{"mu":50,"s":[533,532,535,534,531]}],"p":[{"t":1, "v":"64250"},{"t":4, "v":"00:12"},{"t":5, "v":"4.34"},{"t":6, "v":"2674"},{"t":7, "v":"0.083842"},{"t":8, "v":"0.604936"}]},{"d":12,"des":[{"mu":10,"s":[137,136,139,138,141,140,143,142,129,128,131,130,133,132,135,134,156,157,144,145,146,147,148,149,127,126,125,124,123,122]}],"p":[{"t":1, "v":"64910"},{"t":4, "v":"00:00"},{"t":5, "v":"5.41"},{"t":6, "v":"3334"},{"t":7, "v":"0.130329"},{"t":8, "v":"0.370524"}]},{"d":13,"des":[{"mu":25,"s":[351,350,349,348,356,357,358,359,352,353,354,355,364,360,361,362,363]}],"p":[{"t":1, "v":"69698"},{"t":4, "v":"00:00"},{"t":5, "v":"13.19"},{"t":6, "v":"8122"},{"t":7, "v":"0.773342"},{"t":8, "v":"0.120905"}]},{"d":14,"des":[{"mu":24,"s":[343,342,341,340,339,338,337,336,334,335,332,333,347,346,345,344]},{"mu":33,"s":[440,441,442,443,447,435,436,437,438,439,468,469,462,461,449,448]}],"p":[{"t":1, "v":"56864"},{"t":4, "v":"00:06"},{"t":5, "v":"-7.65"},{"t":6, "v":"-4712"},{"t":7, "v":"0.260216"},{"t":8, "v":"0.567641"}]},{"d":15,"des":[{"mu":33,"s":[444,445,446,466,467,464,465,463,460,459,458,457,456,455,454,453,452,451,450]}],"p":[{"t":1, "v":"57710"},{"t":4, "v":"00:00"},{"t":5, "v":"-6.28"},{"t":6, "v":"-3866"},{"t":7, "v":"0.175158"},{"t":8, "v":"0.238529"}]},{"d":16,"des":[{"mu":3,"s":[12,17,16,19,18,30,38,42,43,44,48]},{"mu":43,"s":[576,577,578,579,580,581,582,583,584,575,585]}],"p":[{"t":1, "v":"55311"},{"t":4, "v":"00:07"},{"t":5, "v":"-10.17"},{"t":6, "v":"-6265"},{"t":7, "v":"0.460028"},{"t":8, "v":"0.437779"}]},{"d":17,"des":[{"mu":3,"s":[13,14,15,21,20,23,22,25,24,27,26,29,28,31,34,35,32,33,39,36,37,40,41,46,47,45]}],"p":[{"t":1, "v":"54963"},{"t":4, "v":"00:00"},{"t":5, "v":"-10.74"},{"t":6, "v":"-6613"},{"t":7, "v":"0.512557"},{"t":8, "v":"0.588965"}]},{"d":18,"des":[{"mu":7,"s":[102,103,100,101,106,104,105]},{"mu":8,"s":[110,111,108,109,107,116,115,114,113,112]},{"mu":13,"s":[186,187,185,188,189,182,180,181,204,203,212]},{"mu":16,"s":[259,262,260,261]}],"p":[{"t":1, "v":"64426"},{"t":4, "v":"00:18"},{"t":5, "v":"4.63"},{"t":6, "v":"2850"},{"t":7, "v":"0.095240"},{"t":8, "v":"0.633714"}]},{"d":19,"des":[{"mu":13,"s":[184,190,191,178,179,183,205,207,206,201,200,202,197,196,199,198,193,192,195,194,216,217,218,219,213,214,215,208,209,210,211]},{"mu":37,"s":[524,525,526,520,521,522,523]}],"p":[{"t":1, "v":"64621"},{"t":4, "v":"00:15"},{"t":5, "v":"4.95"},{"t":6, "v":"3045"},{"t":7, "v":"0.108716"},{"t":8, "v":"0.460663"}]}],"calificaciones":[{"t":"1","a":"1.0","p":"3.285497","sp":"3.285497"},{"t":"2","a":"0.5","p":"7.317097","sp":"14.634193"}],"total":{"p":10.602594,"sp":17.919690},"sellos":[{"n":"escenario","v":"md5"},{"n":"calificacion","v":"md5"},{"n":"municipios","v":"md5"},{"n":"secciones","v":"md5"},{"n":"tiemposmunicipios","v":"md5"}],"version":"Versi�n 1.3a"}