ENTIDAD,DISTRITO,MUNICIPIO,NOMBRE_MUNICIPIO,SECCION,TIPO_SECCION,TIPO_NOMBRE,LOCALIDAD,NOMBRE_LOCALIDAD,TIPO_LOCALIDAD,TIPO_NOMBRE_LOCALIDAD,MANZANA,STATUS
29,2,1,AMAXAC DE GUERRERO,1,2,URBANO(A),0,SAN BERNABE AMAXAC DE GUERRERO,2,URBANO(A),1,C
29,2,1,AMAXAC DE GUERRERO,2,2,URBANO(A),0,SAN BERNABE AMAXAC DE GUERRERO,2,URBANO(A),1,C
29,2,1,AMAXAC DE GUERRERO,3,2,URBANO(A),0,SAN BERNABE AMAXAC DE GUERRERO,2,URBANO(A),1,C
29,2,1,AMAXAC DE GUERRERO,4,3,MIXTO(A),0,SAN DAMIAN TLACOCALPAN,2,URBANO(A),1,C
29,2,2,APETATITLAN DE ANTONIO CARVAJAL,5,2,URBANO(A),0,APETATITLAN DE ANTONIO CARVAJAL,2,URBANO(A),1,C
29,2,2,APETATITLAN DE ANTONIO CARVAJAL,6,2,URBANO(A),0,APETATITLAN DE ANTONIO CARVAJAL,2,URBANO(A),16,C
29,2,2,APETATITLAN DE ANTONIO CARVAJAL,7,2,URBANO(A),0,APETATITLAN DE ANTONIO CARVAJAL,2,URBANO(A),25,C
29,2,2,APETATITLAN DE ANTONIO CARVAJAL,8,2,URBANO(A),0,APETATITLAN DE ANTONIO CARVAJAL,2,URBANO(A),1,C
29,2,2,APETATITLAN DE ANTONIO CARVAJAL,9,2,URBANO(A),0,SAN MATIAS TEPETOMATITLAN,2,URBANO(A),1,C
29,2,2,APETATITLAN DE ANTONIO CARVAJAL,10,2,URBANO(A),0,BELEN ATZITZIMITITLAN,2,URBANO(A),1,C
29,2,2,APETATITLAN DE ANTONIO CARVAJAL,11,2,URBANO(A),0,TECOLOTLA,2,URBANO(A),1,C
29,1,3,APIZACO,12,2,URBANO(A),0,APIZACO,2,URBANO(A),1,C
29,1,3,APIZACO,13,2,URBANO(A),0,APIZACO,2,URBANO(A),1,C
29,1,3,APIZACO,14,2,URBANO(A),0,APIZACO,2,URBANO(A),2,C
29,1,3,APIZACO,15,2,URBANO(A),0,APIZACO,2,URBANO(A),1,C
29,1,3,APIZACO,16,3,MIXTO(A),0,APIZACO,2,URBANO(A),1,C
29,1,3,APIZACO,17,2,URBANO(A),0,APIZACO,2,URBANO(A),2,C
29,1,3,APIZACO,18,2,URBANO(A),0,APIZACO,2,URBANO(A),1,C
29,1,3,APIZACO,19,2,URBANO(A),0,APIZACO,2,URBANO(A),3,C
29,1,3,APIZACO,20,2,URBANO(A),0,APIZACO,2,URBANO(A),1,C
29,1,3,APIZACO,21,2,URBANO(A),0,APIZACO,2,URBANO(A),1,C
29,1,3,APIZACO,22,2,URBANO(A),0,APIZACO,2,URBANO(A),2,C
29,1,3,APIZACO,23,2,URBANO(A),0,APIZACO,2,URBANO(A),3,C
29,1,3,APIZACO,24,2,URBANO(A),0,APIZACO,2,URBANO(A),8,C
29,1,3,APIZACO,25,2,URBANO(A),0,APIZACO,2,URBANO(A),3,C
29,1,3,APIZACO,26,2,URBANO(A),0,APIZACO,2,URBANO(A),1,C
29,1,3,APIZACO,27,2,URBANO(A),0,APIZACO,2,URBANO(A),1,C
29,1,3,APIZACO,28,2,URBANO(A),0,APIZACO,2,URBANO(A),1,C
29,1,3,APIZACO,29,2,URBANO(A),0,APIZACO,2,URBANO(A),1,C
29,1,3,APIZACO,31,2,URBANO(A),0,APIZACO,2,URBANO(A),1,C
29,1,3,APIZACO,32,2,URBANO(A),0,APIZACO,2,URBANO(A),1,C
29,1,3,APIZACO,33,2,URBANO(A),0,APIZACO,2,URBANO(A),1,C
29,1,3,APIZACO,34,2,URBANO(A),0,APIZACO,2,URBANO(A),1,C
29,1,3,APIZACO,35,2,URBANO(A),0,APIZACO,2,URBANO(A),4,C
29,1,3,APIZACO,36,2,URBANO(A),0,APIZACO,2,URBANO(A),1,C
29,1,3,APIZACO,37,2,URBANO(A),0,APIZACO,2,URBANO(A),1,C
29,2,3,APIZACO,38,3,MIXTO(A),0,ACTIPAC,4,RURAL,9999,C
29,1,3,APIZACO,39,2,URBANO(A),0,SANTA MARIA TEXCALAC,2,URBANO(A),1,C
29,1,3,APIZACO,40,2,URBANO(A),0,SANTA MARIA TEXCALAC,2,URBANO(A),1,C
29,1,3,APIZACO,42,2,URBANO(A),0,SANTA ANITA HUILOAC,2,URBANO(A),3,C
29,1,3,APIZACO,43,2,URBANO(A),0,SANTA ANITA HUILOAC,2,URBANO(A),1,C
29,1,3,APIZACO,44,2,URBANO(A),0,SANTA ANITA HUILOAC,2,URBANO(A),1,C
29,1,3,APIZACO,45,2,URBANO(A),0,SANTA ANITA HUILOAC,2,URBANO(A),1,C
29,1,3,APIZACO,46,2,URBANO(A),0,APIZACO,2,URBANO(A),1,C
29,1,3,APIZACO,47,2,URBANO(A),0,APIZACO,2,URBANO(A),1,C
29,1,3,APIZACO,48,2,URBANO(A),0,APIZACO,2,URBANO(A),20,C
29,1,4,ATLANGATEPEC,49,3,MIXTO(A),0,ATLANGATEPEC,2,URBANO(A),1,*
29,1,4,ATLANGATEPEC,50,4,RURAL,0,CERRO DE LAS FLORES,4,RURAL,9999,C
29,1,4,ATLANGATEPEC,51,4,RURAL,0,SANTIAGO VILLALTA,4,RURAL,1,C
29,1,4,ATLANGATEPEC,52,4,RURAL,0,COMUNIDAD DE AGRICOLA SAN LUIS,4,RURAL,1,C
29,1,4,ATLANGATEPEC,53,3,MIXTO(A),0,ZUMPANGO,2,URBANO(A),2,C
29,1,4,ATLANGATEPEC,54,4,RURAL,0,BENITO JUAREZ TEZOYO,4,RURAL,1,C
29,1,4,ATLANGATEPEC,55,4,RURAL,0,COLONIA LA TRASQUILA,4,RURAL,1,C
29,1,4,ATLANGATEPEC,56,3,MIXTO(A),0,LA CAÑADA,4,RURAL,9999,C
29,1,4,ATLANGATEPEC,57,4,RURAL,0,EL CORAZON,4,RURAL,9999,C
29,1,34,TLAXCO,58,4,RURAL,0,RANCHO SAN ANTONIO,4,RURAL,9999,C
29,1,5,ATLTZAYANCA,59,3,MIXTO(A),0,ALTZAYANCA,2,URBANO(A),1,C
29,1,5,ATLTZAYANCA,60,3,MIXTO(A),0,ALTZAYANCA,2,URBANO(A),1,*
29,1,5,ATLTZAYANCA,61,4,RURAL,0,BUENA VISTA,4,RURAL,1,C
29,1,5,ATLTZAYANCA,62,4,RURAL,0,CARRETA,4,RURAL,9999,C
29,1,5,ATLTZAYANCA,63,4,RURAL,0,SAN ANTONIO TECOPILCO,4,RURAL,1,C
29,1,5,ATLTZAYANCA,64,4,RURAL,0,SAN JUAN OCOTITLA,4,RURAL,2,C
29,1,5,ATLTZAYANCA,65,4,RURAL,0,SANTA ROSA ATOTONILCO,4,RURAL,9999,C
29,1,5,ATLTZAYANCA,66,4,RURAL,0,COLONIA GUADALUPE,4,RURAL,1,C
29,1,5,ATLTZAYANCA,67,4,RURAL,0,MESA REDONDA,4,RURAL,1,C
29,1,5,ATLTZAYANCA,68,3,MIXTO(A),0,CONCEPCION HIDALGO,2,URBANO(A),1,*
29,1,5,ATLTZAYANCA,69,3,MIXTO(A),0,FELIPE CARRILLO PUERTO,2,URBANO(A),1,C
29,1,5,ATLTZAYANCA,70,4,RURAL,0,RANCHO GUADALUPE,4,RURAL,9999,C
29,1,5,ATLTZAYANCA,71,4,RURAL,0,POCITOS,4,RURAL,1,C
29,1,5,ATLTZAYANCA,72,4,RURAL,0,MIAHUAPAN EL BAJO,4,RURAL,9999,C
29,1,5,ATLTZAYANCA,73,4,RURAL,0,NAZARETH,4,RURAL,1,C
29,1,5,ATLTZAYANCA,74,3,MIXTO(A),0,SANTA CRUZ POCITOS,2,URBANO(A),1,C
29,1,5,ATLTZAYANCA,75,4,RURAL,0,DELICIAS,4,RURAL,1,C
29,1,5,ATLTZAYANCA,76,4,RURAL,0,LOMA DE JUNGUITO,4,RURAL,9999,C
29,1,5,ATLTZAYANCA,77,2,URBANO(A),0,ALTZAYANCA,2,URBANO(A),1,C
29,2,6,CALPULALPAN,78,3,MIXTO(A),0,SAN ANTONIO CALPULALPAN,2,URBANO(A),1,C
29,2,6,CALPULALPAN,79,2,URBANO(A),0,SAN ANTONIO CALPULALPAN,2,URBANO(A),1,C
29,2,6,CALPULALPAN,80,2,URBANO(A),0,SAN ANTONIO CALPULALPAN,2,URBANO(A),1,C
29,2,6,CALPULALPAN,81,3,MIXTO(A),0,SAN ANTONIO CALPULALPAN,2,URBANO(A),2,C
29,2,6,CALPULALPAN,82,3,MIXTO(A),0,SAN ANTONIO CALPULALPAN,2,URBANO(A),1,C
29,2,6,CALPULALPAN,83,2,URBANO(A),0,SAN ANTONIO CALPULALPAN,2,URBANO(A),1,C
29,2,6,CALPULALPAN,84,2,URBANO(A),0,SAN ANTONIO CALPULALPAN,2,URBANO(A),16,C
29,2,6,CALPULALPAN,85,3,MIXTO(A),0,SAN ANTONIO CALPULALPAN,2,URBANO(A),1,*
29,2,6,CALPULALPAN,86,3,MIXTO(A),0,SAN ANTONIO CALPULALPAN,2,URBANO(A),2,C
29,2,6,CALPULALPAN,87,2,URBANO(A),0,SAN ANTONIO CALPULALPAN,2,URBANO(A),1,C
29,2,6,CALPULALPAN,88,2,URBANO(A),0,SAN ANTONIO CALPULALPAN,2,URBANO(A),1,C
29,2,6,CALPULALPAN,89,2,URBANO(A),0,SAN ANTONIO CALPULALPAN,2,URBANO(A),1,C
29,2,6,CALPULALPAN,90,3,MIXTO(A),0,SAN ANTONIO CALPULALPAN,2,URBANO(A),1,C
29,2,6,CALPULALPAN,91,4,RURAL,0,AMANTLA,4,RURAL,9999,C
29,2,6,CALPULALPAN,92,3,MIXTO(A),0,SANTIAGO CUAULA,2,URBANO(A),1,C
29,2,6,CALPULALPAN,93,3,MIXTO(A),0,SAN MARCOS GUAQUILPAN,2,URBANO(A),1,C
29,2,6,CALPULALPAN,94,3,MIXTO(A),0,SAN FELIPE SULTEPEC,2,URBANO(A),1,C
29,2,6,CALPULALPAN,95,4,RURAL,0,GUSTAVO DIAZ ORDAZ,4,RURAL,1,C
29,2,6,CALPULALPAN,96,4,RURAL,0,SAN CRISTOBAL ZACACALCO,4,RURAL,1,C
29,2,6,CALPULALPAN,97,3,MIXTO(A),0,SANTA CRUZ,4,RURAL,9999,C
29,2,6,CALPULALPAN,98,3,MIXTO(A),0,EL CACALOTE,4,RURAL,9999,C
29,1,7,EL CARMEN TEQUEXQUITLA,100,2,URBANO(A),0,VILLA DE EL CARMEN TEQUEXQUITLA,2,URBANO(A),1,C
29,1,7,EL CARMEN TEQUEXQUITLA,101,2,URBANO(A),0,VILLA DE EL CARMEN TEQUEXQUITLA,2,URBANO(A),1,C
29,1,7,EL CARMEN TEQUEXQUITLA,102,2,URBANO(A),0,VILLA DE EL CARMEN TEQUEXQUITLA,2,URBANO(A),1,C
29,1,7,EL CARMEN TEQUEXQUITLA,103,3,MIXTO(A),0,VILLA DE EL CARMEN TEQUEXQUITLA,2,URBANO(A),1,C
29,1,7,EL CARMEN TEQUEXQUITLA,104,2,URBANO(A),0,VILLA DE EL CARMEN TEQUEXQUITLA,2,URBANO(A),1,C
29,1,7,EL CARMEN TEQUEXQUITLA,105,4,RURAL,0,LA SOLEDAD,4,RURAL,2,C
29,1,7,EL CARMEN TEQUEXQUITLA,106,4,RURAL,0,COLONIA VICENTE GUERRERO,4,RURAL,1,C
29,1,8,CUAPIAXTLA,107,3,MIXTO(A),0,CUAPIAXTLA,2,URBANO(A),1,C
29,1,8,CUAPIAXTLA,108,2,URBANO(A),0,CUAPIAXTLA,2,URBANO(A),1,C
29,1,8,CUAPIAXTLA,109,2,URBANO(A),0,CUAPIAXTLA,2,URBANO(A),1,C
29,1,8,CUAPIAXTLA,110,3,MIXTO(A),0,IGNACIO ALLENDE,2,URBANO(A),1,C
29,1,8,CUAPIAXTLA,111,4,RURAL,0,SANTA BEATRIZ LA NUEVA,4,RURAL,1,C
29,1,8,CUAPIAXTLA,112,4,RURAL,0,LOMA BONITA,4,RURAL,1,C
29,1,8,CUAPIAXTLA,113,4,RURAL,0,EGIPTO,4,RURAL,9999,C
29,1,8,CUAPIAXTLA,114,3,MIXTO(A),0,SAN FRANCISCO CUEXCOMATEPEC,4,RURAL,9999,C
29,1,8,CUAPIAXTLA,115,4,RURAL,0,COLONIA DEL VALLE,4,RURAL,1,C
29,1,8,CUAPIAXTLA,116,4,RURAL,0,JOSE MARIA MORELOS,4,RURAL,1,C
29,1,9,CUAXOMULCO,117,2,URBANO(A),0,SAN ANTONIO CUAXOMULCO,2,URBANO(A),1,C
29,1,9,CUAXOMULCO,118,2,URBANO(A),0,SAN ANTONIO CUAXOMULCO,2,URBANO(A),1,C
29,1,9,CUAXOMULCO,119,4,RURAL,0,SAN MIGUEL BUENA VISTA,4,RURAL,1,C
29,1,9,CUAXOMULCO,120,4,RURAL,0,ZACAMOLPA,4,RURAL,1,C
29,1,9,CUAXOMULCO,121,4,RURAL,0,COXTLA,4,RURAL,1,C
29,3,10,CHIAUTEMPAN,122,2,URBANO(A),0,SANTA ANA CHIAUTEMPAN,2,URBANO(A),18,C
29,3,10,CHIAUTEMPAN,123,2,URBANO(A),0,SANTA ANA CHIAUTEMPAN,2,URBANO(A),8,C
29,3,10,CHIAUTEMPAN,124,2,URBANO(A),0,SANTA ANA CHIAUTEMPAN,2,URBANO(A),1,C
29,3,10,CHIAUTEMPAN,125,2,URBANO(A),0,SANTA ANA CHIAUTEMPAN,2,URBANO(A),10,C
29,3,10,CHIAUTEMPAN,126,2,URBANO(A),0,SANTA ANA CHIAUTEMPAN,2,URBANO(A),1,C
29,3,10,CHIAUTEMPAN,127,2,URBANO(A),0,SANTA ANA CHIAUTEMPAN,2,URBANO(A),1,C
29,3,10,CHIAUTEMPAN,128,2,URBANO(A),0,SANTA ANA CHIAUTEMPAN,2,URBANO(A),8,*
29,3,10,CHIAUTEMPAN,129,2,URBANO(A),0,SANTA ANA CHIAUTEMPAN,2,URBANO(A),1,C
29,3,10,CHIAUTEMPAN,130,2,URBANO(A),0,SANTA ANA CHIAUTEMPAN,2,URBANO(A),4,C
29,3,10,CHIAUTEMPAN,131,2,URBANO(A),0,SANTA ANA CHIAUTEMPAN,2,URBANO(A),16,C
29,3,10,CHIAUTEMPAN,132,2,URBANO(A),0,SANTA ANA CHIAUTEMPAN,2,URBANO(A),4,C
29,3,10,CHIAUTEMPAN,133,2,URBANO(A),0,SANTA ANA CHIAUTEMPAN,2,URBANO(A),1,C
29,3,10,CHIAUTEMPAN,134,2,URBANO(A),0,SANTA ANA CHIAUTEMPAN,2,URBANO(A),1,C
29,3,10,CHIAUTEMPAN,135,2,URBANO(A),0,SANTA ANA CHIAUTEMPAN,2,URBANO(A),4,C
29,3,10,CHIAUTEMPAN,136,2,URBANO(A),0,SANTA ANA CHIAUTEMPAN,2,URBANO(A),15,C
29,3,10,CHIAUTEMPAN,137,2,URBANO(A),0,SANTA ANA CHIAUTEMPAN,2,URBANO(A),9,C
29,3,10,CHIAUTEMPAN,138,2,URBANO(A),0,SANTA ANA CHIAUTEMPAN,2,URBANO(A),2,C
29,3,10,CHIAUTEMPAN,139,2,URBANO(A),0,SANTA ANA CHIAUTEMPAN,2,URBANO(A),18,C
29,3,10,CHIAUTEMPAN,140,2,URBANO(A),0,SANTA ANA CHIAUTEMPAN,2,URBANO(A),1,C
29,3,10,CHIAUTEMPAN,141,2,URBANO(A),0,SANTA ANA CHIAUTEMPAN,2,URBANO(A),2,C
29,3,10,CHIAUTEMPAN,142,2,URBANO(A),0,SANTA ANA CHIAUTEMPAN,2,URBANO(A),10,C
29,3,10,CHIAUTEMPAN,143,2,URBANO(A),0,SANTA ANA CHIAUTEMPAN,2,URBANO(A),8,C
29,3,10,CHIAUTEMPAN,144,2,URBANO(A),0,SANTA ANA CHIAUTEMPAN,2,URBANO(A),1,C
29,3,10,CHIAUTEMPAN,145,2,URBANO(A),0,SAN PEDRO XOCHITEOTLA,2,URBANO(A),1,C
29,3,10,CHIAUTEMPAN,146,2,URBANO(A),0,SAN RAFAEL TEPATLAXCO,2,URBANO(A),1,C
29,3,10,CHIAUTEMPAN,147,2,URBANO(A),0,SAN BARTOLO CUAHUIXMATLAC,2,URBANO(A),1,C
29,3,10,CHIAUTEMPAN,148,2,URBANO(A),0,SAN BARTOLO CUAHUIXMATLAC,2,URBANO(A),1,C
29,3,10,CHIAUTEMPAN,149,2,URBANO(A),0,SAN PEDRO TLALCUAPAN DEL BRAVO MELENDEZTLA,2,URBANO(A),1,C
29,3,10,CHIAUTEMPAN,150,2,URBANO(A),0,SANTA ANA CHIAUTEMPAN,2,URBANO(A),2,C
29,3,52,LA MAGDALENA TLALTELULCO,152,2,URBANO(A),0,LA MAGDALENA TLALTELULCO,2,URBANO(A),1,C
29,3,52,LA MAGDALENA TLALTELULCO,153,2,URBANO(A),0,LA MAGDALENA TLALTELULCO,2,URBANO(A),1,C
29,3,52,LA MAGDALENA TLALTELULCO,154,2,URBANO(A),0,LA MAGDALENA TLALTELULCO,2,URBANO(A),5,C
29,3,52,LA MAGDALENA TLALTELULCO,155,2,URBANO(A),0,LA MAGDALENA TLALTELULCO,2,URBANO(A),1,C
29,3,10,CHIAUTEMPAN,156,2,URBANO(A),0,SAN PEDRO MUÑOZTLA,2,URBANO(A),1,C
29,3,10,CHIAUTEMPAN,157,2,URBANO(A),0,SAN PEDRO MUÑOZTLA,2,URBANO(A),4,C
29,3,51,SAN FRANCISCO TETLANOHCAN,158,2,URBANO(A),0,SAN FRANCISCO TETLANOHCAN,2,URBANO(A),1,C
29,3,51,SAN FRANCISCO TETLANOHCAN,159,3,MIXTO(A),0,SAN FRANCISCO TETLANOHCAN,2,URBANO(A),2,C
29,3,51,SAN FRANCISCO TETLANOHCAN,160,2,URBANO(A),0,SAN FRANCISCO TETLANOHCAN,2,URBANO(A),1,C
29,2,11,MUÑOZ DE DOMINGO ARENAS,161,3,MIXTO(A),0,MUÑOZ,2,URBANO(A),1,C
29,2,11,MUÑOZ DE DOMINGO ARENAS,162,3,MIXTO(A),0,CUAMANTZINGO,2,URBANO(A),1,C
29,2,11,MUÑOZ DE DOMINGO ARENAS,163,4,RURAL,0,ESTACION GUADALUPE,4,RURAL,9999,C
29,2,11,MUÑOZ DE DOMINGO ARENAS,164,4,RURAL,0,SAN ISIDRO CHIPILA,4,RURAL,1,C
29,2,12,ESPAÑITA,165,3,MIXTO(A),0,ESPAÑITA,2,URBANO(A),2,*
29,2,12,ESPAÑITA,167,4,RURAL,0,ALVARO OBREGON,4,RURAL,2,C
29,2,12,ESPAÑITA,168,2,URBANO(A),0,MAGDALENA CUEXTOTITLA,2,URBANO(A),1,C
29,2,12,ESPAÑITA,169,4,RURAL,0,MIGUEL ALDAMA (COLONIA),4,RURAL,1,C
29,2,12,ESPAÑITA,170,4,RURAL,0,SAN FRANCISCO MITEPEC,4,RURAL,1,C
29,2,12,ESPAÑITA,171,4,RURAL,0,LA JOYA,4,RURAL,9999,C
29,2,12,ESPAÑITA,172,4,RURAL,0,EL RELICARIO,4,RURAL,9999,C
29,2,12,ESPAÑITA,173,4,RURAL,0,LA CONSTANCIA,4,RURAL,1,C
29,2,12,ESPAÑITA,174,4,RURAL,0,SAN MIGUEL EL PIÑON,4,RURAL,1,C
29,2,12,ESPAÑITA,175,4,RURAL,0,LAGUNILLA,4,RURAL,9999,C
29,2,12,ESPAÑITA,176,4,RURAL,0,EL OCOTAL,4,RURAL,9999,C
29,2,12,ESPAÑITA,177,4,RURAL,0,BARRIO DE TORRES,4,RURAL,3,C
29,1,13,HUAMANTLA,178,3,MIXTO(A),0,HUAMANTLA,2,URBANO(A),1,C
29,1,13,HUAMANTLA,179,2,URBANO(A),0,HUAMANTLA,2,URBANO(A),1,C
29,1,13,HUAMANTLA,180,3,MIXTO(A),0,HUAMANTLA,2,URBANO(A),2,C
29,1,13,HUAMANTLA,181,2,URBANO(A),0,HUAMANTLA,2,URBANO(A),1,C
29,1,13,HUAMANTLA,182,2,URBANO(A),0,HUAMANTLA,2,URBANO(A),1,C
29,1,13,HUAMANTLA,183,2,URBANO(A),0,HUAMANTLA,2,URBANO(A),1,C
29,1,13,HUAMANTLA,184,2,URBANO(A),0,HUAMANTLA,2,URBANO(A),1,C
29,1,13,HUAMANTLA,185,2,URBANO(A),0,HUAMANTLA,2,URBANO(A),2,C
29,1,13,HUAMANTLA,186,2,URBANO(A),0,HUAMANTLA,2,URBANO(A),18,C
29,1,13,HUAMANTLA,187,2,URBANO(A),0,HUAMANTLA,2,URBANO(A),1,*
29,1,13,HUAMANTLA,188,2,URBANO(A),0,HUAMANTLA,2,URBANO(A),1,C
29,1,13,HUAMANTLA,189,2,URBANO(A),0,HUAMANTLA,2,URBANO(A),1,C
29,1,13,HUAMANTLA,190,2,URBANO(A),0,HUAMANTLA,2,URBANO(A),13,C
29,1,13,HUAMANTLA,191,2,URBANO(A),0,HUAMANTLA,2,URBANO(A),1,C
29,1,13,HUAMANTLA,192,2,URBANO(A),0,HUAMANTLA,2,URBANO(A),1,C
29,1,13,HUAMANTLA,193,3,MIXTO(A),0,HUAMANTLA,2,URBANO(A),1,C
29,1,13,HUAMANTLA,194,2,URBANO(A),0,HUAMANTLA,2,URBANO(A),1,C
29,1,13,HUAMANTLA,195,2,URBANO(A),0,HUAMANTLA,2,URBANO(A),1,C
29,1,13,HUAMANTLA,196,3,MIXTO(A),0,HERMENEGILDO GALEANA,2,URBANO(A),2,C
29,1,13,HUAMANTLA,197,4,RURAL,0,DE TORRES,4,RURAL,9999,C
29,1,13,HUAMANTLA,198,4,RURAL,0,FRANCISCO I. MADERO (LAS MESAS),4,RURAL,1,C
29,1,13,HUAMANTLA,199,4,RURAL,0,FRANCISCO VILLA TECOAC,4,RURAL,2,C
29,1,13,HUAMANTLA,200,2,URBANO(A),0,EL CARMEN XALPATLAHUAYA,2,URBANO(A),1,C
29,1,13,HUAMANTLA,201,3,MIXTO(A),0,BENITO JUAREZ,2,URBANO(A),1,C
29,1,13,HUAMANTLA,202,4,RURAL,0,COLONIA EL VALLE,4,RURAL,1,C
29,1,13,HUAMANTLA,203,3,MIXTO(A),0,XICOHTENCATL,2,URBANO(A),1,C
29,1,13,HUAMANTLA,204,3,MIXTO(A),0,XICOHTENCATL,2,URBANO(A),1,C
29,1,13,HUAMANTLA,205,4,RURAL,0,LA COMPAÑIA,4,RURAL,9999,C
29,1,13,HUAMANTLA,206,3,MIXTO(A),0,LAZARO CARDENAS,2,URBANO(A),1,*
29,1,13,HUAMANTLA,207,3,MIXTO(A),0,CHAPULTEPEC,2,URBANO(A),1,C
29,1,13,HUAMANTLA,208,4,RURAL,0,EL BATAN,4,RURAL,9999,C
29,1,13,HUAMANTLA,209,3,MIXTO(A),0,COLONIA CUAUHTEMOC,2,URBANO(A),1,C
29,1,13,HUAMANTLA,210,4,RURAL,0,COLONIA MAURO ANGULO,4,RURAL,1,C
29,1,13,HUAMANTLA,211,3,MIXTO(A),0,JOSE MARIA MORELOS,2,URBANO(A),1,C
29,1,13,HUAMANTLA,212,4,RURAL,0,AMPLIACION CARRILLO PUERTO,4,RURAL,9999,C
29,1,13,HUAMANTLA,213,2,URBANO(A),0,IGNACIO ZARAGOZA,2,URBANO(A),1,C
29,1,13,HUAMANTLA,214,2,URBANO(A),0,IGNACIO ZARAGOZA,2,URBANO(A),1,C
29,1,13,HUAMANTLA,215,4,RURAL,0,ALTAMIRA GUADALUPE,4,RURAL,1,C
29,1,13,HUAMANTLA,216,4,RURAL,0,LOS PILARES,4,RURAL,1,C
29,1,13,HUAMANTLA,217,2,URBANO(A),0,HUAMANTLA,2,URBANO(A),1,C
29,1,13,HUAMANTLA,218,2,URBANO(A),0,HUAMANTLA,2,URBANO(A),1,C
29,1,13,HUAMANTLA,219,3,MIXTO(A),0,HUAMANTLA,2,URBANO(A),1,C
29,2,14,HUEYOTLIPAN,220,3,MIXTO(A),0,SAN IDELFONSO HUEYOTLIPAN,2,URBANO(A),1,C
29,2,14,HUEYOTLIPAN,221,2,URBANO(A),0,SAN IDELFONSO HUEYOTLIPAN,2,URBANO(A),1,C
29,2,14,HUEYOTLIPAN,222,3,MIXTO(A),0,LA GASAPERA,4,RURAL,9999,C
29,2,14,HUEYOTLIPAN,223,4,RURAL,0,LA CRUZ TECHALOTE,4,RURAL,9999,C
29,2,14,HUEYOTLIPAN,224,3,MIXTO(A),0,ADOLFO LOPEZ MATEOS,2,URBANO(A),1,*
29,2,14,HUEYOTLIPAN,225,4,RURAL,0,SAN LORENZO TECHALOTE,4,RURAL,2,C
29,2,14,HUEYOTLIPAN,226,4,RURAL,0,SAN DIEGO RECOVA,4,RURAL,1,C
29,2,14,HUEYOTLIPAN,227,4,RURAL,0,SANTIAGO TLALPAN,4,RURAL,1,C
29,2,14,HUEYOTLIPAN,228,2,URBANO(A),0,SAN SIMEON XIPETZINCO,2,URBANO(A),1,C
29,2,14,HUEYOTLIPAN,229,4,RURAL,0,SAN MANUEL,4,RURAL,9999,C
29,2,14,HUEYOTLIPAN,230,4,RURAL,0,AGUA LIMPIA,4,RURAL,9999,C
29,2,14,HUEYOTLIPAN,231,4,RURAL,0,EL CARMEN,4,RURAL,1,C
29,2,15,IXTACUIXTLA DE MARIANO MATAMOROS,232,3,MIXTO(A),0,IXTACUIXTLA DE MARIANO MATAMOROS,2,URBANO(A),1,C
29,2,15,IXTACUIXTLA DE MARIANO MATAMOROS,233,2,URBANO(A),0,IXTACUIXTLA DE MARIANO MATAMOROS,2,URBANO(A),1,C
29,2,15,IXTACUIXTLA DE MARIANO MATAMOROS,234,2,URBANO(A),0,IXTACUIXTLA DE MARIANO MATAMOROS,2,URBANO(A),1,C
29,2,15,IXTACUIXTLA DE MARIANO MATAMOROS,235,4,RURAL,0,EL MIRADOR,4,RURAL,9999,C
29,2,15,IXTACUIXTLA DE MARIANO MATAMOROS,236,4,RURAL,0,LA CARIDAD CUAXONACAYO,4,RURAL,2,C
29,2,15,IXTACUIXTLA DE MARIANO MATAMOROS,237,4,RURAL,0,SANTA ROSA DE LIMA,4,RURAL,1,C
29,2,15,IXTACUIXTLA DE MARIANO MATAMOROS,238,4,RURAL,0,SAN JUAN NEPOPUALCO,4,RURAL,1,C
29,2,15,IXTACUIXTLA DE MARIANO MATAMOROS,239,4,RURAL,0,SAN MARCOS JILOTEPEC,4,RURAL,3,C
29,2,15,IXTACUIXTLA DE MARIANO MATAMOROS,240,3,MIXTO(A),0,ALPOTZONGA,4,RURAL,9999,C
29,2,15,IXTACUIXTLA DE MARIANO MATAMOROS,241,3,MIXTO(A),0,SAN ANTONIO ATOTONILCO,2,URBANO(A),1,C
29,2,15,IXTACUIXTLA DE MARIANO MATAMOROS,242,2,URBANO(A),0,SAN ANTONIO ATOTONILCO,2,URBANO(A),1,C
29,2,15,IXTACUIXTLA DE MARIANO MATAMOROS,243,4,RURAL,0,EL CARMEN,4,RURAL,9999,C
29,2,15,IXTACUIXTLA DE MARIANO MATAMOROS,244,4,RURAL,0,SANTIAGO XOCHIMILCO,4,RURAL,1,C
29,2,15,IXTACUIXTLA DE MARIANO MATAMOROS,245,2,URBANO(A),0,LA TRINIDAD TENEXYECAC,2,URBANO(A),1,C
29,2,15,IXTACUIXTLA DE MARIANO MATAMOROS,246,2,URBANO(A),0,SAN ANTONIO TECOAC,2,URBANO(A),1,C
29,2,15,IXTACUIXTLA DE MARIANO MATAMOROS,247,2,URBANO(A),0,SAN ANTONIO TIZOSTOC,2,URBANO(A),1,C
29,2,15,IXTACUIXTLA DE MARIANO MATAMOROS,248,3,MIXTO(A),0,LA COLONIA,4,RURAL,9999,C
29,2,15,IXTACUIXTLA DE MARIANO MATAMOROS,249,3,MIXTO(A),0,BELLAVISTA,4,RURAL,9999,C
29,2,15,IXTACUIXTLA DE MARIANO MATAMOROS,250,3,MIXTO(A),0,LA CORONA,4,RURAL,9999,C
29,2,15,IXTACUIXTLA DE MARIANO MATAMOROS,251,2,URBANO(A),0,SAN DIEGO XOCOYUCAN,2,URBANO(A),1,C
29,2,15,IXTACUIXTLA DE MARIANO MATAMOROS,252,2,URBANO(A),0,SANTA JUSTINA ECATEPEC,2,URBANO(A),1,C
29,2,15,IXTACUIXTLA DE MARIANO MATAMOROS,253,3,MIXTO(A),0,SANTA JUSTINA ECATEPEC,2,URBANO(A),1,C
29,2,58,SANTA ANA NOPALUCAN,254,2,URBANO(A),0,SANTA ANA NOPALUCAN,2,URBANO(A),1,C
29,2,58,SANTA ANA NOPALUCAN,255,2,URBANO(A),0,SANTA ANA NOPALUCAN,2,URBANO(A),1,C
29,2,15,IXTACUIXTLA DE MARIANO MATAMOROS,256,2,URBANO(A),0,SANTA INES TECUEXCOMAC,2,URBANO(A),1,C
29,2,15,IXTACUIXTLA DE MARIANO MATAMOROS,257,2,URBANO(A),0,SANTA INES TECUEXCOMAC,2,URBANO(A),1,C
29,2,15,IXTACUIXTLA DE MARIANO MATAMOROS,258,2,URBANO(A),0,IXTACUIXTLA DE MARIANO MATAMOROS,2,URBANO(A),1,C
29,1,16,IXTENCO,259,2,URBANO(A),0,SAN JUAN IXTENCO,2,URBANO(A),1,C
29,1,16,IXTENCO,260,2,URBANO(A),0,SAN JUAN IXTENCO,2,URBANO(A),1,C
29,1,16,IXTENCO,261,2,URBANO(A),0,SAN JUAN IXTENCO,2,URBANO(A),1,C
29,1,16,IXTENCO,262,2,URBANO(A),0,SAN JUAN IXTENCO,2,URBANO(A),1,C
29,3,17,MAZATECOCHCO DE JOSE MARIA MORELOS,263,2,URBANO(A),0,SAN COSME MAZATECOCHCO,2,URBANO(A),2,C
29,3,17,MAZATECOCHCO DE JOSE MARIA MORELOS,264,2,URBANO(A),0,SAN COSME MAZATECOCHCO,2,URBANO(A),1,C
29,3,17,MAZATECOCHCO DE JOSE MARIA MORELOS,265,2,URBANO(A),0,SAN COSME MAZATECOCHCO,2,URBANO(A),1,C
29,3,17,MAZATECOCHCO DE JOSE MARIA MORELOS,266,2,URBANO(A),0,SAN COSME MAZATECOCHCO,2,URBANO(A),2,C
29,3,18,CONTLA DE JUAN CUAMATZI,267,2,URBANO(A),0,SAN BERNARDINO CONTLA,2,URBANO(A),1,C
29,3,18,CONTLA DE JUAN CUAMATZI,268,2,URBANO(A),0,SAN BERNARDINO CONTLA,2,URBANO(A),1,C
29,3,18,CONTLA DE JUAN CUAMATZI,269,2,URBANO(A),0,SAN BERNARDINO CONTLA,2,URBANO(A),1,C
29,3,18,CONTLA DE JUAN CUAMATZI,270,2,URBANO(A),0,SAN BERNARDINO CONTLA,2,URBANO(A),1,C
29,3,18,CONTLA DE JUAN CUAMATZI,271,2,URBANO(A),0,SAN BERNARDINO CONTLA,2,URBANO(A),1,C
29,3,18,CONTLA DE JUAN CUAMATZI,272,2,URBANO(A),0,SAN BERNARDINO CONTLA,2,URBANO(A),1,C
29,3,18,CONTLA DE JUAN CUAMATZI,273,2,URBANO(A),0,SAN BERNARDINO CONTLA,2,URBANO(A),1,C
29,3,18,CONTLA DE JUAN CUAMATZI,274,2,URBANO(A),0,SAN BERNARDINO CONTLA,2,URBANO(A),1,C
29,3,18,CONTLA DE JUAN CUAMATZI,275,2,URBANO(A),0,SAN BERNARDINO CONTLA,2,URBANO(A),1,C
29,3,18,CONTLA DE JUAN CUAMATZI,276,2,URBANO(A),0,SAN BERNARDINO CONTLA,2,URBANO(A),1,C
29,3,18,CONTLA DE JUAN CUAMATZI,277,4,RURAL,0,SANTA MARIA AQUIAHUAC,4,RURAL,1,C
29,3,18,CONTLA DE JUAN CUAMATZI,278,2,URBANO(A),0,LUZ (BARRIO), LA,2,URBANO(A),1
29,3,18,CONTLA DE JUAN CUAMATZI,279,2,URBANO(A),0,SAN FELIPE CUAHUTENCO,2,URBANO(A),1,C
29,3,18,CONTLA DE JUAN CUAMATZI,280,4,RURAL,0,IXTLAHUACA,4,RURAL,1,C
29,3,18,CONTLA DE JUAN CUAMATZI,281,2,URBANO(A),0,SAN JOSE AZTATLA,2,URBANO(A),1,C
29,3,18,CONTLA DE JUAN CUAMATZI,282,4,RURAL,0,OCOTLAN TEPATLAXCO,4,RURAL,1,C
29,3,18,CONTLA DE JUAN CUAMATZI,283,2,URBANO(A),0,SAN BERNARDINO CONTLA,2,URBANO(A),1,C
29,2,19,TEPETITLA DE LARDIZABAL,284,2,URBANO(A),0,TEPETITLA,2,URBANO(A),1,C
29,2,19,TEPETITLA DE LARDIZABAL,285,2,URBANO(A),0,TEPETITLA,2,URBANO(A),5,C
29,2,19,TEPETITLA DE LARDIZABAL,286,2,URBANO(A),0,TEPETITLA,2,URBANO(A),1,C
29,2,19,TEPETITLA DE LARDIZABAL,287,2,URBANO(A),0,TEPETITLA,2,URBANO(A),2,C
29,2,19,TEPETITLA DE LARDIZABAL,289,3,MIXTO(A),0,VILLA ALTA,2,URBANO(A),1,C
29,2,19,TEPETITLA DE LARDIZABAL,290,2,URBANO(A),0,SAN MATEO AYECAC,2,URBANO(A),1,C
29,2,19,TEPETITLA DE LARDIZABAL,291,2,URBANO(A),0,TEPETITLA,2,URBANO(A),1,C
29,2,20,SANCTORUM DE LAZARO CARDENAS,292,2,URBANO(A),0,SANCTORUM,2,URBANO(A),1,C
29,2,20,SANCTORUM DE LAZARO CARDENAS,293,4,RURAL,0,LOS ALPINOS,4,RURAL,9999,C
29,2,20,SANCTORUM DE LAZARO CARDENAS,294,2,URBANO(A),0,SANCTORUM,2,URBANO(A),3,C
29,2,60,BENITO JUAREZ,295,2,URBANO(A),0,BENITO JUAREZ,2,URBANO(A),1,C
29,2,60,BENITO JUAREZ,296,2,URBANO(A),0,BENITO JUAREZ,2,URBANO(A),2,*
29,2,20,SANCTORUM DE LAZARO CARDENAS,297,2,URBANO(A),0,FRANCISCO VILLA,2,URBANO(A),1,C
29,2,20,SANCTORUM DE LAZARO CARDENAS,298,3,MIXTO(A),0,FRANCISCO VILLA,2,URBANO(A),1,C
29,2,21,NANACAMILPA DE MARIANO ARISTA,299,2,URBANO(A),0,NANACAMILPA,2,URBANO(A),1,C
29,2,21,NANACAMILPA DE MARIANO ARISTA,300,3,MIXTO(A),0,NANACAMILPA,2,URBANO(A),1,C
29,2,21,NANACAMILPA DE MARIANO ARISTA,301,3,MIXTO(A),0,NANACAMILPA,2,URBANO(A),1,C
29,2,21,NANACAMILPA DE MARIANO ARISTA,302,3,MIXTO(A),0,NANACAMILPA,2,URBANO(A),1,C
29,2,21,NANACAMILPA DE MARIANO ARISTA,303,2,URBANO(A),0,NANACAMILPA,2,URBANO(A),1,*
29,2,21,NANACAMILPA DE MARIANO ARISTA,304,3,MIXTO(A),0,AGUA SANTA,4,RURAL,9999,C
29,2,21,NANACAMILPA DE MARIANO ARISTA,305,4,RURAL,0,GENERAL DOMINGO ARENAS,4,RURAL,3,C
29,2,21,NANACAMILPA DE MARIANO ARISTA,306,4,RURAL,0,TEPUENTE,4,RURAL,1,C
29,2,21,NANACAMILPA DE MARIANO ARISTA,307,4,RURAL,0,MIGUEL LIRA Y ORTEGA,4,RURAL,1,C
29,2,21,NANACAMILPA DE MARIANO ARISTA,308,3,MIXTO(A),0,EL ARCO,4,RURAL,9999,C
29,3,22,ACUAMANALA DE MIGUEL HIDALGO,309,2,URBANO(A),0,ACUAMANALA,2,URBANO(A),1,C
29,3,22,ACUAMANALA DE MIGUEL HIDALGO,310,2,URBANO(A),0,ACUAMANALA,2,URBANO(A),1,C
29,3,22,ACUAMANALA DE MIGUEL HIDALGO,311,2,URBANO(A),0,GUADALUPE HIDALGO,2,URBANO(A),1,C
29,3,22,ACUAMANALA DE MIGUEL HIDALGO,312,4,RURAL,0,OLEXTLA DE JUAREZ,4,RURAL,1,C
29,3,46,SANTA CRUZ QUILEHTLA,313,2,URBANO(A),0,SANTA CRUZ QUILEHTLA,2,URBANO(A),1,C
29,3,46,SANTA CRUZ QUILEHTLA,314,2,URBANO(A),0,SANTA CRUZ QUILEHTLA,2,URBANO(A),2,C
29,3,46,SANTA CRUZ QUILEHTLA,315,2,URBANO(A),0,AYOMETITLA,2,URBANO(A),1,C
29,2,45,SANTA APOLONIA TEACALCO,316,2,URBANO(A),0,SANTA APOLONIA TEACALCO,2,URBANO(A),1,C
29,2,45,SANTA APOLONIA TEACALCO,317,2,URBANO(A),0,SANTA APOLONIA TEACALCO,2,URBANO(A),1,C
29,2,23,NATIVITAS,318,2,URBANO(A),0,SANTA MARIA NATIVITAS,2,URBANO(A),1,C
29,2,23,NATIVITAS,319,2,URBANO(A),0,SANTA MARIA NATIVITAS,2,URBANO(A),1,C
29,2,23,NATIVITAS,320,2,URBANO(A),0,SANTA MARIA NATIVITAS,2,URBANO(A),1,C
29,2,23,NATIVITAS,321,3,MIXTO(A),0,SANTA MARIA NATIVITAS,2,URBANO(A),2,C
29,2,23,NATIVITAS,322,3,MIXTO(A),0,SANTA MARIA NATIVITAS,2,URBANO(A),1,C
29,2,23,NATIVITAS,323,2,URBANO(A),0,SAN VICENTE XILOXOCHITLA,2,URBANO(A),1,*
29,2,23,NATIVITAS,324,2,URBANO(A),0,SAN VICENTE XILOXOCHITLA,2,URBANO(A),10,C
29,2,23,NATIVITAS,325,2,URBANO(A),0,SAN JOSE ATOYATENCO,2,URBANO(A),1,C
29,2,23,NATIVITAS,326,2,URBANO(A),0,SAN RAFAEL TENANYECAC,2,URBANO(A),1,C
29,2,23,NATIVITAS,327,2,URBANO(A),0,SAN MIGUEL XOCHITECATITLA,2,URBANO(A),2,C
29,2,23,NATIVITAS,328,2,URBANO(A),0,SAN MIGUEL DEL MILAGRO,2,URBANO(A),2,C
29,2,23,NATIVITAS,329,3,MIXTO(A),0,NUEVO CENTRO DE POBLACION AGRICOLA,4,RURAL,1,C
29,2,23,NATIVITAS,330,2,URBANO(A),0,SANTIAGO MICHAC,2,URBANO(A),1,C
29,2,23,NATIVITAS,331,3,MIXTO(A),0,ANALCO,2,URBANO(A),1,C
29,2,24,PANOTLA,332,2,URBANO(A),0,SAN NICOLAS PANOTLA,2,URBANO(A),1,C
29,2,24,PANOTLA,333,2,URBANO(A),0,SAN NICOLAS PANOTLA,2,URBANO(A),3,C
29,2,24,PANOTLA,334,2,URBANO(A),0,SAN NICOLAS PANOTLA,2,URBANO(A),3,C
29,2,24,PANOTLA,335,2,URBANO(A),0,SAN NICOLAS PANOTLA,2,URBANO(A),1,C
29,2,24,PANOTLA,336,2,URBANO(A),0,SAN NICOLAS PANOTLA,2,URBANO(A),1,C
29,2,24,PANOTLA,337,2,URBANO(A),0,SAN NICOLAS PANOTLA,2,URBANO(A),1,C
29,2,24,PANOTLA,338,2,URBANO(A),0,SAN TADEO HUILOAPAN,2,URBANO(A),1,C
29,2,24,PANOTLA,339,2,URBANO(A),0,SAN MATEO HUEXOYUCAN,2,URBANO(A),1,C
29,2,24,PANOTLA,340,3,MIXTO(A),0,SAN MATEO HUEXOYUCAN,2,URBANO(A),1,C
29,2,24,PANOTLA,341,4,RURAL,0,SANTA CATALINA APATLAHCO,4,RURAL,3,C
29,2,24,PANOTLA,342,3,MIXTO(A),0,SAN FRANCISCO TEMETZONTLA,2,URBANO(A),1,C
29,2,24,PANOTLA,343,4,RURAL,0,SAN AMBROSIO TEXANTLA,4,RURAL,1,C
29,2,24,PANOTLA,344,2,URBANO(A),0,JESUS ACATITLA,2,URBANO(A),1,C
29,2,24,PANOTLA,345,2,URBANO(A),0,SANTA CRUZ TECHACHALCO,2,URBANO(A),1,C
29,2,24,PANOTLA,346,2,URBANO(A),0,SAN JORGE TEZOQUIPAN,2,URBANO(A),1,C
29,2,24,PANOTLA,347,2,URBANO(A),0,SAN JORGE TEZOQUIPAN,2,URBANO(A),1,C
29,3,25,SAN PABLO DEL MONTE,348,2,URBANO(A),0,CIUDAD DE SAN PABLO DEL MONTE,2,URBANO(A),1,C
29,3,25,SAN PABLO DEL MONTE,349,3,MIXTO(A),0,CIUDAD DE SAN PABLO DEL MONTE,2,URBANO(A),1,C
29,3,25,SAN PABLO DEL MONTE,351,2,URBANO(A),0,CIUDAD DE SAN PABLO DEL MONTE,2,URBANO(A),1,C
29,3,25,SAN PABLO DEL MONTE,352,2,URBANO(A),0,CIUDAD DE SAN PABLO DEL MONTE,2,URBANO(A),1,C
29,3,25,SAN PABLO DEL MONTE,353,2,URBANO(A),0,CIUDAD DE SAN PABLO DEL MONTE,2,URBANO(A),1,C
29,3,25,SAN PABLO DEL MONTE,354,2,URBANO(A),0,CIUDAD DE SAN PABLO DEL MONTE,2,URBANO(A),1,C
29,3,25,SAN PABLO DEL MONTE,355,2,URBANO(A),0,CIUDAD DE SAN PABLO DEL MONTE,2,URBANO(A),13,C
29,3,25,SAN PABLO DEL MONTE,356,2,URBANO(A),0,CIUDAD DE SAN PABLO DEL MONTE,2,URBANO(A),4,C
29,3,25,SAN PABLO DEL MONTE,357,2,URBANO(A),0,CIUDAD DE SAN PABLO DEL MONTE,2,URBANO(A),4,C
29,3,25,SAN PABLO DEL MONTE,358,2,URBANO(A),0,CIUDAD DE SAN PABLO DEL MONTE,2,URBANO(A),1,C
29,3,25,SAN PABLO DEL MONTE,359,2,URBANO(A),0,CIUDAD DE SAN PABLO DEL MONTE,2,URBANO(A),6,C
29,3,25,SAN PABLO DEL MONTE,360,2,URBANO(A),0,CIUDAD DE SAN PABLO DEL MONTE,2,URBANO(A),1,C
29,3,25,SAN PABLO DEL MONTE,361,2,URBANO(A),0,CIUDAD DE SAN PABLO DEL MONTE,2,URBANO(A),1,C
29,3,25,SAN PABLO DEL MONTE,363,3,MIXTO(A),0,SAN ISIDRO BUENSUCESO,2,URBANO(A),1,C
29,3,25,SAN PABLO DEL MONTE,364,2,URBANO(A),0,SAN ISIDRO BUENSUCESO,2,URBANO(A),1,C
29,1,26,SANTA CRUZ TLAXCALA,365,2,URBANO(A),0,SANTA CRUZ TLAXCALA,2,URBANO(A),1,C
29,1,26,SANTA CRUZ TLAXCALA,366,2,URBANO(A),0,SANTA CRUZ TLAXCALA,2,URBANO(A),1,C
29,1,26,SANTA CRUZ TLAXCALA,367,2,URBANO(A),0,SANTA CRUZ TLAXCALA,2,URBANO(A),1,C
29,1,26,SANTA CRUZ TLAXCALA,368,2,URBANO(A),0,SANTA CRUZ TLAXCALA,2,URBANO(A),1,C
29,1,26,SANTA CRUZ TLAXCALA,369,2,URBANO(A),0,SANTA CRUZ TLAXCALA,2,URBANO(A),1,C
29,1,26,SANTA CRUZ TLAXCALA,370,2,URBANO(A),0,JESUS HUITZNAHUAC ,2,URBANO(A),1,C
29,1,26,SANTA CRUZ TLAXCALA,371,3,MIXTO(A),0,LA CONCEPCION,4,RURAL,9999,*
29,3,27,TENANCINGO,372,2,URBANO(A),0,SAN MIGUEL TENANCINGO,2,URBANO(A),1,C
29,3,27,TENANCINGO,373,2,URBANO(A),0,SAN MIGUEL TENANCINGO,2,URBANO(A),2,C
29,3,27,TENANCINGO,374,2,URBANO(A),0,SAN MIGUEL TENANCINGO,2,URBANO(A),2,C
29,3,27,TENANCINGO,375,2,URBANO(A),0,SAN MIGUEL TENANCINGO,2,URBANO(A),1,C
29,3,27,TENANCINGO,376,2,URBANO(A),0,SAN MIGUEL TENANCINGO,2,URBANO(A),1,C
29,3,27,TENANCINGO,377,2,URBANO(A),0,SAN MIGUEL TENANCINGO,2,URBANO(A),7,C
29,3,28,TEOLOCHOLCO,378,2,URBANO(A),0,SAN LUIS TEOLOCHOLCO,2,URBANO(A),19,C
29,3,28,TEOLOCHOLCO,379,2,URBANO(A),0,SAN LUIS TEOLOCHOLCO,2,URBANO(A),1,C
29,3,28,TEOLOCHOLCO,381,2,URBANO(A),0,SAN LUIS TEOLOCHOLCO,2,URBANO(A),2,C
29,3,28,TEOLOCHOLCO,382,2,URBANO(A),0,SAN LUIS TEOLOCHOLCO,2,URBANO(A),1,C
29,3,28,TEOLOCHOLCO,383,2,URBANO(A),0,SAN LUIS TEOLOCHOLCO,2,URBANO(A),1,C
29,3,28,TEOLOCHOLCO,384,2,URBANO(A),0,SAN LUIS TEOLOCHOLCO,2,URBANO(A),1,C
29,3,28,TEOLOCHOLCO,385,4,RURAL,0,COAXINCA,4,RURAL,1,C
29,3,28,TEOLOCHOLCO,386,2,URBANO(A),0,EL CARMEN AZTAMA,2,URBANO(A),1,C
29,3,29,TEPEYANCO,387,3,MIXTO(A),0,SAN FRANCISCO TEPEYANCO,2,URBANO(A),1,C
29,3,29,TEPEYANCO,388,2,URBANO(A),0,SAN FRANCISCO TEPEYANCO,2,URBANO(A),1,C
29,3,29,TEPEYANCO,389,4,RURAL,0,GUERRERO,4,RURAL,1,C
29,3,29,TEPEYANCO,390,2,URBANO(A),0,SANTIAGO TLACOCHCALCO,2,URBANO(A),1,C
29,3,49,SANTA ISABEL XILOXOXTLA,391,2,URBANO(A),0,SANTA ISABEL XILOXOXTLA,2,URBANO(A),1,C
29,3,49,SANTA ISABEL XILOXOXTLA,392,2,URBANO(A),0,SANTA ISABEL XILOXOXTLA,2,URBANO(A),1,C
29,3,29,TEPEYANCO,393,2,URBANO(A),0,LA AURORA,2,URBANO(A),1,C
29,3,29,TEPEYANCO,394,2,URBANO(A),0,SAN COSME ATLAMAXAC,2,URBANO(A),1,C
29,3,47,SAN JUAN HUACTZINCO,395,2,URBANO(A),0,SAN JUAN HUACTZINCO,2,URBANO(A),3,C
29,3,47,SAN JUAN HUACTZINCO,396,2,URBANO(A),0,SAN JUAN HUACTZINCO,2,URBANO(A),1,C
29,3,29,TEPEYANCO,397,2,URBANO(A),0,SAN PEDRO XALCATZINCO,2,URBANO(A),1,C
29,1,30,TERRENATE,398,3,MIXTO(A),0,SAN NICOLAS TERRENATE,2,URBANO(A),1,C
29,1,30,TERRENATE,399,3,MIXTO(A),0,SAN NICOLAS TERRENATE,2,URBANO(A),1,C
29,1,54,EMILIANO ZAPATA,400,4,RURAL,0,LA LOMA,4,RURAL,9999,C
29,1,54,EMILIANO ZAPATA,401,4,RURAL,0,AMAPOLA,4,RURAL,9999,C
29,1,55,LAZARO CARDENAS,402,4,RURAL,0,ATLIXTACA,4,RURAL,9999,C
29,1,30,TERRENATE,403,3,MIXTO(A),0,LA CARPINTERIA,4,RURAL,9999,C
29,1,30,TERRENATE,404,3,MIXTO(A),0,TOLUCA DE GUADALUPE,2,URBANO(A),1,*
29,1,30,TERRENATE,405,4,RURAL,0,LOS AMELES,4,RURAL,1,C
29,1,30,TERRENATE,406,4,RURAL,0,COLONIA EL CAPULIN,4,RURAL,1,C
29,1,30,TERRENATE,407,3,MIXTO(A),0,GUADALUPE VICTORIA,2,URBANO(A),1,C
29,1,30,TERRENATE,408,3,MIXTO(A),0,NICOLAS BRAVO,2,URBANO(A),1,*
29,1,31,TETLA DE LA SOLIDARIDAD,409,2,URBANO(A),0,SANTIAGO TETLA,2,URBANO(A),1,C
29,1,31,TETLA DE LA SOLIDARIDAD,410,2,URBANO(A),0,SANTIAGO TETLA,2,URBANO(A),1,C
29,1,31,TETLA DE LA SOLIDARIDAD,411,2,URBANO(A),0,SANTIAGO TETLA,2,URBANO(A),1,C
29,1,31,TETLA DE LA SOLIDARIDAD,412,2,URBANO(A),0,SANTIAGO TETLA,2,URBANO(A),4,C
29,1,31,TETLA DE LA SOLIDARIDAD,413,2,URBANO(A),0,SANTIAGO TETLA,2,URBANO(A),1,C
29,1,31,TETLA DE LA SOLIDARIDAD,414,2,URBANO(A),0,SANTIAGO TETLA,2,URBANO(A),1,C
29,1,31,TETLA DE LA SOLIDARIDAD,415,2,URBANO(A),0,SANTIAGO TETLA,2,URBANO(A),1,C
29,1,31,TETLA DE LA SOLIDARIDAD,416,3,MIXTO(A),0,CAPULAC,2,URBANO(A),1,C
29,1,31,TETLA DE LA SOLIDARIDAD,417,4,RURAL,0,RANCHO EL CARMEN,4,RURAL,9999,C
29,1,31,TETLA DE LA SOLIDARIDAD,418,4,RURAL,0,ESTACION MENA,4,RURAL,9999,C
29,1,31,TETLA DE LA SOLIDARIDAD,419,4,RURAL,0,PAVON,4,RURAL,9999,C
29,1,31,TETLA DE LA SOLIDARIDAD,420,3,MIXTO(A),0,SAN FRANCISCO ATEXCATZINGO,2,URBANO(A),1,C
29,1,31,TETLA DE LA SOLIDARIDAD,421,2,URBANO(A),0,SAN FRANCISCO ATEXCATZINGO,2,URBANO(A),1,C
29,1,31,TETLA DE LA SOLIDARIDAD,423,4,RURAL,0,SAN ISIDRO PIEDRAS NEGRAS,4,RURAL,1,C
29,3,32,TETLATLAHUCA,424,3,MIXTO(A),0,SANTA ISABEL TETLATLAHUCA,2,URBANO(A),1,C
29,3,32,TETLATLAHUCA,425,2,URBANO(A),0,SANTA ISABEL TETLATLAHUCA,2,URBANO(A),1,C
29,3,32,TETLATLAHUCA,426,2,URBANO(A),0,SANTA ISABEL TETLATLAHUCA,2,URBANO(A),1,C
29,3,32,TETLATLAHUCA,427,2,URBANO(A),0,SANTA ISABEL TETLATLAHUCA,2,URBANO(A),1,C
29,3,32,TETLATLAHUCA,428,2,URBANO(A),0,SANTA ISABEL TETLATLAHUCA,2,URBANO(A),2,C
29,2,53,SAN DAMIAN TEXOLOC,429,3,MIXTO(A),0,SAN DAMIAN TEXOLOC,2,URBANO(A),1,C
29,2,53,SAN DAMIAN TEXOLOC,430,2,URBANO(A),0,SAN DAMIAN TEXOLOC,2,URBANO(A),1,C
29,3,32,TETLATLAHUCA,431,2,URBANO(A),0,SAN ANDRES CUAMILPA,2,URBANO(A),1,C
29,3,56,SAN JERONIMO ZACUALPAN,432,2,URBANO(A),0,SAN JERONIMO ZACUALPAN,2,URBANO(A),1,C
29,3,56,SAN JERONIMO ZACUALPAN,433,2,URBANO(A),0,SAN JERONIMO ZACUALPAN,2,URBANO(A),1,C
29,3,32,TETLATLAHUCA,434,4,RURAL,0,SANTA ANA PORTALES,4,RURAL,1,C
29,2,33,TLAXCALA,435,2,URBANO(A),0,TLAXCALA DE XICOHTENCATL,2,URBANO(A),1,C
29,2,33,TLAXCALA,436,2,URBANO(A),0,TLAXCALA DE XICOHTENCATL,2,URBANO(A),1,C
29,2,33,TLAXCALA,437,2,URBANO(A),0,TLAXCALA DE XICOHTENCATL,2,URBANO(A),2,C
29,2,33,TLAXCALA,438,2,URBANO(A),0,TLAXCALA DE XICOHTENCATL,2,URBANO(A),1,C
29,2,33,TLAXCALA,439,2,URBANO(A),0,TLAXCALA DE XICOHTENCATL,2,URBANO(A),1,C
29,2,33,TLAXCALA,440,2,URBANO(A),0,TLAXCALA DE XICOHTENCATL,2,URBANO(A),1,C
29,2,33,TLAXCALA,441,2,URBANO(A),0,TLAXCALA DE XICOHTENCATL,2,URBANO(A),11,C
29,2,33,TLAXCALA,442,2,URBANO(A),0,TLAXCALA DE XICOHTENCATL,2,URBANO(A),3,C
29,2,33,TLAXCALA,443,2,URBANO(A),0,TLAXCALA DE XICOHTENCATL,2,URBANO(A),8,C
29,2,33,TLAXCALA,444,2,URBANO(A),0,TLAXCALA DE XICOHTENCATL,2,URBANO(A),1,C
29,2,33,TLAXCALA,445,2,URBANO(A),0,TLAXCALA DE XICOHTENCATL,2,URBANO(A),2,C
29,2,33,TLAXCALA,446,2,URBANO(A),0,TLAXCALA DE XICOHTENCATL,2,URBANO(A),1,C
29,2,33,TLAXCALA,447,2,URBANO(A),0,TLAXCALA DE XICOHTENCATL,2,URBANO(A),1,C
29,2,33,TLAXCALA,448,2,URBANO(A),0,TLAXCALA DE XICOHTENCATL,2,URBANO(A),1,C
29,2,33,TLAXCALA,449,2,URBANO(A),0,TLAXCALA DE XICOHTENCATL,2,URBANO(A),2,C
29,2,33,TLAXCALA,450,2,URBANO(A),0,TLAXCALA DE XICOHTENCATL,2,URBANO(A),1,C
29,2,33,TLAXCALA,451,2,URBANO(A),0,TLAXCALA DE XICOHTENCATL,2,URBANO(A),1,C
29,2,33,TLAXCALA,452,2,URBANO(A),0,TLAXCALA DE XICOHTENCATL,2,URBANO(A),1,C
29,2,33,TLAXCALA,454,2,URBANO(A),0,TLAXCALA DE XICOHTENCATL,2,URBANO(A),20,C
29,2,33,TLAXCALA,455,2,URBANO(A),0,TLAXCALA DE XICOHTENCATL,2,URBANO(A),13,C
29,2,33,TLAXCALA,456,2,URBANO(A),0,TLAXCALA DE XICOHTENCATL,2,URBANO(A),1,C
29,2,33,TLAXCALA,457,2,URBANO(A),0,TLAXCALA DE XICOHTENCATL,2,URBANO(A),1,C
29,2,33,TLAXCALA,459,2,URBANO(A),0,TLAXCALA DE XICOHTENCATL,2,URBANO(A),1,C
29,2,33,TLAXCALA,460,2,URBANO(A),0,TLAXCALA DE XICOHTENCATL,2,URBANO(A),1,*
29,2,33,TLAXCALA,461,2,URBANO(A),0,TLAXCALA DE XICOHTENCATL,2,URBANO(A),1,C
29,2,33,TLAXCALA,462,2,URBANO(A),0,TLAXCALA DE XICOHTENCATL,2,URBANO(A),1,C
29,2,33,TLAXCALA,463,2,URBANO(A),0,TLAXCALA DE XICOHTENCATL,2,URBANO(A),1,C
29,2,33,TLAXCALA,464,2,URBANO(A),0,TLAXCALA DE XICOHTENCATL,2,URBANO(A),2,C
29,2,33,TLAXCALA,466,2,URBANO(A),0,TLAXCALA DE XICOHTENCATL,2,URBANO(A),1,C
29,2,33,TLAXCALA,467,2,URBANO(A),0,TLAXCALA DE XICOHTENCATL,2,URBANO(A),2,C
29,2,33,TLAXCALA,468,2,URBANO(A),0,TLAXCALA DE XICOHTENCATL,2,URBANO(A),1,C
29,2,33,TLAXCALA,469,2,URBANO(A),0,TLAXCALA DE XICOHTENCATL,2,URBANO(A),1,C
29,1,34,TLAXCO,470,2,URBANO(A),0,TLAXCO DE MORELOS,2,URBANO(A),4,C
29,1,34,TLAXCO,471,3,MIXTO(A),0,TLAXCO DE MORELOS,2,URBANO(A),1,C
29,1,34,TLAXCO,472,2,URBANO(A),0,TLAXCO DE MORELOS,2,URBANO(A),1,C
29,1,34,TLAXCO,473,3,MIXTO(A),0,TLAXCO DE MORELOS,2,URBANO(A),1,C
29,1,34,TLAXCO,474,3,MIXTO(A),0,TLAXCO DE MORELOS,2,URBANO(A),1,C
29,1,34,TLAXCO,475,2,URBANO(A),0,TLAXCO DE MORELOS,2,URBANO(A),1,C
29,1,34,TLAXCO,476,3,MIXTO(A),0,TLAXCO DE MORELOS,2,URBANO(A),1,C
29,1,34,TLAXCO,477,2,URBANO(A),0,TLAXCO DE MORELOS,2,URBANO(A),1,C
29,1,34,TLAXCO,478,3,MIXTO(A),0,TLAXCO DE MORELOS,2,URBANO(A),1,C
29,1,34,TLAXCO,479,4,RURAL,0,APETENERA,4,RURAL,9999,C
29,1,34,TLAXCO,480,4,RURAL,0,LAS VIGAS,4,RURAL,2,C
29,1,34,TLAXCO,481,3,MIXTO(A),0,ACOPINALCO DEL PEÑON,2,URBANO(A),1,C
29,1,34,TLAXCO,482,2,URBANO(A),0,EL ROSARIO,2,URBANO(A),1,C
29,1,34,TLAXCO,483,4,RURAL,0,MAGUEY CENIZO,4,RURAL,1,C
29,1,34,TLAXCO,484,3,MIXTO(A),0,UNION EJIDAL TIERRA Y LIBERTAD,2,URBANO(A),1,C
29,1,34,TLAXCO,485,4,RURAL,0,MARIANO MATAMOROS,4,RURAL,1,C
29,1,34,TLAXCO,486,4,RURAL,0,CASA BLANCA,4,RURAL,1,C
29,1,34,TLAXCO,487,4,RURAL,0,LOMA BONITA,4,RURAL,9999,C
29,1,34,TLAXCO,488,2,URBANO(A),0,LAGUNILLAS,2,URBANO(A),1,*
29,1,34,TLAXCO,489,4,RURAL,0,EL CARMEN,4,RURAL,9999,C
29,1,34,TLAXCO,490,4,RURAL,0,LA CIENEGA,4,RURAL,9999,C
29,1,34,TLAXCO,491,2,URBANO(A),0,ATOTONILCO,2,URBANO(A),1,C
29,1,34,TLAXCO,492,4,RURAL,0,HERRADURA O EJIDO DE TLAXCO,4,RURAL,1,C
29,1,34,TLAXCO,493,4,RURAL,0,EL CARMEN,4,RURAL,9999,C
29,1,34,TLAXCO,494,3,MIXTO(A),0,SAN JOSE TEPEYAHUALCO,2,URBANO(A),1,*
29,1,34,TLAXCO,495,3,MIXTO(A),0,SAN LORENZO SOLTEPEC,2,URBANO(A),1,*
29,1,34,TLAXCO,496,4,RURAL,0,EL CONVENTO,4,RURAL,9999,C
29,1,34,TLAXCO,497,4,RURAL,0,LAS SARANDELAS,4,RURAL,9999,C
29,1,34,TLAXCO,498,4,RURAL,0,LOS ALAMOS,4,RURAL,9999,C
29,1,34,TLAXCO,499,4,RURAL,0,AGUA AZUL,4,RURAL,9999,C
29,1,34,TLAXCO,500,3,MIXTO(A),0,LA MAGDALENA SOLTEPEC,2,URBANO(A),1,*
29,1,34,TLAXCO,501,3,MIXTO(A),0,JOSE MARIA MORELOS BUENAVISTA,2,URBANO(A),1,C
29,1,34,TLAXCO,502,4,RURAL,0,DOS BARRANCAS,4,RURAL,9999,C
29,1,34,TLAXCO,503,4,RURAL,0,LA CAPILLA DE TEPEYAHUALCO,4,RURAL,9999,C
29,1,34,TLAXCO,504,4,RURAL,0,OJO DE AGUA,4,RURAL,9999,C
29,1,35,TOCATLAN,505,2,URBANO(A),0,SANTA MARIA TOCATLAN,2,URBANO(A),1,*
29,1,35,TOCATLAN,506,3,MIXTO(A),0,SANTA MARIA TOCATLAN,2,URBANO(A),1,C
29,1,35,TOCATLAN,507,2,URBANO(A),0,SANTA MARIA TOCATLAN,2,URBANO(A),18,C
29,2,36,TOTOLAC,508,2,URBANO(A),0,SAN JUAN TOTOLAC,2,URBANO(A),2,C
29,2,36,TOTOLAC,509,2,URBANO(A),0,SAN JUAN TOTOLAC,2,URBANO(A),1,C
29,2,36,TOTOLAC,510,2,URBANO(A),0,SAN JUAN TOTOLAC,2,URBANO(A),2,C
29,2,36,TOTOLAC,511,2,URBANO(A),0,SAN JUAN TOTOLAC,2,URBANO(A),2,C
29,2,36,TOTOLAC,512,2,URBANO(A),0,SAN JUAN TOTOLAC,2,URBANO(A),1,C
29,2,36,TOTOLAC,513,2,URBANO(A),0,SAN JUAN TOTOLAC,2,URBANO(A),1,C
29,2,36,TOTOLAC,514,2,URBANO(A),0,SAN JUAN TOTOLAC,2,URBANO(A),1,C
29,2,36,TOTOLAC,515,2,URBANO(A),0,SAN JUAN TOTOLAC,2,URBANO(A),1,C
29,2,36,TOTOLAC,516,2,URBANO(A),0,SAN JUAN TOTOLAC,2,URBANO(A),1,C
29,2,36,TOTOLAC,517,2,URBANO(A),0,SAN JUAN TOTOLAC,2,URBANO(A),1,C
29,2,36,TOTOLAC,518,2,URBANO(A),0,SAN JUAN TOTOLAC,2,URBANO(A),1,C
29,2,36,TOTOLAC,519,2,URBANO(A),0,SAN JUAN TOTOLAC,2,URBANO(A),1,C
29,1,37,ZITLALTEPEC DE TRINIDAD SANCHEZ SANTOS,520,2,URBANO(A),0,SAN PABLO ZITLALTEPEC,2,URBANO(A),1,C
29,1,37,ZITLALTEPEC DE TRINIDAD SANCHEZ SANTOS,521,2,URBANO(A),0,SAN PABLO ZITLALTEPEC,2,URBANO(A),1,C
29,1,37,ZITLALTEPEC DE TRINIDAD SANCHEZ SANTOS,522,2,URBANO(A),0,SAN PABLO ZITLALTEPEC,2,URBANO(A),1,C
29,1,37,ZITLALTEPEC DE TRINIDAD SANCHEZ SANTOS,523,2,URBANO(A),0,SAN PABLO ZITLALTEPEC,2,URBANO(A),1,C
29,1,37,ZITLALTEPEC DE TRINIDAD SANCHEZ SANTOS,524,4,RURAL,0,SAN JUAN BAUTISTA,4,RURAL,9999,C
29,1,37,ZITLALTEPEC DE TRINIDAD SANCHEZ SANTOS,525,3,MIXTO(A),0,FRANCISCO JAVIER MINA,2,URBANO(A),1,C
29,1,37,ZITLALTEPEC DE TRINIDAD SANCHEZ SANTOS,526,2,URBANO(A),0,TLAXCALITA DE JUAREZ,2,URBANO(A),1,C
29,1,38,TZOMPANTEPEC,529,2,URBANO(A),0,SAN SALVADOR TZOMPANTEPEC,2,URBANO(A),1,*
29,1,38,TZOMPANTEPEC,530,2,URBANO(A),0,SAN JUAN QUETZALCOAPAN,2,URBANO(A),1,*
29,1,50,SAN JOSE TEACALCO,531,3,MIXTO(A),0,SAN JOSE TEACALCO,2,URBANO(A),2,C
29,1,50,SAN JOSE TEACALCO,532,3,MIXTO(A),0,SAN JOSE TEACALCO,2,URBANO(A),1,C
29,1,50,SAN JOSE TEACALCO,533,2,URBANO(A),0,SAN JOSE TEACALCO,2,URBANO(A),2,C
29,1,50,SAN JOSE TEACALCO,534,2,URBANO(A),0,SAN JOSE TEACALCO,2,URBANO(A),1,C
29,1,50,SAN JOSE TEACALCO,535,3,MIXTO(A),0,SAN JOSE TEACALCO,2,URBANO(A),11,C
29,1,38,TZOMPANTEPEC,536,4,RURAL,0,XALTIANQUISCO,4,RURAL,1,C
29,1,38,TZOMPANTEPEC,537,4,RURAL,0,RANCHO BUENAVISTA,4,RURAL,9999,C
29,1,39,XALOZTOC,538,2,URBANO(A),0,XALOZTOC ,2,URBANO(A),1,C
29,1,39,XALOZTOC,539,2,URBANO(A),0,XALOZTOC ,2,URBANO(A),1,C
29,1,39,XALOZTOC,540,2,URBANO(A),0,XALOZTOC ,2,URBANO(A),1,C
29,1,39,XALOZTOC,541,2,URBANO(A),0,XALOZTOC ,2,URBANO(A),1,C
29,1,39,XALOZTOC,542,2,URBANO(A),0,XALOZTOC ,2,URBANO(A),1,C
29,1,39,XALOZTOC,543,2,URBANO(A),0,XALOZTOC ,2,URBANO(A),1,C
29,1,39,XALOZTOC,544,3,MIXTO(A),0,VELAZCO,2,URBANO(A),1,C
29,1,39,XALOZTOC,545,2,URBANO(A),0,XALOZTOC ,2,URBANO(A),1,C
29,1,39,XALOZTOC,546,2,URBANO(A),0,XALOZTOC ,2,URBANO(A),1,C
29,2,40,XALTOCAN,547,2,URBANO(A),0,SAN MARTIN XALTOCAN,2,URBANO(A),1,C
29,2,40,XALTOCAN,548,2,URBANO(A),0,SAN MARTIN XALTOCAN,2,URBANO(A),1,C
29,2,40,XALTOCAN,549,2,URBANO(A),0,SAN MARTIN XALTOCAN,2,URBANO(A),1,C
29,2,40,XALTOCAN,550,3,MIXTO(A),0,SAN MARTIN XALTOCAN,2,URBANO(A),1,C
29,2,57,SAN LUCAS TECOPILCO,551,3,MIXTO(A),0,SAN LUCAS TECOPILCO,2,URBANO(A),1,C
29,2,57,SAN LUCAS TECOPILCO,552,2,URBANO(A),0,SAN LUCAS TECOPILCO,2,URBANO(A),1,C
29,2,40,XALTOCAN,553,4,RURAL,0,SAN JOSE TEXOPA,4,RURAL,1,C
29,2,40,XALTOCAN,554,4,RURAL,0,AGUA BENDITA,4,RURAL,9999,C
29,2,40,XALTOCAN,555,4,RURAL,0,SANTA BARBARA ACUICUITZCATEPEC,4,RURAL,1,C
29,2,40,XALTOCAN,556,4,RURAL,0,CUATLA,4,RURAL,1,C
29,2,40,XALTOCAN,557,4,RURAL,0,LA ASCENCION HUITZCOLOTEPEC,4,RURAL,1,C
29,3,41,PAPALOTLA DE XICOHTENCATL,558,2,URBANO(A),0,SAN FRANCISCO PAPALOTLA,2,URBANO(A),1,C
29,3,41,PAPALOTLA DE XICOHTENCATL,559,2,URBANO(A),0,SAN FRANCISCO PAPALOTLA,2,URBANO(A),1,C
29,3,41,PAPALOTLA DE XICOHTENCATL,560,2,URBANO(A),0,SAN FRANCISCO PAPALOTLA,2,URBANO(A),3,C
29,3,41,PAPALOTLA DE XICOHTENCATL,561,2,URBANO(A),0,SAN FRANCISCO PAPALOTLA,2,URBANO(A),3,C
29,3,41,PAPALOTLA DE XICOHTENCATL,562,2,URBANO(A),0,SAN FRANCISCO PAPALOTLA,2,URBANO(A),1,C
29,3,41,PAPALOTLA DE XICOHTENCATL,563,2,URBANO(A),0,SAN FRANCISCO PAPALOTLA,2,URBANO(A),3,C
29,3,41,PAPALOTLA DE XICOHTENCATL,564,2,URBANO(A),0,SAN FRANCISCO PAPALOTLA,2,URBANO(A),1,C
29,3,41,PAPALOTLA DE XICOHTENCATL,565,2,URBANO(A),0,SAN FRANCISCO PAPALOTLA,2,URBANO(A),8,C
29,3,41,PAPALOTLA DE XICOHTENCATL,566,2,URBANO(A),0,SAN MARCOS CONTLA,2,URBANO(A),1,C
29,3,41,PAPALOTLA DE XICOHTENCATL,567,2,URBANO(A),0,SAN MARCOS CONTLA,2,URBANO(A),2,C
29,3,41,PAPALOTLA DE XICOHTENCATL,568,2,URBANO(A),0,SAN FRANCISCO PAPALOTLA,2,URBANO(A),1,C
29,3,41,PAPALOTLA DE XICOHTENCATL,569,2,URBANO(A),0,SAN FRANCISCO PAPALOTLA,2,URBANO(A),1,C
29,3,42,XICOHTZINCO,570,2,URBANO(A),0,SANTO TORIBIO XICOHTZINCO,2,URBANO(A),1,C
29,3,42,XICOHTZINCO,571,2,URBANO(A),0,SANTO TORIBIO XICOHTZINCO,2,URBANO(A),5,C
29,3,42,XICOHTZINCO,572,2,URBANO(A),0,SANTO TORIBIO XICOHTZINCO,2,URBANO(A),18,C
29,3,42,XICOHTZINCO,573,2,URBANO(A),0,SANTO TORIBIO XICOHTZINCO,2,URBANO(A),1,C
29,3,42,XICOHTZINCO,574,2,URBANO(A),0,SANTO TORIBIO XICOHTZINCO,2,URBANO(A),1,C
29,2,43,YAUHQUEMEHCAN,575,2,URBANO(A),0,SAN DIONICIO YAUHQUEMEHCAN,2,URBANO(A),1,C
29,2,43,YAUHQUEMEHCAN,576,2,URBANO(A),0,SAN DIONICIO YAUHQUEMEHCAN,2,URBANO(A),1,C
29,2,43,YAUHQUEMEHCAN,577,2,URBANO(A),0,SAN DIONICIO YAUHQUEMEHCAN,2,URBANO(A),1,C
29,2,43,YAUHQUEMEHCAN,578,2,URBANO(A),0,SAN DIONICIO YAUHQUEMEHCAN,2,URBANO(A),1,C
29,2,43,YAUHQUEMEHCAN,579,2,URBANO(A),0,SAN DIONICIO YAUHQUEMEHCAN,2,URBANO(A),1,C
29,2,43,YAUHQUEMEHCAN,580,2,URBANO(A),0,SAN JOSE TETEL,2,URBANO(A),2,C
29,2,43,YAUHQUEMEHCAN,581,2,URBANO(A),0,SAN JOSE TETEL,2,URBANO(A),7,C
29,2,43,YAUHQUEMEHCAN,583,2,URBANO(A),0,SAN BENITO XALTOCAN,2,URBANO(A),1,C
29,2,43,YAUHQUEMEHCAN,584,4,RURAL,0,HUACALTZINGO,4,RURAL,1,C
29,2,43,YAUHQUEMEHCAN,585,3,MIXTO(A),0,SAN JOSE TEPOXTLA,4,RURAL,1,C
29,3,59,SAN LORENZO AXOCOMANITLA,586,2,URBANO(A),0,SAN LORENZO AXOCOMANITLA,2,URBANO(A),1,C
29,3,59,SAN LORENZO AXOCOMANITLA,587,2,URBANO(A),0,SAN LORENZO AXOCOMANITLA,2,URBANO(A),8,C
29,3,44,ZACATELCO,588,2,URBANO(A),0,ZACATELCO,2,URBANO(A),12,C
29,3,44,ZACATELCO,589,2,URBANO(A),0,ZACATELCO,2,URBANO(A),2,C
29,3,44,ZACATELCO,590,2,URBANO(A),0,ZACATELCO,2,URBANO(A),1,C
29,3,44,ZACATELCO,591,2,URBANO(A),0,ZACATELCO,2,URBANO(A),1,C
29,3,44,ZACATELCO,592,2,URBANO(A),0,ZACATELCO,2,URBANO(A),1,C
29,3,44,ZACATELCO,593,2,URBANO(A),0,ZACATELCO,2,URBANO(A),2,C
29,3,44,ZACATELCO,594,2,URBANO(A),0,ZACATELCO,2,URBANO(A),4,C
29,3,44,ZACATELCO,595,2,URBANO(A),0,ZACATELCO,2,URBANO(A),2,C
29,3,44,ZACATELCO,596,2,URBANO(A),0,ZACATELCO,2,URBANO(A),1,C
29,3,44,ZACATELCO,597,2,URBANO(A),0,ZACATELCO,2,URBANO(A),13,C
29,3,44,ZACATELCO,598,2,URBANO(A),0,ZACATELCO,2,URBANO(A),3,C
29,3,44,ZACATELCO,599,3,MIXTO(A),0,ZACATELCO,2,URBANO(A),1,C
29,3,44,ZACATELCO,600,2,URBANO(A),0,ZACATELCO,2,URBANO(A),3,C
29,3,44,ZACATELCO,601,2,URBANO(A),0,ZACATELCO,2,URBANO(A),1,C
29,3,48,SANTA CATARINA AYOMETLA,602,2,URBANO(A),0,SANTA CATARINA AYOMETLA,2,URBANO(A),2,C
29,3,48,SANTA CATARINA AYOMETLA,603,2,URBANO(A),0,SANTA CATARINA AYOMETLA,2,URBANO(A),1,C
29,3,48,SANTA CATARINA AYOMETLA,604,2,URBANO(A),0,SANTA CATARINA AYOMETLA,2,URBANO(A),1,C
29,3,48,SANTA CATARINA AYOMETLA,605,2,URBANO(A),0,SANTA CATARINA AYOMETLA,2,URBANO(A),1,C
29,1,55,LAZARO CARDENAS,606,2,URBANO(A),0,LAZARO CARDENAS,2,URBANO(A),1,C
29,1,54,EMILIANO ZAPATA,607,3,MIXTO(A),0,EMILIANO ZAPATA,2,URBANO(A),1,C
29,1,54,EMILIANO ZAPATA,608,4,RURAL,0,COLONIA GUSTAVO DIAZ ORDAZ,4,RURAL,1,C
29,1,26,SANTA CRUZ TLAXCALA,609,2,URBANO(A),0,SANTA CRUZ TLAXCALA,2,URBANO(A),1,C
29,2,33,TLAXCALA,612,2,URBANO(A),0,TLAXCALA DE XICOHTENCATL,2,URBANO(A),1,C
29,1,38,TZOMPANTEPEC,613,2,URBANO(A),0,SAN SALVADOR TZOMPANTEPEC,2,URBANO(A),1,C
29,1,38,TZOMPANTEPEC,614,2,URBANO(A),0,SAN SALVADOR TZOMPANTEPEC,2,URBANO(A),1,C
29,1,38,TZOMPANTEPEC,615,3,MIXTO(A),0,SAN SALVADOR TZOMPANTEPEC,2,URBANO(A),1,C
29,1,38,TZOMPANTEPEC,616,2,URBANO(A),0,SAN SALVADOR TZOMPANTEPEC,2,URBANO(A),1,C
29,2,43,YAUHQUEMEHCAN,617,4,RURAL,0,ATENZINGO,4,RURAL,1,C
29,1,3,APIZACO,618,2,URBANO(A),0,SANTA MARIA TEXCALAC,2,URBANO(A),1,C
29,1,3,APIZACO,619,2,URBANO(A),0,SANTA MARIA TEXCALAC,2,URBANO(A),1,C
29,1,31,TETLA DE LA SOLIDARIDAD,620,2,URBANO(A),0,SAN BARTOLOME MATLALOHCAN,2,URBANO(A),1,C
29,1,31,TETLA DE LA SOLIDARIDAD,621,2,URBANO(A),0,SAN BARTOLOME MATLALOHCAN,2,URBANO(A),1,C
29,3,25,SAN PABLO DEL MONTE,622,2,URBANO(A),0,CIUDAD DE SAN PABLO DEL MONTE,2,URBANO(A),1,C
29,3,25,SAN PABLO DEL MONTE,623,2,URBANO(A),0,CIUDAD DE SAN PABLO DEL MONTE,2,URBANO(A),1,C
29,3,28,TEOLOCHOLCO,624,2,URBANO(A),0,SAN LUIS TEOLOCHOLCO,2,URBANO(A),1,C
29,3,28,TEOLOCHOLCO,625,2,URBANO(A),0,SAN LUIS TEOLOCHOLCO,2,URBANO(A),1,C
29,2,33,TLAXCALA,626,2,URBANO(A),0,TLAXCALA DE XICOHTENCATL,2,URBANO(A),1,C
29,2,33,TLAXCALA,627,2,URBANO(A),0,TLAXCALA DE XICOHTENCATL,2,URBANO(A),1,C
29,2,33,TLAXCALA,628,2,URBANO(A),0,TLAXCALA DE XICOHTENCATL,2,URBANO(A),1,C
29,2,33,TLAXCALA,629,2,URBANO(A),0,TLAXCALA DE XICOHTENCATL,2,URBANO(A),1,C
29,2,33,TLAXCALA,630,2,URBANO(A),0,TLAXCALA DE XICOHTENCATL,2,URBANO(A),1,C
29,2,33,TLAXCALA,631,2,URBANO(A),0,TLAXCALA DE XICOHTENCATL,2,URBANO(A),1,C
29,2,19,TEPETITLA DE LARDIZABAL,632,2,URBANO(A),0,VILLA ALTA,2,URBANO(A),1,C
29,2,19,TEPETITLA DE LARDIZABAL,633,2,URBANO(A),0,VILLA ALTA,2,URBANO(A),1,C
29,1,3,APIZACO,634,2,URBANO(A),0,APIZACO,2,URBANO(A),1,C
29,1,3,APIZACO,635,2,URBANO(A),0,APIZACO,2,URBANO(A),1,C
29,1,3,APIZACO,636,2,URBANO(A),0,APIZACO,2,URBANO(A),1,C
29,3,25,SAN PABLO DEL MONTE,637,2,URBANO(A),0,CIUDAD DE SAN PABLO DEL MONTE,2,URBANO(A),1,C
29,3,25,SAN PABLO DEL MONTE,638,2,URBANO(A),0,CIUDAD DE SAN PABLO DEL MONTE,2,URBANO(A),1,C
29,3,25,SAN PABLO DEL MONTE,639,2,URBANO(A),0,CIUDAD DE SAN PABLO DEL MONTE,2,URBANO(A),1,C
29,3,25,SAN PABLO DEL MONTE,640,2,URBANO(A),0,CIUDAD DE SAN PABLO DEL MONTE,2,URBANO(A),1,C
29,3,25,SAN PABLO DEL MONTE,641,2,URBANO(A),0,CIUDAD DE SAN PABLO DEL MONTE,2,URBANO(A),1,C
29,2,43,YAUHQUEMEHCAN,642,2,URBANO(A),0,SANTA URSULA ZIMATEPEC,2,URBANO(A),1,*
29,2,43,YAUHQUEMEHCAN,643,2,URBANO(A),0,SANTA URSULA ZIMATEPEC,2,URBANO(A),1,C
29,2,43,YAUHQUEMEHCAN,644,2,URBANO(A),0,SANTA URSULA ZIMATEPEC,2,URBANO(A),1,C
29,2,60,BENITO JUAREZ,645,2,URBANO(A),0,NUEVO CENTRO DE POBLACION ALVARO OBREGON ,2,URBANO(A),1,C
29,3,52,LA MAGDALENA TLALTELULCO,646,2,URBANO(A),0,LA MAGDALENA TLALTELULCO,2,URBANO(A),1,C
29,3,52,LA MAGDALENA TLALTELULCO,647,2,URBANO(A),0,LA MAGDALENA TLALTELULCO,2,URBANO(A),1,C
29,3,52,LA MAGDALENA TLALTELULCO,648,2,URBANO(A),0,LA MAGDALENA TLALTELULCO,2,URBANO(A),1,C
29,2,33,TLAXCALA,649,2,URBANO(A),0,TLAXCALA DE XICOHTENCATL,2,URBANO(A),1,C
29,2,33,TLAXCALA,650,2,URBANO(A),0,TLAXCALA DE XICOHTENCATL,2,URBANO(A),1,C
29,2,33,TLAXCALA,651,2,URBANO(A),0,TLAXCALA DE XICOHTENCATL,2,URBANO(A),1,C
29,2,33,TLAXCALA,652,2,URBANO(A),0,TLAXCALA DE XICOHTENCATL,2,URBANO(A),1,C
