edon|disn|munn|ife|mun|seccion
18|1|1|18001|ACAPONETA|1
18|1|1|18001|ACAPONETA|2
18|1|1|18001|ACAPONETA|3
18|1|1|18001|ACAPONETA|4
18|1|1|18001|ACAPONETA|5
18|1|1|18001|ACAPONETA|6
18|1|1|18001|ACAPONETA|7
18|1|1|18001|ACAPONETA|8
18|1|1|18001|ACAPONETA|9
18|1|1|18001|ACAPONETA|10
18|1|1|18001|ACAPONETA|11
18|1|1|18001|ACAPONETA|12
18|1|1|18001|ACAPONETA|13
18|1|1|18001|ACAPONETA|14
18|1|1|18001|ACAPONETA|15
18|1|1|18001|ACAPONETA|16
18|1|1|18001|ACAPONETA|17
18|1|1|18001|ACAPONETA|18
18|1|1|18001|ACAPONETA|19
18|1|1|18001|ACAPONETA|20
18|1|1|18001|ACAPONETA|21
18|1|1|18001|ACAPONETA|22
18|1|1|18001|ACAPONETA|23
18|1|1|18001|ACAPONETA|24
18|1|1|18001|ACAPONETA|25
18|1|1|18001|ACAPONETA|26
18|1|1|18001|ACAPONETA|27
18|1|1|18001|ACAPONETA|28
18|1|1|18001|ACAPONETA|29
18|1|1|18001|ACAPONETA|30
18|1|1|18001|ACAPONETA|31
18|1|1|18001|ACAPONETA|32
18|1|1|18001|ACAPONETA|33
18|1|1|18001|ACAPONETA|34
18|1|1|18001|ACAPONETA|35
18|1|1|18001|ACAPONETA|36
18|1|1|18001|ACAPONETA|37
18|1|1|18001|ACAPONETA|38
18|1|1|18001|ACAPONETA|39
18|1|1|18001|ACAPONETA|40
18|1|1|18001|ACAPONETA|41
18|1|1|18001|ACAPONETA|43
18|1|1|18001|ACAPONETA|44
18|1|1|18001|ACAPONETA|45
18|1|1|18001|ACAPONETA|46
18|1|1|18001|ACAPONETA|47
18|1|1|18001|ACAPONETA|48
18|3|2|18002|AHUACATLAN|49
18|3|2|18002|AHUACATLAN|50
18|3|2|18002|AHUACATLAN|51
18|3|2|18002|AHUACATLAN|52
18|3|2|18002|AHUACATLAN|53
18|3|2|18002|AHUACATLAN|54
18|3|2|18002|AHUACATLAN|55
18|3|2|18002|AHUACATLAN|56
18|3|2|18002|AHUACATLAN|57
18|3|2|18002|AHUACATLAN|58
18|3|2|18002|AHUACATLAN|59
18|3|2|18002|AHUACATLAN|60
18|3|2|18002|AHUACATLAN|61
18|3|2|18002|AHUACATLAN|62
18|3|2|18002|AHUACATLAN|63
18|3|2|18002|AHUACATLAN|64
18|3|2|18002|AHUACATLAN|65
18|3|3|18003|AMATLAN DE CAÑAS|66
18|3|3|18003|AMATLAN DE CAÑAS|67
18|3|3|18003|AMATLAN DE CAÑAS|68
18|3|3|18003|AMATLAN DE CAÑAS|69
18|3|3|18003|AMATLAN DE CAÑAS|70
18|3|3|18003|AMATLAN DE CAÑAS|71
18|3|3|18003|AMATLAN DE CAÑAS|72
18|3|3|18003|AMATLAN DE CAÑAS|74
18|3|3|18003|AMATLAN DE CAÑAS|75
18|3|3|18003|AMATLAN DE CAÑAS|76
18|3|3|18003|AMATLAN DE CAÑAS|77
18|3|3|18003|AMATLAN DE CAÑAS|78
18|3|3|18003|AMATLAN DE CAÑAS|79
18|3|3|18003|AMATLAN DE CAÑAS|80
18|3|3|18003|AMATLAN DE CAÑAS|81
18|3|3|18003|AMATLAN DE CAÑAS|82
18|3|3|18003|AMATLAN DE CAÑAS|83
18|3|3|18003|AMATLAN DE CAÑAS|84
18|3|3|18003|AMATLAN DE CAÑAS|86
18|3|3|18003|AMATLAN DE CAÑAS|88
18|3|3|18003|AMATLAN DE CAÑAS|89
18|3|4|18004|BAHIA DE BANDERAS|91
18|3|4|18004|BAHIA DE BANDERAS|92
18|3|4|18004|BAHIA DE BANDERAS|93
18|3|4|18004|BAHIA DE BANDERAS|94
18|3|4|18004|BAHIA DE BANDERAS|95
18|3|4|18004|BAHIA DE BANDERAS|96
18|3|4|18004|BAHIA DE BANDERAS|97
18|3|4|18004|BAHIA DE BANDERAS|98
18|3|4|18004|BAHIA DE BANDERAS|99
18|3|4|18004|BAHIA DE BANDERAS|100
18|3|4|18004|BAHIA DE BANDERAS|101
18|3|4|18004|BAHIA DE BANDERAS|102
18|3|4|18004|BAHIA DE BANDERAS|103
18|3|4|18004|BAHIA DE BANDERAS|104
18|3|4|18004|BAHIA DE BANDERAS|105
18|3|4|18004|BAHIA DE BANDERAS|106
18|3|4|18004|BAHIA DE BANDERAS|107
18|3|4|18004|BAHIA DE BANDERAS|108
18|3|4|18004|BAHIA DE BANDERAS|109
18|3|4|18004|BAHIA DE BANDERAS|110
18|3|4|18004|BAHIA DE BANDERAS|111
18|3|4|18004|BAHIA DE BANDERAS|112
18|3|4|18004|BAHIA DE BANDERAS|113
18|3|4|18004|BAHIA DE BANDERAS|114
18|3|4|18004|BAHIA DE BANDERAS|117
18|3|4|18004|BAHIA DE BANDERAS|119
18|3|4|18004|BAHIA DE BANDERAS|120
18|3|4|18004|BAHIA DE BANDERAS|121
18|3|4|18004|BAHIA DE BANDERAS|122
18|3|4|18004|BAHIA DE BANDERAS|123
18|3|5|18005|COMPOSTELA|124
18|3|5|18005|COMPOSTELA|125
18|3|5|18005|COMPOSTELA|126
18|3|5|18005|COMPOSTELA|127
18|3|5|18005|COMPOSTELA|128
18|3|5|18005|COMPOSTELA|129
18|3|5|18005|COMPOSTELA|130
18|3|5|18005|COMPOSTELA|131
18|3|5|18005|COMPOSTELA|132
18|3|5|18005|COMPOSTELA|133
18|3|5|18005|COMPOSTELA|134
18|3|5|18005|COMPOSTELA|135
18|3|5|18005|COMPOSTELA|136
18|3|5|18005|COMPOSTELA|137
18|3|5|18005|COMPOSTELA|138
18|3|5|18005|COMPOSTELA|139
18|3|5|18005|COMPOSTELA|140
18|3|5|18005|COMPOSTELA|141
18|3|5|18005|COMPOSTELA|142
18|3|5|18005|COMPOSTELA|143
18|3|5|18005|COMPOSTELA|144
18|3|5|18005|COMPOSTELA|145
18|3|5|18005|COMPOSTELA|146
18|3|5|18005|COMPOSTELA|147
18|3|5|18005|COMPOSTELA|148
18|3|5|18005|COMPOSTELA|149
18|3|5|18005|COMPOSTELA|150
18|3|5|18005|COMPOSTELA|151
18|3|5|18005|COMPOSTELA|152
18|3|5|18005|COMPOSTELA|153
18|3|5|18005|COMPOSTELA|154
18|3|5|18005|COMPOSTELA|155
18|3|5|18005|COMPOSTELA|156
18|3|5|18005|COMPOSTELA|157
18|3|5|18005|COMPOSTELA|158
18|3|5|18005|COMPOSTELA|159
18|3|5|18005|COMPOSTELA|160
18|3|5|18005|COMPOSTELA|161
18|3|5|18005|COMPOSTELA|162
18|3|5|18005|COMPOSTELA|163
18|3|5|18005|COMPOSTELA|164
18|3|5|18005|COMPOSTELA|165
18|3|5|18005|COMPOSTELA|166
18|3|5|18005|COMPOSTELA|167
18|3|5|18005|COMPOSTELA|168
18|3|5|18005|COMPOSTELA|169
18|3|5|18005|COMPOSTELA|170
18|3|5|18005|COMPOSTELA|171
18|3|5|18005|COMPOSTELA|172
18|3|5|18005|COMPOSTELA|173
18|3|5|18005|COMPOSTELA|174
18|3|5|18005|COMPOSTELA|175
18|3|5|18005|COMPOSTELA|176
18|3|5|18005|COMPOSTELA|177
18|3|5|18005|COMPOSTELA|178
18|3|5|18005|COMPOSTELA|179
18|3|5|18005|COMPOSTELA|180
18|3|5|18005|COMPOSTELA|181
18|3|5|18005|COMPOSTELA|182
18|3|5|18005|COMPOSTELA|184
18|3|5|18005|COMPOSTELA|185
18|3|5|18005|COMPOSTELA|186
18|3|5|18005|COMPOSTELA|187
18|3|5|18005|COMPOSTELA|188
18|3|5|18005|COMPOSTELA|189
18|3|5|18005|COMPOSTELA|190
18|3|5|18005|COMPOSTELA|191
18|3|5|18005|COMPOSTELA|192
18|3|5|18005|COMPOSTELA|193
18|3|5|18005|COMPOSTELA|194
18|3|5|18005|COMPOSTELA|195
18|1|6|18006|HUAJICORI|196
18|1|6|18006|HUAJICORI|197
18|1|6|18006|HUAJICORI|198
18|1|6|18006|HUAJICORI|199
18|1|6|18006|HUAJICORI|200
18|1|6|18006|HUAJICORI|201
18|1|6|18006|HUAJICORI|202
18|1|6|18006|HUAJICORI|203
18|1|6|18006|HUAJICORI|204
18|1|6|18006|HUAJICORI|205
18|1|6|18006|HUAJICORI|206
18|1|6|18006|HUAJICORI|207
18|1|6|18006|HUAJICORI|208
18|1|6|18006|HUAJICORI|209
18|1|6|18006|HUAJICORI|210
18|1|6|18006|HUAJICORI|211
18|1|6|18006|HUAJICORI|212
18|1|6|18006|HUAJICORI|213
18|1|6|18006|HUAJICORI|214
18|3|7|18007|IXTLAN DEL RIO|215
18|3|7|18007|IXTLAN DEL RIO|216
18|3|7|18007|IXTLAN DEL RIO|217
18|3|7|18007|IXTLAN DEL RIO|218
18|3|7|18007|IXTLAN DEL RIO|219
18|3|7|18007|IXTLAN DEL RIO|220
18|3|7|18007|IXTLAN DEL RIO|221
18|3|7|18007|IXTLAN DEL RIO|222
18|3|7|18007|IXTLAN DEL RIO|223
18|3|7|18007|IXTLAN DEL RIO|224
18|3|7|18007|IXTLAN DEL RIO|225
18|3|7|18007|IXTLAN DEL RIO|226
18|3|7|18007|IXTLAN DEL RIO|227
18|3|7|18007|IXTLAN DEL RIO|228
18|3|7|18007|IXTLAN DEL RIO|229
18|3|7|18007|IXTLAN DEL RIO|230
18|3|7|18007|IXTLAN DEL RIO|231
18|3|7|18007|IXTLAN DEL RIO|232
18|3|7|18007|IXTLAN DEL RIO|233
18|3|7|18007|IXTLAN DEL RIO|234
18|3|7|18007|IXTLAN DEL RIO|235
18|3|7|18007|IXTLAN DEL RIO|236
18|3|7|18007|IXTLAN DEL RIO|237
18|3|7|18007|IXTLAN DEL RIO|238
18|3|8|18008|JALA|239
18|3|8|18008|JALA|240
18|3|8|18008|JALA|241
18|3|8|18008|JALA|242
18|3|8|18008|JALA|243
18|3|8|18008|JALA|244
18|3|8|18008|JALA|245
18|3|8|18008|JALA|246
18|3|8|18008|JALA|247
18|3|8|18008|JALA|248
18|3|8|18008|JALA|249
18|3|8|18008|JALA|250
18|3|8|18008|JALA|251
18|3|8|18008|JALA|252
18|3|8|18008|JALA|253
18|3|8|18008|JALA|254
18|3|8|18008|JALA|255
18|3|8|18008|JALA|256
18|1|9|18009|DEL NAYAR|257
18|1|9|18009|DEL NAYAR|258
18|1|9|18009|DEL NAYAR|260
18|1|9|18009|DEL NAYAR|261
18|1|9|18009|DEL NAYAR|262
18|1|9|18009|DEL NAYAR|263
18|1|9|18009|DEL NAYAR|264
18|1|9|18009|DEL NAYAR|265
18|1|9|18009|DEL NAYAR|266
18|1|9|18009|DEL NAYAR|268
18|1|9|18009|DEL NAYAR|269
18|1|9|18009|DEL NAYAR|270
18|1|9|18009|DEL NAYAR|271
18|1|9|18009|DEL NAYAR|272
18|1|9|18009|DEL NAYAR|273
18|1|9|18009|DEL NAYAR|274
18|1|9|18009|DEL NAYAR|275
18|1|9|18009|DEL NAYAR|276
18|1|10|18010|ROSAMORADA|277
18|1|10|18010|ROSAMORADA|278
18|1|10|18010|ROSAMORADA|279
18|1|10|18010|ROSAMORADA|280
18|1|10|18010|ROSAMORADA|281
18|1|10|18010|ROSAMORADA|282
18|1|10|18010|ROSAMORADA|283
18|1|10|18010|ROSAMORADA|284
18|1|10|18010|ROSAMORADA|285
18|1|10|18010|ROSAMORADA|286
18|1|10|18010|ROSAMORADA|287
18|1|10|18010|ROSAMORADA|288
18|1|10|18010|ROSAMORADA|289
18|1|10|18010|ROSAMORADA|290
18|1|10|18010|ROSAMORADA|291
18|1|10|18010|ROSAMORADA|292
18|1|10|18010|ROSAMORADA|293
18|1|10|18010|ROSAMORADA|294
18|1|10|18010|ROSAMORADA|295
18|1|10|18010|ROSAMORADA|296
18|1|10|18010|ROSAMORADA|297
18|1|10|18010|ROSAMORADA|298
18|1|10|18010|ROSAMORADA|299
18|1|10|18010|ROSAMORADA|300
18|1|10|18010|ROSAMORADA|301
18|1|10|18010|ROSAMORADA|302
18|1|10|18010|ROSAMORADA|303
18|1|10|18010|ROSAMORADA|304
18|1|10|18010|ROSAMORADA|305
18|1|10|18010|ROSAMORADA|306
18|1|10|18010|ROSAMORADA|307
18|1|10|18010|ROSAMORADA|308
18|1|10|18010|ROSAMORADA|309
18|1|10|18010|ROSAMORADA|310
18|1|10|18010|ROSAMORADA|311
18|1|10|18010|ROSAMORADA|312
18|1|10|18010|ROSAMORADA|313
18|1|10|18010|ROSAMORADA|314
18|1|10|18010|ROSAMORADA|315
18|1|10|18010|ROSAMORADA|316
18|1|10|18010|ROSAMORADA|317
18|1|10|18010|ROSAMORADA|318
18|1|10|18010|ROSAMORADA|319
18|1|11|18011|RUIZ|320
18|1|11|18011|RUIZ|321
18|1|11|18011|RUIZ|322
18|1|11|18011|RUIZ|323
18|1|11|18011|RUIZ|324
18|1|11|18011|RUIZ|325
18|1|11|18011|RUIZ|326
18|1|11|18011|RUIZ|327
18|1|11|18011|RUIZ|328
18|1|11|18011|RUIZ|329
18|1|11|18011|RUIZ|330
18|1|11|18011|RUIZ|331
18|1|11|18011|RUIZ|332
18|1|11|18011|RUIZ|333
18|1|11|18011|RUIZ|334
18|1|11|18011|RUIZ|335
18|1|11|18011|RUIZ|336
18|1|11|18011|RUIZ|337
18|1|11|18011|RUIZ|338
18|1|11|18011|RUIZ|339
18|1|11|18011|RUIZ|340
18|1|11|18011|RUIZ|341
18|1|11|18011|RUIZ|342
18|1|11|18011|RUIZ|343
18|1|11|18011|RUIZ|344
18|1|11|18011|RUIZ|345
18|1|11|18011|RUIZ|346
18|1|12|18012|SAN BLAS|347
18|1|12|18012|SAN BLAS|348
18|1|12|18012|SAN BLAS|349
18|1|12|18012|SAN BLAS|350
18|1|12|18012|SAN BLAS|351
18|1|12|18012|SAN BLAS|352
18|1|12|18012|SAN BLAS|353
18|1|12|18012|SAN BLAS|354
18|1|12|18012|SAN BLAS|355
18|1|12|18012|SAN BLAS|356
18|1|12|18012|SAN BLAS|357
18|1|12|18012|SAN BLAS|358
18|1|12|18012|SAN BLAS|359
18|1|12|18012|SAN BLAS|360
18|1|12|18012|SAN BLAS|361
18|1|12|18012|SAN BLAS|362
18|1|12|18012|SAN BLAS|364
18|1|12|18012|SAN BLAS|365
18|1|12|18012|SAN BLAS|366
18|1|12|18012|SAN BLAS|367
18|1|12|18012|SAN BLAS|368
18|1|12|18012|SAN BLAS|369
18|1|12|18012|SAN BLAS|370
18|1|12|18012|SAN BLAS|372
18|1|12|18012|SAN BLAS|373
18|1|12|18012|SAN BLAS|374
18|1|12|18012|SAN BLAS|375
18|1|12|18012|SAN BLAS|376
18|1|12|18012|SAN BLAS|377
18|1|12|18012|SAN BLAS|378
18|1|12|18012|SAN BLAS|380
18|1|12|18012|SAN BLAS|381
18|1|12|18012|SAN BLAS|382
18|1|12|18012|SAN BLAS|383
18|1|12|18012|SAN BLAS|384
18|1|12|18012|SAN BLAS|385
18|1|12|18012|SAN BLAS|386
18|1|12|18012|SAN BLAS|387
18|1|12|18012|SAN BLAS|388
18|1|12|18012|SAN BLAS|389
18|1|12|18012|SAN BLAS|390
18|1|12|18012|SAN BLAS|391
18|1|12|18012|SAN BLAS|392
18|1|12|18012|SAN BLAS|393
18|1|12|18012|SAN BLAS|394
18|1|12|18012|SAN BLAS|395
18|1|12|18012|SAN BLAS|396
18|3|13|18013|SAN PEDRO LAGUNILLAS|398
18|3|13|18013|SAN PEDRO LAGUNILLAS|399
18|3|13|18013|SAN PEDRO LAGUNILLAS|400
18|3|13|18013|SAN PEDRO LAGUNILLAS|401
18|3|13|18013|SAN PEDRO LAGUNILLAS|402
18|3|13|18013|SAN PEDRO LAGUNILLAS|403
18|3|13|18013|SAN PEDRO LAGUNILLAS|404
18|3|13|18013|SAN PEDRO LAGUNILLAS|405
18|3|13|18013|SAN PEDRO LAGUNILLAS|406
18|3|13|18013|SAN PEDRO LAGUNILLAS|407
18|3|13|18013|SAN PEDRO LAGUNILLAS|408
18|3|13|18013|SAN PEDRO LAGUNILLAS|409
18|3|13|18013|SAN PEDRO LAGUNILLAS|410
18|3|14|18014|SANTA MARIA DEL ORO|411
18|3|14|18014|SANTA MARIA DEL ORO|412
18|3|14|18014|SANTA MARIA DEL ORO|413
18|3|14|18014|SANTA MARIA DEL ORO|414
18|3|14|18014|SANTA MARIA DEL ORO|415
18|3|14|18014|SANTA MARIA DEL ORO|416
18|3|14|18014|SANTA MARIA DEL ORO|417
18|3|14|18014|SANTA MARIA DEL ORO|418
18|3|14|18014|SANTA MARIA DEL ORO|419
18|3|14|18014|SANTA MARIA DEL ORO|420
18|3|14|18014|SANTA MARIA DEL ORO|421
18|3|14|18014|SANTA MARIA DEL ORO|422
18|3|14|18014|SANTA MARIA DEL ORO|423
18|3|14|18014|SANTA MARIA DEL ORO|424
18|3|14|18014|SANTA MARIA DEL ORO|425
18|3|14|18014|SANTA MARIA DEL ORO|426
18|3|14|18014|SANTA MARIA DEL ORO|427
18|3|14|18014|SANTA MARIA DEL ORO|428
18|3|14|18014|SANTA MARIA DEL ORO|429
18|3|14|18014|SANTA MARIA DEL ORO|430
18|3|14|18014|SANTA MARIA DEL ORO|431
18|3|14|18014|SANTA MARIA DEL ORO|432
18|3|14|18014|SANTA MARIA DEL ORO|433
18|1|15|18015|SANTIAGO IXCUINTLA|435
18|1|15|18015|SANTIAGO IXCUINTLA|436
18|1|15|18015|SANTIAGO IXCUINTLA|437
18|1|15|18015|SANTIAGO IXCUINTLA|438
18|1|15|18015|SANTIAGO IXCUINTLA|439
18|1|15|18015|SANTIAGO IXCUINTLA|440
18|1|15|18015|SANTIAGO IXCUINTLA|441
18|1|15|18015|SANTIAGO IXCUINTLA|442
18|1|15|18015|SANTIAGO IXCUINTLA|443
18|1|15|18015|SANTIAGO IXCUINTLA|444
18|1|15|18015|SANTIAGO IXCUINTLA|445
18|1|15|18015|SANTIAGO IXCUINTLA|446
18|1|15|18015|SANTIAGO IXCUINTLA|447
18|1|15|18015|SANTIAGO IXCUINTLA|448
18|1|15|18015|SANTIAGO IXCUINTLA|449
18|1|15|18015|SANTIAGO IXCUINTLA|450
18|1|15|18015|SANTIAGO IXCUINTLA|451
18|1|15|18015|SANTIAGO IXCUINTLA|452
18|1|15|18015|SANTIAGO IXCUINTLA|453
18|1|15|18015|SANTIAGO IXCUINTLA|454
18|1|15|18015|SANTIAGO IXCUINTLA|455
18|1|15|18015|SANTIAGO IXCUINTLA|456
18|1|15|18015|SANTIAGO IXCUINTLA|457
18|1|15|18015|SANTIAGO IXCUINTLA|458
18|1|15|18015|SANTIAGO IXCUINTLA|459
18|1|15|18015|SANTIAGO IXCUINTLA|460
18|1|15|18015|SANTIAGO IXCUINTLA|461
18|1|15|18015|SANTIAGO IXCUINTLA|462
18|1|15|18015|SANTIAGO IXCUINTLA|463
18|1|15|18015|SANTIAGO IXCUINTLA|464
18|1|15|18015|SANTIAGO IXCUINTLA|465
18|1|15|18015|SANTIAGO IXCUINTLA|466
18|1|15|18015|SANTIAGO IXCUINTLA|467
18|1|15|18015|SANTIAGO IXCUINTLA|468
18|1|15|18015|SANTIAGO IXCUINTLA|469
18|1|15|18015|SANTIAGO IXCUINTLA|470
18|1|15|18015|SANTIAGO IXCUINTLA|471
18|1|15|18015|SANTIAGO IXCUINTLA|472
18|1|15|18015|SANTIAGO IXCUINTLA|473
18|1|15|18015|SANTIAGO IXCUINTLA|474
18|1|15|18015|SANTIAGO IXCUINTLA|475
18|1|15|18015|SANTIAGO IXCUINTLA|476
18|1|15|18015|SANTIAGO IXCUINTLA|477
18|1|15|18015|SANTIAGO IXCUINTLA|478
18|1|15|18015|SANTIAGO IXCUINTLA|480
18|1|15|18015|SANTIAGO IXCUINTLA|481
18|1|15|18015|SANTIAGO IXCUINTLA|482
18|1|15|18015|SANTIAGO IXCUINTLA|483
18|1|15|18015|SANTIAGO IXCUINTLA|484
18|1|15|18015|SANTIAGO IXCUINTLA|485
18|1|15|18015|SANTIAGO IXCUINTLA|486
18|1|15|18015|SANTIAGO IXCUINTLA|487
18|1|15|18015|SANTIAGO IXCUINTLA|488
18|1|15|18015|SANTIAGO IXCUINTLA|489
18|1|15|18015|SANTIAGO IXCUINTLA|490
18|1|15|18015|SANTIAGO IXCUINTLA|491
18|1|15|18015|SANTIAGO IXCUINTLA|492
18|1|15|18015|SANTIAGO IXCUINTLA|493
18|1|15|18015|SANTIAGO IXCUINTLA|494
18|1|15|18015|SANTIAGO IXCUINTLA|495
18|1|15|18015|SANTIAGO IXCUINTLA|496
18|1|15|18015|SANTIAGO IXCUINTLA|497
18|1|15|18015|SANTIAGO IXCUINTLA|498
18|1|15|18015|SANTIAGO IXCUINTLA|499
18|1|15|18015|SANTIAGO IXCUINTLA|500
18|1|15|18015|SANTIAGO IXCUINTLA|501
18|1|15|18015|SANTIAGO IXCUINTLA|502
18|1|15|18015|SANTIAGO IXCUINTLA|503
18|1|15|18015|SANTIAGO IXCUINTLA|504
18|1|15|18015|SANTIAGO IXCUINTLA|505
18|1|15|18015|SANTIAGO IXCUINTLA|506
18|1|15|18015|SANTIAGO IXCUINTLA|507
18|1|15|18015|SANTIAGO IXCUINTLA|508
18|1|15|18015|SANTIAGO IXCUINTLA|509
18|1|15|18015|SANTIAGO IXCUINTLA|510
18|1|15|18015|SANTIAGO IXCUINTLA|511
18|1|15|18015|SANTIAGO IXCUINTLA|512
18|1|15|18015|SANTIAGO IXCUINTLA|513
18|1|15|18015|SANTIAGO IXCUINTLA|514
18|1|15|18015|SANTIAGO IXCUINTLA|515
18|1|15|18015|SANTIAGO IXCUINTLA|516
18|1|15|18015|SANTIAGO IXCUINTLA|517
18|1|15|18015|SANTIAGO IXCUINTLA|518
18|1|15|18015|SANTIAGO IXCUINTLA|519
18|1|15|18015|SANTIAGO IXCUINTLA|520
18|1|15|18015|SANTIAGO IXCUINTLA|521
18|1|15|18015|SANTIAGO IXCUINTLA|522
18|1|15|18015|SANTIAGO IXCUINTLA|523
18|1|15|18015|SANTIAGO IXCUINTLA|524
18|1|15|18015|SANTIAGO IXCUINTLA|525
18|1|15|18015|SANTIAGO IXCUINTLA|526
18|1|15|18015|SANTIAGO IXCUINTLA|527
18|1|15|18015|SANTIAGO IXCUINTLA|528
18|1|15|18015|SANTIAGO IXCUINTLA|529
18|1|15|18015|SANTIAGO IXCUINTLA|530
18|1|15|18015|SANTIAGO IXCUINTLA|531
18|1|15|18015|SANTIAGO IXCUINTLA|532
18|1|15|18015|SANTIAGO IXCUINTLA|533
18|1|15|18015|SANTIAGO IXCUINTLA|534
18|1|15|18015|SANTIAGO IXCUINTLA|535
18|1|15|18015|SANTIAGO IXCUINTLA|536
18|1|15|18015|SANTIAGO IXCUINTLA|537
18|1|15|18015|SANTIAGO IXCUINTLA|538
18|1|15|18015|SANTIAGO IXCUINTLA|539
18|1|15|18015|SANTIAGO IXCUINTLA|540
18|1|15|18015|SANTIAGO IXCUINTLA|541
18|1|15|18015|SANTIAGO IXCUINTLA|542
18|1|15|18015|SANTIAGO IXCUINTLA|543
18|1|15|18015|SANTIAGO IXCUINTLA|544
18|1|15|18015|SANTIAGO IXCUINTLA|545
18|1|15|18015|SANTIAGO IXCUINTLA|546
18|1|16|18016|TECUALA|547
18|1|16|18016|TECUALA|548
18|1|16|18016|TECUALA|549
18|1|16|18016|TECUALA|550
18|1|16|18016|TECUALA|551
18|1|16|18016|TECUALA|552
18|1|16|18016|TECUALA|553
18|1|16|18016|TECUALA|554
18|1|16|18016|TECUALA|555
18|1|16|18016|TECUALA|556
18|1|16|18016|TECUALA|557
18|1|16|18016|TECUALA|558
18|1|16|18016|TECUALA|559
18|1|16|18016|TECUALA|560
18|1|16|18016|TECUALA|561
18|1|16|18016|TECUALA|562
18|1|16|18016|TECUALA|563
18|1|16|18016|TECUALA|564
18|1|16|18016|TECUALA|565
18|1|16|18016|TECUALA|566
18|1|16|18016|TECUALA|567
18|1|16|18016|TECUALA|568
18|1|16|18016|TECUALA|569
18|1|16|18016|TECUALA|570
18|1|16|18016|TECUALA|571
18|1|16|18016|TECUALA|572
18|1|16|18016|TECUALA|573
18|1|16|18016|TECUALA|574
18|1|16|18016|TECUALA|575
18|1|16|18016|TECUALA|576
18|1|16|18016|TECUALA|577
18|1|16|18016|TECUALA|578
18|1|16|18016|TECUALA|579
18|1|16|18016|TECUALA|580
18|1|16|18016|TECUALA|581
18|1|16|18016|TECUALA|582
18|1|16|18016|TECUALA|583
18|1|16|18016|TECUALA|584
18|1|16|18016|TECUALA|585
18|1|16|18016|TECUALA|586
18|1|16|18016|TECUALA|587
18|1|16|18016|TECUALA|588
18|1|16|18016|TECUALA|589
18|1|16|18016|TECUALA|590
18|1|16|18016|TECUALA|591
18|1|16|18016|TECUALA|592
18|1|16|18016|TECUALA|593
18|1|16|18016|TECUALA|594
18|1|16|18016|TECUALA|595
18|1|16|18016|TECUALA|596
18|2|17|18017|TEPIC|597
18|2|17|18017|TEPIC|599
18|2|17|18017|TEPIC|600
18|2|17|18017|TEPIC|601
18|2|17|18017|TEPIC|602
18|2|17|18017|TEPIC|603
18|2|17|18017|TEPIC|604
18|2|17|18017|TEPIC|605
18|2|17|18017|TEPIC|606
18|2|17|18017|TEPIC|607
18|2|17|18017|TEPIC|610
18|2|17|18017|TEPIC|612
18|2|17|18017|TEPIC|613
18|2|17|18017|TEPIC|614
18|2|17|18017|TEPIC|615
18|2|17|18017|TEPIC|616
18|2|17|18017|TEPIC|617
18|2|17|18017|TEPIC|618
18|2|17|18017|TEPIC|619
18|2|17|18017|TEPIC|620
18|2|17|18017|TEPIC|621
18|2|17|18017|TEPIC|622
18|2|17|18017|TEPIC|623
18|2|17|18017|TEPIC|624
18|2|17|18017|TEPIC|625
18|2|17|18017|TEPIC|626
18|2|17|18017|TEPIC|627
18|2|17|18017|TEPIC|628
18|2|17|18017|TEPIC|629
18|2|17|18017|TEPIC|630
18|2|17|18017|TEPIC|631
18|2|17|18017|TEPIC|632
18|2|17|18017|TEPIC|635
18|2|17|18017|TEPIC|636
18|2|17|18017|TEPIC|637
18|2|17|18017|TEPIC|638
18|2|17|18017|TEPIC|639
18|2|17|18017|TEPIC|640
18|2|17|18017|TEPIC|641
18|2|17|18017|TEPIC|642
18|2|17|18017|TEPIC|643
18|2|17|18017|TEPIC|644
18|2|17|18017|TEPIC|645
18|2|17|18017|TEPIC|646
18|2|17|18017|TEPIC|647
18|2|17|18017|TEPIC|648
18|2|17|18017|TEPIC|649
18|2|17|18017|TEPIC|650
18|2|17|18017|TEPIC|651
18|2|17|18017|TEPIC|652
18|2|17|18017|TEPIC|653
18|2|17|18017|TEPIC|654
18|2|17|18017|TEPIC|655
18|2|17|18017|TEPIC|656
18|2|17|18017|TEPIC|657
18|2|17|18017|TEPIC|658
18|2|17|18017|TEPIC|659
18|2|17|18017|TEPIC|660
18|2|17|18017|TEPIC|661
18|2|17|18017|TEPIC|662
18|2|17|18017|TEPIC|663
18|2|17|18017|TEPIC|664
18|2|17|18017|TEPIC|665
18|2|17|18017|TEPIC|666
18|2|17|18017|TEPIC|667
18|2|17|18017|TEPIC|668
18|2|17|18017|TEPIC|669
18|2|17|18017|TEPIC|670
18|2|17|18017|TEPIC|671
18|2|17|18017|TEPIC|672
18|2|17|18017|TEPIC|673
18|2|17|18017|TEPIC|674
18|2|17|18017|TEPIC|675
18|2|17|18017|TEPIC|676
18|2|17|18017|TEPIC|677
18|2|17|18017|TEPIC|678
18|2|17|18017|TEPIC|679
18|2|17|18017|TEPIC|680
18|2|17|18017|TEPIC|681
18|2|17|18017|TEPIC|682
18|2|17|18017|TEPIC|683
18|2|17|18017|TEPIC|684
18|2|17|18017|TEPIC|685
18|2|17|18017|TEPIC|686
18|2|17|18017|TEPIC|687
18|2|17|18017|TEPIC|688
18|2|17|18017|TEPIC|689
18|2|17|18017|TEPIC|690
18|2|17|18017|TEPIC|691
18|2|17|18017|TEPIC|692
18|2|17|18017|TEPIC|693
18|2|17|18017|TEPIC|694
18|2|17|18017|TEPIC|696
18|2|17|18017|TEPIC|697
18|2|17|18017|TEPIC|698
18|2|17|18017|TEPIC|699
18|2|17|18017|TEPIC|700
18|2|17|18017|TEPIC|701
18|2|17|18017|TEPIC|702
18|2|17|18017|TEPIC|703
18|2|17|18017|TEPIC|704
18|2|17|18017|TEPIC|705
18|2|17|18017|TEPIC|706
18|2|17|18017|TEPIC|707
18|2|17|18017|TEPIC|708
18|2|17|18017|TEPIC|709
18|2|17|18017|TEPIC|710
18|2|17|18017|TEPIC|712
18|2|17|18017|TEPIC|713
18|2|17|18017|TEPIC|714
18|2|17|18017|TEPIC|715
18|2|17|18017|TEPIC|716
18|2|17|18017|TEPIC|717
18|2|17|18017|TEPIC|718
18|2|17|18017|TEPIC|719
18|2|17|18017|TEPIC|720
18|2|17|18017|TEPIC|721
18|2|17|18017|TEPIC|722
18|2|17|18017|TEPIC|723
18|2|17|18017|TEPIC|724
18|2|17|18017|TEPIC|725
18|2|17|18017|TEPIC|726
18|2|17|18017|TEPIC|727
18|2|17|18017|TEPIC|728
18|2|17|18017|TEPIC|729
18|2|17|18017|TEPIC|730
18|2|17|18017|TEPIC|731
18|2|17|18017|TEPIC|732
18|2|17|18017|TEPIC|733
18|2|17|18017|TEPIC|734
18|2|17|18017|TEPIC|735
18|2|17|18017|TEPIC|736
18|2|17|18017|TEPIC|738
18|2|17|18017|TEPIC|739
18|2|17|18017|TEPIC|740
18|2|17|18017|TEPIC|741
18|2|17|18017|TEPIC|742
18|2|17|18017|TEPIC|743
18|2|17|18017|TEPIC|744
18|2|17|18017|TEPIC|745
18|2|17|18017|TEPIC|746
18|2|17|18017|TEPIC|747
18|2|17|18017|TEPIC|748
18|2|17|18017|TEPIC|749
18|2|17|18017|TEPIC|750
18|2|17|18017|TEPIC|751
18|2|17|18017|TEPIC|752
18|2|17|18017|TEPIC|753
18|2|17|18017|TEPIC|754
18|2|17|18017|TEPIC|755
18|2|17|18017|TEPIC|756
18|2|17|18017|TEPIC|757
18|2|17|18017|TEPIC|759
18|2|17|18017|TEPIC|761
18|2|17|18017|TEPIC|762
18|2|17|18017|TEPIC|763
18|2|17|18017|TEPIC|765
18|2|17|18017|TEPIC|766
18|2|17|18017|TEPIC|767
18|2|17|18017|TEPIC|768
18|2|17|18017|TEPIC|769
18|2|17|18017|TEPIC|770
18|2|17|18017|TEPIC|771
18|2|17|18017|TEPIC|772
18|2|17|18017|TEPIC|773
18|2|17|18017|TEPIC|774
18|2|17|18017|TEPIC|775
18|2|17|18017|TEPIC|776
18|2|17|18017|TEPIC|777
18|2|17|18017|TEPIC|778
18|2|17|18017|TEPIC|779
18|2|17|18017|TEPIC|780
18|2|17|18017|TEPIC|781
18|2|17|18017|TEPIC|782
18|2|17|18017|TEPIC|783
18|2|17|18017|TEPIC|784
18|2|17|18017|TEPIC|785
18|2|17|18017|TEPIC|786
18|2|17|18017|TEPIC|787
18|2|17|18017|TEPIC|788
18|2|17|18017|TEPIC|789
18|2|17|18017|TEPIC|790
18|2|17|18017|TEPIC|791
18|2|17|18017|TEPIC|792
18|2|17|18017|TEPIC|793
18|2|17|18017|TEPIC|794
18|2|17|18017|TEPIC|795
18|2|17|18017|TEPIC|796
18|2|17|18017|TEPIC|797
18|2|17|18017|TEPIC|798
18|2|17|18017|TEPIC|800
18|2|17|18017|TEPIC|801
18|2|17|18017|TEPIC|802
18|2|17|18017|TEPIC|803
18|2|17|18017|TEPIC|804
18|2|17|18017|TEPIC|805
18|2|17|18017|TEPIC|806
18|2|17|18017|TEPIC|807
18|2|17|18017|TEPIC|808
18|2|17|18017|TEPIC|809
18|1|18|18018|TUXPAN|810
18|1|18|18018|TUXPAN|811
18|1|18|18018|TUXPAN|812
18|1|18|18018|TUXPAN|813
18|1|18|18018|TUXPAN|814
18|1|18|18018|TUXPAN|815
18|1|18|18018|TUXPAN|816
18|1|18|18018|TUXPAN|817
18|1|18|18018|TUXPAN|818
18|1|18|18018|TUXPAN|819
18|1|18|18018|TUXPAN|820
18|1|18|18018|TUXPAN|821
18|1|18|18018|TUXPAN|822
18|1|18|18018|TUXPAN|823
18|1|18|18018|TUXPAN|824
18|1|18|18018|TUXPAN|825
18|1|18|18018|TUXPAN|826
18|1|18|18018|TUXPAN|827
18|1|18|18018|TUXPAN|828
18|1|18|18018|TUXPAN|829
18|1|18|18018|TUXPAN|830
18|1|18|18018|TUXPAN|831
18|1|18|18018|TUXPAN|832
18|1|18|18018|TUXPAN|833
18|1|18|18018|TUXPAN|834
18|1|18|18018|TUXPAN|835
18|1|18|18018|TUXPAN|836
18|1|18|18018|TUXPAN|837
18|1|18|18018|TUXPAN|838
18|1|18|18018|TUXPAN|839
18|1|18|18018|TUXPAN|840
18|1|18|18018|TUXPAN|841
18|1|18|18018|TUXPAN|842
18|1|18|18018|TUXPAN|843
18|3|19|18019|XALISCO|844
18|3|19|18019|XALISCO|846
18|3|19|18019|XALISCO|848
18|3|19|18019|XALISCO|849
18|3|19|18019|XALISCO|850
18|3|19|18019|XALISCO|851
18|3|19|18019|XALISCO|852
18|3|19|18019|XALISCO|853
18|3|19|18019|XALISCO|854
18|3|19|18019|XALISCO|855
18|3|19|18019|XALISCO|856
18|3|19|18019|XALISCO|857
18|3|19|18019|XALISCO|858
18|3|19|18019|XALISCO|859
18|3|19|18019|XALISCO|860
18|3|19|18019|XALISCO|861
18|3|19|18019|XALISCO|862
18|3|19|18019|XALISCO|863
18|3|19|18019|XALISCO|864
18|3|19|18019|XALISCO|865
18|3|20|18020|LA YESCA|866
18|3|20|18020|LA YESCA|867
18|3|20|18020|LA YESCA|868
18|3|20|18020|LA YESCA|869
18|3|20|18020|LA YESCA|870
18|3|20|18020|LA YESCA|872
18|3|20|18020|LA YESCA|873
18|3|20|18020|LA YESCA|874
18|3|20|18020|LA YESCA|875
18|3|20|18020|LA YESCA|876
18|3|20|18020|LA YESCA|878
18|2|17|18017|TEPIC|879
18|2|17|18017|TEPIC|880
18|2|17|18017|TEPIC|881
18|2|17|18017|TEPIC|882
18|2|17|18017|TEPIC|883
18|2|17|18017|TEPIC|884
18|2|17|18017|TEPIC|885
18|2|17|18017|TEPIC|886
18|2|17|18017|TEPIC|887
18|2|17|18017|TEPIC|888
18|2|17|18017|TEPIC|889
18|2|17|18017|TEPIC|890
18|2|17|18017|TEPIC|891
18|2|17|18017|TEPIC|892
18|2|17|18017|TEPIC|893
18|2|17|18017|TEPIC|894
18|2|17|18017|TEPIC|895
18|2|17|18017|TEPIC|896
18|2|17|18017|TEPIC|897
18|2|17|18017|TEPIC|898
18|2|17|18017|TEPIC|899
18|2|17|18017|TEPIC|900
18|2|17|18017|TEPIC|901
18|2|17|18017|TEPIC|902
18|2|17|18017|TEPIC|903
18|2|17|18017|TEPIC|904
18|2|17|18017|TEPIC|905
18|2|17|18017|TEPIC|906
18|2|17|18017|TEPIC|907
18|2|17|18017|TEPIC|908
18|2|17|18017|TEPIC|909
18|2|17|18017|TEPIC|910
18|2|17|18017|TEPIC|911
18|2|17|18017|TEPIC|912
18|2|17|18017|TEPIC|913
18|2|17|18017|TEPIC|914
18|2|17|18017|TEPIC|915
18|2|17|18017|TEPIC|916
18|2|17|18017|TEPIC|917
18|2|17|18017|TEPIC|918
18|2|17|18017|TEPIC|919
18|2|17|18017|TEPIC|920
18|2|17|18017|TEPIC|921
18|2|17|18017|TEPIC|922
18|2|17|18017|TEPIC|923
18|2|17|18017|TEPIC|924
18|2|17|18017|TEPIC|925
18|2|17|18017|TEPIC|926
18|2|17|18017|TEPIC|927
18|2|17|18017|TEPIC|928
18|2|17|18017|TEPIC|929
18|2|17|18017|TEPIC|930
18|2|17|18017|TEPIC|931
18|2|17|18017|TEPIC|932
18|2|17|18017|TEPIC|933
18|2|17|18017|TEPIC|934
18|2|17|18017|TEPIC|935
18|2|17|18017|TEPIC|936
18|2|17|18017|TEPIC|937
18|2|17|18017|TEPIC|938
18|2|17|18017|TEPIC|939
18|2|17|18017|TEPIC|940
18|2|17|18017|TEPIC|941
18|2|17|18017|TEPIC|942
18|2|17|18017|TEPIC|943
18|2|17|18017|TEPIC|944
18|2|17|18017|TEPIC|945
18|2|17|18017|TEPIC|946
18|2|17|18017|TEPIC|947
18|2|17|18017|TEPIC|948
18|2|17|18017|TEPIC|949
18|2|17|18017|TEPIC|950
18|2|17|18017|TEPIC|951
18|2|17|18017|TEPIC|952
18|2|17|18017|TEPIC|953
18|2|17|18017|TEPIC|954
18|2|17|18017|TEPIC|955
18|2|17|18017|TEPIC|956
18|2|17|18017|TEPIC|957
18|2|17|18017|TEPIC|958
18|2|17|18017|TEPIC|959
18|2|17|18017|TEPIC|960
18|2|17|18017|TEPIC|961
18|2|17|18017|TEPIC|962
18|2|17|18017|TEPIC|963
18|2|17|18017|TEPIC|964
18|2|17|18017|TEPIC|965
18|2|17|18017|TEPIC|966
18|2|17|18017|TEPIC|967
18|2|17|18017|TEPIC|968
18|2|17|18017|TEPIC|969
18|2|17|18017|TEPIC|970
18|2|17|18017|TEPIC|971
18|3|4|18004|BAHIA DE BANDERAS|972
18|3|4|18004|BAHIA DE BANDERAS|973
18|3|4|18004|BAHIA DE BANDERAS|974
18|3|4|18004|BAHIA DE BANDERAS|975
18|3|4|18004|BAHIA DE BANDERAS|976
18|3|4|18004|BAHIA DE BANDERAS|977
18|3|4|18004|BAHIA DE BANDERAS|978
18|3|4|18004|BAHIA DE BANDERAS|979
18|3|4|18004|BAHIA DE BANDERAS|980
18|3|4|18004|BAHIA DE BANDERAS|981
18|3|19|18019|XALISCO|982
18|3|19|18019|XALISCO|983
18|2|17|18017|TEPIC|985
18|2|17|18017|TEPIC|986
18|1|9|18009|DEL NAYAR|987
18|1|9|18009|DEL NAYAR|988
18|1|9|18009|DEL NAYAR|989
18|1|9|18009|DEL NAYAR|990
18|1|1|18001|ACAPONETA|991
18|2|17|18017|TEPIC|992
18|2|17|18017|TEPIC|993
18|3|19|18019|XALISCO|994
18|3|19|18019|XALISCO|995
18|2|17|18017|TEPIC|996
18|2|17|18017|TEPIC|997
18|2|17|18017|TEPIC|998
18|2|17|18017|TEPIC|999
18|2|17|18017|TEPIC|1000
18|2|17|18017|TEPIC|1001
18|2|17|18017|TEPIC|1002
18|2|17|18017|TEPIC|1003
18|2|17|18017|TEPIC|1004
18|3|4|18004|BAHIA DE BANDERAS|1005
18|3|4|18004|BAHIA DE BANDERAS|1006
18|3|4|18004|BAHIA DE BANDERAS|1007
18|3|4|18004|BAHIA DE BANDERAS|1008
18|3|4|18004|BAHIA DE BANDERAS|1009
18|3|4|18004|BAHIA DE BANDERAS|1010
18|3|4|18004|BAHIA DE BANDERAS|1011
18|3|4|18004|BAHIA DE BANDERAS|1012
18|3|4|18004|BAHIA DE BANDERAS|1013
18|3|4|18004|BAHIA DE BANDERAS|1014
18|3|4|18004|BAHIA DE BANDERAS|1015
18|3|4|18004|BAHIA DE BANDERAS|1016
18|3|4|18004|BAHIA DE BANDERAS|1017
18|3|4|18004|BAHIA DE BANDERAS|1018
18|1|9|18009|DEL NAYAR|1019
18|1|9|18009|DEL NAYAR|1020
18|1|9|18009|DEL NAYAR|1021
18|1|9|18009|DEL NAYAR|1022
18|2|17|18017|TEPIC|1023
18|2|17|18017|TEPIC|1024
18|2|17|18017|TEPIC|1025
18|2|17|18017|TEPIC|1026
18|2|17|18017|TEPIC|1027
18|3|5|18005|COMPOSTELA|1028
18|3|5|18005|COMPOSTELA|1029
18|3|4|18004|BAHIA DE BANDERAS|1030
18|3|4|18004|BAHIA DE BANDERAS|1031
18|3|4|18004|BAHIA DE BANDERAS|1032
18|3|4|18004|BAHIA DE BANDERAS|1033
18|3|4|18004|BAHIA DE BANDERAS|1034
18|3|4|18004|BAHIA DE BANDERAS|1035
18|3|4|18004|BAHIA DE BANDERAS|1036
18|3|4|18004|BAHIA DE BANDERAS|1037
18|3|4|18004|BAHIA DE BANDERAS|1038
18|3|4|18004|BAHIA DE BANDERAS|1039
18|3|4|18004|BAHIA DE BANDERAS|1040
18|3|4|18004|BAHIA DE BANDERAS|1041
18|3|19|18019|XALISCO|1042
18|3|19|18019|XALISCO|1043
18|3|19|18019|XALISCO|1044
18|3|19|18019|XALISCO|1045
18|3|19|18019|XALISCO|1046
