ENTIDAD,DISTRITO,MUNICIPIO,NOMBRE_MUNICIPIO,SECCION,TIPO_SECCION,TIPO_NOMBRE
22,2,1,AMEALCO DE BONFIL,1,2,URBANO(A)
22,2,1,AMEALCO DE BONFIL,2,3,MIXTO(A)
22,2,1,AMEALCO DE BONFIL,3,2,URBANO(A)
22,2,1,AMEALCO DE BONFIL,4,2,URBANO(A)
22,2,1,AMEALCO DE BONFIL,5,3,MIXTO(A)
22,2,1,AMEALCO DE BONFIL,6,4,RURAL
22,2,1,AMEALCO DE BONFIL,7,4,RURAL
22,2,1,AMEALCO DE BONFIL,8,4,RURAL
22,2,1,AMEALCO DE BONFIL,9,4,RURAL
22,2,1,AMEALCO DE BONFIL,10,4,RURAL
22,2,1,AMEALCO DE BONFIL,11,4,RURAL
22,2,1,AMEALCO DE BONFIL,12,4,RURAL
22,2,1,AMEALCO DE BONFIL,13,4,RURAL
22,2,1,AMEALCO DE BONFIL,14,4,RURAL
22,2,1,AMEALCO DE BONFIL,15,4,RURAL
22,2,1,AMEALCO DE BONFIL,16,4,RURAL
22,2,1,AMEALCO DE BONFIL,17,4,RURAL
22,2,1,AMEALCO DE BONFIL,18,4,RURAL
22,2,1,AMEALCO DE BONFIL,20,4,RURAL
22,2,1,AMEALCO DE BONFIL,21,4,RURAL
22,2,1,AMEALCO DE BONFIL,22,4,RURAL
22,2,1,AMEALCO DE BONFIL,23,4,RURAL
22,2,1,AMEALCO DE BONFIL,24,3,MIXTO(A)
22,2,1,AMEALCO DE BONFIL,25,4,RURAL
22,2,1,AMEALCO DE BONFIL,26,4,RURAL
22,2,1,AMEALCO DE BONFIL,27,4,RURAL
22,2,1,AMEALCO DE BONFIL,28,4,RURAL
22,2,1,AMEALCO DE BONFIL,29,4,RURAL
22,2,1,AMEALCO DE BONFIL,30,4,RURAL
22,2,1,AMEALCO DE BONFIL,31,4,RURAL
22,2,1,AMEALCO DE BONFIL,32,4,RURAL
22,2,1,AMEALCO DE BONFIL,33,4,RURAL
22,2,1,AMEALCO DE BONFIL,34,4,RURAL
22,1,2,ARROYO SECO,35,3,MIXTO(A)
22,1,2,ARROYO SECO,36,4,RURAL
22,1,2,ARROYO SECO,37,4,RURAL
22,1,2,ARROYO SECO,38,4,RURAL
22,1,2,ARROYO SECO,39,4,RURAL
22,1,2,ARROYO SECO,40,4,RURAL
22,1,2,ARROYO SECO,41,4,RURAL
22,1,2,ARROYO SECO,42,4,RURAL
22,1,2,ARROYO SECO,43,4,RURAL
22,1,2,ARROYO SECO,44,4,RURAL
22,1,2,ARROYO SECO,45,3,MIXTO(A)
22,1,3,CADEREYTA DE MONTES,46,3,MIXTO(A)
22,1,3,CADEREYTA DE MONTES,47,3,MIXTO(A)
22,1,3,CADEREYTA DE MONTES,48,3,MIXTO(A)
22,1,3,CADEREYTA DE MONTES,49,2,URBANO(A)
22,1,3,CADEREYTA DE MONTES,51,4,RURAL
22,1,3,CADEREYTA DE MONTES,52,4,RURAL
22,1,3,CADEREYTA DE MONTES,53,4,RURAL
22,1,3,CADEREYTA DE MONTES,54,4,RURAL
22,1,3,CADEREYTA DE MONTES,55,4,RURAL
22,1,3,CADEREYTA DE MONTES,56,4,RURAL
22,1,3,CADEREYTA DE MONTES,57,4,RURAL
22,1,3,CADEREYTA DE MONTES,58,4,RURAL
22,1,3,CADEREYTA DE MONTES,59,4,RURAL
22,1,3,CADEREYTA DE MONTES,60,4,RURAL
22,1,3,CADEREYTA DE MONTES,61,3,MIXTO(A)
22,1,3,CADEREYTA DE MONTES,62,4,RURAL
22,1,3,CADEREYTA DE MONTES,63,4,RURAL
22,1,3,CADEREYTA DE MONTES,64,4,RURAL
22,1,3,CADEREYTA DE MONTES,65,4,RURAL
22,1,3,CADEREYTA DE MONTES,67,4,RURAL
22,1,3,CADEREYTA DE MONTES,68,4,RURAL
22,1,3,CADEREYTA DE MONTES,69,4,RURAL
22,1,3,CADEREYTA DE MONTES,70,3,MIXTO(A)
22,1,3,CADEREYTA DE MONTES,71,3,MIXTO(A)
22,1,3,CADEREYTA DE MONTES,72,4,RURAL
22,1,3,CADEREYTA DE MONTES,73,3,MIXTO(A)
22,1,3,CADEREYTA DE MONTES,74,4,RURAL
22,1,3,CADEREYTA DE MONTES,75,4,RURAL
22,1,4,COLON,76,3,MIXTO(A)
22,1,4,COLON,77,2,URBANO(A)
22,1,4,COLON,78,2,URBANO(A)
22,1,4,COLON,79,3,MIXTO(A)
22,1,4,COLON,80,4,RURAL
22,1,4,COLON,81,4,RURAL
22,1,4,COLON,82,4,RURAL
22,1,4,COLON,84,4,RURAL
22,1,4,COLON,85,4,RURAL
22,1,4,COLON,86,4,RURAL
22,1,4,COLON,87,3,MIXTO(A)
22,1,4,COLON,88,2,URBANO(A)
22,1,4,COLON,90,4,RURAL
22,1,4,COLON,91,4,RURAL
22,1,4,COLON,94,3,MIXTO(A)
22,1,4,COLON,95,4,RURAL
22,1,4,COLON,96,3,MIXTO(A)
22,4,5,CORREGIDORA,97,2,URBANO(A)
22,4,5,CORREGIDORA,98,2,URBANO(A)
22,4,5,CORREGIDORA,100,2,URBANO(A)
22,4,5,CORREGIDORA,101,2,URBANO(A)
22,4,5,CORREGIDORA,102,2,URBANO(A)
22,4,5,CORREGIDORA,103,3,MIXTO(A)
22,4,5,CORREGIDORA,104,2,URBANO(A)
22,4,5,CORREGIDORA,106,2,URBANO(A)
22,4,5,CORREGIDORA,107,2,URBANO(A)
22,4,5,CORREGIDORA,108,2,URBANO(A)
22,4,5,CORREGIDORA,109,2,URBANO(A)
22,4,5,CORREGIDORA,110,2,URBANO(A)
22,4,5,CORREGIDORA,111,2,URBANO(A)
22,4,5,CORREGIDORA,114,3,MIXTO(A)
22,4,5,CORREGIDORA,117,3,MIXTO(A)
22,4,5,CORREGIDORA,118,3,MIXTO(A)
22,4,5,CORREGIDORA,119,4,RURAL
22,1,6,EZEQUIEL MONTES,122,3,MIXTO(A)
22,1,6,EZEQUIEL MONTES,123,3,MIXTO(A)
22,1,6,EZEQUIEL MONTES,124,2,URBANO(A)
22,1,6,EZEQUIEL MONTES,125,2,URBANO(A)
22,1,6,EZEQUIEL MONTES,126,4,RURAL
22,1,6,EZEQUIEL MONTES,127,3,MIXTO(A)
22,1,6,EZEQUIEL MONTES,128,3,MIXTO(A)
22,1,6,EZEQUIEL MONTES,129,3,MIXTO(A)
22,1,6,EZEQUIEL MONTES,130,2,URBANO(A)
22,1,6,EZEQUIEL MONTES,131,4,RURAL
22,1,6,EZEQUIEL MONTES,132,4,RURAL
22,1,6,EZEQUIEL MONTES,133,3,MIXTO(A)
22,1,6,EZEQUIEL MONTES,134,3,MIXTO(A)
22,1,6,EZEQUIEL MONTES,135,3,MIXTO(A)
22,1,6,EZEQUIEL MONTES,136,2,URBANO(A)
22,1,6,EZEQUIEL MONTES,137,4,RURAL
22,1,6,EZEQUIEL MONTES,138,4,RURAL
22,5,7,HUIMILPAN,139,3,MIXTO(A)
22,5,7,HUIMILPAN,140,3,MIXTO(A)
22,5,7,HUIMILPAN,141,4,RURAL
22,5,7,HUIMILPAN,142,4,RURAL
22,5,7,HUIMILPAN,143,4,RURAL
22,5,7,HUIMILPAN,144,4,RURAL
22,5,7,HUIMILPAN,145,3,MIXTO(A)
22,5,7,HUIMILPAN,146,4,RURAL
22,5,7,HUIMILPAN,148,4,RURAL
22,5,7,HUIMILPAN,149,4,RURAL
22,5,7,HUIMILPAN,150,4,RURAL
22,5,7,HUIMILPAN,151,4,RURAL
22,5,7,HUIMILPAN,152,4,RURAL
22,1,8,JALPAN DE SERRA,153,3,MIXTO(A)
22,1,8,JALPAN DE SERRA,154,3,MIXTO(A)
22,1,8,JALPAN DE SERRA,155,3,MIXTO(A)
22,1,8,JALPAN DE SERRA,156,3,MIXTO(A)
22,1,8,JALPAN DE SERRA,157,4,RURAL
22,1,8,JALPAN DE SERRA,158,4,RURAL
22,1,8,JALPAN DE SERRA,159,4,RURAL
22,1,8,JALPAN DE SERRA,160,4,RURAL
22,1,8,JALPAN DE SERRA,161,4,RURAL
22,1,8,JALPAN DE SERRA,162,4,RURAL
22,1,8,JALPAN DE SERRA,163,4,RURAL
22,1,8,JALPAN DE SERRA,164,4,RURAL
22,1,8,JALPAN DE SERRA,165,4,RURAL
22,1,8,JALPAN DE SERRA,166,4,RURAL
22,1,8,JALPAN DE SERRA,167,4,RURAL
22,1,9,LANDA DE MATAMOROS,168,3,MIXTO(A)
22,1,9,LANDA DE MATAMOROS,169,4,RURAL
22,1,9,LANDA DE MATAMOROS,170,4,RURAL
22,1,9,LANDA DE MATAMOROS,171,4,RURAL
22,1,9,LANDA DE MATAMOROS,172,4,RURAL
22,1,9,LANDA DE MATAMOROS,173,4,RURAL
22,1,9,LANDA DE MATAMOROS,174,4,RURAL
22,1,9,LANDA DE MATAMOROS,175,4,RURAL
22,1,9,LANDA DE MATAMOROS,176,4,RURAL
22,1,9,LANDA DE MATAMOROS,177,4,RURAL
22,1,9,LANDA DE MATAMOROS,178,4,RURAL
22,1,9,LANDA DE MATAMOROS,179,4,RURAL
22,1,9,LANDA DE MATAMOROS,180,4,RURAL
22,1,9,LANDA DE MATAMOROS,181,4,RURAL
22,5,10,EL MARQUES,182,2,URBANO(A)
22,5,10,EL MARQUES,183,2,URBANO(A)
22,5,10,EL MARQUES,184,3,MIXTO(A)
22,5,10,EL MARQUES,185,3,MIXTO(A)
22,5,10,EL MARQUES,186,4,RURAL
22,5,10,EL MARQUES,187,4,RURAL
22,5,10,EL MARQUES,188,4,RURAL
22,5,10,EL MARQUES,189,2,URBANO(A)
22,5,10,EL MARQUES,191,3,MIXTO(A)
22,5,10,EL MARQUES,192,3,MIXTO(A)
22,5,10,EL MARQUES,193,3,MIXTO(A)
22,5,10,EL MARQUES,194,4,RURAL
22,5,10,EL MARQUES,196,3,MIXTO(A)
22,5,10,EL MARQUES,197,2,URBANO(A)
22,5,10,EL MARQUES,198,3,MIXTO(A)
22,5,10,EL MARQUES,199,2,URBANO(A)
22,5,10,EL MARQUES,200,4,RURAL
22,5,10,EL MARQUES,206,2,URBANO(A)
22,5,10,EL MARQUES,207,3,MIXTO(A)
22,5,10,EL MARQUES,208,4,RURAL
22,5,10,EL MARQUES,209,3,MIXTO(A)
22,5,11,PEDRO ESCOBEDO,210,2,URBANO(A)
22,5,11,PEDRO ESCOBEDO,211,2,URBANO(A)
22,5,11,PEDRO ESCOBEDO,212,3,MIXTO(A)
22,5,11,PEDRO ESCOBEDO,213,2,URBANO(A)
22,5,11,PEDRO ESCOBEDO,215,4,RURAL
22,5,11,PEDRO ESCOBEDO,216,3,MIXTO(A)
22,5,11,PEDRO ESCOBEDO,217,3,MIXTO(A)
22,5,11,PEDRO ESCOBEDO,218,3,MIXTO(A)
22,5,11,PEDRO ESCOBEDO,219,3,MIXTO(A)
22,5,11,PEDRO ESCOBEDO,220,3,MIXTO(A)
22,5,11,PEDRO ESCOBEDO,221,2,URBANO(A)
22,5,11,PEDRO ESCOBEDO,222,3,MIXTO(A)
22,5,11,PEDRO ESCOBEDO,223,3,MIXTO(A)
22,5,11,PEDRO ESCOBEDO,224,3,MIXTO(A)
22,5,11,PEDRO ESCOBEDO,225,2,URBANO(A)
22,5,11,PEDRO ESCOBEDO,226,2,URBANO(A)
22,5,11,PEDRO ESCOBEDO,227,3,MIXTO(A)
22,5,11,PEDRO ESCOBEDO,228,2,URBANO(A)
22,5,11,PEDRO ESCOBEDO,229,4,RURAL
22,5,11,PEDRO ESCOBEDO,230,3,MIXTO(A)
22,5,11,PEDRO ESCOBEDO,231,3,MIXTO(A)
22,5,11,PEDRO ESCOBEDO,232,4,RURAL
22,5,11,PEDRO ESCOBEDO,233,2,URBANO(A)
22,1,12,PEÑAMILLER,234,3,MIXTO(A)
22,1,12,PEÑAMILLER,235,4,RURAL
22,1,12,PEÑAMILLER,236,4,RURAL
22,1,12,PEÑAMILLER,237,4,RURAL
22,1,12,PEÑAMILLER,238,4,RURAL
22,1,12,PEÑAMILLER,239,4,RURAL
22,1,12,PEÑAMILLER,240,4,RURAL
22,1,12,PEÑAMILLER,241,4,RURAL
22,1,12,PEÑAMILLER,242,4,RURAL
22,1,12,PEÑAMILLER,243,4,RURAL
22,1,12,PEÑAMILLER,244,4,RURAL
22,1,12,PEÑAMILLER,245,4,RURAL
22,1,12,PEÑAMILLER,246,4,RURAL
22,1,12,PEÑAMILLER,247,4,RURAL
22,1,13,PINAL DE AMOLES,248,3,MIXTO(A)
22,1,13,PINAL DE AMOLES,249,3,MIXTO(A)
22,1,13,PINAL DE AMOLES,250,4,RURAL
22,1,13,PINAL DE AMOLES,251,4,RURAL
22,1,13,PINAL DE AMOLES,252,4,RURAL
22,1,13,PINAL DE AMOLES,253,3,MIXTO(A)
22,1,13,PINAL DE AMOLES,254,4,RURAL
22,1,13,PINAL DE AMOLES,255,4,RURAL
22,1,13,PINAL DE AMOLES,256,4,RURAL
22,1,13,PINAL DE AMOLES,257,4,RURAL
22,1,13,PINAL DE AMOLES,258,4,RURAL
22,1,13,PINAL DE AMOLES,259,4,RURAL
22,1,13,PINAL DE AMOLES,260,4,RURAL
22,1,13,PINAL DE AMOLES,261,4,RURAL
22,1,13,PINAL DE AMOLES,262,4,RURAL
22,1,13,PINAL DE AMOLES,263,4,RURAL
22,1,13,PINAL DE AMOLES,264,4,RURAL
22,1,13,PINAL DE AMOLES,265,4,RURAL
22,6,14,QUERETARO,266,2,URBANO(A)
22,6,14,QUERETARO,267,2,URBANO(A)
22,3,14,QUERETARO,268,3,MIXTO(A)
22,3,14,QUERETARO,269,2,URBANO(A)
22,6,14,QUERETARO,272,2,URBANO(A)
22,6,14,QUERETARO,274,2,URBANO(A)
22,3,14,QUERETARO,275,2,URBANO(A)
22,3,14,QUERETARO,277,2,URBANO(A)
22,3,14,QUERETARO,279,2,URBANO(A)
22,6,14,QUERETARO,280,2,URBANO(A)
22,6,14,QUERETARO,281,2,URBANO(A)
22,3,14,QUERETARO,283,2,URBANO(A)
22,3,14,QUERETARO,284,2,URBANO(A)
22,3,14,QUERETARO,285,2,URBANO(A)
22,3,14,QUERETARO,286,2,URBANO(A)
22,3,14,QUERETARO,287,2,URBANO(A)
22,3,14,QUERETARO,288,2,URBANO(A)
22,3,14,QUERETARO,289,2,URBANO(A)
22,3,14,QUERETARO,290,2,URBANO(A)
22,3,14,QUERETARO,291,2,URBANO(A)
22,3,14,QUERETARO,292,2,URBANO(A)
22,6,14,QUERETARO,294,2,URBANO(A)
22,3,14,QUERETARO,295,2,URBANO(A)
22,3,14,QUERETARO,296,2,URBANO(A)
22,6,14,QUERETARO,297,2,URBANO(A)
22,6,14,QUERETARO,298,2,URBANO(A)
22,6,14,QUERETARO,299,2,URBANO(A)
22,6,14,QUERETARO,300,2,URBANO(A)
22,6,14,QUERETARO,301,2,URBANO(A)
22,3,14,QUERETARO,302,2,URBANO(A)
22,3,14,QUERETARO,303,2,URBANO(A)
22,3,14,QUERETARO,304,2,URBANO(A)
22,3,14,QUERETARO,305,2,URBANO(A)
22,3,14,QUERETARO,306,2,URBANO(A)
22,3,14,QUERETARO,307,2,URBANO(A)
22,3,14,QUERETARO,308,2,URBANO(A)
22,3,14,QUERETARO,309,2,URBANO(A)
22,3,14,QUERETARO,310,2,URBANO(A)
22,3,14,QUERETARO,311,2,URBANO(A)
22,3,14,QUERETARO,312,2,URBANO(A)
22,3,14,QUERETARO,313,2,URBANO(A)
22,3,14,QUERETARO,314,2,URBANO(A)
22,3,14,QUERETARO,315,2,URBANO(A)
22,3,14,QUERETARO,316,2,URBANO(A)
22,3,14,QUERETARO,317,2,URBANO(A)
22,3,14,QUERETARO,318,2,URBANO(A)
22,3,14,QUERETARO,319,2,URBANO(A)
22,3,14,QUERETARO,320,2,URBANO(A)
22,3,14,QUERETARO,321,2,URBANO(A)
22,3,14,QUERETARO,322,2,URBANO(A)
22,3,14,QUERETARO,324,2,URBANO(A)
22,3,14,QUERETARO,325,2,URBANO(A)
22,3,14,QUERETARO,326,2,URBANO(A)
22,3,14,QUERETARO,327,2,URBANO(A)
22,3,14,QUERETARO,328,2,URBANO(A)
22,3,14,QUERETARO,329,2,URBANO(A)
22,3,14,QUERETARO,330,2,URBANO(A)
22,3,14,QUERETARO,331,2,URBANO(A)
22,3,14,QUERETARO,332,2,URBANO(A)
22,3,14,QUERETARO,333,2,URBANO(A)
22,3,14,QUERETARO,334,2,URBANO(A)
22,3,14,QUERETARO,335,2,URBANO(A)
22,3,14,QUERETARO,336,2,URBANO(A)
22,3,14,QUERETARO,337,2,URBANO(A)
22,3,14,QUERETARO,338,2,URBANO(A)
22,3,14,QUERETARO,339,2,URBANO(A)
22,3,14,QUERETARO,340,2,URBANO(A)
22,3,14,QUERETARO,341,2,URBANO(A)
22,3,14,QUERETARO,342,2,URBANO(A)
22,3,14,QUERETARO,343,2,URBANO(A)
22,3,14,QUERETARO,344,2,URBANO(A)
22,3,14,QUERETARO,345,2,URBANO(A)
22,3,14,QUERETARO,346,2,URBANO(A)
22,3,14,QUERETARO,347,2,URBANO(A)
22,3,14,QUERETARO,348,2,URBANO(A)
22,3,14,QUERETARO,349,2,URBANO(A)
22,3,14,QUERETARO,350,2,URBANO(A)
22,3,14,QUERETARO,351,2,URBANO(A)
22,3,14,QUERETARO,352,2,URBANO(A)
22,3,14,QUERETARO,353,2,URBANO(A)
22,3,14,QUERETARO,354,2,URBANO(A)
22,3,14,QUERETARO,355,2,URBANO(A)
22,3,14,QUERETARO,356,2,URBANO(A)
22,3,14,QUERETARO,357,2,URBANO(A)
22,3,14,QUERETARO,358,2,URBANO(A)
22,3,14,QUERETARO,359,2,URBANO(A)
22,3,14,QUERETARO,360,2,URBANO(A)
22,3,14,QUERETARO,361,2,URBANO(A)
22,3,14,QUERETARO,362,2,URBANO(A)
22,3,14,QUERETARO,363,2,URBANO(A)
22,3,14,QUERETARO,364,2,URBANO(A)
22,3,14,QUERETARO,365,2,URBANO(A)
22,3,14,QUERETARO,366,2,URBANO(A)
22,3,14,QUERETARO,367,2,URBANO(A)
22,3,14,QUERETARO,368,2,URBANO(A)
22,3,14,QUERETARO,369,2,URBANO(A)
22,3,14,QUERETARO,370,2,URBANO(A)
22,3,14,QUERETARO,371,2,URBANO(A)
22,3,14,QUERETARO,372,2,URBANO(A)
22,3,14,QUERETARO,373,2,URBANO(A)
22,3,14,QUERETARO,374,2,URBANO(A)
22,3,14,QUERETARO,375,2,URBANO(A)
22,3,14,QUERETARO,376,2,URBANO(A)
22,3,14,QUERETARO,377,2,URBANO(A)
22,3,14,QUERETARO,378,2,URBANO(A)
22,3,14,QUERETARO,379,2,URBANO(A)
22,3,14,QUERETARO,380,2,URBANO(A)
22,3,14,QUERETARO,381,2,URBANO(A)
22,3,14,QUERETARO,382,2,URBANO(A)
22,3,14,QUERETARO,383,2,URBANO(A)
22,3,14,QUERETARO,384,2,URBANO(A)
22,3,14,QUERETARO,385,2,URBANO(A)
22,4,14,QUERETARO,386,2,URBANO(A)
22,4,14,QUERETARO,387,2,URBANO(A)
22,4,14,QUERETARO,388,2,URBANO(A)
22,4,14,QUERETARO,389,2,URBANO(A)
22,3,14,QUERETARO,390,2,URBANO(A)
22,3,14,QUERETARO,391,2,URBANO(A)
22,3,14,QUERETARO,392,2,URBANO(A)
22,3,14,QUERETARO,393,2,URBANO(A)
22,3,14,QUERETARO,394,2,URBANO(A)
22,3,14,QUERETARO,395,2,URBANO(A)
22,3,14,QUERETARO,396,2,URBANO(A)
22,3,14,QUERETARO,397,2,URBANO(A)
22,3,14,QUERETARO,398,2,URBANO(A)
22,3,14,QUERETARO,399,2,URBANO(A)
22,3,14,QUERETARO,400,2,URBANO(A)
22,3,14,QUERETARO,401,2,URBANO(A)
22,4,14,QUERETARO,402,2,URBANO(A)
22,4,14,QUERETARO,403,2,URBANO(A)
22,4,14,QUERETARO,405,2,URBANO(A)
22,4,14,QUERETARO,406,2,URBANO(A)
22,4,14,QUERETARO,407,2,URBANO(A)
22,4,14,QUERETARO,408,2,URBANO(A)
22,4,14,QUERETARO,409,2,URBANO(A)
22,3,14,QUERETARO,410,2,URBANO(A)
22,3,14,QUERETARO,411,2,URBANO(A)
22,3,14,QUERETARO,412,2,URBANO(A)
22,3,14,QUERETARO,413,2,URBANO(A)
22,3,14,QUERETARO,414,2,URBANO(A)
22,3,14,QUERETARO,415,2,URBANO(A)
22,3,14,QUERETARO,416,3,MIXTO(A)
22,3,14,QUERETARO,417,2,URBANO(A)
22,3,14,QUERETARO,418,2,URBANO(A)
22,3,14,QUERETARO,419,2,URBANO(A)
22,4,14,QUERETARO,420,2,URBANO(A)
22,4,14,QUERETARO,421,2,URBANO(A)
22,4,14,QUERETARO,422,2,URBANO(A)
22,4,14,QUERETARO,423,2,URBANO(A)
22,4,14,QUERETARO,424,2,URBANO(A)
22,4,14,QUERETARO,425,2,URBANO(A)
22,3,14,QUERETARO,426,2,URBANO(A)
22,4,14,QUERETARO,427,2,URBANO(A)
22,4,14,QUERETARO,428,2,URBANO(A)
22,4,14,QUERETARO,429,2,URBANO(A)
22,4,14,QUERETARO,430,2,URBANO(A)
22,4,14,QUERETARO,431,2,URBANO(A)
22,4,14,QUERETARO,432,2,URBANO(A)
22,4,14,QUERETARO,433,2,URBANO(A)
22,4,14,QUERETARO,434,2,URBANO(A)
22,4,14,QUERETARO,435,2,URBANO(A)
22,4,14,QUERETARO,436,2,URBANO(A)
22,4,14,QUERETARO,437,2,URBANO(A)
22,4,14,QUERETARO,438,2,URBANO(A)
22,4,14,QUERETARO,439,2,URBANO(A)
22,4,14,QUERETARO,440,2,URBANO(A)
22,4,14,QUERETARO,441,2,URBANO(A)
22,4,14,QUERETARO,442,2,URBANO(A)
22,4,14,QUERETARO,443,2,URBANO(A)
22,4,14,QUERETARO,444,2,URBANO(A)
22,4,14,QUERETARO,445,2,URBANO(A)
22,4,14,QUERETARO,446,2,URBANO(A)
22,4,14,QUERETARO,447,2,URBANO(A)
22,4,14,QUERETARO,448,2,URBANO(A)
22,4,14,QUERETARO,449,2,URBANO(A)
22,4,14,QUERETARO,450,2,URBANO(A)
22,4,14,QUERETARO,451,2,URBANO(A)
22,4,14,QUERETARO,452,2,URBANO(A)
22,4,14,QUERETARO,453,2,URBANO(A)
22,4,14,QUERETARO,454,2,URBANO(A)
22,4,14,QUERETARO,455,2,URBANO(A)
22,4,14,QUERETARO,456,2,URBANO(A)
22,4,14,QUERETARO,457,2,URBANO(A)
22,4,14,QUERETARO,458,2,URBANO(A)
22,4,14,QUERETARO,459,2,URBANO(A)
22,4,14,QUERETARO,460,2,URBANO(A)
22,4,14,QUERETARO,461,2,URBANO(A)
22,4,14,QUERETARO,462,2,URBANO(A)
22,4,14,QUERETARO,463,2,URBANO(A)
22,4,14,QUERETARO,464,2,URBANO(A)
22,4,14,QUERETARO,465,2,URBANO(A)
22,4,14,QUERETARO,466,2,URBANO(A)
22,4,14,QUERETARO,467,2,URBANO(A)
22,4,14,QUERETARO,468,2,URBANO(A)
22,4,14,QUERETARO,469,2,URBANO(A)
22,4,14,QUERETARO,470,2,URBANO(A)
22,4,14,QUERETARO,471,2,URBANO(A)
22,4,14,QUERETARO,472,2,URBANO(A)
22,4,14,QUERETARO,473,2,URBANO(A)
22,4,14,QUERETARO,474,2,URBANO(A)
22,4,14,QUERETARO,475,2,URBANO(A)
22,4,14,QUERETARO,476,2,URBANO(A)
22,4,14,QUERETARO,477,2,URBANO(A)
22,4,14,QUERETARO,478,2,URBANO(A)
22,4,14,QUERETARO,479,2,URBANO(A)
22,4,14,QUERETARO,480,2,URBANO(A)
22,4,14,QUERETARO,481,2,URBANO(A)
22,4,14,QUERETARO,482,2,URBANO(A)
22,4,14,QUERETARO,483,2,URBANO(A)
22,4,14,QUERETARO,484,2,URBANO(A)
22,4,14,QUERETARO,485,2,URBANO(A)
22,4,14,QUERETARO,486,2,URBANO(A)
22,4,14,QUERETARO,487,2,URBANO(A)
22,4,14,QUERETARO,488,2,URBANO(A)
22,4,14,QUERETARO,489,2,URBANO(A)
22,4,14,QUERETARO,490,2,URBANO(A)
22,4,14,QUERETARO,492,2,URBANO(A)
22,4,14,QUERETARO,493,2,URBANO(A)
22,4,14,QUERETARO,494,2,URBANO(A)
22,4,14,QUERETARO,495,2,URBANO(A)
22,4,14,QUERETARO,496,2,URBANO(A)
22,4,14,QUERETARO,497,2,URBANO(A)
22,4,14,QUERETARO,498,2,URBANO(A)
22,4,14,QUERETARO,499,2,URBANO(A)
22,4,14,QUERETARO,500,2,URBANO(A)
22,4,14,QUERETARO,501,2,URBANO(A)
22,4,14,QUERETARO,502,2,URBANO(A)
22,4,14,QUERETARO,503,2,URBANO(A)
22,4,14,QUERETARO,504,2,URBANO(A)
22,4,14,QUERETARO,505,2,URBANO(A)
22,4,14,QUERETARO,506,2,URBANO(A)
22,4,14,QUERETARO,507,2,URBANO(A)
22,4,14,QUERETARO,508,2,URBANO(A)
22,4,14,QUERETARO,509,2,URBANO(A)
22,4,14,QUERETARO,510,2,URBANO(A)
22,4,14,QUERETARO,511,2,URBANO(A)
22,4,14,QUERETARO,512,2,URBANO(A)
22,4,14,QUERETARO,513,2,URBANO(A)
22,4,14,QUERETARO,514,2,URBANO(A)
22,4,14,QUERETARO,515,2,URBANO(A)
22,6,14,QUERETARO,516,4,RURAL
22,6,14,QUERETARO,518,3,MIXTO(A)
22,6,14,QUERETARO,519,3,MIXTO(A)
22,6,14,QUERETARO,520,4,RURAL
22,6,14,QUERETARO,521,4,RURAL
22,6,14,QUERETARO,522,2,URBANO(A)
22,6,14,QUERETARO,523,3,MIXTO(A)
22,6,14,QUERETARO,524,3,MIXTO(A)
22,6,14,QUERETARO,525,4,RURAL
22,6,14,QUERETARO,526,3,MIXTO(A)
22,6,14,QUERETARO,527,3,MIXTO(A)
22,6,14,QUERETARO,528,3,MIXTO(A)
22,6,14,QUERETARO,530,4,RURAL
22,6,14,QUERETARO,531,2,URBANO(A)
22,6,14,QUERETARO,532,2,URBANO(A)
22,6,14,QUERETARO,533,2,URBANO(A)
22,6,14,QUERETARO,534,2,URBANO(A)
22,6,14,QUERETARO,535,2,URBANO(A)
22,6,14,QUERETARO,536,2,URBANO(A)
22,6,14,QUERETARO,537,2,URBANO(A)
22,6,14,QUERETARO,538,2,URBANO(A)
22,6,14,QUERETARO,539,3,MIXTO(A)
22,6,14,QUERETARO,540,3,MIXTO(A)
22,6,14,QUERETARO,542,2,URBANO(A)
22,6,14,QUERETARO,543,4,RURAL
22,6,14,QUERETARO,544,2,URBANO(A)
22,6,14,QUERETARO,546,3,MIXTO(A)
22,6,14,QUERETARO,547,3,MIXTO(A)
22,6,14,QUERETARO,548,3,MIXTO(A)
22,3,14,QUERETARO,549,3,MIXTO(A)
22,4,14,QUERETARO,554,4,RURAL
22,5,10,EL MARQUES,555,4,RURAL
22,1,15,SAN JOAQUIN,556,3,MIXTO(A)
22,1,15,SAN JOAQUIN,557,3,MIXTO(A)
22,1,15,SAN JOAQUIN,558,4,RURAL
22,1,15,SAN JOAQUIN,559,4,RURAL
22,1,15,SAN JOAQUIN,560,4,RURAL
22,1,15,SAN JOAQUIN,561,4,RURAL
22,1,15,SAN JOAQUIN,562,4,RURAL
22,2,16,SAN JUAN DEL RIO,563,2,URBANO(A)
22,2,16,SAN JUAN DEL RIO,564,2,URBANO(A)
22,2,16,SAN JUAN DEL RIO,567,2,URBANO(A)
22,2,16,SAN JUAN DEL RIO,568,2,URBANO(A)
22,2,16,SAN JUAN DEL RIO,569,2,URBANO(A)
22,2,16,SAN JUAN DEL RIO,570,2,URBANO(A)
22,2,16,SAN JUAN DEL RIO,571,2,URBANO(A)
22,2,16,SAN JUAN DEL RIO,572,2,URBANO(A)
22,2,16,SAN JUAN DEL RIO,573,2,URBANO(A)
22,2,16,SAN JUAN DEL RIO,574,2,URBANO(A)
22,2,16,SAN JUAN DEL RIO,575,2,URBANO(A)
22,2,16,SAN JUAN DEL RIO,576,2,URBANO(A)
22,2,16,SAN JUAN DEL RIO,577,2,URBANO(A)
22,2,16,SAN JUAN DEL RIO,578,2,URBANO(A)
22,2,16,SAN JUAN DEL RIO,579,2,URBANO(A)
22,2,16,SAN JUAN DEL RIO,580,2,URBANO(A)
22,2,16,SAN JUAN DEL RIO,581,2,URBANO(A)
22,2,16,SAN JUAN DEL RIO,582,2,URBANO(A)
22,2,16,SAN JUAN DEL RIO,583,2,URBANO(A)
22,2,16,SAN JUAN DEL RIO,584,2,URBANO(A)
22,2,16,SAN JUAN DEL RIO,587,2,URBANO(A)
22,2,16,SAN JUAN DEL RIO,588,2,URBANO(A)
22,2,16,SAN JUAN DEL RIO,589,2,URBANO(A)
22,2,16,SAN JUAN DEL RIO,590,2,URBANO(A)
22,2,16,SAN JUAN DEL RIO,591,2,URBANO(A)
22,2,16,SAN JUAN DEL RIO,592,2,URBANO(A)
22,2,16,SAN JUAN DEL RIO,593,2,URBANO(A)
22,2,16,SAN JUAN DEL RIO,594,2,URBANO(A)
22,2,16,SAN JUAN DEL RIO,595,2,URBANO(A)
22,2,16,SAN JUAN DEL RIO,596,2,URBANO(A)
22,2,16,SAN JUAN DEL RIO,597,2,URBANO(A)
22,2,16,SAN JUAN DEL RIO,598,2,URBANO(A)
22,2,16,SAN JUAN DEL RIO,599,2,URBANO(A)
22,2,16,SAN JUAN DEL RIO,600,2,URBANO(A)
22,2,16,SAN JUAN DEL RIO,601,2,URBANO(A)
22,2,16,SAN JUAN DEL RIO,602,2,URBANO(A)
22,2,16,SAN JUAN DEL RIO,603,2,URBANO(A)
22,2,16,SAN JUAN DEL RIO,604,2,URBANO(A)
22,2,16,SAN JUAN DEL RIO,605,3,MIXTO(A)
22,2,16,SAN JUAN DEL RIO,606,2,URBANO(A)
22,2,16,SAN JUAN DEL RIO,607,3,MIXTO(A)
22,2,16,SAN JUAN DEL RIO,608,3,MIXTO(A)
22,2,16,SAN JUAN DEL RIO,609,2,URBANO(A)
22,2,16,SAN JUAN DEL RIO,610,4,RURAL
22,2,16,SAN JUAN DEL RIO,611,3,MIXTO(A)
22,2,16,SAN JUAN DEL RIO,612,2,URBANO(A)
22,2,16,SAN JUAN DEL RIO,613,3,MIXTO(A)
22,2,16,SAN JUAN DEL RIO,614,3,MIXTO(A)
22,2,16,SAN JUAN DEL RIO,615,3,MIXTO(A)
22,2,16,SAN JUAN DEL RIO,616,3,MIXTO(A)
22,2,16,SAN JUAN DEL RIO,618,3,MIXTO(A)
22,2,16,SAN JUAN DEL RIO,619,3,MIXTO(A)
22,2,16,SAN JUAN DEL RIO,620,2,URBANO(A)
22,2,16,SAN JUAN DEL RIO,621,4,RURAL
22,2,16,SAN JUAN DEL RIO,622,3,MIXTO(A)
22,2,16,SAN JUAN DEL RIO,624,3,MIXTO(A)
22,2,16,SAN JUAN DEL RIO,625,3,MIXTO(A)
22,2,16,SAN JUAN DEL RIO,626,4,RURAL
22,2,16,SAN JUAN DEL RIO,628,4,RURAL
22,2,16,SAN JUAN DEL RIO,629,4,RURAL
22,2,16,SAN JUAN DEL RIO,630,4,RURAL
22,2,16,SAN JUAN DEL RIO,631,4,RURAL
22,2,16,SAN JUAN DEL RIO,633,2,URBANO(A)
22,2,16,SAN JUAN DEL RIO,634,3,MIXTO(A)
22,2,16,SAN JUAN DEL RIO,635,4,RURAL
22,2,16,SAN JUAN DEL RIO,636,4,RURAL
22,2,16,SAN JUAN DEL RIO,637,4,RURAL
22,2,16,SAN JUAN DEL RIO,638,3,MIXTO(A)
22,2,16,SAN JUAN DEL RIO,639,4,RURAL
22,2,16,SAN JUAN DEL RIO,640,3,MIXTO(A)
22,2,16,SAN JUAN DEL RIO,641,3,MIXTO(A)
22,2,16,SAN JUAN DEL RIO,642,3,MIXTO(A)
22,2,16,SAN JUAN DEL RIO,643,4,RURAL
22,1,17,TEQUISQUIAPAN,644,2,URBANO(A)
22,1,17,TEQUISQUIAPAN,645,2,URBANO(A)
22,1,17,TEQUISQUIAPAN,646,2,URBANO(A)
22,1,17,TEQUISQUIAPAN,647,3,MIXTO(A)
22,1,17,TEQUISQUIAPAN,648,2,URBANO(A)
22,1,17,TEQUISQUIAPAN,649,2,URBANO(A)
22,1,17,TEQUISQUIAPAN,650,2,URBANO(A)
22,1,17,TEQUISQUIAPAN,651,2,URBANO(A)
22,1,17,TEQUISQUIAPAN,652,2,URBANO(A)
22,1,17,TEQUISQUIAPAN,653,2,URBANO(A)
22,1,17,TEQUISQUIAPAN,654,3,MIXTO(A)
22,1,17,TEQUISQUIAPAN,655,2,URBANO(A)
22,1,17,TEQUISQUIAPAN,656,2,URBANO(A)
22,1,17,TEQUISQUIAPAN,657,2,URBANO(A)
22,1,17,TEQUISQUIAPAN,658,2,URBANO(A)
22,1,17,TEQUISQUIAPAN,659,3,MIXTO(A)
22,1,17,TEQUISQUIAPAN,660,3,MIXTO(A)
22,1,17,TEQUISQUIAPAN,661,2,URBANO(A)
22,1,17,TEQUISQUIAPAN,662,4,RURAL
22,1,17,TEQUISQUIAPAN,663,4,RURAL
22,1,17,TEQUISQUIAPAN,664,4,RURAL
22,1,17,TEQUISQUIAPAN,665,3,MIXTO(A)
22,1,17,TEQUISQUIAPAN,666,3,MIXTO(A)
22,1,17,TEQUISQUIAPAN,667,2,URBANO(A)
22,1,17,TEQUISQUIAPAN,668,3,MIXTO(A)
22,1,17,TEQUISQUIAPAN,669,3,MIXTO(A)
22,1,17,TEQUISQUIAPAN,670,3,MIXTO(A)
22,1,17,TEQUISQUIAPAN,671,3,MIXTO(A)
22,1,17,TEQUISQUIAPAN,672,3,MIXTO(A)
22,1,17,TEQUISQUIAPAN,673,3,MIXTO(A)
22,1,18,TOLIMAN,674,2,URBANO(A)
22,1,18,TOLIMAN,675,3,MIXTO(A)
22,1,18,TOLIMAN,676,4,RURAL
22,1,18,TOLIMAN,677,4,RURAL
22,1,18,TOLIMAN,678,4,RURAL
22,1,18,TOLIMAN,679,4,RURAL
22,1,18,TOLIMAN,680,4,RURAL
22,1,18,TOLIMAN,681,4,RURAL
22,1,18,TOLIMAN,682,4,RURAL
22,1,18,TOLIMAN,683,4,RURAL
22,1,18,TOLIMAN,684,2,URBANO(A)
22,1,18,TOLIMAN,686,4,RURAL
22,1,18,TOLIMAN,687,4,RURAL
22,4,5,CORREGIDORA,688,3,MIXTO(A)
22,4,5,CORREGIDORA,689,2,URBANO(A)
22,4,5,CORREGIDORA,690,2,URBANO(A)
22,4,14,QUERETARO,691,2,URBANO(A)
22,4,14,QUERETARO,692,2,URBANO(A)
22,4,14,QUERETARO,693,2,URBANO(A)
22,4,5,CORREGIDORA,694,2,URBANO(A)
22,4,5,CORREGIDORA,695,2,URBANO(A)
22,6,14,QUERETARO,696,4,RURAL
22,3,14,QUERETARO,697,2,URBANO(A)
22,3,14,QUERETARO,698,2,URBANO(A)
22,3,14,QUERETARO,699,2,URBANO(A)
22,3,14,QUERETARO,700,2,URBANO(A)
22,3,14,QUERETARO,701,2,URBANO(A)
22,3,14,QUERETARO,702,2,URBANO(A)
22,3,14,QUERETARO,703,2,URBANO(A)
22,3,14,QUERETARO,704,2,URBANO(A)
22,3,14,QUERETARO,705,2,URBANO(A)
22,3,14,QUERETARO,706,2,URBANO(A)
22,3,14,QUERETARO,707,2,URBANO(A)
22,3,14,QUERETARO,708,2,URBANO(A)
22,3,14,QUERETARO,709,2,URBANO(A)
22,3,14,QUERETARO,710,2,URBANO(A)
22,3,14,QUERETARO,711,2,URBANO(A)
22,3,14,QUERETARO,712,2,URBANO(A)
22,3,14,QUERETARO,713,2,URBANO(A)
22,3,14,QUERETARO,714,2,URBANO(A)
22,3,14,QUERETARO,715,2,URBANO(A)
22,3,14,QUERETARO,716,2,URBANO(A)
22,3,14,QUERETARO,717,2,URBANO(A)
22,3,14,QUERETARO,718,2,URBANO(A)
22,3,14,QUERETARO,719,2,URBANO(A)
22,3,14,QUERETARO,720,2,URBANO(A)
22,3,14,QUERETARO,721,2,URBANO(A)
22,3,14,QUERETARO,722,2,URBANO(A)
22,3,14,QUERETARO,723,2,URBANO(A)
22,3,14,QUERETARO,724,2,URBANO(A)
22,3,14,QUERETARO,725,2,URBANO(A)
22,3,14,QUERETARO,726,2,URBANO(A)
22,3,14,QUERETARO,727,2,URBANO(A)
22,3,14,QUERETARO,728,2,URBANO(A)
22,3,14,QUERETARO,729,2,URBANO(A)
22,3,14,QUERETARO,730,2,URBANO(A)
22,3,14,QUERETARO,731,2,URBANO(A)
22,3,14,QUERETARO,732,2,URBANO(A)
22,3,14,QUERETARO,733,2,URBANO(A)
22,6,14,QUERETARO,734,2,URBANO(A)
22,6,14,QUERETARO,735,2,URBANO(A)
22,6,14,QUERETARO,736,2,URBANO(A)
22,6,14,QUERETARO,737,2,URBANO(A)
22,6,14,QUERETARO,738,2,URBANO(A)
22,6,14,QUERETARO,739,2,URBANO(A)
22,6,14,QUERETARO,740,2,URBANO(A)
22,6,14,QUERETARO,741,2,URBANO(A)
22,6,14,QUERETARO,742,2,URBANO(A)
22,6,14,QUERETARO,743,2,URBANO(A)
22,6,14,QUERETARO,744,2,URBANO(A)
22,6,14,QUERETARO,745,2,URBANO(A)
22,6,14,QUERETARO,746,2,URBANO(A)
22,6,14,QUERETARO,747,2,URBANO(A)
22,6,14,QUERETARO,748,2,URBANO(A)
22,6,14,QUERETARO,749,2,URBANO(A)
22,6,14,QUERETARO,750,2,URBANO(A)
22,6,14,QUERETARO,751,2,URBANO(A)
22,6,14,QUERETARO,752,2,URBANO(A)
22,6,14,QUERETARO,753,2,URBANO(A)
22,6,14,QUERETARO,755,2,URBANO(A)
22,6,14,QUERETARO,756,2,URBANO(A)
22,6,14,QUERETARO,757,2,URBANO(A)
22,6,14,QUERETARO,758,2,URBANO(A)
22,6,14,QUERETARO,759,2,URBANO(A)
22,5,10,EL MARQUES,760,4,RURAL
22,5,10,EL MARQUES,762,2,URBANO(A)
22,5,10,EL MARQUES,763,3,MIXTO(A)
22,4,5,CORREGIDORA,764,2,URBANO(A)
22,4,5,CORREGIDORA,765,2,URBANO(A)
22,4,5,CORREGIDORA,766,2,URBANO(A)
22,4,5,CORREGIDORA,767,2,URBANO(A)
22,4,5,CORREGIDORA,768,2,URBANO(A)
22,4,5,CORREGIDORA,769,2,URBANO(A)
22,4,5,CORREGIDORA,770,2,URBANO(A)
22,4,5,CORREGIDORA,771,2,URBANO(A)
22,4,5,CORREGIDORA,772,2,URBANO(A)
22,4,5,CORREGIDORA,773,2,URBANO(A)
22,4,5,CORREGIDORA,774,2,URBANO(A)
22,4,5,CORREGIDORA,775,2,URBANO(A)
22,4,5,CORREGIDORA,776,2,URBANO(A)
22,4,5,CORREGIDORA,777,2,URBANO(A)
22,4,5,CORREGIDORA,778,2,URBANO(A)
22,4,5,CORREGIDORA,779,2,URBANO(A)
22,4,5,CORREGIDORA,780,2,URBANO(A)
22,4,5,CORREGIDORA,781,2,URBANO(A)
22,4,5,CORREGIDORA,782,2,URBANO(A)
22,4,5,CORREGIDORA,783,2,URBANO(A)
22,4,5,CORREGIDORA,784,2,URBANO(A)
22,4,5,CORREGIDORA,785,2,URBANO(A)
22,4,5,CORREGIDORA,786,2,URBANO(A)
22,4,5,CORREGIDORA,787,2,URBANO(A)
22,4,5,CORREGIDORA,788,2,URBANO(A)
22,4,5,CORREGIDORA,789,2,URBANO(A)
22,4,5,CORREGIDORA,790,2,URBANO(A)
22,4,5,CORREGIDORA,791,2,URBANO(A)
22,4,5,CORREGIDORA,792,2,URBANO(A)
22,4,5,CORREGIDORA,793,2,URBANO(A)
22,4,5,CORREGIDORA,794,2,URBANO(A)
22,4,5,CORREGIDORA,795,2,URBANO(A)
22,4,5,CORREGIDORA,796,2,URBANO(A)
22,2,16,SAN JUAN DEL RIO,797,2,URBANO(A)
22,2,16,SAN JUAN DEL RIO,798,2,URBANO(A)
22,2,16,SAN JUAN DEL RIO,799,2,URBANO(A)
22,2,16,SAN JUAN DEL RIO,800,2,URBANO(A)
22,2,16,SAN JUAN DEL RIO,801,2,URBANO(A)
22,2,16,SAN JUAN DEL RIO,802,2,URBANO(A)
22,2,16,SAN JUAN DEL RIO,803,2,URBANO(A)
22,2,16,SAN JUAN DEL RIO,804,2,URBANO(A)
22,2,16,SAN JUAN DEL RIO,805,2,URBANO(A)
22,2,16,SAN JUAN DEL RIO,806,2,URBANO(A)
22,2,16,SAN JUAN DEL RIO,807,2,URBANO(A)
22,2,16,SAN JUAN DEL RIO,808,2,URBANO(A)
22,2,16,SAN JUAN DEL RIO,809,2,URBANO(A)
22,2,16,SAN JUAN DEL RIO,810,2,URBANO(A)
22,2,16,SAN JUAN DEL RIO,811,2,URBANO(A)
22,2,16,SAN JUAN DEL RIO,812,2,URBANO(A)
22,2,16,SAN JUAN DEL RIO,813,2,URBANO(A)
22,2,16,SAN JUAN DEL RIO,814,2,URBANO(A)
22,2,16,SAN JUAN DEL RIO,815,2,URBANO(A)
22,2,16,SAN JUAN DEL RIO,816,2,URBANO(A)
22,2,16,SAN JUAN DEL RIO,817,2,URBANO(A)
22,2,16,SAN JUAN DEL RIO,818,2,URBANO(A)
22,6,14,QUERETARO,819,2,URBANO(A)
22,6,14,QUERETARO,820,2,URBANO(A)
22,6,14,QUERETARO,821,2,URBANO(A)
22,3,14,QUERETARO,822,2,URBANO(A)
22,6,14,QUERETARO,823,2,URBANO(A)
22,6,14,QUERETARO,824,2,URBANO(A)
22,6,14,QUERETARO,825,2,URBANO(A)
22,6,14,QUERETARO,826,2,URBANO(A)
22,6,14,QUERETARO,827,2,URBANO(A)
22,3,14,QUERETARO,828,2,URBANO(A)
22,6,14,QUERETARO,829,3,MIXTO(A)
22,6,14,QUERETARO,830,2,URBANO(A)
22,3,14,QUERETARO,831,2,URBANO(A)
22,6,14,QUERETARO,832,2,URBANO(A)
22,3,14,QUERETARO,833,2,URBANO(A)
22,3,14,QUERETARO,834,2,URBANO(A)
22,3,14,QUERETARO,835,2,URBANO(A)
22,3,14,QUERETARO,836,2,URBANO(A)
22,3,14,QUERETARO,837,2,URBANO(A)
22,6,14,QUERETARO,838,2,URBANO(A)
22,3,14,QUERETARO,839,2,URBANO(A)
22,6,14,QUERETARO,840,2,URBANO(A)
22,6,14,QUERETARO,841,2,URBANO(A)
22,6,14,QUERETARO,842,2,URBANO(A)
22,6,14,QUERETARO,843,2,URBANO(A)
22,6,14,QUERETARO,844,2,URBANO(A)
22,6,14,QUERETARO,845,2,URBANO(A)
22,6,14,QUERETARO,846,3,MIXTO(A)
22,6,14,QUERETARO,847,2,URBANO(A)
22,6,14,QUERETARO,848,2,URBANO(A)
22,6,14,QUERETARO,849,2,URBANO(A)
22,6,14,QUERETARO,850,2,URBANO(A)
22,6,14,QUERETARO,851,2,URBANO(A)
22,6,14,QUERETARO,852,2,URBANO(A)
22,6,14,QUERETARO,853,2,URBANO(A)
22,6,14,QUERETARO,854,2,URBANO(A)
22,6,14,QUERETARO,855,2,URBANO(A)
22,6,14,QUERETARO,856,2,URBANO(A)
22,6,14,QUERETARO,857,2,URBANO(A)
22,6,14,QUERETARO,858,2,URBANO(A)
22,6,14,QUERETARO,859,2,URBANO(A)
22,6,14,QUERETARO,860,2,URBANO(A)
22,6,14,QUERETARO,861,2,URBANO(A)
22,6,14,QUERETARO,862,2,URBANO(A)
22,6,14,QUERETARO,863,2,URBANO(A)
22,6,14,QUERETARO,864,2,URBANO(A)
22,6,14,QUERETARO,865,2,URBANO(A)
22,6,14,QUERETARO,866,2,URBANO(A)
22,3,14,QUERETARO,867,3,MIXTO(A)
22,3,14,QUERETARO,868,2,URBANO(A)
22,3,14,QUERETARO,869,2,URBANO(A)
22,3,14,QUERETARO,870,2,URBANO(A)
22,3,14,QUERETARO,871,2,URBANO(A)
22,3,14,QUERETARO,872,2,URBANO(A)
22,3,14,QUERETARO,873,2,URBANO(A)
22,3,14,QUERETARO,874,2,URBANO(A)
22,3,14,QUERETARO,875,2,URBANO(A)
22,3,14,QUERETARO,876,2,URBANO(A)
22,3,14,QUERETARO,877,2,URBANO(A)
22,3,14,QUERETARO,878,2,URBANO(A)
22,6,14,QUERETARO,879,2,URBANO(A)
22,6,14,QUERETARO,880,2,URBANO(A)
22,6,14,QUERETARO,881,2,URBANO(A)
22,6,14,QUERETARO,882,3,MIXTO(A)
22,6,14,QUERETARO,883,2,URBANO(A)
22,6,14,QUERETARO,884,2,URBANO(A)
22,6,14,QUERETARO,885,2,URBANO(A)
22,6,14,QUERETARO,886,2,URBANO(A)
22,6,14,QUERETARO,887,2,URBANO(A)
22,6,14,QUERETARO,888,2,URBANO(A)
22,6,14,QUERETARO,889,2,URBANO(A)
22,6,14,QUERETARO,890,2,URBANO(A)
22,6,14,QUERETARO,891,2,URBANO(A)
22,1,3,CADEREYTA DE MONTES,892,3,MIXTO(A)
22,1,3,CADEREYTA DE MONTES,893,4,RURAL
22,1,4,COLON,894,4,RURAL
22,1,4,COLON,895,4,RURAL
22,1,4,COLON,896,3,MIXTO(A)
22,1,4,COLON,897,4,RURAL
22,2,16,SAN JUAN DEL RIO,898,3,MIXTO(A)
22,2,16,SAN JUAN DEL RIO,899,4,RURAL
22,2,16,SAN JUAN DEL RIO,900,3,MIXTO(A)
22,2,16,SAN JUAN DEL RIO,901,4,RURAL
22,6,14,QUERETARO,902,4,RURAL
22,6,14,QUERETARO,903,4,RURAL
22,2,1,AMEALCO DE BONFIL,904,4,RURAL
22,2,1,AMEALCO DE BONFIL,905,4,RURAL
22,5,10,EL MARQUES,906,3,MIXTO(A)
22,5,10,EL MARQUES,907,3,MIXTO(A)
22,5,11,PEDRO ESCOBEDO,908,2,URBANO(A)
22,5,11,PEDRO ESCOBEDO,909,2,URBANO(A)
22,2,16,SAN JUAN DEL RIO,910,2,URBANO(A)
22,2,16,SAN JUAN DEL RIO,911,2,URBANO(A)
22,2,16,SAN JUAN DEL RIO,912,2,URBANO(A)
22,2,16,SAN JUAN DEL RIO,913,2,URBANO(A)
22,2,16,SAN JUAN DEL RIO,914,2,URBANO(A)
22,2,16,SAN JUAN DEL RIO,915,2,URBANO(A)
22,2,16,SAN JUAN DEL RIO,916,2,URBANO(A)
22,2,16,SAN JUAN DEL RIO,917,2,URBANO(A)
22,6,14,QUERETARO,918,2,URBANO(A)
22,6,14,QUERETARO,919,2,URBANO(A)
22,6,14,QUERETARO,920,2,URBANO(A)
22,4,14,QUERETARO,921,2,URBANO(A)
22,4,14,QUERETARO,922,2,URBANO(A)
22,4,14,QUERETARO,923,2,URBANO(A)
22,4,14,QUERETARO,924,2,URBANO(A)
22,2,16,SAN JUAN DEL RIO,925,2,URBANO(A)
22,2,16,SAN JUAN DEL RIO,926,2,URBANO(A)
22,2,16,SAN JUAN DEL RIO,927,2,URBANO(A)
22,2,16,SAN JUAN DEL RIO,928,2,URBANO(A)
22,2,16,SAN JUAN DEL RIO,929,2,URBANO(A)
22,2,16,SAN JUAN DEL RIO,930,2,URBANO(A)
22,2,16,SAN JUAN DEL RIO,931,2,URBANO(A)
22,2,16,SAN JUAN DEL RIO,932,2,URBANO(A)
22,2,16,SAN JUAN DEL RIO,933,2,URBANO(A)
22,3,14,QUERETARO,934,2,URBANO(A)
22,3,14,QUERETARO,935,2,URBANO(A)
22,3,14,QUERETARO,936,2,URBANO(A)
22,3,14,QUERETARO,937,2,URBANO(A)
22,3,14,QUERETARO,938,2,URBANO(A)
22,3,14,QUERETARO,939,2,URBANO(A)
22,3,14,QUERETARO,940,2,URBANO(A)
22,3,14,QUERETARO,941,2,URBANO(A)
22,3,14,QUERETARO,942,2,URBANO(A)
22,4,14,QUERETARO,943,2,URBANO(A)
22,4,14,QUERETARO,944,2,URBANO(A)
22,4,14,QUERETARO,945,2,URBANO(A)
22,4,14,QUERETARO,946,2,URBANO(A)
22,5,10,EL MARQUES,947,3,MIXTO(A)
22,5,10,EL MARQUES,948,2,URBANO(A)
22,5,10,EL MARQUES,949,3,MIXTO(A)
22,5,10,EL MARQUES,950,3,MIXTO(A)
22,5,10,EL MARQUES,951,2,URBANO(A)
22,5,10,EL MARQUES,952,2,URBANO(A)
22,5,10,EL MARQUES,953,2,URBANO(A)
22,5,10,EL MARQUES,954,2,URBANO(A)
22,5,10,EL MARQUES,955,2,URBANO(A)
22,5,10,EL MARQUES,956,2,URBANO(A)
22,5,10,EL MARQUES,957,2,URBANO(A)
22,5,10,EL MARQUES,958,3,MIXTO(A)
22,5,10,EL MARQUES,959,4,RURAL
22,5,10,EL MARQUES,960,2,URBANO(A)
22,5,10,EL MARQUES,961,2,URBANO(A)
22,5,10,EL MARQUES,962,2,URBANO(A)
22,5,10,EL MARQUES,963,2,URBANO(A)
22,5,10,EL MARQUES,964,2,URBANO(A)
22,5,10,EL MARQUES,965,2,URBANO(A)
22,5,10,EL MARQUES,966,4,RURAL
22,5,10,EL MARQUES,967,2,URBANO(A)
22,5,10,EL MARQUES,968,2,URBANO(A)
22,1,3,CADEREYTA DE MONTES,969,4,RURAL
22,1,3,CADEREYTA DE MONTES,970,4,RURAL
22,1,4,COLON,971,3,MIXTO(A)
22,1,4,COLON,972,4,RURAL
22,1,4,COLON,973,3,MIXTO(A)
22,1,4,COLON,974,3,MIXTO(A)
22,2,16,SAN JUAN DEL RIO,975,4,RURAL
22,2,16,SAN JUAN DEL RIO,976,3,MIXTO(A)
22,2,16,SAN JUAN DEL RIO,977,4,RURAL
22,4,5,CORREGIDORA,978,3,MIXTO(A)
22,4,5,CORREGIDORA,979,2,URBANO(A)
22,4,5,CORREGIDORA,980,4,RURAL
22,4,5,CORREGIDORA,981,4,RURAL
22,4,5,CORREGIDORA,982,4,RURAL
22,4,5,CORREGIDORA,983,4,RURAL
22,4,5,CORREGIDORA,984,4,RURAL
22,5,7,HUIMILPAN,985,3,MIXTO(A)
22,5,7,HUIMILPAN,986,4,RURAL
22,5,10,EL MARQUES,987,4,RURAL
22,5,10,EL MARQUES,988,3,MIXTO(A)
22,6,14,QUERETARO,989,2,URBANO(A)
22,6,14,QUERETARO,990,2,URBANO(A)
22,6,14,QUERETARO,991,2,URBANO(A)
22,6,14,QUERETARO,992,2,URBANO(A)
22,6,14,QUERETARO,993,2,URBANO(A)
22,6,14,QUERETARO,994,2,URBANO(A)
22,6,14,QUERETARO,995,3,MIXTO(A)
22,6,14,QUERETARO,996,2,URBANO(A)
22,6,14,QUERETARO,997,2,URBANO(A)
22,6,14,QUERETARO,998,3,MIXTO(A)
22,6,14,QUERETARO,999,2,URBANO(A)
22,6,14,QUERETARO,1000,2,URBANO(A)
22,6,14,QUERETARO,1001,2,URBANO(A)
22,6,14,QUERETARO,1002,2,URBANO(A)
22,6,14,QUERETARO,1003,2,URBANO(A)
22,6,14,QUERETARO,1004,3,MIXTO(A)
22,6,14,QUERETARO,1005,2,URBANO(A)
22,6,14,QUERETARO,1006,2,URBANO(A)
22,6,14,QUERETARO,1007,2,URBANO(A)
22,6,14,QUERETARO,1008,2,URBANO(A)
22,6,14,QUERETARO,1009,2,URBANO(A)
22,6,14,QUERETARO,1010,2,URBANO(A)
22,6,14,QUERETARO,1011,2,URBANO(A)
22,6,14,QUERETARO,1012,2,URBANO(A)
22,6,14,QUERETARO,1013,2,URBANO(A)
22,6,14,QUERETARO,1014,2,URBANO(A)
22,6,14,QUERETARO,1015,2,URBANO(A)
22,6,14,QUERETARO,1016,2,URBANO(A)
22,6,14,QUERETARO,1017,2,URBANO(A)
22,6,14,QUERETARO,1018,2,URBANO(A)
22,4,5,CORREGIDORA,1019,4,RURAL
22,4,5,CORREGIDORA,1020,4,RURAL
22,4,5,CORREGIDORA,1021,3,MIXTO(A)
22,4,5,CORREGIDORA,1022,3,MIXTO(A)
22,4,5,CORREGIDORA,1023,3,MIXTO(A)
22,4,5,CORREGIDORA,1024,2,URBANO(A)
22,4,5,CORREGIDORA,1025,2,URBANO(A)
22,4,5,CORREGIDORA,1026,2,URBANO(A)
22,4,5,CORREGIDORA,1027,2,URBANO(A)
22,4,5,CORREGIDORA,1028,2,URBANO(A)
22,4,5,CORREGIDORA,1029,2,URBANO(A)
22,4,5,CORREGIDORA,1030,2,URBANO(A)
22,5,10,EL MARQUES,1031,4,RURAL
22,5,10,EL MARQUES,1032,3,MIXTO(A)
22,5,10,EL MARQUES,1033,2,URBANO(A)
22,5,10,EL MARQUES,1034,2,URBANO(A)
22,5,10,EL MARQUES,1035,3,MIXTO(A)
22,5,10,EL MARQUES,1036,2,URBANO(A)
22,5,10,EL MARQUES,1037,2,URBANO(A)
22,5,10,EL MARQUES,1038,3,MIXTO(A)
22,5,10,EL MARQUES,1039,3,MIXTO(A)
22,5,10,EL MARQUES,1040,3,MIXTO(A)
22,5,10,EL MARQUES,1041,2,URBANO(A)
22,5,10,EL MARQUES,1042,2,URBANO(A)
22,5,10,EL MARQUES,1043,2,URBANO(A)
22,5,10,EL MARQUES,1044,2,URBANO(A)
22,5,10,EL MARQUES,1045,2,URBANO(A)
22,5,10,EL MARQUES,1046,2,URBANO(A)
22,5,10,EL MARQUES,1047,3,MIXTO(A)
22,5,10,EL MARQUES,1048,4,RURAL
22,2,16,SAN JUAN DEL RIO,1049,2,URBANO(A)
22,2,16,SAN JUAN DEL RIO,1050,2,URBANO(A)
22,2,16,SAN JUAN DEL RIO,1051,2,URBANO(A)
22,2,16,SAN JUAN DEL RIO,1052,2,URBANO(A)
22,2,16,SAN JUAN DEL RIO,1053,2,URBANO(A)
22,2,16,SAN JUAN DEL RIO,1054,2,URBANO(A)
22,3,14,QUERETARO,1055,2,URBANO(A)
22,3,14,QUERETARO,1056,2,URBANO(A)
22,3,14,QUERETARO,1057,2,URBANO(A)
22,3,14,QUERETARO,1058,2,URBANO(A)
22,3,14,QUERETARO,1059,2,URBANO(A)
22,3,14,QUERETARO,1060,2,URBANO(A)
22,3,14,QUERETARO,1061,2,URBANO(A)
22,3,14,QUERETARO,1062,2,URBANO(A)
22,3,14,QUERETARO,1063,2,URBANO(A)
22,3,14,QUERETARO,1064,2,URBANO(A)
22,3,14,QUERETARO,1065,4,RURAL
22,3,14,QUERETARO,1066,4,RURAL
22,3,14,QUERETARO,1067,4,RURAL
22,4,5,CORREGIDORA,1068,2,URBANO(A)
22,4,5,CORREGIDORA,1069,2,URBANO(A)
22,4,5,CORREGIDORA,1070,2,URBANO(A)
22,4,5,CORREGIDORA,1071,2,URBANO(A)
22,4,5,CORREGIDORA,1072,2,URBANO(A)
22,4,5,CORREGIDORA,1073,2,URBANO(A)
22,4,5,CORREGIDORA,1074,2,URBANO(A)
22,4,5,CORREGIDORA,1075,2,URBANO(A)
22,4,5,CORREGIDORA,1076,2,URBANO(A)
22,4,5,CORREGIDORA,1077,2,URBANO(A)
22,4,5,CORREGIDORA,1078,2,URBANO(A)
22,4,5,CORREGIDORA,1079,2,URBANO(A)
22,4,5,CORREGIDORA,1080,2,URBANO(A)
22,4,5,CORREGIDORA,1081,2,URBANO(A)
22,4,5,CORREGIDORA,1082,2,URBANO(A)
22,4,5,CORREGIDORA,1083,4,RURAL
22,4,5,CORREGIDORA,1084,3,MIXTO(A)
22,4,5,CORREGIDORA,1085,2,URBANO(A)
22,4,5,CORREGIDORA,1086,2,URBANO(A)
22,4,5,CORREGIDORA,1087,3,MIXTO(A)
22,5,10,EL MARQUES,1088,3,MIXTO(A)
22,5,10,EL MARQUES,1089,4,RURAL
22,5,10,EL MARQUES,1090,2,URBANO(A)
22,5,10,EL MARQUES,1091,2,URBANO(A)
22,5,10,EL MARQUES,1092,2,URBANO(A)
22,5,10,EL MARQUES,1093,4,RURAL
22,5,10,EL MARQUES,1094,3,MIXTO(A)
22,5,10,EL MARQUES,1095,2,URBANO(A)
22,5,10,EL MARQUES,1096,2,URBANO(A)
22,5,10,EL MARQUES,1097,3,MIXTO(A)
22,5,10,EL MARQUES,1098,3,MIXTO(A)
22,5,10,EL MARQUES,1099,2,URBANO(A)
22,5,10,EL MARQUES,1100,3,MIXTO(A)
22,5,10,EL MARQUES,1101,2,URBANO(A)
22,5,10,EL MARQUES,1102,2,URBANO(A)
22,5,10,EL MARQUES,1103,2,URBANO(A)
22,5,10,EL MARQUES,1104,2,URBANO(A)
22,5,10,EL MARQUES,1105,2,URBANO(A)
22,5,10,EL MARQUES,1106,2,URBANO(A)
22,5,10,EL MARQUES,1107,2,URBANO(A)
22,5,10,EL MARQUES,1108,4,RURAL
22,5,10,EL MARQUES,1109,2,URBANO(A)
22,5,10,EL MARQUES,1110,2,URBANO(A)
22,5,10,EL MARQUES,1111,2,URBANO(A)
22,5,10,EL MARQUES,1112,3,MIXTO(A)
22,5,10,EL MARQUES,1113,2,URBANO(A)
22,5,10,EL MARQUES,1114,2,URBANO(A)
22,5,10,EL MARQUES,1115,2,URBANO(A)
22,5,10,EL MARQUES,1116,3,MIXTO(A)
22,5,10,EL MARQUES,1117,3,MIXTO(A)
22,6,14,QUERETARO,1118,2,URBANO(A)
22,6,14,QUERETARO,1119,2,URBANO(A)
22,6,14,QUERETARO,1120,2,URBANO(A)
22,6,14,QUERETARO,1121,2,URBANO(A)
22,6,14,QUERETARO,1122,3,MIXTO(A)
22,6,14,QUERETARO,1123,3,MIXTO(A)
22,6,14,QUERETARO,1124,2,URBANO(A)
22,6,14,QUERETARO,1125,3,MIXTO(A)
22,6,14,QUERETARO,1126,2,URBANO(A)
22,6,14,QUERETARO,1127,2,URBANO(A)
22,6,14,QUERETARO,1128,2,URBANO(A)
22,6,14,QUERETARO,1129,2,URBANO(A)
22,6,14,QUERETARO,1130,4,RURAL
22,6,14,QUERETARO,1131,4,RURAL
22,6,14,QUERETARO,1132,3,MIXTO(A)
22,6,14,QUERETARO,1133,2,URBANO(A)
22,6,14,QUERETARO,1134,2,URBANO(A)
22,6,14,QUERETARO,1135,2,URBANO(A)
22,6,14,QUERETARO,1136,2,URBANO(A)
22,6,14,QUERETARO,1137,2,URBANO(A)
22,6,14,QUERETARO,1138,2,URBANO(A)
22,6,14,QUERETARO,1139,2,URBANO(A)
22,6,14,QUERETARO,1140,2,URBANO(A)
22,6,14,QUERETARO,1141,2,URBANO(A)
22,6,14,QUERETARO,1142,2,URBANO(A)
22,6,14,QUERETARO,1143,2,URBANO(A)
