ENTIDAD,DISTRITO,MUNICIPIO,NOMBRE_MUNICIPIO,SECCION,TIPO_SECCION,TIPO_NOMBRE,
27,1,1,BALANCAN,1,3,MIXTO(A),
27,1,1,BALANCAN,2,3,MIXTO(A),
27,1,1,BALANCAN,3,2,URBANO(A),
27,1,1,BALANCAN,4,2,URBANO(A),
27,1,1,BALANCAN,5,3,MIXTO(A),
27,1,1,BALANCAN,6,3,MIXTO(A),
27,1,1,BALANCAN,7,3,MIXTO(A),
27,1,1,BALANCAN,8,4,RURAL,
27,1,1,BALANCAN,9,4,RURAL,
27,1,1,BALANCAN,10,4,RURAL,
27,1,1,BALANCAN,11,4,RURAL,
27,1,1,BALANCAN,12,4,RURAL,
27,1,1,BALANCAN,13,3,MIXTO(A),
27,1,1,BALANCAN,14,2,URBANO(A),
27,1,1,BALANCAN,15,2,URBANO(A),
27,1,1,BALANCAN,16,2,URBANO(A),
27,1,1,BALANCAN,17,3,MIXTO(A),
27,1,1,BALANCAN,18,4,RURAL,
27,1,1,BALANCAN,19,4,RURAL,
27,1,1,BALANCAN,20,4,RURAL,
27,1,1,BALANCAN,21,4,RURAL,
27,1,1,BALANCAN,22,4,RURAL,
27,1,1,BALANCAN,23,4,RURAL,
27,1,1,BALANCAN,24,3,MIXTO(A),
27,1,1,BALANCAN,25,4,RURAL,
27,1,1,BALANCAN,27,3,MIXTO(A),
27,1,1,BALANCAN,28,3,MIXTO(A),
27,1,1,BALANCAN,29,4,RURAL,
27,1,1,BALANCAN,30,4,RURAL,
27,1,1,BALANCAN,31,4,RURAL,
27,1,1,BALANCAN,32,4,RURAL,
27,1,1,BALANCAN,33,4,RURAL,
27,1,1,BALANCAN,34,4,RURAL,
27,1,1,BALANCAN,35,4,RURAL,
27,1,1,BALANCAN,36,4,RURAL,
27,1,1,BALANCAN,37,4,RURAL,
27,1,1,BALANCAN,38,4,RURAL,
27,1,1,BALANCAN,39,4,RURAL,
27,1,1,BALANCAN,40,4,RURAL,
27,1,1,BALANCAN,41,4,RURAL,
27,1,1,BALANCAN,42,4,RURAL,
27,1,1,BALANCAN,43,4,RURAL,
27,1,1,BALANCAN,44,4,RURAL,
27,1,1,BALANCAN,45,4,RURAL,
27,2,2,CARDENAS,46,2,URBANO(A),
27,2,2,CARDENAS,47,2,URBANO(A),
27,2,2,CARDENAS,48,2,URBANO(A),
27,2,2,CARDENAS,49,2,URBANO(A),
27,2,2,CARDENAS,50,2,URBANO(A),
27,2,2,CARDENAS,51,2,URBANO(A),
27,2,2,CARDENAS,52,2,URBANO(A),
27,2,2,CARDENAS,53,2,URBANO(A),
27,2,2,CARDENAS,54,2,URBANO(A),
27,2,2,CARDENAS,55,2,URBANO(A),
27,2,2,CARDENAS,56,2,URBANO(A),
27,2,2,CARDENAS,57,2,URBANO(A),
27,2,2,CARDENAS,58,2,URBANO(A),
27,2,2,CARDENAS,59,2,URBANO(A),
27,2,2,CARDENAS,60,2,URBANO(A),
27,2,2,CARDENAS,61,2,URBANO(A),
27,2,2,CARDENAS,62,2,URBANO(A),
27,2,2,CARDENAS,63,2,URBANO(A),
27,2,2,CARDENAS,64,2,URBANO(A),
27,2,2,CARDENAS,65,2,URBANO(A),
27,2,2,CARDENAS,66,2,URBANO(A),
27,2,2,CARDENAS,67,2,URBANO(A),
27,2,2,CARDENAS,68,2,URBANO(A),
27,2,2,CARDENAS,69,2,URBANO(A),
27,2,2,CARDENAS,70,2,URBANO(A),
27,2,2,CARDENAS,71,2,URBANO(A),
27,2,2,CARDENAS,72,2,URBANO(A),
27,2,2,CARDENAS,73,2,URBANO(A),
27,2,2,CARDENAS,74,2,URBANO(A),
27,2,2,CARDENAS,75,2,URBANO(A),
27,2,2,CARDENAS,76,2,URBANO(A),
27,2,2,CARDENAS,77,2,URBANO(A),
27,2,2,CARDENAS,78,2,URBANO(A),
27,2,2,CARDENAS,79,2,URBANO(A),
27,2,2,CARDENAS,80,2,URBANO(A),
27,2,2,CARDENAS,81,2,URBANO(A),
27,2,2,CARDENAS,82,2,URBANO(A),
27,2,2,CARDENAS,83,2,URBANO(A),
27,2,2,CARDENAS,84,2,URBANO(A),
27,2,2,CARDENAS,85,2,URBANO(A),
27,2,2,CARDENAS,86,2,URBANO(A),
27,2,2,CARDENAS,87,2,URBANO(A),
27,2,2,CARDENAS,88,2,URBANO(A),
27,2,2,CARDENAS,89,2,URBANO(A),
27,2,2,CARDENAS,90,4,RURAL,
27,2,2,CARDENAS,91,4,RURAL,
27,2,2,CARDENAS,92,2,URBANO(A),
27,2,2,CARDENAS,93,2,URBANO(A),
27,2,2,CARDENAS,94,2,URBANO(A),
27,2,2,CARDENAS,95,3,MIXTO(A),
27,2,2,CARDENAS,96,4,RURAL,
27,2,2,CARDENAS,97,4,RURAL,
27,2,2,CARDENAS,98,4,RURAL,
27,2,2,CARDENAS,99,4,RURAL,
27,2,2,CARDENAS,100,2,URBANO(A),
27,2,2,CARDENAS,101,4,RURAL,
27,2,2,CARDENAS,102,4,RURAL,
27,2,2,CARDENAS,103,4,RURAL,
27,2,2,CARDENAS,104,4,RURAL,
27,2,2,CARDENAS,105,4,RURAL,
27,2,2,CARDENAS,106,4,RURAL,
27,2,2,CARDENAS,107,4,RURAL,
27,2,2,CARDENAS,108,4,RURAL,
27,2,2,CARDENAS,109,4,RURAL,
27,2,2,CARDENAS,110,2,URBANO(A),
27,2,2,CARDENAS,111,4,RURAL,
27,2,2,CARDENAS,112,4,RURAL,
27,2,2,CARDENAS,113,3,MIXTO(A),
27,2,2,CARDENAS,114,2,URBANO(A),
27,2,2,CARDENAS,115,2,URBANO(A),
27,2,2,CARDENAS,116,2,URBANO(A),
27,2,2,CARDENAS,117,4,RURAL,
27,2,2,CARDENAS,118,2,URBANO(A),
27,2,2,CARDENAS,119,3,MIXTO(A),
27,2,2,CARDENAS,120,2,URBANO(A),
27,2,2,CARDENAS,121,2,URBANO(A),
27,2,2,CARDENAS,122,4,RURAL,
27,2,2,CARDENAS,123,4,RURAL,
27,2,2,CARDENAS,124,4,RURAL,
27,2,2,CARDENAS,125,2,URBANO(A),
27,2,2,CARDENAS,126,4,RURAL,
27,2,2,CARDENAS,127,3,MIXTO(A),
27,2,2,CARDENAS,128,3,MIXTO(A),
27,2,2,CARDENAS,129,4,RURAL,
27,2,2,CARDENAS,130,2,URBANO(A),
27,2,2,CARDENAS,131,4,RURAL,
27,2,2,CARDENAS,132,2,URBANO(A),
27,2,2,CARDENAS,133,2,URBANO(A),
27,2,2,CARDENAS,134,2,URBANO(A),
27,2,2,CARDENAS,135,4,RURAL,
27,2,2,CARDENAS,136,4,RURAL,
27,2,2,CARDENAS,137,2,URBANO(A),
27,2,2,CARDENAS,138,2,URBANO(A),
27,2,2,CARDENAS,139,4,RURAL,
27,2,2,CARDENAS,140,4,RURAL,
27,2,2,CARDENAS,141,2,URBANO(A),
27,2,2,CARDENAS,142,2,URBANO(A),
27,2,2,CARDENAS,143,2,URBANO(A),
27,2,2,CARDENAS,144,2,URBANO(A),
27,2,2,CARDENAS,145,4,RURAL,
27,2,2,CARDENAS,146,4,RURAL,
27,2,2,CARDENAS,147,4,RURAL,
27,2,2,CARDENAS,148,2,URBANO(A),
27,2,2,CARDENAS,149,4,RURAL,
27,2,2,CARDENAS,150,4,RURAL,
27,2,2,CARDENAS,151,4,RURAL,
27,2,2,CARDENAS,152,2,URBANO(A),
27,2,2,CARDENAS,153,3,MIXTO(A),
27,2,2,CARDENAS,154,2,URBANO(A),
27,2,2,CARDENAS,155,2,URBANO(A),
27,2,2,CARDENAS,156,3,MIXTO(A),
27,2,2,CARDENAS,157,2,URBANO(A),
27,2,2,CARDENAS,158,2,URBANO(A),
27,2,2,CARDENAS,159,3,MIXTO(A),
27,2,2,CARDENAS,160,4,RURAL,
27,2,2,CARDENAS,161,4,RURAL,
27,2,2,CARDENAS,162,4,RURAL,
27,2,2,CARDENAS,163,3,MIXTO(A),
27,2,2,CARDENAS,164,4,RURAL,
27,2,2,CARDENAS,165,4,RURAL,
27,2,2,CARDENAS,166,4,RURAL,
27,2,2,CARDENAS,167,4,RURAL,
27,5,3,CENTLA,168,2,URBANO(A),
27,5,3,CENTLA,169,2,URBANO(A),
27,5,3,CENTLA,170,2,URBANO(A),
27,5,3,CENTLA,171,2,URBANO(A),
27,5,3,CENTLA,172,2,URBANO(A),
27,5,3,CENTLA,173,2,URBANO(A),
27,5,3,CENTLA,174,2,URBANO(A),
27,5,3,CENTLA,175,2,URBANO(A),
27,5,3,CENTLA,176,2,URBANO(A),
27,5,3,CENTLA,177,2,URBANO(A),
27,5,3,CENTLA,178,2,URBANO(A),
27,5,3,CENTLA,179,3,MIXTO(A),
27,5,3,CENTLA,180,2,URBANO(A),
27,5,3,CENTLA,181,2,URBANO(A),
27,5,3,CENTLA,182,4,RURAL,
27,5,3,CENTLA,183,4,RURAL,
27,5,3,CENTLA,184,4,RURAL,
27,5,3,CENTLA,185,4,RURAL,
27,5,3,CENTLA,186,4,RURAL,
27,5,3,CENTLA,187,4,RURAL,
27,5,3,CENTLA,188,4,RURAL,
27,5,3,CENTLA,189,4,RURAL,
27,5,3,CENTLA,190,4,RURAL,
27,5,3,CENTLA,191,4,RURAL,
27,5,3,CENTLA,192,2,URBANO(A),
27,5,3,CENTLA,193,4,RURAL,
27,5,3,CENTLA,194,4,RURAL,
27,5,3,CENTLA,195,4,RURAL,
27,5,3,CENTLA,196,4,RURAL,
27,5,3,CENTLA,197,4,RURAL,
27,5,3,CENTLA,198,4,RURAL,
27,5,3,CENTLA,199,4,RURAL,
27,5,3,CENTLA,200,4,RURAL,
27,5,3,CENTLA,201,4,RURAL,
27,5,3,CENTLA,202,4,RURAL,
27,5,3,CENTLA,203,4,RURAL,
27,5,3,CENTLA,204,4,RURAL,
27,5,3,CENTLA,205,4,RURAL,
27,5,3,CENTLA,206,4,RURAL,
27,5,3,CENTLA,207,2,URBANO(A),
27,5,3,CENTLA,208,2,URBANO(A),
27,5,3,CENTLA,209,2,URBANO(A),
27,5,3,CENTLA,210,2,URBANO(A),
27,5,3,CENTLA,211,2,URBANO(A),
27,5,3,CENTLA,212,2,URBANO(A),
27,5,3,CENTLA,213,2,URBANO(A),
27,5,3,CENTLA,214,4,RURAL,
27,5,3,CENTLA,215,4,RURAL,
27,5,3,CENTLA,216,4,RURAL,
27,5,3,CENTLA,217,4,RURAL,
27,5,3,CENTLA,218,4,RURAL,
27,5,3,CENTLA,219,4,RURAL,
27,5,3,CENTLA,220,4,RURAL,
27,5,3,CENTLA,221,4,RURAL,
27,5,3,CENTLA,222,4,RURAL,
27,5,3,CENTLA,223,2,URBANO(A),
27,5,3,CENTLA,224,3,MIXTO(A),
27,5,3,CENTLA,225,4,RURAL,
27,5,3,CENTLA,226,4,RURAL,
27,5,3,CENTLA,227,4,RURAL,
27,5,3,CENTLA,228,4,RURAL,
27,5,3,CENTLA,229,4,RURAL,
27,5,3,CENTLA,230,4,RURAL,
27,5,3,CENTLA,231,4,RURAL,
27,4,4,CENTRO,233,2,URBANO(A),
27,4,4,CENTRO,234,2,URBANO(A),
27,4,4,CENTRO,235,2,URBANO(A),
27,4,4,CENTRO,236,2,URBANO(A),
27,4,4,CENTRO,237,2,URBANO(A),
27,4,4,CENTRO,238,2,URBANO(A),
27,4,4,CENTRO,239,2,URBANO(A),
27,4,4,CENTRO,240,2,URBANO(A),
27,4,4,CENTRO,241,2,URBANO(A),
27,4,4,CENTRO,242,2,URBANO(A),
27,4,4,CENTRO,243,2,URBANO(A),
27,4,4,CENTRO,244,2,URBANO(A),
27,4,4,CENTRO,245,2,URBANO(A),
27,4,4,CENTRO,246,2,URBANO(A),
27,4,4,CENTRO,247,2,URBANO(A),
27,4,4,CENTRO,248,2,URBANO(A),
27,4,4,CENTRO,249,2,URBANO(A),
27,4,4,CENTRO,250,2,URBANO(A),
27,4,4,CENTRO,251,2,URBANO(A),
27,4,4,CENTRO,252,2,URBANO(A),
27,4,4,CENTRO,253,2,URBANO(A),
27,4,4,CENTRO,254,2,URBANO(A),
27,4,4,CENTRO,255,2,URBANO(A),
27,4,4,CENTRO,256,2,URBANO(A),
27,4,4,CENTRO,257,2,URBANO(A),
27,4,4,CENTRO,258,2,URBANO(A),
27,4,4,CENTRO,259,2,URBANO(A),
27,4,4,CENTRO,260,2,URBANO(A),
27,4,4,CENTRO,261,2,URBANO(A),
27,4,4,CENTRO,262,2,URBANO(A),
27,4,4,CENTRO,263,2,URBANO(A),
27,4,4,CENTRO,264,2,URBANO(A),
27,4,4,CENTRO,265,2,URBANO(A),
27,4,4,CENTRO,266,2,URBANO(A),
27,4,4,CENTRO,267,2,URBANO(A),
27,4,4,CENTRO,268,2,URBANO(A),
27,4,4,CENTRO,269,2,URBANO(A),
27,4,4,CENTRO,270,2,URBANO(A),
27,4,4,CENTRO,271,2,URBANO(A),
27,4,4,CENTRO,272,2,URBANO(A),
27,4,4,CENTRO,273,2,URBANO(A),
27,4,4,CENTRO,274,2,URBANO(A),
27,4,4,CENTRO,275,2,URBANO(A),
27,4,4,CENTRO,276,2,URBANO(A),
27,4,4,CENTRO,277,2,URBANO(A),
27,4,4,CENTRO,278,2,URBANO(A),
27,4,4,CENTRO,279,2,URBANO(A),
27,4,4,CENTRO,280,2,URBANO(A),
27,4,4,CENTRO,281,2,URBANO(A),
27,4,4,CENTRO,282,2,URBANO(A),
27,4,4,CENTRO,283,2,URBANO(A),
27,4,4,CENTRO,284,2,URBANO(A),
27,4,4,CENTRO,285,2,URBANO(A),
27,4,4,CENTRO,286,2,URBANO(A),
27,4,4,CENTRO,287,2,URBANO(A),
27,4,4,CENTRO,288,2,URBANO(A),
27,4,4,CENTRO,289,2,URBANO(A),
27,4,4,CENTRO,290,2,URBANO(A),
27,4,4,CENTRO,291,2,URBANO(A),
27,4,4,CENTRO,292,2,URBANO(A),
27,4,4,CENTRO,293,2,URBANO(A),
27,4,4,CENTRO,294,2,URBANO(A),
27,4,4,CENTRO,295,2,URBANO(A),
27,4,4,CENTRO,296,2,URBANO(A),
27,4,4,CENTRO,297,2,URBANO(A),
27,4,4,CENTRO,298,2,URBANO(A),
27,4,4,CENTRO,299,2,URBANO(A),
27,4,4,CENTRO,300,2,URBANO(A),
27,4,4,CENTRO,301,2,URBANO(A),
27,4,4,CENTRO,302,2,URBANO(A),
27,4,4,CENTRO,303,2,URBANO(A),
27,4,4,CENTRO,304,2,URBANO(A),
27,4,4,CENTRO,305,2,URBANO(A),
27,4,4,CENTRO,306,2,URBANO(A),
27,4,4,CENTRO,307,2,URBANO(A),
27,4,4,CENTRO,308,2,URBANO(A),
27,4,4,CENTRO,309,2,URBANO(A),
27,4,4,CENTRO,310,2,URBANO(A),
27,4,4,CENTRO,311,2,URBANO(A),
27,4,4,CENTRO,312,2,URBANO(A),
27,4,4,CENTRO,313,2,URBANO(A),
27,4,4,CENTRO,314,2,URBANO(A),
27,4,4,CENTRO,315,2,URBANO(A),
27,4,4,CENTRO,316,2,URBANO(A),
27,4,4,CENTRO,317,2,URBANO(A),
27,4,4,CENTRO,318,2,URBANO(A),
27,4,4,CENTRO,319,2,URBANO(A),
27,4,4,CENTRO,320,2,URBANO(A),
27,4,4,CENTRO,321,2,URBANO(A),
27,4,4,CENTRO,322,2,URBANO(A),
27,4,4,CENTRO,323,2,URBANO(A),
27,4,4,CENTRO,324,2,URBANO(A),
27,4,4,CENTRO,325,2,URBANO(A),
27,4,4,CENTRO,326,2,URBANO(A),
27,4,4,CENTRO,327,2,URBANO(A),
27,4,4,CENTRO,328,2,URBANO(A),
27,4,4,CENTRO,329,2,URBANO(A),
27,4,4,CENTRO,330,2,URBANO(A),
27,4,4,CENTRO,331,2,URBANO(A),
27,4,4,CENTRO,332,2,URBANO(A),
27,4,4,CENTRO,333,2,URBANO(A),
27,4,4,CENTRO,334,2,URBANO(A),
27,4,4,CENTRO,335,2,URBANO(A),
27,4,4,CENTRO,336,2,URBANO(A),
27,4,4,CENTRO,337,2,URBANO(A),
27,4,4,CENTRO,338,2,URBANO(A),
27,4,4,CENTRO,339,2,URBANO(A),
27,4,4,CENTRO,340,2,URBANO(A),
27,4,4,CENTRO,341,2,URBANO(A),
27,4,4,CENTRO,342,2,URBANO(A),
27,4,4,CENTRO,343,2,URBANO(A),
27,4,4,CENTRO,344,2,URBANO(A),
27,4,4,CENTRO,345,2,URBANO(A),
27,4,4,CENTRO,346,2,URBANO(A),
27,4,4,CENTRO,347,2,URBANO(A),
27,4,4,CENTRO,348,2,URBANO(A),
27,4,4,CENTRO,349,2,URBANO(A),
27,4,4,CENTRO,350,2,URBANO(A),
27,4,4,CENTRO,351,2,URBANO(A),
27,4,4,CENTRO,352,2,URBANO(A),
27,4,4,CENTRO,353,2,URBANO(A),
27,4,4,CENTRO,354,2,URBANO(A),
27,4,4,CENTRO,355,2,URBANO(A),
27,4,4,CENTRO,356,2,URBANO(A),
27,4,4,CENTRO,357,2,URBANO(A),
27,4,4,CENTRO,358,2,URBANO(A),
27,4,4,CENTRO,359,2,URBANO(A),
27,4,4,CENTRO,360,2,URBANO(A),
27,4,4,CENTRO,361,2,URBANO(A),
27,4,4,CENTRO,362,2,URBANO(A),
27,4,4,CENTRO,363,2,URBANO(A),
27,4,4,CENTRO,364,2,URBANO(A),
27,4,4,CENTRO,365,2,URBANO(A),
27,4,4,CENTRO,366,2,URBANO(A),
27,4,4,CENTRO,367,2,URBANO(A),
27,4,4,CENTRO,368,2,URBANO(A),
27,4,4,CENTRO,369,2,URBANO(A),
27,4,4,CENTRO,370,2,URBANO(A),
27,4,4,CENTRO,371,2,URBANO(A),
27,4,4,CENTRO,373,2,URBANO(A),
27,4,4,CENTRO,374,2,URBANO(A),
27,4,4,CENTRO,375,2,URBANO(A),
27,4,4,CENTRO,376,2,URBANO(A),
27,4,4,CENTRO,377,2,URBANO(A),
27,4,4,CENTRO,378,2,URBANO(A),
27,4,4,CENTRO,379,2,URBANO(A),
27,4,4,CENTRO,380,2,URBANO(A),
27,4,4,CENTRO,381,2,URBANO(A),
27,4,4,CENTRO,382,2,URBANO(A),
27,4,4,CENTRO,383,2,URBANO(A),
27,4,4,CENTRO,384,2,URBANO(A),
27,4,4,CENTRO,385,2,URBANO(A),
27,4,4,CENTRO,386,2,URBANO(A),
27,4,4,CENTRO,387,2,URBANO(A),
27,4,4,CENTRO,388,2,URBANO(A),
27,4,4,CENTRO,389,2,URBANO(A),
27,4,4,CENTRO,390,2,URBANO(A),
27,6,4,CENTRO,391,2,URBANO(A),
27,6,4,CENTRO,392,2,URBANO(A),
27,4,4,CENTRO,393,2,URBANO(A),
27,4,4,CENTRO,394,2,URBANO(A),
27,4,4,CENTRO,395,2,URBANO(A),
27,4,4,CENTRO,396,2,URBANO(A),
27,6,4,CENTRO,397,2,URBANO(A),
27,6,4,CENTRO,398,2,URBANO(A),
27,6,4,CENTRO,399,2,URBANO(A),
27,6,4,CENTRO,400,2,URBANO(A),
27,4,4,CENTRO,401,2,URBANO(A),
27,4,4,CENTRO,402,2,URBANO(A),
27,4,4,CENTRO,403,2,URBANO(A),
27,4,4,CENTRO,404,2,URBANO(A),
27,6,4,CENTRO,406,2,URBANO(A),
27,6,4,CENTRO,407,2,URBANO(A),
27,6,4,CENTRO,408,2,URBANO(A),
27,6,4,CENTRO,409,2,URBANO(A),
27,6,4,CENTRO,410,2,URBANO(A),
27,6,4,CENTRO,411,2,URBANO(A),
27,6,4,CENTRO,412,2,URBANO(A),
27,6,4,CENTRO,413,2,URBANO(A),
27,6,4,CENTRO,414,2,URBANO(A),
27,6,4,CENTRO,415,2,URBANO(A),
27,6,4,CENTRO,417,2,URBANO(A),
27,6,4,CENTRO,418,2,URBANO(A),
27,4,4,CENTRO,419,4,RURAL,
27,4,4,CENTRO,420,4,RURAL,
27,4,4,CENTRO,421,3,MIXTO(A),
27,4,4,CENTRO,422,3,MIXTO(A),
27,4,4,CENTRO,423,3,MIXTO(A),
27,4,4,CENTRO,424,4,RURAL,
27,4,4,CENTRO,425,2,URBANO(A),
27,4,4,CENTRO,426,2,URBANO(A),
27,4,4,CENTRO,427,2,URBANO(A),
27,4,4,CENTRO,428,2,URBANO(A),
27,4,4,CENTRO,429,2,URBANO(A),
27,4,4,CENTRO,430,3,MIXTO(A),
27,4,4,CENTRO,431,2,URBANO(A),
27,4,4,CENTRO,432,2,URBANO(A),
27,4,4,CENTRO,433,2,URBANO(A),
27,4,4,CENTRO,434,2,URBANO(A),
27,4,4,CENTRO,436,4,RURAL,
27,4,4,CENTRO,437,4,RURAL,
27,4,4,CENTRO,438,4,RURAL,
27,4,4,CENTRO,439,4,RURAL,
27,4,4,CENTRO,441,4,RURAL,
27,4,4,CENTRO,442,4,RURAL,
27,4,4,CENTRO,443,3,MIXTO(A),
27,4,4,CENTRO,444,4,RURAL,
27,4,4,CENTRO,445,4,RURAL,
27,4,4,CENTRO,446,2,URBANO(A),
27,4,4,CENTRO,447,4,RURAL,
27,4,4,CENTRO,448,4,RURAL,
27,4,4,CENTRO,451,4,RURAL,
27,6,4,CENTRO,452,3,MIXTO(A),
27,6,4,CENTRO,453,2,URBANO(A),
27,4,4,CENTRO,454,4,RURAL,
27,4,4,CENTRO,455,4,RURAL,
27,4,4,CENTRO,456,4,RURAL,
27,4,4,CENTRO,457,2,URBANO(A),
27,6,4,CENTRO,458,3,MIXTO(A),
27,6,4,CENTRO,459,4,RURAL,
27,6,4,CENTRO,460,4,RURAL,
27,6,4,CENTRO,461,4,RURAL,
27,6,4,CENTRO,462,4,RURAL,
27,6,4,CENTRO,463,4,RURAL,
27,6,4,CENTRO,465,2,URBANO(A),
27,4,4,CENTRO,466,4,RURAL,
27,6,4,CENTRO,468,4,RURAL,
27,6,4,CENTRO,469,4,RURAL,
27,6,4,CENTRO,470,3,MIXTO(A),
27,4,4,CENTRO,471,4,RURAL,
27,4,4,CENTRO,472,4,RURAL,
27,4,4,CENTRO,473,4,RURAL,
27,4,4,CENTRO,474,3,MIXTO(A),
27,6,4,CENTRO,475,4,RURAL,
27,6,4,CENTRO,476,2,URBANO(A),
27,6,4,CENTRO,477,4,RURAL,
27,4,4,CENTRO,478,4,RURAL,
27,6,4,CENTRO,479,4,RURAL,
27,6,4,CENTRO,480,2,URBANO(A),
27,6,4,CENTRO,481,4,RURAL,
27,6,4,CENTRO,482,4,RURAL,
27,4,4,CENTRO,483,2,URBANO(A),
27,6,4,CENTRO,484,2,URBANO(A),
27,6,4,CENTRO,485,2,URBANO(A),
27,6,4,CENTRO,487,2,URBANO(A),
27,6,4,CENTRO,488,2,URBANO(A),
27,6,4,CENTRO,489,4,RURAL,
27,6,4,CENTRO,490,4,RURAL,
27,6,4,CENTRO,491,4,RURAL,
27,6,4,CENTRO,492,2,URBANO(A),
27,6,4,CENTRO,493,4,RURAL,
27,6,4,CENTRO,494,3,MIXTO(A),
27,6,4,CENTRO,495,4,RURAL,
27,6,4,CENTRO,496,4,RURAL,
27,6,4,CENTRO,497,2,URBANO(A),
27,6,4,CENTRO,498,2,URBANO(A),
27,6,4,CENTRO,499,4,RURAL,
27,6,4,CENTRO,501,3,MIXTO(A),C
27,6,4,CENTRO,503,2,URBANO(A),
27,6,4,CENTRO,504,4,RURAL,
27,6,4,CENTRO,505,4,RURAL,
27,6,4,CENTRO,507,4,RURAL,
27,6,4,CENTRO,508,4,RURAL,
27,6,4,CENTRO,509,4,RURAL,
27,6,4,CENTRO,510,4,RURAL,
27,3,5,COMALCALCO,512,2,URBANO(A),
27,3,5,COMALCALCO,513,2,URBANO(A),
27,3,5,COMALCALCO,514,2,URBANO(A),
27,3,5,COMALCALCO,515,2,URBANO(A),
27,3,5,COMALCALCO,516,2,URBANO(A),
27,3,5,COMALCALCO,517,2,URBANO(A),
27,3,5,COMALCALCO,518,2,URBANO(A),
27,3,5,COMALCALCO,519,2,URBANO(A),
27,3,5,COMALCALCO,520,2,URBANO(A),
27,3,5,COMALCALCO,521,2,URBANO(A),
27,3,5,COMALCALCO,522,2,URBANO(A),
27,3,5,COMALCALCO,523,2,URBANO(A),
27,3,5,COMALCALCO,524,2,URBANO(A),
27,3,5,COMALCALCO,525,2,URBANO(A),
27,3,5,COMALCALCO,526,2,URBANO(A),
27,3,5,COMALCALCO,527,2,URBANO(A),
27,3,5,COMALCALCO,529,2,URBANO(A),
27,3,5,COMALCALCO,530,2,URBANO(A),
27,3,5,COMALCALCO,531,2,URBANO(A),
27,3,5,COMALCALCO,532,2,URBANO(A),
27,3,5,COMALCALCO,533,2,URBANO(A),
27,3,5,COMALCALCO,534,2,URBANO(A),
27,3,5,COMALCALCO,535,2,URBANO(A),
27,3,5,COMALCALCO,536,2,URBANO(A),
27,3,5,COMALCALCO,537,2,URBANO(A),
27,3,5,COMALCALCO,538,2,URBANO(A),
27,3,5,COMALCALCO,539,4,RURAL,
27,3,5,COMALCALCO,540,4,RURAL,
27,3,5,COMALCALCO,541,4,RURAL,
27,3,5,COMALCALCO,542,4,RURAL,
27,3,5,COMALCALCO,543,4,RURAL,
27,3,5,COMALCALCO,544,4,RURAL,
27,3,5,COMALCALCO,545,4,RURAL,
27,3,5,COMALCALCO,546,4,RURAL,
27,3,5,COMALCALCO,547,4,RURAL,
27,3,5,COMALCALCO,548,4,RURAL,
27,3,5,COMALCALCO,549,4,RURAL,
27,3,5,COMALCALCO,550,4,RURAL,
27,3,5,COMALCALCO,551,4,RURAL,
27,3,5,COMALCALCO,552,4,RURAL,
27,3,5,COMALCALCO,553,4,RURAL,
27,3,5,COMALCALCO,554,4,RURAL,
27,3,5,COMALCALCO,556,4,RURAL,
27,3,5,COMALCALCO,557,4,RURAL,
27,3,5,COMALCALCO,558,4,RURAL,
27,3,5,COMALCALCO,559,4,RURAL,
27,3,5,COMALCALCO,560,4,RURAL,
27,3,5,COMALCALCO,561,4,RURAL,
27,3,5,COMALCALCO,562,2,URBANO(A),
27,3,5,COMALCALCO,563,2,URBANO(A),
27,3,5,COMALCALCO,564,2,URBANO(A),
27,3,5,COMALCALCO,565,2,URBANO(A),
27,3,5,COMALCALCO,566,2,URBANO(A),
27,3,5,COMALCALCO,567,2,URBANO(A),
27,3,5,COMALCALCO,568,2,URBANO(A),
27,3,5,COMALCALCO,569,4,RURAL,
27,3,5,COMALCALCO,570,4,RURAL,
27,3,5,COMALCALCO,571,4,RURAL,
27,3,5,COMALCALCO,572,2,URBANO(A),
27,3,5,COMALCALCO,573,2,URBANO(A),
27,3,5,COMALCALCO,574,2,URBANO(A),
27,3,5,COMALCALCO,575,4,RURAL,
27,3,5,COMALCALCO,576,3,MIXTO(A),
27,3,5,COMALCALCO,577,2,URBANO(A),
27,3,5,COMALCALCO,578,4,RURAL,
27,3,5,COMALCALCO,579,4,RURAL,
27,3,5,COMALCALCO,580,4,RURAL,
27,3,5,COMALCALCO,581,4,RURAL,
27,3,5,COMALCALCO,582,4,RURAL,
27,3,5,COMALCALCO,583,4,RURAL,
27,3,5,COMALCALCO,584,2,URBANO(A),
27,3,5,COMALCALCO,585,2,URBANO(A),
27,3,5,COMALCALCO,586,2,URBANO(A),
27,3,5,COMALCALCO,587,3,MIXTO(A),
27,3,5,COMALCALCO,588,4,RURAL,
27,3,5,COMALCALCO,589,4,RURAL,
27,3,5,COMALCALCO,590,2,URBANO(A),
27,3,5,COMALCALCO,591,2,URBANO(A),
27,3,5,COMALCALCO,592,4,RURAL,
27,3,5,COMALCALCO,593,4,RURAL,
27,3,5,COMALCALCO,594,4,RURAL,
27,3,5,COMALCALCO,595,4,RURAL,
27,3,5,COMALCALCO,596,4,RURAL,
27,3,5,COMALCALCO,597,4,RURAL,
27,3,5,COMALCALCO,598,4,RURAL,
27,3,5,COMALCALCO,599,4,RURAL,
27,3,5,COMALCALCO,600,4,RURAL,
27,3,5,COMALCALCO,601,2,URBANO(A),C
27,3,5,COMALCALCO,602,4,RURAL,
27,3,5,COMALCALCO,603,4,RURAL,
27,3,5,COMALCALCO,604,4,RURAL,
27,3,5,COMALCALCO,605,4,RURAL,
27,3,5,COMALCALCO,606,4,RURAL,
27,3,5,COMALCALCO,607,4,RURAL,
27,3,5,COMALCALCO,608,4,RURAL,
27,3,6,CUNDUACAN,609,3,MIXTO(A),
27,3,6,CUNDUACAN,610,2,URBANO(A),
27,3,6,CUNDUACAN,611,3,MIXTO(A),
27,3,6,CUNDUACAN,612,2,URBANO(A),
27,3,6,CUNDUACAN,613,2,URBANO(A),
27,3,6,CUNDUACAN,614,3,MIXTO(A),
27,3,6,CUNDUACAN,615,2,URBANO(A),
27,3,6,CUNDUACAN,616,3,MIXTO(A),
27,3,6,CUNDUACAN,617,2,URBANO(A),
27,3,6,CUNDUACAN,618,4,RURAL,
27,3,6,CUNDUACAN,619,4,RURAL,
27,3,6,CUNDUACAN,620,3,MIXTO(A),
27,3,6,CUNDUACAN,621,2,URBANO(A),
27,3,6,CUNDUACAN,622,4,RURAL,
27,3,6,CUNDUACAN,623,4,RURAL,
27,3,6,CUNDUACAN,624,4,RURAL,
27,3,6,CUNDUACAN,625,4,RURAL,
27,3,6,CUNDUACAN,626,4,RURAL,
27,3,6,CUNDUACAN,627,4,RURAL,
27,3,6,CUNDUACAN,628,4,RURAL,
27,3,6,CUNDUACAN,629,4,RURAL,
27,3,6,CUNDUACAN,630,2,URBANO(A),
27,3,6,CUNDUACAN,631,2,URBANO(A),
27,3,6,CUNDUACAN,632,4,RURAL,
27,3,6,CUNDUACAN,633,4,RURAL,
27,3,6,CUNDUACAN,634,4,RURAL,
27,3,6,CUNDUACAN,635,4,RURAL,
27,3,6,CUNDUACAN,636,4,RURAL,
27,3,6,CUNDUACAN,637,4,RURAL,
27,3,6,CUNDUACAN,638,4,RURAL,
27,3,6,CUNDUACAN,639,4,RURAL,
27,3,6,CUNDUACAN,640,2,URBANO(A),
27,3,6,CUNDUACAN,641,3,MIXTO(A),
27,3,6,CUNDUACAN,642,2,URBANO(A),
27,3,6,CUNDUACAN,643,4,RURAL,
27,3,6,CUNDUACAN,644,4,RURAL,
27,3,6,CUNDUACAN,645,4,RURAL,
27,3,6,CUNDUACAN,646,4,RURAL,
27,3,6,CUNDUACAN,647,4,RURAL,
27,3,6,CUNDUACAN,648,4,RURAL,
27,3,6,CUNDUACAN,649,4,RURAL,
27,3,6,CUNDUACAN,650,4,RURAL,
27,3,6,CUNDUACAN,651,4,RURAL,
27,3,6,CUNDUACAN,652,4,RURAL,
27,3,6,CUNDUACAN,653,4,RURAL,
27,3,6,CUNDUACAN,655,4,RURAL,
27,3,6,CUNDUACAN,656,3,MIXTO(A),
27,3,6,CUNDUACAN,657,4,RURAL,
27,3,6,CUNDUACAN,658,4,RURAL,
27,3,6,CUNDUACAN,659,4,RURAL,
27,3,6,CUNDUACAN,660,4,RURAL,
27,3,6,CUNDUACAN,661,4,RURAL,
27,3,6,CUNDUACAN,662,4,RURAL,
27,3,6,CUNDUACAN,663,2,URBANO(A),
27,3,6,CUNDUACAN,664,4,RURAL,
27,3,6,CUNDUACAN,665,4,RURAL,
27,3,6,CUNDUACAN,666,4,RURAL,
27,3,6,CUNDUACAN,667,4,RURAL,
27,1,7,EMILIANO ZAPATA,668,2,URBANO(A),
27,1,7,EMILIANO ZAPATA,669,2,URBANO(A),
27,1,7,EMILIANO ZAPATA,670,2,URBANO(A),
27,1,7,EMILIANO ZAPATA,671,2,URBANO(A),
27,1,7,EMILIANO ZAPATA,672,2,URBANO(A),
27,1,7,EMILIANO ZAPATA,673,2,URBANO(A),
27,1,7,EMILIANO ZAPATA,674,3,MIXTO(A),
27,1,7,EMILIANO ZAPATA,675,2,URBANO(A),
27,1,7,EMILIANO ZAPATA,676,2,URBANO(A),
27,1,7,EMILIANO ZAPATA,677,2,URBANO(A),
27,1,7,EMILIANO ZAPATA,678,3,MIXTO(A),
27,1,7,EMILIANO ZAPATA,679,4,RURAL,
27,1,7,EMILIANO ZAPATA,680,4,RURAL,
27,1,7,EMILIANO ZAPATA,681,4,RURAL,
27,1,7,EMILIANO ZAPATA,682,4,RURAL,
27,1,7,EMILIANO ZAPATA,683,4,RURAL,
27,2,8,HUIMANGUILLO,684,2,URBANO(A),
27,2,8,HUIMANGUILLO,685,2,URBANO(A),
27,2,8,HUIMANGUILLO,686,2,URBANO(A),
27,2,8,HUIMANGUILLO,687,2,URBANO(A),
27,2,8,HUIMANGUILLO,688,2,URBANO(A),
27,2,8,HUIMANGUILLO,689,2,URBANO(A),
27,2,8,HUIMANGUILLO,690,2,URBANO(A),
27,2,8,HUIMANGUILLO,691,2,URBANO(A),
27,2,8,HUIMANGUILLO,692,2,URBANO(A),
27,2,8,HUIMANGUILLO,693,2,URBANO(A),
27,2,8,HUIMANGUILLO,694,2,URBANO(A),
27,2,8,HUIMANGUILLO,695,2,URBANO(A),
27,2,8,HUIMANGUILLO,696,2,URBANO(A),
27,2,8,HUIMANGUILLO,697,2,URBANO(A),
27,2,8,HUIMANGUILLO,698,2,URBANO(A),
27,2,8,HUIMANGUILLO,699,3,MIXTO(A),
27,2,8,HUIMANGUILLO,700,2,URBANO(A),
27,2,8,HUIMANGUILLO,701,2,URBANO(A),
27,2,8,HUIMANGUILLO,702,2,URBANO(A),
27,2,8,HUIMANGUILLO,703,3,MIXTO(A),
27,2,8,HUIMANGUILLO,704,3,MIXTO(A),
27,2,8,HUIMANGUILLO,705,4,RURAL,
27,2,8,HUIMANGUILLO,706,4,RURAL,
27,2,8,HUIMANGUILLO,707,4,RURAL,
27,2,8,HUIMANGUILLO,708,4,RURAL,
27,2,8,HUIMANGUILLO,709,4,RURAL,
27,2,8,HUIMANGUILLO,710,4,RURAL,
27,2,8,HUIMANGUILLO,711,4,RURAL,
27,2,8,HUIMANGUILLO,712,2,URBANO(A),
27,2,8,HUIMANGUILLO,713,4,RURAL,
27,2,8,HUIMANGUILLO,714,2,URBANO(A),
27,2,8,HUIMANGUILLO,715,4,RURAL,
27,2,8,HUIMANGUILLO,716,4,RURAL,
27,2,8,HUIMANGUILLO,717,4,RURAL,
27,2,8,HUIMANGUILLO,718,2,URBANO(A),
27,2,8,HUIMANGUILLO,719,2,URBANO(A),
27,2,8,HUIMANGUILLO,720,2,URBANO(A),
27,2,8,HUIMANGUILLO,721,2,URBANO(A),
27,2,8,HUIMANGUILLO,722,2,URBANO(A),
27,2,8,HUIMANGUILLO,723,4,RURAL,
27,2,8,HUIMANGUILLO,725,4,RURAL,
27,2,8,HUIMANGUILLO,726,4,RURAL,
27,2,8,HUIMANGUILLO,727,2,URBANO(A),
27,2,8,HUIMANGUILLO,728,4,RURAL,
27,2,8,HUIMANGUILLO,729,2,URBANO(A),
27,2,8,HUIMANGUILLO,730,4,RURAL,
27,2,8,HUIMANGUILLO,731,3,MIXTO(A),
27,2,8,HUIMANGUILLO,732,4,RURAL,
27,2,8,HUIMANGUILLO,733,4,RURAL,
27,2,8,HUIMANGUILLO,734,4,RURAL,
27,2,8,HUIMANGUILLO,735,4,RURAL,
27,2,8,HUIMANGUILLO,736,4,RURAL,
27,2,8,HUIMANGUILLO,737,4,RURAL,
27,2,8,HUIMANGUILLO,738,4,RURAL,
27,2,8,HUIMANGUILLO,739,4,RURAL,
27,2,8,HUIMANGUILLO,740,4,RURAL,
27,2,8,HUIMANGUILLO,741,3,MIXTO(A),
27,2,8,HUIMANGUILLO,742,4,RURAL,
27,2,8,HUIMANGUILLO,743,4,RURAL,
27,2,8,HUIMANGUILLO,744,4,RURAL,
27,2,8,HUIMANGUILLO,745,4,RURAL,
27,2,8,HUIMANGUILLO,746,4,RURAL,
27,2,8,HUIMANGUILLO,747,2,URBANO(A),
27,2,8,HUIMANGUILLO,748,4,RURAL,
27,2,8,HUIMANGUILLO,749,4,RURAL,
27,2,8,HUIMANGUILLO,750,4,RURAL,
27,2,8,HUIMANGUILLO,751,4,RURAL,
27,2,8,HUIMANGUILLO,752,4,RURAL,
27,2,8,HUIMANGUILLO,753,4,RURAL,
27,2,8,HUIMANGUILLO,754,4,RURAL,
27,2,8,HUIMANGUILLO,755,4,RURAL,
27,2,8,HUIMANGUILLO,756,4,RURAL,
27,2,8,HUIMANGUILLO,757,4,RURAL,
27,2,8,HUIMANGUILLO,758,4,RURAL,
27,2,8,HUIMANGUILLO,759,4,RURAL,
27,2,8,HUIMANGUILLO,760,4,RURAL,
27,2,8,HUIMANGUILLO,761,4,RURAL,
27,2,8,HUIMANGUILLO,762,4,RURAL,
27,2,8,HUIMANGUILLO,763,4,RURAL,
27,2,8,HUIMANGUILLO,764,4,RURAL,
27,2,8,HUIMANGUILLO,765,3,MIXTO(A),
27,2,8,HUIMANGUILLO,766,2,URBANO(A),
27,2,8,HUIMANGUILLO,767,2,URBANO(A),
27,2,8,HUIMANGUILLO,768,2,URBANO(A),
27,2,8,HUIMANGUILLO,769,4,RURAL,
27,2,8,HUIMANGUILLO,770,4,RURAL,
27,2,8,HUIMANGUILLO,771,4,RURAL,
27,2,8,HUIMANGUILLO,772,4,RURAL,
27,2,8,HUIMANGUILLO,773,4,RURAL,
27,2,8,HUIMANGUILLO,774,4,RURAL,
27,2,8,HUIMANGUILLO,775,4,RURAL,
27,2,8,HUIMANGUILLO,776,4,RURAL,
27,2,8,HUIMANGUILLO,777,4,RURAL,
27,2,8,HUIMANGUILLO,778,4,RURAL,
27,2,8,HUIMANGUILLO,779,4,RURAL,
27,2,8,HUIMANGUILLO,780,4,RURAL,
27,6,9,JALAPA,781,2,URBANO(A),
27,6,9,JALAPA,782,2,URBANO(A),
27,6,9,JALAPA,783,2,URBANO(A),
27,6,9,JALAPA,784,4,RURAL,
27,6,9,JALAPA,785,4,RURAL,
27,6,9,JALAPA,786,4,RURAL,
27,6,9,JALAPA,787,4,RURAL,
27,6,9,JALAPA,788,4,RURAL,
27,6,9,JALAPA,789,4,RURAL,
27,6,9,JALAPA,790,4,RURAL,
27,6,9,JALAPA,791,4,RURAL,
27,6,9,JALAPA,792,4,RURAL,
27,6,9,JALAPA,793,4,RURAL,
27,6,9,JALAPA,794,4,RURAL,
27,6,9,JALAPA,795,4,RURAL,
27,6,9,JALAPA,796,4,RURAL,
27,6,9,JALAPA,797,4,RURAL,
27,6,9,JALAPA,798,4,RURAL,
27,6,9,JALAPA,799,4,RURAL,
27,6,9,JALAPA,800,4,RURAL,
27,6,9,JALAPA,801,4,RURAL,
27,6,9,JALAPA,802,4,RURAL,
27,6,9,JALAPA,803,4,RURAL,
27,6,9,JALAPA,804,4,RURAL,
27,6,9,JALAPA,805,4,RURAL,
27,6,9,JALAPA,806,4,RURAL,
27,6,9,JALAPA,807,4,RURAL,
27,6,9,JALAPA,808,4,RURAL,
27,5,10,JALPA DE MENDEZ,809,2,URBANO(A),
27,5,10,JALPA DE MENDEZ,810,3,MIXTO(A),
27,5,10,JALPA DE MENDEZ,811,2,URBANO(A),
27,5,10,JALPA DE MENDEZ,812,2,URBANO(A),
27,5,10,JALPA DE MENDEZ,813,2,URBANO(A),
27,5,10,JALPA DE MENDEZ,814,2,URBANO(A),
27,5,10,JALPA DE MENDEZ,815,2,URBANO(A),
27,5,10,JALPA DE MENDEZ,816,2,URBANO(A),
27,5,10,JALPA DE MENDEZ,817,2,URBANO(A),
27,5,10,JALPA DE MENDEZ,818,4,RURAL,
27,5,10,JALPA DE MENDEZ,819,4,RURAL,
27,5,10,JALPA DE MENDEZ,820,4,RURAL,
27,5,10,JALPA DE MENDEZ,821,4,RURAL,
27,5,10,JALPA DE MENDEZ,822,2,URBANO(A),
27,5,10,JALPA DE MENDEZ,823,2,URBANO(A),
27,5,10,JALPA DE MENDEZ,824,2,URBANO(A),
27,5,10,JALPA DE MENDEZ,825,2,URBANO(A),
27,5,10,JALPA DE MENDEZ,826,3,MIXTO(A),
27,5,10,JALPA DE MENDEZ,827,4,RURAL,
27,5,10,JALPA DE MENDEZ,828,4,RURAL,
27,5,10,JALPA DE MENDEZ,829,3,MIXTO(A),
27,5,10,JALPA DE MENDEZ,830,4,RURAL,
27,5,10,JALPA DE MENDEZ,831,4,RURAL,
27,5,10,JALPA DE MENDEZ,832,3,MIXTO(A),
27,5,10,JALPA DE MENDEZ,833,4,RURAL,
27,5,10,JALPA DE MENDEZ,834,2,URBANO(A),
27,5,10,JALPA DE MENDEZ,835,4,RURAL,
27,5,10,JALPA DE MENDEZ,836,2,URBANO(A),
27,5,10,JALPA DE MENDEZ,837,4,RURAL,
27,5,10,JALPA DE MENDEZ,838,2,URBANO(A),
27,5,10,JALPA DE MENDEZ,839,4,RURAL,
27,5,10,JALPA DE MENDEZ,840,2,URBANO(A),
27,5,10,JALPA DE MENDEZ,841,3,MIXTO(A),
27,5,10,JALPA DE MENDEZ,842,4,RURAL,
27,5,10,JALPA DE MENDEZ,843,4,RURAL,
27,5,10,JALPA DE MENDEZ,844,4,RURAL,
27,5,10,JALPA DE MENDEZ,845,4,RURAL,
27,1,11,JONUTA,846,2,URBANO(A),
27,1,11,JONUTA,847,2,URBANO(A),
27,1,11,JONUTA,848,2,URBANO(A),
27,1,11,JONUTA,849,2,URBANO(A),
27,1,11,JONUTA,850,4,RURAL,
27,1,11,JONUTA,851,4,RURAL,
27,1,11,JONUTA,852,4,RURAL,
27,1,11,JONUTA,853,4,RURAL,
27,1,11,JONUTA,854,4,RURAL,
27,1,11,JONUTA,855,4,RURAL,
27,1,11,JONUTA,856,4,RURAL,
27,1,11,JONUTA,857,4,RURAL,
27,1,11,JONUTA,858,4,RURAL,
27,1,11,JONUTA,859,4,RURAL,
27,1,11,JONUTA,860,4,RURAL,
27,1,11,JONUTA,861,4,RURAL,
27,1,11,JONUTA,862,4,RURAL,
27,1,11,JONUTA,863,4,RURAL,
27,1,11,JONUTA,864,4,RURAL,
27,1,11,JONUTA,865,4,RURAL,
27,1,11,JONUTA,866,4,RURAL,
27,1,11,JONUTA,867,4,RURAL,
27,1,11,JONUTA,868,4,RURAL,
27,1,11,JONUTA,869,4,RURAL,
27,1,11,JONUTA,870,4,RURAL,
27,1,11,JONUTA,871,4,RURAL,
27,1,12,MACUSPANA,872,2,URBANO(A),
27,1,12,MACUSPANA,873,2,URBANO(A),
27,1,12,MACUSPANA,874,2,URBANO(A),
27,1,12,MACUSPANA,875,2,URBANO(A),
27,1,12,MACUSPANA,876,2,URBANO(A),
27,1,12,MACUSPANA,877,2,URBANO(A),
27,1,12,MACUSPANA,878,2,URBANO(A),
27,1,12,MACUSPANA,879,2,URBANO(A),
27,1,12,MACUSPANA,880,2,URBANO(A),
27,1,12,MACUSPANA,881,2,URBANO(A),
27,1,12,MACUSPANA,882,2,URBANO(A),
27,1,12,MACUSPANA,883,2,URBANO(A),
27,1,12,MACUSPANA,884,3,MIXTO(A),
27,1,12,MACUSPANA,885,2,URBANO(A),
27,1,12,MACUSPANA,886,4,RURAL,
27,1,12,MACUSPANA,887,4,RURAL,
27,1,12,MACUSPANA,888,4,RURAL,
27,1,12,MACUSPANA,889,4,RURAL,
27,1,12,MACUSPANA,890,4,RURAL,
27,1,12,MACUSPANA,891,4,RURAL,
27,1,12,MACUSPANA,892,4,RURAL,
27,1,12,MACUSPANA,893,4,RURAL,
27,1,12,MACUSPANA,894,4,RURAL,
27,1,12,MACUSPANA,895,2,URBANO(A),
27,1,12,MACUSPANA,896,2,URBANO(A),
27,1,12,MACUSPANA,897,3,MIXTO(A),
27,1,12,MACUSPANA,898,2,URBANO(A),
27,1,12,MACUSPANA,899,2,URBANO(A),
27,1,12,MACUSPANA,900,4,RURAL,
27,1,12,MACUSPANA,901,2,URBANO(A),
27,1,12,MACUSPANA,902,2,URBANO(A),
27,1,12,MACUSPANA,903,2,URBANO(A),
27,1,12,MACUSPANA,904,4,RURAL,
27,1,12,MACUSPANA,905,4,RURAL,
27,1,12,MACUSPANA,906,4,RURAL,
27,1,12,MACUSPANA,907,3,MIXTO(A),
27,1,12,MACUSPANA,908,4,RURAL,
27,1,12,MACUSPANA,909,4,RURAL,
27,1,12,MACUSPANA,910,3,MIXTO(A),
27,1,12,MACUSPANA,911,3,MIXTO(A),
27,1,12,MACUSPANA,912,2,URBANO(A),
27,1,12,MACUSPANA,913,2,URBANO(A),
27,1,12,MACUSPANA,914,2,URBANO(A),
27,1,12,MACUSPANA,915,2,URBANO(A),
27,1,12,MACUSPANA,916,2,URBANO(A),
27,1,12,MACUSPANA,917,2,URBANO(A),
27,1,12,MACUSPANA,918,3,MIXTO(A),
27,1,12,MACUSPANA,919,4,RURAL,
27,1,12,MACUSPANA,920,4,RURAL,
27,1,12,MACUSPANA,921,4,RURAL,
27,1,12,MACUSPANA,922,4,RURAL,
27,1,12,MACUSPANA,923,4,RURAL,
27,1,12,MACUSPANA,924,4,RURAL,
27,1,12,MACUSPANA,925,4,RURAL,
27,1,12,MACUSPANA,926,4,RURAL,
27,1,12,MACUSPANA,927,4,RURAL,
27,1,12,MACUSPANA,928,4,RURAL,
27,1,12,MACUSPANA,929,3,MIXTO(A),
27,1,12,MACUSPANA,930,3,MIXTO(A),
27,1,12,MACUSPANA,931,3,MIXTO(A),
27,1,12,MACUSPANA,932,4,RURAL,
27,1,12,MACUSPANA,933,3,MIXTO(A),
27,1,12,MACUSPANA,934,3,MIXTO(A),
27,1,12,MACUSPANA,935,3,MIXTO(A),
27,1,12,MACUSPANA,936,4,RURAL,
27,1,12,MACUSPANA,937,4,RURAL,
27,1,12,MACUSPANA,938,4,RURAL,
27,1,12,MACUSPANA,939,4,RURAL,
27,1,12,MACUSPANA,940,3,MIXTO(A),
27,1,12,MACUSPANA,941,4,RURAL,
27,1,12,MACUSPANA,942,4,RURAL,
27,1,12,MACUSPANA,943,4,RURAL,
27,1,12,MACUSPANA,944,4,RURAL,
27,1,12,MACUSPANA,945,4,RURAL,
27,1,12,MACUSPANA,946,4,RURAL,
27,1,12,MACUSPANA,947,4,RURAL,
27,1,12,MACUSPANA,948,4,RURAL,
27,1,12,MACUSPANA,949,4,RURAL,
27,1,12,MACUSPANA,950,4,RURAL,
27,1,12,MACUSPANA,951,4,RURAL,
27,1,12,MACUSPANA,952,4,RURAL,
27,1,12,MACUSPANA,953,4,RURAL,
27,5,13,NACAJUCA,954,2,URBANO(A),
27,5,13,NACAJUCA,955,3,MIXTO(A),
27,5,13,NACAJUCA,956,2,URBANO(A),
27,5,13,NACAJUCA,957,2,URBANO(A),
27,5,13,NACAJUCA,958,3,MIXTO(A),
27,5,13,NACAJUCA,959,3,MIXTO(A),
27,5,13,NACAJUCA,960,4,RURAL,
27,5,13,NACAJUCA,961,4,RURAL,
27,5,13,NACAJUCA,962,4,RURAL,
27,5,13,NACAJUCA,963,2,URBANO(A),
27,5,13,NACAJUCA,964,3,MIXTO(A),
27,5,13,NACAJUCA,965,4,RURAL,
27,5,13,NACAJUCA,966,4,RURAL,
27,5,13,NACAJUCA,967,2,URBANO(A),
27,5,13,NACAJUCA,968,4,RURAL,
27,5,13,NACAJUCA,969,4,RURAL,
27,5,13,NACAJUCA,970,4,RURAL,
27,5,13,NACAJUCA,971,2,URBANO(A),
27,5,13,NACAJUCA,972,2,URBANO(A),
27,5,13,NACAJUCA,973,4,RURAL,
27,5,13,NACAJUCA,975,4,RURAL,
27,5,13,NACAJUCA,976,4,RURAL,
27,5,13,NACAJUCA,977,4,RURAL,
27,5,13,NACAJUCA,978,4,RURAL,
27,5,13,NACAJUCA,979,4,RURAL,
27,5,13,NACAJUCA,980,4,RURAL,
27,5,13,NACAJUCA,981,4,RURAL,
27,5,13,NACAJUCA,982,2,URBANO(A),
27,5,13,NACAJUCA,984,4,RURAL,
27,5,13,NACAJUCA,985,2,URBANO(A),
27,5,13,NACAJUCA,987,2,URBANO(A),
27,5,13,NACAJUCA,988,2,URBANO(A),
27,5,13,NACAJUCA,989,2,URBANO(A),
27,5,13,NACAJUCA,990,3,MIXTO(A),
27,5,14,PARAISO,991,2,URBANO(A),
27,5,14,PARAISO,992,2,URBANO(A),
27,5,14,PARAISO,993,2,URBANO(A),
27,5,14,PARAISO,994,2,URBANO(A),
27,5,14,PARAISO,995,2,URBANO(A),
27,5,14,PARAISO,996,2,URBANO(A),
27,5,14,PARAISO,997,2,URBANO(A),
27,5,14,PARAISO,998,2,URBANO(A),C
27,5,14,PARAISO,999,2,URBANO(A),C
27,5,14,PARAISO,1000,2,URBANO(A),
27,5,14,PARAISO,1001,2,URBANO(A),
27,5,14,PARAISO,1002,2,URBANO(A),
27,5,14,PARAISO,1003,2,URBANO(A),
27,5,14,PARAISO,1004,2,URBANO(A),
27,5,14,PARAISO,1005,2,URBANO(A),
27,5,14,PARAISO,1006,4,RURAL,
27,5,14,PARAISO,1007,4,RURAL,
27,5,14,PARAISO,1008,4,RURAL,
27,5,14,PARAISO,1009,4,RURAL,
27,5,14,PARAISO,1010,4,RURAL,
27,5,14,PARAISO,1011,4,RURAL,
27,5,14,PARAISO,1012,4,RURAL,
27,5,14,PARAISO,1013,4,RURAL,
27,5,14,PARAISO,1014,4,RURAL,
27,5,14,PARAISO,1015,4,RURAL,
27,5,14,PARAISO,1016,4,RURAL,
27,5,14,PARAISO,1017,2,URBANO(A),
27,5,14,PARAISO,1018,2,URBANO(A),
27,5,14,PARAISO,1019,4,RURAL,
27,5,14,PARAISO,1020,4,RURAL,
27,5,14,PARAISO,1021,4,RURAL,
27,5,14,PARAISO,1022,4,RURAL,
27,5,14,PARAISO,1023,4,RURAL,
27,5,14,PARAISO,1024,4,RURAL,
27,5,14,PARAISO,1025,4,RURAL,
27,5,14,PARAISO,1026,4,RURAL,
27,5,14,PARAISO,1027,4,RURAL,
27,5,14,PARAISO,1028,4,RURAL,
27,5,14,PARAISO,1029,4,RURAL,
27,5,14,PARAISO,1030,4,RURAL,
27,5,14,PARAISO,1031,4,RURAL,
27,5,14,PARAISO,1032,4,RURAL,
27,5,14,PARAISO,1033,4,RURAL,
27,5,14,PARAISO,1034,4,RURAL,
27,5,14,PARAISO,1035,4,RURAL,
27,6,15,TACOTALPA,1036,2,URBANO(A),
27,6,15,TACOTALPA,1037,2,URBANO(A),
27,6,15,TACOTALPA,1038,3,MIXTO(A),
27,6,15,TACOTALPA,1039,2,URBANO(A),
27,6,15,TACOTALPA,1040,3,MIXTO(A),
27,6,15,TACOTALPA,1041,4,RURAL,
27,6,15,TACOTALPA,1042,4,RURAL,
27,6,15,TACOTALPA,1043,4,RURAL,
27,6,15,TACOTALPA,1044,4,RURAL,
27,6,15,TACOTALPA,1045,4,RURAL,
27,6,15,TACOTALPA,1046,4,RURAL,
27,6,15,TACOTALPA,1047,4,RURAL,
27,6,15,TACOTALPA,1048,4,RURAL,
27,6,15,TACOTALPA,1049,4,RURAL,
27,6,15,TACOTALPA,1050,4,RURAL,
27,6,15,TACOTALPA,1051,4,RURAL,
27,6,15,TACOTALPA,1052,3,MIXTO(A),
27,6,15,TACOTALPA,1053,3,MIXTO(A),
27,6,15,TACOTALPA,1054,4,RURAL,
27,6,15,TACOTALPA,1055,4,RURAL,
27,6,15,TACOTALPA,1056,4,RURAL,C
27,6,15,TACOTALPA,1057,4,RURAL,
27,6,15,TACOTALPA,1058,4,RURAL,
27,6,15,TACOTALPA,1059,4,RURAL,
27,6,15,TACOTALPA,1060,3,MIXTO(A),
27,6,15,TACOTALPA,1061,3,MIXTO(A),
27,6,15,TACOTALPA,1062,4,RURAL,
27,6,16,TEAPA,1063,2,URBANO(A),
27,6,16,TEAPA,1064,2,URBANO(A),
27,6,16,TEAPA,1065,2,URBANO(A),
27,6,16,TEAPA,1066,2,URBANO(A),
27,6,16,TEAPA,1067,3,MIXTO(A),
27,6,16,TEAPA,1069,2,URBANO(A),
27,6,16,TEAPA,1070,2,URBANO(A),
27,6,16,TEAPA,1071,2,URBANO(A),
27,6,16,TEAPA,1072,2,URBANO(A),
27,6,16,TEAPA,1073,2,URBANO(A),
27,6,16,TEAPA,1074,2,URBANO(A),
27,6,16,TEAPA,1075,4,RURAL,
27,6,16,TEAPA,1076,4,RURAL,
27,6,16,TEAPA,1077,4,RURAL,
27,6,16,TEAPA,1078,4,RURAL,
27,6,16,TEAPA,1079,4,RURAL,
27,6,16,TEAPA,1080,4,RURAL,
27,6,16,TEAPA,1081,4,RURAL,
27,6,16,TEAPA,1082,3,MIXTO(A),
27,6,16,TEAPA,1083,4,RURAL,
27,6,16,TEAPA,1084,4,RURAL,
27,6,16,TEAPA,1085,4,RURAL,
27,6,16,TEAPA,1086,4,RURAL,
27,6,16,TEAPA,1087,4,RURAL,
27,6,16,TEAPA,1088,4,RURAL,
27,1,17,TENOSIQUE,1089,3,MIXTO(A),
27,1,17,TENOSIQUE,1090,2,URBANO(A),
27,1,17,TENOSIQUE,1091,2,URBANO(A),
27,1,17,TENOSIQUE,1092,2,URBANO(A),
27,1,17,TENOSIQUE,1093,2,URBANO(A),
27,1,17,TENOSIQUE,1094,2,URBANO(A),
27,1,17,TENOSIQUE,1095,2,URBANO(A),
27,1,17,TENOSIQUE,1096,2,URBANO(A),
27,1,17,TENOSIQUE,1097,2,URBANO(A),
27,1,17,TENOSIQUE,1098,2,URBANO(A),
27,1,17,TENOSIQUE,1099,2,URBANO(A),
27,1,17,TENOSIQUE,1100,2,URBANO(A),
27,1,17,TENOSIQUE,1101,2,URBANO(A),
27,1,17,TENOSIQUE,1102,2,URBANO(A),
27,1,17,TENOSIQUE,1103,2,URBANO(A),
27,1,17,TENOSIQUE,1104,2,URBANO(A),
27,1,17,TENOSIQUE,1105,2,URBANO(A),
27,1,17,TENOSIQUE,1106,2,URBANO(A),
27,1,17,TENOSIQUE,1107,2,URBANO(A),
27,1,17,TENOSIQUE,1108,4,RURAL,
27,1,17,TENOSIQUE,1109,4,RURAL,
27,1,17,TENOSIQUE,1110,4,RURAL,
27,1,17,TENOSIQUE,1111,4,RURAL,
27,1,17,TENOSIQUE,1112,4,RURAL,
27,1,17,TENOSIQUE,1113,4,RURAL,
27,1,17,TENOSIQUE,1114,4,RURAL,
27,1,17,TENOSIQUE,1115,4,RURAL,
27,1,17,TENOSIQUE,1116,4,RURAL,
27,1,17,TENOSIQUE,1117,4,RURAL,
27,1,17,TENOSIQUE,1118,4,RURAL,
27,1,17,TENOSIQUE,1119,4,RURAL,
27,1,17,TENOSIQUE,1120,4,RURAL,
27,1,17,TENOSIQUE,1121,4,RURAL,
27,1,17,TENOSIQUE,1122,4,RURAL,
27,1,17,TENOSIQUE,1123,4,RURAL,
27,1,17,TENOSIQUE,1124,4,RURAL,
27,1,17,TENOSIQUE,1125,4,RURAL,
27,1,17,TENOSIQUE,1126,4,RURAL,
27,1,17,TENOSIQUE,1127,4,RURAL,
27,1,17,TENOSIQUE,1128,4,RURAL,
27,1,17,TENOSIQUE,1129,4,RURAL,
27,1,17,TENOSIQUE,1130,4,RURAL,
27,1,17,TENOSIQUE,1131,4,RURAL,
27,1,17,TENOSIQUE,1132,4,RURAL,
27,1,17,TENOSIQUE,1133,4,RURAL,
27,5,13,NACAJUCA,1134,3,MIXTO(A),
27,5,13,NACAJUCA,1135,2,URBANO(A),
27,5,13,NACAJUCA,1136,2,URBANO(A),
27,5,13,NACAJUCA,1137,2,URBANO(A),
27,5,13,NACAJUCA,1138,2,URBANO(A),
27,5,13,NACAJUCA,1139,2,URBANO(A),
27,5,13,NACAJUCA,1140,2,URBANO(A),
27,5,13,NACAJUCA,1141,2,URBANO(A),
27,5,13,NACAJUCA,1142,2,URBANO(A),
27,5,13,NACAJUCA,1143,2,URBANO(A),
27,5,13,NACAJUCA,1144,2,URBANO(A),
27,3,5,COMALCALCO,1145,4,RURAL,
27,3,5,COMALCALCO,1146,4,RURAL,
27,3,5,COMALCALCO,1147,2,URBANO(A),
27,4,4,CENTRO,1148,2,URBANO(A),
27,4,4,CENTRO,1149,4,RURAL,
27,5,13,NACAJUCA,1150,4,RURAL,
27,5,13,NACAJUCA,1151,4,RURAL,
27,3,5,COMALCALCO,1152,2,URBANO(A),
27,3,5,COMALCALCO,1153,2,URBANO(A),
27,4,4,CENTRO,1154,2,URBANO(A),
27,4,4,CENTRO,1155,2,URBANO(A),
27,4,4,CENTRO,1156,2,URBANO(A),
27,4,4,CENTRO,1157,2,URBANO(A),
27,4,4,CENTRO,1158,2,URBANO(A),
27,4,4,CENTRO,1159,2,URBANO(A),
27,4,4,CENTRO,1160,2,URBANO(A),
27,4,4,CENTRO,1161,2,URBANO(A),
27,4,4,CENTRO,1162,2,URBANO(A),
27,4,4,CENTRO,1163,2,URBANO(A),
27,4,4,CENTRO,1164,2,URBANO(A),
27,4,4,CENTRO,1165,2,URBANO(A),
27,6,4,CENTRO,1166,2,URBANO(A),
27,6,4,CENTRO,1167,2,URBANO(A),
27,6,4,CENTRO,1168,2,URBANO(A),
27,6,4,CENTRO,1169,2,URBANO(A),
27,6,4,CENTRO,1170,2,URBANO(A),
27,6,4,CENTRO,1171,2,URBANO(A),
27,6,4,CENTRO,1172,2,URBANO(A),
27,6,4,CENTRO,1173,2,URBANO(A),
27,6,4,CENTRO,1174,2,URBANO(A),
27,6,4,CENTRO,1175,2,URBANO(A),
27,6,4,CENTRO,1176,2,URBANO(A),
27,6,4,CENTRO,1177,2,URBANO(A),
27,6,4,CENTRO,1178,2,URBANO(A),
27,6,4,CENTRO,1179,2,URBANO(A),
27,6,16,TEAPA,1180,2,URBANO(A),
27,6,16,TEAPA,1181,2,URBANO(A),
27,4,4,CENTRO,1182,2,URBANO(A),
27,4,4,CENTRO,1183,2,URBANO(A),
27,4,4,CENTRO,1184,3,MIXTO(A),
27,4,4,CENTRO,1185,2,URBANO(A),
27,4,4,CENTRO,1186,4,RURAL,
27,5,13,NACAJUCA,1187,3,MIXTO(A),
27,5,13,NACAJUCA,1188,3,MIXTO(A),
27,5,13,NACAJUCA,1189,2,URBANO(A),
27,5,13,NACAJUCA,1190,2,URBANO(A),
27,5,13,NACAJUCA,1191,3,MIXTO(A),
27,5,13,NACAJUCA,1192,2,URBANO(A),
27,6,4,CENTRO,1193,2,URBANO(A),
27,6,4,CENTRO,1194,2,URBANO(A),
27,6,4,CENTRO,1195,2,URBANO(A),
27,6,4,CENTRO,1196,2,URBANO(A),
27,6,4,CENTRO,1197,2,URBANO(A),
27,6,4,CENTRO,1198,2,URBANO(A),
27,2,8,HUIMANGUILLO,1199,3,MIXTO(A),
27,2,8,HUIMANGUILLO,1200,2,URBANO(A),
27,2,8,HUIMANGUILLO,1201,4,RURAL,
27,3,6,CUNDUACAN,1202,4,RURAL,
27,3,6,CUNDUACAN,1203,4,RURAL,
27,6,4,CENTRO,1204,2,URBANO(A),
27,6,4,CENTRO,1205,2,URBANO(A),
27,6,4,CENTRO,1206,2,URBANO(A),
27,6,4,CENTRO,1207,2,URBANO(A),
27,4,4,CENTRO,1208,2,URBANO(A),
27,4,4,CENTRO,1209,2,URBANO(A),
27,4,4,CENTRO,1210,2,URBANO(A),
27,4,4,CENTRO,1211,2,URBANO(A),
27,6,4,CENTRO,1212,2,URBANO(A),
27,6,4,CENTRO,1213,2,URBANO(A),
27,6,4,CENTRO,1214,2,URBANO(A),
27,6,4,CENTRO,1215,2,URBANO(A),
