edon,seccion,munn,escenario1,escenario2,mc_clv2,morena_clv2,panal_clv2,pan_clv2,pes_clv2,prd_clv2,pri_clv2,pt_clv2,pvem_clv2,escenario3
22,1,1,1,1,1,1,1,1,1,1,1,1,1,1
22,2,1,1,1,1,1,1,1,1,1,1,1,1,1
22,3,1,1,1,1,1,1,1,1,1,1,1,1,1
22,4,1,1,1,1,1,1,1,1,1,1,1,1,1
22,5,1,1,1,1,1,1,1,1,1,1,1,1,1
22,6,1,1,1,1,1,1,1,1,1,1,1,1,1
22,7,1,1,1,1,1,1,1,1,1,1,1,1,1
22,8,1,1,1,1,1,1,1,1,1,1,1,1,1
22,9,1,1,1,1,1,1,1,1,1,1,1,1,1
22,10,1,1,1,1,1,1,1,1,1,1,1,1,1
22,11,1,1,1,1,1,1,1,1,1,1,1,1,1
22,12,1,1,1,1,1,1,1,1,1,1,1,1,1
22,13,1,1,1,1,1,1,1,1,1,1,1,1,1
22,14,1,1,1,1,1,1,1,1,1,1,1,1,1
22,15,1,1,1,1,1,1,1,1,1,1,1,1,1
22,16,1,1,1,1,1,1,1,1,1,1,1,1,1
22,17,1,1,1,1,1,1,1,1,1,1,1,1,1
22,18,1,1,1,1,1,1,1,1,1,1,1,1,1
22,19,1,1,1,1,1,1,1,1,1,1,1,1,1
22,20,1,1,1,1,1,1,1,1,1,1,1,1,1
22,21,1,1,1,1,1,1,1,1,1,1,1,1,1
22,22,1,1,1,1,1,1,1,1,1,1,1,1,1
22,23,1,1,1,1,1,1,1,1,1,1,1,1,1
22,24,1,1,1,1,1,1,1,1,1,1,1,1,1
22,25,1,1,1,1,1,1,1,1,1,1,1,1,1
22,26,1,1,1,1,1,1,1,1,1,1,1,1,1
22,27,1,1,1,1,1,1,1,1,1,1,1,1,1
22,28,1,1,1,1,1,1,1,1,1,1,1,1,1
22,29,1,1,1,1,1,1,1,1,1,1,1,1,1
22,30,1,1,1,1,1,1,1,1,1,1,1,1,1
22,31,1,1,1,1,1,1,1,1,1,1,1,1,1
22,32,1,1,1,1,1,1,1,1,1,1,1,1,1
22,33,1,1,1,1,1,1,1,1,1,1,1,1,1
22,34,1,1,1,1,1,1,1,1,1,1,1,1,1
22,35,2,2,2,2,2,2,2,2,2,2,2,2,2
22,36,2,2,2,2,2,2,2,2,2,2,2,2,2
22,37,2,2,2,2,2,2,2,2,2,2,2,2,2
22,38,2,2,2,2,2,2,2,2,2,2,2,2,2
22,39,2,2,2,2,2,2,2,2,2,2,2,2,2
22,40,2,2,2,2,2,2,2,2,2,2,2,2,2
22,41,2,2,2,2,2,2,2,2,2,2,2,2,2
22,42,2,2,2,2,2,2,2,2,2,2,2,2,2
22,43,2,2,2,2,2,2,2,2,2,2,2,2,2
22,44,2,2,2,2,2,2,2,2,2,2,2,2,2
22,45,2,2,2,2,2,2,2,2,2,2,2,2,2
22,46,3,2,2,2,2,2,2,2,2,2,2,2,2
22,47,3,2,2,2,2,2,2,2,2,2,2,2,2
22,48,3,2,2,2,2,2,2,2,2,2,2,2,2
22,49,3,2,2,2,2,2,2,2,2,2,2,2,2
22,50,3,2,2,2,2,2,2,2,2,2,2,2,2
22,51,3,2,2,2,2,2,2,2,2,2,2,2,2
22,52,3,2,2,2,2,2,2,2,2,2,2,2,2
22,53,3,2,2,2,2,2,2,2,2,2,2,2,2
22,54,3,2,2,2,2,2,2,2,2,2,2,2,2
22,55,3,2,2,2,2,2,2,2,2,2,2,2,2
22,56,3,2,2,2,2,2,2,2,2,2,2,2,2
22,57,3,2,2,2,2,2,2,2,2,2,2,2,2
22,58,3,2,2,2,2,2,2,2,2,2,2,2,2
22,59,3,2,2,2,2,2,2,2,2,2,2,2,2
22,60,3,2,2,2,2,2,2,2,2,2,2,2,2
22,61,3,2,2,2,2,2,2,2,2,2,2,2,2
22,62,3,2,2,2,2,2,2,2,2,2,2,2,2
22,63,3,2,2,2,2,2,2,2,2,2,2,2,2
22,64,3,2,2,2,2,2,2,2,2,2,2,2,2
22,65,3,2,2,2,2,2,2,2,2,2,2,2,2
22,66,3,2,2,2,2,2,2,2,2,2,2,2,2
22,67,3,2,2,2,2,2,2,2,2,2,2,2,2
22,68,3,2,2,2,2,2,2,2,2,2,2,2,2
22,69,3,2,2,2,2,2,2,2,2,2,2,2,2
22,70,3,2,2,2,2,2,2,2,2,2,2,2,2
22,71,3,2,2,2,2,2,2,2,2,2,2,2,2
22,72,3,2,2,2,2,2,2,2,2,2,2,2,2
22,73,3,2,2,2,2,2,2,2,2,2,2,2,2
22,74,3,2,2,2,2,2,2,2,2,2,2,2,2
22,75,3,2,2,2,2,2,2,2,2,2,2,2,2
22,76,4,2,2,2,2,2,2,2,2,2,2,2,2
22,77,4,2,2,2,2,2,2,2,2,2,2,2,2
22,78,4,2,2,2,2,2,2,2,2,2,2,2,2
22,79,4,2,2,2,2,2,2,2,2,2,2,2,2
22,80,4,2,2,2,2,2,2,2,2,2,2,2,2
22,81,4,2,2,2,2,2,2,2,2,2,2,2,2
22,82,4,2,2,2,2,2,2,2,2,2,2,2,2
22,83,4,2,2,2,2,2,2,2,2,2,2,2,2
22,84,4,2,2,2,2,2,2,2,2,2,2,2,2
22,85,4,2,2,2,2,2,2,2,2,2,2,2,2
22,86,4,2,2,2,2,2,2,2,2,2,2,2,2
22,87,4,2,2,2,2,2,2,2,2,2,2,2,2
22,88,4,2,2,2,2,2,2,2,2,2,2,2,2
22,89,4,2,2,2,2,2,2,2,2,2,2,2,2
22,90,4,2,2,2,2,2,2,2,2,2,2,2,2
22,91,4,2,2,2,2,2,2,2,2,2,2,2,2
22,92,4,2,2,2,2,2,2,2,2,2,2,2,2
22,93,4,2,2,2,2,2,2,2,2,2,2,2,2
22,94,4,2,2,2,2,2,2,2,2,2,2,2,2
22,95,4,2,2,2,2,2,2,2,2,2,2,2,2
22,96,4,2,2,2,2,2,2,2,2,2,2,2,2
22,97,5,1,1,1,1,1,1,1,1,1,1,1,1
22,98,5,1,1,1,1,1,1,1,1,1,1,1,1
22,99,5,1,1,1,1,1,1,1,1,1,1,1,1
22,100,5,1,1,1,1,1,1,1,1,1,1,1,1
22,101,5,1,1,1,1,1,1,1,1,1,1,1,1
22,102,5,1,1,1,1,1,1,1,1,1,1,1,1
22,103,5,1,1,1,1,1,1,1,1,1,1,1,1
22,104,5,1,1,1,1,1,1,1,1,1,1,1,1
22,105,5,1,1,1,1,1,1,1,1,1,1,1,1
22,106,5,1,1,1,1,1,1,1,1,1,1,1,1
22,107,5,1,1,1,1,1,1,1,1,1,1,1,1
22,108,5,1,1,1,1,1,1,1,1,1,1,1,1
22,109,5,1,1,1,1,1,1,1,1,1,1,1,1
22,110,5,1,1,1,1,1,1,1,1,1,1,1,1
22,111,5,1,1,1,1,1,1,1,1,1,1,1,1
22,113,5,1,1,1,1,1,1,1,1,1,1,1,1
22,114,5,1,1,1,1,1,1,1,1,1,1,1,1
22,115,5,1,1,1,1,1,1,1,1,1,1,1,1
22,116,5,1,1,1,1,1,1,1,1,1,1,1,1
22,117,5,1,1,1,1,1,1,1,1,1,1,1,1
22,118,5,1,1,1,1,1,1,1,1,1,1,1,1
22,119,5,1,1,1,1,1,1,1,1,1,1,1,1
22,120,5,1,1,1,1,1,1,1,1,1,1,1,1
22,121,5,1,1,1,1,1,1,1,1,1,1,1,1
22,122,6,3,3,3,3,3,3,3,3,3,3,3,3
22,123,6,3,3,3,3,3,3,3,3,3,3,3,3
22,124,6,3,3,3,3,3,3,3,3,3,3,3,3
22,125,6,3,3,3,3,3,3,3,3,3,3,3,3
22,126,6,3,3,3,3,3,3,3,3,3,3,3,3
22,127,6,3,3,3,3,3,3,3,3,3,3,3,3
22,128,6,3,3,3,3,3,3,3,3,3,3,3,3
22,129,6,3,3,3,3,3,3,3,3,3,3,3,3
22,130,6,3,3,3,3,3,3,3,3,3,3,3,3
22,131,6,3,3,3,3,3,3,3,3,3,3,3,3
22,132,6,3,3,3,3,3,3,3,3,3,3,3,3
22,133,6,3,3,3,3,3,3,3,3,3,3,3,3
22,134,6,3,3,3,3,3,3,3,3,3,3,3,3
22,135,6,3,3,3,3,3,3,3,3,3,3,3,3
22,136,6,3,3,3,3,3,3,3,3,3,3,3,3
22,137,6,3,3,3,3,3,3,3,3,3,3,3,3
22,138,6,3,3,3,3,3,3,3,3,3,3,3,3
22,139,7,1,1,1,1,1,1,1,1,1,1,1,1
22,140,7,1,1,1,1,1,1,1,1,1,1,1,1
22,141,7,1,1,1,1,1,1,1,1,1,1,1,1
22,142,7,1,1,1,1,1,1,1,1,1,1,1,1
22,143,7,1,1,1,1,1,1,1,1,1,1,1,1
22,144,7,1,1,1,1,1,1,1,1,1,1,1,1
22,145,7,1,1,1,1,1,1,1,1,1,1,1,1
22,146,7,1,1,1,1,1,1,1,1,1,1,1,1
22,147,7,1,1,1,1,1,1,1,1,1,1,1,1
22,148,7,1,1,1,1,1,1,1,1,1,1,1,1
22,149,7,1,1,1,1,1,1,1,1,1,1,1,1
22,150,7,1,1,1,1,1,1,1,1,1,1,1,1
22,151,7,1,1,1,1,1,1,1,1,1,1,1,1
22,152,7,1,1,1,1,1,1,1,1,1,1,1,1
22,153,8,2,2,2,2,2,2,2,2,2,2,2,2
22,154,8,2,2,2,2,2,2,2,2,2,2,2,2
22,155,8,2,2,2,2,2,2,2,2,2,2,2,2
22,156,8,2,2,2,2,2,2,2,2,2,2,2,2
22,157,8,2,2,2,2,2,2,2,2,2,2,2,2
22,158,8,2,2,2,2,2,2,2,2,2,2,2,2
22,159,8,2,2,2,2,2,2,2,2,2,2,2,2
22,160,8,2,2,2,2,2,2,2,2,2,2,2,2
22,161,8,2,2,2,2,2,2,2,2,2,2,2,2
22,162,8,2,2,2,2,2,2,2,2,2,2,2,2
22,163,8,2,2,2,2,2,2,2,2,2,2,2,2
22,164,8,2,2,2,2,2,2,2,2,2,2,2,2
22,165,8,2,2,2,2,2,2,2,2,2,2,2,2
22,166,8,2,2,2,2,2,2,2,2,2,2,2,2
22,167,8,2,2,2,2,2,2,2,2,2,2,2,2
22,168,9,2,2,2,2,2,2,2,2,2,2,2,2
22,169,9,2,2,2,2,2,2,2,2,2,2,2,2
22,170,9,2,2,2,2,2,2,2,2,2,2,2,2
22,171,9,2,2,2,2,2,2,2,2,2,2,2,2
22,172,9,2,2,2,2,2,2,2,2,2,2,2,2
22,173,9,2,2,2,2,2,2,2,2,2,2,2,2
22,174,9,2,2,2,2,2,2,2,2,2,2,2,2
22,175,9,2,2,2,2,2,2,2,2,2,2,2,2
22,176,9,2,2,2,2,2,2,2,2,2,2,2,2
22,177,9,2,2,2,2,2,2,2,2,2,2,2,2
22,178,9,2,2,2,2,2,2,2,2,2,2,2,2
22,179,9,2,2,2,2,2,2,2,2,2,2,2,2
22,180,9,2,2,2,2,2,2,2,2,2,2,2,2
22,181,9,2,2,2,2,2,2,2,2,2,2,2,2
22,182,10,1,1,1,1,1,1,1,1,1,1,1,1
22,183,10,1,1,1,1,1,1,1,1,1,1,1,1
22,184,10,1,1,1,1,1,1,1,1,1,1,1,1
22,185,10,1,1,1,1,1,1,1,1,1,1,1,1
22,186,10,1,1,1,1,1,1,1,1,1,1,1,1
22,187,10,1,1,1,1,1,1,1,1,1,1,1,1
22,188,10,1,1,1,1,1,1,1,1,1,1,1,1
22,189,10,1,1,1,1,1,1,1,1,1,1,1,1
22,190,10,1,1,1,1,1,1,1,1,1,1,1,1
22,191,10,1,1,1,1,1,1,1,1,1,1,1,1
22,192,10,1,1,1,1,1,1,1,1,1,1,1,1
22,193,10,1,1,1,1,1,1,1,1,1,1,1,1
22,194,10,1,1,1,1,1,1,1,1,1,1,1,1
22,195,10,1,1,1,1,1,1,1,1,1,1,1,1
22,196,10,1,1,1,1,1,1,1,1,1,1,1,1
22,197,10,1,1,1,1,1,1,1,1,1,1,1,1
22,198,10,1,1,1,1,1,1,1,1,1,1,1,1
22,199,10,1,1,1,1,1,1,1,1,1,1,1,1
22,200,10,1,1,1,1,1,1,1,1,1,1,1,1
22,201,10,1,1,1,1,1,1,1,1,1,1,1,1
22,202,10,1,1,1,1,1,1,1,1,1,1,1,1
22,203,10,1,1,1,1,1,1,1,1,1,1,1,1
22,204,10,1,1,1,1,1,1,1,1,1,1,1,1
22,205,10,1,1,1,1,1,1,1,1,1,1,1,1
22,206,10,1,1,1,1,1,1,1,1,1,1,1,1
22,207,10,1,1,1,1,1,1,1,1,1,1,1,1
22,208,10,1,1,1,1,1,1,1,1,1,1,1,1
22,209,10,1,1,1,1,1,1,1,1,1,1,1,1
22,210,11,2,2,2,2,2,2,2,2,2,2,2,2
22,211,11,2,2,2,2,2,2,2,2,2,2,2,2
22,212,11,2,2,2,2,2,2,2,2,2,2,2,2
22,213,11,2,2,2,2,2,2,2,2,2,2,2,2
22,214,11,2,2,2,2,2,2,2,2,2,2,2,2
22,215,11,2,2,2,2,2,2,2,2,2,2,2,2
22,216,11,2,2,2,2,2,2,2,2,2,2,2,2
22,217,11,2,2,2,2,2,2,2,2,2,2,2,2
22,218,11,2,2,2,2,2,2,2,2,2,2,2,2
22,219,11,2,2,2,2,2,2,2,2,2,2,2,2
22,220,11,2,2,2,2,2,2,2,2,2,2,2,2
22,221,11,2,2,2,2,2,2,2,2,2,2,2,2
22,222,11,2,2,2,2,2,2,2,2,2,2,2,2
22,223,11,2,2,2,2,2,2,2,2,2,2,2,2
22,224,11,2,2,2,2,2,2,2,2,2,2,2,2
22,225,11,2,2,2,2,2,2,2,2,2,2,2,2
22,226,11,2,2,2,2,2,2,2,2,2,2,2,2
22,227,11,2,2,2,2,2,2,2,2,2,2,2,2
22,228,11,2,2,2,2,2,2,2,2,2,2,2,2
22,229,11,2,2,2,2,2,2,2,2,2,2,2,2
22,230,11,2,2,2,2,2,2,2,2,2,2,2,2
22,231,11,2,2,2,2,2,2,2,2,2,2,2,2
22,232,11,2,2,2,2,2,2,2,2,2,2,2,2
22,233,11,2,2,2,2,2,2,2,2,2,2,2,2
22,234,12,2,2,2,2,2,2,2,2,2,2,2,2
22,235,12,2,2,2,2,2,2,2,2,2,2,2,2
22,236,12,2,2,2,2,2,2,2,2,2,2,2,2
22,237,12,2,2,2,2,2,2,2,2,2,2,2,2
22,238,12,2,2,2,2,2,2,2,2,2,2,2,2
22,239,12,2,2,2,2,2,2,2,2,2,2,2,2
22,240,12,2,2,2,2,2,2,2,2,2,2,2,2
22,241,12,2,2,2,2,2,2,2,2,2,2,2,2
22,242,12,2,2,2,2,2,2,2,2,2,2,2,2
22,243,12,2,2,2,2,2,2,2,2,2,2,2,2
22,244,12,2,2,2,2,2,2,2,2,2,2,2,2
22,245,12,2,2,2,2,2,2,2,2,2,2,2,2
22,246,12,2,2,2,2,2,2,2,2,2,2,2,2
22,247,12,2,2,2,2,2,2,2,2,2,2,2,2
22,248,13,2,2,2,2,2,2,2,2,2,2,2,2
22,249,13,2,2,2,2,2,2,2,2,2,2,2,2
22,250,13,2,2,2,2,2,2,2,2,2,2,2,2
22,251,13,2,2,2,2,2,2,2,2,2,2,2,2
22,252,13,2,2,2,2,2,2,2,2,2,2,2,2
22,253,13,2,2,2,2,2,2,2,2,2,2,2,2
22,254,13,2,2,2,2,2,2,2,2,2,2,2,2
22,255,13,2,2,2,2,2,2,2,2,2,2,2,2
22,256,13,2,2,2,2,2,2,2,2,2,2,2,2
22,257,13,2,2,2,2,2,2,2,2,2,2,2,2
22,258,13,2,2,2,2,2,2,2,2,2,2,2,2
22,259,13,2,2,2,2,2,2,2,2,2,2,2,2
22,260,13,2,2,2,2,2,2,2,2,2,2,2,2
22,261,13,2,2,2,2,2,2,2,2,2,2,2,2
22,262,13,2,2,2,2,2,2,2,2,2,2,2,2
22,263,13,2,2,2,2,2,2,2,2,2,2,2,2
22,264,13,2,2,2,2,2,2,2,2,2,2,2,2
22,265,13,2,2,2,2,2,2,2,2,2,2,2,2
22,266,14,4,4,4,4,4,4,4,4,4,4,4,4
22,267,14,4,4,4,4,4,4,4,4,4,4,4,4
22,268,14,4,4,4,4,4,4,4,4,4,4,4,4
22,269,14,4,4,4,4,4,4,4,4,4,4,4,4
22,270,14,4,4,4,4,4,4,4,4,4,4,4,4
22,272,14,4,4,4,4,4,4,4,4,4,4,4,4
22,274,14,4,4,4,4,4,4,4,4,4,4,4,4
22,275,14,5,5,5,5,5,5,5,5,5,5,5,5
22,276,14,5,5,5,5,5,5,5,5,5,5,5,5
22,277,14,5,5,5,5,5,5,5,5,5,5,5,5
22,278,14,4,4,4,4,4,4,4,4,4,4,4,4
22,279,14,4,4,4,4,4,4,4,4,4,4,4,4
22,280,14,4,4,4,4,4,4,4,4,4,4,4,4
22,281,14,4,4,4,4,4,4,4,4,4,4,4,4
22,282,14,4,4,4,4,4,4,4,4,4,4,4,4
22,283,14,4,4,4,4,4,4,4,4,4,4,4,4
22,284,14,4,4,4,4,4,4,4,4,4,4,4,4
22,285,14,5,5,5,5,5,5,5,5,5,5,5,5
22,286,14,5,5,5,5,5,5,5,5,5,5,5,5
22,287,14,5,5,5,5,5,5,5,5,5,5,5,5
22,288,14,5,5,5,5,5,5,5,5,5,5,5,5
22,289,14,4,4,4,4,4,4,4,4,4,4,4,4
22,290,14,4,4,4,4,4,4,4,4,4,4,4,4
22,291,14,4,4,4,4,4,4,4,4,4,4,4,4
22,292,14,4,4,4,4,4,4,4,4,4,4,4,4
22,294,14,4,4,4,4,4,4,4,4,4,4,4,4
22,295,14,5,5,5,5,5,5,5,5,5,5,5,5
22,296,14,5,5,5,5,5,5,5,5,5,5,5,5
22,297,14,4,4,4,4,4,4,4,4,4,4,4,4
22,298,14,4,4,4,4,4,4,4,4,4,4,4,4
22,299,14,4,4,4,4,4,4,4,4,4,4,4,4
22,300,14,4,4,4,4,4,4,4,4,4,4,4,4
22,301,14,4,4,4,4,4,4,4,4,4,4,4,4
22,302,14,4,4,4,4,4,4,4,4,4,4,4,4
22,303,14,5,5,5,5,5,5,5,5,5,5,5,5
22,304,14,5,5,5,5,5,5,5,5,5,5,5,5
22,305,14,5,5,5,5,5,5,5,5,5,5,5,5
22,306,14,4,4,4,4,4,4,4,4,4,4,4,4
22,307,14,4,4,4,4,4,4,4,4,4,4,4,4
22,308,14,4,4,4,4,4,4,4,4,4,4,4,4
22,309,14,4,4,4,4,4,4,4,4,4,4,4,4
22,310,14,4,4,4,4,4,4,4,4,4,4,4,4
22,311,14,4,4,4,4,4,4,4,4,4,4,4,4
22,312,14,4,4,4,4,4,4,4,4,4,4,4,4
22,313,14,5,5,5,5,5,5,5,5,5,5,5,5
22,314,14,4,4,4,4,4,4,4,4,4,4,4,4
22,315,14,4,4,4,4,4,4,4,4,4,4,4,4
22,316,14,4,4,4,4,4,4,4,4,4,4,4,4
22,317,14,4,4,4,4,4,4,4,4,4,4,4,4
22,318,14,5,5,5,5,5,5,5,5,5,5,5,5
22,319,14,5,5,5,5,5,5,5,5,5,5,5,5
22,320,14,5,5,5,5,5,5,5,5,5,5,5,5
22,321,14,4,4,4,4,4,4,4,4,4,4,4,4
22,322,14,4,4,4,4,4,4,4,4,4,4,4,4
22,323,14,4,4,4,4,4,4,4,4,4,4,4,4
22,324,14,4,4,4,4,4,4,4,4,4,4,4,4
22,325,14,4,4,4,4,4,4,4,4,4,4,4,4
22,326,14,5,5,5,5,5,5,5,5,5,5,5,5
22,327,14,5,5,5,5,5,5,5,5,5,5,5,5
22,328,14,5,5,5,5,5,5,5,5,5,5,5,5
22,329,14,4,4,4,4,4,4,4,4,4,4,4,4
22,330,14,4,4,4,4,4,4,4,4,4,4,4,4
22,331,14,4,4,4,4,4,4,4,4,4,4,4,4
22,332,14,5,5,5,5,5,5,5,5,5,5,5,5
22,333,14,5,5,5,5,5,5,5,5,5,5,5,5
22,334,14,5,5,5,5,5,5,5,5,5,5,5,5
22,335,14,5,5,5,5,5,5,5,5,5,5,5,5
22,336,14,5,5,5,5,5,5,5,5,5,5,5,5
22,337,14,5,5,5,5,5,5,5,5,5,5,5,5
22,338,14,5,5,5,5,5,5,5,5,5,5,5,5
22,339,14,4,4,4,4,4,4,4,4,4,4,4,4
22,340,14,4,4,4,4,4,4,4,4,4,4,4,4
22,341,14,4,4,4,4,4,4,4,4,4,4,4,4
22,342,14,4,4,4,4,4,4,4,4,4,4,4,4
22,343,14,4,4,4,4,4,4,4,4,4,4,4,4
22,344,14,4,4,4,4,4,4,4,4,4,4,4,4
22,345,14,4,4,4,4,4,4,4,4,4,4,4,4
22,346,14,4,4,4,4,4,4,4,4,4,4,4,4
22,347,14,5,5,5,5,5,5,5,5,5,5,5,5
22,348,14,5,5,5,5,5,5,5,5,5,5,5,5
22,349,14,5,5,5,5,5,5,5,5,5,5,5,5
22,350,14,5,5,5,5,5,5,5,5,5,5,5,5
22,351,14,5,5,5,5,5,5,5,5,5,5,5,5
22,352,14,5,5,5,5,5,5,5,5,5,5,5,5
22,353,14,5,5,5,5,5,5,5,5,5,5,5,5
22,354,14,5,5,5,5,5,5,5,5,5,5,5,5
22,355,14,4,4,4,4,4,4,4,4,4,4,4,4
22,356,14,4,4,4,4,4,4,4,4,4,4,4,4
22,357,14,4,4,4,4,4,4,4,4,4,4,4,4
22,358,14,4,4,4,4,4,4,4,4,4,4,4,4
22,359,14,4,4,4,4,4,4,4,4,4,4,4,4
22,360,14,4,4,4,4,4,4,4,4,4,4,4,4
22,361,14,5,5,5,5,5,5,5,5,5,5,5,5
22,362,14,5,5,5,5,5,5,5,5,5,5,5,5
22,363,14,5,5,5,5,5,5,5,5,5,5,5,5
22,364,14,5,5,5,5,5,5,5,5,5,5,5,5
22,365,14,5,5,5,5,5,5,5,5,5,5,5,5
22,366,14,5,5,5,5,5,5,5,5,5,5,5,5
22,367,14,5,5,5,5,5,5,5,5,5,5,5,5
22,368,14,5,5,5,5,5,5,5,5,5,5,5,5
22,369,14,5,5,5,5,5,5,5,5,5,5,5,5
22,370,14,5,5,5,5,5,5,5,5,5,5,5,5
22,371,14,5,5,5,5,5,5,5,5,5,5,5,5
22,372,14,5,5,5,5,5,5,5,5,5,5,5,5
22,373,14,5,5,5,5,5,5,5,5,5,5,5,5
22,374,14,5,5,5,5,5,5,5,5,5,5,5,5
22,375,14,5,5,5,5,5,5,5,5,5,5,5,5
22,376,14,5,5,5,5,5,5,5,5,5,5,5,5
22,377,14,5,5,5,5,5,5,5,5,5,5,5,5
22,378,14,5,5,5,5,5,5,5,5,5,5,5,5
22,379,14,5,5,5,5,5,5,5,5,5,5,5,5
22,380,14,5,5,5,5,5,5,5,5,5,5,5,5
22,381,14,4,4,4,4,4,4,4,4,4,4,4,4
22,382,14,5,5,5,5,5,5,5,5,5,5,5,5
22,383,14,5,5,5,5,5,5,5,5,5,5,5,5
22,384,14,5,5,5,5,5,5,5,5,5,5,5,5
22,385,14,5,5,5,5,5,5,5,5,5,5,5,5
22,386,14,5,5,5,5,5,5,5,5,5,5,5,5
22,387,14,5,5,5,5,5,5,5,5,5,5,5,5
22,388,14,5,5,5,5,5,5,5,5,5,5,5,5
22,389,14,5,5,5,5,5,5,5,5,5,5,5,5
22,390,14,5,5,5,5,5,5,5,5,5,5,5,5
22,391,14,5,5,5,5,5,5,5,5,5,5,5,5
22,392,14,5,5,5,5,5,5,5,5,5,5,5,5
22,393,14,5,5,5,5,5,5,5,5,5,5,5,5
22,394,14,5,5,5,5,5,5,5,5,5,5,5,5
22,395,14,4,4,4,4,4,4,4,4,4,4,4,4
22,396,14,4,4,4,4,4,4,4,4,4,4,4,4
22,397,14,4,4,4,4,4,4,4,4,4,4,4,4
22,398,14,5,5,5,5,5,5,5,5,5,5,5,5
22,399,14,5,5,5,5,5,5,5,5,5,5,5,5
22,400,14,5,5,5,5,5,5,5,5,5,5,5,5
22,401,14,5,5,5,5,5,5,5,5,5,5,5,5
22,402,14,5,5,5,5,5,5,5,5,5,5,5,5
22,403,14,5,5,5,5,5,5,5,5,5,5,5,5
22,404,14,5,5,5,5,5,5,5,5,5,5,5,5
22,405,14,5,5,5,5,5,5,5,5,5,5,5,5
22,406,14,5,5,5,5,5,5,5,5,5,5,5,5
22,407,14,5,5,5,5,5,5,5,5,5,5,5,5
22,408,14,5,5,5,5,5,5,5,5,5,5,5,5
22,409,14,5,5,5,5,5,5,5,5,5,5,5,5
22,410,14,5,5,5,5,5,5,5,5,5,5,5,5
22,411,14,5,5,5,5,5,5,5,5,5,5,5,5
22,412,14,5,5,5,5,5,5,5,5,5,5,5,5
22,413,14,5,5,5,5,5,5,5,5,5,5,5,5
22,414,14,5,5,5,5,5,5,5,5,5,5,5,5
22,415,14,5,5,5,5,5,5,5,5,5,5,5,5
22,416,14,4,4,4,4,4,4,4,4,4,4,4,4
22,417,14,5,5,5,5,5,5,5,5,5,5,5,5
22,418,14,5,5,5,5,5,5,5,5,5,5,5,5
22,419,14,5,5,5,5,5,5,5,5,5,5,5,5
22,420,14,5,5,5,5,5,5,5,5,5,5,5,5
22,421,14,5,5,5,5,5,5,5,5,5,5,5,5
22,422,14,5,5,5,5,5,5,5,5,5,5,5,5
22,423,14,5,5,5,5,5,5,5,5,5,5,5,5
22,424,14,5,5,5,5,5,5,5,5,5,5,5,5
22,425,14,5,5,5,5,5,5,5,5,5,5,5,5
22,426,14,5,5,5,5,5,5,5,5,5,5,5,5
22,427,14,5,5,5,5,5,5,5,5,5,5,5,5
22,428,14,5,5,5,5,5,5,5,5,5,5,5,5
22,429,14,5,5,5,5,5,5,5,5,5,5,5,5
22,430,14,5,5,5,5,5,5,5,5,5,5,5,5
22,431,14,5,5,5,5,5,5,5,5,5,5,5,5
22,432,14,5,5,5,5,5,5,5,5,5,5,5,5
22,433,14,5,5,5,5,5,5,5,5,5,5,5,5
22,434,14,5,5,5,5,5,5,5,5,5,5,5,5
22,435,14,5,5,5,5,5,5,5,5,5,5,5,5
22,436,14,5,5,5,5,5,5,5,5,5,5,5,5
22,437,14,5,5,5,5,5,5,5,5,5,5,5,5
22,438,14,5,5,5,5,5,5,5,5,5,5,5,5
22,439,14,5,5,5,5,5,5,5,5,5,5,5,5
22,440,14,5,5,5,5,5,5,5,5,5,5,5,5
22,441,14,5,5,5,5,5,5,5,5,5,5,5,5
22,442,14,5,5,5,5,5,5,5,5,5,5,5,5
22,443,14,5,5,5,5,5,5,5,5,5,5,5,5
22,444,14,5,5,5,5,5,5,5,5,5,5,5,5
22,445,14,5,5,5,5,5,5,5,5,5,5,5,5
22,446,14,5,5,5,5,5,5,5,5,5,5,5,5
22,447,14,5,5,5,5,5,5,5,5,5,5,5,5
22,448,14,5,5,5,5,5,5,5,5,5,5,5,5
22,449,14,5,5,5,5,5,5,5,5,5,5,5,5
22,450,14,5,5,5,5,5,5,5,5,5,5,5,5
22,451,14,5,5,5,5,5,5,5,5,5,5,5,5
22,452,14,5,5,5,5,5,5,5,5,5,5,5,5
22,453,14,5,5,5,5,5,5,5,5,5,5,5,5
22,454,14,5,5,5,5,5,5,5,5,5,5,5,5
22,455,14,5,5,5,5,5,5,5,5,5,5,5,5
22,456,14,5,5,5,5,5,5,5,5,5,5,5,5
22,457,14,5,5,5,5,5,5,5,5,5,5,5,5
22,458,14,5,5,5,5,5,5,5,5,5,5,5,5
22,459,14,5,5,5,5,5,5,5,5,5,5,5,5
22,460,14,5,5,5,5,5,5,5,5,5,5,5,5
22,461,14,5,5,5,5,5,5,5,5,5,5,5,5
22,462,14,5,5,5,5,5,5,5,5,5,5,5,5
22,463,14,5,5,5,5,5,5,5,5,5,5,5,5
22,464,14,5,5,5,5,5,5,5,5,5,5,5,5
22,465,14,5,5,5,5,5,5,5,5,5,5,5,5
22,466,14,5,5,5,5,5,5,5,5,5,5,5,5
22,467,14,5,5,5,5,5,5,5,5,5,5,5,5
22,468,14,5,5,5,5,5,5,5,5,5,5,5,5
22,469,14,5,5,5,5,5,5,5,5,5,5,5,5
22,470,14,5,5,5,5,5,5,5,5,5,5,5,5
22,471,14,5,5,5,5,5,5,5,5,5,5,5,5
22,472,14,5,5,5,5,5,5,5,5,5,5,5,5
22,473,14,5,5,5,5,5,5,5,5,5,5,5,5
22,474,14,5,5,5,5,5,5,5,5,5,5,5,5
22,475,14,5,5,5,5,5,5,5,5,5,5,5,5
22,476,14,5,5,5,5,5,5,5,5,5,5,5,5
22,477,14,5,5,5,5,5,5,5,5,5,5,5,5
22,478,14,5,5,5,5,5,5,5,5,5,5,5,5
22,479,14,5,5,5,5,5,5,5,5,5,5,5,5
22,480,14,5,5,5,5,5,5,5,5,5,5,5,5
22,481,14,5,5,5,5,5,5,5,5,5,5,5,5
22,482,14,5,5,5,5,5,5,5,5,5,5,5,5
22,483,14,5,5,5,5,5,5,5,5,5,5,5,5
22,484,14,5,5,5,5,5,5,5,5,5,5,5,5
22,485,14,5,5,5,5,5,5,5,5,5,5,5,5
22,486,14,5,5,5,5,5,5,5,5,5,5,5,5
22,487,14,5,5,5,5,5,5,5,5,5,5,5,5
22,488,14,5,5,5,5,5,5,5,5,5,5,5,5
22,489,14,5,5,5,5,5,5,5,5,5,5,5,5
22,490,14,5,5,5,5,5,5,5,5,5,5,5,5
22,491,14,5,5,5,5,5,5,5,5,5,5,5,5
22,492,14,5,5,5,5,5,5,5,5,5,5,5,5
22,493,14,5,5,5,5,5,5,5,5,5,5,5,5
22,494,14,5,5,5,5,5,5,5,5,5,5,5,5
22,495,14,5,5,5,5,5,5,5,5,5,5,5,5
22,496,14,5,5,5,5,5,5,5,5,5,5,5,5
22,497,14,5,5,5,5,5,5,5,5,5,5,5,5
22,498,14,5,5,5,5,5,5,5,5,5,5,5,5
22,499,14,5,5,5,5,5,5,5,5,5,5,5,5
22,500,14,5,5,5,5,5,5,5,5,5,5,5,5
22,501,14,5,5,5,5,5,5,5,5,5,5,5,5
22,502,14,5,5,5,5,5,5,5,5,5,5,5,5
22,503,14,5,5,5,5,5,5,5,5,5,5,5,5
22,504,14,5,5,5,5,5,5,5,5,5,5,5,5
22,505,14,5,5,5,5,5,5,5,5,5,5,5,5
22,506,14,5,5,5,5,5,5,5,5,5,5,5,5
22,507,14,5,5,5,5,5,5,5,5,5,5,5,5
22,508,14,5,5,5,5,5,5,5,5,5,5,5,5
22,509,14,5,5,5,5,5,5,5,5,5,5,5,5
22,510,14,5,5,5,5,5,5,5,5,5,5,5,5
22,511,14,5,5,5,5,5,5,5,5,5,5,5,5
22,512,14,5,5,5,5,5,5,5,5,5,5,5,5
22,513,14,5,5,5,5,5,5,5,5,5,5,5,5
22,514,14,5,5,5,5,5,5,5,5,5,5,5,5
22,515,14,5,5,5,5,5,5,5,5,5,5,5,5
22,516,14,4,4,4,4,4,4,4,4,4,4,4,4
22,517,14,4,4,4,4,4,4,4,4,4,4,4,4
22,518,14,4,4,4,4,4,4,4,4,4,4,4,4
22,519,14,4,4,4,4,4,4,4,4,4,4,4,4
22,520,14,4,4,4,4,4,4,4,4,4,4,4,4
22,521,14,4,4,4,4,4,4,4,4,4,4,4,4
22,522,14,4,4,4,4,4,4,4,4,4,4,4,4
22,523,14,4,4,4,4,4,4,4,4,4,4,4,4
22,524,14,4,4,4,4,4,4,4,4,4,4,4,4
22,525,14,4,4,4,4,4,4,4,4,4,4,4,4
22,526,14,4,4,4,4,4,4,4,4,4,4,4,4
22,527,14,4,4,4,4,4,4,4,4,4,4,4,4
22,528,14,4,4,4,4,4,4,4,4,4,4,4,4
22,529,14,4,4,4,4,4,4,4,4,4,4,4,4
22,530,14,4,4,4,4,4,4,4,4,4,4,4,4
22,531,14,4,4,4,4,4,4,4,4,4,4,4,4
22,532,14,4,4,4,4,4,4,4,4,4,4,4,4
22,533,14,4,4,4,4,4,4,4,4,4,4,4,4
22,534,14,4,4,4,4,4,4,4,4,4,4,4,4
22,535,14,4,4,4,4,4,4,4,4,4,4,4,4
22,536,14,4,4,4,4,4,4,4,4,4,4,4,4
22,537,14,4,4,4,4,4,4,4,4,4,4,4,4
22,538,14,4,4,4,4,4,4,4,4,4,4,4,4
22,539,14,4,4,4,4,4,4,4,4,4,4,4,4
22,540,14,4,4,4,4,4,4,4,4,4,4,4,4
22,541,14,4,4,4,4,4,4,4,4,4,4,4,4
22,542,14,4,4,4,4,4,4,4,4,4,4,4,4
22,543,14,4,4,4,4,4,4,4,4,4,4,4,4
22,544,14,4,4,4,4,4,4,4,4,4,4,4,4
22,545,14,4,4,4,4,4,4,4,4,4,4,4,4
22,546,14,4,4,4,4,4,4,4,4,4,4,4,4
22,547,14,4,4,4,4,4,4,4,4,4,4,4,4
22,548,14,4,4,4,4,4,4,4,4,4,4,4,4
22,549,14,4,4,4,4,4,4,4,4,4,4,4,4
22,550,14,5,5,5,5,5,5,5,5,5,5,5,5
22,552,14,4,4,4,4,4,4,4,4,4,4,4,4
22,553,14,4,4,4,4,4,4,4,4,4,4,4,4
22,554,14,5,5,5,5,5,5,5,5,5,5,5,5
22,555,10,1,1,1,1,1,1,1,1,1,1,1,1
22,556,15,2,2,2,2,2,2,2,2,2,2,2,2
22,557,15,2,2,2,2,2,2,2,2,2,2,2,2
22,558,15,2,2,2,2,2,2,2,2,2,2,2,2
22,559,15,2,2,2,2,2,2,2,2,2,2,2,2
22,560,15,2,2,2,2,2,2,2,2,2,2,2,2
22,561,15,2,2,2,2,2,2,2,2,2,2,2,2
22,562,15,2,2,2,2,2,2,2,2,2,2,2,2
22,563,16,3,3,3,3,3,3,3,3,3,3,3,3
22,564,16,3,3,3,3,3,3,3,3,3,3,3,3
22,565,16,3,3,3,3,3,3,3,3,3,3,3,3
22,567,16,3,3,3,3,3,3,3,3,3,3,3,3
22,568,16,3,3,3,3,3,3,3,3,3,3,3,3
22,569,16,3,3,3,3,3,3,3,3,3,3,3,3
22,570,16,3,3,3,3,3,3,3,3,3,3,3,3
22,571,16,3,3,3,3,3,3,3,3,3,3,3,3
22,572,16,3,3,3,3,3,3,3,3,3,3,3,3
22,573,16,3,3,3,3,3,3,3,3,3,3,3,3
22,574,16,3,3,3,3,3,3,3,3,3,3,3,3
22,575,16,3,3,3,3,3,3,3,3,3,3,3,3
22,576,16,3,3,3,3,3,3,3,3,3,3,3,3
22,577,16,3,3,3,3,3,3,3,3,3,3,3,3
22,578,16,3,3,3,3,3,3,3,3,3,3,3,3
22,579,16,3,3,3,3,3,3,3,3,3,3,3,3
22,580,16,3,3,3,3,3,3,3,3,3,3,3,3
22,581,16,3,3,3,3,3,3,3,3,3,3,3,3
22,582,16,3,3,3,3,3,3,3,3,3,3,3,3
22,583,16,3,3,3,3,3,3,3,3,3,3,3,3
22,584,16,3,3,3,3,3,3,3,3,3,3,3,3
22,585,16,3,3,3,3,3,3,3,3,3,3,3,3
22,586,16,3,3,3,3,3,3,3,3,3,3,3,3
22,587,16,3,3,3,3,3,3,3,3,3,3,3,3
22,588,16,3,3,3,3,3,3,3,3,3,3,3,3
22,589,16,3,3,3,3,3,3,3,3,3,3,3,3
22,590,16,3,3,3,3,3,3,3,3,3,3,3,3
22,591,16,3,3,3,3,3,3,3,3,3,3,3,3
22,592,16,3,3,3,3,3,3,3,3,3,3,3,3
22,593,16,3,3,3,3,3,3,3,3,3,3,3,3
22,594,16,3,3,3,3,3,3,3,3,3,3,3,3
22,595,16,3,3,3,3,3,3,3,3,3,3,3,3
22,596,16,3,3,3,3,3,3,3,3,3,3,3,3
22,597,16,3,3,3,3,3,3,3,3,3,3,3,3
22,598,16,3,3,3,3,3,3,3,3,3,3,3,3
22,599,16,3,3,3,3,3,3,3,3,3,3,3,3
22,600,16,3,3,3,3,3,3,3,3,3,3,3,3
22,601,16,3,3,3,3,3,3,3,3,3,3,3,3
22,602,16,3,3,3,3,3,3,3,3,3,3,3,3
22,603,16,3,3,3,3,3,3,3,3,3,3,3,3
22,604,16,3,3,3,3,3,3,3,3,3,3,3,3
22,605,16,3,3,3,3,3,3,3,3,3,3,3,3
22,606,16,3,3,3,3,3,3,3,3,3,3,3,3
22,607,16,3,3,3,3,3,3,3,3,3,3,3,3
22,608,16,3,3,3,3,3,3,3,3,3,3,3,3
22,609,16,3,3,3,3,3,3,3,3,3,3,3,3
22,610,16,3,3,3,3,3,3,3,3,3,3,3,3
22,611,16,3,3,3,3,3,3,3,3,3,3,3,3
22,612,16,3,3,3,3,3,3,3,3,3,3,3,3
22,613,16,3,3,3,3,3,3,3,3,3,3,3,3
22,614,16,3,3,3,3,3,3,3,3,3,3,3,3
22,615,16,3,3,3,3,3,3,3,3,3,3,3,3
22,616,16,3,3,3,3,3,3,3,3,3,3,3,3
22,617,16,3,3,3,3,3,3,3,3,3,3,3,3
22,618,16,3,3,3,3,3,3,3,3,3,3,3,3
22,619,16,3,3,3,3,3,3,3,3,3,3,3,3
22,620,16,3,3,3,3,3,3,3,3,3,3,3,3
22,621,16,3,3,3,3,3,3,3,3,3,3,3,3
22,622,16,3,3,3,3,3,3,3,3,3,3,3,3
22,623,16,3,3,3,3,3,3,3,3,3,3,3,3
22,624,16,3,3,3,3,3,3,3,3,3,3,3,3
22,625,16,3,3,3,3,3,3,3,3,3,3,3,3
22,626,16,3,3,3,3,3,3,3,3,3,3,3,3
22,627,16,3,3,3,3,3,3,3,3,3,3,3,3
22,628,16,3,3,3,3,3,3,3,3,3,3,3,3
22,629,16,3,3,3,3,3,3,3,3,3,3,3,3
22,630,16,3,3,3,3,3,3,3,3,3,3,3,3
22,631,16,3,3,3,3,3,3,3,3,3,3,3,3
22,632,16,3,3,3,3,3,3,3,3,3,3,3,3
22,633,16,3,3,3,3,3,3,3,3,3,3,3,3
22,634,16,3,3,3,3,3,3,3,3,3,3,3,3
22,635,16,3,3,3,3,3,3,3,3,3,3,3,3
22,636,16,3,3,3,3,3,3,3,3,3,3,3,3
22,637,16,3,3,3,3,3,3,3,3,3,3,3,3
22,638,16,3,3,3,3,3,3,3,3,3,3,3,3
22,639,16,3,3,3,3,3,3,3,3,3,3,3,3
22,640,16,3,3,3,3,3,3,3,3,3,3,3,3
22,641,16,3,3,3,3,3,3,3,3,3,3,3,3
22,642,16,3,3,3,3,3,3,3,3,3,3,3,3
22,643,16,3,3,3,3,3,3,3,3,3,3,3,3
22,644,17,3,3,3,3,3,3,3,3,3,3,3,3
22,645,17,3,3,3,3,3,3,3,3,3,3,3,3
22,646,17,3,3,3,3,3,3,3,3,3,3,3,3
22,647,17,3,3,3,3,3,3,3,3,3,3,3,3
22,648,17,3,3,3,3,3,3,3,3,3,3,3,3
22,649,17,3,3,3,3,3,3,3,3,3,3,3,3
22,650,17,3,3,3,3,3,3,3,3,3,3,3,3
22,651,17,3,3,3,3,3,3,3,3,3,3,3,3
22,652,17,3,3,3,3,3,3,3,3,3,3,3,3
22,653,17,3,3,3,3,3,3,3,3,3,3,3,3
22,654,17,3,3,3,3,3,3,3,3,3,3,3,3
22,655,17,3,3,3,3,3,3,3,3,3,3,3,3
22,656,17,3,3,3,3,3,3,3,3,3,3,3,3
22,657,17,3,3,3,3,3,3,3,3,3,3,3,3
22,658,17,3,3,3,3,3,3,3,3,3,3,3,3
22,659,17,3,3,3,3,3,3,3,3,3,3,3,3
22,660,17,3,3,3,3,3,3,3,3,3,3,3,3
22,661,17,3,3,3,3,3,3,3,3,3,3,3,3
22,662,17,3,3,3,3,3,3,3,3,3,3,3,3
22,663,17,3,3,3,3,3,3,3,3,3,3,3,3
22,664,17,3,3,3,3,3,3,3,3,3,3,3,3
22,665,17,3,3,3,3,3,3,3,3,3,3,3,3
22,666,17,3,3,3,3,3,3,3,3,3,3,3,3
22,667,17,3,3,3,3,3,3,3,3,3,3,3,3
22,668,17,3,3,3,3,3,3,3,3,3,3,3,3
22,669,17,3,3,3,3,3,3,3,3,3,3,3,3
22,670,17,3,3,3,3,3,3,3,3,3,3,3,3
22,671,17,3,3,3,3,3,3,3,3,3,3,3,3
22,672,17,3,3,3,3,3,3,3,3,3,3,3,3
22,673,17,3,3,3,3,3,3,3,3,3,3,3,3
22,674,18,2,2,2,2,2,2,2,2,2,2,2,2
22,675,18,2,2,2,2,2,2,2,2,2,2,2,2
22,676,18,2,2,2,2,2,2,2,2,2,2,2,2
22,677,18,2,2,2,2,2,2,2,2,2,2,2,2
22,678,18,2,2,2,2,2,2,2,2,2,2,2,2
22,679,18,2,2,2,2,2,2,2,2,2,2,2,2
22,680,18,2,2,2,2,2,2,2,2,2,2,2,2
22,681,18,2,2,2,2,2,2,2,2,2,2,2,2
22,682,18,2,2,2,2,2,2,2,2,2,2,2,2
22,683,18,2,2,2,2,2,2,2,2,2,2,2,2
22,684,18,2,2,2,2,2,2,2,2,2,2,2,2
22,685,18,2,2,2,2,2,2,2,2,2,2,2,2
22,686,18,2,2,2,2,2,2,2,2,2,2,2,2
22,687,18,2,2,2,2,2,2,2,2,2,2,2,2
22,688,5,1,1,1,1,1,1,1,1,1,1,1,1
22,689,5,1,1,1,1,1,1,1,1,1,1,1,1
22,690,5,1,1,1,1,1,1,1,1,1,1,1,1
22,691,14,5,5,5,5,5,5,5,5,5,5,5,5
22,692,14,5,5,5,5,5,5,5,5,5,5,5,5
22,693,14,5,5,5,5,5,5,5,5,5,5,5,5
22,694,5,1,1,1,1,1,1,1,1,1,1,1,1
22,695,5,1,1,1,1,1,1,1,1,1,1,1,1
22,696,14,4,4,4,4,4,4,4,4,4,4,4,4
22,697,14,5,5,5,5,5,5,5,5,5,5,5,5
22,698,14,5,5,5,5,5,5,5,5,5,5,5,5
22,699,14,4,4,4,4,4,4,4,4,4,4,4,4
22,700,14,4,4,4,4,4,4,4,4,4,4,4,4
22,701,14,4,4,4,4,4,4,4,4,4,4,4,4
22,702,14,4,4,4,4,4,4,4,4,4,4,4,4
22,703,14,4,4,4,4,4,4,4,4,4,4,4,4
22,704,14,5,5,5,5,5,5,5,5,5,5,5,5
22,705,14,5,5,5,5,5,5,5,5,5,5,5,5
22,706,14,5,5,5,5,5,5,5,5,5,5,5,5
22,707,14,5,5,5,5,5,5,5,5,5,5,5,5
22,708,14,5,5,5,5,5,5,5,5,5,5,5,5
22,709,14,5,5,5,5,5,5,5,5,5,5,5,5
22,710,14,5,5,5,5,5,5,5,5,5,5,5,5
22,711,14,5,5,5,5,5,5,5,5,5,5,5,5
22,712,14,5,5,5,5,5,5,5,5,5,5,5,5
22,713,14,5,5,5,5,5,5,5,5,5,5,5,5
22,714,14,5,5,5,5,5,5,5,5,5,5,5,5
22,715,14,5,5,5,5,5,5,5,5,5,5,5,5
22,716,14,5,5,5,5,5,5,5,5,5,5,5,5
22,717,14,5,5,5,5,5,5,5,5,5,5,5,5
22,718,14,5,5,5,5,5,5,5,5,5,5,5,5
22,719,14,5,5,5,5,5,5,5,5,5,5,5,5
22,720,14,5,5,5,5,5,5,5,5,5,5,5,5
22,721,14,5,5,5,5,5,5,5,5,5,5,5,5
22,722,14,5,5,5,5,5,5,5,5,5,5,5,5
22,723,14,5,5,5,5,5,5,5,5,5,5,5,5
22,724,14,5,5,5,5,5,5,5,5,5,5,5,5
22,725,14,5,5,5,5,5,5,5,5,5,5,5,5
22,726,14,5,5,5,5,5,5,5,5,5,5,5,5
22,727,14,4,4,4,4,4,4,4,4,4,4,4,4
22,728,14,4,4,4,4,4,4,4,4,4,4,4,4
22,729,14,4,4,4,4,4,4,4,4,4,4,4,4
22,730,14,4,4,4,4,4,4,4,4,4,4,4,4
22,731,14,4,4,4,4,4,4,4,4,4,4,4,4
22,732,14,4,4,4,4,4,4,4,4,4,4,4,4
22,733,14,4,4,4,4,4,4,4,4,4,4,4,4
22,734,14,4,4,4,4,4,4,4,4,4,4,4,4
22,735,14,4,4,4,4,4,4,4,4,4,4,4,4
22,736,14,4,4,4,4,4,4,4,4,4,4,4,4
22,737,14,4,4,4,4,4,4,4,4,4,4,4,4
22,738,14,4,4,4,4,4,4,4,4,4,4,4,4
22,739,14,4,4,4,4,4,4,4,4,4,4,4,4
22,740,14,4,4,4,4,4,4,4,4,4,4,4,4
22,741,14,4,4,4,4,4,4,4,4,4,4,4,4
22,742,14,4,4,4,4,4,4,4,4,4,4,4,4
22,743,14,4,4,4,4,4,4,4,4,4,4,4,4
22,744,14,4,4,4,4,4,4,4,4,4,4,4,4
22,745,14,4,4,4,4,4,4,4,4,4,4,4,4
22,746,14,4,4,4,4,4,4,4,4,4,4,4,4
22,747,14,4,4,4,4,4,4,4,4,4,4,4,4
22,748,14,4,4,4,4,4,4,4,4,4,4,4,4
22,749,14,4,4,4,4,4,4,4,4,4,4,4,4
22,750,14,4,4,4,4,4,4,4,4,4,4,4,4
22,751,14,4,4,4,4,4,4,4,4,4,4,4,4
22,752,14,4,4,4,4,4,4,4,4,4,4,4,4
22,753,14,4,4,4,4,4,4,4,4,4,4,4,4
22,754,14,4,4,4,4,4,4,4,4,4,4,4,4
22,755,14,4,4,4,4,4,4,4,4,4,4,4,4
22,756,14,4,4,4,4,4,4,4,4,4,4,4,4
22,757,14,4,4,4,4,4,4,4,4,4,4,4,4
22,758,14,4,4,4,4,4,4,4,4,4,4,4,4
22,759,14,4,4,4,4,4,4,4,4,4,4,4,4
22,760,10,1,1,1,1,1,1,1,1,1,1,1,1
22,761,10,1,1,1,1,1,1,1,1,1,1,1,1
22,762,10,1,1,1,1,1,1,1,1,1,1,1,1
22,763,10,1,1,1,1,1,1,1,1,1,1,1,1
22,764,5,1,1,1,1,1,1,1,1,1,1,1,1
22,765,5,1,1,1,1,1,1,1,1,1,1,1,1
22,766,5,1,1,1,1,1,1,1,1,1,1,1,1
22,767,5,1,1,1,1,1,1,1,1,1,1,1,1
22,768,5,1,1,1,1,1,1,1,1,1,1,1,1
22,769,5,1,1,1,1,1,1,1,1,1,1,1,1
22,770,5,1,1,1,1,1,1,1,1,1,1,1,1
22,771,5,1,1,1,1,1,1,1,1,1,1,1,1
22,772,5,1,1,1,1,1,1,1,1,1,1,1,1
22,773,5,1,1,1,1,1,1,1,1,1,1,1,1
22,774,5,1,1,1,1,1,1,1,1,1,1,1,1
22,775,5,1,1,1,1,1,1,1,1,1,1,1,1
22,776,5,1,1,1,1,1,1,1,1,1,1,1,1
22,777,5,1,1,1,1,1,1,1,1,1,1,1,1
22,778,5,1,1,1,1,1,1,1,1,1,1,1,1
22,779,5,1,1,1,1,1,1,1,1,1,1,1,1
22,780,5,1,1,1,1,1,1,1,1,1,1,1,1
22,781,5,1,1,1,1,1,1,1,1,1,1,1,1
22,782,5,1,1,1,1,1,1,1,1,1,1,1,1
22,783,5,1,1,1,1,1,1,1,1,1,1,1,1
22,784,5,1,1,1,1,1,1,1,1,1,1,1,1
22,785,5,1,1,1,1,1,1,1,1,1,1,1,1
22,786,5,1,1,1,1,1,1,1,1,1,1,1,1
22,787,5,1,1,1,1,1,1,1,1,1,1,1,1
22,788,5,1,1,1,1,1,1,1,1,1,1,1,1
22,789,5,1,1,1,1,1,1,1,1,1,1,1,1
22,790,5,1,1,1,1,1,1,1,1,1,1,1,1
22,791,5,1,1,1,1,1,1,1,1,1,1,1,1
22,792,5,1,1,1,1,1,1,1,1,1,1,1,1
22,793,5,1,1,1,1,1,1,1,1,1,1,1,1
22,794,5,1,1,1,1,1,1,1,1,1,1,1,1
22,795,5,1,1,1,1,1,1,1,1,1,1,1,1
22,796,5,1,1,1,1,1,1,1,1,1,1,1,1
22,797,16,3,3,3,3,3,3,3,3,3,3,3,3
22,798,16,3,3,3,3,3,3,3,3,3,3,3,3
22,799,16,3,3,3,3,3,3,3,3,3,3,3,3
22,800,16,3,3,3,3,3,3,3,3,3,3,3,3
22,801,16,3,3,3,3,3,3,3,3,3,3,3,3
22,802,16,3,3,3,3,3,3,3,3,3,3,3,3
22,803,16,3,3,3,3,3,3,3,3,3,3,3,3
22,804,16,3,3,3,3,3,3,3,3,3,3,3,3
22,805,16,3,3,3,3,3,3,3,3,3,3,3,3
22,806,16,3,3,3,3,3,3,3,3,3,3,3,3
22,807,16,3,3,3,3,3,3,3,3,3,3,3,3
22,808,16,3,3,3,3,3,3,3,3,3,3,3,3
22,809,16,3,3,3,3,3,3,3,3,3,3,3,3
22,810,16,3,3,3,3,3,3,3,3,3,3,3,3
22,811,16,3,3,3,3,3,3,3,3,3,3,3,3
22,812,16,3,3,3,3,3,3,3,3,3,3,3,3
22,813,16,3,3,3,3,3,3,3,3,3,3,3,3
22,814,16,3,3,3,3,3,3,3,3,3,3,3,3
22,815,16,3,3,3,3,3,3,3,3,3,3,3,3
22,816,16,3,3,3,3,3,3,3,3,3,3,3,3
22,817,16,3,3,3,3,3,3,3,3,3,3,3,3
22,818,16,3,3,3,3,3,3,3,3,3,3,3,3
22,819,14,4,4,4,4,4,4,4,4,4,4,4,4
22,820,14,4,4,4,4,4,4,4,4,4,4,4,4
22,821,14,4,4,4,4,4,4,4,4,4,4,4,4
22,822,14,4,4,4,4,4,4,4,4,4,4,4,4
22,823,14,4,4,4,4,4,4,4,4,4,4,4,4
22,824,14,4,4,4,4,4,4,4,4,4,4,4,4
22,825,14,4,4,4,4,4,4,4,4,4,4,4,4
22,826,14,4,4,4,4,4,4,4,4,4,4,4,4
22,827,14,4,4,4,4,4,4,4,4,4,4,4,4
22,828,14,4,4,4,4,4,4,4,4,4,4,4,4
22,829,14,4,4,4,4,4,4,4,4,4,4,4,4
22,830,14,4,4,4,4,4,4,4,4,4,4,4,4
22,831,14,4,4,4,4,4,4,4,4,4,4,4,4
22,832,14,4,4,4,4,4,4,4,4,4,4,4,4
22,833,14,4,4,4,4,4,4,4,4,4,4,4,4
22,834,14,4,4,4,4,4,4,4,4,4,4,4,4
22,835,14,4,4,4,4,4,4,4,4,4,4,4,4
22,836,14,4,4,4,4,4,4,4,4,4,4,4,4
22,837,14,4,4,4,4,4,4,4,4,4,4,4,4
22,838,14,4,4,4,4,4,4,4,4,4,4,4,4
22,839,14,4,4,4,4,4,4,4,4,4,4,4,4
22,840,14,4,4,4,4,4,4,4,4,4,4,4,4
22,841,14,4,4,4,4,4,4,4,4,4,4,4,4
22,842,14,4,4,4,4,4,4,4,4,4,4,4,4
22,843,14,4,4,4,4,4,4,4,4,4,4,4,4
22,844,14,4,4,4,4,4,4,4,4,4,4,4,4
22,845,14,4,4,4,4,4,4,4,4,4,4,4,4
22,846,14,4,4,4,4,4,4,4,4,4,4,4,4
22,847,14,4,4,4,4,4,4,4,4,4,4,4,4
22,848,14,4,4,4,4,4,4,4,4,4,4,4,4
22,849,14,4,4,4,4,4,4,4,4,4,4,4,4
22,850,14,4,4,4,4,4,4,4,4,4,4,4,4
22,851,14,4,4,4,4,4,4,4,4,4,4,4,4
22,852,14,4,4,4,4,4,4,4,4,4,4,4,4
22,853,14,4,4,4,4,4,4,4,4,4,4,4,4
22,854,14,4,4,4,4,4,4,4,4,4,4,4,4
22,855,14,4,4,4,4,4,4,4,4,4,4,4,4
22,856,14,4,4,4,4,4,4,4,4,4,4,4,4
22,857,14,4,4,4,4,4,4,4,4,4,4,4,4
22,858,14,4,4,4,4,4,4,4,4,4,4,4,4
22,859,14,4,4,4,4,4,4,4,4,4,4,4,4
22,860,14,4,4,4,4,4,4,4,4,4,4,4,4
22,861,14,4,4,4,4,4,4,4,4,4,4,4,4
22,862,14,4,4,4,4,4,4,4,4,4,4,4,4
22,863,14,4,4,4,4,4,4,4,4,4,4,4,4
22,864,14,4,4,4,4,4,4,4,4,4,4,4,4
22,865,14,4,4,4,4,4,4,4,4,4,4,4,4
22,866,14,4,4,4,4,4,4,4,4,4,4,4,4
