edon,seccion,munn,escenario1,mc_clv1,morena_clv1,panal_clv1,pan_clv1,prd_clv1,pri_clv1,pt_clv1,pvem_clv1,escenario2,mc_clv2,morena_clv2,panal_clv2,pan_clv2,pes_clv2,prd_clv2,pri_clv2,pt_clv2,pvem_clv2,escenario3
31,1,1,1,1,1,1,1,1,1,1,1,1,1,1,1,1,1,1,1,1,1,1
31,2,1,1,1,1,1,1,1,1,1,1,1,1,1,1,1,1,1,1,1,1,1
31,3,1,1,1,1,1,1,1,1,1,1,1,1,1,1,1,1,1,1,1,1,1
31,4,1,1,1,1,1,1,1,1,1,1,1,1,1,1,1,1,1,1,1,1,1
31,5,1,1,1,1,1,1,1,1,1,1,1,1,1,1,1,1,1,1,1,1,1
31,6,1,1,1,1,1,1,1,1,1,1,1,1,1,1,1,1,1,1,1,1,1
31,7,2,2,2,1,2,2,2,2,2,2,2,2,2,2,2,2,2,2,2,2,2
31,8,2,2,2,1,2,2,2,2,2,2,2,2,2,2,2,2,2,2,2,2,2
31,9,2,2,2,1,2,2,2,2,2,2,2,2,2,2,2,2,2,2,2,2,2
31,10,2,2,2,1,2,2,2,2,2,2,2,2,2,2,2,2,2,2,2,2,2
31,11,2,2,2,1,2,2,2,2,2,2,2,2,2,2,2,2,2,2,2,2,2
31,12,2,2,2,1,2,2,2,2,2,2,2,2,2,2,2,2,2,2,2,2,2
31,13,2,2,2,1,2,2,2,2,2,2,2,2,2,2,2,2,2,2,2,2,2
31,14,3,2,2,1,2,2,2,1,2,1,2,1,1,1,1,1,1,1,1,1,1
31,15,3,2,2,1,2,2,2,1,2,1,2,1,1,1,1,1,1,1,1,1,1
31,16,3,2,2,1,2,2,2,1,2,1,2,1,1,1,1,1,1,1,1,1,1
31,17,3,2,2,1,2,2,2,1,2,1,2,1,1,1,1,1,1,1,1,1,1
31,18,3,2,2,1,2,2,2,1,2,1,2,1,1,1,1,1,1,1,1,1,1
31,20,4,1,1,2,1,1,1,2,1,2,1,2,2,2,2,2,2,2,2,2,2
31,21,4,1,1,2,1,1,1,2,1,2,1,2,2,2,2,2,2,2,2,2,2
31,22,4,1,1,2,1,1,1,2,1,2,1,2,2,2,2,2,2,2,2,2,2
31,23,4,1,1,2,1,1,1,2,1,2,1,2,2,2,2,2,2,2,2,2,2
31,24,4,1,1,2,1,1,1,2,1,2,1,2,2,2,2,2,2,2,2,2,2
31,25,5,1,1,3,1,1,1,2,1,2,1,2,2,2,2,2,2,2,2,2,2
31,26,5,1,1,3,1,1,1,2,1,2,1,2,2,2,2,2,2,2,2,2,2
31,27,6,3,3,3,3,3,3,3,3,3,3,3,3,3,3,3,3,3,3,3,3
31,28,6,3,3,3,3,3,3,3,3,3,3,3,3,3,3,3,3,3,3,3,3
31,29,6,3,3,3,3,3,3,3,3,3,3,3,3,3,3,3,3,3,3,3,3
31,30,6,3,3,3,3,3,3,3,3,3,3,3,3,3,3,3,3,3,3,3,3
31,31,6,3,3,3,3,3,3,3,3,3,3,3,3,3,3,3,3,3,3,3,3
31,32,6,3,3,3,3,3,3,3,3,3,3,3,3,3,3,3,3,3,3,3,3
31,33,7,1,1,2,1,1,1,2,1,2,1,2,2,2,2,2,2,2,2,2,2
31,34,7,1,1,2,1,1,1,2,1,2,1,2,2,2,2,2,2,2,2,2,2
31,35,7,1,1,2,1,1,1,2,1,2,1,2,2,2,2,2,2,2,2,2,2
31,36,7,1,1,2,1,1,1,2,1,2,1,2,2,2,2,2,2,2,2,2,2
31,37,8,3,3,3,3,3,3,3,3,3,3,3,3,3,3,3,3,3,3,3,3
31,38,8,3,3,3,3,3,3,3,3,3,3,3,3,3,3,3,3,3,3,3,3
31,39,8,3,3,3,3,3,3,3,3,3,3,3,3,3,3,3,3,3,3,3,3
31,40,8,3,3,3,3,3,3,3,3,3,3,3,3,3,3,3,3,3,3,3,3
31,41,9,3,3,3,3,3,3,2,3,3,3,2,2,2,2,2,2,2,2,2,2
31,42,9,3,3,3,3,3,3,2,3,3,3,2,2,2,2,2,2,2,2,2,2
31,43,9,3,3,3,3,3,3,2,3,3,3,2,2,2,2,2,2,2,2,2,2
31,44,9,3,3,3,3,3,3,2,3,3,3,2,2,2,2,2,2,2,2,2,2
31,45,9,3,3,3,3,3,3,2,3,3,3,2,2,2,2,2,2,2,2,2,2
31,46,9,3,3,3,3,3,3,2,3,3,3,2,2,2,2,2,2,2,2,2,2
31,47,10,2,2,1,2,2,2,1,2,1,2,1,1,1,1,1,1,1,1,1,1
31,48,10,2,2,1,2,2,2,1,2,1,2,1,1,1,1,1,1,1,1,1,1
31,49,10,2,2,1,2,2,2,1,2,1,2,1,1,1,1,1,1,1,1,1,1
31,50,11,1,1,2,1,1,1,2,1,2,1,2,2,2,2,2,2,2,2,2,2
31,51,11,1,1,2,1,1,1,2,1,2,1,2,2,2,2,2,2,2,2,2,2
31,52,11,1,1,2,1,1,1,2,1,2,1,2,2,2,2,2,2,2,2,2,2
31,53,11,1,1,2,1,1,1,2,1,2,1,2,2,2,2,2,2,2,2,2,2
31,54,12,3,3,3,3,3,3,3,3,3,3,3,3,3,3,3,3,3,3,3,3
31,55,12,3,3,3,3,3,3,3,3,3,3,3,3,3,3,3,3,3,3,3,3
31,56,12,3,3,3,3,3,3,3,3,3,3,3,3,3,3,3,3,3,3,3,3
31,57,12,3,3,3,3,3,3,3,3,3,3,3,3,3,3,3,3,3,3,3,3
31,58,12,3,3,3,3,3,3,3,3,3,3,3,3,3,3,3,3,3,3,3,3
31,59,13,1,1,2,1,1,1,2,1,2,1,2,2,2,2,2,2,2,2,2,2
31,60,13,1,1,2,1,1,1,2,1,2,1,2,2,2,2,2,2,2,2,2,2
31,61,13,1,1,2,1,1,1,2,1,2,1,2,2,2,2,2,2,2,2,2,2
31,62,13,1,1,2,1,1,1,2,1,2,1,2,2,2,2,2,2,2,2,2,2
31,63,13,1,1,2,1,1,1,2,1,2,1,2,2,2,2,2,2,2,2,2,2
31,64,13,1,1,2,1,1,1,2,1,2,1,2,2,2,2,2,2,2,2,2,2
31,65,14,3,3,3,3,3,3,3,3,3,3,3,3,3,3,3,3,3,3,3,3
31,66,14,3,3,3,3,3,3,3,3,3,3,3,3,3,3,3,3,3,3,3,3
31,67,15,2,2,1,2,2,2,1,2,2,2,1,1,1,1,1,1,1,1,1,1
31,68,15,2,2,1,2,2,2,1,2,2,2,1,1,1,1,1,1,1,1,1,1
31,69,15,2,2,1,2,2,2,1,2,2,2,1,1,1,1,1,1,1,1,1,1
31,70,16,2,2,1,2,2,2,1,2,1,2,1,1,1,1,1,1,1,1,1,1
31,71,17,3,3,3,3,3,3,3,3,3,3,3,3,3,3,3,3,3,3,3,3
31,72,17,3,3,3,3,3,3,3,3,3,3,3,3,3,3,3,3,3,3,3,3
31,73,17,3,3,3,3,3,3,3,3,3,3,3,3,3,3,3,3,3,3,3,3
31,74,17,3,3,3,3,3,3,3,3,3,3,3,3,3,3,3,3,3,3,3,3
31,75,18,2,2,1,2,2,2,1,2,1,2,1,1,1,1,1,1,1,1,1,1
31,76,18,2,2,1,2,2,2,1,2,1,2,1,1,1,1,1,1,1,1,1,1
31,77,18,2,2,1,2,2,2,1,2,1,2,1,1,1,1,1,1,1,1,1,1
31,78,19,3,3,3,3,3,3,3,3,3,3,3,3,3,3,3,3,3,3,3,3
31,79,19,3,3,3,3,3,3,3,3,3,3,3,3,3,3,3,3,3,3,3,3
31,80,19,3,3,3,3,3,3,3,3,3,3,3,3,3,3,3,3,3,3,3,3
31,81,19,3,3,3,3,3,3,3,3,3,3,3,3,3,3,3,3,3,3,3,3
31,82,19,3,3,3,3,3,3,3,3,3,3,3,3,3,3,3,3,3,3,3,3
31,83,19,3,3,3,3,3,3,3,3,3,3,3,3,3,3,3,3,3,3,3,3
31,84,19,3,3,3,3,3,3,3,3,3,3,3,3,3,3,3,3,3,3,3,3
31,85,19,3,3,3,3,3,3,3,3,3,3,3,3,3,3,3,3,3,3,3,3
31,86,19,3,3,3,3,3,3,3,3,3,3,3,3,3,3,3,3,3,3,3,3
31,87,19,3,3,3,3,3,3,3,3,3,3,3,3,3,3,3,3,3,3,3,3
31,88,19,3,3,3,3,3,3,3,3,3,3,3,3,3,3,3,3,3,3,3,3
31,89,19,3,3,3,3,3,3,3,3,3,3,3,3,3,3,3,3,3,3,3,3
31,90,19,3,3,3,3,3,3,3,3,3,3,3,3,3,3,3,3,3,3,3,3
31,91,20,1,1,2,1,1,1,2,1,2,1,2,2,2,2,2,2,2,2,2,2
31,92,20,1,1,2,1,1,1,2,1,2,1,2,2,2,2,2,2,2,2,2,2
31,93,21,3,3,3,3,3,3,3,3,3,3,3,3,3,3,3,3,3,3,3,3
31,94,21,3,3,3,3,3,3,3,3,3,3,3,3,3,3,3,3,3,3,3,3
31,95,21,3,3,3,3,3,3,3,3,3,3,3,3,3,3,3,3,3,3,3,3
31,96,21,3,3,3,3,3,3,3,3,3,3,3,3,3,3,3,3,3,3,3,3
31,97,21,3,3,3,3,3,3,3,3,3,3,3,3,3,3,3,3,3,3,3,3
31,98,21,3,3,3,3,3,3,3,3,3,3,3,3,3,3,3,3,3,3,3,3
31,99,22,3,3,3,3,3,3,3,3,3,3,3,3,3,3,3,3,3,3,3,3
31,101,22,3,3,3,3,3,3,3,3,3,3,3,3,3,3,3,3,3,3,3,3
31,102,22,3,3,3,3,3,3,3,3,3,3,3,3,3,3,3,3,3,3,3,3
31,103,23,1,1,1,1,1,1,1,1,1,1,1,1,1,1,1,1,1,1,1,1
31,104,23,1,1,1,1,1,1,1,1,1,1,1,1,1,1,1,1,1,1,1,1
31,105,23,1,1,1,1,1,1,1,1,1,1,1,1,1,1,1,1,1,1,1,1
31,106,24,2,2,1,2,2,2,1,2,1,2,1,1,1,1,1,1,1,1,1,1
31,107,24,2,2,1,2,2,2,1,2,1,2,1,1,1,1,1,1,1,1,1,1
31,108,25,2,2,1,2,2,2,1,2,1,2,1,1,1,1,1,1,1,1,1,1
31,109,25,2,2,1,2,2,2,1,2,1,2,1,1,1,1,1,1,1,1,1,1
31,110,26,1,1,2,1,1,1,2,1,2,1,2,2,2,2,2,2,2,2,2,2
31,111,26,1,1,2,1,1,1,2,1,2,1,2,2,2,2,2,2,2,2,2,2
31,112,26,1,1,2,1,1,1,2,1,2,1,2,2,2,2,2,2,2,2,2,2
31,113,26,1,1,2,1,1,1,2,1,2,1,2,2,2,2,2,2,2,2,2,2
31,114,27,3,3,3,3,3,3,3,3,3,3,3,3,3,3,3,3,3,3,3,3
31,115,27,3,3,3,3,3,3,3,3,3,3,3,3,3,3,3,3,3,3,3,3
31,116,27,3,3,3,3,3,3,3,3,3,3,3,3,3,3,3,3,3,3,3,3
31,117,27,3,3,3,3,3,3,3,3,3,3,3,3,3,3,3,3,3,3,3,3
31,118,27,3,3,3,3,3,3,3,3,3,3,3,3,3,3,3,3,3,3,3,3
31,120,28,3,3,3,3,3,3,3,3,3,3,3,3,3,3,3,3,3,3,3,3
31,121,28,3,3,3,3,3,3,3,3,3,3,3,3,3,3,3,3,3,3,3,3
31,122,29,3,3,3,3,3,3,3,3,3,3,3,3,3,3,3,3,3,3,3,3
31,123,29,3,3,3,3,3,3,3,3,3,3,3,3,3,3,3,3,3,3,3,3
31,124,29,3,3,3,3,3,3,3,3,3,3,3,3,3,3,3,3,3,3,3,3
31,125,29,3,3,3,3,3,3,3,3,3,3,3,3,3,3,3,3,3,3,3,3
31,126,29,3,3,3,3,3,3,3,3,3,3,3,3,3,3,3,3,3,3,3,3
31,127,30,3,3,3,3,3,3,3,3,3,3,3,3,3,3,3,3,3,3,3,3
31,128,30,3,3,3,3,3,3,3,3,3,3,3,3,3,3,3,3,3,3,3,3
31,129,30,3,3,3,3,3,3,3,3,3,3,3,3,3,3,3,3,3,3,3,3
31,130,30,3,3,3,3,3,3,3,3,3,3,3,3,3,3,3,3,3,3,3,3
31,131,31,3,3,3,3,3,3,3,3,3,3,3,3,3,3,3,3,3,3,3,3
31,132,31,3,3,3,3,3,3,3,3,3,3,3,3,3,3,3,3,3,3,3,3
31,133,31,3,3,3,3,3,3,3,3,3,3,3,3,3,3,3,3,3,3,3,3
31,134,32,3,3,3,3,3,3,3,3,3,3,3,3,3,3,3,3,3,3,3,3
31,135,32,3,3,3,3,3,3,3,3,3,3,3,3,3,3,3,3,3,3,3,3
31,136,32,3,3,3,3,3,3,3,3,3,3,3,3,3,3,3,3,3,3,3,3
31,137,32,3,3,3,3,3,3,3,3,3,3,3,3,3,3,3,3,3,3,3,3
31,138,32,3,3,3,3,3,3,3,3,3,3,3,3,3,3,3,3,3,3,3,3
31,139,32,3,3,3,3,3,3,3,3,3,3,3,3,3,3,3,3,3,3,3,3
31,140,32,3,3,3,3,3,3,3,3,3,3,3,3,3,3,3,3,3,3,3,3
31,141,32,3,3,3,3,3,3,3,3,3,3,3,3,3,3,3,3,3,3,3,3
31,142,33,1,1,1,1,1,1,1,1,1,1,1,1,1,1,1,1,1,1,1,1
31,143,33,1,1,1,1,1,1,1,1,1,1,1,1,1,1,1,1,1,1,1,1
31,144,33,1,1,1,1,1,1,1,1,1,1,1,1,1,1,1,1,1,1,1,1
31,145,33,1,1,1,1,1,1,1,1,1,1,1,1,1,1,1,1,1,1,1,1
31,146,33,1,1,1,1,1,1,1,1,1,1,1,1,1,1,1,1,1,1,1,1
31,147,33,1,1,1,1,1,1,1,1,1,1,1,1,1,1,1,1,1,1,1,1
31,148,33,1,1,1,1,1,1,1,1,1,1,1,1,1,1,1,1,1,1,1,1
31,149,33,1,1,1,1,1,1,1,1,1,1,1,1,1,1,1,1,1,1,1,1
31,150,33,1,1,1,1,1,1,1,1,1,1,1,1,1,1,1,1,1,1,1,1
31,151,33,1,1,1,1,1,1,1,1,1,1,1,1,1,1,1,1,1,1,1,1
31,152,34,1,1,1,1,1,1,2,1,2,1,2,2,2,2,2,2,2,2,2,2
31,153,34,1,1,1,1,1,1,2,1,2,1,2,2,2,2,2,2,2,2,2,2
31,154,34,1,1,1,1,1,1,2,1,2,1,2,2,2,2,2,2,2,2,2,2
31,155,34,1,1,1,1,1,1,2,1,2,1,2,2,2,2,2,2,2,2,2,2
31,156,34,1,1,1,1,1,1,2,1,2,1,2,2,2,2,2,2,2,2,2,2
31,157,35,1,1,3,1,1,1,2,1,2,1,2,2,2,2,2,2,2,2,2,2
31,158,35,1,1,3,1,1,1,2,1,2,1,2,2,2,2,2,2,2,2,2,2
31,159,35,1,1,3,1,1,1,2,1,2,1,2,2,2,2,2,2,2,2,2,2
31,160,35,1,1,3,1,1,1,2,1,2,1,2,2,2,2,2,2,2,2,2,2
31,161,35,1,1,3,1,1,1,2,1,2,1,2,2,2,2,2,2,2,2,2,2
31,162,36,2,2,1,2,2,2,1,2,2,2,1,1,1,1,1,1,1,1,1,1
31,163,36,2,2,1,2,2,2,1,2,2,2,1,1,1,1,1,1,1,1,1,1
31,164,36,2,2,1,2,2,2,1,2,2,2,1,1,1,1,1,1,1,1,1,1
31,165,36,2,2,1,2,2,2,1,2,2,2,1,1,1,1,1,1,1,1,1,1
31,166,36,2,2,1,2,2,2,1,2,2,2,1,1,1,1,1,1,1,1,1,1
31,167,36,2,2,1,2,2,2,1,2,2,2,1,1,1,1,1,1,1,1,1,1
31,168,37,2,2,1,2,2,2,1,2,2,2,1,1,1,1,1,1,1,1,1,1
31,169,37,2,2,1,2,2,2,1,2,2,2,1,1,1,1,1,1,1,1,1,1
31,170,37,2,2,1,2,2,2,1,2,2,2,1,1,1,1,1,1,1,1,1,1
31,171,37,2,2,1,2,2,2,1,2,2,2,1,1,1,1,1,1,1,1,1,1
31,172,38,1,1,2,1,1,1,2,1,2,1,2,2,2,2,2,2,2,2,2,2
31,173,38,1,1,2,1,1,1,2,1,2,1,2,2,2,2,2,2,2,2,2,2
31,174,38,1,1,2,1,1,1,2,1,2,1,2,2,2,2,2,2,2,2,2,2
31,175,38,1,1,2,1,1,1,2,1,2,1,2,2,2,2,2,2,2,2,2,2
31,176,38,1,1,2,1,1,1,2,1,2,1,2,2,2,2,2,2,2,2,2,2
31,177,38,1,1,2,1,1,1,2,1,2,1,2,2,2,2,2,2,2,2,2,2
31,178,38,1,1,2,1,1,1,2,1,2,1,2,2,2,2,2,2,2,2,2,2
31,179,38,1,1,2,1,1,1,2,1,2,1,2,2,2,2,2,2,2,2,2,2
31,180,38,1,1,2,1,1,1,2,1,2,1,2,2,2,2,2,2,2,2,2,2
31,181,38,1,1,2,1,1,1,2,1,2,1,2,2,2,2,2,2,2,2,2,2
31,182,38,1,1,2,1,1,1,2,1,2,1,2,2,2,2,2,2,2,2,2,2
31,183,38,1,1,2,1,1,1,2,1,2,1,2,2,2,2,2,2,2,2,2,2
31,184,38,1,1,2,1,1,1,2,1,2,1,2,2,2,2,2,2,2,2,2,2
31,185,38,1,1,2,1,1,1,2,1,2,1,2,2,2,2,2,2,2,2,2,2
31,186,38,1,1,2,1,1,1,2,1,2,1,2,2,2,2,2,2,2,2,2,2
31,187,39,1,1,2,1,1,1,2,1,2,1,2,2,2,2,2,2,2,2,2,2
31,188,39,1,1,2,1,1,1,2,1,2,1,2,2,2,2,2,2,2,2,2,2
31,189,40,3,3,3,3,3,3,3,3,3,3,3,3,3,3,3,3,3,3,3,3
31,190,40,3,3,3,3,3,3,3,3,3,3,3,3,3,3,3,3,3,3,3,3
31,191,40,3,3,3,3,3,3,3,3,3,3,3,3,3,3,3,3,3,3,3,3
31,192,40,3,3,3,3,3,3,3,3,3,3,3,3,3,3,3,3,3,3,3,3
31,193,40,3,3,3,3,3,3,3,3,3,3,3,3,3,3,3,3,3,3,3,3
31,194,40,3,3,3,3,3,3,3,3,3,3,3,3,3,3,3,3,3,3,3,3
31,195,40,3,3,3,3,3,3,3,3,3,3,3,3,3,3,3,3,3,3,3,3
31,196,40,3,3,3,3,3,3,3,3,3,3,3,3,3,3,3,3,3,3,3,3
31,197,40,3,3,3,3,3,3,3,3,3,3,3,3,3,3,3,3,3,3,3,3
31,198,40,3,3,3,3,3,3,3,3,3,3,3,3,3,3,3,3,3,3,3,3
31,199,40,3,3,3,3,3,3,3,3,3,3,3,3,3,3,3,3,3,3,3,3
31,200,40,3,3,3,3,3,3,3,3,3,3,3,3,3,3,3,3,3,3,3,3
31,201,40,3,3,3,3,3,3,3,3,3,3,3,3,3,3,3,3,3,3,3,3
31,202,40,3,3,3,3,3,3,3,3,3,3,3,3,3,3,3,3,3,3,3,3
31,203,40,3,3,3,3,3,3,3,3,3,3,3,3,3,3,3,3,3,3,3,3
31,204,41,2,2,2,2,2,2,2,2,2,2,2,2,2,2,2,2,2,2,2,2
31,205,41,2,2,2,2,2,2,2,2,2,2,2,2,2,2,2,2,2,2,2,2
31,206,41,2,2,2,2,2,2,2,2,2,2,2,2,2,2,2,2,2,2,2,2
31,207,41,2,2,2,2,2,2,2,2,2,2,2,2,2,2,2,2,2,2,2,2
31,208,41,2,2,2,2,2,2,2,2,2,2,2,2,2,2,2,2,2,2,2,2
31,209,41,2,2,2,2,2,2,2,2,2,2,2,2,2,2,2,2,2,2,2,2
31,210,41,2,2,2,2,2,2,2,2,2,2,2,2,2,2,2,2,2,2,2,2
31,211,41,2,2,2,2,2,2,2,2,2,2,2,2,2,2,2,2,2,2,2,2
31,212,41,2,2,2,2,2,2,2,2,2,2,2,2,2,2,2,2,2,2,2,2
31,213,41,2,2,2,2,2,2,2,2,2,2,2,2,2,2,2,2,2,2,2,2
31,214,41,2,2,2,2,2,2,2,2,2,2,2,2,2,2,2,2,2,2,2,2
31,215,41,2,2,2,2,2,2,2,2,2,2,2,2,2,2,2,2,2,2,2,2
31,216,41,2,2,2,2,2,2,2,2,2,2,2,2,2,2,2,2,2,2,2,2
31,217,41,2,2,2,2,2,2,2,2,2,2,2,2,2,2,2,2,2,2,2,2
31,218,41,2,2,2,2,2,2,2,2,2,2,2,2,2,2,2,2,2,2,2,2
31,219,41,2,2,2,2,2,2,2,2,2,2,2,2,2,2,2,2,2,2,2,2
31,220,41,2,2,2,2,2,2,2,2,2,2,2,2,2,2,2,2,2,2,2,2
31,221,41,2,2,2,2,2,2,2,2,2,2,2,2,2,2,2,2,2,2,2,2
31,222,41,2,2,2,2,2,2,2,2,2,2,2,2,2,2,2,2,2,2,2,2
31,223,41,2,2,2,2,2,2,2,2,2,2,2,2,2,2,2,2,2,2,2,2
31,224,42,3,3,1,3,3,3,3,3,3,3,3,3,3,3,3,3,3,3,3,3
31,225,42,3,3,1,3,3,3,3,3,3,3,3,3,3,3,3,3,3,3,3,3
31,226,42,3,3,1,3,3,3,3,3,3,3,3,3,3,3,3,3,3,3,3,3
31,227,43,3,3,3,3,3,3,3,3,3,3,3,3,3,3,3,3,3,3,3,3
31,228,44,1,1,2,1,1,1,2,1,2,1,2,2,2,2,2,2,2,2,2,2
31,229,44,1,1,2,1,1,1,2,1,2,1,2,2,2,2,2,2,2,2,2,2
31,230,44,1,1,2,1,1,1,2,1,2,1,2,2,2,2,2,2,2,2,2,2
31,231,44,1,1,2,1,1,1,2,1,2,1,2,2,2,2,2,2,2,2,2,2
31,232,45,1,1,1,1,1,1,1,1,1,1,1,1,1,1,1,1,1,1,1,1
31,233,45,1,1,1,1,1,1,1,1,1,1,1,1,1,1,1,1,1,1,1,1
31,234,46,2,2,1,2,2,2,1,2,1,2,1,1,1,1,1,1,1,1,1,1
31,235,46,2,2,1,2,2,2,1,2,1,2,1,1,1,1,1,1,1,1,1,1
31,236,47,2,2,1,2,2,2,1,2,1,2,1,1,1,1,1,1,1,1,1,1
31,237,47,2,2,1,2,2,2,1,2,1,2,1,1,1,1,1,1,1,1,1,1
31,238,47,2,2,1,2,2,2,1,2,1,2,1,1,1,1,1,1,1,1,1,1
31,239,48,1,1,1,1,1,1,1,1,1,1,1,1,1,1,1,1,1,1,1,1
31,240,48,1,1,1,1,1,1,1,1,1,1,1,1,1,1,1,1,1,1,1,1
31,241,48,1,1,1,1,1,1,1,1,1,1,1,1,1,1,1,1,1,1,1,1
31,242,48,1,1,1,1,1,1,1,1,1,1,1,1,1,1,1,1,1,1,1,1
31,243,48,1,1,1,1,1,1,1,1,1,1,1,1,1,1,1,1,1,1,1,1
31,244,48,1,1,1,1,1,1,1,1,1,1,1,1,1,1,1,1,1,1,1,1
31,245,48,1,1,1,1,1,1,1,1,1,1,1,1,1,1,1,1,1,1,1,1
31,246,48,1,1,1,1,1,1,1,1,1,1,1,1,1,1,1,1,1,1,1,1
31,247,48,1,1,1,1,1,1,1,1,1,1,1,1,1,1,1,1,1,1,1,1
31,248,48,1,1,1,1,1,1,1,1,1,1,1,1,1,1,1,1,1,1,1,1
31,249,48,1,1,1,1,1,1,1,1,1,1,1,1,1,1,1,1,1,1,1,1
31,250,48,1,1,1,1,1,1,1,1,1,1,1,1,1,1,1,1,1,1,1,1
31,251,48,1,1,1,1,1,1,1,1,1,1,1,1,1,1,1,1,1,1,1,1
31,252,49,2,2,1,2,2,2,1,2,1,2,1,1,1,1,1,1,1,1,1,1
31,253,49,2,2,1,2,2,2,1,2,1,2,1,1,1,1,1,1,1,1,1,1
31,254,50,5,5,4,5,5,5,5,5,4,5,5,5,5,5,5,5,5,5,5,5
31,255,50,5,4,4,5,5,4,5,4,4,5,5,5,5,5,5,5,5,5,5,5
31,256,50,5,4,4,5,5,4,5,4,4,5,5,5,5,5,5,5,5,5,5,5
31,257,50,5,4,4,5,5,4,5,4,4,5,5,5,5,5,5,5,5,5,5,5
31,258,50,5,4,4,5,5,4,5,4,4,5,5,5,5,5,5,5,5,5,5,5
31,259,50,5,4,4,5,5,4,5,4,4,5,5,5,5,5,5,5,5,5,5,5
31,260,50,5,4,4,5,5,4,5,4,4,5,5,5,5,5,5,5,5,5,5,5
31,261,50,5,4,4,5,5,4,5,4,4,5,5,5,5,5,5,5,5,5,5,5
31,262,50,5,4,4,5,5,4,5,4,4,5,5,5,5,5,5,5,5,5,5,5
31,263,50,5,4,4,5,5,4,5,4,4,5,5,5,5,5,5,5,5,5,5,5
31,264,50,5,4,4,5,5,4,5,4,4,5,5,5,5,5,5,5,5,5,5,5
31,265,50,5,4,4,5,5,4,5,4,4,5,5,5,5,5,5,5,5,5,5,5
31,266,50,5,4,4,5,5,4,5,4,4,5,5,5,5,5,5,5,5,5,5,5
31,267,50,5,4,4,5,5,4,5,4,4,5,5,5,5,5,5,5,5,5,5,5
31,268,50,5,5,5,5,5,5,5,5,4,5,5,5,5,5,5,5,5,5,5,5
31,270,50,5,5,5,5,5,5,5,5,4,5,5,5,5,5,5,5,5,5,5,5
31,271,50,5,5,5,5,5,5,5,5,4,5,5,5,5,5,5,5,5,5,5,5
31,272,50,5,4,4,5,5,4,5,4,4,5,5,5,5,5,5,5,5,5,5,5
31,273,50,5,4,4,5,5,4,5,4,4,5,5,5,5,5,5,5,5,5,5,5
31,274,50,5,4,4,5,5,4,5,4,4,5,5,5,5,5,5,5,5,5,5,5
31,275,50,5,4,4,5,5,4,5,4,4,5,5,5,5,5,5,5,5,5,5,5
31,276,50,5,4,4,5,5,4,5,4,4,5,5,5,5,5,5,5,5,5,5,5
31,277,50,5,4,4,5,5,4,5,4,4,5,5,5,5,5,5,5,5,5,5,5
31,278,50,5,4,4,5,5,4,5,4,4,5,5,5,5,5,5,5,5,5,5,5
31,279,50,5,4,4,5,5,4,5,4,4,5,5,5,5,5,5,5,5,5,5,5
31,280,50,5,4,4,5,5,4,5,4,4,5,5,5,5,5,5,5,5,5,5,5
31,281,50,5,4,4,5,5,4,5,4,4,5,5,5,5,5,5,5,5,5,5,5
31,282,50,5,4,4,5,5,4,5,4,4,5,5,5,5,5,5,5,5,5,5,5
31,283,50,5,4,4,5,5,4,5,4,4,5,5,5,5,5,5,5,5,5,5,5
31,284,50,5,4,4,5,5,4,5,4,4,5,5,5,5,5,5,5,5,5,5,5
31,285,50,5,5,5,5,5,5,5,5,4,5,5,5,5,5,5,5,5,5,5,5
31,286,50,5,5,5,5,5,5,5,5,4,5,5,5,5,5,5,5,5,5,5,5
31,287,50,5,5,5,5,5,5,5,5,4,5,5,5,5,5,5,5,5,5,5,5
31,288,50,5,5,5,5,5,5,5,5,4,5,5,5,5,5,5,5,5,5,5,5
31,289,50,5,5,5,5,5,5,5,5,4,5,5,5,5,5,5,5,5,5,5,5
31,290,50,5,5,5,5,5,5,5,5,4,5,5,5,5,5,5,5,5,5,5,5
31,291,50,5,5,5,5,5,5,5,5,4,5,5,5,5,5,5,5,5,5,5,5
31,292,50,5,5,5,5,5,5,5,5,4,5,5,5,5,5,5,5,5,5,5,5
31,293,50,5,5,5,5,5,5,5,5,4,5,5,5,5,5,5,5,5,5,5,5
31,294,50,5,5,5,5,5,5,5,5,4,5,5,5,5,5,5,5,5,5,5,5
31,295,50,5,5,5,5,5,5,5,5,4,5,5,5,5,5,5,5,5,5,5,5
31,296,50,5,4,4,5,5,4,5,4,4,5,5,5,5,5,5,5,5,5,5,5
31,297,50,5,4,4,5,5,4,5,4,4,5,5,5,5,5,5,5,5,5,5,5
31,298,50,5,4,4,5,5,4,5,4,4,5,5,5,5,5,5,5,5,5,5,5
31,299,50,5,4,4,5,5,4,5,4,4,5,5,5,5,5,5,5,5,5,5,5
31,300,50,5,4,4,5,5,4,5,4,4,5,5,5,5,5,5,5,5,5,5,5
31,301,50,5,4,4,5,5,4,5,4,4,5,5,5,5,5,5,5,5,5,5,5
31,302,50,5,4,4,5,5,4,5,4,4,5,5,5,5,5,5,5,5,5,5,5
31,303,50,5,4,4,5,5,4,5,4,4,5,5,5,5,5,5,5,5,5,5,5
31,304,50,5,4,4,5,5,4,5,4,4,5,5,5,5,5,5,5,5,5,5,5
31,305,50,5,4,4,5,5,4,5,4,4,5,5,5,5,5,5,5,5,5,5,5
31,306,50,5,4,4,5,5,4,5,4,4,5,5,5,5,5,5,5,5,5,5,5
31,307,50,5,4,4,5,5,4,5,4,4,5,5,5,5,5,5,5,5,5,5,5
31,308,50,5,5,5,5,5,5,5,5,4,5,4,4,4,4,4,4,4,4,4,4
31,309,50,5,5,5,5,5,5,5,5,4,5,4,4,4,4,4,4,4,4,4,4
31,310,50,5,5,5,5,5,5,5,5,4,5,4,4,4,4,4,4,4,4,4,4
31,311,50,5,5,5,5,5,5,5,5,4,5,4,4,4,4,4,4,4,4,4,4
31,312,50,5,5,5,5,5,5,5,5,4,5,4,4,4,4,4,4,4,4,4,4
31,313,50,5,5,5,5,5,5,5,5,4,5,4,4,4,4,4,4,4,4,4,4
31,314,50,5,5,5,5,5,5,5,5,4,5,5,5,5,5,5,5,5,5,5,5
31,315,50,5,5,5,5,5,5,5,5,4,5,5,5,5,5,5,5,5,5,5,5
31,316,50,5,5,5,5,5,5,5,5,4,5,5,5,5,5,5,5,5,5,5,5
31,317,50,5,4,4,5,5,4,5,4,4,5,5,5,5,5,5,5,5,5,5,5
31,318,50,5,4,4,5,5,4,5,4,4,5,5,5,5,5,5,5,5,5,5,5
31,319,50,5,4,4,5,5,4,5,4,4,5,5,5,5,5,5,5,5,5,5,5
31,320,50,5,4,4,5,5,4,5,4,4,5,5,5,5,5,5,5,5,5,5,5
31,321,50,5,4,4,5,5,4,5,4,5,5,5,5,5,5,5,5,5,5,5,5
31,322,50,5,4,4,5,5,4,5,4,5,5,5,5,5,5,5,5,5,5,5,5
31,323,50,5,4,4,5,5,4,5,4,4,5,5,5,5,5,5,5,5,5,5,5
31,324,50,5,4,4,5,5,4,5,4,5,5,5,5,5,5,5,5,5,5,5,5
31,325,50,5,4,4,5,5,4,5,4,5,5,5,5,5,5,5,5,5,5,5,5
31,326,50,5,4,4,5,5,4,5,4,5,5,5,5,5,5,5,5,5,5,5,5
31,327,50,5,4,4,5,5,4,5,4,5,5,5,5,5,5,5,5,5,5,5,5
31,328,50,5,4,4,5,5,4,5,4,5,5,5,5,5,5,5,5,5,5,5,5
31,329,50,5,4,4,5,5,4,5,4,5,5,5,5,5,5,5,5,5,5,5,5
31,330,50,5,4,4,5,5,4,5,4,5,5,5,5,5,5,5,5,5,5,5,5
31,331,50,5,4,4,5,5,4,5,4,4,5,5,5,5,5,5,5,5,5,5,5
31,332,50,5,4,4,5,5,4,5,4,4,5,5,5,5,5,5,5,5,5,5,5
31,333,50,5,4,4,5,5,4,5,4,4,5,5,5,5,5,5,5,5,5,5,5
31,334,50,5,4,4,5,5,4,5,4,4,5,5,5,5,5,5,5,5,5,5,5
31,335,50,5,4,4,5,5,4,5,4,4,5,5,5,5,5,5,5,5,5,5,5
31,336,50,5,5,5,5,5,5,5,5,4,5,5,5,5,5,5,5,5,5,5,5
31,337,50,5,5,5,5,5,5,5,5,4,5,5,5,5,5,5,5,5,5,5,5
31,338,50,5,5,5,5,5,5,5,5,4,5,5,5,5,5,5,5,5,5,5,5
31,339,50,5,5,5,5,5,5,5,5,4,5,4,4,4,4,4,4,4,4,4,4
31,340,50,5,5,5,5,5,5,5,5,4,5,4,4,4,4,4,4,4,4,4,4
31,341,50,5,5,5,5,5,5,5,5,4,5,4,4,4,4,4,4,4,4,4,4
31,342,50,5,5,5,5,5,5,5,5,4,5,4,4,4,4,4,4,4,4,4,4
31,343,50,5,5,5,5,5,5,5,5,4,5,4,4,4,4,4,4,4,4,4,4
31,344,50,5,5,5,5,5,5,5,5,4,5,4,4,4,4,4,4,4,4,4,4
31,345,50,5,5,5,5,5,5,5,5,4,5,4,4,4,4,4,4,4,4,4,4
31,346,50,5,5,5,5,5,5,5,5,4,5,4,4,4,4,4,4,4,4,4,4
31,347,50,5,5,5,5,5,5,5,5,4,5,4,4,4,4,4,4,4,4,4,4
31,348,50,5,5,5,5,5,5,5,5,4,5,4,4,4,4,4,4,4,4,4,4
31,349,50,5,5,5,5,5,5,5,5,4,5,4,4,4,4,4,4,4,4,4,4
31,350,50,5,5,5,5,5,5,5,5,4,5,4,4,4,4,4,4,4,4,4,4
31,351,50,5,5,5,5,5,5,5,5,4,5,4,4,4,4,4,4,4,4,4,4
31,352,50,5,5,5,5,5,5,5,5,4,5,4,4,4,4,4,4,4,4,4,4
31,353,50,5,5,4,5,5,4,5,4,5,5,5,5,5,5,5,5,5,5,5,5
31,354,50,5,4,4,5,5,4,5,4,5,5,5,5,5,5,5,5,5,5,5,5
31,355,50,5,4,4,5,5,4,5,4,5,5,5,5,5,5,5,5,5,5,5,5
31,356,50,5,4,4,5,5,4,5,4,5,5,5,5,5,5,5,5,5,5,5,5
31,357,50,5,4,4,5,5,4,5,4,5,5,5,5,5,5,5,5,5,5,5,5
31,358,50,5,4,4,5,5,4,5,4,5,5,5,5,5,5,5,5,5,5,5,5
31,359,50,5,4,4,5,5,4,5,4,5,5,5,5,5,5,5,5,5,5,5,5
31,360,50,5,4,4,5,5,4,5,4,5,5,5,5,5,5,5,5,5,5,5,5
31,361,50,5,4,4,5,5,4,5,4,5,5,5,5,5,5,5,5,5,5,5,5
31,362,50,5,4,4,5,5,4,5,4,5,5,5,5,5,5,5,5,5,5,5,5
31,363,50,5,4,4,5,5,4,5,4,5,5,5,5,5,5,5,5,5,5,5,5
31,364,50,5,5,4,5,5,4,5,4,5,5,5,5,5,5,5,5,5,5,5,5
31,365,50,5,5,5,5,5,5,5,5,5,5,4,4,4,4,4,4,4,4,4,4
31,366,50,5,5,5,5,5,5,5,5,4,5,4,4,4,4,4,4,4,4,4,4
31,367,50,5,5,5,5,5,5,5,5,4,5,4,4,4,4,4,4,4,4,4,4
31,368,50,5,5,5,5,5,5,5,5,4,5,4,4,4,4,4,4,4,4,4,4
31,369,50,5,5,5,5,5,5,5,5,4,5,4,4,4,4,4,4,4,4,4,4
31,370,50,5,5,5,5,5,5,5,5,4,5,4,4,4,4,4,4,4,4,4,4
31,371,50,5,5,5,5,5,5,5,5,4,5,4,4,4,4,4,4,4,4,4,4
31,372,50,5,5,5,5,5,5,5,5,4,5,4,4,4,4,4,4,4,4,4,4
31,373,50,5,5,5,5,5,5,5,5,4,5,4,4,4,4,4,4,4,4,4,4
31,374,50,5,5,5,5,5,5,5,5,4,5,4,4,4,4,4,4,4,4,4,4
31,375,50,5,5,5,5,5,5,5,5,4,5,4,4,4,4,4,4,4,4,4,4
31,376,50,5,5,5,5,5,5,5,5,4,5,4,4,4,4,4,4,4,4,4,4
31,377,50,5,5,5,5,5,5,5,5,4,5,4,4,4,4,4,4,4,4,4,4
31,378,50,5,5,5,5,5,5,5,5,4,5,4,4,4,4,4,4,4,4,4,4
31,379,50,5,5,5,5,5,5,5,5,4,5,4,4,4,4,4,4,4,4,4,4
31,380,50,5,5,5,5,5,5,5,5,4,5,4,4,4,4,4,4,4,4,4,4
31,381,50,5,5,5,5,5,5,5,5,4,5,4,4,4,4,4,4,4,4,4,4
31,382,50,5,5,5,5,5,5,5,5,4,5,4,4,4,4,4,4,4,4,4,4
31,383,50,5,5,5,5,5,5,5,5,4,5,4,4,4,4,4,4,4,4,4,4
31,384,50,5,5,5,5,5,5,5,5,4,5,4,4,4,4,4,4,4,4,4,4
31,385,50,5,5,5,5,5,5,5,5,4,5,4,4,4,4,4,4,4,4,4,4
31,386,50,5,5,5,5,5,5,5,5,4,5,4,4,4,4,4,4,4,4,4,4
31,387,50,5,5,5,5,5,5,5,5,4,5,4,4,4,4,4,4,4,4,4,4
31,388,50,5,5,5,5,5,5,5,5,4,5,4,4,4,4,4,4,4,4,4,4
31,389,50,5,5,5,5,5,5,5,5,4,5,4,4,4,4,4,4,4,4,4,4
31,390,50,5,5,5,5,5,5,5,5,4,5,4,4,4,4,4,4,4,4,4,4
31,391,50,5,5,5,5,5,5,5,5,5,5,4,4,4,4,4,4,4,4,4,4
31,392,50,5,5,5,5,5,5,5,5,5,5,4,4,4,4,4,4,4,4,4,4
31,393,50,5,5,5,5,5,5,5,5,5,5,4,4,4,4,4,4,4,4,4,4
31,394,50,5,5,5,5,5,5,5,5,5,5,4,4,4,4,4,4,4,4,4,4
31,395,50,5,5,4,5,5,4,5,4,5,5,5,5,5,5,5,5,5,5,5,5
31,396,50,5,4,4,5,5,4,5,4,5,5,5,5,5,5,5,5,5,5,5,5
31,397,50,5,4,4,5,5,4,5,4,5,5,5,5,5,5,5,5,5,5,5,5
31,398,50,5,4,4,5,5,4,5,4,5,5,5,5,5,5,5,5,5,5,5,5
31,399,50,5,4,4,5,5,4,5,4,5,5,5,5,5,5,5,5,5,5,5,5
31,400,50,5,4,4,5,5,4,5,4,5,5,5,5,5,5,5,5,5,5,5,5
31,401,50,5,4,4,5,5,4,5,4,5,5,5,5,5,5,5,5,5,5,5,5
31,402,50,5,4,4,5,5,4,5,4,5,5,5,5,5,5,5,5,5,5,5,5
31,403,50,5,4,4,5,5,4,5,4,5,5,5,5,5,5,5,5,5,5,5,5
31,404,50,5,4,4,5,5,4,5,4,5,5,5,5,5,5,5,5,5,5,5,5
31,405,50,5,4,4,5,5,4,5,4,5,5,5,5,5,5,5,5,5,5,5,5
31,406,50,5,4,4,5,5,4,5,4,5,5,5,5,5,5,5,5,5,5,5,5
31,407,50,5,4,4,5,5,4,5,4,5,5,5,5,5,5,5,5,5,5,5,5
31,408,50,5,4,4,5,5,4,5,4,5,5,5,5,5,5,5,5,5,5,5,5
31,409,50,5,4,4,5,5,4,5,4,5,5,5,5,5,5,5,5,5,5,5,5
31,410,50,5,5,5,5,5,5,5,5,5,5,4,4,4,4,4,4,4,4,4,4
31,411,50,5,5,5,5,5,5,5,5,4,5,4,4,4,4,4,4,4,4,4,4
31,412,50,5,5,5,5,5,5,5,5,4,5,4,4,4,4,4,4,4,4,4,4
31,413,50,5,5,5,5,5,5,5,5,4,5,4,4,4,4,4,4,4,4,4,4
31,414,50,5,5,5,5,5,5,5,5,4,5,4,4,4,4,4,4,4,4,4,4
31,415,50,5,5,5,5,5,5,5,5,4,5,4,4,4,4,4,4,4,4,4,4
31,416,50,5,5,5,5,5,5,5,5,4,5,4,4,4,4,4,4,4,4,4,4
31,417,50,5,5,5,5,5,5,5,5,4,5,4,4,4,4,4,4,4,4,4,4
31,418,50,5,5,5,5,5,5,5,5,4,5,4,4,4,4,4,4,4,4,4,4
31,419,50,5,5,5,5,5,5,5,5,4,5,4,4,4,4,4,4,4,4,4,4
31,420,50,5,5,5,5,5,5,5,5,5,5,4,4,4,4,4,4,4,4,4,4
31,421,50,5,5,5,5,5,5,5,5,5,5,4,4,4,4,4,4,4,4,4,4
31,422,50,5,5,5,5,5,5,5,5,5,5,4,4,4,4,4,4,4,4,4,4
31,423,50,5,5,5,5,5,5,5,5,5,5,4,4,4,4,4,4,4,4,4,4
31,424,50,5,5,5,5,5,5,5,5,5,5,4,4,4,4,4,4,4,4,4,4
31,425,50,5,5,5,5,5,5,5,5,5,5,4,4,4,4,4,4,4,4,4,4
31,426,50,5,5,5,5,5,5,5,5,5,5,4,4,4,4,4,4,4,4,4,4
31,427,50,5,4,4,5,5,4,5,4,5,5,5,5,5,5,5,5,5,5,5,5
31,428,50,5,4,4,5,5,4,5,4,5,5,5,5,5,5,5,5,5,5,5,5
31,429,50,5,4,4,5,5,4,5,4,5,5,5,5,5,5,5,5,5,5,5,5
31,430,50,5,4,4,5,5,4,5,4,5,5,5,5,5,5,5,5,5,5,5,5
31,431,50,5,4,4,5,5,4,5,4,5,5,5,5,5,5,5,5,5,5,5,5
31,432,50,5,4,4,5,5,4,5,4,5,5,5,5,5,5,5,5,5,5,5,5
31,433,50,5,4,4,5,5,4,5,4,5,5,5,5,5,5,5,5,5,5,5,5
31,434,50,5,4,4,5,5,4,5,4,5,5,5,5,5,5,5,5,5,5,5,5
31,435,50,5,4,4,5,5,4,5,4,5,5,5,5,5,5,5,5,5,5,5,5
31,436,50,4,4,4,4,4,4,4,4,5,4,5,5,5,5,5,5,5,5,5,5
31,437,50,4,4,4,4,4,4,4,4,5,4,5,5,5,5,5,5,5,5,5,5
31,438,50,4,4,4,4,4,4,4,4,5,4,5,5,5,5,5,5,5,5,5,5
31,439,50,4,4,4,4,4,4,4,4,5,4,5,5,5,5,5,5,5,5,5,5
31,440,50,4,4,4,4,4,4,4,4,5,4,5,5,5,5,5,5,5,5,5,5
31,441,50,4,4,4,4,4,4,4,4,5,4,5,5,5,5,5,5,5,5,5,5
31,442,50,4,4,4,4,4,4,4,4,5,4,5,5,5,5,5,5,5,5,5,5
31,443,50,4,4,4,4,4,4,4,4,5,4,5,5,5,5,5,5,5,5,5,5
31,444,50,4,4,4,4,4,4,4,4,5,4,5,5,5,5,5,5,5,5,5,5
31,445,50,4,4,4,4,4,4,4,4,5,4,5,5,5,5,5,5,5,5,5,5
31,446,50,4,4,4,4,4,4,4,4,5,4,5,5,5,5,5,5,5,5,5,5
31,447,50,4,4,4,4,4,4,4,4,5,4,5,5,5,5,5,5,5,5,5,5
31,448,50,4,4,4,4,4,4,4,4,5,4,5,5,5,5,5,5,5,5,5,5
31,449,50,4,4,4,4,4,4,4,4,5,4,5,5,5,5,5,5,5,5,5,5
31,450,50,4,4,4,4,4,4,4,4,5,4,5,5,5,5,5,5,5,5,5,5
31,451,50,4,4,4,4,4,4,4,4,5,4,5,5,5,5,5,5,5,5,5,5
31,452,50,4,4,4,4,4,4,4,4,5,4,5,5,5,5,5,5,5,5,5,5
31,453,50,4,4,4,4,4,4,4,4,5,4,5,5,5,5,5,5,5,5,5,5
31,454,50,4,4,4,4,4,4,4,4,5,4,5,5,5,5,5,5,5,5,5,5
31,455,50,4,4,4,4,4,4,4,4,5,4,5,5,5,5,5,5,5,5,5,5
31,456,50,4,4,4,4,4,4,4,4,5,4,5,5,5,5,5,5,5,5,5,5
31,457,50,5,4,4,5,5,4,5,4,5,5,5,5,5,5,5,5,5,5,5,5
31,458,50,4,4,4,4,4,4,4,4,5,4,5,5,5,5,5,5,5,5,5,5
31,459,50,4,4,4,4,4,4,4,4,5,4,4,4,4,4,4,4,4,4,4,4
31,460,50,5,5,5,5,5,5,5,5,5,5,4,4,4,4,4,4,4,4,4,4
31,461,50,5,5,5,5,5,5,5,5,5,5,4,4,4,4,4,4,4,4,4,4
31,462,50,5,5,5,5,5,5,5,5,5,5,4,4,4,4,4,4,4,4,4,4
31,463,50,5,5,5,5,5,5,5,5,5,5,4,4,4,4,4,4,4,4,4,4
31,464,50,5,5,5,5,5,5,5,5,5,5,4,4,4,4,4,4,4,4,4,4
31,465,50,4,5,5,4,4,5,4,5,5,4,4,4,4,4,4,4,4,4,4,4
31,466,50,4,5,5,4,4,5,4,5,5,4,4,4,4,4,4,4,4,4,4,4
31,467,50,4,5,5,4,4,5,4,5,5,4,4,4,4,4,4,4,4,4,4,4
31,468,50,4,5,5,4,4,5,4,5,5,4,4,4,4,4,4,4,4,4,4,4
31,469,50,4,5,5,4,4,5,4,5,4,4,4,4,4,4,4,4,4,4,4,4
31,470,50,4,5,5,4,4,5,4,5,4,4,4,4,4,4,4,4,4,4,4,4
31,471,50,4,5,5,4,4,5,4,5,4,4,4,4,4,4,4,4,4,4,4,4
31,472,50,4,5,5,4,4,5,4,5,4,4,4,4,4,4,4,4,4,4,4,4
31,473,50,4,5,5,4,4,5,4,5,4,4,4,4,4,4,4,4,4,4,4,4
31,475,50,4,5,5,4,4,5,4,5,4,4,4,4,4,4,4,4,4,4,4,4
31,476,50,4,5,5,4,4,5,4,5,4,4,4,4,4,4,4,4,4,4,4,4
31,477,50,4,5,5,4,4,5,4,5,5,4,4,4,4,4,4,4,4,4,4,4
31,478,50,4,5,5,4,4,5,4,5,5,4,4,4,4,4,4,4,4,4,4,4
31,479,50,4,5,5,4,4,5,4,5,5,4,4,4,4,4,4,4,4,4,4,4
31,480,50,4,5,5,4,4,5,4,5,5,4,4,4,4,4,4,4,4,4,4,4
31,481,50,4,4,4,4,4,4,4,4,5,4,5,5,5,5,5,5,5,5,5,5
31,482,50,4,4,4,4,4,4,4,4,5,4,5,5,5,5,5,5,5,5,5,5
31,483,50,4,4,4,4,4,4,4,4,5,4,5,5,5,5,5,5,5,5,5,5
31,484,50,4,4,4,4,4,4,4,4,5,4,5,5,5,5,5,5,5,5,5,5
31,485,50,4,4,4,4,4,4,4,4,5,4,5,5,5,5,5,5,5,5,5,5
31,486,50,4,4,4,4,4,4,4,4,5,4,5,5,5,5,5,5,5,5,5,5
31,487,50,4,4,4,4,4,4,4,4,5,4,5,5,5,5,5,5,5,5,5,5
31,488,50,4,4,4,4,4,4,4,4,5,4,5,5,5,5,5,5,5,5,5,5
31,489,50,4,4,4,4,4,4,4,4,5,4,5,5,5,5,5,5,5,5,5,5
31,490,50,4,4,4,4,4,4,4,4,5,4,5,5,5,5,5,5,5,5,5,5
31,491,50,4,4,4,4,4,4,4,4,5,4,5,5,5,5,5,5,5,5,5,5
31,492,50,4,4,4,4,4,4,4,4,5,4,5,5,5,5,5,5,5,5,5,5
31,493,50,4,4,4,4,4,4,4,4,5,4,5,5,5,5,5,5,5,5,5,5
31,494,50,4,4,4,4,4,4,4,4,5,4,5,5,5,5,5,5,5,5,5,5
31,495,50,4,4,4,4,4,4,4,4,5,4,5,5,5,5,5,5,5,5,5,5
31,496,50,4,4,4,4,4,4,4,4,5,4,5,5,5,5,5,5,5,5,5,5
31,497,50,4,4,4,4,4,4,4,4,5,4,5,5,5,5,5,5,5,5,5,5
31,498,50,4,5,5,4,4,5,4,5,5,4,4,4,4,4,4,4,4,4,4,4
31,499,50,4,5,5,4,4,5,4,5,5,4,4,4,4,4,4,4,4,4,4,4
31,500,50,4,5,5,4,4,5,4,5,5,4,4,4,4,4,4,4,4,4,4,4
31,501,50,4,4,4,4,4,4,4,4,5,4,4,4,4,4,4,4,4,4,4,4
31,502,50,4,4,4,4,4,4,4,4,5,4,4,4,4,4,4,4,4,4,4,4
31,503,50,4,4,4,4,4,4,4,4,5,4,4,4,4,4,4,4,4,4,4,4
31,504,50,4,4,4,4,4,4,4,4,5,4,5,5,5,5,5,5,5,5,5,5
31,505,50,4,4,4,4,4,4,4,4,5,4,5,5,5,5,5,5,5,5,5,5
31,506,50,4,4,4,4,4,4,4,4,5,4,5,5,5,5,5,5,5,5,5,5
31,507,50,4,4,4,4,4,4,4,4,5,4,5,5,5,5,5,5,5,5,5,5
31,508,50,4,4,4,4,4,4,4,4,5,4,5,5,5,5,5,5,5,5,5,5
31,509,50,4,4,4,4,4,4,4,4,5,4,5,5,5,5,5,5,5,5,5,5
31,510,50,4,4,4,4,4,4,4,4,5,4,5,5,5,5,5,5,5,5,5,5
31,511,50,4,4,4,4,4,4,4,4,5,4,5,5,5,5,5,5,5,5,5,5
31,512,50,4,4,4,4,4,4,4,4,5,4,5,5,5,5,5,5,5,5,5,5
31,513,50,4,4,4,4,4,4,4,4,5,4,5,5,5,5,5,5,5,5,5,5
31,514,50,4,4,4,4,4,4,4,4,5,4,5,5,5,5,5,5,5,5,5,5
31,515,50,4,4,4,4,4,4,4,4,5,4,5,5,5,5,5,5,5,5,5,5
31,516,50,4,4,4,4,4,4,4,4,5,4,5,5,5,5,5,5,5,5,5,5
31,517,50,4,4,4,4,4,4,4,4,5,4,5,5,5,5,5,5,5,5,5,5
31,518,50,4,4,4,4,4,4,4,4,5,4,5,5,5,5,5,5,5,5,5,5
31,519,50,4,4,4,4,4,4,4,4,5,4,4,4,4,4,4,4,4,4,4,4
31,520,50,4,4,4,4,4,4,4,4,5,4,4,4,4,4,4,4,4,4,4,4
31,521,50,4,4,4,4,4,4,4,4,5,4,4,4,4,4,4,4,4,4,4,4
31,522,50,4,4,4,4,4,4,4,4,5,4,4,4,4,4,4,4,4,4,4,4
31,523,50,4,5,4,4,4,4,4,4,5,4,4,4,4,4,4,4,4,4,4,4
31,524,50,4,4,4,4,4,4,4,4,5,4,4,4,4,4,4,4,4,4,4,4
31,525,50,4,4,4,4,4,4,4,4,5,4,4,4,4,4,4,4,4,4,4,4
31,526,50,4,4,4,4,4,4,4,4,5,4,5,5,5,5,5,5,5,5,5,5
31,527,50,4,4,4,4,4,4,4,4,5,4,5,5,5,5,5,5,5,5,5,5
31,528,50,4,4,4,4,4,4,4,4,5,4,5,5,5,5,5,5,5,5,5,5
31,529,50,4,4,4,4,4,4,4,4,5,4,5,5,5,5,5,5,5,5,5,5
31,530,50,4,4,4,4,4,4,4,4,5,4,5,5,5,5,5,5,5,5,5,5
31,531,50,4,4,4,4,4,4,4,4,5,4,5,5,5,5,5,5,5,5,5,5
31,532,50,4,4,4,4,4,4,4,4,5,4,5,5,5,5,5,5,5,5,5,5
31,533,50,4,4,4,4,4,4,4,4,5,4,5,5,5,5,5,5,5,5,5,5
31,534,50,4,4,4,4,4,4,4,4,5,4,5,5,5,5,5,5,5,5,5,5
31,535,50,4,4,4,4,4,4,4,4,5,4,5,5,5,5,5,5,5,5,5,5
31,536,50,4,4,4,4,4,4,4,4,5,4,5,5,5,5,5,5,5,5,5,5
31,537,50,4,4,4,4,4,4,4,4,5,4,4,4,4,4,4,4,4,4,4,4
31,538,50,4,4,4,4,4,4,4,4,5,4,4,4,4,4,4,4,4,4,4,4
31,539,50,4,4,4,4,4,4,4,4,5,4,4,4,4,4,4,4,4,4,4,4
31,540,50,4,4,4,4,4,4,4,4,5,4,4,4,4,4,4,4,4,4,4,4
31,541,50,4,4,4,4,4,4,4,4,5,4,4,4,4,4,4,4,4,4,4,4
31,542,50,4,4,4,4,4,4,4,4,5,4,4,4,4,4,4,4,4,4,4,4
31,543,50,4,4,4,4,4,4,4,4,5,4,4,4,4,4,4,4,4,4,4,4
31,544,50,4,4,4,4,4,4,4,4,5,4,4,4,4,4,4,4,4,4,4,4
31,545,50,4,4,4,4,4,4,4,4,5,4,4,4,4,4,4,4,4,4,4,4
31,546,50,4,4,4,4,4,4,4,4,5,4,4,4,4,4,4,4,4,4,4,4
31,547,50,4,4,4,4,4,4,4,4,5,4,5,5,5,5,5,5,5,5,5,5
31,548,50,4,4,4,4,4,4,4,4,5,4,5,5,5,5,5,5,5,5,5,5
31,549,50,4,4,4,4,4,4,4,4,5,4,5,5,5,5,5,5,5,5,5,5
31,550,50,4,4,4,4,4,4,4,4,5,4,5,5,5,5,5,5,5,5,5,5
31,551,50,4,4,4,4,4,4,4,4,5,4,5,5,5,5,5,5,5,5,5,5
31,552,50,4,4,4,4,4,4,4,4,5,4,5,5,5,5,5,5,5,5,5,5
31,553,50,4,4,4,4,4,4,4,4,5,4,5,5,5,5,5,5,5,5,5,5
31,554,50,4,4,4,4,4,4,4,4,5,4,5,5,5,5,5,5,5,5,5,5
31,555,50,4,4,4,4,4,4,4,4,5,4,5,5,5,5,5,5,5,5,5,5
31,556,50,4,4,4,4,4,4,4,4,5,4,4,4,4,4,4,4,4,4,4,4
31,557,50,4,4,4,4,4,4,4,4,5,4,4,4,4,4,4,4,4,4,4,4
31,558,50,4,4,4,4,4,4,4,4,5,4,4,4,4,4,4,4,4,4,4,4
31,559,50,4,4,4,4,4,4,4,4,5,4,4,4,4,4,4,4,4,4,4,4
31,560,50,4,4,4,4,4,4,4,4,5,4,4,4,4,4,4,4,4,4,4,4
31,561,50,4,4,4,4,4,4,4,4,5,4,4,4,4,4,4,4,4,4,4,4
31,562,50,4,4,4,4,4,4,4,4,5,4,4,4,4,4,4,4,4,4,4,4
31,563,50,4,4,4,4,4,4,4,4,5,4,4,4,4,4,4,4,4,4,4,4
31,564,50,4,4,4,4,4,4,4,4,5,4,4,4,4,4,4,4,4,4,4,4
31,565,50,4,4,4,4,4,4,4,4,5,4,4,4,4,4,4,4,4,4,4,4
31,566,50,4,4,4,4,4,4,4,4,5,4,4,4,4,4,4,4,4,4,4,4
31,567,50,4,4,4,4,4,4,4,4,5,4,4,4,4,4,4,4,4,4,4,4
31,568,50,4,4,4,4,4,4,4,4,5,4,4,4,4,4,4,4,4,4,4,4
31,569,50,4,4,4,4,4,4,4,4,5,4,5,5,5,5,5,5,5,5,5,5
31,570,50,4,4,4,4,4,4,4,4,5,4,5,5,5,5,5,5,5,5,5,5
31,571,50,4,4,4,4,4,4,4,4,5,4,4,4,4,4,4,4,4,4,4,4
31,572,50,4,4,4,4,4,4,4,4,5,4,4,4,4,4,4,4,4,4,4,4
31,573,50,4,4,4,4,4,4,4,4,5,4,4,4,4,4,4,4,4,4,4,4
31,574,50,4,4,4,4,4,4,4,4,5,4,4,4,4,4,4,4,4,4,4,4
31,575,50,4,5,4,4,4,4,4,4,5,4,4,4,4,4,4,4,4,4,4,4
31,576,50,4,4,4,4,4,4,4,4,5,4,4,4,4,4,4,4,4,4,4,4
31,577,50,4,4,4,4,4,4,4,4,5,4,4,4,4,4,4,4,4,4,4,4
31,578,50,4,4,4,4,4,4,4,4,5,4,4,4,4,4,4,4,4,4,4,4
31,579,50,4,4,4,4,4,4,4,4,5,4,4,4,4,4,4,4,4,4,4,4
31,580,50,4,4,4,4,4,4,4,4,5,4,4,4,4,4,4,4,4,4,4,4
31,581,50,4,4,5,4,4,4,4,4,5,4,4,4,4,4,4,4,4,4,4,4
31,582,50,4,5,5,4,4,5,4,5,5,4,4,4,4,4,4,4,4,4,4,4
31,583,50,4,5,5,4,4,5,4,5,5,4,4,4,4,4,4,4,4,4,4,4
31,584,50,4,5,5,4,4,5,4,5,5,4,4,4,4,4,4,4,4,4,4,4
31,585,50,4,5,5,4,4,5,4,5,5,4,4,4,4,4,4,4,4,4,4,4
31,586,50,4,5,5,4,4,5,4,5,5,4,4,4,4,4,4,4,4,4,4,4
31,587,50,4,5,5,4,4,5,4,5,5,4,4,4,4,4,4,4,4,4,4,4
31,588,50,4,5,5,4,4,5,4,5,5,4,4,4,4,4,4,4,4,4,4,4
31,589,50,4,5,5,4,4,5,4,5,5,4,4,4,4,4,4,4,4,4,4,4
31,590,50,4,5,5,4,4,5,4,5,5,4,4,4,4,4,4,4,4,4,4,4
31,591,50,4,5,5,4,4,5,4,5,5,4,4,4,4,4,4,4,4,4,4,4
31,592,50,4,5,5,4,4,5,4,5,5,4,4,4,4,4,4,4,4,4,4,4
31,593,50,4,5,4,4,4,4,4,4,5,4,4,4,4,4,4,4,4,4,4,4
31,594,50,4,5,5,4,4,5,4,5,5,4,4,4,4,4,4,4,4,4,4,4
31,595,50,4,5,5,4,4,5,4,5,5,4,4,4,4,4,4,4,4,4,4,4
31,596,50,4,5,5,4,4,5,4,5,5,4,4,4,4,4,4,4,4,4,4,4
31,597,50,4,5,5,4,4,5,4,5,5,4,4,4,4,4,4,4,4,4,4,4
31,598,50,4,5,5,4,4,5,4,5,5,4,4,4,4,4,4,4,4,4,4,4
31,599,50,4,5,5,4,4,5,4,5,5,4,4,4,4,4,4,4,4,4,4,4
31,600,50,4,5,5,4,4,5,4,5,5,4,4,4,4,4,4,4,4,4,4,4
31,601,50,4,5,5,4,4,5,4,5,5,4,4,4,4,4,4,4,4,4,4,4
31,602,50,4,5,5,4,4,5,4,5,5,4,4,4,4,4,4,4,4,4,4,4
31,603,50,4,5,5,4,4,5,4,5,5,4,4,4,4,4,4,4,4,4,4,4
31,604,50,4,5,5,4,4,5,4,5,5,4,4,4,4,4,4,4,4,4,4,4
31,605,50,4,5,5,4,4,5,4,5,5,4,4,4,4,4,4,4,4,4,4,4
31,606,50,4,5,5,4,4,5,4,5,5,4,4,4,4,4,4,4,4,4,4,4
31,607,50,4,5,5,4,4,5,4,5,5,4,4,4,4,4,4,4,4,4,4,4
31,608,50,4,5,5,4,4,5,4,5,5,4,4,4,4,4,4,4,4,4,4,4
31,609,50,4,5,5,4,4,5,4,5,5,4,4,4,4,4,4,4,4,4,4,4
31,610,50,4,5,5,4,4,5,4,5,5,4,4,4,4,4,4,4,4,4,4,4
31,611,50,4,5,5,4,4,5,4,5,5,4,4,4,4,4,4,4,4,4,4,4
31,612,50,4,5,5,4,4,5,4,5,5,4,4,4,4,4,4,4,4,4,4,4
31,613,50,4,5,5,4,4,5,4,5,5,4,4,4,4,4,4,4,4,4,4,4
31,614,50,4,5,5,4,4,5,4,5,5,4,4,4,4,4,4,4,4,4,4,4
31,615,50,4,5,5,4,4,5,4,5,5,4,4,4,4,4,4,4,4,4,4,4
31,616,50,4,5,5,4,4,5,4,5,5,4,4,4,4,4,4,4,4,4,4,4
31,617,50,4,5,5,4,4,5,4,5,5,4,4,4,4,4,4,4,4,4,4,4
31,618,50,4,5,5,4,4,5,4,5,5,4,4,4,4,4,4,4,4,4,4,4
31,619,50,4,5,5,4,4,5,4,5,5,4,4,4,4,4,4,4,4,4,4,4
31,620,50,4,5,5,4,4,5,4,5,5,4,4,4,4,4,4,4,4,4,4,4
31,621,50,4,5,5,4,4,5,4,5,5,4,4,4,4,4,4,4,4,4,4,4
31,622,50,4,5,5,4,4,5,4,5,5,4,4,4,4,4,4,4,4,4,4,4
31,623,50,4,5,5,4,4,5,4,5,5,4,4,4,4,4,4,4,4,4,4,4
31,624,50,4,5,5,4,4,5,4,5,5,4,4,4,4,4,4,4,4,4,4,4
31,625,50,4,5,5,4,4,5,4,5,5,4,4,4,4,4,4,4,4,4,4,4
31,626,50,4,5,5,4,4,5,4,5,5,4,4,4,4,4,4,4,4,4,4,4
31,627,50,4,5,5,4,4,5,4,5,5,4,4,4,4,4,4,4,4,4,4,4
31,628,50,4,5,5,4,4,5,4,5,5,4,4,4,4,4,4,4,4,4,4,4
31,629,50,5,5,4,5,5,4,5,4,4,5,5,5,5,5,5,5,5,5,5,5
31,630,50,5,4,4,5,5,4,5,4,4,5,5,5,5,5,5,5,5,5,5,5
31,631,50,5,4,4,5,5,4,5,4,4,5,5,5,5,5,5,5,5,5,5,5
31,632,50,5,5,4,5,5,4,5,4,4,5,5,5,5,5,5,5,5,5,5,5
31,633,50,5,5,4,5,5,4,5,4,4,5,5,5,5,5,5,5,5,5,5,5
31,634,50,5,4,4,5,5,4,5,4,4,5,5,5,5,5,5,5,5,5,5,5
31,635,50,5,4,4,5,5,4,5,4,4,5,5,5,5,5,5,5,5,5,5,5
31,636,50,5,4,4,5,5,4,5,4,4,5,5,5,5,5,5,5,5,5,5,5
31,637,50,5,4,4,5,5,4,5,4,4,5,5,5,5,5,5,5,5,5,5,5
31,638,50,5,4,4,5,5,4,5,4,4,5,5,5,5,5,5,5,5,5,5,5
31,639,50,5,5,4,5,5,4,5,4,4,5,5,5,5,5,5,5,5,5,5,5
31,640,50,5,4,4,5,5,4,5,4,4,5,5,5,5,5,5,5,5,5,5,5
31,641,50,5,4,4,5,5,4,5,4,4,5,5,5,5,5,5,5,5,5,5,5
31,642,50,5,4,4,5,5,4,5,4,4,5,5,5,5,5,5,5,5,5,5,5
31,643,50,5,4,4,5,5,4,5,4,4,5,5,5,5,5,5,5,5,5,5,5
31,644,50,5,5,5,5,5,5,5,5,4,5,4,4,4,4,4,4,4,4,4,4
31,646,50,5,4,4,5,5,4,5,4,4,5,5,5,5,5,5,5,5,5,5,5
31,647,50,5,4,4,5,5,4,5,4,4,5,5,5,5,5,5,5,5,5,5,5
31,648,50,4,5,5,4,4,5,4,5,4,4,4,4,4,4,4,4,4,4,4,4
31,649,50,4,4,5,4,4,4,4,5,5,4,4,4,4,4,4,4,4,4,4,4
31,650,50,4,4,5,4,4,5,4,5,5,4,4,4,4,4,4,4,4,4,4,4
31,651,50,4,4,5,4,4,5,4,5,5,4,4,4,4,4,4,4,4,4,4,4
31,652,50,4,4,5,4,4,5,4,5,5,4,4,4,4,4,4,4,4,4,4,4
31,653,50,4,4,5,4,4,5,4,5,5,4,4,4,4,4,4,4,4,4,4,4
31,654,50,4,4,5,4,4,5,4,5,5,4,4,4,4,4,4,4,4,4,4,4
31,655,50,4,4,5,4,4,5,4,5,5,4,4,4,4,4,4,4,4,4,4,4
31,656,50,4,4,5,4,4,5,4,5,5,4,4,4,4,4,4,4,4,4,4,4
31,657,51,1,1,2,1,1,1,2,1,2,1,2,2,2,2,2,2,2,2,2,2
31,658,51,1,1,2,1,1,1,2,1,2,1,2,2,2,2,2,2,2,2,2,2
31,659,51,1,1,2,1,1,1,2,1,2,1,2,2,2,2,2,2,2,2,2,2
31,660,51,1,1,2,1,1,1,2,1,2,1,2,2,2,2,2,2,2,2,2,2
31,661,52,1,1,2,1,1,1,2,1,2,1,2,2,2,2,2,2,2,2,2,2
31,662,52,1,1,2,1,1,1,2,1,2,1,2,2,2,2,2,2,2,2,2,2
31,663,52,1,1,2,1,1,1,2,1,2,1,2,2,2,2,2,2,2,2,2,2
31,664,52,1,1,2,1,1,1,2,1,2,1,2,2,2,2,2,2,2,2,2,2
31,665,52,1,1,2,1,1,1,2,1,2,1,2,2,2,2,2,2,2,2,2,2
31,666,52,1,1,2,1,1,1,2,1,2,1,2,2,2,2,2,2,2,2,2,2
31,667,52,1,1,2,1,1,1,2,1,2,1,2,2,2,2,2,2,2,2,2,2
31,668,52,1,1,2,1,1,1,2,1,2,1,2,2,2,2,2,2,2,2,2,2
31,669,52,1,1,2,1,1,1,2,1,2,1,2,2,2,2,2,2,2,2,2,2
31,670,52,1,1,2,1,1,1,2,1,2,1,2,2,2,2,2,2,2,2,2,2
31,671,52,1,1,2,1,1,1,2,1,2,1,2,2,2,2,2,2,2,2,2,2
31,672,52,1,1,2,1,1,1,2,1,2,1,2,2,2,2,2,2,2,2,2,2
31,673,52,1,1,2,1,1,1,2,1,2,1,2,2,2,2,2,2,2,2,2,2
31,674,52,1,1,2,1,1,1,2,1,2,1,2,2,2,2,2,2,2,2,2,2
31,675,52,1,1,2,1,1,1,2,1,2,1,2,2,2,2,2,2,2,2,2,2
31,676,52,1,1,2,1,1,1,2,1,2,1,2,2,2,2,2,2,2,2,2,2
31,677,52,1,1,2,1,1,1,2,1,2,1,2,2,2,2,2,2,2,2,2,2
31,678,52,1,1,2,1,1,1,2,1,2,1,2,2,2,2,2,2,2,2,2,2
31,679,52,1,1,2,1,1,1,2,1,2,1,2,2,2,2,2,2,2,2,2,2
31,680,53,1,1,1,1,1,1,1,1,1,1,1,1,1,1,1,1,1,1,1,1
31,681,53,1,1,1,1,1,1,1,1,1,1,1,1,1,1,1,1,1,1,1,1
31,682,53,1,1,1,1,1,1,1,1,1,1,1,1,1,1,1,1,1,1,1,1
31,683,53,1,1,1,1,1,1,1,1,1,1,1,1,1,1,1,1,1,1,1,1
31,684,53,1,1,1,1,1,1,1,1,1,1,1,1,1,1,1,1,1,1,1,1
31,685,53,1,1,1,1,1,1,1,1,1,1,1,1,1,1,1,1,1,1,1,1
31,686,53,1,1,1,1,1,1,1,1,1,1,1,1,1,1,1,1,1,1,1,1
31,687,54,1,1,2,1,1,1,2,1,2,1,2,2,2,2,2,2,2,2,2,2
31,688,54,1,1,2,1,1,1,2,1,2,1,2,2,2,2,2,2,2,2,2,2
31,689,54,1,1,2,1,1,1,2,1,2,1,2,2,2,2,2,2,2,2,2,2
31,690,55,1,1,1,1,1,1,1,1,1,1,1,1,1,1,1,1,1,1,1,1
31,691,55,1,1,1,1,1,1,1,1,1,1,1,1,1,1,1,1,1,1,1,1
31,692,55,1,1,1,1,1,1,1,1,1,1,1,1,1,1,1,1,1,1,1,1
31,693,56,2,2,1,2,2,2,1,2,1,2,1,1,1,1,1,1,1,1,1,1
31,694,56,2,2,1,2,2,2,1,2,1,2,1,1,1,1,1,1,1,1,1,1
31,695,56,2,2,1,2,2,2,1,2,1,2,1,1,1,1,1,1,1,1,1,1
31,696,56,2,2,1,2,2,2,1,2,1,2,1,1,1,1,1,1,1,1,1,1
31,697,56,2,2,1,2,2,2,1,2,1,2,1,1,1,1,1,1,1,1,1,1
31,698,56,2,2,1,2,2,2,1,2,1,2,1,1,1,1,1,1,1,1,1,1
31,699,56,2,2,1,2,2,2,1,2,1,2,1,1,1,1,1,1,1,1,1,1
31,700,56,2,2,1,2,2,2,1,2,1,2,1,1,1,1,1,1,1,1,1,1
31,701,56,2,2,1,2,2,2,1,2,1,2,1,1,1,1,1,1,1,1,1,1
31,702,56,2,2,1,2,2,2,1,2,1,2,1,1,1,1,1,1,1,1,1,1
31,703,56,2,2,1,2,2,2,1,2,1,2,1,1,1,1,1,1,1,1,1,1
31,704,56,2,2,1,2,2,2,1,2,1,2,1,1,1,1,1,1,1,1,1,1
31,705,56,2,2,1,2,2,2,1,2,1,2,1,1,1,1,1,1,1,1,1,1
31,706,56,2,2,1,2,2,2,1,2,1,2,1,1,1,1,1,1,1,1,1,1
31,707,56,2,2,1,2,2,2,1,2,1,2,1,1,1,1,1,1,1,1,1,1
31,708,56,2,2,1,2,2,2,1,2,1,2,1,1,1,1,1,1,1,1,1,1
31,709,57,3,3,3,3,3,3,3,3,3,3,3,3,3,3,3,3,3,3,3,3
31,710,57,3,3,3,3,3,3,3,3,3,3,3,3,3,3,3,3,3,3,3,3
31,711,57,3,3,3,3,3,3,3,3,3,3,3,3,3,3,3,3,3,3,3,3
31,712,57,3,3,3,3,3,3,3,3,3,3,3,3,3,3,3,3,3,3,3,3
31,713,57,3,3,3,3,3,3,3,3,3,3,3,3,3,3,3,3,3,3,3,3
31,714,57,3,3,3,3,3,3,3,3,3,3,3,3,3,3,3,3,3,3,3,3
31,715,58,2,2,1,2,2,2,1,2,1,2,1,1,1,1,1,1,1,1,1,1
31,716,58,2,2,1,2,2,2,1,2,1,2,1,1,1,1,1,1,1,1,1,1
31,717,58,2,2,1,2,2,2,1,2,1,2,1,1,1,1,1,1,1,1,1,1
31,718,58,2,2,1,2,2,2,1,2,1,2,1,1,1,1,1,1,1,1,1,1
31,719,58,2,2,1,2,2,2,1,2,1,2,1,1,1,1,1,1,1,1,1,1
31,720,58,2,2,1,2,2,2,1,2,1,2,1,1,1,1,1,1,1,1,1,1
31,721,58,2,2,1,2,2,2,1,2,1,2,1,1,1,1,1,1,1,1,1,1
31,722,58,2,2,1,2,2,2,1,2,1,2,1,1,1,1,1,1,1,1,1,1
31,723,58,2,2,1,2,2,2,1,2,1,2,1,1,1,1,1,1,1,1,1,1
31,724,58,2,2,1,2,2,2,1,2,1,2,1,1,1,1,1,1,1,1,1,1
31,725,58,2,2,1,2,2,2,1,2,1,2,1,1,1,1,1,1,1,1,1,1
31,726,58,2,2,1,2,2,2,1,2,1,2,1,1,1,1,1,1,1,1,1,1
31,727,58,2,2,1,2,2,2,1,2,1,2,1,1,1,1,1,1,1,1,1,1
31,728,58,2,2,1,2,2,2,1,2,1,2,1,1,1,1,1,1,1,1,1,1
31,729,58,2,2,1,2,2,2,1,2,1,2,1,1,1,1,1,1,1,1,1,1
31,730,58,2,2,1,2,2,2,1,2,1,2,1,1,1,1,1,1,1,1,1,1
31,732,58,2,2,1,2,2,2,1,2,1,2,1,1,1,1,1,1,1,1,1,1
31,733,58,2,2,1,2,2,2,1,2,1,2,1,1,1,1,1,1,1,1,1,1
31,734,59,1,1,2,1,1,1,2,1,2,1,2,2,2,2,2,2,2,2,2,2
31,735,59,1,1,2,1,1,1,2,1,2,1,2,2,2,2,2,2,2,2,2,2
31,736,59,1,1,2,1,1,1,2,1,2,1,2,2,2,2,2,2,2,2,2,2
31,737,59,1,1,2,1,1,1,2,1,2,1,2,2,2,2,2,2,2,2,2,2
31,738,59,1,1,2,1,1,1,2,1,2,1,2,2,2,2,2,2,2,2,2,2
31,739,59,1,1,2,1,1,1,2,1,2,1,2,2,2,2,2,2,2,2,2,2
31,740,59,1,1,2,1,1,1,2,1,2,1,2,2,2,2,2,2,2,2,2,2
31,741,59,1,1,2,1,1,1,2,1,2,1,2,2,2,2,2,2,2,2,2,2
31,742,59,1,1,2,1,1,1,2,1,2,1,2,2,2,2,2,2,2,2,2,2
31,743,59,1,1,2,1,1,1,2,1,2,1,2,2,2,2,2,2,2,2,2,2
31,744,59,1,1,2,1,1,1,2,1,2,1,2,2,2,2,2,2,2,2,2,2
31,745,59,1,1,2,1,1,1,2,1,2,1,2,2,2,2,2,2,2,2,2,2
31,746,59,1,1,2,1,1,1,2,1,2,1,2,2,2,2,2,2,2,2,2,2
31,747,59,1,1,2,1,1,1,2,1,2,1,2,2,2,2,2,2,2,2,2,2
31,748,59,1,1,2,1,1,1,2,1,2,1,2,2,2,2,2,2,2,2,2,2
31,749,59,1,1,2,1,1,1,2,1,2,1,2,2,2,2,2,2,2,2,2,2
31,750,59,1,1,2,1,1,1,2,1,2,1,2,2,2,2,2,2,2,2,2,2
31,751,59,1,1,2,1,1,1,2,1,2,1,2,2,2,2,2,2,2,2,2,2
31,752,59,1,1,2,1,1,1,2,1,2,1,2,2,2,2,2,2,2,2,2,2
31,753,59,1,1,2,1,1,1,2,1,2,1,2,2,2,2,2,2,2,2,2,2
31,754,59,1,1,2,1,1,1,2,1,2,1,2,2,2,2,2,2,2,2,2,2
31,755,59,1,1,2,1,1,1,2,1,2,1,2,2,2,2,2,2,2,2,2,2
31,756,59,1,1,2,1,1,1,2,1,2,1,2,2,2,2,2,2,2,2,2,2
31,757,59,1,1,2,1,1,1,2,1,2,1,2,2,2,2,2,2,2,2,2,2
31,758,59,1,1,2,1,1,1,2,1,2,1,2,2,2,2,2,2,2,2,2,2
31,759,59,1,1,2,1,1,1,2,1,2,1,2,2,2,2,2,2,2,2,2,2
31,760,59,1,1,2,1,1,1,2,1,2,1,2,2,2,2,2,2,2,2,2,2
31,761,59,1,1,2,1,1,1,2,1,2,1,2,2,2,2,2,2,2,2,2,2
31,762,59,1,1,2,1,1,1,2,1,2,1,2,2,2,2,2,2,2,2,2,2
31,763,59,1,1,2,1,1,1,2,1,2,1,2,2,2,2,2,2,2,2,2,2
31,764,59,1,1,2,1,1,1,2,1,2,1,2,2,2,2,2,2,2,2,2,2
31,765,60,3,3,3,3,3,3,3,3,3,3,3,3,3,3,3,3,3,3,3,3
31,766,61,3,3,3,3,3,3,3,3,3,3,3,3,3,3,3,3,3,3,3,3
31,767,61,3,3,3,3,3,3,3,3,3,3,3,3,3,3,3,3,3,3,3,3
31,768,61,3,3,3,3,3,3,3,3,3,3,3,3,3,3,3,3,3,3,3,3
31,769,62,1,1,1,1,1,1,1,1,1,1,1,1,1,1,1,1,1,1,1,1
31,770,62,1,1,1,1,1,1,1,1,1,1,1,1,1,1,1,1,1,1,1,1
31,771,62,1,1,1,1,1,1,1,1,1,1,1,1,1,1,1,1,1,1,1,1
31,772,63,1,1,2,1,1,1,2,1,2,1,2,2,2,2,2,2,2,2,2,2
31,773,63,1,1,2,1,1,1,2,1,2,1,2,2,2,2,2,2,2,2,2,2
31,774,63,1,1,2,1,1,1,2,1,2,1,2,2,2,2,2,2,2,2,2,2
31,775,64,1,1,1,1,1,1,2,1,2,1,1,1,1,1,1,1,1,1,1,1
31,776,65,3,3,3,3,3,3,3,3,3,3,3,3,3,3,3,3,3,3,3,3
31,777,65,3,3,3,3,3,3,3,3,3,3,3,3,3,3,3,3,3,3,3,3
31,778,66,2,2,1,2,2,2,1,2,1,2,1,1,1,1,1,1,1,1,1,1
31,779,66,2,2,1,2,2,2,1,2,1,2,1,1,1,1,1,1,1,1,1,1
31,780,66,2,2,1,2,2,2,1,2,1,2,1,1,1,1,1,1,1,1,1,1
31,781,67,1,1,2,1,1,1,2,1,2,1,2,2,2,2,2,2,2,2,2,2
31,782,67,1,1,2,1,1,1,2,1,2,1,2,2,2,2,2,2,2,2,2,2
31,783,67,1,1,2,1,1,1,2,1,2,1,2,2,2,2,2,2,2,2,2,2
31,784,67,1,1,2,1,1,1,2,1,2,1,2,2,2,2,2,2,2,2,2,2
31,785,67,1,1,2,1,1,1,2,1,2,1,2,2,2,2,2,2,2,2,2,2
31,786,68,1,1,2,1,1,1,2,1,2,1,2,2,2,2,2,2,2,2,2,2
31,787,68,1,1,2,1,1,1,2,1,2,1,2,2,2,2,2,2,2,2,2,2
31,788,68,1,1,2,1,1,1,2,1,2,1,2,2,2,2,2,2,2,2,2,2
31,789,69,2,2,1,2,2,2,1,2,1,2,1,1,1,1,1,1,1,1,1,1
31,790,69,2,2,1,2,2,2,1,2,1,2,1,1,1,1,1,1,1,1,1,1
31,791,69,2,2,1,2,2,2,1,2,1,2,1,1,1,1,1,1,1,1,1,1
31,792,69,2,2,1,2,2,2,1,2,1,2,1,1,1,1,1,1,1,1,1,1
31,793,69,2,2,1,2,2,2,1,2,1,2,1,1,1,1,1,1,1,1,1,1
31,794,69,2,2,1,2,2,2,1,2,1,2,1,1,1,1,1,1,1,1,1,1
31,795,69,2,2,1,2,2,2,1,2,1,2,1,1,1,1,1,1,1,1,1,1
31,796,70,3,3,3,3,3,3,3,3,3,3,3,3,3,3,3,3,3,3,3,3
31,797,70,3,3,3,3,3,3,3,3,3,3,3,3,3,3,3,3,3,3,3,3
31,798,71,3,3,1,3,3,3,3,3,3,3,3,3,3,3,3,3,3,3,3,3
31,799,71,3,3,1,3,3,3,3,3,3,3,3,3,3,3,3,3,3,3,3,3
31,800,72,3,3,3,3,3,3,2,3,3,3,2,2,2,2,2,2,2,2,2,2
31,801,72,3,3,3,3,3,3,2,3,3,3,2,2,2,2,2,2,2,2,2,2
31,802,73,2,2,1,2,2,2,1,2,1,2,1,1,1,1,1,1,1,1,1,1
31,803,74,1,1,2,1,1,1,2,1,2,1,2,2,2,2,2,2,2,2,2,2
31,804,74,1,1,2,1,1,1,2,1,2,1,2,2,2,2,2,2,2,2,2,2
31,805,75,2,2,1,2,2,2,1,2,1,2,1,1,1,1,1,1,1,1,1,1
31,806,75,2,2,1,2,2,2,1,2,1,2,1,1,1,1,1,1,1,1,1,1
31,807,76,2,2,1,2,2,2,1,2,1,2,1,1,1,1,1,1,1,1,1,1
31,808,76,2,2,1,2,2,2,1,2,1,2,1,1,1,1,1,1,1,1,1,1
31,809,76,2,2,1,2,2,2,1,2,1,2,1,1,1,1,1,1,1,1,1,1
31,810,76,2,2,1,2,2,2,1,2,1,2,1,1,1,1,1,1,1,1,1,1
31,811,76,2,2,1,2,2,2,1,2,1,2,1,1,1,1,1,1,1,1,1,1
31,812,76,2,2,1,2,2,2,1,2,1,2,1,1,1,1,1,1,1,1,1,1
31,813,76,2,2,1,2,2,2,1,2,1,2,1,1,1,1,1,1,1,1,1,1
31,814,76,2,2,1,2,2,2,1,2,1,2,1,1,1,1,1,1,1,1,1,1
31,815,76,2,2,1,2,2,2,1,2,1,2,1,1,1,1,1,1,1,1,1,1
31,816,76,2,2,1,2,2,2,1,2,1,2,1,1,1,1,1,1,1,1,1,1
31,817,77,3,3,3,3,3,3,3,3,3,3,3,3,3,3,3,3,3,3,3,3
31,818,77,3,3,3,3,3,3,3,3,3,3,3,3,3,3,3,3,3,3,3,3
31,819,78,3,3,3,3,3,3,2,3,3,3,2,2,2,2,2,2,2,2,2,2
31,820,78,3,3,3,3,3,3,2,3,3,3,2,2,2,2,2,2,2,2,2,2
31,821,78,3,3,3,3,3,3,2,3,3,3,2,2,2,2,2,2,2,2,2,2
31,822,78,3,3,3,3,3,3,2,3,3,3,2,2,2,2,2,2,2,2,2,2
31,823,78,3,3,3,3,3,3,2,3,3,3,2,2,2,2,2,2,2,2,2,2
31,824,78,3,3,3,3,3,3,2,3,3,3,2,2,2,2,2,2,2,2,2,2
31,825,78,3,3,3,3,3,3,2,3,3,3,2,2,2,2,2,2,2,2,2,2
31,826,79,2,2,1,2,2,2,1,2,1,2,1,1,1,1,1,1,1,1,1,1
31,827,79,2,2,1,2,2,2,1,2,1,2,1,1,1,1,1,1,1,1,1,1
31,828,79,2,2,1,2,2,2,1,2,1,2,1,1,1,1,1,1,1,1,1,1
31,829,79,2,2,1,2,2,2,1,2,1,2,1,1,1,1,1,1,1,1,1,1
31,830,79,2,2,1,2,2,2,1,2,1,2,1,1,1,1,1,1,1,1,1,1
31,831,79,2,2,1,2,2,2,1,2,1,2,1,1,1,1,1,1,1,1,1,1
31,832,79,2,2,1,2,2,2,1,2,1,2,1,1,1,1,1,1,1,1,1,1
31,833,79,2,2,1,2,2,2,1,2,1,2,1,1,1,1,1,1,1,1,1,1
31,834,79,2,2,1,2,2,2,1,2,1,2,1,1,1,1,1,1,1,1,1,1
31,835,79,2,2,1,2,2,2,1,2,1,2,1,1,1,1,1,1,1,1,1,1
31,836,79,2,2,1,2,2,2,1,2,1,2,1,1,1,1,1,1,1,1,1,1
31,837,79,2,2,1,2,2,2,1,2,1,2,1,1,1,1,1,1,1,1,1,1
31,838,79,2,2,1,2,2,2,1,2,1,2,1,1,1,1,1,1,1,1,1,1
31,839,79,2,2,1,2,2,2,1,2,1,2,1,1,1,1,1,1,1,1,1,1
31,840,79,2,2,1,2,2,2,1,2,1,2,1,1,1,1,1,1,1,1,1,1
31,841,79,2,2,1,2,2,2,1,2,1,2,1,1,1,1,1,1,1,1,1,1
31,842,79,2,2,1,2,2,2,1,2,1,2,1,1,1,1,1,1,1,1,1,1
31,843,79,2,2,1,2,2,2,1,2,1,2,1,1,1,1,1,1,1,1,1,1
31,844,79,2,2,1,2,2,2,1,2,1,2,1,1,1,1,1,1,1,1,1,1
31,845,79,2,2,1,2,2,2,1,2,1,2,1,1,1,1,1,1,1,1,1,1
31,846,80,2,2,1,2,2,2,1,2,1,2,1,1,1,1,1,1,1,1,1,1
31,847,80,2,2,1,2,2,2,1,2,1,2,1,1,1,1,1,1,1,1,1,1
31,848,80,2,2,1,2,2,2,1,2,1,2,1,1,1,1,1,1,1,1,1,1
31,849,80,2,2,1,2,2,2,1,2,1,2,1,1,1,1,1,1,1,1,1,1
31,851,81,3,3,3,3,3,3,3,3,3,3,3,3,3,3,3,3,3,3,3,3
31,852,81,3,3,3,3,3,3,3,3,3,3,3,3,3,3,3,3,3,3,3,3
31,853,81,3,3,3,3,3,3,3,3,3,3,3,3,3,3,3,3,3,3,3,3
31,854,81,3,3,3,3,3,3,3,3,3,3,3,3,3,3,3,3,3,3,3,3
31,855,82,1,1,2,1,1,1,2,1,2,1,2,2,2,2,2,2,2,2,2,2
31,856,82,1,1,2,1,1,1,2,1,2,1,2,2,2,2,2,2,2,2,2,2
31,857,82,1,1,2,1,1,1,2,1,2,1,2,2,2,2,2,2,2,2,2,2
31,858,82,1,1,2,1,1,1,2,1,2,1,2,2,2,2,2,2,2,2,2,2
31,859,83,1,1,2,1,1,1,2,1,2,1,2,2,2,2,2,2,2,2,2,2
31,860,83,1,1,2,1,1,1,2,1,2,1,2,2,2,2,2,2,2,2,2,2
31,861,84,3,3,3,3,3,3,3,3,3,3,3,3,3,3,3,3,3,3,3,3
31,862,84,3,3,3,3,3,3,3,3,3,3,3,3,3,3,3,3,3,3,3,3
31,863,84,3,3,3,3,3,3,3,3,3,3,3,3,3,3,3,3,3,3,3,3
31,864,84,3,3,3,3,3,3,3,3,3,3,3,3,3,3,3,3,3,3,3,3
31,865,84,3,3,3,3,3,3,3,3,3,3,3,3,3,3,3,3,3,3,3,3
31,866,84,3,3,3,3,3,3,3,3,3,3,3,3,3,3,3,3,3,3,3,3
31,867,85,3,3,3,3,3,3,3,3,3,3,3,3,3,3,3,3,3,3,3,3
31,868,85,3,3,3,3,3,3,3,3,3,3,3,3,3,3,3,3,3,3,3,3
31,869,85,3,3,3,3,3,3,3,3,3,3,3,3,3,3,3,3,3,3,3,3
31,870,85,3,3,3,3,3,3,3,3,3,3,3,3,3,3,3,3,3,3,3,3
31,871,85,3,3,3,3,3,3,3,3,3,3,3,3,3,3,3,3,3,3,3,3
31,872,85,3,3,3,3,3,3,3,3,3,3,3,3,3,3,3,3,3,3,3,3
31,873,85,3,3,3,3,3,3,3,3,3,3,3,3,3,3,3,3,3,3,3,3
31,874,85,3,3,3,3,3,3,3,3,3,3,3,3,3,3,3,3,3,3,3,3
31,875,86,3,3,3,3,3,3,3,3,3,3,3,3,3,3,3,3,3,3,3,3
31,876,86,3,3,3,3,3,3,3,3,3,3,3,3,3,3,3,3,3,3,3,3
31,877,86,3,3,3,3,3,3,3,3,3,3,3,3,3,3,3,3,3,3,3,3
31,878,87,1,1,2,1,1,1,2,1,2,1,2,2,2,2,2,2,2,2,2,2
31,879,87,1,1,2,1,1,1,2,1,2,1,2,2,2,2,2,2,2,2,2,2
31,880,88,3,3,3,3,3,3,2,3,3,3,2,2,2,2,2,2,2,2,2,2
31,881,88,3,3,3,3,3,3,2,3,3,3,2,2,2,2,2,2,2,2,2,2
31,882,89,2,2,1,2,2,2,1,2,1,2,1,1,1,1,1,1,1,1,1,1
31,883,89,2,2,1,2,2,2,1,2,1,2,1,1,1,1,1,1,1,1,1,1
31,884,89,2,2,1,2,2,2,1,2,1,2,1,1,1,1,1,1,1,1,1,1
31,885,89,2,2,1,2,2,2,1,2,1,2,1,1,1,1,1,1,1,1,1,1
31,886,89,2,2,1,2,2,2,1,2,1,2,1,1,1,1,1,1,1,1,1,1
31,887,89,2,2,1,2,2,2,1,2,1,2,1,1,1,1,1,1,1,1,1,1
31,888,89,2,2,1,2,2,2,1,2,1,2,1,1,1,1,1,1,1,1,1,1
31,889,89,2,2,1,2,2,2,1,2,1,2,1,1,1,1,1,1,1,1,1,1
31,890,89,2,2,1,2,2,2,1,2,1,2,1,1,1,1,1,1,1,1,1,1
31,891,89,2,2,1,2,2,2,1,2,1,2,1,1,1,1,1,1,1,1,1,1
31,892,89,2,2,1,2,2,2,1,2,1,2,1,1,1,1,1,1,1,1,1,1
31,893,89,2,2,1,2,2,2,1,2,1,2,1,1,1,1,1,1,1,1,1,1
31,894,89,2,2,1,2,2,2,1,2,1,2,1,1,1,1,1,1,1,1,1,1
31,895,89,2,2,1,2,2,2,1,2,1,2,1,1,1,1,1,1,1,1,1,1
31,896,89,2,2,1,2,2,2,1,2,1,2,1,1,1,1,1,1,1,1,1,1
31,897,89,2,2,1,2,2,2,1,2,1,2,1,1,1,1,1,1,1,1,1,1
31,898,90,2,2,2,2,2,2,2,2,2,2,2,2,2,2,2,2,2,2,2,2
31,899,90,2,2,2,2,2,2,2,2,2,2,2,2,2,2,2,2,2,2,2,2
31,900,90,2,2,2,2,2,2,2,2,2,2,2,2,2,2,2,2,2,2,2,2
31,901,91,3,3,3,3,3,3,3,3,3,3,3,3,3,3,3,3,3,3,3,3
31,902,91,3,3,3,3,3,3,3,3,3,3,3,3,3,3,3,3,3,3,3,3
31,903,91,3,3,3,3,3,3,3,3,3,3,3,3,3,3,3,3,3,3,3,3
31,904,91,3,3,3,3,3,3,3,3,3,3,3,3,3,3,3,3,3,3,3,3
31,905,91,3,3,3,3,3,3,3,3,3,3,3,3,3,3,3,3,3,3,3,3
31,906,91,3,3,3,3,3,3,3,3,3,3,3,3,3,3,3,3,3,3,3,3
31,907,91,3,3,3,3,3,3,3,3,3,3,3,3,3,3,3,3,3,3,3,3
31,908,92,3,3,3,3,3,3,3,3,3,3,3,3,3,3,3,3,3,3,3,3
31,909,92,3,3,3,3,3,3,3,3,3,3,3,3,3,3,3,3,3,3,3,3
31,910,92,3,3,3,3,3,3,3,3,3,3,3,3,3,3,3,3,3,3,3,3
31,911,92,3,3,3,3,3,3,3,3,3,3,3,3,3,3,3,3,3,3,3,3
31,912,93,1,1,2,1,1,1,2,1,2,1,2,2,2,2,2,2,2,2,2,2
31,913,93,1,1,2,1,1,1,2,1,2,1,2,2,2,2,2,2,2,2,2,2
31,914,93,1,1,2,1,1,1,2,1,2,1,2,2,2,2,2,2,2,2,2,2
31,915,93,1,1,2,1,1,1,2,1,2,1,2,2,2,2,2,2,2,2,2,2
31,916,93,1,1,2,1,1,1,2,1,2,1,2,2,2,2,2,2,2,2,2,2
31,917,93,1,1,2,1,1,1,2,1,2,1,2,2,2,2,2,2,2,2,2,2
31,918,93,1,1,2,1,1,1,2,1,2,1,2,2,2,2,2,2,2,2,2,2
31,919,93,1,1,2,1,1,1,2,1,2,1,2,2,2,2,2,2,2,2,2,2
31,920,93,1,1,2,1,1,1,2,1,2,1,2,2,2,2,2,2,2,2,2,2
31,921,93,1,1,2,1,1,1,2,1,2,1,2,2,2,2,2,2,2,2,2,2
31,922,94,2,2,1,2,2,2,1,2,1,2,1,1,1,1,1,1,1,1,1,1
31,923,94,2,2,1,2,2,2,1,2,1,2,1,1,1,1,1,1,1,1,1,1
31,924,94,2,2,1,2,2,2,1,2,1,2,1,1,1,1,1,1,1,1,1,1
31,925,94,2,2,1,2,2,2,1,2,1,2,1,1,1,1,1,1,1,1,1,1
31,926,95,1,1,2,1,1,1,2,1,2,1,2,2,2,2,2,2,2,2,2,2
31,927,95,1,1,2,1,1,1,2,1,2,1,2,2,2,2,2,2,2,2,2,2
31,928,95,1,1,2,1,1,1,2,1,2,1,2,2,2,2,2,2,2,2,2,2
31,929,95,1,1,2,1,1,1,2,1,2,1,2,2,2,2,2,2,2,2,2,2
31,930,95,1,1,2,1,1,1,2,1,2,1,2,2,2,2,2,2,2,2,2,2
31,931,95,1,1,2,1,1,1,2,1,2,1,2,2,2,2,2,2,2,2,2,2
31,932,96,3,3,3,3,3,3,3,3,3,3,3,3,3,3,3,3,3,3,3,3
31,933,96,3,3,3,3,3,3,3,3,3,3,3,3,3,3,3,3,3,3,3,3
31,934,96,3,3,3,3,3,3,3,3,3,3,3,3,3,3,3,3,3,3,3,3
31,935,96,3,3,3,3,3,3,3,3,3,3,3,3,3,3,3,3,3,3,3,3
31,936,96,3,3,3,3,3,3,3,3,3,3,3,3,3,3,3,3,3,3,3,3
31,937,96,3,3,3,3,3,3,3,3,3,3,3,3,3,3,3,3,3,3,3,3
31,938,96,3,3,3,3,3,3,3,3,3,3,3,3,3,3,3,3,3,3,3,3
31,939,96,3,3,3,3,3,3,3,3,3,3,3,3,3,3,3,3,3,3,3,3
31,940,96,3,3,3,3,3,3,3,3,3,3,3,3,3,3,3,3,3,3,3,3
31,941,96,3,3,3,3,3,3,3,3,3,3,3,3,3,3,3,3,3,3,3,3
31,942,96,3,3,3,3,3,3,3,3,3,3,3,3,3,3,3,3,3,3,3,3
31,943,96,3,3,3,3,3,3,3,3,3,3,3,3,3,3,3,3,3,3,3,3
31,944,96,3,3,3,3,3,3,3,3,3,3,3,3,3,3,3,3,3,3,3,3
31,945,96,3,3,3,3,3,3,3,3,3,3,3,3,3,3,3,3,3,3,3,3
31,946,96,3,3,3,3,3,3,3,3,3,3,3,3,3,3,3,3,3,3,3,3
31,947,96,3,3,3,3,3,3,3,3,3,3,3,3,3,3,3,3,3,3,3,3
31,948,96,3,3,3,3,3,3,3,3,3,3,3,3,3,3,3,3,3,3,3,3
31,949,96,3,3,3,3,3,3,3,3,3,3,3,3,3,3,3,3,3,3,3,3
31,950,96,3,3,3,3,3,3,3,3,3,3,3,3,3,3,3,3,3,3,3,3
31,951,96,3,3,3,3,3,3,3,3,3,3,3,3,3,3,3,3,3,3,3,3
31,952,96,3,3,3,3,3,3,3,3,3,3,3,3,3,3,3,3,3,3,3,3
31,953,96,3,3,3,3,3,3,3,3,3,3,3,3,3,3,3,3,3,3,3,3
31,954,96,3,3,3,3,3,3,3,3,3,3,3,3,3,3,3,3,3,3,3,3
31,955,96,3,3,3,3,3,3,3,3,3,3,3,3,3,3,3,3,3,3,3,3
31,956,96,3,3,3,3,3,3,3,3,3,3,3,3,3,3,3,3,3,3,3,3
31,957,96,3,3,3,3,3,3,3,3,3,3,3,3,3,3,3,3,3,3,3,3
31,958,96,3,3,3,3,3,3,3,3,3,3,3,3,3,3,3,3,3,3,3,3
31,959,96,3,3,3,3,3,3,3,3,3,3,3,3,3,3,3,3,3,3,3,3
31,960,96,3,3,3,3,3,3,3,3,3,3,3,3,3,3,3,3,3,3,3,3
31,961,96,3,3,3,3,3,3,3,3,3,3,3,3,3,3,3,3,3,3,3,3
31,962,96,3,3,3,3,3,3,3,3,3,3,3,3,3,3,3,3,3,3,3,3
31,963,96,3,3,3,3,3,3,3,3,3,3,3,3,3,3,3,3,3,3,3,3
31,964,96,3,3,3,3,3,3,3,3,3,3,3,3,3,3,3,3,3,3,3,3
31,965,96,3,3,3,3,3,3,3,3,3,3,3,3,3,3,3,3,3,3,3,3
31,966,96,3,3,3,3,3,3,3,3,3,3,3,3,3,3,3,3,3,3,3,3
31,967,96,3,3,3,3,3,3,3,3,3,3,3,3,3,3,3,3,3,3,3,3
31,968,96,3,3,3,3,3,3,3,3,3,3,3,3,3,3,3,3,3,3,3,3
31,969,96,3,3,3,3,3,3,3,3,3,3,3,3,3,3,3,3,3,3,3,3
31,970,96,3,3,3,3,3,3,3,3,3,3,3,3,3,3,3,3,3,3,3,3
31,971,96,3,3,3,3,3,3,3,3,3,3,3,3,3,3,3,3,3,3,3,3
31,972,96,3,3,3,3,3,3,3,3,3,3,3,3,3,3,3,3,3,3,3,3
31,973,97,3,3,3,3,3,3,3,3,3,3,3,3,3,3,3,3,3,3,3,3
31,974,97,3,3,3,3,3,3,3,3,3,3,3,3,3,3,3,3,3,3,3,3
31,975,97,3,3,3,3,3,3,3,3,3,3,3,3,3,3,3,3,3,3,3,3
31,976,97,3,3,3,3,3,3,3,3,3,3,3,3,3,3,3,3,3,3,3,3
31,977,98,2,2,1,2,2,2,1,2,1,2,1,1,1,1,1,1,1,1,1,1
31,978,98,2,2,1,2,2,2,1,2,1,2,1,1,1,1,1,1,1,1,1,1
31,979,98,2,2,1,2,2,2,1,2,1,2,1,1,1,1,1,1,1,1,1,1
31,980,98,2,2,1,2,2,2,1,2,1,2,1,1,1,1,1,1,1,1,1,1
31,981,98,2,2,1,2,2,2,1,2,1,2,1,1,1,1,1,1,1,1,1,1
31,982,98,2,2,1,2,2,2,1,2,1,2,1,1,1,1,1,1,1,1,1,1
31,983,98,2,2,1,2,2,2,1,2,1,2,1,1,1,1,1,1,1,1,1,1
31,984,98,2,2,1,2,2,2,1,2,1,2,1,1,1,1,1,1,1,1,1,1
31,985,99,3,3,3,3,3,3,3,3,3,3,3,3,3,3,3,3,3,3,3,3
31,986,99,3,3,3,3,3,3,3,3,3,3,3,3,3,3,3,3,3,3,3,3
31,987,99,3,3,3,3,3,3,3,3,3,3,3,3,3,3,3,3,3,3,3,3
31,988,100,1,1,2,1,1,1,2,1,2,1,2,2,2,2,2,2,2,2,2,2
31,989,100,1,1,2,1,1,1,2,1,2,1,2,2,2,2,2,2,2,2,2,2
31,990,101,1,1,2,1,1,1,1,1,1,1,1,1,1,1,1,1,1,1,1,1
31,991,101,1,1,2,1,1,1,1,1,1,1,1,1,1,1,1,1,1,1,1,1
31,992,101,1,1,2,1,1,1,1,1,1,1,1,1,1,1,1,1,1,1,1,1
31,993,101,1,1,2,1,1,1,1,1,1,1,1,1,1,1,1,1,1,1,1,1
31,994,101,1,1,2,1,1,1,1,1,1,1,1,1,1,1,1,1,1,1,1,1
31,995,101,1,1,2,1,1,1,1,1,1,1,1,1,1,1,1,1,1,1,1,1
31,996,101,1,1,2,1,1,1,1,1,1,1,1,1,1,1,1,1,1,1,1,1
31,997,101,1,1,2,1,1,1,1,1,1,1,1,1,1,1,1,1,1,1,1,1
31,998,101,1,1,2,1,1,1,1,1,1,1,1,1,1,1,1,1,1,1,1,1
31,999,101,1,1,2,1,1,1,1,1,1,1,1,1,1,1,1,1,1,1,1,1
31,1000,101,1,1,2,1,1,1,1,1,1,1,1,1,1,1,1,1,1,1,1,1
31,1001,101,1,1,2,1,1,1,1,1,1,1,1,1,1,1,1,1,1,1,1,1
31,1002,101,1,1,2,1,1,1,1,1,1,1,1,1,1,1,1,1,1,1,1,1
31,1003,101,1,1,2,1,1,1,1,1,1,1,1,1,1,1,1,1,1,1,1,1
31,1004,101,1,1,2,1,1,1,1,1,1,1,1,1,1,1,1,1,1,1,1,1
31,1005,101,1,1,2,1,1,1,1,1,1,1,1,1,1,1,1,1,1,1,1,1
31,1006,101,1,1,2,1,1,1,1,1,1,1,1,1,1,1,1,1,1,1,1,1
31,1007,101,1,1,2,1,1,1,1,1,1,1,1,1,1,1,1,1,1,1,1,1
31,1008,101,1,1,2,1,1,1,1,1,1,1,1,1,1,1,1,1,1,1,1,1
31,1009,101,1,1,2,1,1,1,1,1,1,1,1,1,1,1,1,1,1,1,1,1
31,1010,102,3,3,3,3,3,3,3,3,3,3,3,3,3,3,3,3,3,3,3,3
31,1011,102,3,3,3,3,3,3,3,3,3,3,3,3,3,3,3,3,3,3,3,3
31,1012,102,3,3,3,3,3,3,3,3,3,3,3,3,3,3,3,3,3,3,3,3
31,1013,102,3,3,3,3,3,3,3,3,3,3,3,3,3,3,3,3,3,3,3,3
31,1014,102,3,3,3,3,3,3,3,3,3,3,3,3,3,3,3,3,3,3,3,3
31,1015,102,3,3,3,3,3,3,3,3,3,3,3,3,3,3,3,3,3,3,3,3
31,1016,102,3,3,3,3,3,3,3,3,3,3,3,3,3,3,3,3,3,3,3,3
31,1017,102,3,3,3,3,3,3,3,3,3,3,3,3,3,3,3,3,3,3,3,3
31,1018,102,3,3,3,3,3,3,3,3,3,3,3,3,3,3,3,3,3,3,3,3
31,1019,102,3,3,3,3,3,3,3,3,3,3,3,3,3,3,3,3,3,3,3,3
31,1020,102,3,3,3,3,3,3,3,3,3,3,3,3,3,3,3,3,3,3,3,3
31,1021,102,3,3,3,3,3,3,3,3,3,3,3,3,3,3,3,3,3,3,3,3
31,1022,102,3,3,3,3,3,3,3,3,3,3,3,3,3,3,3,3,3,3,3,3
31,1023,102,3,3,3,3,3,3,3,3,3,3,3,3,3,3,3,3,3,3,3,3
31,1024,102,3,3,3,3,3,3,3,3,3,3,3,3,3,3,3,3,3,3,3,3
31,1025,102,3,3,3,3,3,3,3,3,3,3,3,3,3,3,3,3,3,3,3,3
31,1026,102,3,3,3,3,3,3,3,3,3,3,3,3,3,3,3,3,3,3,3,3
31,1027,102,3,3,3,3,3,3,3,3,3,3,3,3,3,3,3,3,3,3,3,3
31,1028,102,3,3,3,3,3,3,3,3,3,3,3,3,3,3,3,3,3,3,3,3
31,1029,102,3,3,3,3,3,3,3,3,3,3,3,3,3,3,3,3,3,3,3,3
31,1030,102,3,3,3,3,3,3,3,3,3,3,3,3,3,3,3,3,3,3,3,3
31,1031,102,3,3,3,3,3,3,3,3,3,3,3,3,3,3,3,3,3,3,3,3
31,1032,102,3,3,3,3,3,3,3,3,3,3,3,3,3,3,3,3,3,3,3,3
31,1033,102,3,3,3,3,3,3,3,3,3,3,3,3,3,3,3,3,3,3,3,3
31,1034,102,3,3,3,3,3,3,3,3,3,3,3,3,3,3,3,3,3,3,3,3
31,1035,102,3,3,3,3,3,3,3,3,3,3,3,3,3,3,3,3,3,3,3,3
31,1036,102,3,3,3,3,3,3,3,3,3,3,3,3,3,3,3,3,3,3,3,3
31,1037,102,3,3,3,3,3,3,3,3,3,3,3,3,3,3,3,3,3,3,3,3
31,1038,102,3,3,3,3,3,3,3,3,3,3,3,3,3,3,3,3,3,3,3,3
31,1039,102,3,3,3,3,3,3,3,3,3,3,3,3,3,3,3,3,3,3,3,3
31,1040,102,3,3,3,3,3,3,3,3,3,3,3,3,3,3,3,3,3,3,3,3
31,1041,102,3,3,3,3,3,3,3,3,3,3,3,3,3,3,3,3,3,3,3,3
31,1042,102,3,3,3,3,3,3,3,3,3,3,3,3,3,3,3,3,3,3,3,3
31,1043,103,1,1,1,1,1,1,2,1,2,1,2,2,2,2,2,2,2,2,2,2
31,1044,103,1,1,1,1,1,1,2,1,2,1,2,2,2,2,2,2,2,2,2,2
31,1045,104,2,2,1,2,2,2,3,2,1,2,3,3,3,3,3,3,3,3,3,3
31,1046,104,2,2,1,2,2,2,3,2,1,2,3,3,3,3,3,3,3,3,3,3
31,1047,104,2,2,1,2,2,2,3,2,1,2,3,3,3,3,3,3,3,3,3,3
31,1048,104,2,2,1,2,2,2,3,2,1,2,3,3,3,3,3,3,3,3,3,3
31,1049,104,2,2,1,2,2,2,3,2,1,2,3,3,3,3,3,3,3,3,3,3
31,1050,104,2,2,1,2,2,2,3,2,1,2,3,3,3,3,3,3,3,3,3,3
31,1051,104,2,2,1,2,2,2,3,2,1,2,3,3,3,3,3,3,3,3,3,3
31,1052,104,2,2,1,2,2,2,3,2,1,2,3,3,3,3,3,3,3,3,3,3
31,1053,104,2,2,1,2,2,2,3,2,1,2,3,3,3,3,3,3,3,3,3,3
31,1054,104,2,2,1,2,2,2,3,2,1,2,3,3,3,3,3,3,3,3,3,3
31,1055,104,2,2,1,2,2,2,3,2,1,2,3,3,3,3,3,3,3,3,3,3
31,1056,105,1,1,2,1,1,1,2,1,2,1,2,2,2,2,2,2,2,2,2,2
31,1057,106,3,3,3,3,3,3,2,3,3,3,2,2,2,2,2,2,2,2,2,2
31,1058,106,3,3,3,3,3,3,2,3,3,3,2,2,2,2,2,2,2,2,2,2
31,1059,106,3,3,3,3,3,3,2,3,3,3,2,2,2,2,2,2,2,2,2,2
31,1060,50,5,5,5,5,5,5,5,5,4,5,5,5,5,5,5,5,5,5,5,5
31,1061,50,5,5,5,5,5,5,5,5,4,5,5,5,5,5,5,5,5,5,5,5
31,1062,50,5,5,5,5,5,5,5,5,4,5,5,5,5,5,5,5,5,5,5,5
31,1063,50,5,5,5,5,5,5,5,5,4,5,5,5,5,5,5,5,5,5,5,5
31,1064,50,5,5,5,5,5,5,5,5,4,5,5,5,5,5,5,5,5,5,5,5
31,1065,50,5,5,5,5,5,5,5,5,4,5,5,5,5,5,5,5,5,5,5,5
31,1066,50,5,5,5,5,5,5,5,5,4,5,5,5,5,5,5,5,5,5,5,5
31,1067,50,5,5,5,5,5,5,5,5,4,5,5,5,5,5,5,5,5,5,5,5
31,1068,50,5,5,5,5,5,5,5,5,4,5,5,5,5,5,5,5,5,5,5,5
31,1069,50,5,5,5,5,5,5,5,5,4,5,5,5,5,5,5,5,5,5,5,5
31,1070,50,5,5,5,5,5,5,5,5,4,5,5,5,5,5,5,5,5,5,5,5
31,1071,50,5,5,5,5,5,5,5,5,4,5,5,5,5,5,5,5,5,5,5,5
31,1072,50,5,5,5,5,5,5,5,5,4,5,5,5,5,5,5,5,5,5,5,5
31,1073,50,5,5,5,5,5,5,5,5,4,5,5,5,5,5,5,5,5,5,5,5
31,1074,50,5,5,5,5,5,5,5,5,4,5,5,5,5,5,5,5,5,5,5,5
31,1075,50,5,5,5,5,5,5,5,5,4,5,5,5,5,5,5,5,5,5,5,5
31,1076,50,5,5,5,5,5,5,5,5,4,5,5,5,5,5,5,5,5,5,5,5
31,1077,50,5,5,5,5,5,5,5,5,4,5,5,5,5,5,5,5,5,5,5,5
31,1078,50,5,5,5,5,5,5,5,5,4,5,5,5,5,5,5,5,5,5,5,5
31,1079,50,5,5,5,5,5,5,5,5,4,5,5,5,5,5,5,5,5,5,5,5
31,1080,50,5,5,5,5,5,5,5,5,4,5,5,5,5,5,5,5,5,5,5,5
31,1081,50,5,5,5,5,5,5,5,5,4,5,5,5,5,5,5,5,5,5,5,5
31,1082,50,4,5,5,4,4,5,4,5,4,4,4,4,4,4,4,4,4,4,4,4
31,1083,50,4,5,5,4,4,5,4,5,4,4,4,4,4,4,4,4,4,4,4,4
31,1084,50,4,5,5,4,4,5,4,5,4,4,4,4,4,4,4,4,4,4,4,4
31,1085,50,4,5,5,4,4,5,4,5,4,4,4,4,4,4,4,4,4,4,4,4
31,1086,50,4,5,5,4,4,5,4,5,4,4,4,4,4,4,4,4,4,4,4,4
31,1087,50,4,5,5,4,4,5,4,5,4,4,4,4,4,4,4,4,4,4,4,4
31,1088,50,4,5,5,4,4,5,4,5,4,4,4,4,4,4,4,4,4,4,4,4
31,1089,50,4,5,5,4,4,5,4,5,4,4,4,4,4,4,4,4,4,4,4,4
31,1090,50,4,5,5,4,4,5,4,5,4,4,4,4,4,4,4,4,4,4,4,4
31,1091,50,4,5,5,4,4,5,4,5,4,4,4,4,4,4,4,4,4,4,4,4
31,1092,50,4,5,5,4,4,5,4,5,4,4,4,4,4,4,4,4,4,4,4,4
31,1093,50,4,5,5,4,4,5,4,5,4,4,4,4,4,4,4,4,4,4,4,4
31,1094,50,4,5,5,4,4,5,4,5,4,4,4,4,4,4,4,4,4,4,4,4
31,1095,50,4,5,5,4,4,5,4,5,4,4,4,4,4,4,4,4,4,4,4,4
31,1096,50,4,5,5,4,4,5,4,5,4,4,4,4,4,4,4,4,4,4,4,4
31,1097,50,4,5,5,4,4,5,4,5,4,4,4,4,4,4,4,4,4,4,4,4
31,1098,50,4,5,5,4,4,5,4,5,4,4,4,4,4,4,4,4,4,4,4,4
31,1099,50,4,5,5,4,4,5,4,5,4,4,4,4,4,4,4,4,4,4,4,4
31,1100,50,4,5,5,4,4,5,4,5,4,4,4,4,4,4,4,4,4,4,4,4
31,1101,50,4,5,5,4,4,5,4,5,4,4,4,4,4,4,4,4,4,4,4,4
31,1102,50,4,5,5,4,4,5,4,5,4,4,4,4,4,4,4,4,4,4,4,4
31,1103,50,4,5,5,4,4,5,4,5,4,4,4,4,4,4,4,4,4,4,4,4
31,1104,50,4,5,5,4,4,5,4,5,4,4,4,4,4,4,4,4,4,4,4,4
31,1105,50,4,5,5,4,4,5,4,5,4,4,4,4,4,4,4,4,4,4,4,4
31,1106,50,4,5,5,4,4,5,4,5,4,4,4,4,4,4,4,4,4,4,4,4
31,1107,50,5,5,5,5,5,5,5,5,4,5,4,4,4,4,4,4,4,4,4,4
31,1108,50,5,5,5,5,5,5,5,5,4,5,4,4,4,4,4,4,4,4,4,4
31,1109,50,5,5,5,5,5,5,5,5,4,5,4,4,4,4,4,4,4,4,4,4
31,1110,50,5,5,5,5,5,5,5,5,4,5,4,4,4,4,4,4,4,4,4,4
31,1111,50,5,5,5,5,5,5,5,5,4,5,4,4,4,4,4,4,4,4,4,4
31,1112,50,5,5,5,5,5,5,5,5,4,5,4,4,4,4,4,4,4,4,4,4
31,1113,50,5,5,5,5,5,5,5,5,4,5,4,4,4,4,4,4,4,4,4,4
31,1114,50,5,5,5,5,5,5,5,5,4,5,4,4,4,4,4,4,4,4,4,4
31,1115,50,5,5,5,5,5,5,5,5,4,5,4,4,4,4,4,4,4,4,4,4
31,1116,50,5,5,5,5,5,5,5,5,4,5,4,4,4,4,4,4,4,4,4,4
31,1117,50,5,5,5,5,5,5,5,5,4,5,4,4,4,4,4,4,4,4,4,4
31,1118,50,5,5,5,5,5,5,5,5,4,5,4,4,4,4,4,4,4,4,4,4
31,1119,50,5,5,5,5,5,5,5,5,4,5,4,4,4,4,4,4,4,4,4,4
31,1120,50,5,5,5,5,5,5,5,5,4,5,4,4,4,4,4,4,4,4,4,4
31,1121,50,5,5,5,5,5,5,5,5,4,5,4,4,4,4,4,4,4,4,4,4
31,1122,50,5,5,5,5,5,5,5,5,4,5,4,4,4,4,4,4,4,4,4,4
31,1123,50,5,5,5,5,5,5,5,5,4,5,4,4,4,4,4,4,4,4,4,4
31,1124,50,5,5,5,5,5,5,5,5,4,5,4,4,4,4,4,4,4,4,4,4
31,1125,50,5,5,5,5,5,5,5,5,4,5,4,4,4,4,4,4,4,4,4,4
31,1126,50,5,5,5,5,5,5,5,5,4,5,4,4,4,4,4,4,4,4,4,4
31,1127,50,5,5,5,5,5,5,5,5,4,5,4,4,4,4,4,4,4,4,4,4
31,1128,50,5,5,5,5,5,5,5,5,4,5,4,4,4,4,4,4,4,4,4,4
31,1129,50,5,5,5,5,5,5,5,5,4,5,4,4,4,4,4,4,4,4,4,4
