{"entidad":6,"partes":[{"id":0,"nombre":"","tipologia":6,"primerdistrito":0,"distritos":12,"municipios":[{"id":1,"fraccion":1},{"id":2,"fraccion":0},{"id":3,"fraccion":1},{"id":4,"fraccion":0},{"id":5,"fraccion":1},{"id":6,"fraccion":0},{"id":7,"fraccion":0},{"id":10,"fraccion":1}]},{"id":1,"nombre":"MANZANILLO","tipologia":1,"primerdistrito":12,"distritos":4,"municipios":[{"id":8,"fraccion":1},{"id":9,"fraccion":0}]}],"cumulos":[{"id":0,"tipo":0,"secciones":[336,334,335]},{"id":1,"tipo":2,"secciones":[96,97,98,99,100,101,102,103,104,92,93,94,95]},{"id":2,"tipo":2,"secciones":[128,129,130,131,132,133,134,135,136,137,120,121,122,123,124,125,126,127]},{"id":3,"tipo":2,"secciones":[170,171,172,173,174,175,176,177,178,179,180,181,182,183,184,185,186,187,188,189,190]},{"id":4,"tipo":2,"secciones":[192,193,194,195,196,197,198,199,191]},{"id":5,"tipo":2,"secciones":[272,273,274,275,276,270,271]},{"id":6,"tipo":3,"secciones":[228,229,230]},{"id":7,"tipo":3,"secciones":[90,91]},{"id":8,"tipo":3,"secciones":[322,323]},{"id":9,"tipo":3,"secciones":[146,167,168]},{"id":10,"tipo":3,"secciones":[145,166,169]},{"id":11,"tipo":3,"secciones":[162,164,165]},{"id":12,"tipo":3,"secciones":[320,321,317,318,319]},{"id":13,"tipo":3,"secciones":[256,253,254,255]}],"separados":[],"distritos":[{"d":1,"dinx":1,"des":[{"mu":1,"s":[54,55,56,63,64,65,66,67,68,73,74,75,76,81,83,84,85,86,87,88,89,90,91]},{"mu":7,"s":[192,193,194,195,196,197,198,199,191]}],"p":[{"t":1, "v":"40230"},{"t":4, "v":"00:31"},{"t":5, "v":"-1.06"},{"t":6, "v":"-430"},{"t":7, "v":"0.004964"},{"t":8, "v":"0.159860"}]},{"d":2,"dinx":2,"des":[{"mu":10,"s":[277,278,279,280,281,282,283,284,285,287,288,291,292,293,294,299,300,306]}],"p":[{"t":1, "v":"40002"},{"t":4, "v":"00:00"},{"t":5, "v":"-1.62"},{"t":6, "v":"-658"},{"t":7, "v":"0.011629"},{"t":8, "v":"0.128804"}]},{"d":3,"dinx":3,"des":[{"mu":10,"s":[336,334,335,295,296,301,303,304,305,307,308,309,310,311,313,314,315,316,327,329,330,331,332,333]}],"p":[{"t":1, "v":"40657"},{"t":4, "v":"00:00"},{"t":5, "v":"-0.01"},{"t":6, "v":"-3"},{"t":7, "v":"0.000000"},{"t":8, "v":"0.163236"}]},{"d":4,"dinx":4,"des":[{"mu":2,"s":[96,97,98,99,100,101,102,103,104,92,93,94,95]},{"mu":5,"s":[140,147,152,146,167,168,337,338]}],"p":[{"t":1, "v":"40819"},{"t":4, "v":"00:11"},{"t":5, "v":"0.39"},{"t":6, "v":"159"},{"t":7, "v":"0.000682"},{"t":8, "v":"0.293646"}]},{"d":5,"dinx":5,"des":[{"mu":6,"s":[170,171,172,173,174,175,176,177,178,179,180,181,182,183,184,185,186,187,188,189,190]},{"mu":10,"s":[322,323,298,312,324,328]}],"p":[{"t":1, "v":"39808"},{"t":4, "v":"00:13"},{"t":5, "v":"-2.10"},{"t":6, "v":"-852"},{"t":7, "v":"0.019501"},{"t":8, "v":"0.155634"}]},{"d":6,"dinx":6,"des":[{"mu":5,"s":[138,139,141,142,143,144,150,145,166,169]}],"p":[{"t":1, "v":"39803"},{"t":4, "v":"00:00"},{"t":5, "v":"-2.11"},{"t":6, "v":"-857"},{"t":7, "v":"0.019730"},{"t":8, "v":"0.287681"}]},{"d":7,"dinx":7,"des":[{"mu":5,"s":[153,160,161,339,340,341,342,343,344,345,346,347,348,349,350,351,352,353,354,355,356,357,358,359,360,361,362,363,364,365,366,367,368,369,370,371,372]}],"p":[{"t":1, "v":"40253"},{"t":4, "v":"00:00"},{"t":5, "v":"-1.00"},{"t":6, "v":"-407"},{"t":7, "v":"0.004446"},{"t":8, "v":"0.171217"}]},{"d":8,"dinx":8,"des":[{"mu":1,"s":[30,31,32,33,35,36,42,43,44,45,46,50,51,52,53,57,58,59,60,69,70,71,72]}],"p":[{"t":1, "v":"40176"},{"t":4, "v":"00:00"},{"t":5, "v":"-1.19"},{"t":6, "v":"-484"},{"t":7, "v":"0.006290"},{"t":8, "v":"0.116758"}]},{"d":9,"dinx":9,"des":[{"mu":1,"s":[6,11,12,13,18,19,20,21,22,23,24,34,37,61,62,78,79,80]}],"p":[{"t":1, "v":"39955"},{"t":4, "v":"00:00"},{"t":5, "v":"-1.73"},{"t":6, "v":"-705"},{"t":7, "v":"0.013350"},{"t":8, "v":"0.220310"}]},{"d":10,"dinx":10,"des":[{"mu":1,"s":[3,4,5,7,8,9,10,14,15,16,17,25,26,27,28,29,38,39,40,41,47,48,49]},{"mu":5,"s":[148,149,151,154,155,156,157,158,159,162,164,165]}],"p":[{"t":1, "v":"39516"},{"t":4, "v":"00:05"},{"t":5, "v":"-2.81"},{"t":6, "v":"-1144"},{"t":7, "v":"0.035164"},{"t":8, "v":"0.125017"}]},{"d":11,"dinx":11,"des":[{"mu":3,"s":[105,106,107,108,109,110,111,112,113,114,115,116,117,118,119]},{"mu":10,"s":[320,321,317,318,319,286,289,290,297,302,325,326]}],"p":[{"t":1, "v":"40382"},{"t":4, "v":"00:42"},{"t":5, "v":"-0.68"},{"t":6, "v":"-278"},{"t":7, "v":"0.002073"},{"t":8, "v":"0.244035"}]},{"d":12,"dinx":12,"des":[{"mu":1,"s":[1,2,77,82]},{"mu":4,"s":[128,129,130,131,132,133,134,135,136,137,120,121,122,123,124,125,126,127]}],"p":[{"t":1, "v":"39366"},{"t":4, "v":"00:15"},{"t":5, "v":"-3.18"},{"t":6, "v":"-1294"},{"t":7, "v":"0.044993"},{"t":8, "v":"0.262190"}]},{"d":13,"dinx":13,"des":[{"mu":8,"s":[207,212,213,215,217,218,219,220,221,231,232,233,238,261,263,264,265,266,267,268,269]}],"p":[{"t":1, "v":"43600"},{"t":4, "v":"00:00"},{"t":5, "v":"7.23"},{"t":6, "v":"2940"},{"t":7, "v":"0.232422"},{"t":8, "v":"0.247715"}]},{"d":14,"dinx":14,"des":[{"mu":8,"s":[222,223,224,225,226,227,234,235,236,237,239,240,241,242,243,228,229,230]},{"mu":9,"s":[272,273,274,275,276,270,271]}],"p":[{"t":1, "v":"41581"},{"t":4, "v":"00:50"},{"t":5, "v":"2.27"},{"t":6, "v":"921"},{"t":7, "v":"0.022819"},{"t":8, "v":"0.603345"}]},{"d":15,"dinx":15,"des":[{"mu":8,"s":[200,201,202,203,204,205,206,208,209,210,211,214,216,251,252,257,258,259,260,262,256,253,254,255]}],"p":[{"t":1, "v":"42871"},{"t":4, "v":"00:00"},{"t":5, "v":"5.44"},{"t":6, "v":"2211"},{"t":7, "v":"0.131459"},{"t":8, "v":"0.577574"}]},{"d":16,"dinx":16,"des":[{"mu":8,"s":[244,245,246,247,248,249,250]}],"p":[{"t":1, "v":"41536"},{"t":4, "v":"00:00"},{"t":5, "v":"2.15"},{"t":6, "v":"876"},{"t":7, "v":"0.020645"},{"t":8, "v":"0.109784"}]}],"calificaciones":[{"t":"1","a":"1.0","p":"0.570167","sp":"0.570167"},{"t":"2","a":"0.5","p":"3.866807","sp":"7.733614"}],"total":{"p":4.436974,"sp":8.303781},"sellos":[{"n":"escenario","v":"md5"},{"n":"calificacion","v":"md5"},{"n":"municipios","v":"md5"},{"n":"secciones","v":"md5"},{"n":"tiemposmunicipios","v":"md5"}],"version":"Versi�n 1.4a 04/05/2016 Distritaci�n Local 2016"}