"","Estado","Secci√≥n","Municipio","Escenario 1","MC CLV","Morena CLV","PANAL CLV","PAN CLV","PES CLV","PRD CLV","PRI CLV","PT CLV","PVEM CLV","Escenario 2","MC CLV","Morena CLV","PANAL CLV","PAN CLV","PES CLV","PRD CLV","PRI CLV","PT CLV","PVEM CLV","Escenario 3"
"1",6,1,1,1,2,2,2,2,2,2,2,2,2,1,2,2,2,2,2,2,2,2,2,2
"2",6,2,1,1,2,2,2,2,2,2,2,2,2,1,2,2,2,2,2,2,2,2,2,2
"3",6,3,1,1,2,2,2,2,2,2,2,2,2,1,2,2,2,2,2,2,2,2,2,2
"4",6,4,1,1,2,2,2,2,2,2,2,2,2,1,2,2,2,2,2,2,2,2,2,2
"5",6,5,1,1,2,2,2,2,2,2,2,2,2,1,2,2,2,2,2,2,2,2,2,2
"6",6,6,1,1,2,2,2,2,2,2,2,2,2,1,2,2,2,2,2,2,2,2,2,2
"7",6,7,1,1,2,2,2,2,2,2,2,2,2,1,2,2,2,2,2,2,2,2,2,2
"8",6,8,1,1,2,2,2,2,2,2,2,2,2,1,2,2,2,2,2,2,2,2,2,2
"9",6,9,1,1,2,2,2,2,2,2,2,2,2,1,2,2,2,2,2,2,2,2,2,2
"10",6,10,1,1,2,2,2,2,2,2,2,2,2,1,2,2,2,2,2,2,2,2,2,2
"11",6,11,1,1,2,2,2,2,2,2,2,2,2,1,2,2,2,2,2,2,2,2,2,2
"12",6,12,1,1,2,2,2,2,2,2,2,2,2,1,2,2,2,2,2,2,2,2,2,2
"13",6,13,1,1,2,2,2,2,2,2,2,2,2,1,2,2,2,2,2,2,2,2,2,2
"14",6,14,1,1,2,2,2,2,2,2,2,2,2,1,2,2,2,2,2,2,2,2,2,2
"15",6,15,1,1,2,2,2,2,2,2,2,2,2,1,2,2,2,2,2,2,2,2,2,2
"16",6,16,1,1,2,2,2,2,2,2,2,2,2,1,2,2,2,2,2,2,2,2,2,2
"17",6,17,1,1,2,2,2,2,2,2,2,2,2,1,2,2,2,2,2,2,2,2,2,2
"18",6,18,1,1,2,2,2,2,2,2,2,2,2,1,2,2,2,2,2,2,2,2,2,2
"19",6,19,1,1,2,2,2,2,2,2,2,2,2,1,2,2,2,2,2,2,2,2,2,2
"20",6,20,1,1,2,2,2,2,2,2,2,2,2,1,2,2,2,2,2,2,2,2,2,2
"21",6,21,1,1,2,2,2,2,2,2,2,2,2,1,2,2,2,2,2,2,2,2,2,2
"22",6,22,1,1,2,2,2,2,2,2,2,2,2,1,2,2,2,2,2,2,2,2,2,2
"23",6,23,1,1,2,2,2,2,2,2,2,2,2,1,2,2,2,2,2,2,2,2,2,2
"24",6,24,1,1,2,2,2,2,2,2,2,2,2,1,2,2,2,2,2,2,2,2,2,2
"25",6,25,1,1,2,2,2,2,2,2,2,2,2,1,2,2,2,2,2,2,2,2,2,2
"26",6,26,1,1,2,2,2,2,2,2,2,2,2,1,2,2,2,2,2,2,2,2,2,2
"27",6,27,1,1,2,2,2,2,2,2,2,2,2,1,2,2,2,2,2,2,2,2,2,2
"28",6,28,1,1,2,2,2,2,2,2,2,2,2,1,2,2,2,2,2,2,2,2,2,2
"29",6,29,1,1,2,2,2,2,2,2,2,2,2,1,2,2,2,2,2,2,2,2,2,2
"30",6,30,1,1,2,2,2,2,2,2,2,2,2,1,2,2,2,2,2,2,2,2,2,2
"31",6,31,1,1,2,2,2,2,2,2,2,2,2,1,2,2,2,2,2,2,2,2,2,2
"32",6,32,1,1,2,2,2,2,2,2,2,2,2,1,2,2,2,2,2,2,2,2,2,2
"33",6,33,1,1,2,2,2,2,2,2,2,2,2,1,2,2,2,2,2,2,2,2,2,2
"34",6,34,1,1,2,2,2,2,2,2,2,2,2,1,2,2,2,2,2,2,2,2,2,2
"35",6,35,1,1,2,2,2,2,2,2,2,2,2,1,2,2,2,2,2,2,2,2,2,2
"36",6,36,1,1,2,2,2,2,2,2,2,2,2,1,2,2,2,2,2,2,2,2,2,2
"37",6,37,1,1,2,2,2,2,2,2,2,2,2,1,2,2,2,2,2,2,2,2,2,2
"38",6,38,1,1,2,2,2,2,2,2,2,2,2,1,2,2,2,2,2,2,2,2,2,2
"39",6,39,1,1,2,2,2,2,2,2,2,2,2,1,2,2,2,2,2,2,2,2,2,2
"40",6,40,1,1,2,2,2,2,2,2,2,2,2,1,2,2,2,2,2,2,2,2,2,2
"41",6,41,1,1,2,2,2,2,2,2,2,2,2,1,2,2,2,2,2,2,2,2,2,2
"42",6,42,1,1,2,2,2,2,2,2,2,2,2,1,2,2,2,2,2,2,2,2,2,2
"43",6,43,1,1,2,2,2,2,2,2,2,2,2,1,2,2,2,2,2,2,2,2,2,2
"44",6,44,1,1,2,2,2,2,2,2,2,2,2,1,2,2,2,2,2,2,2,2,2,2
"45",6,45,1,1,2,2,2,2,2,2,2,2,2,1,2,2,2,2,2,2,2,2,2,2
"46",6,46,1,1,2,2,2,2,2,2,2,2,2,1,2,2,2,2,2,2,2,2,2,2
"47",6,47,1,1,2,2,2,2,2,2,2,2,2,1,2,2,2,2,2,2,2,2,2,2
"48",6,48,1,1,2,2,2,2,2,2,2,2,2,1,2,2,2,2,2,2,2,2,2,2
"49",6,49,1,1,2,2,2,2,2,2,2,2,2,1,2,2,2,2,2,2,2,2,2,2
"50",6,50,1,1,2,2,2,2,2,2,2,2,2,1,2,2,2,2,2,2,2,2,2,2
"51",6,51,1,1,2,2,2,2,2,2,2,2,2,1,2,2,2,2,2,2,2,2,2,2
"52",6,52,1,1,2,2,2,2,2,2,2,2,2,1,2,2,2,2,2,2,2,2,2,2
"53",6,53,1,1,2,2,2,2,2,2,2,2,2,1,2,2,2,2,2,2,2,2,2,2
"54",6,54,1,1,2,2,2,2,2,2,2,2,2,1,2,2,2,2,2,2,2,2,2,2
"55",6,55,1,1,2,2,2,2,2,2,2,2,2,1,2,2,2,2,2,2,2,2,2,2
"56",6,56,1,1,2,2,2,2,2,2,2,2,2,1,2,2,2,2,2,2,2,2,2,2
"57",6,57,1,1,2,2,2,2,2,2,2,2,2,1,2,2,2,2,2,2,2,2,2,2
"58",6,58,1,1,2,2,2,2,2,2,2,2,2,1,2,2,2,2,2,2,2,2,2,2
"59",6,59,1,1,2,2,2,2,2,2,2,2,2,1,2,2,2,2,2,2,2,2,2,2
"60",6,60,1,1,2,2,2,2,2,2,2,2,2,1,2,2,2,2,2,2,2,2,2,2
"61",6,61,1,1,2,2,2,2,2,2,2,2,2,1,2,2,2,2,2,2,2,2,2,2
"62",6,62,1,1,2,2,2,2,2,2,2,2,2,1,2,2,2,2,2,2,2,2,2,2
"63",6,63,1,1,2,2,2,2,2,2,2,2,2,1,2,2,2,2,2,2,2,2,2,2
"64",6,64,1,1,2,2,2,2,2,2,2,2,2,1,2,2,2,2,2,2,2,2,2,2
"65",6,65,1,1,2,2,2,2,2,2,2,2,2,1,2,2,2,2,2,2,2,2,2,2
"66",6,66,1,1,2,2,2,2,2,2,2,2,2,1,2,2,2,2,2,2,2,2,2,2
"67",6,67,1,1,2,2,2,2,2,2,2,2,2,1,2,2,2,2,2,2,2,2,2,2
"68",6,68,1,1,2,2,2,2,2,2,2,2,2,1,2,2,2,2,2,2,2,2,2,2
"69",6,69,1,1,2,2,2,2,2,2,2,2,2,1,2,2,2,2,2,2,2,2,2,2
"70",6,70,1,1,2,2,2,2,2,2,2,2,2,1,2,2,2,2,2,2,2,2,2,2
"71",6,71,1,1,2,2,2,2,2,2,2,2,2,1,2,2,2,2,2,2,2,2,2,2
"72",6,72,1,1,2,2,2,2,2,2,2,2,2,1,2,2,2,2,2,2,2,2,2,2
"73",6,73,1,1,2,2,2,2,2,2,2,2,2,1,2,2,2,2,2,2,2,2,2,2
"74",6,74,1,1,2,2,2,2,2,2,2,2,2,1,2,2,2,2,2,2,2,2,2,2
"75",6,75,1,1,2,2,2,2,2,2,2,2,2,1,2,2,2,2,2,2,2,2,2,2
"76",6,76,1,1,2,2,2,2,2,2,2,2,2,1,2,2,2,2,2,2,2,2,2,2
"77",6,77,1,1,2,2,2,2,2,2,2,2,2,1,2,2,2,2,2,2,2,2,2,2
"78",6,78,1,1,2,2,2,2,2,2,2,2,2,1,2,2,2,2,2,2,2,2,2,2
"79",6,79,1,1,2,2,2,2,2,2,2,2,2,1,2,2,2,2,2,2,2,2,2,2
"80",6,80,1,1,2,2,2,2,2,2,2,2,2,1,2,2,2,2,2,2,2,2,2,2
"81",6,81,1,1,2,2,2,2,2,2,2,2,2,1,2,2,2,2,2,2,2,2,2,2
"82",6,82,1,1,2,2,2,2,2,2,2,2,2,1,2,2,2,2,2,2,2,2,2,2
"83",6,83,1,1,2,2,2,2,2,2,2,2,2,1,2,2,2,2,2,2,2,2,2,2
"84",6,84,1,1,2,2,2,2,2,2,2,2,2,1,2,2,2,2,2,2,2,2,2,2
"85",6,85,1,1,2,2,2,2,2,2,2,2,2,1,2,2,2,2,2,2,2,2,2,2
"86",6,86,1,1,2,2,2,2,2,2,2,2,2,1,2,2,2,2,2,2,2,2,2,2
"87",6,87,1,1,2,2,2,2,2,2,2,2,2,1,2,2,2,2,2,2,2,2,2,2
"88",6,88,1,1,2,2,2,2,2,2,2,2,2,1,2,2,2,2,2,2,2,2,2,2
"89",6,89,1,1,2,2,2,2,2,2,2,2,2,1,2,2,2,2,2,2,2,2,2,2
"90",6,90,1,1,2,2,2,2,2,2,2,2,2,1,2,2,2,2,2,2,2,2,2,2
"91",6,91,1,1,2,2,2,2,2,2,2,2,2,1,2,2,2,2,2,2,2,2,2,2
"92",6,92,2,1,2,2,2,2,2,2,2,2,2,1,2,2,2,2,2,2,2,2,2,2
"93",6,93,2,1,2,2,2,2,2,2,2,2,2,1,2,2,2,2,2,2,2,2,2,2
"94",6,94,2,1,2,2,2,2,2,2,2,2,2,1,2,2,2,2,2,2,2,2,2,2
"95",6,95,2,1,2,2,2,2,2,2,2,2,2,1,2,2,2,2,2,2,2,2,2,2
"96",6,96,2,1,2,2,2,2,2,2,2,2,2,1,2,2,2,2,2,2,2,2,2,2
"97",6,97,2,1,2,2,2,2,2,2,2,2,2,1,2,2,2,2,2,2,2,2,2,2
"98",6,98,2,1,2,2,2,2,2,2,2,2,2,1,2,2,2,2,2,2,2,2,2,2
"99",6,99,2,1,2,2,2,2,2,2,2,2,2,1,2,2,2,2,2,2,2,2,2,2
"100",6,100,2,1,2,2,2,2,2,2,2,2,2,1,2,2,2,2,2,2,2,2,2,2
"101",6,101,2,1,2,2,2,2,2,2,2,2,2,1,2,2,2,2,2,2,2,2,2,2
"102",6,102,2,1,2,2,2,2,2,2,2,2,2,1,2,2,2,2,2,2,2,2,2,2
"103",6,103,2,1,2,2,2,2,2,2,2,2,2,1,2,2,2,2,2,2,2,2,2,2
"104",6,104,2,1,2,2,2,2,2,2,2,2,2,1,2,2,2,2,2,2,2,2,2,2
"105",6,105,3,2,2,2,2,2,2,2,2,2,2,2,2,2,2,2,2,2,2,2,2,2
"106",6,106,3,2,2,2,2,2,2,2,2,2,2,2,2,2,2,2,2,2,2,2,2,2
"107",6,107,3,2,2,2,2,2,2,2,2,2,2,2,2,2,2,2,2,2,2,2,2,2
"108",6,108,3,2,2,2,2,2,2,2,2,2,2,2,2,2,2,2,2,2,2,2,2,2
"109",6,109,3,2,2,2,2,2,2,2,2,2,2,2,2,2,2,2,2,2,2,2,2,2
"110",6,110,3,2,2,2,2,2,2,2,2,2,2,2,2,2,2,2,2,2,2,2,2,2
"111",6,111,3,2,2,2,2,2,2,2,2,2,2,2,2,2,2,2,2,2,2,2,2,2
"112",6,112,3,2,2,2,2,2,2,2,2,2,2,2,2,2,2,2,2,2,2,2,2,2
"113",6,113,3,2,2,2,2,2,2,2,2,2,2,2,2,2,2,2,2,2,2,2,2,2
"114",6,114,3,2,2,2,2,2,2,2,2,2,2,2,2,2,2,2,2,2,2,2,2,2
"115",6,115,3,2,2,2,2,2,2,2,2,2,2,2,2,2,2,2,2,2,2,2,2,2
"116",6,116,3,2,2,2,2,2,2,2,2,2,2,2,2,2,2,2,2,2,2,2,2,2
"117",6,117,3,2,2,2,2,2,2,2,2,2,2,2,2,2,2,2,2,2,2,2,2,2
"118",6,118,3,2,2,2,2,2,2,2,2,2,2,2,2,2,2,2,2,2,2,2,2,2
"119",6,119,3,2,2,2,2,2,2,2,2,2,2,2,2,2,2,2,2,2,2,2,2,2
"120",6,120,4,1,2,2,2,2,2,2,2,2,2,1,2,2,2,2,2,2,2,2,2,2
"121",6,121,4,1,2,2,2,2,2,2,2,2,2,1,2,2,2,2,2,2,2,2,2,2
"122",6,122,4,1,2,2,2,2,2,2,2,2,2,1,2,2,2,2,2,2,2,2,2,2
"123",6,123,4,1,2,2,2,2,2,2,2,2,2,1,2,2,2,2,2,2,2,2,2,2
"124",6,124,4,1,2,2,2,2,2,2,2,2,2,1,2,2,2,2,2,2,2,2,2,2
"125",6,125,4,1,2,2,2,2,2,2,2,2,2,1,2,2,2,2,2,2,2,2,2,2
"126",6,126,4,1,2,2,2,2,2,2,2,2,2,1,2,2,2,2,2,2,2,2,2,2
"127",6,127,4,1,2,2,2,2,2,2,2,2,2,1,2,2,2,2,2,2,2,2,2,2
"128",6,128,4,1,2,2,2,2,2,2,2,2,2,1,2,2,2,2,2,2,2,2,2,2
"129",6,129,4,1,2,2,2,2,2,2,2,2,2,1,2,2,2,2,2,2,2,2,2,2
"130",6,130,4,1,2,2,2,2,2,2,2,2,2,1,2,2,2,2,2,2,2,2,2,2
"131",6,131,4,1,2,2,2,2,2,2,2,2,2,1,2,2,2,2,2,2,2,2,2,2
"132",6,132,4,1,2,2,2,2,2,2,2,2,2,1,2,2,2,2,2,2,2,2,2,2
"133",6,133,4,1,2,2,2,2,2,2,2,2,2,1,2,2,2,2,2,2,2,2,2,2
"134",6,134,4,1,2,2,2,2,2,2,2,2,2,1,2,2,2,2,2,2,2,2,2,2
"135",6,135,4,1,2,2,2,2,2,2,2,2,2,1,2,2,2,2,2,2,2,2,2,2
"136",6,136,4,1,2,2,2,2,2,2,2,2,2,1,2,2,2,2,2,2,2,2,2,2
"137",6,137,4,1,2,2,2,2,2,2,2,2,2,1,2,2,2,2,2,2,2,2,2,2
"138",6,138,5,1,2,2,2,2,2,2,2,2,2,1,2,2,2,2,2,2,2,2,2,2
"139",6,139,5,1,2,2,2,2,2,2,2,2,2,1,2,2,2,2,2,2,2,2,2,2
"140",6,140,5,1,2,2,2,2,2,2,2,2,2,1,2,2,2,2,2,2,2,2,2,2
"141",6,141,5,1,2,2,2,2,2,2,2,2,2,1,2,2,2,2,2,2,2,2,2,2
"142",6,142,5,1,2,2,2,2,2,2,2,2,2,1,2,2,2,2,2,2,2,2,2,2
"143",6,143,5,1,2,2,2,2,2,2,2,2,2,1,2,2,2,2,2,2,2,2,2,2
"144",6,144,5,1,2,2,2,2,2,2,2,2,2,1,2,2,2,2,2,2,2,2,2,2
"145",6,145,5,1,2,2,2,2,2,2,2,2,2,1,2,2,2,2,2,2,2,2,2,2
"146",6,146,5,1,2,2,2,2,2,2,2,2,2,1,2,2,2,2,2,2,2,2,2,2
"147",6,147,5,1,2,2,2,2,2,2,2,2,2,1,2,2,2,2,2,2,2,2,2,2
"148",6,148,5,1,2,2,2,2,2,2,2,2,2,1,2,2,2,2,2,2,2,2,2,2
"149",6,149,5,1,2,2,2,2,2,2,2,2,2,1,2,2,2,2,2,2,2,2,2,2
"150",6,150,5,1,2,2,2,2,2,2,2,2,2,1,2,2,2,2,2,2,2,2,2,2
"151",6,151,5,1,2,2,2,2,2,2,2,2,2,1,2,2,2,2,2,2,2,2,2,2
"152",6,152,5,1,2,2,2,2,2,2,2,2,2,1,2,2,2,2,2,2,2,2,2,2
"153",6,153,5,1,2,2,2,2,2,2,2,2,2,1,2,2,2,2,2,2,2,2,2,2
"154",6,154,5,1,2,2,2,2,2,2,2,2,2,1,2,2,2,2,2,2,2,2,2,2
"155",6,155,5,1,2,2,2,2,2,2,2,2,2,1,2,2,2,2,2,2,2,2,2,2
"156",6,156,5,1,2,2,2,2,2,2,2,2,2,1,2,2,2,2,2,2,2,2,2,2
"157",6,157,5,1,2,2,2,2,2,2,2,2,2,1,2,2,2,2,2,2,2,2,2,2
"158",6,158,5,1,2,2,2,2,2,2,2,2,2,1,2,2,2,2,2,2,2,2,2,2
"159",6,159,5,1,2,2,2,2,2,2,2,2,2,1,2,2,2,2,2,2,2,2,2,2
"160",6,160,5,1,2,2,2,2,2,2,2,2,2,1,2,2,2,2,2,2,2,2,2,2
"161",6,161,5,1,2,2,2,2,2,2,2,2,2,1,2,2,2,2,2,2,2,2,2,2
"162",6,162,5,1,2,2,2,2,2,2,2,2,2,1,2,2,2,2,2,2,2,2,2,2
"163",6,164,5,1,2,2,2,2,2,2,2,2,2,1,2,2,2,2,2,2,2,2,2,2
"164",6,165,5,1,2,2,2,2,2,2,2,2,2,1,2,2,2,2,2,2,2,2,2,2
"165",6,166,5,1,2,2,2,2,2,2,2,2,2,1,2,2,2,2,2,2,2,2,2,2
"166",6,167,5,1,2,2,2,2,2,2,2,2,2,1,2,2,2,2,2,2,2,2,2,2
"167",6,168,5,1,2,2,2,2,2,2,2,2,2,1,2,2,2,2,2,2,2,2,2,2
"168",6,169,5,1,2,2,2,2,2,2,2,2,2,1,2,2,2,2,2,2,2,2,2,2
"169",6,170,6,2,1,1,1,1,1,1,1,1,1,2,1,1,1,1,1,1,1,1,1,1
"170",6,171,6,2,1,1,1,1,1,1,1,1,1,2,1,1,1,1,1,1,1,1,1,1
"171",6,172,6,2,1,1,1,1,1,1,1,1,1,2,1,1,1,1,1,1,1,1,1,1
"172",6,173,6,2,1,1,1,1,1,1,1,1,1,2,1,1,1,1,1,1,1,1,1,1
"173",6,174,6,2,1,1,1,1,1,1,1,1,1,2,1,1,1,1,1,1,1,1,1,1
"174",6,175,6,2,1,1,1,1,1,1,1,1,1,2,1,1,1,1,1,1,1,1,1,1
"175",6,176,6,2,1,1,1,1,1,1,1,1,1,2,1,1,1,1,1,1,1,1,1,1
"176",6,177,6,2,1,1,1,1,1,1,1,1,1,2,1,1,1,1,1,1,1,1,1,1
"177",6,178,6,2,1,1,1,1,1,1,1,1,1,2,1,1,1,1,1,1,1,1,1,1
"178",6,179,6,2,1,1,1,1,1,1,1,1,1,2,1,1,1,1,1,1,1,1,1,1
"179",6,180,6,2,1,1,1,1,1,1,1,1,1,2,1,1,1,1,1,1,1,1,1,1
"180",6,181,6,2,1,1,1,1,1,1,1,1,1,2,1,1,1,1,1,1,1,1,1,1
"181",6,182,6,2,1,1,1,1,1,1,1,1,1,2,1,1,1,1,1,1,1,1,1,1
"182",6,183,6,2,1,1,1,1,1,1,1,1,1,2,1,1,1,1,1,1,1,1,1,1
"183",6,184,6,2,1,1,1,1,1,1,1,1,1,2,1,1,1,1,1,1,1,1,1,1
"184",6,185,6,2,1,1,1,1,1,1,1,1,1,2,1,1,1,1,1,1,1,1,1,1
"185",6,186,6,2,1,1,1,1,1,1,1,1,1,2,1,1,1,1,1,1,1,1,1,1
"186",6,187,6,2,1,1,1,1,1,1,1,1,1,2,1,1,1,1,1,1,1,1,1,1
"187",6,188,6,2,1,1,1,1,1,1,1,1,1,2,1,1,1,1,1,1,1,1,1,1
"188",6,189,6,2,1,1,1,1,1,1,1,1,1,2,1,1,1,1,1,1,1,1,1,1
"189",6,190,6,2,1,1,1,1,1,1,1,1,1,2,1,1,1,1,1,1,1,1,1,1
"190",6,191,7,1,1,1,1,1,1,1,1,1,1,1,1,1,1,1,1,1,1,1,1,1
"191",6,192,7,1,1,1,1,1,1,1,1,1,1,1,1,1,1,1,1,1,1,1,1,1
"192",6,193,7,1,1,1,1,1,1,1,1,1,1,1,1,1,1,1,1,1,1,1,1,1
"193",6,194,7,1,1,1,1,1,1,1,1,1,1,1,1,1,1,1,1,1,1,1,1,1
"194",6,195,7,1,1,1,1,1,1,1,1,1,1,1,1,1,1,1,1,1,1,1,1,1
"195",6,196,7,1,1,1,1,1,1,1,1,1,1,1,1,1,1,1,1,1,1,1,1,1
"196",6,197,7,1,1,1,1,1,1,1,1,1,1,1,1,1,1,1,1,1,1,1,1,1
"197",6,198,7,1,1,1,1,1,1,1,1,1,1,1,1,1,1,1,1,1,1,1,1,1
"198",6,199,7,1,1,1,1,1,1,1,1,1,1,1,1,1,1,1,1,1,1,1,1,1
"199",6,200,8,2,1,1,1,1,1,1,1,1,1,2,1,1,1,1,1,1,1,1,1,1
"200",6,201,8,2,1,1,1,1,1,1,1,1,1,2,1,1,1,1,1,1,1,1,1,1
"201",6,202,8,2,1,1,1,1,1,1,1,1,1,2,1,1,1,1,1,1,1,1,1,1
"202",6,203,8,2,1,1,1,1,1,1,1,1,1,2,1,1,1,1,1,1,1,1,1,1
"203",6,204,8,2,1,1,1,1,1,1,1,1,1,2,1,1,1,1,1,1,1,1,1,1
"204",6,205,8,2,1,1,1,1,1,1,1,1,1,2,1,1,1,1,1,1,1,1,1,1
"205",6,206,8,2,1,1,1,1,1,1,1,1,1,2,1,1,1,1,1,1,1,1,1,1
"206",6,207,8,2,1,1,1,1,1,1,1,1,1,2,1,1,1,1,1,1,1,1,1,1
"207",6,208,8,2,1,1,1,1,1,1,1,1,1,2,1,1,1,1,1,1,1,1,1,1
"208",6,209,8,2,1,1,1,1,1,1,1,1,1,2,1,1,1,1,1,1,1,1,1,1
"209",6,210,8,2,1,1,1,1,1,1,1,1,1,2,1,1,1,1,1,1,1,1,1,1
"210",6,211,8,2,1,1,1,1,1,1,1,1,1,2,1,1,1,1,1,1,1,1,1,1
"211",6,212,8,2,1,1,1,1,1,1,1,1,1,2,1,1,1,1,1,1,1,1,1,1
"212",6,213,8,2,1,1,1,1,1,1,1,1,1,2,1,1,1,1,1,1,1,1,1,1
"213",6,214,8,2,1,1,1,1,1,1,1,1,1,2,1,1,1,1,1,1,1,1,1,1
"214",6,215,8,2,1,1,1,1,1,1,1,1,1,2,1,1,1,1,1,1,1,1,1,1
"215",6,216,8,2,1,1,1,1,1,1,1,1,1,2,1,1,1,1,1,1,1,1,1,1
"216",6,217,8,2,1,1,1,1,1,1,1,1,1,2,1,1,1,1,1,1,1,1,1,1
"217",6,218,8,2,1,1,1,1,1,1,1,1,1,2,1,1,1,1,1,1,1,1,1,1
"218",6,219,8,2,1,1,1,1,1,1,1,1,1,2,1,1,1,1,1,1,1,1,1,1
"219",6,220,8,2,1,1,1,1,1,1,1,1,1,2,1,1,1,1,1,1,1,1,1,1
"220",6,221,8,2,1,1,1,1,1,1,1,1,1,2,1,1,1,1,1,1,1,1,1,1
"221",6,222,8,2,1,1,1,1,1,1,1,1,1,2,1,1,1,1,1,1,1,1,1,1
"222",6,223,8,2,1,1,1,1,1,1,1,1,1,2,1,1,1,1,1,1,1,1,1,1
"223",6,224,8,2,1,1,1,1,1,1,1,1,1,2,1,1,1,1,1,1,1,1,1,1
"224",6,225,8,2,1,1,1,1,1,1,1,1,1,2,1,1,1,1,1,1,1,1,1,1
"225",6,226,8,2,1,1,1,1,1,1,1,1,1,2,1,1,1,1,1,1,1,1,1,1
"226",6,227,8,2,1,1,1,1,1,1,1,1,1,2,1,1,1,1,1,1,1,1,1,1
"227",6,228,8,2,1,1,1,1,1,1,1,1,1,2,1,1,1,1,1,1,1,1,1,1
"228",6,229,8,2,1,1,1,1,1,1,1,1,1,2,1,1,1,1,1,1,1,1,1,1
"229",6,230,8,2,1,1,1,1,1,1,1,1,1,2,1,1,1,1,1,1,1,1,1,1
"230",6,231,8,2,1,1,1,1,1,1,1,1,1,2,1,1,1,1,1,1,1,1,1,1
"231",6,232,8,2,1,1,1,1,1,1,1,1,1,2,1,1,1,1,1,1,1,1,1,1
"232",6,233,8,2,1,1,1,1,1,1,1,1,1,2,1,1,1,1,1,1,1,1,1,1
"233",6,234,8,2,1,1,1,1,1,1,1,1,1,2,1,1,1,1,1,1,1,1,1,1
"234",6,235,8,2,1,1,1,1,1,1,1,1,1,2,1,1,1,1,1,1,1,1,1,1
"235",6,236,8,2,1,1,1,1,1,1,1,1,1,2,1,1,1,1,1,1,1,1,1,1
"236",6,237,8,2,1,1,1,1,1,1,1,1,1,2,1,1,1,1,1,1,1,1,1,1
"237",6,238,8,2,1,1,1,1,1,1,1,1,1,2,1,1,1,1,1,1,1,1,1,1
"238",6,239,8,2,1,1,1,1,1,1,1,1,1,2,1,1,1,1,1,1,1,1,1,1
"239",6,240,8,2,1,1,1,1,1,1,1,1,1,2,1,1,1,1,1,1,1,1,1,1
"240",6,241,8,2,1,1,1,1,1,1,1,1,1,2,1,1,1,1,1,1,1,1,1,1
"241",6,242,8,2,1,1,1,1,1,1,1,1,1,2,1,1,1,1,1,1,1,1,1,1
"242",6,243,8,2,1,1,1,1,1,1,1,1,1,2,1,1,1,1,1,1,1,1,1,1
"243",6,244,8,2,1,1,1,1,1,1,1,1,1,2,1,1,1,1,1,1,1,1,1,1
"244",6,245,8,2,1,1,1,1,1,1,1,1,1,2,1,1,1,1,1,1,1,1,1,1
"245",6,246,8,2,1,1,1,1,1,1,1,1,1,2,1,1,1,1,1,1,1,1,1,1
"246",6,247,8,2,1,1,1,1,1,1,1,1,1,2,1,1,1,1,1,1,1,1,1,1
"247",6,248,8,2,1,1,1,1,1,1,1,1,1,2,1,1,1,1,1,1,1,1,1,1
"248",6,249,8,2,1,1,1,1,1,1,1,1,1,2,1,1,1,1,1,1,1,1,1,1
"249",6,250,8,2,1,1,1,1,1,1,1,1,1,2,1,1,1,1,1,1,1,1,1,1
"250",6,251,8,2,1,1,1,1,1,1,1,1,1,2,1,1,1,1,1,1,1,1,1,1
"251",6,252,8,2,1,1,1,1,1,1,1,1,1,2,1,1,1,1,1,1,1,1,1,1
"252",6,253,8,2,1,1,1,1,1,1,1,1,1,2,1,1,1,1,1,1,1,1,1,1
"253",6,254,8,2,1,1,1,1,1,1,1,1,1,2,1,1,1,1,1,1,1,1,1,1
"254",6,255,8,2,1,1,1,1,1,1,1,1,1,2,1,1,1,1,1,1,1,1,1,1
"255",6,256,8,2,1,1,1,1,1,1,1,1,1,2,1,1,1,1,1,1,1,1,1,1
"256",6,257,8,2,1,1,1,1,1,1,1,1,1,2,1,1,1,1,1,1,1,1,1,1
"257",6,258,8,2,1,1,1,1,1,1,1,1,1,2,1,1,1,1,1,1,1,1,1,1
"258",6,259,8,2,1,1,1,1,1,1,1,1,1,2,1,1,1,1,1,1,1,1,1,1
"259",6,260,8,2,1,1,1,1,1,1,1,1,1,2,1,1,1,1,1,1,1,1,1,1
"260",6,261,8,2,1,1,1,1,1,1,1,1,1,2,1,1,1,1,1,1,1,1,1,1
"261",6,262,8,2,1,1,1,1,1,1,1,1,1,2,1,1,1,1,1,1,1,1,1,1
"262",6,263,8,2,1,1,1,1,1,1,1,1,1,2,1,1,1,1,1,1,1,1,1,1
"263",6,264,8,2,1,1,1,1,1,1,1,1,1,2,1,1,1,1,1,1,1,1,1,1
"264",6,265,8,2,1,1,1,1,1,1,1,1,1,2,1,1,1,1,1,1,1,1,1,1
"265",6,266,8,2,1,1,1,1,1,1,1,1,1,2,1,1,1,1,1,1,1,1,1,1
"266",6,267,8,2,1,1,1,1,1,1,1,1,1,2,1,1,1,1,1,1,1,1,1,1
"267",6,268,8,2,1,1,1,1,1,1,1,1,1,2,1,1,1,1,1,1,1,1,1,1
"268",6,269,8,2,1,1,1,1,1,1,1,1,1,2,1,1,1,1,1,1,1,1,1,1
"269",6,270,9,1,1,1,1,1,1,1,1,1,1,1,1,1,1,1,1,1,1,1,1,1
"270",6,271,9,1,1,1,1,1,1,1,1,1,1,1,1,1,1,1,1,1,1,1,1,1
"271",6,272,9,1,1,1,1,1,1,1,1,1,1,1,1,1,1,1,1,1,1,1,1,1
"272",6,273,9,1,1,1,1,1,1,1,1,1,1,1,1,1,1,1,1,1,1,1,1,1
"273",6,274,9,1,1,1,1,1,1,1,1,1,1,1,1,1,1,1,1,1,1,1,1,1
"274",6,275,9,1,1,1,1,1,1,1,1,1,1,1,1,1,1,1,1,1,1,1,1,1
"275",6,276,9,1,1,1,1,1,1,1,1,1,1,1,1,1,1,1,1,1,1,1,1,1
"276",6,277,10,2,1,1,1,1,1,1,1,1,1,2,1,1,1,1,1,1,1,1,1,1
"277",6,278,10,2,1,1,1,1,1,1,1,1,1,2,1,1,1,1,1,1,1,1,1,1
"278",6,279,10,2,1,1,1,1,1,1,1,1,1,2,1,1,1,1,1,1,1,1,1,1
"279",6,280,10,2,1,1,1,1,1,1,1,1,1,2,1,1,1,1,1,1,1,1,1,1
"280",6,281,10,2,1,1,1,1,1,1,1,1,1,2,1,1,1,1,1,1,1,1,1,1
"281",6,282,10,2,1,1,1,1,1,1,1,1,1,2,1,1,1,1,1,1,1,1,1,1
"282",6,283,10,2,1,1,1,1,1,1,1,1,1,2,1,1,1,1,1,1,1,1,1,1
"283",6,284,10,2,1,1,1,1,1,1,1,1,1,2,1,1,1,1,1,1,1,1,1,1
"284",6,285,10,2,1,1,1,1,1,1,1,1,1,2,1,1,1,1,1,1,1,1,1,1
"285",6,286,10,2,1,1,1,1,1,1,1,1,1,2,1,1,1,1,1,1,1,1,1,1
"286",6,287,10,2,1,1,1,1,1,1,1,1,1,2,1,1,1,1,1,1,1,1,1,1
"287",6,288,10,2,1,1,1,1,1,1,1,1,1,2,1,1,1,1,1,1,1,1,1,1
"288",6,289,10,2,1,1,1,1,1,1,1,1,1,2,1,1,1,1,1,1,1,1,1,1
"289",6,290,10,2,1,1,1,1,1,1,1,1,1,2,1,1,1,1,1,1,1,1,1,1
"290",6,291,10,2,1,1,1,1,1,1,1,1,1,2,1,1,1,1,1,1,1,1,1,1
"291",6,292,10,2,1,1,1,1,1,1,1,1,1,2,1,1,1,1,1,1,1,1,1,1
"292",6,293,10,2,1,1,1,1,1,1,1,1,1,2,1,1,1,1,1,1,1,1,1,1
"293",6,294,10,2,1,1,1,1,1,1,1,1,1,2,1,1,1,1,1,1,1,1,1,1
"294",6,295,10,2,1,1,1,1,1,1,1,1,1,2,1,1,1,1,1,1,1,1,1,1
"295",6,296,10,2,1,1,1,1,1,1,1,1,1,2,1,1,1,1,1,1,1,1,1,1
"296",6,297,10,2,1,1,1,1,1,1,1,1,1,2,1,1,1,1,1,1,1,1,1,1
"297",6,298,10,2,1,1,1,1,1,1,1,1,1,2,1,1,1,1,1,1,1,1,1,1
"298",6,299,10,2,1,1,1,1,1,1,1,1,1,2,1,1,1,1,1,1,1,1,1,1
"299",6,300,10,2,1,1,1,1,1,1,1,1,1,2,1,1,1,1,1,1,1,1,1,1
"300",6,301,10,2,1,1,1,1,1,1,1,1,1,2,1,1,1,1,1,1,1,1,1,1
"301",6,302,10,2,1,1,1,1,1,1,1,1,1,2,1,1,1,1,1,1,1,1,1,1
"302",6,303,10,2,1,1,1,1,1,1,1,1,1,2,1,1,1,1,1,1,1,1,1,1
"303",6,304,10,2,1,1,1,1,1,1,1,1,1,2,1,1,1,1,1,1,1,1,1,1
"304",6,305,10,2,1,1,1,1,1,1,1,1,1,2,1,1,1,1,1,1,1,1,1,1
"305",6,306,10,2,1,1,1,1,1,1,1,1,1,2,1,1,1,1,1,1,1,1,1,1
"306",6,307,10,2,1,1,1,1,1,1,1,1,1,2,1,1,1,1,1,1,1,1,1,1
"307",6,308,10,2,1,1,1,1,1,1,1,1,1,2,1,1,1,1,1,1,1,1,1,1
"308",6,309,10,2,1,1,1,1,1,1,1,1,1,2,1,1,1,1,1,1,1,1,1,1
"309",6,310,10,2,1,1,1,1,1,1,1,1,1,2,1,1,1,1,1,1,1,1,1,1
"310",6,311,10,2,1,1,1,1,1,1,1,1,1,2,1,1,1,1,1,1,1,1,1,1
"311",6,312,10,2,1,1,1,1,1,1,1,1,1,2,1,1,1,1,1,1,1,1,1,1
"312",6,313,10,2,1,1,1,1,1,1,1,1,1,2,1,1,1,1,1,1,1,1,1,1
"313",6,314,10,2,1,1,1,1,1,1,1,1,1,2,1,1,1,1,1,1,1,1,1,1
"314",6,315,10,2,1,1,1,1,1,1,1,1,1,2,1,1,1,1,1,1,1,1,1,1
"315",6,316,10,2,1,1,1,1,1,1,1,1,1,2,1,1,1,1,1,1,1,1,1,1
"316",6,317,10,2,1,1,1,1,1,1,1,1,1,2,1,1,1,1,1,1,1,1,1,1
"317",6,318,10,2,1,1,1,1,1,1,1,1,1,2,1,1,1,1,1,1,1,1,1,1
"318",6,319,10,2,1,1,1,1,1,1,1,1,1,2,1,1,1,1,1,1,1,1,1,1
"319",6,320,10,2,1,1,1,1,1,1,1,1,1,2,1,1,1,1,1,1,1,1,1,1
"320",6,321,10,2,1,1,1,1,1,1,1,1,1,2,1,1,1,1,1,1,1,1,1,1
"321",6,322,10,2,1,1,1,1,1,1,1,1,1,2,1,1,1,1,1,1,1,1,1,1
"322",6,323,10,2,1,1,1,1,1,1,1,1,1,2,1,1,1,1,1,1,1,1,1,1
"323",6,324,10,2,1,1,1,1,1,1,1,1,1,2,1,1,1,1,1,1,1,1,1,1
"324",6,325,10,2,1,1,1,1,1,1,1,1,1,2,1,1,1,1,1,1,1,1,1,1
"325",6,326,10,2,1,1,1,1,1,1,1,1,1,2,1,1,1,1,1,1,1,1,1,1
"326",6,327,10,2,1,1,1,1,1,1,1,1,1,2,1,1,1,1,1,1,1,1,1,1
"327",6,328,10,2,1,1,1,1,1,1,1,1,1,2,1,1,1,1,1,1,1,1,1,1
"328",6,329,10,2,1,1,1,1,1,1,1,1,1,2,1,1,1,1,1,1,1,1,1,1
"329",6,330,10,2,1,1,1,1,1,1,1,1,1,2,1,1,1,1,1,1,1,1,1,1
"330",6,331,10,2,1,1,1,1,1,1,1,1,1,2,1,1,1,1,1,1,1,1,1,1
"331",6,332,10,2,1,1,1,1,1,1,1,1,1,2,1,1,1,1,1,1,1,1,1,1
"332",6,333,10,2,1,1,1,1,1,1,1,1,1,2,1,1,1,1,1,1,1,1,1,1
"333",6,334,10,2,1,1,1,1,1,1,1,1,1,2,1,1,1,1,1,1,1,1,1,1
"334",6,335,10,2,1,1,1,1,1,1,1,1,1,2,1,1,1,1,1,1,1,1,1,1
"335",6,336,10,2,1,1,1,1,1,1,1,1,1,2,1,1,1,1,1,1,1,1,1,1
"336",6,337,5,1,2,2,2,2,2,2,2,2,2,1,2,2,2,2,2,2,2,2,2,2
"337",6,338,5,1,2,2,2,2,2,2,2,2,2,1,2,2,2,2,2,2,2,2,2,2
"338",6,339,5,1,2,2,2,2,2,2,2,2,2,1,2,2,2,2,2,2,2,2,2,2
"339",6,340,5,1,2,2,2,2,2,2,2,2,2,1,2,2,2,2,2,2,2,2,2,2
"340",6,341,5,1,2,2,2,2,2,2,2,2,2,1,2,2,2,2,2,2,2,2,2,2
"341",6,342,5,1,2,2,2,2,2,2,2,2,2,1,2,2,2,2,2,2,2,2,2,2
"342",6,343,5,1,2,2,2,2,2,2,2,2,2,1,2,2,2,2,2,2,2,2,2,2
"343",6,344,5,1,2,2,2,2,2,2,2,2,2,1,2,2,2,2,2,2,2,2,2,2
"344",6,345,5,1,2,2,2,2,2,2,2,2,2,1,2,2,2,2,2,2,2,2,2,2
"345",6,346,5,1,2,2,2,2,2,2,2,2,2,1,2,2,2,2,2,2,2,2,2,2
"346",6,347,5,1,2,2,2,2,2,2,2,2,2,1,2,2,2,2,2,2,2,2,2,2
"347",6,348,5,1,2,2,2,2,2,2,2,2,2,1,2,2,2,2,2,2,2,2,2,2
"348",6,349,5,1,2,2,2,2,2,2,2,2,2,1,2,2,2,2,2,2,2,2,2,2
"349",6,350,5,1,2,2,2,2,2,2,2,2,2,1,2,2,2,2,2,2,2,2,2,2
"350",6,351,5,1,2,2,2,2,2,2,2,2,2,1,2,2,2,2,2,2,2,2,2,2
"351",6,352,5,1,2,2,2,2,2,2,2,2,2,1,2,2,2,2,2,2,2,2,2,2
"352",6,353,5,1,2,2,2,2,2,2,2,2,2,1,2,2,2,2,2,2,2,2,2,2
"353",6,354,5,1,2,2,2,2,2,2,2,2,2,1,2,2,2,2,2,2,2,2,2,2
"354",6,355,5,1,2,2,2,2,2,2,2,2,2,1,2,2,2,2,2,2,2,2,2,2
"355",6,356,5,1,2,2,2,2,2,2,2,2,2,1,2,2,2,2,2,2,2,2,2,2
"356",6,357,5,1,2,2,2,2,2,2,2,2,2,1,2,2,2,2,2,2,2,2,2,2
"357",6,358,5,1,2,2,2,2,2,2,2,2,2,1,2,2,2,2,2,2,2,2,2,2
"358",6,359,5,1,2,2,2,2,2,2,2,2,2,1,2,2,2,2,2,2,2,2,2,2
"359",6,360,5,1,2,2,2,2,2,2,2,2,2,1,2,2,2,2,2,2,2,2,2,2
"360",6,361,5,1,2,2,2,2,2,2,2,2,2,1,2,2,2,2,2,2,2,2,2,2
"361",6,362,5,1,2,2,2,2,2,2,2,2,2,1,2,2,2,2,2,2,2,2,2,2
"362",6,363,5,1,2,2,2,2,2,2,2,2,2,1,2,2,2,2,2,2,2,2,2,2
"363",6,364,5,1,2,2,2,2,2,2,2,2,2,1,2,2,2,2,2,2,2,2,2,2
"364",6,365,5,1,2,2,2,2,2,2,2,2,2,1,2,2,2,2,2,2,2,2,2,2
"365",6,366,5,1,2,2,2,2,2,2,2,2,2,1,2,2,2,2,2,2,2,2,2,2
"366",6,367,5,1,2,2,2,2,2,2,2,2,2,1,2,2,2,2,2,2,2,2,2,2
"367",6,368,5,1,2,2,2,2,2,2,2,2,2,1,2,2,2,2,2,2,2,2,2,2
"368",6,369,5,1,2,2,2,2,2,2,2,2,2,1,2,2,2,2,2,2,2,2,2,2
"369",6,370,5,1,2,2,2,2,2,2,2,2,2,1,2,2,2,2,2,2,2,2,2,2
"370",6,371,5,1,2,2,2,2,2,2,2,2,2,1,2,2,2,2,2,2,2,2,2,2
"371",6,372,5,1,2,2,2,2,2,2,2,2,2,1,2,2,2,2,2,2,2,2,2,2
