"","Estado","Secci√≥n","Municipio","Escenario 1","MC CLV","Morena CLV","PANAL CLV","PES CLV","PRD CLV","PRI CLV","Escenario 2","MC CLV","Morena CLV","PANAL CLV","PAN CLV","PES CLV","PRD CLV","PRI CLV","PT CLV","PVEM CLV","Escenario 3"
"1",13,1,1,1,1,1,1,1,1,1,1,7,7,7,7,7,1,7,7,6,7
"2",13,2,1,1,1,1,1,1,1,1,1,7,7,7,7,7,1,7,7,6,7
"3",13,3,1,1,1,1,1,1,1,1,1,7,7,7,7,7,1,7,7,6,7
"4",13,4,1,1,1,1,1,1,1,1,1,7,7,7,7,7,1,7,7,6,7
"5",13,5,1,1,1,1,1,1,1,1,1,7,7,7,7,7,1,7,7,6,7
"6",13,6,1,1,1,1,1,1,1,1,1,7,7,7,7,7,1,7,7,6,7
"7",13,7,1,1,1,1,1,1,1,1,1,7,7,7,7,7,1,7,7,6,7
"8",13,8,1,1,1,1,1,1,1,1,1,7,7,7,7,7,1,7,7,6,7
"9",13,9,1,1,1,1,1,1,1,1,1,7,7,7,7,7,1,7,7,6,7
"10",13,10,1,1,1,1,1,1,1,1,1,7,7,7,7,7,1,7,7,6,7
"11",13,11,1,1,1,1,1,1,1,1,1,7,7,7,7,7,1,7,7,6,7
"12",13,12,1,1,1,1,1,1,1,1,1,7,7,7,7,7,1,7,7,6,7
"13",13,13,2,1,1,1,1,1,1,1,1,7,7,7,7,7,1,7,7,6,7
"14",13,14,2,1,1,1,1,1,1,1,1,7,7,7,7,7,1,7,7,6,7
"15",13,15,2,1,1,1,1,1,1,1,1,7,7,7,7,7,1,7,7,6,7
"16",13,16,2,1,1,1,1,1,1,1,1,7,7,7,7,7,1,7,7,6,7
"17",13,17,2,1,1,1,1,1,1,1,1,7,7,7,7,7,1,7,7,6,7
"18",13,18,2,1,1,1,1,1,1,1,1,7,7,7,7,7,1,7,7,6,7
"19",13,19,2,1,1,1,1,1,1,1,1,7,7,7,7,7,1,7,7,6,7
"20",13,20,2,1,1,1,1,1,1,1,1,7,7,7,7,7,1,7,7,6,7
"21",13,21,2,1,1,1,1,1,1,1,1,7,7,7,7,7,1,7,7,6,7
"22",13,22,2,1,1,1,1,1,1,1,1,7,7,7,7,7,1,7,7,6,7
"23",13,23,2,1,1,1,1,1,1,1,1,7,7,7,7,7,1,7,7,6,7
"24",13,24,2,1,1,1,1,1,1,1,1,7,7,7,7,7,1,7,7,6,7
"25",13,25,2,1,1,1,1,1,1,1,1,7,7,7,7,7,1,7,7,6,7
"26",13,26,2,1,1,1,1,1,1,1,1,7,7,7,7,7,1,7,7,6,7
"27",13,27,2,1,1,1,1,1,1,1,1,7,7,7,7,7,1,7,7,6,7
"28",13,28,2,1,1,1,1,1,1,1,1,7,7,7,7,7,1,7,7,6,7
"29",13,29,2,1,1,1,1,1,1,1,1,7,7,7,7,7,1,7,7,6,7
"30",13,30,2,1,1,1,1,1,1,1,1,7,7,7,7,7,1,7,7,6,7
"31",13,31,2,1,1,1,1,1,1,1,1,7,7,7,7,7,1,7,7,6,7
"32",13,32,2,1,1,1,1,1,1,1,1,7,7,7,7,7,1,7,7,6,7
"33",13,33,2,1,1,1,1,1,1,1,1,7,7,7,7,7,1,7,7,6,7
"34",13,34,3,2,2,2,2,2,2,2,2,6,6,6,6,6,2,6,6,1,6
"35",13,35,3,2,2,2,2,2,2,2,2,6,6,6,6,6,2,6,6,1,6
"36",13,36,3,2,2,2,2,2,2,2,2,6,6,6,6,6,2,6,6,1,6
"37",13,37,3,2,2,2,2,2,2,2,2,6,6,6,6,6,2,6,6,1,6
"38",13,38,3,2,2,2,2,2,2,2,2,6,6,6,6,6,2,6,6,1,6
"39",13,39,3,2,2,2,2,2,2,2,2,6,6,6,6,6,2,6,6,1,6
"40",13,40,3,2,2,2,2,2,2,2,2,6,6,6,6,6,2,6,6,1,6
"41",13,41,3,2,2,2,2,2,2,2,2,6,6,6,6,6,2,6,6,1,6
"42",13,42,3,2,2,2,2,2,2,2,2,6,6,6,6,6,2,6,6,1,6
"43",13,43,3,2,2,2,2,2,2,2,2,6,6,6,6,6,2,6,6,1,6
"44",13,44,3,2,2,2,2,2,2,2,2,6,6,6,6,6,2,6,6,1,6
"45",13,45,3,2,2,2,2,2,2,2,2,6,6,6,6,6,2,6,6,1,6
"46",13,46,3,2,2,2,2,2,2,2,2,6,6,6,6,6,2,6,6,1,6
"47",13,47,3,2,2,2,2,2,2,2,2,6,6,6,6,6,2,6,6,1,6
"48",13,48,3,2,2,2,2,2,2,2,2,6,6,6,6,6,2,6,6,1,6
"49",13,49,3,2,2,2,2,2,2,2,2,6,6,6,6,6,2,6,6,1,6
"50",13,50,3,2,2,2,2,2,2,2,2,6,6,6,6,6,2,6,6,1,6
"51",13,51,3,2,2,2,2,2,2,2,2,6,6,6,6,6,2,6,6,1,6
"52",13,52,3,2,2,2,2,2,2,2,2,6,6,6,6,6,2,6,6,1,6
"53",13,53,3,2,2,2,2,2,2,2,2,6,6,6,6,6,2,6,6,1,6
"54",13,54,3,2,2,2,2,2,2,2,2,6,6,6,6,6,2,6,6,1,6
"55",13,55,3,2,2,2,2,2,2,2,2,6,6,6,6,6,2,6,6,1,6
"56",13,56,3,2,2,2,2,2,2,2,2,6,6,6,6,6,2,6,6,1,6
"57",13,57,3,2,2,2,2,2,2,2,2,6,6,6,6,6,2,6,6,1,6
"58",13,58,3,2,2,2,2,2,2,2,2,6,6,6,6,6,2,6,6,1,6
"59",13,59,3,2,2,2,2,2,2,2,2,6,6,6,6,6,2,6,6,1,6
"60",13,60,3,2,2,2,2,2,2,2,2,6,6,6,6,6,2,6,6,1,6
"61",13,61,3,2,2,2,2,2,2,2,2,6,6,6,6,6,2,6,6,1,6
"62",13,62,3,2,2,2,2,2,2,2,2,6,6,6,6,6,2,6,6,1,6
"63",13,63,3,2,2,2,2,2,2,2,2,6,6,6,6,6,2,6,6,1,6
"64",13,64,3,2,2,2,2,2,2,2,2,6,6,6,6,6,2,6,6,1,6
"65",13,65,3,2,2,2,2,2,2,2,2,6,6,6,6,6,2,6,6,1,6
"66",13,66,3,2,2,2,2,2,2,2,2,6,6,6,6,6,2,6,6,1,6
"67",13,67,3,2,2,2,2,2,2,2,2,6,6,6,6,6,2,6,6,1,6
"68",13,68,3,2,2,2,2,2,2,2,2,6,6,6,6,6,2,6,6,1,6
"69",13,69,4,1,1,1,1,1,1,1,1,7,7,7,7,7,1,7,7,6,7
"70",13,70,4,1,1,1,1,1,1,1,1,7,7,7,7,7,1,7,7,6,7
"71",13,71,4,1,1,1,1,1,1,1,1,7,7,7,7,7,1,7,7,6,7
"72",13,72,4,1,1,1,1,1,1,1,1,7,7,7,7,7,1,7,7,6,7
"73",13,73,4,1,1,1,1,1,1,1,1,7,7,7,7,7,1,7,7,6,7
"74",13,74,4,1,1,1,1,1,1,1,1,7,7,7,7,7,1,7,7,6,7
"75",13,75,4,1,1,1,1,1,1,1,1,7,7,7,7,7,1,7,7,6,7
"76",13,76,4,1,1,1,1,1,1,1,1,7,7,7,7,7,1,7,7,6,7
"77",13,77,4,1,1,1,1,1,1,1,1,7,7,7,7,7,1,7,7,6,7
"78",13,78,4,1,1,1,1,1,1,1,1,7,7,7,7,7,1,7,7,6,7
"79",13,79,4,1,1,1,1,1,1,1,1,7,7,7,7,7,1,7,7,6,7
"80",13,80,4,1,1,1,1,1,1,1,1,7,7,7,7,7,1,7,7,6,7
"81",13,81,5,2,2,2,2,2,3,2,3,6,6,6,6,6,3,6,6,1,6
"82",13,82,5,2,2,2,2,2,3,2,3,6,6,6,6,6,3,6,6,1,6
"83",13,83,5,2,2,2,2,2,3,2,3,6,6,6,6,6,3,6,6,1,6
"84",13,84,5,2,2,2,2,2,3,2,3,6,6,6,6,6,3,6,6,1,6
"85",13,85,5,2,2,2,2,2,3,2,3,6,6,6,6,6,3,6,6,1,6
"86",13,86,5,2,2,2,2,2,3,2,3,6,6,6,6,6,3,6,6,1,6
"87",13,87,5,2,2,2,2,2,3,2,3,6,6,6,6,6,3,6,6,1,6
"88",13,88,5,2,2,2,2,2,3,2,3,6,6,6,6,6,3,6,6,1,6
"89",13,89,5,2,2,2,2,2,3,2,3,6,6,6,6,6,3,6,6,1,6
"90",13,90,5,2,2,2,2,2,3,2,3,6,6,6,6,6,3,6,6,1,6
"91",13,91,5,2,2,2,2,2,3,2,3,6,6,6,6,6,3,6,6,1,6
"92",13,92,6,3,3,3,3,3,4,3,4,3,3,3,3,3,4,3,3,5,3
"93",13,93,6,3,3,3,3,3,4,3,4,3,3,3,3,3,4,3,3,5,3
"94",13,94,6,3,3,3,3,3,4,3,4,3,3,3,3,3,4,3,3,5,3
"95",13,95,6,3,3,3,3,3,4,3,4,3,3,3,3,3,4,3,3,5,3
"96",13,96,6,3,3,3,3,3,4,3,4,3,3,3,3,3,4,3,3,5,3
"97",13,97,6,3,3,3,3,3,4,3,4,3,3,3,3,3,4,3,3,5,3
"98",13,98,6,3,3,3,3,3,4,3,4,3,3,3,3,3,4,3,3,5,3
"99",13,99,6,3,3,3,3,3,4,3,4,3,3,3,3,3,4,3,3,5,3
"100",13,100,6,3,3,3,3,3,4,3,4,3,3,3,3,3,4,3,3,5,3
"101",13,101,6,3,3,3,3,3,4,3,4,3,3,3,3,3,4,3,3,5,3
"102",13,102,6,3,3,3,3,3,4,3,4,3,3,3,3,3,4,3,3,5,3
"103",13,103,6,3,3,3,3,3,4,3,4,3,3,3,3,3,4,3,3,5,3
"104",13,104,6,3,3,3,3,3,4,3,4,3,3,3,3,3,4,3,3,5,3
"105",13,105,6,3,3,3,3,3,4,3,4,3,3,3,3,3,4,3,3,5,3
"106",13,106,6,3,3,3,3,3,4,3,4,3,3,3,3,3,4,3,3,5,3
"107",13,107,6,3,3,3,3,3,4,3,4,3,3,3,3,3,4,3,3,5,3
"108",13,108,6,3,3,3,3,3,4,3,4,3,3,3,3,3,4,3,3,5,3
"109",13,109,6,3,3,3,3,3,4,3,4,3,3,3,3,3,4,3,3,5,3
"110",13,110,6,3,3,3,3,3,4,3,4,3,3,3,3,3,4,3,3,5,3
"111",13,111,6,3,3,3,3,3,4,3,4,3,3,3,3,3,4,3,3,5,3
"112",13,112,6,3,3,3,3,3,4,3,4,3,3,3,3,3,4,3,3,5,3
"113",13,113,6,3,3,3,3,3,4,3,4,3,3,3,3,3,4,3,3,5,3
"114",13,114,7,4,4,4,4,4,5,4,5,1,1,1,1,1,5,1,1,2,1
"115",13,115,7,4,4,4,4,4,5,4,5,1,1,1,1,1,5,1,1,2,1
"116",13,116,7,4,4,4,4,4,5,4,5,1,1,1,1,1,5,1,1,2,1
"117",13,117,7,4,4,4,4,4,5,4,5,1,1,1,1,1,5,1,1,2,1
"118",13,118,7,4,4,4,4,4,5,4,5,1,1,1,1,1,5,1,1,2,1
"119",13,119,7,4,4,4,4,4,5,4,5,1,1,1,1,1,5,1,1,2,1
"120",13,120,7,4,4,4,4,4,5,4,5,1,1,1,1,1,5,1,1,2,1
"121",13,121,7,4,4,4,4,4,5,4,5,1,1,1,1,1,5,1,1,2,1
"122",13,122,7,4,4,4,4,4,5,4,5,1,1,1,1,1,5,1,1,2,1
"123",13,123,7,4,4,4,4,4,5,4,5,1,1,1,1,1,5,1,1,2,1
"124",13,124,7,4,4,4,4,4,5,4,5,1,1,1,1,1,5,1,1,2,1
"125",13,125,7,4,4,4,4,4,5,4,5,1,1,1,1,1,5,1,1,2,1
"126",13,126,7,4,4,4,4,4,5,4,5,1,1,1,1,1,5,1,1,2,1
"127",13,127,8,4,4,4,4,4,5,4,5,1,1,1,1,1,5,1,1,2,1
"128",13,128,8,4,4,4,4,4,5,4,5,1,1,1,1,1,5,1,1,2,1
"129",13,129,8,4,4,4,4,4,5,4,5,1,1,1,1,1,5,1,1,2,1
"130",13,130,8,4,4,4,4,4,5,4,5,1,1,1,1,1,5,1,1,2,1
"131",13,131,8,4,4,4,4,4,5,4,5,1,1,1,1,1,5,1,1,2,1
"132",13,132,8,4,4,4,4,4,5,4,5,1,1,1,1,1,5,1,1,2,1
"133",13,133,8,4,4,4,4,4,5,4,5,1,1,1,1,1,5,1,1,2,1
"134",13,134,8,4,4,4,4,4,5,4,5,1,1,1,1,1,5,1,1,2,1
"135",13,135,8,4,4,4,4,4,5,4,5,1,1,1,1,1,5,1,1,2,1
"136",13,136,8,4,4,4,4,4,5,4,5,1,1,1,1,1,5,1,1,2,1
"137",13,137,8,4,4,4,4,4,5,4,5,1,1,1,1,1,5,1,1,2,1
"138",13,138,8,4,4,4,4,4,5,4,5,1,1,1,1,1,5,1,1,2,1
"139",13,139,8,4,4,4,4,4,5,4,5,1,1,1,1,1,5,1,1,2,1
"140",13,140,8,4,4,4,4,4,5,4,5,1,1,1,1,1,5,1,1,2,1
"141",13,141,8,4,4,4,4,4,5,4,5,1,1,1,1,1,5,1,1,2,1
"142",13,142,8,4,4,4,4,4,5,4,5,1,1,1,1,1,5,1,1,2,1
"143",13,143,8,4,4,4,4,4,5,4,5,1,1,1,1,1,5,1,1,2,1
"144",13,144,8,4,4,4,4,4,5,4,5,1,1,1,1,1,5,1,1,2,1
"145",13,145,8,4,4,4,4,4,5,4,5,1,1,1,1,1,5,1,1,2,1
"146",13,146,8,4,4,4,4,4,5,4,5,1,1,1,1,1,5,1,1,2,1
"147",13,147,8,4,4,4,4,4,5,4,5,1,1,1,1,1,5,1,1,2,1
"148",13,148,8,4,4,4,4,4,5,4,5,1,1,1,1,1,5,1,1,2,1
"149",13,149,8,4,4,4,4,4,5,4,5,1,1,1,1,1,5,1,1,2,1
"150",13,150,8,4,4,4,4,4,5,4,5,1,1,1,1,1,5,1,1,2,1
"151",13,151,8,4,4,4,4,4,5,4,5,1,1,1,1,1,5,1,1,2,1
"152",13,152,9,5,3,5,3,3,4,3,4,5,5,5,5,5,4,5,5,1,5
"153",13,153,9,5,3,5,3,3,4,3,4,5,5,5,5,5,4,5,5,1,5
"154",13,154,9,5,3,5,3,3,4,3,4,5,5,5,5,5,4,5,5,1,5
"155",13,155,9,5,3,5,3,3,4,3,4,5,5,5,5,5,4,5,5,1,5
"156",13,156,9,5,3,5,3,3,4,3,4,5,5,5,5,5,4,5,5,1,5
"157",13,157,9,5,3,5,3,3,4,3,4,5,5,5,5,5,4,5,5,1,5
"158",13,158,9,5,3,5,3,3,4,3,4,5,5,5,5,5,4,5,5,1,5
"159",13,159,9,5,3,5,3,3,4,3,4,5,5,5,5,5,4,5,5,1,5
"160",13,160,9,5,3,5,3,3,4,3,4,5,5,5,5,5,4,5,5,1,5
"161",13,161,9,5,3,5,3,3,4,3,4,5,5,5,5,5,4,5,5,1,5
"162",13,162,10,7,6,6,6,6,6,6,6,2,2,2,2,2,6,2,2,4,2
"163",13,163,10,7,6,6,6,6,6,6,6,2,2,2,2,2,6,2,2,4,2
"164",13,164,10,7,6,6,6,6,6,6,6,2,2,2,2,2,6,2,2,4,2
"165",13,165,10,7,6,6,6,6,6,6,6,2,2,2,2,2,6,2,2,4,2
"166",13,166,10,7,6,6,6,6,6,6,6,2,2,2,2,2,6,2,2,4,2
"167",13,167,10,7,6,6,6,6,6,6,6,2,2,2,2,2,6,2,2,4,2
"168",13,168,10,7,6,6,6,6,6,6,6,2,2,2,2,2,6,2,2,4,2
"169",13,169,10,7,6,6,6,6,6,6,6,2,2,2,2,2,6,2,2,4,2
"170",13,170,10,7,6,6,6,6,6,6,6,2,2,2,2,2,6,2,2,4,2
"171",13,171,10,7,6,6,6,6,6,6,6,2,2,2,2,2,6,2,2,4,2
"172",13,172,10,7,6,6,6,6,6,6,6,2,2,2,2,2,6,2,2,4,2
"173",13,173,10,7,6,6,6,6,6,6,6,2,2,2,2,2,6,2,2,4,2
"174",13,174,10,7,6,6,6,6,6,6,6,2,2,2,2,2,6,2,2,4,2
"175",13,175,10,7,6,6,6,6,6,6,6,2,2,2,2,2,6,2,2,4,2
"176",13,176,10,7,6,6,6,6,6,6,6,2,2,2,2,2,6,2,2,4,2
"177",13,177,10,7,6,6,6,6,6,6,6,2,2,2,2,2,6,2,2,4,2
"178",13,178,11,2,2,2,2,2,2,2,2,6,6,6,6,6,2,6,6,1,6
"179",13,179,11,2,2,2,2,2,2,2,2,6,6,6,6,6,2,6,6,1,6
"180",13,180,11,2,2,2,2,2,2,2,2,6,6,6,6,6,2,6,6,1,6
"181",13,181,11,2,2,2,2,2,2,2,2,6,6,6,6,6,2,6,6,1,6
"182",13,182,11,2,2,2,2,2,2,2,2,6,6,6,6,6,2,6,6,1,6
"183",13,183,11,2,2,2,2,2,2,2,2,6,6,6,6,6,2,6,6,1,6
"184",13,184,11,2,2,2,2,2,2,2,2,6,6,6,6,6,2,6,6,1,6
"185",13,185,11,2,2,2,2,2,2,2,2,6,6,6,6,6,2,6,6,1,6
"186",13,186,11,2,2,2,2,2,2,2,2,6,6,6,6,6,2,6,6,1,6
"187",13,187,11,2,2,2,2,2,2,2,2,6,6,6,6,6,2,6,6,1,6
"188",13,188,11,2,2,2,2,2,2,2,2,6,6,6,6,6,2,6,6,1,6
"189",13,189,11,2,2,2,2,2,2,2,2,6,6,6,6,6,2,6,6,1,6
"190",13,190,11,2,2,2,2,2,2,2,2,6,6,6,6,6,2,6,6,1,6
"191",13,191,11,2,2,2,2,2,2,2,2,6,6,6,6,6,2,6,6,1,6
"192",13,192,11,2,2,2,2,2,2,2,2,6,6,6,6,6,2,6,6,1,6
"193",13,193,11,2,2,2,2,2,2,2,2,6,6,6,6,6,2,6,6,1,6
"194",13,194,11,2,2,2,2,2,2,2,2,6,6,6,6,6,2,6,6,1,6
"195",13,195,11,2,2,2,2,2,2,2,2,6,6,6,6,6,2,6,6,1,6
"196",13,196,11,2,2,2,2,2,2,2,2,6,6,6,6,6,2,6,6,1,6
"197",13,197,11,2,2,2,2,2,2,2,2,6,6,6,6,6,2,6,6,1,6
"198",13,198,11,2,2,2,2,2,2,2,2,6,6,6,6,6,2,6,6,1,6
"199",13,199,11,2,2,2,2,2,2,2,2,6,6,6,6,6,2,6,6,1,6
"200",13,200,11,2,2,2,2,2,2,2,2,6,6,6,6,6,2,6,6,1,6
"201",13,201,11,2,2,2,2,2,2,2,2,6,6,6,6,6,2,6,6,1,6
"202",13,202,11,2,2,2,2,2,2,2,2,6,6,6,6,6,2,6,6,1,6
"203",13,203,11,2,2,2,2,2,2,2,2,6,6,6,6,6,2,6,6,1,6
"204",13,204,11,2,2,2,2,2,2,2,2,6,6,6,6,6,2,6,6,1,6
"205",13,205,11,2,2,2,2,2,2,2,2,6,6,6,6,6,2,6,6,1,6
"206",13,206,12,5,3,5,3,3,4,3,4,5,5,5,5,5,4,5,5,1,5
"207",13,207,12,5,3,5,3,3,4,3,4,5,5,5,5,5,4,5,5,1,5
"208",13,208,12,5,3,5,3,3,4,3,4,5,5,5,5,5,4,5,5,1,5
"209",13,209,12,5,3,5,3,3,4,3,4,5,5,5,5,5,4,5,5,1,5
"210",13,210,12,5,3,5,3,3,4,3,4,5,5,5,5,5,4,5,5,1,5
"211",13,211,12,5,3,5,3,3,4,3,4,5,5,5,5,5,4,5,5,1,5
"212",13,212,12,5,3,5,3,3,4,3,4,5,5,5,5,5,4,5,5,1,5
"213",13,213,12,5,3,5,3,3,4,3,4,5,5,5,5,5,4,5,5,1,5
"214",13,214,12,5,3,5,3,3,4,3,4,5,5,5,5,5,4,5,5,1,5
"215",13,215,12,5,3,5,3,3,4,3,4,5,5,5,5,5,4,5,5,1,5
"216",13,216,12,5,3,5,3,3,4,3,4,5,5,5,5,5,4,5,5,1,5
"217",13,217,12,5,3,5,3,3,4,3,4,5,5,5,5,5,4,5,5,1,5
"218",13,218,12,5,3,5,3,3,4,3,4,5,5,5,5,5,4,5,5,1,5
"219",13,219,12,5,3,5,3,3,4,3,4,5,5,5,5,5,4,5,5,1,5
"220",13,220,12,5,3,5,3,3,4,3,4,5,5,5,5,5,4,5,5,1,5
"221",13,221,12,5,3,5,3,3,4,3,4,5,5,5,5,5,4,5,5,1,5
"222",13,222,12,5,3,5,3,3,4,3,4,5,5,5,5,5,4,5,5,1,5
"223",13,223,12,5,3,5,3,3,4,3,4,5,5,5,5,5,4,5,5,1,5
"224",13,224,13,7,6,6,6,6,6,6,6,2,2,2,2,2,6,2,2,4,2
"225",13,225,13,7,6,6,6,6,6,6,6,2,2,2,2,2,6,2,2,4,2
"226",13,226,13,7,6,6,6,6,6,6,6,2,2,2,2,2,6,2,2,4,2
"227",13,227,13,7,6,6,6,6,6,6,6,2,2,2,2,2,6,2,2,4,2
"228",13,228,13,7,6,6,6,6,6,6,6,2,2,2,2,2,6,2,2,4,2
"229",13,229,13,7,6,6,6,6,6,6,6,2,2,2,2,2,6,2,2,4,2
"230",13,230,13,7,6,6,6,6,6,6,6,2,2,2,2,2,6,2,2,4,2
"231",13,231,13,7,6,6,6,6,6,6,6,2,2,2,2,2,6,2,2,4,2
"232",13,232,13,7,6,6,6,6,6,6,6,2,2,2,2,2,6,2,2,4,2
"233",13,233,13,7,6,6,6,6,6,6,6,2,2,2,2,2,6,2,2,4,2
"234",13,234,13,7,6,6,6,6,6,6,6,2,2,2,2,2,6,2,2,4,2
"235",13,235,13,7,6,6,6,6,6,6,6,2,2,2,2,2,6,2,2,4,2
"236",13,236,13,7,6,6,6,6,6,6,6,2,2,2,2,2,6,2,2,4,2
"237",13,237,13,7,6,6,6,6,6,6,6,2,2,2,2,2,6,2,2,4,2
"238",13,238,13,7,6,6,6,6,6,6,6,2,2,2,2,2,6,2,2,4,2
"239",13,239,13,7,6,6,6,6,6,6,6,2,2,2,2,2,6,2,2,4,2
"240",13,240,14,3,7,3,7,7,7,7,7,3,3,3,3,3,7,3,3,7,3
"241",13,241,14,3,7,3,7,7,7,7,7,3,3,3,3,3,7,3,3,7,3
"242",13,242,14,3,7,3,7,7,7,7,7,3,3,3,3,3,7,3,3,7,3
"243",13,243,14,3,7,3,7,7,7,7,7,3,3,3,3,3,7,3,3,7,3
"244",13,244,14,3,7,3,7,7,7,7,7,3,3,3,3,3,7,3,3,7,3
"245",13,245,14,3,7,3,7,7,7,7,7,3,3,3,3,3,7,3,3,7,3
"246",13,246,14,3,7,3,7,7,7,7,7,3,3,3,3,3,7,3,3,7,3
"247",13,247,14,3,7,3,7,7,7,7,7,3,3,3,3,3,7,3,3,7,3
"248",13,248,14,3,7,3,7,7,7,7,7,3,3,3,3,3,7,3,3,7,3
"249",13,249,14,3,7,3,7,7,7,7,7,3,3,3,3,3,7,3,3,7,3
"250",13,250,14,3,7,3,7,7,7,7,7,3,3,3,3,3,7,3,3,7,3
"251",13,251,14,3,7,3,7,7,7,7,7,3,3,3,3,3,7,3,3,7,3
"252",13,252,14,3,7,3,7,7,7,7,7,3,3,3,3,3,7,3,3,7,3
"253",13,253,14,3,7,3,7,7,7,7,7,3,3,3,3,3,7,3,3,7,3
"254",13,254,14,3,7,3,7,7,7,7,7,3,3,3,3,3,7,3,3,7,3
"255",13,255,14,3,7,3,7,7,7,7,7,3,3,3,3,3,7,3,3,7,3
"256",13,256,14,3,7,3,7,7,7,7,7,3,3,3,3,3,7,3,3,7,3
"257",13,257,15,1,1,1,1,1,1,1,1,7,7,7,7,7,1,7,7,6,7
"258",13,258,15,1,1,1,1,1,1,1,1,7,7,7,7,7,1,7,7,6,7
"259",13,259,15,1,1,1,1,1,1,1,1,7,7,7,7,7,1,7,7,6,7
"260",13,260,15,1,1,1,1,1,1,1,1,7,7,7,7,7,1,7,7,6,7
"261",13,261,15,1,1,1,1,1,1,1,1,7,7,7,7,7,1,7,7,6,7
"262",13,262,15,1,1,1,1,1,1,1,1,7,7,7,7,7,1,7,7,6,7
"263",13,263,15,1,1,1,1,1,1,1,1,7,7,7,7,7,1,7,7,6,7
"264",13,264,15,1,1,1,1,1,1,1,1,7,7,7,7,7,1,7,7,6,7
"265",13,265,15,1,1,1,1,1,1,1,1,7,7,7,7,7,1,7,7,6,7
"266",13,266,15,1,1,1,1,1,1,1,1,7,7,7,7,7,1,7,7,6,7
"267",13,267,15,1,1,1,1,1,1,1,1,7,7,7,7,7,1,7,7,6,7
"268",13,268,15,1,1,1,1,1,1,1,1,7,7,7,7,7,1,7,7,6,7
"269",13,269,15,1,1,1,1,1,1,1,1,7,7,7,7,7,1,7,7,6,7
"270",13,270,15,1,1,1,1,1,1,1,1,7,7,7,7,7,1,7,7,6,7
"271",13,271,15,1,1,1,1,1,1,1,1,7,7,7,7,7,1,7,7,6,7
"272",13,272,15,1,1,1,1,1,1,1,1,7,7,7,7,7,1,7,7,6,7
"273",13,273,15,1,1,1,1,1,1,1,1,7,7,7,7,7,1,7,7,6,7
"274",13,274,15,1,1,1,1,1,1,1,1,7,7,7,7,7,1,7,7,6,7
"275",13,275,15,1,1,1,1,1,1,1,1,7,7,7,7,7,1,7,7,6,7
"276",13,276,15,1,1,1,1,1,1,1,1,7,7,7,7,7,1,7,7,6,7
"277",13,277,15,1,1,1,1,1,1,1,1,7,7,7,7,7,1,7,7,6,7
"278",13,278,15,1,1,1,1,1,1,1,1,7,7,7,7,7,1,7,7,6,7
"279",13,279,15,1,1,1,1,1,1,1,1,7,7,7,7,7,1,7,7,6,7
"280",13,280,15,1,1,1,1,1,1,1,1,7,7,7,7,7,1,7,7,6,7
"281",13,281,16,3,3,5,3,3,4,3,4,5,5,5,5,5,4,5,5,5,5
"282",13,282,16,3,3,5,3,3,4,3,4,5,5,5,5,5,4,5,5,5,5
"283",13,283,16,3,3,5,3,3,4,3,4,5,5,5,5,5,4,5,5,5,5
"284",13,284,16,3,3,5,3,3,4,3,4,5,5,5,5,5,4,5,5,5,5
"285",13,285,16,3,3,5,3,3,4,3,4,5,5,5,5,5,4,5,5,5,5
"286",13,286,16,3,3,5,3,3,4,3,4,5,5,5,5,5,4,5,5,5,5
"287",13,287,16,3,3,5,3,3,4,3,4,5,5,5,5,5,4,5,5,5,5
"288",13,288,16,3,3,5,3,3,4,3,4,5,5,5,5,5,4,5,5,5,5
"289",13,289,16,3,3,5,3,3,4,3,4,5,5,5,5,5,4,5,5,5,5
"290",13,290,16,3,3,5,3,3,4,3,4,5,5,5,5,5,4,5,5,5,5
"291",13,291,17,2,7,3,7,7,7,7,7,3,3,3,3,3,7,3,3,7,3
"292",13,292,17,2,7,3,7,7,7,7,7,3,3,3,3,3,7,3,3,7,3
"293",13,293,17,2,7,3,7,7,7,7,7,3,3,3,3,3,7,3,3,7,3
"294",13,294,17,2,7,3,7,7,7,7,7,3,3,3,3,3,7,3,3,7,3
"295",13,295,17,2,7,3,7,7,7,7,7,3,3,3,3,3,7,3,3,7,3
"296",13,296,17,2,7,3,7,7,7,7,7,3,3,3,3,3,7,3,3,7,3
"297",13,297,17,2,7,3,7,7,7,7,7,3,3,3,3,3,7,3,3,7,3
"298",13,298,17,2,7,3,7,7,7,7,7,3,3,3,3,3,7,3,3,7,3
"299",13,299,17,2,7,3,7,7,7,7,7,3,3,3,3,3,7,3,3,7,3
"300",13,300,17,2,7,3,7,7,7,7,7,3,3,3,3,3,7,3,3,7,3
"301",13,301,17,2,7,3,7,7,7,7,7,3,3,3,3,3,7,3,3,7,3
"302",13,302,17,2,7,3,7,7,7,7,7,3,3,3,3,3,7,3,3,7,3
"303",13,303,17,2,7,3,7,7,7,7,7,3,3,3,3,3,7,3,3,7,3
"304",13,304,17,2,7,3,7,7,7,7,7,3,3,3,3,3,7,3,3,7,3
"305",13,305,17,2,7,3,7,7,7,7,7,3,3,3,3,3,7,3,3,7,3
"306",13,306,17,2,7,3,7,7,7,7,7,3,3,3,3,3,7,3,3,7,3
"307",13,307,17,2,7,3,7,7,7,7,7,3,3,3,3,3,7,3,3,7,3
"308",13,308,17,2,7,3,7,7,7,7,7,3,3,3,3,3,7,3,3,7,3
"309",13,309,17,2,7,3,7,7,7,7,7,3,3,3,3,3,7,3,3,7,3
"310",13,310,17,2,7,3,7,7,7,7,7,3,3,3,3,3,7,3,3,7,3
"311",13,311,17,2,7,3,7,7,7,7,7,3,3,3,3,3,7,3,3,7,3
"312",13,312,17,2,7,3,7,7,7,7,7,3,3,3,3,3,7,3,3,7,3
"313",13,313,17,2,7,3,7,7,7,7,7,3,3,3,3,3,7,3,3,7,3
"314",13,314,17,2,7,3,7,7,7,7,7,3,3,3,3,3,7,3,3,7,3
"315",13,315,17,2,7,3,7,7,7,7,7,3,3,3,3,3,7,3,3,7,3
"316",13,316,18,3,7,3,7,7,7,7,7,3,3,3,3,3,7,3,3,7,3
"317",13,317,18,3,7,3,7,7,7,7,7,3,3,3,3,3,7,3,3,7,3
"318",13,318,18,3,7,3,7,7,7,7,7,3,3,3,3,3,7,3,3,7,3
"319",13,319,18,3,7,3,7,7,7,7,7,3,3,3,3,3,7,3,3,7,3
"320",13,320,18,3,7,3,7,7,7,7,7,3,3,3,3,3,7,3,3,7,3
"321",13,321,18,3,7,3,7,7,7,7,7,3,3,3,3,3,7,3,3,7,3
"322",13,322,18,3,7,3,7,7,7,7,7,3,3,3,3,3,7,3,3,7,3
"323",13,323,18,3,7,3,7,7,7,7,7,3,3,3,3,3,7,3,3,7,3
"324",13,324,18,3,7,3,7,7,7,7,7,3,3,3,3,3,7,3,3,7,3
"325",13,325,18,3,7,3,7,7,7,7,7,3,3,3,3,3,7,3,3,7,3
"326",13,326,18,3,7,3,7,7,7,7,7,3,3,3,3,3,7,3,3,7,3
"327",13,327,18,3,7,3,7,7,7,7,7,3,3,3,3,3,7,3,3,7,3
"328",13,328,18,3,7,3,7,7,7,7,7,3,3,3,3,3,7,3,3,7,3
"329",13,329,18,3,7,3,7,7,7,7,7,3,3,3,3,3,7,3,3,7,3
"330",13,330,18,3,7,3,7,7,7,7,7,3,3,3,3,3,7,3,3,7,3
"331",13,331,19,2,2,2,2,2,2,2,2,6,6,6,6,6,2,6,6,1,6
"332",13,332,19,2,2,2,2,2,2,2,2,6,6,6,6,6,2,6,6,1,6
"333",13,333,19,2,2,2,2,2,2,2,2,6,6,6,6,6,2,6,6,1,6
"334",13,334,19,2,2,2,2,2,2,2,2,6,6,6,6,6,2,6,6,1,6
"335",13,335,19,2,2,2,2,2,2,2,2,6,6,6,6,6,2,6,6,1,6
"336",13,336,19,2,2,2,2,2,2,2,2,6,6,6,6,6,2,6,6,1,6
"337",13,337,19,2,2,2,2,2,2,2,2,6,6,6,6,6,2,6,6,1,6
"338",13,338,19,2,2,2,2,2,2,2,2,6,6,6,6,6,2,6,6,1,6
"339",13,339,19,2,2,2,2,2,2,2,2,6,6,6,6,6,2,6,6,1,6
"340",13,340,19,2,2,2,2,2,2,2,2,6,6,6,6,6,2,6,6,1,6
"341",13,341,19,2,2,2,2,2,2,2,2,6,6,6,6,6,2,6,6,1,6
"342",13,342,20,2,2,2,2,2,7,2,7,6,6,6,6,6,7,6,6,1,6
"343",13,343,20,2,2,2,2,2,7,2,7,6,6,6,6,6,7,6,6,1,6
"344",13,344,20,2,2,2,2,2,7,2,7,6,6,6,6,6,7,6,6,1,6
"345",13,345,20,2,2,2,2,2,7,2,7,6,6,6,6,6,7,6,6,1,6
"346",13,346,20,2,2,2,2,2,7,2,7,6,6,6,6,6,7,6,6,1,6
"347",13,347,20,2,2,2,2,2,7,2,7,6,6,6,6,6,7,6,6,1,6
"348",13,348,20,2,2,2,2,2,7,2,7,6,6,6,6,6,7,6,6,1,6
"349",13,349,20,2,2,2,2,2,7,2,7,6,6,6,6,6,7,6,6,1,6
"350",13,350,21,4,4,4,4,4,5,4,5,1,1,1,1,1,5,1,1,2,1
"351",13,351,21,4,4,4,4,4,5,4,5,1,1,1,1,1,5,1,1,2,1
"352",13,352,21,4,4,4,4,4,5,4,5,1,1,1,1,1,5,1,1,2,1
"353",13,353,21,4,4,4,4,4,5,4,5,1,1,1,1,1,5,1,1,2,1
"354",13,354,21,4,4,4,4,4,5,4,5,1,1,1,1,1,5,1,1,2,1
"355",13,355,21,4,4,4,4,4,5,4,5,1,1,1,1,1,5,1,1,2,1
"356",13,356,21,4,4,4,4,4,5,4,5,1,1,1,1,1,5,1,1,2,1
"357",13,357,21,4,4,4,4,4,5,4,5,1,1,1,1,1,5,1,1,2,1
"358",13,358,22,4,4,4,4,4,5,4,5,1,1,1,1,1,5,1,1,2,1
"359",13,359,22,4,4,4,4,4,5,4,5,1,1,1,1,1,5,1,1,2,1
"360",13,360,22,4,4,4,4,4,5,4,5,1,1,1,1,1,5,1,1,2,1
"361",13,361,22,4,4,4,4,4,5,4,5,1,1,1,1,1,5,1,1,2,1
"362",13,362,22,4,4,4,4,4,5,4,5,1,1,1,1,1,5,1,1,2,1
"363",13,363,22,4,4,4,4,4,5,4,5,1,1,1,1,1,5,1,1,2,1
"364",13,364,22,4,4,4,4,4,5,4,5,1,1,1,1,1,5,1,1,2,1
"365",13,365,22,4,4,4,4,4,5,4,5,1,1,1,1,1,5,1,1,2,1
"366",13,366,22,4,4,4,4,4,5,4,5,1,1,1,1,1,5,1,1,2,1
"367",13,367,22,4,4,4,4,4,5,4,5,1,1,1,1,1,5,1,1,2,1
"368",13,368,22,4,4,4,4,4,5,4,5,1,1,1,1,1,5,1,1,2,1
"369",13,369,23,2,2,2,2,2,3,2,3,6,6,6,6,6,3,6,6,1,6
"370",13,370,23,2,2,2,2,2,3,2,3,6,6,6,6,6,3,6,6,1,6
"371",13,371,23,2,2,2,2,2,3,2,3,6,6,6,6,6,3,6,6,1,6
"372",13,372,23,2,2,2,2,2,3,2,3,6,6,6,6,6,3,6,6,1,6
"373",13,373,23,2,2,2,2,2,3,2,3,6,6,6,6,6,3,6,6,1,6
"374",13,374,23,2,2,2,2,2,3,2,3,6,6,6,6,6,3,6,6,1,6
"375",13,375,23,2,2,2,2,2,3,2,3,6,6,6,6,6,3,6,6,1,6
"376",13,376,23,2,2,2,2,2,3,2,3,6,6,6,6,6,3,6,6,1,6
"377",13,377,23,2,2,2,2,2,3,2,3,6,6,6,6,6,3,6,6,1,6
"378",13,378,23,2,2,2,2,2,3,2,3,6,6,6,6,6,3,6,6,1,6
"379",13,379,23,2,2,2,2,2,3,2,3,6,6,6,6,6,3,6,6,1,6
"380",13,380,23,2,2,2,2,2,3,2,3,6,6,6,6,6,3,6,6,1,6
"381",13,381,23,2,2,2,2,2,3,2,3,6,6,6,6,6,3,6,6,1,6
"382",13,382,23,2,2,2,2,2,3,2,3,6,6,6,6,6,3,6,6,1,6
"383",13,383,23,2,2,2,2,2,3,2,3,6,6,6,6,6,3,6,6,1,6
"384",13,384,23,2,2,2,2,2,3,2,3,6,6,6,6,6,3,6,6,1,6
"385",13,385,23,2,2,2,2,2,3,2,3,6,6,6,6,6,3,6,6,1,6
"386",13,386,24,4,4,1,4,4,5,4,5,6,6,6,6,6,5,6,6,2,6
"387",13,387,24,4,4,1,4,4,5,4,5,6,6,6,6,6,5,6,6,2,6
"388",13,388,24,4,4,1,4,4,5,4,5,6,6,6,6,6,5,6,6,2,6
"389",13,389,24,4,4,1,4,4,5,4,5,6,6,6,6,6,5,6,6,2,6
"390",13,390,24,4,4,1,4,4,5,4,5,6,6,6,6,6,5,6,6,2,6
"391",13,391,24,4,4,1,4,4,5,4,5,6,6,6,6,6,5,6,6,2,6
"392",13,392,24,4,4,1,4,4,5,4,5,6,6,6,6,6,5,6,6,2,6
"393",13,393,24,4,4,1,4,4,5,4,5,6,6,6,6,6,5,6,6,2,6
"394",13,394,24,4,4,1,4,4,5,4,5,6,6,6,6,6,5,6,6,2,6
"395",13,395,24,4,4,1,4,4,5,4,5,6,6,6,6,6,5,6,6,2,6
"396",13,396,24,4,4,1,4,4,5,4,5,6,6,6,6,6,5,6,6,2,6
"397",13,397,24,4,4,1,4,4,5,4,5,6,6,6,6,6,5,6,6,2,6
"398",13,398,24,4,4,1,4,4,5,4,5,6,6,6,6,6,5,6,6,2,6
"399",13,399,24,4,4,1,4,4,5,4,5,6,6,6,6,6,5,6,6,2,6
"400",13,400,24,4,4,1,4,4,5,4,5,6,6,6,6,6,5,6,6,2,6
"401",13,401,24,4,4,1,4,4,5,4,5,6,6,6,6,6,5,6,6,2,6
"402",13,402,24,4,4,1,4,4,5,4,5,6,6,6,6,6,5,6,6,2,6
"403",13,403,24,4,4,1,4,4,5,4,5,6,6,6,6,6,5,6,6,2,6
"404",13,404,24,4,4,1,4,4,5,4,5,6,6,6,6,6,5,6,6,2,6
"405",13,405,25,7,6,6,6,6,6,6,6,2,2,2,2,2,6,2,2,4,2
"406",13,406,25,7,6,6,6,6,6,6,6,2,2,2,2,2,6,2,2,4,2
"407",13,407,25,7,6,6,6,6,6,6,6,2,2,2,2,2,6,2,2,4,2
"408",13,408,25,7,6,6,6,6,6,6,6,2,2,2,2,2,6,2,2,4,2
"409",13,409,25,7,6,6,6,6,6,6,6,2,2,2,2,2,6,2,2,4,2
"410",13,410,25,7,6,6,6,6,6,6,6,2,2,2,2,2,6,2,2,4,2
"411",13,411,25,7,6,6,6,6,6,6,6,2,2,2,2,2,6,2,2,4,2
"412",13,412,25,7,6,6,6,6,6,6,6,2,2,2,2,2,6,2,2,4,2
"413",13,413,25,7,6,6,6,6,6,6,6,2,2,2,2,2,6,2,2,4,2
"414",13,414,25,7,6,6,6,6,6,6,6,2,2,2,2,2,6,2,2,4,2
"415",13,415,25,7,6,6,6,6,6,6,6,2,2,2,2,2,6,2,2,4,2
"416",13,416,25,7,6,6,6,6,6,6,6,2,2,2,2,2,6,2,2,4,2
"417",13,417,25,7,6,6,6,6,6,6,6,2,2,2,2,2,6,2,2,4,2
"418",13,418,25,7,6,6,6,6,6,6,6,2,2,2,2,2,6,2,2,4,2
"419",13,419,25,7,6,6,6,6,6,6,6,2,2,2,2,2,6,2,2,4,2
"420",13,420,25,7,6,6,6,6,6,6,6,2,2,2,2,2,6,2,2,4,2
"421",13,421,25,7,6,6,6,6,6,6,6,2,2,2,2,2,6,2,2,4,2
"422",13,422,25,7,6,6,6,6,6,6,6,2,2,2,2,2,6,2,2,4,2
"423",13,423,25,7,6,6,6,6,6,6,6,2,2,2,2,2,6,2,2,4,2
"424",13,424,25,7,6,6,6,6,6,6,6,2,2,2,2,2,6,2,2,4,2
"425",13,425,25,7,6,6,6,6,6,6,6,2,2,2,2,2,6,2,2,4,2
"426",13,426,25,7,6,6,6,6,6,6,6,2,2,2,2,2,6,2,2,4,2
"427",13,427,25,7,6,6,6,6,6,6,6,2,2,2,2,2,6,2,2,4,2
"428",13,428,25,7,6,6,6,6,6,6,6,2,2,2,2,2,6,2,2,4,2
"429",13,429,25,7,6,6,6,6,6,6,6,2,2,2,2,2,6,2,2,4,2
"430",13,430,25,7,6,6,6,6,6,6,6,2,2,2,2,2,6,2,2,4,2
"431",13,431,26,7,6,6,6,6,6,6,6,2,2,2,2,2,6,2,2,4,2
"432",13,432,26,7,6,6,6,6,6,6,6,2,2,2,2,2,6,2,2,4,2
"433",13,433,26,7,6,6,6,6,6,6,6,2,2,2,2,2,6,2,2,4,2
"434",13,434,26,7,6,6,6,6,6,6,6,2,2,2,2,2,6,2,2,4,2
"435",13,435,26,7,6,6,6,6,6,6,6,2,2,2,2,2,6,2,2,4,2
"436",13,436,26,7,6,6,6,6,6,6,6,2,2,2,2,2,6,2,2,4,2
"437",13,437,26,7,6,6,6,6,6,6,6,2,2,2,2,2,6,2,2,4,2
"438",13,438,26,7,6,6,6,6,6,6,6,2,2,2,2,2,6,2,2,4,2
"439",13,439,26,7,6,6,6,6,6,6,6,2,2,2,2,2,6,2,2,4,2
"440",13,440,26,7,6,6,6,6,6,6,6,2,2,2,2,2,6,2,2,4,2
"441",13,441,27,1,1,1,1,1,1,1,1,7,7,7,7,7,1,7,7,6,7
"442",13,442,27,1,1,1,1,1,1,1,1,7,7,7,7,7,1,7,7,6,7
"443",13,443,27,1,1,1,1,1,1,1,1,7,7,7,7,7,1,7,7,6,7
"444",13,444,27,1,1,1,1,1,1,1,1,7,7,7,7,7,1,7,7,6,7
"445",13,445,27,1,1,1,1,1,1,1,1,7,7,7,7,7,1,7,7,6,7
"446",13,446,27,1,1,1,1,1,1,1,1,7,7,7,7,7,1,7,7,6,7
"447",13,447,27,1,1,1,1,1,1,1,1,7,7,7,7,7,1,7,7,6,7
"448",13,448,27,1,1,1,1,1,1,1,1,7,7,7,7,7,1,7,7,6,7
"449",13,449,27,1,1,1,1,1,1,1,1,7,7,7,7,7,1,7,7,6,7
"450",13,450,27,1,1,1,1,1,1,1,1,7,7,7,7,7,1,7,7,6,7
"451",13,451,27,1,1,1,1,1,1,1,1,7,7,7,7,7,1,7,7,6,7
"452",13,452,27,1,1,1,1,1,1,1,1,7,7,7,7,7,1,7,7,6,7
"453",13,453,27,1,1,1,1,1,1,1,1,7,7,7,7,7,1,7,7,6,7
"454",13,454,27,1,1,1,1,1,1,1,1,7,7,7,7,7,1,7,7,6,7
"455",13,455,27,1,1,1,1,1,1,1,1,7,7,7,7,7,1,7,7,6,7
"456",13,456,27,1,1,1,1,1,1,1,1,7,7,7,7,7,1,7,7,6,7
"457",13,457,28,7,6,6,6,6,6,6,6,2,2,2,2,2,6,2,2,4,2
"458",13,458,28,7,6,6,6,6,6,6,6,2,2,2,2,2,6,2,2,4,2
"459",13,459,28,7,6,6,6,6,6,6,6,2,2,2,2,2,6,2,2,4,2
"460",13,460,28,7,6,6,6,6,6,6,6,2,2,2,2,2,6,2,2,4,2
"461",13,461,28,7,6,6,6,6,6,6,6,2,2,2,2,2,6,2,2,4,2
"462",13,462,28,7,6,6,6,6,6,6,6,2,2,2,2,2,6,2,2,4,2
"463",13,463,28,7,6,6,6,6,6,6,6,2,2,2,2,2,6,2,2,4,2
"464",13,464,28,7,6,6,6,6,6,6,6,2,2,2,2,2,6,2,2,4,2
"465",13,465,28,7,6,6,6,6,6,6,6,2,2,2,2,2,6,2,2,4,2
"466",13,466,28,7,6,6,6,6,6,6,6,2,2,2,2,2,6,2,2,4,2
"467",13,467,28,7,6,6,6,6,6,6,6,2,2,2,2,2,6,2,2,4,2
"468",13,468,28,7,6,6,6,6,6,6,6,2,2,2,2,2,6,2,2,4,2
"469",13,469,28,7,6,6,6,6,6,6,6,2,2,2,2,2,6,2,2,4,2
"470",13,470,28,7,6,6,6,6,6,6,6,2,2,2,2,2,6,2,2,4,2
"471",13,471,28,7,6,6,6,6,6,6,6,2,2,2,2,2,6,2,2,4,2
"472",13,472,28,7,6,6,6,6,6,6,6,2,2,2,2,2,6,2,2,4,2
"473",13,473,28,7,6,6,6,6,6,6,6,2,2,2,2,2,6,2,2,4,2
"474",13,474,28,7,6,6,6,6,6,6,6,2,2,2,2,2,6,2,2,4,2
"475",13,475,28,7,6,6,6,6,6,6,6,2,2,2,2,2,6,2,2,4,2
"476",13,476,28,7,6,6,6,6,6,6,6,2,2,2,2,2,6,2,2,4,2
"477",13,477,28,7,6,6,6,6,6,6,6,2,2,2,2,2,6,2,2,4,2
"478",13,478,28,7,6,6,6,6,6,6,6,2,2,2,2,2,6,2,2,4,2
"479",13,479,28,7,6,6,6,6,6,6,6,2,2,2,2,2,6,2,2,4,2
"480",13,480,28,7,6,6,6,6,6,6,6,2,2,2,2,2,6,2,2,4,2
"481",13,481,28,7,6,6,6,6,6,6,6,2,2,2,2,2,6,2,2,4,2
"482",13,482,28,7,6,6,6,6,6,6,6,2,2,2,2,2,6,2,2,4,2
"483",13,483,28,7,6,6,6,6,6,6,6,2,2,2,2,2,6,2,2,4,2
"484",13,484,28,7,6,6,6,6,6,6,6,2,2,2,2,2,6,2,2,4,2
"485",13,485,28,7,6,6,6,6,6,6,6,2,2,2,2,2,6,2,2,4,2
"486",13,486,28,7,6,6,6,6,6,6,6,2,2,2,2,2,6,2,2,4,2
"487",13,487,28,7,6,6,6,6,6,6,6,2,2,2,2,2,6,2,2,4,2
"488",13,488,28,7,6,6,6,6,6,6,6,2,2,2,2,2,6,2,2,4,2
"489",13,489,28,7,6,6,6,6,6,6,6,2,2,2,2,2,6,2,2,4,2
"490",13,490,28,7,6,6,6,6,6,6,6,2,2,2,2,2,6,2,2,4,2
"491",13,491,28,7,6,6,6,6,6,6,6,2,2,2,2,2,6,2,2,4,2
"492",13,492,28,7,6,6,6,6,6,6,6,2,2,2,2,2,6,2,2,4,2
"493",13,493,28,7,6,6,6,6,6,6,6,2,2,2,2,2,6,2,2,4,2
"494",13,494,28,7,6,6,6,6,6,6,6,2,2,2,2,2,6,2,2,4,2
"495",13,495,28,7,6,6,6,6,6,6,6,2,2,2,2,2,6,2,2,4,2
"496",13,496,28,7,6,6,6,6,6,6,6,2,2,2,2,2,6,2,2,4,2
"497",13,497,28,7,6,6,6,6,6,6,6,2,2,2,2,2,6,2,2,4,2
"498",13,498,28,7,6,6,6,6,6,6,6,2,2,2,2,2,6,2,2,4,2
"499",13,499,28,7,6,6,6,6,6,6,6,2,2,2,2,2,6,2,2,4,2
"500",13,500,28,7,6,6,6,6,6,6,6,2,2,2,2,2,6,2,2,4,2
"501",13,501,28,7,6,6,6,6,6,6,6,2,2,2,2,2,6,2,2,4,2
"502",13,502,28,7,6,6,6,6,6,6,6,2,2,2,2,2,6,2,2,4,2
"503",13,503,28,7,6,6,6,6,6,6,6,2,2,2,2,2,6,2,2,4,2
"504",13,504,28,7,6,6,6,6,6,6,6,2,2,2,2,2,6,2,2,4,2
"505",13,505,28,7,6,6,6,6,6,6,6,2,2,2,2,2,6,2,2,4,2
"506",13,506,28,7,6,6,6,6,6,6,6,2,2,2,2,2,6,2,2,4,2
"507",13,507,28,7,6,6,6,6,6,6,6,2,2,2,2,2,6,2,2,4,2
"508",13,508,28,7,6,6,6,6,6,6,6,2,2,2,2,2,6,2,2,4,2
"509",13,509,28,7,6,6,6,6,6,6,6,2,2,2,2,2,6,2,2,4,2
"510",13,510,29,3,3,3,3,3,4,3,4,5,5,5,5,5,4,5,5,5,5
"511",13,511,29,3,3,3,3,3,4,3,4,5,5,5,5,5,4,5,5,5,5
"512",13,512,29,3,3,3,3,3,4,3,4,5,5,5,5,5,4,5,5,5,5
"513",13,513,29,3,3,3,3,3,4,3,4,5,5,5,5,5,4,5,5,5,5
"514",13,514,29,3,3,3,3,3,4,3,4,5,5,5,5,5,4,5,5,5,5
"515",13,515,29,3,3,3,3,3,4,3,4,5,5,5,5,5,4,5,5,5,5
"516",13,516,29,3,3,3,3,3,4,3,4,5,5,5,5,5,4,5,5,5,5
"517",13,517,29,3,3,3,3,3,4,3,4,5,5,5,5,5,4,5,5,5,5
"518",13,518,29,3,3,3,3,3,4,3,4,5,5,5,5,5,4,5,5,5,5
"519",13,519,29,3,3,3,3,3,4,3,4,5,5,5,5,5,4,5,5,5,5
"520",13,520,29,3,3,3,3,3,4,3,4,5,5,5,5,5,4,5,5,5,5
"521",13,521,29,3,3,3,3,3,4,3,4,5,5,5,5,5,4,5,5,5,5
"522",13,522,29,3,3,3,3,3,4,3,4,5,5,5,5,5,4,5,5,5,5
"523",13,523,29,3,3,3,3,3,4,3,4,5,5,5,5,5,4,5,5,5,5
"524",13,524,29,3,3,3,3,3,4,3,4,5,5,5,5,5,4,5,5,5,5
"525",13,525,29,3,3,3,3,3,4,3,4,5,5,5,5,5,4,5,5,5,5
"526",13,526,29,3,3,3,3,3,4,3,4,5,5,5,5,5,4,5,5,5,5
"527",13,527,29,3,3,3,3,3,4,3,4,5,5,5,5,5,4,5,5,5,5
"528",13,528,29,3,3,3,3,3,4,3,4,5,5,5,5,5,4,5,5,5,5
"529",13,529,29,3,3,3,3,3,4,3,4,5,5,5,5,5,4,5,5,5,5
"530",13,530,29,3,3,3,3,3,4,3,4,5,5,5,5,5,4,5,5,5,5
"531",13,531,29,3,3,3,3,3,4,3,4,5,5,5,5,5,4,5,5,5,5
"532",13,532,29,3,3,3,3,3,4,3,4,5,5,5,5,5,4,5,5,5,5
"533",13,533,29,3,3,3,3,3,4,3,4,5,5,5,5,5,4,5,5,5,5
"534",13,534,29,3,3,3,3,3,4,3,4,5,5,5,5,5,4,5,5,5,5
"535",13,535,29,3,3,3,3,3,4,3,4,5,5,5,5,5,4,5,5,5,5
"536",13,536,29,3,3,3,3,3,4,3,4,5,5,5,5,5,4,5,5,5,5
"537",13,537,29,3,3,3,3,3,4,3,4,5,5,5,5,5,4,5,5,5,5
"538",13,538,29,3,3,3,3,3,4,3,4,5,5,5,5,5,4,5,5,5,5
"539",13,539,29,3,3,3,3,3,4,3,4,5,5,5,5,5,4,5,5,5,5
"540",13,540,29,3,3,3,3,3,4,3,4,5,5,5,5,5,4,5,5,5,5
"541",13,541,29,3,3,3,3,3,4,3,4,5,5,5,5,5,4,5,5,5,5
"542",13,542,29,3,3,3,3,3,4,3,4,5,5,5,5,5,4,5,5,5,5
"543",13,543,29,3,3,3,3,3,4,3,4,5,5,5,5,5,4,5,5,5,5
"544",13,544,29,3,3,3,3,3,4,3,4,5,5,5,5,5,4,5,5,5,5
"545",13,545,29,3,3,3,3,3,4,3,4,5,5,5,5,5,4,5,5,5,5
"546",13,546,29,3,3,3,3,3,4,3,4,5,5,5,5,5,4,5,5,5,5
"547",13,547,30,3,7,3,7,7,7,7,7,3,3,3,3,3,7,3,3,7,3
"548",13,548,30,3,7,3,7,7,7,7,7,3,3,3,3,3,7,3,3,7,3
"549",13,549,30,3,7,3,7,7,7,7,7,3,3,3,3,3,7,3,3,7,3
"550",13,550,30,3,7,3,7,7,7,7,7,3,3,3,3,3,7,3,3,7,3
"551",13,551,30,3,7,3,7,7,7,7,7,3,3,3,3,3,7,3,3,7,3
"552",13,552,30,3,7,3,7,7,7,7,7,3,3,3,3,3,7,3,3,7,3
"553",13,553,30,3,7,3,7,7,7,7,7,3,3,3,3,3,7,3,3,7,3
"554",13,554,30,3,7,3,7,7,7,7,7,3,3,3,3,3,7,3,3,7,3
"555",13,555,30,3,7,3,7,7,7,7,7,3,3,3,3,3,7,3,3,7,3
"556",13,556,30,3,7,3,7,7,7,7,7,3,3,3,3,3,7,3,3,7,3
"557",13,557,30,3,7,3,7,7,7,7,7,3,3,3,3,3,7,3,3,7,3
"558",13,558,30,3,7,3,7,7,7,7,7,3,3,3,3,3,7,3,3,7,3
"559",13,559,30,3,7,3,7,7,7,7,7,3,3,3,3,3,7,3,3,7,3
"560",13,560,30,3,7,3,7,7,7,7,7,3,3,3,3,3,7,3,3,7,3
"561",13,561,30,3,7,3,7,7,7,7,7,3,3,3,3,3,7,3,3,7,3
"562",13,562,30,3,7,3,7,7,7,7,7,3,3,3,3,3,7,3,3,7,3
"563",13,563,30,3,7,3,7,7,7,7,7,3,3,3,3,3,7,3,3,7,3
"564",13,564,30,3,7,3,7,7,7,7,7,3,3,3,3,3,7,3,3,7,3
"565",13,565,30,3,7,3,7,7,7,7,7,3,3,3,3,3,7,3,3,7,3
"566",13,566,30,3,7,3,7,7,7,7,7,3,3,3,3,3,7,3,3,7,3
"567",13,567,30,3,7,3,7,7,7,7,7,3,3,3,3,3,7,3,3,7,3
"568",13,568,30,3,7,3,7,7,7,7,7,3,3,3,3,3,7,3,3,7,3
"569",13,569,30,3,7,3,7,7,7,7,7,3,3,3,3,3,7,3,3,7,3
"570",13,570,30,3,7,3,7,7,7,7,7,3,3,3,3,3,7,3,3,7,3
"571",13,571,30,3,7,3,7,7,7,7,7,3,3,3,3,3,7,3,3,7,3
"572",13,572,30,3,7,3,7,7,7,7,7,3,3,3,3,3,7,3,3,7,3
"573",13,573,30,3,7,3,7,7,7,7,7,3,3,3,3,3,7,3,3,7,3
"574",13,574,30,3,7,3,7,7,7,7,7,3,3,3,3,3,7,3,3,7,3
"575",13,575,30,3,7,3,7,7,7,7,7,3,3,3,3,3,7,3,3,7,3
"576",13,576,30,3,7,3,7,7,7,7,7,3,3,3,3,3,7,3,3,7,3
"577",13,577,30,3,7,3,7,7,7,7,7,3,3,3,3,3,7,3,3,7,3
"578",13,578,30,3,7,3,7,7,7,7,7,3,3,3,3,3,7,3,3,7,3
"579",13,579,30,3,7,3,7,7,7,7,7,3,3,3,3,3,7,3,3,7,3
"580",13,580,30,3,7,3,7,7,7,7,7,3,3,3,3,3,7,3,3,7,3
"581",13,581,30,3,7,3,7,7,7,7,7,3,3,3,3,3,7,3,3,7,3
"582",13,582,30,3,7,3,7,7,7,7,7,3,3,3,3,3,7,3,3,7,3
"583",13,583,30,3,7,3,7,7,7,7,7,3,3,3,3,3,7,3,3,7,3
"584",13,584,30,3,7,3,7,7,7,7,7,3,3,3,3,3,7,3,3,7,3
"585",13,585,30,3,7,3,7,7,7,7,7,3,3,3,3,3,7,3,3,7,3
"586",13,586,30,3,7,3,7,7,7,7,7,3,3,3,3,3,7,3,3,7,3
"587",13,587,30,3,7,3,7,7,7,7,7,3,3,3,3,3,7,3,3,7,3
"588",13,588,30,3,7,3,7,7,7,7,7,3,3,3,3,3,7,3,3,7,3
"589",13,589,30,3,7,3,7,7,7,7,7,3,3,3,3,3,7,3,3,7,3
"590",13,590,30,3,7,3,7,7,7,7,7,3,3,3,3,3,7,3,3,7,3
"591",13,591,30,3,7,3,7,7,7,7,7,3,3,3,3,3,7,3,3,7,3
"592",13,592,30,3,7,3,7,7,7,7,7,3,3,3,3,3,7,3,3,7,3
"593",13,593,30,3,7,3,7,7,7,7,7,3,3,3,3,3,7,3,3,7,3
"594",13,594,30,3,7,3,7,7,7,7,7,3,3,3,3,3,7,3,3,7,3
"595",13,595,30,3,7,3,7,7,7,7,7,3,3,3,3,3,7,3,3,7,3
"596",13,596,30,3,7,3,7,7,7,7,7,3,3,3,3,3,7,3,3,7,3
"597",13,597,30,3,7,3,7,7,7,7,7,3,3,3,3,3,7,3,3,7,3
"598",13,598,30,3,7,3,7,7,7,7,7,3,3,3,3,3,7,3,3,7,3
"599",13,599,30,3,7,3,7,7,7,7,7,3,3,3,3,3,7,3,3,7,3
"600",13,600,30,3,7,3,7,7,7,7,7,3,3,3,3,3,7,3,3,7,3
"601",13,601,30,3,7,3,7,7,7,7,7,3,3,3,3,3,7,3,3,7,3
"602",13,602,30,3,7,3,7,7,7,7,7,3,3,3,3,3,7,3,3,7,3
"603",13,603,30,3,7,3,7,7,7,7,7,3,3,3,3,3,7,3,3,7,3
"604",13,604,30,3,7,3,7,7,7,7,7,3,3,3,3,3,7,3,3,7,3
"605",13,605,30,3,7,3,7,7,7,7,7,3,3,3,3,3,7,3,3,7,3
"606",13,606,30,3,7,3,7,7,7,7,7,3,3,3,3,3,7,3,3,7,3
"607",13,607,30,3,7,3,7,7,7,7,7,3,3,3,3,3,7,3,3,7,3
"608",13,608,31,2,7,3,7,7,7,7,7,3,3,3,3,3,7,3,3,7,3
"609",13,609,31,2,7,3,7,7,7,7,7,3,3,3,3,3,7,3,3,7,3
"610",13,610,31,2,7,3,7,7,7,7,7,3,3,3,3,3,7,3,3,7,3
"611",13,611,31,2,7,3,7,7,7,7,7,3,3,3,3,3,7,3,3,7,3
"612",13,612,31,2,7,3,7,7,7,7,7,3,3,3,3,3,7,3,3,7,3
"613",13,613,31,2,7,3,7,7,7,7,7,3,3,3,3,3,7,3,3,7,3
"614",13,614,31,2,7,3,7,7,7,7,7,3,3,3,3,3,7,3,3,7,3
"615",13,615,31,2,7,3,7,7,7,7,7,3,3,3,3,3,7,3,3,7,3
"616",13,616,31,2,7,3,7,7,7,7,7,3,3,3,3,3,7,3,3,7,3
"617",13,617,31,2,7,3,7,7,7,7,7,3,3,3,3,3,7,3,3,7,3
"618",13,618,31,2,7,3,7,7,7,7,7,3,3,3,3,3,7,3,3,7,3
"619",13,619,31,2,7,3,7,7,7,7,7,3,3,3,3,3,7,3,3,7,3
"620",13,620,31,2,7,3,7,7,7,7,7,3,3,3,3,3,7,3,3,7,3
"621",13,621,31,2,7,3,7,7,7,7,7,3,3,3,3,3,7,3,3,7,3
"622",13,622,31,2,7,3,7,7,7,7,7,3,3,3,3,3,7,3,3,7,3
"623",13,623,31,2,7,3,7,7,7,7,7,3,3,3,3,3,7,3,3,7,3
"624",13,624,31,2,7,3,7,7,7,7,7,3,3,3,3,3,7,3,3,7,3
"625",13,625,31,2,7,3,7,7,7,7,7,3,3,3,3,3,7,3,3,7,3
"626",13,626,31,2,7,3,7,7,7,7,7,3,3,3,3,3,7,3,3,7,3
"627",13,627,31,2,7,3,7,7,7,7,7,3,3,3,3,3,7,3,3,7,3
"628",13,628,31,2,7,3,7,7,7,7,7,3,3,3,3,3,7,3,3,7,3
"629",13,629,31,2,7,3,7,7,7,7,7,3,3,3,3,3,7,3,3,7,3
"630",13,630,32,7,6,6,6,6,6,6,6,2,2,2,2,2,6,2,2,4,2
"631",13,631,32,7,6,6,6,6,6,6,6,2,2,2,2,2,6,2,2,4,2
"632",13,632,32,7,6,6,6,6,6,6,6,2,2,2,2,2,6,2,2,4,2
"633",13,633,32,7,6,6,6,6,6,6,6,2,2,2,2,2,6,2,2,4,2
"634",13,634,32,7,6,6,6,6,6,6,6,2,2,2,2,2,6,2,2,4,2
"635",13,635,32,7,6,6,6,6,6,6,6,2,2,2,2,2,6,2,2,4,2
"636",13,636,32,7,6,6,6,6,6,6,6,2,2,2,2,2,6,2,2,4,2
"637",13,637,32,7,6,6,6,6,6,6,6,2,2,2,2,2,6,2,2,4,2
"638",13,638,32,7,6,6,6,6,6,6,6,2,2,2,2,2,6,2,2,4,2
"639",13,639,32,7,6,6,6,6,6,6,6,2,2,2,2,2,6,2,2,4,2
"640",13,640,32,7,6,6,6,6,6,6,6,2,2,2,2,2,6,2,2,4,2
"641",13,641,32,7,6,6,6,6,6,6,6,2,2,2,2,2,6,2,2,4,2
"642",13,642,33,2,2,2,2,2,7,2,7,6,6,6,6,6,7,6,6,4,6
"643",13,643,33,2,2,2,2,2,7,2,7,6,6,6,6,6,7,6,6,4,6
"644",13,644,33,2,2,2,2,2,7,2,7,6,6,6,6,6,7,6,6,4,6
"645",13,645,33,2,2,2,2,2,7,2,7,6,6,6,6,6,7,6,6,4,6
"646",13,646,34,2,7,3,7,7,7,7,7,3,3,3,3,3,7,3,3,7,3
"647",13,647,34,2,7,3,7,7,7,7,7,3,3,3,3,3,7,3,3,7,3
"648",13,648,34,2,7,3,7,7,7,7,7,3,3,3,3,3,7,3,3,7,3
"649",13,649,34,2,7,3,7,7,7,7,7,3,3,3,3,3,7,3,3,7,3
"650",13,650,34,2,7,3,7,7,7,7,7,3,3,3,3,3,7,3,3,7,3
"651",13,651,34,2,7,3,7,7,7,7,7,3,3,3,3,3,7,3,3,7,3
"652",13,652,34,2,7,3,7,7,7,7,7,3,3,3,3,3,7,3,3,7,3
"653",13,653,34,2,7,3,7,7,7,7,7,3,3,3,3,3,7,3,3,7,3
"654",13,654,34,2,7,3,7,7,7,7,7,3,3,3,3,3,7,3,3,7,3
"655",13,655,34,2,7,3,7,7,7,7,7,3,3,3,3,3,7,3,3,7,3
"656",13,656,34,2,7,3,7,7,7,7,7,3,3,3,3,3,7,3,3,7,3
"657",13,657,35,7,6,6,6,6,6,6,6,2,2,2,2,2,6,2,2,4,2
"658",13,658,35,7,6,6,6,6,6,6,6,2,2,2,2,2,6,2,2,4,2
"659",13,659,35,7,6,6,6,6,6,6,6,2,2,2,2,2,6,2,2,4,2
"660",13,660,35,7,6,6,6,6,6,6,6,2,2,2,2,2,6,2,2,4,2
"661",13,661,35,7,6,6,6,6,6,6,6,2,2,2,2,2,6,2,2,4,2
"662",13,662,35,7,6,6,6,6,6,6,6,2,2,2,2,2,6,2,2,4,2
"663",13,663,35,7,6,6,6,6,6,6,6,2,2,2,2,2,6,2,2,4,2
"664",13,664,35,7,6,6,6,6,6,6,6,2,2,2,2,2,6,2,2,4,2
"665",13,665,36,1,1,1,1,1,1,1,1,7,7,7,7,7,1,7,7,6,7
"666",13,666,36,1,1,1,1,1,1,1,1,7,7,7,7,7,1,7,7,6,7
"667",13,667,36,1,1,1,1,1,1,1,1,7,7,7,7,7,1,7,7,6,7
"668",13,668,36,1,1,1,1,1,1,1,1,7,7,7,7,7,1,7,7,6,7
"669",13,669,36,1,1,1,1,1,1,1,1,7,7,7,7,7,1,7,7,6,7
"670",13,670,36,1,1,1,1,1,1,1,1,7,7,7,7,7,1,7,7,6,7
"671",13,671,36,1,1,1,1,1,1,1,1,7,7,7,7,7,1,7,7,6,7
"672",13,672,36,1,1,1,1,1,1,1,1,7,7,7,7,7,1,7,7,6,7
"673",13,673,36,1,1,1,1,1,1,1,1,7,7,7,7,7,1,7,7,6,7
"674",13,674,37,2,2,2,2,2,7,2,7,6,6,6,6,6,7,6,6,1,6
"675",13,675,37,2,2,2,2,2,7,2,7,6,6,6,6,6,7,6,6,1,6
"676",13,676,37,2,2,2,2,2,7,2,7,6,6,6,6,6,7,6,6,1,6
"677",13,677,37,2,2,2,2,2,7,2,7,6,6,6,6,6,7,6,6,1,6
"678",13,678,37,2,2,2,2,2,7,2,7,6,6,6,6,6,7,6,6,1,6
"679",13,679,37,2,2,2,2,2,7,2,7,6,6,6,6,6,7,6,6,1,6
"680",13,680,37,2,2,2,2,2,7,2,7,6,6,6,6,6,7,6,6,1,6
"681",13,681,37,2,2,2,2,2,7,2,7,6,6,6,6,6,7,6,6,1,6
"682",13,682,37,2,2,2,2,2,7,2,7,6,6,6,6,6,7,6,6,1,6
"683",13,683,37,2,2,2,2,2,7,2,7,6,6,6,6,6,7,6,6,1,6
"684",13,684,37,2,2,2,2,2,7,2,7,6,6,6,6,6,7,6,6,1,6
"685",13,685,37,2,2,2,2,2,7,2,7,6,6,6,6,6,7,6,6,1,6
"686",13,686,37,2,2,2,2,2,7,2,7,6,6,6,6,6,7,6,6,1,6
"687",13,687,37,2,2,2,2,2,7,2,7,6,6,6,6,6,7,6,6,1,6
"688",13,688,37,2,2,2,2,2,7,2,7,6,6,6,6,6,7,6,6,1,6
"689",13,689,37,2,2,2,2,2,7,2,7,6,6,6,6,6,7,6,6,1,6
"690",13,690,37,2,2,2,2,2,7,2,7,6,6,6,6,6,7,6,6,1,6
"691",13,691,37,2,2,2,2,2,7,2,7,6,6,6,6,6,7,6,6,1,6
"692",13,692,37,2,2,2,2,2,7,2,7,6,6,6,6,6,7,6,6,1,6
"693",13,693,37,2,2,2,2,2,7,2,7,6,6,6,6,6,7,6,6,1,6
"694",13,694,37,2,2,2,2,2,7,2,7,6,6,6,6,6,7,6,6,1,6
"695",13,695,37,2,2,2,2,2,7,2,7,6,6,6,6,6,7,6,6,1,6
"696",13,696,37,2,2,2,2,2,7,2,7,6,6,6,6,6,7,6,6,1,6
"697",13,697,37,2,2,2,2,2,7,2,7,6,6,6,6,6,7,6,6,1,6
"698",13,698,37,2,2,2,2,2,7,2,7,6,6,6,6,6,7,6,6,1,6
"699",13,699,37,2,2,2,2,2,7,2,7,6,6,6,6,6,7,6,6,1,6
"700",13,700,38,2,2,2,2,2,2,2,2,6,6,6,6,6,2,6,6,1,6
"701",13,701,38,2,2,2,2,2,2,2,2,6,6,6,6,6,2,6,6,1,6
"702",13,702,38,2,2,2,2,2,2,2,2,6,6,6,6,6,2,6,6,1,6
"703",13,703,38,2,2,2,2,2,2,2,2,6,6,6,6,6,2,6,6,1,6
"704",13,704,38,2,2,2,2,2,2,2,2,6,6,6,6,6,2,6,6,1,6
"705",13,705,38,2,2,2,2,2,2,2,2,6,6,6,6,6,2,6,6,1,6
"706",13,706,38,2,2,2,2,2,2,2,2,6,6,6,6,6,2,6,6,1,6
"707",13,707,38,2,2,2,2,2,2,2,2,6,6,6,6,6,2,6,6,1,6
"708",13,708,38,2,2,2,2,2,2,2,2,6,6,6,6,6,2,6,6,1,6
"709",13,709,38,2,2,2,2,2,2,2,2,6,6,6,6,6,2,6,6,1,6
"710",13,710,38,2,2,2,2,2,2,2,2,6,6,6,6,6,2,6,6,1,6
"711",13,711,38,2,2,2,2,2,2,2,2,6,6,6,6,6,2,6,6,1,6
"712",13,712,38,2,2,2,2,2,2,2,2,6,6,6,6,6,2,6,6,1,6
"713",13,713,39,4,4,2,4,4,5,4,5,6,6,6,6,6,5,6,6,2,6
"714",13,714,39,4,4,2,4,4,5,4,5,6,6,6,6,6,5,6,6,2,6
"715",13,715,39,4,4,2,4,4,5,4,5,6,6,6,6,6,5,6,6,2,6
"716",13,716,39,4,4,2,4,4,5,4,5,6,6,6,6,6,5,6,6,2,6
"717",13,717,39,4,4,2,4,4,5,4,5,6,6,6,6,6,5,6,6,2,6
"718",13,718,39,4,4,2,4,4,5,4,5,6,6,6,6,6,5,6,6,2,6
"719",13,719,39,4,4,2,4,4,5,4,5,6,6,6,6,6,5,6,6,2,6
"720",13,720,39,4,4,2,4,4,5,4,5,6,6,6,6,6,5,6,6,2,6
"721",13,721,39,4,4,2,4,4,5,4,5,6,6,6,6,6,5,6,6,2,6
"722",13,722,39,4,4,2,4,4,5,4,5,6,6,6,6,6,5,6,6,2,6
"723",13,723,39,4,4,2,4,4,5,4,5,6,6,6,6,6,5,6,6,2,6
"724",13,724,39,4,4,2,4,4,5,4,5,6,6,6,6,6,5,6,6,2,6
"725",13,726,40,6,5,7,5,5,5,5,5,1,1,1,1,1,5,1,1,2,1
"726",13,727,40,6,5,7,5,5,5,5,5,1,1,1,1,1,5,1,1,2,1
"727",13,728,40,6,5,7,5,5,5,5,5,1,1,1,1,1,5,1,1,2,1
"728",13,729,40,6,5,7,5,5,5,5,5,1,1,1,1,1,5,1,1,2,1
"729",13,730,40,6,5,7,5,5,5,5,5,1,1,1,1,1,5,1,1,2,1
"730",13,731,40,6,5,7,5,5,5,5,5,1,1,1,1,1,5,1,1,2,1
"731",13,732,40,6,5,7,5,5,5,5,5,1,1,1,1,1,5,1,1,2,1
"732",13,733,40,6,5,7,5,5,5,5,5,1,1,1,1,1,5,1,1,2,1
"733",13,734,40,6,5,7,5,5,5,5,5,1,1,1,1,1,5,1,1,2,1
"734",13,735,40,6,5,7,5,5,5,5,5,1,1,1,1,1,5,1,1,2,1
"735",13,736,40,6,5,7,5,5,5,5,5,1,1,1,1,1,5,1,1,2,1
"736",13,737,40,6,5,7,5,5,5,5,5,1,1,1,1,1,5,1,1,2,1
"737",13,738,40,6,5,7,5,5,5,5,5,1,1,1,1,1,5,1,1,2,1
"738",13,740,40,6,5,7,5,5,5,5,5,1,1,1,1,1,5,1,1,2,1
"739",13,741,40,6,5,7,5,5,5,5,5,1,1,1,1,1,5,1,1,2,1
"740",13,742,47,6,5,7,5,5,2,5,2,4,4,4,4,4,2,4,4,3,4
"741",13,743,41,5,2,2,2,2,3,2,3,6,6,6,6,6,3,6,6,7,6
"742",13,744,41,5,2,2,2,2,3,2,3,6,6,6,6,6,3,6,6,7,6
"743",13,745,41,5,2,2,2,2,3,2,3,6,6,6,6,6,3,6,6,7,6
"744",13,746,41,5,2,2,2,2,3,2,3,6,6,6,6,6,3,6,6,7,6
"745",13,747,41,5,2,2,2,2,3,2,3,6,6,6,6,6,3,6,6,7,6
"746",13,748,41,5,2,2,2,2,3,2,3,6,6,6,6,6,3,6,6,7,6
"747",13,749,41,5,2,2,2,2,3,2,3,6,6,6,6,6,3,6,6,7,6
"748",13,750,41,5,2,2,2,2,3,2,3,6,6,6,6,6,3,6,6,7,6
"749",13,751,41,5,2,2,2,2,3,2,3,6,6,6,6,6,3,6,6,7,6
"750",13,752,41,5,2,2,2,2,3,2,3,6,6,6,6,6,3,6,6,7,6
"751",13,753,41,5,2,2,2,2,3,2,3,6,6,6,6,6,3,6,6,7,6
"752",13,754,41,5,2,2,2,2,3,2,3,6,6,6,6,6,3,6,6,7,6
"753",13,755,41,5,2,2,2,2,3,2,3,6,6,6,6,6,3,6,6,7,6
"754",13,756,41,5,2,2,2,2,3,2,3,6,6,6,6,6,3,6,6,7,6
"755",13,757,41,5,2,2,2,2,3,2,3,6,6,6,6,6,3,6,6,7,6
"756",13,758,41,5,2,2,2,2,3,2,3,6,6,6,6,6,3,6,6,7,6
"757",13,759,41,5,2,2,2,2,3,2,3,6,6,6,6,6,3,6,6,7,6
"758",13,760,41,5,2,2,2,2,3,2,3,6,6,6,6,6,3,6,6,7,6
"759",13,761,41,5,2,2,2,2,3,2,3,6,6,6,6,6,3,6,6,7,6
"760",13,762,41,5,2,2,2,2,3,2,3,6,6,6,6,6,3,6,6,7,6
"761",13,763,41,5,2,2,2,2,3,2,3,6,6,6,6,6,3,6,6,7,6
"762",13,764,41,5,2,2,2,2,3,2,3,6,6,6,6,6,3,6,6,7,6
"763",13,765,42,2,6,6,6,6,6,6,6,2,2,2,2,2,6,2,2,4,2
"764",13,766,42,2,6,6,6,6,6,6,6,2,2,2,2,2,6,2,2,4,2
"765",13,767,42,2,6,6,6,6,6,6,6,2,2,2,2,2,6,2,2,4,2
"766",13,768,42,2,6,6,6,6,6,6,6,2,2,2,2,2,6,2,2,4,2
"767",13,769,42,2,6,6,6,6,6,6,6,2,2,2,2,2,6,2,2,4,2
"768",13,770,42,2,6,6,6,6,6,6,6,2,2,2,2,2,6,2,2,4,2
"769",13,771,42,2,6,6,6,6,6,6,6,2,2,2,2,2,6,2,2,4,2
"770",13,772,42,2,6,6,6,6,6,6,6,2,2,2,2,2,6,2,2,4,2
"771",13,773,42,2,6,6,6,6,6,6,6,2,2,2,2,2,6,2,2,4,2
"772",13,774,42,2,6,6,6,6,6,6,6,2,2,2,2,2,6,2,2,4,2
"773",13,775,42,2,6,6,6,6,6,6,6,2,2,2,2,2,6,2,2,4,2
"774",13,776,42,2,6,6,6,6,6,6,6,2,2,2,2,2,6,2,2,4,2
"775",13,777,42,2,6,6,6,6,6,6,6,2,2,2,2,2,6,2,2,4,2
"776",13,778,42,2,6,6,6,6,6,6,6,2,2,2,2,2,6,2,2,4,2
"777",13,779,42,2,6,6,6,6,6,6,6,2,2,2,2,2,6,2,2,4,2
"778",13,780,43,3,7,3,7,7,7,7,7,3,3,3,3,3,7,3,3,7,3
"779",13,781,43,3,7,3,7,7,7,7,7,3,3,3,3,3,7,3,3,7,3
"780",13,782,43,3,7,3,7,7,7,7,7,3,3,3,3,3,7,3,3,7,3
"781",13,783,43,3,7,3,7,7,7,7,7,3,3,3,3,3,7,3,3,7,3
"782",13,784,43,3,7,3,7,7,7,7,7,3,3,3,3,3,7,3,3,7,3
"783",13,785,43,3,7,3,7,7,7,7,7,3,3,3,3,3,7,3,3,7,3
"784",13,786,43,3,7,3,7,7,7,7,7,3,3,3,3,3,7,3,3,7,3
"785",13,787,43,3,7,3,7,7,7,7,7,3,3,3,3,3,7,3,3,7,3
"786",13,788,43,3,7,3,7,7,7,7,7,3,3,3,3,3,7,3,3,7,3
"787",13,789,43,3,7,3,7,7,7,7,7,3,3,3,3,3,7,3,3,7,3
"788",13,790,43,3,7,3,7,7,7,7,7,3,3,3,3,3,7,3,3,7,3
"789",13,791,43,3,7,3,7,7,7,7,7,3,3,3,3,3,7,3,3,7,3
"790",13,792,43,3,7,3,7,7,7,7,7,3,3,3,3,3,7,3,3,7,3
"791",13,793,43,3,7,3,7,7,7,7,7,3,3,3,3,3,7,3,3,7,3
"792",13,794,43,3,7,3,7,7,7,7,7,3,3,3,3,3,7,3,3,7,3
"793",13,795,43,3,7,3,7,7,7,7,7,3,3,3,3,3,7,3,3,7,3
"794",13,796,43,3,7,3,7,7,7,7,7,3,3,3,3,3,7,3,3,7,3
"795",13,797,43,3,7,3,7,7,7,7,7,3,3,3,3,3,7,3,3,7,3
"796",13,798,43,3,7,3,7,7,7,7,7,3,3,3,3,3,7,3,3,7,3
"797",13,799,43,3,7,3,7,7,7,7,7,3,3,3,3,3,7,3,3,7,3
"798",13,800,43,3,7,3,7,7,7,7,7,3,3,3,3,3,7,3,3,7,3
"799",13,801,43,3,7,3,7,7,7,7,7,3,3,3,3,3,7,3,3,7,3
"800",13,802,44,3,3,5,3,3,4,3,4,5,5,5,5,5,4,5,5,5,5
"801",13,803,44,3,3,5,3,3,4,3,4,5,5,5,5,5,4,5,5,5,5
"802",13,804,44,3,3,5,3,3,4,3,4,5,5,5,5,5,4,5,5,5,5
"803",13,805,44,3,3,5,3,3,4,3,4,5,5,5,5,5,4,5,5,5,5
"804",13,806,44,3,3,5,3,3,4,3,4,5,5,5,5,5,4,5,5,5,5
"805",13,807,44,3,3,5,3,3,4,3,4,5,5,5,5,5,4,5,5,5,5
"806",13,808,44,3,3,5,3,3,4,3,4,5,5,5,5,5,4,5,5,5,5
"807",13,809,44,3,3,5,3,3,4,3,4,5,5,5,5,5,4,5,5,5,5
"808",13,810,44,3,3,5,3,3,4,3,4,5,5,5,5,5,4,5,5,5,5
"809",13,811,44,3,3,5,3,3,4,3,4,5,5,5,5,5,4,5,5,5,5
"810",13,812,45,4,4,2,4,4,5,4,5,6,6,6,6,6,5,6,6,2,6
"811",13,813,45,4,4,2,4,4,5,4,5,6,6,6,6,6,5,6,6,2,6
"812",13,814,45,4,4,2,4,4,5,4,5,6,6,6,6,6,5,6,6,2,6
"813",13,815,45,4,4,2,4,4,5,4,5,6,6,6,6,6,5,6,6,2,6
"814",13,816,45,4,4,2,4,4,5,4,5,6,6,6,6,6,5,6,6,2,6
"815",13,817,45,4,4,2,4,4,5,4,5,6,6,6,6,6,5,6,6,2,6
"816",13,818,45,4,4,2,4,4,5,4,5,6,6,6,6,6,5,6,6,2,6
"817",13,819,45,4,4,2,4,4,5,4,5,6,6,6,6,6,5,6,6,2,6
"818",13,820,45,4,4,2,4,4,5,4,5,6,6,6,6,6,5,6,6,2,6
"819",13,821,45,4,4,2,4,4,5,4,5,6,6,6,6,6,5,6,6,2,6
"820",13,822,46,3,7,3,7,7,7,7,7,3,3,3,3,3,7,3,3,7,3
"821",13,823,46,3,7,3,7,7,7,7,7,3,3,3,3,3,7,3,3,7,3
"822",13,824,46,3,7,3,7,7,7,7,7,3,3,3,3,3,7,3,3,7,3
"823",13,825,46,3,7,3,7,7,7,7,7,3,3,3,3,3,7,3,3,7,3
"824",13,826,46,3,7,3,7,7,7,7,7,3,3,3,3,3,7,3,3,7,3
"825",13,827,46,3,7,3,7,7,7,7,7,3,3,3,3,3,7,3,3,7,3
"826",13,828,46,3,7,3,7,7,7,7,7,3,3,3,3,3,7,3,3,7,3
"827",13,829,46,3,7,3,7,7,7,7,7,3,3,3,3,3,7,3,3,7,3
"828",13,830,46,3,7,3,7,7,7,7,7,3,3,3,3,3,7,3,3,7,3
"829",13,831,46,3,7,3,7,7,7,7,7,3,3,3,3,3,7,3,3,7,3
"830",13,832,47,6,5,7,5,5,2,5,2,4,4,4,4,4,2,4,4,3,4
"831",13,833,47,6,5,7,5,5,2,5,2,4,4,4,4,4,2,4,4,3,4
"832",13,834,47,6,5,7,5,5,2,5,2,4,4,4,4,4,2,4,4,3,4
"833",13,835,47,6,5,7,5,5,2,5,2,4,4,4,4,4,2,4,4,3,4
"834",13,836,47,6,5,7,5,5,2,5,2,4,4,4,4,4,2,4,4,3,4
"835",13,837,47,6,5,7,5,5,2,5,2,4,4,4,4,4,2,4,4,3,4
"836",13,838,47,6,5,7,5,5,2,5,2,4,4,4,4,4,2,4,4,3,4
"837",13,839,47,6,5,7,5,5,2,5,2,4,4,4,4,4,2,4,4,3,4
"838",13,840,47,6,5,7,5,5,2,5,2,4,4,4,4,4,2,4,4,3,4
"839",13,841,47,6,5,7,5,5,2,5,2,4,4,4,4,4,2,4,4,3,4
"840",13,842,47,6,5,7,5,5,2,5,2,4,4,4,4,4,2,4,4,3,4
"841",13,843,47,6,5,7,5,5,2,5,2,4,4,4,4,4,2,4,4,3,4
"842",13,844,47,6,5,7,5,5,2,5,2,4,4,4,4,4,2,4,4,3,4
"843",13,845,47,6,5,7,5,5,2,5,2,4,4,4,4,4,2,4,4,3,4
"844",13,846,47,6,5,7,5,5,2,5,2,4,4,4,4,4,2,4,4,3,4
"845",13,847,47,6,5,7,5,5,2,5,2,4,4,4,4,4,2,4,4,3,4
"846",13,848,47,6,5,7,5,5,2,5,2,4,4,4,4,4,2,4,4,3,4
"847",13,849,47,6,5,7,5,5,2,5,2,4,4,4,4,4,2,4,4,3,4
"848",13,850,47,6,5,7,5,5,2,5,2,4,4,4,4,4,2,4,4,3,4
"849",13,851,47,6,5,7,5,5,2,5,2,4,4,4,4,4,2,4,4,3,4
"850",13,852,47,6,5,7,5,5,2,5,2,4,4,4,4,4,2,4,4,3,4
"851",13,853,47,6,5,7,5,5,2,5,2,4,4,4,4,4,2,4,4,3,4
"852",13,854,47,6,5,7,5,5,2,5,2,4,4,4,4,4,2,4,4,3,4
"853",13,855,47,6,5,7,5,5,2,5,2,4,4,4,4,4,2,4,4,3,4
"854",13,856,47,6,5,7,5,5,2,5,2,4,4,4,4,4,2,4,4,3,4
"855",13,857,47,6,5,7,5,5,2,5,2,4,4,4,4,4,2,4,4,3,4
"856",13,858,47,6,5,7,5,5,2,5,2,4,4,4,4,4,2,4,4,3,4
"857",13,859,47,6,5,7,5,5,2,5,2,4,4,4,4,4,2,4,4,3,4
"858",13,860,47,6,5,7,5,5,2,5,2,4,4,4,4,4,2,4,4,3,4
"859",13,861,47,6,5,7,5,5,2,5,2,4,4,4,4,4,2,4,4,3,4
"860",13,862,47,6,5,7,5,5,2,5,2,4,4,4,4,4,2,4,4,3,4
"861",13,863,47,6,5,7,5,5,2,5,2,4,4,4,4,4,2,4,4,3,4
"862",13,864,47,6,5,7,5,5,2,5,2,4,4,4,4,4,2,4,4,3,4
"863",13,865,47,6,5,7,5,5,2,5,2,4,4,4,4,4,2,4,4,3,4
"864",13,866,47,6,5,7,5,5,2,5,2,4,4,4,4,4,2,4,4,3,4
"865",13,867,47,6,5,7,5,5,2,5,2,4,4,4,4,4,2,4,4,3,4
"866",13,868,47,6,5,7,5,5,2,5,2,4,4,4,4,4,2,4,4,3,4
"867",13,869,47,6,5,7,5,5,2,5,2,4,4,4,4,4,2,4,4,3,4
"868",13,870,47,6,5,7,5,5,2,5,2,4,4,4,4,4,2,4,4,3,4
"869",13,871,47,6,5,7,5,5,2,5,2,4,4,4,4,4,2,4,4,3,4
"870",13,872,47,6,5,7,5,5,2,5,2,4,4,4,4,4,2,4,4,3,4
"871",13,873,47,6,5,7,5,5,2,5,2,4,4,4,4,4,2,4,4,3,4
"872",13,874,47,6,5,7,5,5,2,5,2,4,4,4,4,4,2,4,4,3,4
"873",13,875,47,6,5,7,5,5,2,5,2,4,4,4,4,4,2,4,4,3,4
"874",13,876,47,6,5,7,5,5,2,5,2,4,4,4,4,4,2,4,4,3,4
"875",13,877,47,6,5,7,5,5,2,5,2,4,4,4,4,4,2,4,4,3,4
"876",13,878,47,6,5,7,5,5,2,5,2,4,4,4,4,4,2,4,4,3,4
"877",13,879,47,6,5,7,5,5,2,5,2,4,4,4,4,4,2,4,4,3,4
"878",13,880,47,6,5,7,5,5,2,5,2,4,4,4,4,4,2,4,4,3,4
"879",13,881,47,6,5,7,5,5,2,5,2,4,4,4,4,4,2,4,4,3,4
"880",13,882,47,6,5,7,5,5,2,5,2,4,4,4,4,4,2,4,4,3,4
"881",13,883,47,6,5,7,5,5,2,5,2,4,4,4,4,4,2,4,4,3,4
"882",13,884,47,6,5,7,5,5,2,5,2,4,4,4,4,4,2,4,4,3,4
"883",13,885,47,6,5,7,5,5,2,5,2,4,4,4,4,4,2,4,4,3,4
"884",13,886,47,6,5,7,5,5,2,5,2,4,4,4,4,4,2,4,4,3,4
"885",13,887,47,6,5,7,5,5,2,5,2,4,4,4,4,4,2,4,4,3,4
"886",13,888,47,6,5,7,5,5,2,5,2,4,4,4,4,4,2,4,4,3,4
"887",13,889,47,6,5,7,5,5,2,5,2,4,4,4,4,4,2,4,4,3,4
"888",13,890,47,6,5,7,5,5,2,5,2,4,4,4,4,4,2,4,4,3,4
"889",13,891,47,6,5,7,5,5,2,5,2,4,4,4,4,4,2,4,4,3,4
"890",13,892,47,6,5,7,5,5,2,5,2,4,4,4,4,4,2,4,4,3,4
"891",13,893,47,6,5,7,5,5,2,5,2,4,4,4,4,4,2,4,4,3,4
"892",13,894,47,6,5,7,5,5,2,5,2,4,4,4,4,4,2,4,4,3,4
"893",13,895,47,6,5,7,5,5,2,5,2,4,4,4,4,4,2,4,4,3,4
"894",13,896,47,6,5,7,5,5,2,5,2,4,4,4,4,4,2,4,4,3,4
"895",13,897,47,6,5,7,5,5,2,5,2,4,4,4,4,4,2,4,4,3,4
"896",13,898,47,6,5,7,5,5,2,5,2,4,4,4,4,4,2,4,4,3,4
"897",13,899,47,6,5,7,5,5,2,5,2,4,4,4,4,4,2,4,4,3,4
"898",13,900,47,6,5,7,5,5,2,5,2,4,4,4,4,4,2,4,4,3,4
"899",13,901,47,6,5,7,5,5,2,5,2,4,4,4,4,4,2,4,4,3,4
"900",13,902,47,6,5,7,5,5,2,5,2,4,4,4,4,4,2,4,4,3,4
"901",13,903,47,6,5,7,5,5,2,5,2,4,4,4,4,4,2,4,4,3,4
"902",13,904,47,6,5,7,5,5,2,5,2,4,4,4,4,4,2,4,4,3,4
"903",13,905,47,6,5,7,5,5,2,5,2,4,4,4,4,4,2,4,4,3,4
"904",13,906,47,6,5,7,5,5,2,5,2,4,4,4,4,4,2,4,4,3,4
"905",13,907,47,6,5,7,5,5,2,5,2,4,4,4,4,4,2,4,4,3,4
"906",13,908,47,6,5,7,5,5,2,5,2,4,4,4,4,4,2,4,4,3,4
"907",13,909,47,6,5,7,5,5,2,5,2,4,4,4,4,4,2,4,4,3,4
"908",13,910,47,6,5,7,5,5,2,5,2,4,4,4,4,4,2,4,4,3,4
"909",13,911,47,6,5,7,5,5,2,5,2,4,4,4,4,4,2,4,4,3,4
"910",13,912,47,6,5,7,5,5,2,5,2,4,4,4,4,4,2,4,4,3,4
"911",13,913,47,6,5,7,5,5,2,5,2,4,4,4,4,4,2,4,4,3,4
"912",13,914,47,6,5,7,5,5,2,5,2,4,4,4,4,4,2,4,4,3,4
"913",13,915,47,6,5,7,5,5,2,5,2,4,4,4,4,4,2,4,4,3,4
"914",13,916,47,6,5,7,5,5,2,5,2,4,4,4,4,4,2,4,4,3,4
"915",13,917,47,6,5,7,5,5,2,5,2,4,4,4,4,4,2,4,4,3,4
"916",13,918,47,6,5,7,5,5,2,5,2,4,4,4,4,4,2,4,4,3,4
"917",13,919,47,6,5,7,5,5,2,5,2,4,4,4,4,4,2,4,4,3,4
"918",13,920,47,6,5,7,5,5,2,5,2,4,4,4,4,4,2,4,4,3,4
"919",13,921,47,6,5,7,5,5,2,5,2,4,4,4,4,4,2,4,4,3,4
"920",13,922,47,6,5,7,5,5,2,5,2,4,4,4,4,4,2,4,4,3,4
"921",13,923,47,6,5,7,5,5,2,5,2,4,4,4,4,4,2,4,4,3,4
"922",13,924,47,6,5,7,5,5,2,5,2,4,4,4,4,4,2,4,4,3,4
"923",13,925,47,6,5,7,5,5,2,5,2,4,4,4,4,4,2,4,4,3,4
"924",13,926,47,6,5,7,5,5,2,5,2,4,4,4,4,4,2,4,4,3,4
"925",13,927,47,6,5,7,5,5,2,5,2,4,4,4,4,4,2,4,4,3,4
"926",13,928,47,6,5,7,5,5,2,5,2,4,4,4,4,4,2,4,4,3,4
"927",13,929,40,6,5,7,5,5,5,5,5,1,1,1,1,1,5,1,1,2,1
"928",13,930,47,6,5,7,5,5,2,5,2,4,4,4,4,4,2,4,4,3,4
"929",13,931,47,6,5,7,5,5,2,5,2,4,4,4,4,4,2,4,4,3,4
"930",13,932,47,6,5,7,5,5,2,5,2,4,4,4,4,4,2,4,4,3,4
"931",13,933,47,6,5,7,5,5,2,5,2,4,4,4,4,4,2,4,4,3,4
"932",13,934,47,6,5,7,5,5,2,5,2,4,4,4,4,4,2,4,4,3,4
"933",13,935,47,6,5,7,5,5,2,5,2,4,4,4,4,4,2,4,4,3,4
"934",13,936,47,6,5,7,5,5,2,5,2,4,4,4,4,4,2,4,4,3,4
"935",13,937,40,6,5,7,5,5,5,5,5,1,1,1,1,1,5,1,1,2,1
"936",13,938,40,6,5,7,5,5,5,5,5,1,1,1,1,1,5,1,1,2,1
"937",13,939,47,6,5,7,5,5,2,5,2,4,4,4,4,4,2,4,4,3,4
"938",13,940,47,6,5,7,5,5,2,5,2,4,4,4,4,4,2,4,4,3,4
"939",13,941,47,6,5,7,5,5,2,5,2,4,4,4,4,4,2,4,4,3,4
"940",13,942,47,6,5,7,5,5,2,5,2,4,4,4,4,4,2,4,4,3,4
"941",13,943,47,6,5,7,5,5,2,5,2,4,4,4,4,4,2,4,4,3,4
"942",13,944,47,6,5,7,5,5,2,5,2,4,4,4,4,4,2,4,4,3,4
"943",13,945,47,6,5,7,5,5,2,5,2,4,4,4,4,4,2,4,4,3,4
"944",13,946,47,6,5,7,5,5,2,5,2,4,4,4,4,4,2,4,4,3,4
"945",13,947,47,6,5,7,5,5,2,5,2,4,4,4,4,4,2,4,4,3,4
"946",13,948,47,6,5,7,5,5,2,5,2,4,4,4,4,4,2,4,4,3,4
"947",13,949,47,6,5,7,5,5,2,5,2,4,4,4,4,4,2,4,4,3,4
"948",13,950,47,6,5,7,5,5,2,5,2,4,4,4,4,4,2,4,4,3,4
"949",13,951,47,6,5,7,5,5,2,5,2,4,4,4,4,4,2,4,4,3,4
"950",13,952,47,6,5,7,5,5,2,5,2,4,4,4,4,4,2,4,4,3,4
"951",13,953,47,6,5,7,5,5,2,5,2,4,4,4,4,4,2,4,4,3,4
"952",13,954,47,6,5,7,5,5,2,5,2,4,4,4,4,4,2,4,4,3,4
"953",13,955,47,6,5,7,5,5,2,5,2,4,4,4,4,4,2,4,4,3,4
"954",13,956,47,6,5,7,5,5,2,5,2,4,4,4,4,4,2,4,4,3,4
"955",13,957,47,6,5,7,5,5,2,5,2,4,4,4,4,4,2,4,4,3,4
"956",13,958,47,6,5,7,5,5,2,5,2,4,4,4,4,4,2,4,4,3,4
"957",13,959,47,6,5,7,5,5,2,5,2,4,4,4,4,4,2,4,4,3,4
"958",13,960,47,6,5,7,5,5,2,5,2,4,4,4,4,4,2,4,4,3,4
"959",13,961,47,6,5,7,5,5,2,5,2,4,4,4,4,4,2,4,4,3,4
"960",13,962,48,2,7,3,7,7,7,7,7,3,3,3,3,3,7,3,3,7,3
"961",13,963,48,2,7,3,7,7,7,7,7,3,3,3,3,3,7,3,3,7,3
"962",13,964,48,2,7,3,7,7,7,7,7,3,3,3,3,3,7,3,3,7,3
"963",13,965,48,2,7,3,7,7,7,7,7,3,3,3,3,3,7,3,3,7,3
"964",13,966,48,2,7,3,7,7,7,7,7,3,3,3,3,3,7,3,3,7,3
"965",13,967,48,2,7,3,7,7,7,7,7,3,3,3,3,3,7,3,3,7,3
"966",13,968,48,2,7,3,7,7,7,7,7,3,3,3,3,3,7,3,3,7,3
"967",13,969,48,2,7,3,7,7,7,7,7,3,3,3,3,3,7,3,3,7,3
"968",13,970,48,2,7,3,7,7,7,7,7,3,3,3,3,3,7,3,3,7,3
"969",13,971,48,2,7,3,7,7,7,7,7,3,3,3,3,3,7,3,3,7,3
"970",13,972,48,2,7,3,7,7,7,7,7,3,3,3,3,3,7,3,3,7,3
"971",13,973,48,2,7,3,7,7,7,7,7,3,3,3,3,3,7,3,3,7,3
"972",13,974,48,2,7,3,7,7,7,7,7,3,3,3,3,3,7,3,3,7,3
"973",13,975,48,2,7,3,7,7,7,7,7,3,3,3,3,3,7,3,3,7,3
"974",13,976,48,2,7,3,7,7,7,7,7,3,3,3,3,3,7,3,3,7,3
"975",13,977,48,2,7,3,7,7,7,7,7,3,3,3,3,3,7,3,3,7,3
"976",13,978,48,2,7,3,7,7,7,7,7,3,3,3,3,3,7,3,3,7,3
"977",13,979,48,2,7,3,7,7,7,7,7,3,3,3,3,3,7,3,3,7,3
"978",13,980,48,2,7,3,7,7,7,7,7,3,3,3,3,3,7,3,3,7,3
"979",13,981,48,2,7,3,7,7,7,7,7,3,3,3,3,3,7,3,3,7,3
"980",13,982,49,3,7,2,7,7,3,7,3,3,3,3,3,3,3,3,3,7,3
"981",13,983,49,3,7,2,7,7,3,7,3,3,3,3,3,3,3,3,3,7,3
"982",13,984,49,3,7,2,7,7,3,7,3,3,3,3,3,3,3,3,3,7,3
"983",13,985,49,3,7,2,7,7,3,7,3,3,3,3,3,3,3,3,3,7,3
"984",13,986,49,3,7,2,7,7,3,7,3,3,3,3,3,3,3,3,3,7,3
"985",13,987,49,3,7,2,7,7,3,7,3,3,3,3,3,3,3,3,3,7,3
"986",13,988,49,3,7,2,7,7,3,7,3,3,3,3,3,3,3,3,3,7,3
"987",13,989,49,3,7,2,7,7,3,7,3,3,3,3,3,3,3,3,3,7,3
"988",13,990,49,3,7,2,7,7,3,7,3,3,3,3,3,3,3,3,3,7,3
"989",13,991,49,3,7,2,7,7,3,7,3,3,3,3,3,3,3,3,3,7,3
"990",13,992,49,3,7,2,7,7,3,7,3,3,3,3,3,3,3,3,3,7,3
"991",13,993,49,3,7,2,7,7,3,7,3,3,3,3,3,3,3,3,3,7,3
"992",13,994,50,2,2,2,2,2,7,2,7,6,6,6,6,6,7,6,6,1,6
"993",13,995,50,2,2,2,2,2,7,2,7,6,6,6,6,6,7,6,6,1,6
"994",13,996,50,2,2,2,2,2,7,2,7,6,6,6,6,6,7,6,6,1,6
"995",13,997,50,2,2,2,2,2,7,2,7,6,6,6,6,6,7,6,6,1,6
"996",13,998,50,2,2,2,2,2,7,2,7,6,6,6,6,6,7,6,6,1,6
"997",13,999,50,2,2,2,2,2,7,2,7,6,6,6,6,6,7,6,6,1,6
"998",13,1000,50,2,2,2,2,2,7,2,7,6,6,6,6,6,7,6,6,1,6
"999",13,1001,50,2,2,2,2,2,7,2,7,6,6,6,6,6,7,6,6,1,6
"1000",13,1002,50,2,2,2,2,2,7,2,7,6,6,6,6,6,7,6,6,1,6
"1001",13,1003,50,2,2,2,2,2,7,2,7,6,6,6,6,6,7,6,6,1,6
"1002",13,1004,50,2,2,2,2,2,7,2,7,6,6,6,6,6,7,6,6,1,6
"1003",13,1005,50,2,2,2,2,2,7,2,7,6,6,6,6,6,7,6,6,1,6
"1004",13,1006,50,2,2,2,2,2,7,2,7,6,6,6,6,6,7,6,6,1,6
"1005",13,1007,50,2,2,2,2,2,7,2,7,6,6,6,6,6,7,6,6,1,6
"1006",13,1008,51,2,2,2,2,2,3,2,3,6,6,6,6,6,3,6,6,1,6
"1007",13,1009,51,2,2,2,2,2,3,2,3,6,6,6,6,6,3,6,6,1,6
"1008",13,1010,51,2,2,2,2,2,3,2,3,6,6,6,6,6,3,6,6,1,6
"1009",13,1011,51,2,2,2,2,2,3,2,3,6,6,6,6,6,3,6,6,1,6
"1010",13,1012,51,2,2,2,2,2,3,2,3,6,6,6,6,6,3,6,6,1,6
"1011",13,1013,51,2,2,2,2,2,3,2,3,6,6,6,6,6,3,6,6,1,6
"1012",13,1014,51,2,2,2,2,2,3,2,3,6,6,6,6,6,3,6,6,1,6
"1013",13,1015,51,2,2,2,2,2,3,2,3,6,6,6,6,6,3,6,6,1,6
"1014",13,1016,51,2,2,2,2,2,3,2,3,6,6,6,6,6,3,6,6,1,6
"1015",13,1017,51,2,2,2,2,2,3,2,3,6,6,6,6,6,3,6,6,1,6
"1016",13,1018,51,2,2,2,2,2,3,2,3,6,6,6,6,6,3,6,6,1,6
"1017",13,1019,51,2,2,2,2,2,3,2,3,6,6,6,6,6,3,6,6,1,6
"1018",13,1020,51,2,2,2,2,2,3,2,3,6,6,6,6,6,3,6,6,1,6
"1019",13,1021,51,2,2,2,2,2,3,2,3,6,6,6,6,6,3,6,6,1,6
"1020",13,1022,51,2,2,2,2,2,3,2,3,6,6,6,6,6,3,6,6,1,6
"1021",13,1023,51,2,2,2,2,2,3,2,3,6,6,6,6,6,3,6,6,1,6
"1022",13,1024,51,2,2,2,2,2,3,2,3,6,6,6,6,6,3,6,6,1,6
"1023",13,1025,51,2,2,2,2,2,3,2,3,6,6,6,6,6,3,6,6,1,6
"1024",13,1026,52,1,1,1,1,1,1,1,1,7,7,7,7,7,1,7,7,6,7
"1025",13,1027,52,1,1,1,1,1,1,1,1,7,7,7,7,7,1,7,7,6,7
"1026",13,1028,52,1,1,1,1,1,1,1,1,7,7,7,7,7,1,7,7,6,7
"1027",13,1029,52,1,1,1,1,1,1,1,1,7,7,7,7,7,1,7,7,6,7
"1028",13,1030,52,1,1,1,1,1,1,1,1,7,7,7,7,7,1,7,7,6,7
"1029",13,1031,52,1,1,1,1,1,1,1,1,7,7,7,7,7,1,7,7,6,7
"1030",13,1032,52,1,1,1,1,1,1,1,1,7,7,7,7,7,1,7,7,6,7
"1031",13,1033,52,1,1,1,1,1,1,1,1,7,7,7,7,7,1,7,7,6,7
"1032",13,1034,52,1,1,1,1,1,1,1,1,7,7,7,7,7,1,7,7,6,7
"1033",13,1035,52,1,1,1,1,1,1,1,1,7,7,7,7,7,1,7,7,6,7
"1034",13,1036,52,1,1,1,1,1,1,1,1,7,7,7,7,7,1,7,7,6,7
"1035",13,1037,52,1,1,1,1,1,1,1,1,7,7,7,7,7,1,7,7,6,7
"1036",13,1038,52,1,1,1,1,1,1,1,1,7,7,7,7,7,1,7,7,6,7
"1037",13,1039,52,1,1,1,1,1,1,1,1,7,7,7,7,7,1,7,7,6,7
"1038",13,1040,52,1,1,1,1,1,1,1,1,7,7,7,7,7,1,7,7,6,7
"1039",13,1041,52,1,1,1,1,1,1,1,1,7,7,7,7,7,1,7,7,6,7
"1040",13,1042,52,1,1,1,1,1,1,1,1,7,7,7,7,7,1,7,7,6,7
"1041",13,1043,53,7,6,6,6,6,6,6,6,2,2,2,2,2,6,2,2,4,2
"1042",13,1044,53,7,6,6,6,6,6,6,6,2,2,2,2,2,6,2,2,4,2
"1043",13,1045,53,7,6,6,6,6,6,6,6,2,2,2,2,2,6,2,2,4,2
"1044",13,1046,53,7,6,6,6,6,6,6,6,2,2,2,2,2,6,2,2,4,2
"1045",13,1047,53,7,6,6,6,6,6,6,6,2,2,2,2,2,6,2,2,4,2
"1046",13,1048,53,7,6,6,6,6,6,6,6,2,2,2,2,2,6,2,2,4,2
"1047",13,1049,53,7,6,6,6,6,6,6,6,2,2,2,2,2,6,2,2,4,2
"1048",13,1050,53,7,6,6,6,6,6,6,6,2,2,2,2,2,6,2,2,4,2
"1049",13,1051,53,7,6,6,6,6,6,6,6,2,2,2,2,2,6,2,2,4,2
"1050",13,1052,53,7,6,6,6,6,6,6,6,2,2,2,2,2,6,2,2,4,2
"1051",13,1053,53,7,6,6,6,6,6,6,6,2,2,2,2,2,6,2,2,4,2
"1052",13,1054,53,7,6,6,6,6,6,6,6,2,2,2,2,2,6,2,2,4,2
"1053",13,1055,53,7,6,6,6,6,6,6,6,2,2,2,2,2,6,2,2,4,2
"1054",13,1056,53,7,6,6,6,6,6,6,6,2,2,2,2,2,6,2,2,4,2
"1055",13,1057,53,7,6,6,6,6,6,6,6,2,2,2,2,2,6,2,2,4,2
"1056",13,1058,53,7,6,6,6,6,6,6,6,2,2,2,2,2,6,2,2,4,2
"1057",13,1059,53,7,6,6,6,6,6,6,6,2,2,2,2,2,6,2,2,4,2
"1058",13,1060,53,7,6,6,6,6,6,6,6,2,2,2,2,2,6,2,2,4,2
"1059",13,1061,53,7,6,6,6,6,6,6,6,2,2,2,2,2,6,2,2,4,2
"1060",13,1062,53,7,6,6,6,6,6,6,6,2,2,2,2,2,6,2,2,4,2
"1061",13,1063,53,7,6,6,6,6,6,6,6,2,2,2,2,2,6,2,2,4,2
"1062",13,1064,53,7,6,6,6,6,6,6,6,2,2,2,2,2,6,2,2,4,2
"1063",13,1065,53,7,6,6,6,6,6,6,6,2,2,2,2,2,6,2,2,4,2
"1064",13,1066,53,7,6,6,6,6,6,6,6,2,2,2,2,2,6,2,2,4,2
"1065",13,1067,54,3,7,3,7,7,7,7,7,3,3,3,3,3,7,3,3,7,3
"1066",13,1068,54,3,7,3,7,7,7,7,7,3,3,3,3,3,7,3,3,7,3
"1067",13,1069,54,3,7,3,7,7,7,7,7,3,3,3,3,3,7,3,3,7,3
"1068",13,1070,54,3,7,3,7,7,7,7,7,3,3,3,3,3,7,3,3,7,3
"1069",13,1071,54,3,7,3,7,7,7,7,7,3,3,3,3,3,7,3,3,7,3
"1070",13,1072,54,3,7,3,7,7,7,7,7,3,3,3,3,3,7,3,3,7,3
"1071",13,1073,54,3,7,3,7,7,7,7,7,3,3,3,3,3,7,3,3,7,3
"1072",13,1074,54,3,7,3,7,7,7,7,7,3,3,3,3,3,7,3,3,7,3
"1073",13,1075,54,3,7,3,7,7,7,7,7,3,3,3,3,3,7,3,3,7,3
"1074",13,1076,54,3,7,3,7,7,7,7,7,3,3,3,3,3,7,3,3,7,3
"1075",13,1077,54,3,7,3,7,7,7,7,7,3,3,3,3,3,7,3,3,7,3
"1076",13,1078,54,3,7,3,7,7,7,7,7,3,3,3,3,3,7,3,3,7,3
"1077",13,1079,54,3,7,3,7,7,7,7,7,3,3,3,3,3,7,3,3,7,3
"1078",13,1080,54,3,7,3,7,7,7,7,7,3,3,3,3,3,7,3,3,7,3
"1079",13,1081,54,3,7,3,7,7,7,7,7,3,3,3,3,3,7,3,3,7,3
"1080",13,1082,54,3,7,3,7,7,7,7,7,3,3,3,3,3,7,3,3,7,3
"1081",13,1083,54,3,7,3,7,7,7,7,7,3,3,3,3,3,7,3,3,7,3
"1082",13,1084,54,3,7,3,7,7,7,7,7,3,3,3,3,3,7,3,3,7,3
"1083",13,1085,54,3,7,3,7,7,7,7,7,3,3,3,3,3,7,3,3,7,3
"1084",13,1086,54,3,7,3,7,7,7,7,7,3,3,3,3,3,7,3,3,7,3
"1085",13,1087,54,3,7,3,7,7,7,7,7,3,3,3,3,3,7,3,3,7,3
"1086",13,1088,54,3,7,3,7,7,7,7,7,3,3,3,3,3,7,3,3,7,3
"1087",13,1089,54,3,7,3,7,7,7,7,7,3,3,3,3,3,7,3,3,7,3
"1088",13,1090,54,3,7,3,7,7,7,7,7,3,3,3,3,3,7,3,3,7,3
"1089",13,1091,55,3,7,3,7,7,7,7,7,3,3,3,3,3,7,3,3,7,3
"1090",13,1092,55,3,7,3,7,7,7,7,7,3,3,3,3,3,7,3,3,7,3
"1091",13,1093,55,3,7,3,7,7,7,7,7,3,3,3,3,3,7,3,3,7,3
"1092",13,1094,55,3,7,3,7,7,7,7,7,3,3,3,3,3,7,3,3,7,3
"1093",13,1095,55,3,7,3,7,7,7,7,7,3,3,3,3,3,7,3,3,7,3
"1094",13,1096,55,3,7,3,7,7,7,7,7,3,3,3,3,3,7,3,3,7,3
"1095",13,1097,55,3,7,3,7,7,7,7,7,3,3,3,3,3,7,3,3,7,3
"1096",13,1098,55,3,7,3,7,7,7,7,7,3,3,3,3,3,7,3,3,7,3
"1097",13,1099,55,3,7,3,7,7,7,7,7,3,3,3,3,3,7,3,3,7,3
"1098",13,1100,55,3,7,3,7,7,7,7,7,3,3,3,3,3,7,3,3,7,3
"1099",13,1101,55,3,7,3,7,7,7,7,7,3,3,3,3,3,7,3,3,7,3
"1100",13,1102,55,3,7,3,7,7,7,7,7,3,3,3,3,3,7,3,3,7,3
"1101",13,1103,55,3,7,3,7,7,7,7,7,3,3,3,3,3,7,3,3,7,3
"1102",13,1104,55,3,7,3,7,7,7,7,7,3,3,3,3,3,7,3,3,7,3
"1103",13,1105,55,3,7,3,7,7,7,7,7,3,3,3,3,3,7,3,3,7,3
"1104",13,1106,55,3,7,3,7,7,7,7,7,3,3,3,3,3,7,3,3,7,3
"1105",13,1107,55,3,7,3,7,7,7,7,7,3,3,3,3,3,7,3,3,7,3
"1106",13,1108,55,3,7,3,7,7,7,7,7,3,3,3,3,3,7,3,3,7,3
"1107",13,1109,55,3,7,3,7,7,7,7,7,3,3,3,3,3,7,3,3,7,3
"1108",13,1110,56,1,1,4,1,1,1,1,1,7,7,7,7,7,1,7,7,6,7
"1109",13,1111,56,1,1,4,1,1,1,1,1,7,7,7,7,7,1,7,7,6,7
"1110",13,1112,56,1,1,4,1,1,1,1,1,7,7,7,7,7,1,7,7,6,7
"1111",13,1113,56,1,1,4,1,1,1,1,1,7,7,7,7,7,1,7,7,6,7
"1112",13,1114,56,1,1,4,1,1,1,1,1,7,7,7,7,7,1,7,7,6,7
"1113",13,1115,56,1,1,4,1,1,1,1,1,7,7,7,7,7,1,7,7,6,7
"1114",13,1116,56,1,1,4,1,1,1,1,1,7,7,7,7,7,1,7,7,6,7
"1115",13,1117,56,1,1,4,1,1,1,1,1,7,7,7,7,7,1,7,7,6,7
"1116",13,1118,56,1,1,4,1,1,1,1,1,7,7,7,7,7,1,7,7,6,7
"1117",13,1119,56,1,1,4,1,1,1,1,1,7,7,7,7,7,1,7,7,6,7
"1118",13,1120,56,1,1,4,1,1,1,1,1,7,7,7,7,7,1,7,7,6,7
"1119",13,1121,57,4,4,4,4,4,5,4,5,1,1,1,1,1,5,1,1,2,1
"1120",13,1122,57,4,4,4,4,4,5,4,5,1,1,1,1,1,5,1,1,2,1
"1121",13,1123,57,4,4,4,4,4,5,4,5,1,1,1,1,1,5,1,1,2,1
"1122",13,1124,57,4,4,4,4,4,5,4,5,1,1,1,1,1,5,1,1,2,1
"1123",13,1125,57,4,4,4,4,4,5,4,5,1,1,1,1,1,5,1,1,2,1
"1124",13,1126,57,4,4,4,4,4,5,4,5,1,1,1,1,1,5,1,1,2,1
"1125",13,1127,57,4,4,4,4,4,5,4,5,1,1,1,1,1,5,1,1,2,1
"1126",13,1128,57,4,4,4,4,4,5,4,5,1,1,1,1,1,5,1,1,2,1
"1127",13,1129,57,4,4,4,4,4,5,4,5,1,1,1,1,1,5,1,1,2,1
"1128",13,1130,57,4,4,4,4,4,5,4,5,1,1,1,1,1,5,1,1,2,1
"1129",13,1131,57,4,4,4,4,4,5,4,5,1,1,1,1,1,5,1,1,2,1
"1130",13,1132,58,3,7,3,7,7,7,7,7,3,3,3,3,3,7,3,3,7,3
"1131",13,1133,58,3,7,3,7,7,7,7,7,3,3,3,3,3,7,3,3,7,3
"1132",13,1134,58,3,7,3,7,7,7,7,7,3,3,3,3,3,7,3,3,7,3
"1133",13,1135,58,3,7,3,7,7,7,7,7,3,3,3,3,3,7,3,3,7,3
"1134",13,1136,58,3,7,3,7,7,7,7,7,3,3,3,3,3,7,3,3,7,3
"1135",13,1137,58,3,7,3,7,7,7,7,7,3,3,3,3,3,7,3,3,7,3
"1136",13,1138,58,3,7,3,7,7,7,7,7,3,3,3,3,3,7,3,3,7,3
"1137",13,1139,58,3,7,3,7,7,7,7,7,3,3,3,3,3,7,3,3,7,3
"1138",13,1140,58,3,7,3,7,7,7,7,7,3,3,3,3,3,7,3,3,7,3
"1139",13,1141,58,3,7,3,7,7,7,7,7,3,3,3,3,3,7,3,3,7,3
"1140",13,1142,58,3,7,3,7,7,7,7,7,3,3,3,3,3,7,3,3,7,3
"1141",13,1143,58,3,7,3,7,7,7,7,7,3,3,3,3,3,7,3,3,7,3
"1142",13,1144,58,3,7,3,7,7,7,7,7,3,3,3,3,3,7,3,3,7,3
"1143",13,1145,58,3,7,3,7,7,7,7,7,3,3,3,3,3,7,3,3,7,3
"1144",13,1146,58,3,7,3,7,7,7,7,7,3,3,3,3,3,7,3,3,7,3
"1145",13,1147,58,3,7,3,7,7,7,7,7,3,3,3,3,3,7,3,3,7,3
"1146",13,1148,58,3,7,3,7,7,7,7,7,3,3,3,3,3,7,3,3,7,3
"1147",13,1149,58,3,7,3,7,7,7,7,7,3,3,3,3,3,7,3,3,7,3
"1148",13,1150,58,3,7,3,7,7,7,7,7,3,3,3,3,3,7,3,3,7,3
"1149",13,1151,58,3,7,3,7,7,7,7,7,3,3,3,3,3,7,3,3,7,3
"1150",13,1152,59,3,7,3,7,7,4,7,4,3,3,3,3,3,4,3,3,5,3
"1151",13,1153,59,3,7,3,7,7,4,7,4,3,3,3,3,3,4,3,3,5,3
"1152",13,1154,59,3,7,3,7,7,4,7,4,3,3,3,3,3,4,3,3,5,3
"1153",13,1155,59,3,7,3,7,7,4,7,4,3,3,3,3,3,4,3,3,5,3
"1154",13,1156,59,3,7,3,7,7,4,7,4,3,3,3,3,3,4,3,3,5,3
"1155",13,1157,59,3,7,3,7,7,4,7,4,3,3,3,3,3,4,3,3,5,3
"1156",13,1158,59,3,7,3,7,7,4,7,4,3,3,3,3,3,4,3,3,5,3
"1157",13,1159,59,3,7,3,7,7,4,7,4,3,3,3,3,3,4,3,3,5,3
"1158",13,1160,59,3,7,3,7,7,4,7,4,3,3,3,3,3,4,3,3,5,3
"1159",13,1161,59,3,7,3,7,7,4,7,4,3,3,3,3,3,4,3,3,5,3
"1160",13,1162,59,3,7,3,7,7,4,7,4,3,3,3,3,3,4,3,3,5,3
"1161",13,1163,59,3,7,3,7,7,4,7,4,3,3,3,3,3,4,3,3,5,3
"1162",13,1164,59,3,7,3,7,7,4,7,4,3,3,3,3,3,4,3,3,5,3
"1163",13,1165,59,3,7,3,7,7,4,7,4,3,3,3,3,3,4,3,3,5,3
"1164",13,1166,59,3,7,3,7,7,4,7,4,3,3,3,3,3,4,3,3,5,3
"1165",13,1167,59,3,7,3,7,7,4,7,4,3,3,3,3,3,4,3,3,5,3
"1166",13,1168,59,3,7,3,7,7,4,7,4,3,3,3,3,3,4,3,3,5,3
"1167",13,1169,59,3,7,3,7,7,4,7,4,3,3,3,3,3,4,3,3,5,3
"1168",13,1170,59,3,7,3,7,7,4,7,4,3,3,3,3,3,4,3,3,5,3
"1169",13,1171,59,3,7,3,7,7,4,7,4,3,3,3,3,3,4,3,3,5,3
"1170",13,1172,59,3,7,3,7,7,4,7,4,3,3,3,3,3,4,3,3,5,3
"1171",13,1173,59,3,7,3,7,7,4,7,4,3,3,3,3,3,4,3,3,5,3
"1172",13,1174,59,3,7,3,7,7,4,7,4,3,3,3,3,3,4,3,3,5,3
"1173",13,1175,59,3,7,3,7,7,4,7,4,3,3,3,3,3,4,3,3,5,3
"1174",13,1176,59,3,7,3,7,7,4,7,4,3,3,3,3,3,4,3,3,5,3
"1175",13,1177,60,1,1,1,1,1,1,1,1,7,7,7,7,7,1,7,7,6,7
"1176",13,1178,60,1,1,1,1,1,1,1,1,7,7,7,7,7,1,7,7,6,7
"1177",13,1179,60,1,1,1,1,1,1,1,1,7,7,7,7,7,1,7,7,6,7
"1178",13,1180,60,1,1,1,1,1,1,1,1,7,7,7,7,7,1,7,7,6,7
"1179",13,1181,60,1,1,1,1,1,1,1,1,7,7,7,7,7,1,7,7,6,7
"1180",13,1182,60,1,1,1,1,1,1,1,1,7,7,7,7,7,1,7,7,6,7
"1181",13,1183,60,1,1,1,1,1,1,1,1,7,7,7,7,7,1,7,7,6,7
"1182",13,1184,60,1,1,1,1,1,1,1,1,7,7,7,7,7,1,7,7,6,7
"1183",13,1185,60,1,1,1,1,1,1,1,1,7,7,7,7,7,1,7,7,6,7
"1184",13,1186,60,1,1,1,1,1,1,1,1,7,7,7,7,7,1,7,7,6,7
"1185",13,1187,60,1,1,1,1,1,1,1,1,7,7,7,7,7,1,7,7,6,7
"1186",13,1188,60,1,1,1,1,1,1,1,1,7,7,7,7,7,1,7,7,6,7
"1187",13,1189,60,1,1,1,1,1,1,1,1,7,7,7,7,7,1,7,7,6,7
"1188",13,1190,60,1,1,1,1,1,1,1,1,7,7,7,7,7,1,7,7,6,7
"1189",13,1191,61,4,4,4,4,4,5,4,5,1,1,1,1,1,5,1,1,2,1
"1190",13,1192,61,4,4,4,4,4,5,4,5,1,1,1,1,1,5,1,1,2,1
"1191",13,1193,61,4,4,4,4,4,5,4,5,1,1,1,1,1,5,1,1,2,1
"1192",13,1194,61,4,4,4,4,4,5,4,5,1,1,1,1,1,5,1,1,2,1
"1193",13,1195,61,4,4,4,4,4,5,4,5,1,1,1,1,1,5,1,1,2,1
"1194",13,1196,61,4,4,4,4,4,5,4,5,1,1,1,1,1,5,1,1,2,1
"1195",13,1197,61,4,4,4,4,4,5,4,5,1,1,1,1,1,5,1,1,2,1
"1196",13,1198,61,4,4,4,4,4,5,4,5,1,1,1,1,1,5,1,1,2,1
"1197",13,1199,61,4,4,4,4,4,5,4,5,1,1,1,1,1,5,1,1,2,1
"1198",13,1200,61,4,4,4,4,4,5,4,5,1,1,1,1,1,5,1,1,2,1
"1199",13,1201,61,4,4,4,4,4,5,4,5,1,1,1,1,1,5,1,1,2,1
"1200",13,1202,61,4,4,4,4,4,5,4,5,1,1,1,1,1,5,1,1,2,1
"1201",13,1203,61,4,4,4,4,4,5,4,5,1,1,1,1,1,5,1,1,2,1
"1202",13,1204,61,4,4,4,4,4,5,4,5,1,1,1,1,1,5,1,1,2,1
"1203",13,1205,61,4,4,4,4,4,5,4,5,1,1,1,1,1,5,1,1,2,1
"1204",13,1206,61,4,4,4,4,4,5,4,5,1,1,1,1,1,5,1,1,2,1
"1205",13,1207,61,4,4,4,4,4,5,4,5,1,1,1,1,1,5,1,1,2,1
"1206",13,1208,61,4,4,4,4,4,5,4,5,1,1,1,1,1,5,1,1,2,1
"1207",13,1209,61,4,4,4,4,4,5,4,5,1,1,1,1,1,5,1,1,2,1
"1208",13,1210,61,4,4,4,4,4,5,4,5,1,1,1,1,1,5,1,1,2,1
"1209",13,1211,61,4,4,4,4,4,5,4,5,1,1,1,1,1,5,1,1,2,1
"1210",13,1212,61,4,4,4,4,4,5,4,5,1,1,1,1,1,5,1,1,2,1
"1211",13,1213,61,4,4,4,4,4,5,4,5,1,1,1,1,1,5,1,1,2,1
"1212",13,1214,61,4,4,4,4,4,5,4,5,1,1,1,1,1,5,1,1,2,1
"1213",13,1215,61,4,4,4,4,4,5,4,5,1,1,1,1,1,5,1,1,2,1
"1214",13,1216,61,4,4,4,4,4,5,4,5,1,1,1,1,1,5,1,1,2,1
"1215",13,1217,61,4,4,4,4,4,5,4,5,1,1,1,1,1,5,1,1,2,1
"1216",13,1218,61,4,4,4,4,4,5,4,5,1,1,1,1,1,5,1,1,2,1
"1217",13,1219,61,4,4,4,4,4,5,4,5,1,1,1,1,1,5,1,1,2,1
"1218",13,1220,61,4,4,4,4,4,5,4,5,1,1,1,1,1,5,1,1,2,1
"1219",13,1221,61,4,4,4,4,4,5,4,5,1,1,1,1,1,5,1,1,2,1
"1220",13,1222,61,4,4,4,4,4,5,4,5,1,1,1,1,1,5,1,1,2,1
"1221",13,1223,61,4,4,4,4,4,5,4,5,1,1,1,1,1,5,1,1,2,1
"1222",13,1224,61,4,4,4,4,4,5,4,5,1,1,1,1,1,5,1,1,2,1
"1223",13,1225,61,4,4,4,4,4,5,4,5,1,1,1,1,1,5,1,1,2,1
"1224",13,1226,61,4,4,4,4,4,5,4,5,1,1,1,1,1,5,1,1,2,1
"1225",13,1227,61,4,4,4,4,4,5,4,5,1,1,1,1,1,5,1,1,2,1
"1226",13,1228,61,4,4,4,4,4,5,4,5,1,1,1,1,1,5,1,1,2,1
"1227",13,1229,62,7,6,6,6,6,6,6,6,2,2,2,2,2,6,2,2,4,2
"1228",13,1230,62,7,6,6,6,6,6,6,6,2,2,2,2,2,6,2,2,4,2
"1229",13,1231,62,7,6,6,6,6,6,6,6,2,2,2,2,2,6,2,2,4,2
"1230",13,1232,62,7,6,6,6,6,6,6,6,2,2,2,2,2,6,2,2,4,2
"1231",13,1233,62,7,6,6,6,6,6,6,6,2,2,2,2,2,6,2,2,4,2
"1232",13,1234,62,7,6,6,6,6,6,6,6,2,2,2,2,2,6,2,2,4,2
"1233",13,1235,62,7,6,6,6,6,6,6,6,2,2,2,2,2,6,2,2,4,2
"1234",13,1236,62,7,6,6,6,6,6,6,6,2,2,2,2,2,6,2,2,4,2
"1235",13,1237,62,7,6,6,6,6,6,6,6,2,2,2,2,2,6,2,2,4,2
"1236",13,1238,62,7,6,6,6,6,6,6,6,2,2,2,2,2,6,2,2,4,2
"1237",13,1239,62,7,6,6,6,6,6,6,6,2,2,2,2,2,6,2,2,4,2
"1238",13,1240,62,7,6,6,6,6,6,6,6,2,2,2,2,2,6,2,2,4,2
"1239",13,1241,62,7,6,6,6,6,6,6,6,2,2,2,2,2,6,2,2,4,2
"1240",13,1242,62,7,6,6,6,6,6,6,6,2,2,2,2,2,6,2,2,4,2
"1241",13,1243,62,7,6,6,6,6,6,6,6,2,2,2,2,2,6,2,2,4,2
"1242",13,1244,62,7,6,6,6,6,6,6,6,2,2,2,2,2,6,2,2,4,2
"1243",13,1245,62,7,6,6,6,6,6,6,6,2,2,2,2,2,6,2,2,4,2
"1244",13,1246,62,7,6,6,6,6,6,6,6,2,2,2,2,2,6,2,2,4,2
"1245",13,1247,62,7,6,6,6,6,6,6,6,2,2,2,2,2,6,2,2,4,2
"1246",13,1248,62,7,6,6,6,6,6,6,6,2,2,2,2,2,6,2,2,4,2
"1247",13,1249,62,7,6,6,6,6,6,6,6,2,2,2,2,2,6,2,2,4,2
"1248",13,1250,62,7,6,6,6,6,6,6,6,2,2,2,2,2,6,2,2,4,2
"1249",13,1251,62,7,6,6,6,6,6,6,6,2,2,2,2,2,6,2,2,4,2
"1250",13,1252,62,7,6,6,6,6,6,6,6,2,2,2,2,2,6,2,2,4,2
"1251",13,1253,62,7,6,6,6,6,6,6,6,2,2,2,2,2,6,2,2,4,2
"1252",13,1254,62,7,6,6,6,6,6,6,6,2,2,2,2,2,6,2,2,4,2
"1253",13,1255,62,7,6,6,6,6,6,6,6,2,2,2,2,2,6,2,2,4,2
"1254",13,1256,62,7,6,6,6,6,6,6,6,2,2,2,2,2,6,2,2,4,2
"1255",13,1257,62,7,6,6,6,6,6,6,6,2,2,2,2,2,6,2,2,4,2
"1256",13,1258,62,7,6,6,6,6,6,6,6,2,2,2,2,2,6,2,2,4,2
"1257",13,1259,62,7,6,6,6,6,6,6,6,2,2,2,2,2,6,2,2,4,2
"1258",13,1260,62,7,6,6,6,6,6,6,6,2,2,2,2,2,6,2,2,4,2
"1259",13,1261,62,7,6,6,6,6,6,6,6,2,2,2,2,2,6,2,2,4,2
"1260",13,1262,63,5,3,5,3,3,4,3,4,5,5,5,5,5,4,5,5,5,5
"1261",13,1263,63,5,3,5,3,3,4,3,4,5,5,5,5,5,4,5,5,5,5
"1262",13,1264,63,5,3,5,3,3,4,3,4,5,5,5,5,5,4,5,5,5,5
"1263",13,1265,63,5,3,5,3,3,4,3,4,5,5,5,5,5,4,5,5,5,5
"1264",13,1266,63,5,3,5,3,3,4,3,4,5,5,5,5,5,4,5,5,5,5
"1265",13,1267,63,5,3,5,3,3,4,3,4,5,5,5,5,5,4,5,5,5,5
"1266",13,1268,63,5,3,5,3,3,4,3,4,5,5,5,5,5,4,5,5,5,5
"1267",13,1269,63,5,3,5,3,3,4,3,4,5,5,5,5,5,4,5,5,5,5
"1268",13,1270,63,5,3,5,3,3,4,3,4,5,5,5,5,5,4,5,5,5,5
"1269",13,1271,63,5,3,5,3,3,4,3,4,5,5,5,5,5,4,5,5,5,5
"1270",13,1272,63,5,3,5,3,3,4,3,4,5,5,5,5,5,4,5,5,5,5
"1271",13,1273,63,5,3,5,3,3,4,3,4,5,5,5,5,5,4,5,5,5,5
"1272",13,1274,63,5,3,5,3,3,4,3,4,5,5,5,5,5,4,5,5,5,5
"1273",13,1275,63,5,3,5,3,3,4,3,4,5,5,5,5,5,4,5,5,5,5
"1274",13,1276,63,5,3,5,3,3,4,3,4,5,5,5,5,5,4,5,5,5,5
"1275",13,1277,63,5,3,5,3,3,4,3,4,5,5,5,5,5,4,5,5,5,5
"1276",13,1278,63,5,3,5,3,3,4,3,4,5,5,5,5,5,4,5,5,5,5
"1277",13,1279,63,5,3,5,3,3,4,3,4,5,5,5,5,5,4,5,5,5,5
"1278",13,1280,63,5,3,5,3,3,4,3,4,5,5,5,5,5,4,5,5,5,5
"1279",13,1281,63,5,3,5,3,3,4,3,4,5,5,5,5,5,4,5,5,5,5
"1280",13,1282,63,5,3,5,3,3,4,3,4,5,5,5,5,5,4,5,5,5,5
"1281",13,1283,63,5,3,5,3,3,4,3,4,5,5,5,5,5,4,5,5,5,5
"1282",13,1284,63,5,3,5,3,3,4,3,4,5,5,5,5,5,4,5,5,5,5
"1283",13,1285,63,5,3,5,3,3,4,3,4,5,5,5,5,5,4,5,5,5,5
"1284",13,1286,63,5,3,5,3,3,4,3,4,5,5,5,5,5,4,5,5,5,5
"1285",13,1287,63,5,3,5,3,3,4,3,4,5,5,5,5,5,4,5,5,5,5
"1286",13,1288,63,5,3,5,3,3,4,3,4,5,5,5,5,5,4,5,5,5,5
"1287",13,1289,63,5,3,5,3,3,4,3,4,5,5,5,5,5,4,5,5,5,5
"1288",13,1290,63,5,3,5,3,3,4,3,4,5,5,5,5,5,4,5,5,5,5
"1289",13,1291,63,5,3,5,3,3,4,3,4,5,5,5,5,5,4,5,5,5,5
"1290",13,1292,63,5,3,5,3,3,4,3,4,5,5,5,5,5,4,5,5,5,5
"1291",13,1293,63,5,3,5,3,3,4,3,4,5,5,5,5,5,4,5,5,5,5
"1292",13,1294,63,5,3,5,3,3,4,3,4,5,5,5,5,5,4,5,5,5,5
"1293",13,1295,64,5,3,5,3,3,4,3,4,5,5,5,5,5,4,5,5,5,5
"1294",13,1296,64,5,3,5,3,3,4,3,4,5,5,5,5,5,4,5,5,5,5
"1295",13,1297,64,5,3,5,3,3,4,3,4,5,5,5,5,5,4,5,5,5,5
"1296",13,1298,64,5,3,5,3,3,4,3,4,5,5,5,5,5,4,5,5,5,5
"1297",13,1299,64,5,3,5,3,3,4,3,4,5,5,5,5,5,4,5,5,5,5
"1298",13,1300,64,5,3,5,3,3,4,3,4,5,5,5,5,5,4,5,5,5,5
"1299",13,1301,64,5,3,5,3,3,4,3,4,5,5,5,5,5,4,5,5,5,5
"1300",13,1302,64,5,3,5,3,3,4,3,4,5,5,5,5,5,4,5,5,5,5
"1301",13,1303,65,2,2,5,2,2,3,2,3,6,6,6,6,6,3,6,6,1,6
"1302",13,1304,65,2,2,5,2,2,3,2,3,6,6,6,6,6,3,6,6,1,6
"1303",13,1305,65,2,2,5,2,2,3,2,3,6,6,6,6,6,3,6,6,1,6
"1304",13,1306,65,2,2,5,2,2,3,2,3,6,6,6,6,6,3,6,6,1,6
"1305",13,1307,65,2,2,5,2,2,3,2,3,6,6,6,6,6,3,6,6,1,6
"1306",13,1308,65,2,2,5,2,2,3,2,3,6,6,6,6,6,3,6,6,1,6
"1307",13,1309,65,2,2,5,2,2,3,2,3,6,6,6,6,6,3,6,6,1,6
"1308",13,1310,66,5,2,5,2,2,3,2,3,5,5,5,5,5,3,5,5,5,5
"1309",13,1311,66,5,2,5,2,2,3,2,3,5,5,5,5,5,3,5,5,5,5
"1310",13,1312,66,5,2,5,2,2,3,2,3,5,5,5,5,5,3,5,5,5,5
"1311",13,1313,66,5,2,5,2,2,3,2,3,5,5,5,5,5,3,5,5,5,5
"1312",13,1314,66,5,2,5,2,2,3,2,3,5,5,5,5,5,3,5,5,5,5
"1313",13,1315,66,5,2,5,2,2,3,2,3,5,5,5,5,5,3,5,5,5,5
"1314",13,1316,66,5,2,5,2,2,3,2,3,5,5,5,5,5,3,5,5,5,5
"1315",13,1317,66,5,2,5,2,2,3,2,3,5,5,5,5,5,3,5,5,5,5
"1316",13,1318,66,5,2,5,2,2,3,2,3,5,5,5,5,5,3,5,5,5,5
"1317",13,1319,66,5,2,5,2,2,3,2,3,5,5,5,5,5,3,5,5,5,5
"1318",13,1320,66,5,2,5,2,2,3,2,3,5,5,5,5,5,3,5,5,5,5
"1319",13,1321,66,5,2,5,2,2,3,2,3,5,5,5,5,5,3,5,5,5,5
"1320",13,1322,66,5,2,5,2,2,3,2,3,5,5,5,5,5,3,5,5,5,5
"1321",13,1323,66,5,2,5,2,2,3,2,3,5,5,5,5,5,3,5,5,5,5
"1322",13,1324,66,5,2,5,2,2,3,2,3,5,5,5,5,5,3,5,5,5,5
"1323",13,1325,66,5,2,5,2,2,3,2,3,5,5,5,5,5,3,5,5,5,5
"1324",13,1326,66,5,2,5,2,2,3,2,3,5,5,5,5,5,3,5,5,5,5
"1325",13,1327,66,5,2,5,2,2,3,2,3,5,5,5,5,5,3,5,5,5,5
"1326",13,1328,66,5,2,5,2,2,3,2,3,5,5,5,5,5,3,5,5,5,5
"1327",13,1329,66,5,2,5,2,2,3,2,3,5,5,5,5,5,3,5,5,5,5
"1328",13,1330,66,5,2,5,2,2,3,2,3,5,5,5,5,5,3,5,5,5,5
"1329",13,1331,66,5,2,5,2,2,3,2,3,5,5,5,5,5,3,5,5,5,5
"1330",13,1332,66,5,2,5,2,2,3,2,3,5,5,5,5,5,3,5,5,5,5
"1331",13,1333,67,7,6,6,6,6,6,6,6,2,2,2,2,2,6,2,2,1,2
"1332",13,1334,67,7,6,6,6,6,6,6,6,2,2,2,2,2,6,2,2,1,2
"1333",13,1335,67,7,6,6,6,6,6,6,6,2,2,2,2,2,6,2,2,1,2
"1334",13,1336,67,7,6,6,6,6,6,6,6,2,2,2,2,2,6,2,2,1,2
"1335",13,1337,67,7,6,6,6,6,6,6,6,2,2,2,2,2,6,2,2,1,2
"1336",13,1338,67,7,6,6,6,6,6,6,6,2,2,2,2,2,6,2,2,1,2
"1337",13,1339,67,7,6,6,6,6,6,6,6,2,2,2,2,2,6,2,2,1,2
"1338",13,1340,67,7,6,6,6,6,6,6,6,2,2,2,2,2,6,2,2,1,2
"1339",13,1341,67,7,6,6,6,6,6,6,6,2,2,2,2,2,6,2,2,1,2
"1340",13,1342,67,7,6,6,6,6,6,6,6,2,2,2,2,2,6,2,2,1,2
"1341",13,1343,67,7,6,6,6,6,6,6,6,2,2,2,2,2,6,2,2,1,2
"1342",13,1344,67,7,6,6,6,6,6,6,6,2,2,2,2,2,6,2,2,1,2
"1343",13,1345,67,7,6,6,6,6,6,6,6,2,2,2,2,2,6,2,2,1,2
"1344",13,1346,67,7,6,6,6,6,6,6,6,2,2,2,2,2,6,2,2,1,2
"1345",13,1347,67,7,6,6,6,6,6,6,6,2,2,2,2,2,6,2,2,1,2
"1346",13,1348,67,7,6,6,6,6,6,6,6,2,2,2,2,2,6,2,2,1,2
"1347",13,1350,68,4,4,4,4,4,3,4,3,4,4,4,4,4,3,4,4,3,4
"1348",13,1351,68,4,4,4,4,4,3,4,3,4,4,4,4,4,3,4,4,3,4
"1349",13,1352,68,4,4,4,4,4,3,4,3,4,4,4,4,4,3,4,4,3,4
"1350",13,1353,68,4,4,4,4,4,3,4,3,4,4,4,4,4,3,4,4,3,4
"1351",13,1354,68,4,4,4,4,4,3,4,3,4,4,4,4,4,3,4,4,3,4
"1352",13,1355,68,4,4,4,4,4,3,4,3,4,4,4,4,4,3,4,4,3,4
"1353",13,1356,68,4,4,4,4,4,3,4,3,4,4,4,4,4,3,4,4,3,4
"1354",13,1357,68,4,4,4,4,4,3,4,3,4,4,4,4,4,3,4,4,3,4
"1355",13,1358,68,4,4,4,4,4,3,4,3,4,4,4,4,4,3,4,4,3,4
"1356",13,1359,68,4,4,4,4,4,3,4,3,4,4,4,4,4,3,4,4,3,4
"1357",13,1360,68,4,4,4,4,4,3,4,3,4,4,4,4,4,3,4,4,3,4
"1358",13,1361,68,4,4,4,4,4,3,4,3,4,4,4,4,4,3,4,4,3,4
"1359",13,1362,68,4,4,4,4,4,3,4,3,4,4,4,4,4,3,4,4,3,4
"1360",13,1363,68,4,4,4,4,4,3,4,3,4,4,4,4,4,3,4,4,3,4
"1361",13,1364,68,4,4,4,4,4,3,4,3,4,4,4,4,4,3,4,4,3,4
"1362",13,1365,68,4,4,4,4,4,3,4,3,4,4,4,4,4,3,4,4,3,4
"1363",13,1366,68,4,4,4,4,4,3,4,3,4,4,4,4,4,3,4,4,3,4
"1364",13,1367,68,4,4,4,4,4,3,4,3,4,4,4,4,4,3,4,4,3,4
"1365",13,1368,68,4,4,4,4,4,3,4,3,4,4,4,4,4,3,4,4,3,4
"1366",13,1369,69,2,2,5,2,2,3,2,3,6,6,6,6,6,3,6,6,1,6
"1367",13,1370,69,2,2,5,2,2,3,2,3,6,6,6,6,6,3,6,6,1,6
"1368",13,1371,69,2,2,5,2,2,3,2,3,6,6,6,6,6,3,6,6,1,6
"1369",13,1372,69,2,2,5,2,2,3,2,3,6,6,6,6,6,3,6,6,1,6
"1370",13,1373,69,2,2,5,2,2,3,2,3,6,6,6,6,6,3,6,6,1,6
"1371",13,1374,69,2,2,5,2,2,3,2,3,6,6,6,6,6,3,6,6,1,6
"1372",13,1375,69,2,2,5,2,2,3,2,3,6,6,6,6,6,3,6,6,1,6
"1373",13,1376,69,2,2,5,2,2,3,2,3,6,6,6,6,6,3,6,6,1,6
"1374",13,1377,69,2,2,5,2,2,3,2,3,6,6,6,6,6,3,6,6,1,6
"1375",13,1378,70,2,7,2,7,7,7,7,7,6,6,6,6,6,7,6,6,7,6
"1376",13,1379,70,2,7,2,7,7,7,7,7,6,6,6,6,6,7,6,6,7,6
"1377",13,1380,70,2,7,2,7,7,7,7,7,6,6,6,6,6,7,6,6,7,6
"1378",13,1381,70,2,7,2,7,7,7,7,7,6,6,6,6,6,7,6,6,7,6
"1379",13,1382,70,2,7,2,7,7,7,7,7,6,6,6,6,6,7,6,6,7,6
"1380",13,1383,70,2,7,2,7,7,7,7,7,6,6,6,6,6,7,6,6,7,6
"1381",13,1384,70,2,7,2,7,7,7,7,7,6,6,6,6,6,7,6,6,7,6
"1382",13,1385,70,2,7,2,7,7,7,7,7,6,6,6,6,6,7,6,6,7,6
"1383",13,1386,70,2,7,2,7,7,7,7,7,6,6,6,6,6,7,6,6,7,6
"1384",13,1387,70,2,7,2,7,7,7,7,7,6,6,6,6,6,7,6,6,7,6
"1385",13,1388,70,2,7,2,7,7,7,7,7,6,6,6,6,6,7,6,6,7,6
"1386",13,1389,70,2,7,2,7,7,7,7,7,6,6,6,6,6,7,6,6,7,6
"1387",13,1390,70,2,7,2,7,7,7,7,7,6,6,6,6,6,7,6,6,7,6
"1388",13,1391,70,2,7,2,7,7,7,7,7,6,6,6,6,6,7,6,6,7,6
"1389",13,1392,70,2,7,2,7,7,7,7,7,6,6,6,6,6,7,6,6,7,6
"1390",13,1393,70,2,7,2,7,7,7,7,7,6,6,6,6,6,7,6,6,7,6
"1391",13,1394,70,2,7,2,7,7,7,7,7,6,6,6,6,6,7,6,6,7,6
"1392",13,1395,71,4,4,4,4,4,5,4,5,1,1,1,1,1,5,1,1,2,1
"1393",13,1396,71,4,4,4,4,4,5,4,5,1,1,1,1,1,5,1,1,2,1
"1394",13,1397,71,4,4,4,4,4,5,4,5,1,1,1,1,1,5,1,1,2,1
"1395",13,1398,71,4,4,4,4,4,5,4,5,1,1,1,1,1,5,1,1,2,1
"1396",13,1399,71,4,4,4,4,4,5,4,5,1,1,1,1,1,5,1,1,2,1
"1397",13,1400,71,4,4,4,4,4,5,4,5,1,1,1,1,1,5,1,1,2,1
"1398",13,1401,71,4,4,4,4,4,5,4,5,1,1,1,1,1,5,1,1,2,1
"1399",13,1402,71,4,4,4,4,4,5,4,5,1,1,1,1,1,5,1,1,2,1
"1400",13,1403,72,7,6,6,6,6,6,6,6,2,2,2,2,2,6,2,2,4,2
"1401",13,1404,72,7,6,6,6,6,6,6,6,2,2,2,2,2,6,2,2,4,2
"1402",13,1405,72,7,6,6,6,6,6,6,6,2,2,2,2,2,6,2,2,4,2
"1403",13,1406,72,7,6,6,6,6,6,6,6,2,2,2,2,2,6,2,2,4,2
"1404",13,1407,72,7,6,6,6,6,6,6,6,2,2,2,2,2,6,2,2,4,2
"1405",13,1408,72,7,6,6,6,6,6,6,6,2,2,2,2,2,6,2,2,4,2
"1406",13,1409,72,7,6,6,6,6,6,6,6,2,2,2,2,2,6,2,2,4,2
"1407",13,1410,72,7,6,6,6,6,6,6,6,2,2,2,2,2,6,2,2,4,2
"1408",13,1411,72,7,6,6,6,6,6,6,6,2,2,2,2,2,6,2,2,4,2
"1409",13,1412,72,7,6,6,6,6,6,6,6,2,2,2,2,2,6,2,2,4,2
"1410",13,1413,72,7,6,6,6,6,6,6,6,2,2,2,2,2,6,2,2,4,2
"1411",13,1414,72,7,6,6,6,6,6,6,6,2,2,2,2,2,6,2,2,4,2
"1412",13,1415,72,7,6,6,6,6,6,6,6,2,2,2,2,2,6,2,2,4,2
"1413",13,1416,72,7,6,6,6,6,6,6,6,2,2,2,2,2,6,2,2,4,2
"1414",13,1417,72,7,6,6,6,6,6,6,6,2,2,2,2,2,6,2,2,4,2
"1415",13,1418,72,7,6,6,6,6,6,6,6,2,2,2,2,2,6,2,2,4,2
"1416",13,1419,72,7,6,6,6,6,6,6,6,2,2,2,2,2,6,2,2,4,2
"1417",13,1420,72,7,6,6,6,6,6,6,6,2,2,2,2,2,6,2,2,4,2
"1418",13,1421,72,7,6,6,6,6,6,6,6,2,2,2,2,2,6,2,2,4,2
"1419",13,1422,72,7,6,6,6,6,6,6,6,2,2,2,2,2,6,2,2,4,2
"1420",13,1423,72,7,6,6,6,6,6,6,6,2,2,2,2,2,6,2,2,4,2
"1421",13,1424,72,7,6,6,6,6,6,6,6,2,2,2,2,2,6,2,2,4,2
"1422",13,1425,72,7,6,6,6,6,6,6,6,2,2,2,2,2,6,2,2,4,2
"1423",13,1426,72,7,6,6,6,6,6,6,6,2,2,2,2,2,6,2,2,4,2
"1424",13,1427,72,7,6,6,6,6,6,6,6,2,2,2,2,2,6,2,2,4,2
"1425",13,1428,72,7,6,6,6,6,6,6,6,2,2,2,2,2,6,2,2,4,2
"1426",13,1429,73,5,3,5,3,3,3,3,3,5,5,5,5,5,3,5,5,1,5
"1427",13,1430,73,5,3,5,3,3,3,3,3,5,5,5,5,5,3,5,5,1,5
"1428",13,1431,73,5,3,5,3,3,3,3,3,5,5,5,5,5,3,5,5,1,5
"1429",13,1432,73,5,3,5,3,3,3,3,3,5,5,5,5,5,3,5,5,1,5
"1430",13,1433,73,5,3,5,3,3,3,3,3,5,5,5,5,5,3,5,5,1,5
"1431",13,1434,73,5,3,5,3,3,3,3,3,5,5,5,5,5,3,5,5,1,5
"1432",13,1435,73,5,3,5,3,3,3,3,3,5,5,5,5,5,3,5,5,1,5
"1433",13,1436,73,5,3,5,3,3,3,3,3,5,5,5,5,5,3,5,5,1,5
"1434",13,1437,73,5,3,5,3,3,3,3,3,5,5,5,5,5,3,5,5,1,5
"1435",13,1438,73,5,3,5,3,3,3,3,3,5,5,5,5,5,3,5,5,1,5
"1436",13,1439,73,5,3,5,3,3,3,3,3,5,5,5,5,5,3,5,5,1,5
"1437",13,1440,73,5,3,5,3,3,3,3,3,5,5,5,5,5,3,5,5,1,5
"1438",13,1441,74,4,4,4,4,4,3,4,3,4,4,4,4,4,3,4,4,3,4
"1439",13,1442,74,4,4,4,4,4,3,4,3,4,4,4,4,4,3,4,4,3,4
"1440",13,1443,74,4,4,4,4,4,3,4,3,4,4,4,4,4,3,4,4,3,4
"1441",13,1444,74,4,4,4,4,4,3,4,3,4,4,4,4,4,3,4,4,3,4
"1442",13,1445,74,4,4,4,4,4,3,4,3,4,4,4,4,4,3,4,4,3,4
"1443",13,1446,74,4,4,4,4,4,3,4,3,4,4,4,4,4,3,4,4,3,4
"1444",13,1447,74,4,4,4,4,4,3,4,3,4,4,4,4,4,3,4,4,3,4
"1445",13,1448,74,4,4,4,4,4,3,4,3,4,4,4,4,4,3,4,4,3,4
"1446",13,1449,75,5,3,5,3,3,4,3,4,5,5,5,5,5,4,5,5,5,5
"1447",13,1450,75,5,3,5,3,3,4,3,4,5,5,5,5,5,4,5,5,5,5
"1448",13,1451,75,5,3,5,3,3,4,3,4,5,5,5,5,5,4,5,5,5,5
"1449",13,1452,75,5,3,5,3,3,4,3,4,5,5,5,5,5,4,5,5,5,5
"1450",13,1453,75,5,3,5,3,3,4,3,4,5,5,5,5,5,4,5,5,5,5
"1451",13,1454,75,5,3,5,3,3,4,3,4,5,5,5,5,5,4,5,5,5,5
"1452",13,1455,75,5,3,5,3,3,4,3,4,5,5,5,5,5,4,5,5,5,5
"1453",13,1456,75,5,3,5,3,3,4,3,4,5,5,5,5,5,4,5,5,5,5
"1454",13,1457,75,5,3,5,3,3,4,3,4,5,5,5,5,5,4,5,5,5,5
"1455",13,1458,75,5,3,5,3,3,4,3,4,5,5,5,5,5,4,5,5,5,5
"1456",13,1459,75,5,3,5,3,3,4,3,4,5,5,5,5,5,4,5,5,5,5
"1457",13,1460,75,5,3,5,3,3,4,3,4,5,5,5,5,5,4,5,5,5,5
"1458",13,1461,75,5,3,5,3,3,4,3,4,5,5,5,5,5,4,5,5,5,5
"1459",13,1462,75,5,3,5,3,3,4,3,4,5,5,5,5,5,4,5,5,5,5
"1460",13,1463,75,5,3,5,3,3,4,3,4,5,5,5,5,5,4,5,5,5,5
"1461",13,1464,75,5,3,5,3,3,4,3,4,5,5,5,5,5,4,5,5,5,5
"1462",13,1465,75,5,3,5,3,3,4,3,4,5,5,5,5,5,4,5,5,5,5
"1463",13,1466,75,5,3,5,3,3,4,3,4,5,5,5,5,5,4,5,5,5,5
"1464",13,1467,75,5,3,5,3,3,4,3,4,5,5,5,5,5,4,5,5,5,5
"1465",13,1468,75,5,3,5,3,3,4,3,4,5,5,5,5,5,4,5,5,5,5
"1466",13,1469,75,5,3,5,3,3,4,3,4,5,5,5,5,5,4,5,5,5,5
"1467",13,1470,75,5,3,5,3,3,4,3,4,5,5,5,5,5,4,5,5,5,5
"1468",13,1471,75,5,3,5,3,3,4,3,4,5,5,5,5,5,4,5,5,5,5
"1469",13,1472,75,5,3,5,3,3,4,3,4,5,5,5,5,5,4,5,5,5,5
"1470",13,1473,75,5,3,5,3,3,4,3,4,5,5,5,5,5,4,5,5,5,5
"1471",13,1474,75,5,3,5,3,3,4,3,4,5,5,5,5,5,4,5,5,5,5
"1472",13,1475,75,5,3,5,3,3,4,3,4,5,5,5,5,5,4,5,5,5,5
"1473",13,1476,75,5,3,5,3,3,4,3,4,5,5,5,5,5,4,5,5,5,5
"1474",13,1477,75,5,3,5,3,3,4,3,4,5,5,5,5,5,4,5,5,5,5
"1475",13,1478,75,5,3,5,3,3,4,3,4,5,5,5,5,5,4,5,5,5,5
"1476",13,1479,75,5,3,5,3,3,4,3,4,5,5,5,5,5,4,5,5,5,5
"1477",13,1480,75,5,3,5,3,3,4,3,4,5,5,5,5,5,4,5,5,5,5
"1478",13,1481,75,5,3,5,3,3,4,3,4,5,5,5,5,5,4,5,5,5,5
"1479",13,1482,75,5,3,5,3,3,4,3,4,5,5,5,5,5,4,5,5,5,5
"1480",13,1483,75,5,3,5,3,3,4,3,4,5,5,5,5,5,4,5,5,5,5
"1481",13,1484,75,5,3,5,3,3,4,3,4,5,5,5,5,5,4,5,5,5,5
"1482",13,1485,75,5,3,5,3,3,4,3,4,5,5,5,5,5,4,5,5,5,5
"1483",13,1486,75,5,3,5,3,3,4,3,4,5,5,5,5,5,4,5,5,5,5
"1484",13,1487,75,5,3,5,3,3,4,3,4,5,5,5,5,5,4,5,5,5,5
"1485",13,1488,75,5,3,5,3,3,4,3,4,5,5,5,5,5,4,5,5,5,5
"1486",13,1489,75,5,3,5,3,3,4,3,4,5,5,5,5,5,4,5,5,5,5
"1487",13,1490,75,5,3,5,3,3,4,3,4,5,5,5,5,5,4,5,5,5,5
"1488",13,1491,75,5,3,5,3,3,4,3,4,5,5,5,5,5,4,5,5,5,5
"1489",13,1492,75,5,3,5,3,3,4,3,4,5,5,5,5,5,4,5,5,5,5
"1490",13,1493,75,5,3,5,3,3,4,3,4,5,5,5,5,5,4,5,5,5,5
"1491",13,1494,75,5,3,5,3,3,4,3,4,5,5,5,5,5,4,5,5,5,5
"1492",13,1495,75,5,3,5,3,3,4,3,4,5,5,5,5,5,4,5,5,5,5
"1493",13,1496,75,5,3,5,3,3,4,3,4,5,5,5,5,5,4,5,5,5,5
"1494",13,1497,75,5,3,5,3,3,4,3,4,5,5,5,5,5,4,5,5,5,5
"1495",13,1498,75,5,3,5,3,3,4,3,4,5,5,5,5,5,4,5,5,5,5
"1496",13,1499,75,5,3,5,3,3,4,3,4,5,5,5,5,5,4,5,5,5,5
"1497",13,1500,75,5,3,5,3,3,4,3,4,5,5,5,5,5,4,5,5,5,5
"1498",13,1501,75,5,3,5,3,3,4,3,4,5,5,5,5,5,4,5,5,5,5
"1499",13,1502,76,1,1,1,1,1,1,1,1,7,7,7,7,7,1,7,7,6,7
"1500",13,1503,76,1,1,1,1,1,1,1,1,7,7,7,7,7,1,7,7,6,7
"1501",13,1504,76,1,1,1,1,1,1,1,1,7,7,7,7,7,1,7,7,6,7
"1502",13,1505,76,1,1,1,1,1,1,1,1,7,7,7,7,7,1,7,7,6,7
"1503",13,1506,76,1,1,1,1,1,1,1,1,7,7,7,7,7,1,7,7,6,7
"1504",13,1507,76,1,1,1,1,1,1,1,1,7,7,7,7,7,1,7,7,6,7
"1505",13,1508,76,1,1,1,1,1,1,1,1,7,7,7,7,7,1,7,7,6,7
"1506",13,1509,76,1,1,1,1,1,1,1,1,7,7,7,7,7,1,7,7,6,7
"1507",13,1510,76,1,1,1,1,1,1,1,1,7,7,7,7,7,1,7,7,6,7
"1508",13,1511,76,1,1,1,1,1,1,1,1,7,7,7,7,7,1,7,7,6,7
"1509",13,1512,76,1,1,1,1,1,1,1,1,7,7,7,7,7,1,7,7,6,7
"1510",13,1513,76,1,1,1,1,1,1,1,1,7,7,7,7,7,1,7,7,6,7
"1511",13,1514,76,1,1,1,1,1,1,1,1,7,7,7,7,7,1,7,7,6,7
"1512",13,1515,76,1,1,1,1,1,1,1,1,7,7,7,7,7,1,7,7,6,7
"1513",13,1516,76,1,1,1,1,1,1,1,1,7,7,7,7,7,1,7,7,6,7
"1514",13,1517,76,1,1,1,1,1,1,1,1,7,7,7,7,7,1,7,7,6,7
"1515",13,1518,76,1,1,1,1,1,1,1,1,7,7,7,7,7,1,7,7,6,7
"1516",13,1519,76,1,1,1,1,1,1,1,1,7,7,7,7,7,1,7,7,6,7
"1517",13,1520,76,1,1,1,1,1,1,1,1,7,7,7,7,7,1,7,7,6,7
"1518",13,1521,76,1,1,1,1,1,1,1,1,7,7,7,7,7,1,7,7,6,7
"1519",13,1522,76,1,1,1,1,1,1,1,1,7,7,7,7,7,1,7,7,6,7
"1520",13,1523,76,1,1,1,1,1,1,1,1,7,7,7,7,7,1,7,7,6,7
"1521",13,1524,76,1,1,1,1,1,1,1,1,7,7,7,7,7,1,7,7,6,7
"1522",13,1525,76,1,1,1,1,1,1,1,1,7,7,7,7,7,1,7,7,6,7
"1523",13,1526,76,1,1,1,1,1,1,1,1,7,7,7,7,7,1,7,7,6,7
"1524",13,1527,76,1,1,1,1,1,1,1,1,7,7,7,7,7,1,7,7,6,7
"1525",13,1528,76,1,1,1,1,1,1,1,1,7,7,7,7,7,1,7,7,6,7
"1526",13,1529,76,1,1,1,1,1,1,1,1,7,7,7,7,7,1,7,7,6,7
"1527",13,1530,76,1,1,1,1,1,1,1,1,7,7,7,7,7,1,7,7,6,7
"1528",13,1531,76,1,1,1,1,1,1,1,1,7,7,7,7,7,1,7,7,6,7
"1529",13,1532,76,1,1,1,1,1,1,1,1,7,7,7,7,7,1,7,7,6,7
"1530",13,1533,76,1,1,1,1,1,1,1,1,7,7,7,7,7,1,7,7,6,7
"1531",13,1534,76,1,1,1,1,1,1,1,1,7,7,7,7,7,1,7,7,6,7
"1532",13,1535,76,1,1,1,1,1,1,1,1,7,7,7,7,7,1,7,7,6,7
"1533",13,1536,76,1,1,1,1,1,1,1,1,7,7,7,7,7,1,7,7,6,7
"1534",13,1537,76,1,1,1,1,1,1,1,1,7,7,7,7,7,1,7,7,6,7
"1535",13,1538,76,1,1,1,1,1,1,1,1,7,7,7,7,7,1,7,7,6,7
"1536",13,1539,76,1,1,1,1,1,1,1,1,7,7,7,7,7,1,7,7,6,7
"1537",13,1540,76,1,1,1,1,1,1,1,1,7,7,7,7,7,1,7,7,6,7
"1538",13,1541,76,1,1,1,1,1,1,1,1,7,7,7,7,7,1,7,7,6,7
"1539",13,1542,76,1,1,1,1,1,1,1,1,7,7,7,7,7,1,7,7,6,7
"1540",13,1543,76,1,1,1,1,1,1,1,1,7,7,7,7,7,1,7,7,6,7
"1541",13,1544,76,1,1,1,1,1,1,1,1,7,7,7,7,7,1,7,7,6,7
"1542",13,1545,76,1,1,1,1,1,1,1,1,7,7,7,7,7,1,7,7,6,7
"1543",13,1546,76,1,1,1,1,1,1,1,1,7,7,7,7,7,1,7,7,6,7
"1544",13,1547,76,1,1,1,1,1,1,1,1,7,7,7,7,7,1,7,7,6,7
"1545",13,1548,76,1,1,1,1,1,1,1,1,7,7,7,7,7,1,7,7,6,7
"1546",13,1549,76,1,1,1,1,1,1,1,1,7,7,7,7,7,1,7,7,6,7
"1547",13,1550,76,1,1,1,1,1,1,1,1,7,7,7,7,7,1,7,7,6,7
"1548",13,1551,76,1,1,1,1,1,1,1,1,7,7,7,7,7,1,7,7,6,7
"1549",13,1552,76,1,1,1,1,1,1,1,1,7,7,7,7,7,1,7,7,6,7
"1550",13,1553,76,1,1,1,1,1,1,1,1,7,7,7,7,7,1,7,7,6,7
"1551",13,1554,76,1,1,1,1,1,1,1,1,7,7,7,7,7,1,7,7,6,7
"1552",13,1555,76,1,1,1,1,1,1,1,1,7,7,7,7,7,1,7,7,6,7
"1553",13,1556,77,4,4,4,4,4,5,4,5,1,1,1,1,1,5,1,1,2,1
"1554",13,1557,77,4,4,4,4,4,5,4,5,1,1,1,1,1,5,1,1,2,1
"1555",13,1558,77,4,4,4,4,4,5,4,5,1,1,1,1,1,5,1,1,2,1
"1556",13,1559,77,4,4,4,4,4,5,4,5,1,1,1,1,1,5,1,1,2,1
"1557",13,1560,77,4,4,4,4,4,5,4,5,1,1,1,1,1,5,1,1,2,1
"1558",13,1561,77,4,4,4,4,4,5,4,5,1,1,1,1,1,5,1,1,2,1
"1559",13,1562,77,4,4,4,4,4,5,4,5,1,1,1,1,1,5,1,1,2,1
"1560",13,1563,78,7,6,6,6,6,6,6,6,2,2,2,2,2,6,2,2,4,2
"1561",13,1564,78,7,6,6,6,6,6,6,6,2,2,2,2,2,6,2,2,4,2
"1562",13,1565,78,7,6,6,6,6,6,6,6,2,2,2,2,2,6,2,2,4,2
"1563",13,1566,78,7,6,6,6,6,6,6,6,2,2,2,2,2,6,2,2,4,2
"1564",13,1567,78,7,6,6,6,6,6,6,6,2,2,2,2,2,6,2,2,4,2
"1565",13,1568,78,7,6,6,6,6,6,6,6,2,2,2,2,2,6,2,2,4,2
"1566",13,1569,78,7,6,6,6,6,6,6,6,2,2,2,2,2,6,2,2,4,2
"1567",13,1570,78,7,6,6,6,6,6,6,6,2,2,2,2,2,6,2,2,4,2
"1568",13,1571,78,7,6,6,6,6,6,6,6,2,2,2,2,2,6,2,2,4,2
"1569",13,1572,78,7,6,6,6,6,6,6,6,2,2,2,2,2,6,2,2,4,2
"1570",13,1573,78,7,6,6,6,6,6,6,6,2,2,2,2,2,6,2,2,4,2
"1571",13,1574,78,7,6,6,6,6,6,6,6,2,2,2,2,2,6,2,2,4,2
"1572",13,1575,78,7,6,6,6,6,6,6,6,2,2,2,2,2,6,2,2,4,2
"1573",13,1576,79,2,6,2,6,6,6,6,6,2,2,2,2,2,6,2,2,1,2
"1574",13,1577,79,2,6,2,6,6,6,6,6,2,2,2,2,2,6,2,2,1,2
"1575",13,1578,79,2,6,2,6,6,6,6,6,2,2,2,2,2,6,2,2,1,2
"1576",13,1579,79,2,6,2,6,6,6,6,6,2,2,2,2,2,6,2,2,1,2
"1577",13,1580,79,2,6,2,6,6,6,6,6,2,2,2,2,2,6,2,2,1,2
"1578",13,1581,79,2,6,2,6,6,6,6,6,2,2,2,2,2,6,2,2,1,2
"1579",13,1582,79,2,6,2,6,6,6,6,6,2,2,2,2,2,6,2,2,1,2
"1580",13,1583,79,2,6,2,6,6,6,6,6,2,2,2,2,2,6,2,2,1,2
"1581",13,1584,79,2,6,2,6,6,6,6,6,2,2,2,2,2,6,2,2,1,2
"1582",13,1585,80,7,6,6,6,6,6,6,6,2,2,2,2,2,6,2,2,4,2
"1583",13,1586,80,7,6,6,6,6,6,6,6,2,2,2,2,2,6,2,2,4,2
"1584",13,1587,80,7,6,6,6,6,6,6,6,2,2,2,2,2,6,2,2,4,2
"1585",13,1588,80,7,6,6,6,6,6,6,6,2,2,2,2,2,6,2,2,4,2
"1586",13,1589,80,7,6,6,6,6,6,6,6,2,2,2,2,2,6,2,2,4,2
"1587",13,1590,80,7,6,6,6,6,6,6,6,2,2,2,2,2,6,2,2,4,2
"1588",13,1591,80,7,6,6,6,6,6,6,6,2,2,2,2,2,6,2,2,4,2
"1589",13,1592,80,7,6,6,6,6,6,6,6,2,2,2,2,2,6,2,2,4,2
"1590",13,1593,80,7,6,6,6,6,6,6,6,2,2,2,2,2,6,2,2,4,2
"1591",13,1594,80,7,6,6,6,6,6,6,6,2,2,2,2,2,6,2,2,4,2
"1592",13,1595,80,7,6,6,6,6,6,6,6,2,2,2,2,2,6,2,2,4,2
"1593",13,1596,80,7,6,6,6,6,6,6,6,2,2,2,2,2,6,2,2,4,2
"1594",13,1597,80,7,6,6,6,6,6,6,6,2,2,2,2,2,6,2,2,4,2
"1595",13,1598,80,7,6,6,6,6,6,6,6,2,2,2,2,2,6,2,2,4,2
"1596",13,1599,80,7,6,6,6,6,6,6,6,2,2,2,2,2,6,2,2,4,2
"1597",13,1600,81,2,2,2,2,2,7,2,7,6,6,6,6,6,7,6,6,1,6
"1598",13,1601,81,2,2,2,2,2,7,2,7,6,6,6,6,6,7,6,6,1,6
"1599",13,1602,81,2,2,2,2,2,7,2,7,6,6,6,6,6,7,6,6,1,6
"1600",13,1603,81,2,2,2,2,2,7,2,7,6,6,6,6,6,7,6,6,1,6
"1601",13,1604,81,2,2,2,2,2,7,2,7,6,6,6,6,6,7,6,6,1,6
"1602",13,1605,81,2,2,2,2,2,7,2,7,6,6,6,6,6,7,6,6,1,6
"1603",13,1606,81,2,2,2,2,2,7,2,7,6,6,6,6,6,7,6,6,1,6
"1604",13,1607,81,2,2,2,2,2,7,2,7,6,6,6,6,6,7,6,6,1,6
"1605",13,1608,81,2,2,2,2,2,7,2,7,6,6,6,6,6,7,6,6,1,6
"1606",13,1609,81,2,2,2,2,2,7,2,7,6,6,6,6,6,7,6,6,1,6
"1607",13,1610,81,2,2,2,2,2,7,2,7,6,6,6,6,6,7,6,6,1,6
"1608",13,1611,81,2,2,2,2,2,7,2,7,6,6,6,6,6,7,6,6,1,6
"1609",13,1612,81,2,2,2,2,2,7,2,7,6,6,6,6,6,7,6,6,1,6
"1610",13,1613,81,2,2,2,2,2,7,2,7,6,6,6,6,6,7,6,6,1,6
"1611",13,1614,81,2,2,2,2,2,7,2,7,6,6,6,6,6,7,6,6,1,6
"1612",13,1615,81,2,2,2,2,2,7,2,7,6,6,6,6,6,7,6,6,1,6
"1613",13,1616,81,2,2,2,2,2,7,2,7,6,6,6,6,6,7,6,6,1,6
"1614",13,1617,81,2,2,2,2,2,7,2,7,6,6,6,6,6,7,6,6,1,6
"1615",13,1618,81,2,2,2,2,2,7,2,7,6,6,6,6,6,7,6,6,1,6
"1616",13,1619,82,4,4,4,4,4,3,4,3,4,4,4,4,4,3,4,4,3,4
"1617",13,1620,82,4,4,4,4,4,3,4,3,4,4,4,4,4,3,4,4,3,4
"1618",13,1621,82,4,4,4,4,4,3,4,3,4,4,4,4,4,3,4,4,3,4
"1619",13,1622,82,4,4,4,4,4,3,4,3,4,4,4,4,4,3,4,4,3,4
"1620",13,1623,82,4,4,4,4,4,3,4,3,4,4,4,4,4,3,4,4,3,4
"1621",13,1624,82,4,4,4,4,4,3,4,3,4,4,4,4,4,3,4,4,3,4
"1622",13,1625,82,4,4,4,4,4,3,4,3,4,4,4,4,4,3,4,4,3,4
"1623",13,1626,82,4,4,4,4,4,3,4,3,4,4,4,4,4,3,4,4,3,4
"1624",13,1627,83,4,4,4,4,4,5,4,5,1,1,1,1,1,5,1,1,2,1
"1625",13,1628,83,4,4,4,4,4,5,4,5,1,1,1,1,1,5,1,1,2,1
"1626",13,1629,83,4,4,4,4,4,5,4,5,1,1,1,1,1,5,1,1,2,1
"1627",13,1630,83,4,4,4,4,4,5,4,5,1,1,1,1,1,5,1,1,2,1
"1628",13,1631,83,4,4,4,4,4,5,4,5,1,1,1,1,1,5,1,1,2,1
"1629",13,1632,83,4,4,4,4,4,5,4,5,1,1,1,1,1,5,1,1,2,1
"1630",13,1633,83,4,4,4,4,4,5,4,5,1,1,1,1,1,5,1,1,2,1
"1631",13,1634,83,4,4,4,4,4,5,4,5,1,1,1,1,1,5,1,1,2,1
"1632",13,1635,83,4,4,4,4,4,5,4,5,1,1,1,1,1,5,1,1,2,1
"1633",13,1636,83,4,4,4,4,4,5,4,5,1,1,1,1,1,5,1,1,2,1
"1634",13,1637,83,4,4,4,4,4,5,4,5,1,1,1,1,1,5,1,1,2,1
"1635",13,1638,83,4,4,4,4,4,5,4,5,1,1,1,1,1,5,1,1,2,1
"1636",13,1639,83,4,4,4,4,4,5,4,5,1,1,1,1,1,5,1,1,2,1
"1637",13,1640,83,4,4,4,4,4,5,4,5,1,1,1,1,1,5,1,1,2,1
"1638",13,1641,83,4,4,4,4,4,5,4,5,1,1,1,1,1,5,1,1,2,1
"1639",13,1642,83,4,4,4,4,4,5,4,5,1,1,1,1,1,5,1,1,2,1
"1640",13,1643,83,4,4,4,4,4,5,4,5,1,1,1,1,1,5,1,1,2,1
"1641",13,1644,84,3,7,3,7,7,7,7,7,3,3,3,3,3,7,3,3,7,3
"1642",13,1645,84,3,7,3,7,7,7,7,7,3,3,3,3,3,7,3,3,7,3
"1643",13,1646,84,3,7,3,7,7,7,7,7,3,3,3,3,3,7,3,3,7,3
"1644",13,1647,84,3,7,3,7,7,7,7,7,3,3,3,3,3,7,3,3,7,3
"1645",13,1648,84,3,7,3,7,7,7,7,7,3,3,3,3,3,7,3,3,7,3
"1646",13,1649,84,3,7,3,7,7,7,7,7,3,3,3,3,3,7,3,3,7,3
"1647",13,1650,84,3,7,3,7,7,7,7,7,3,3,3,3,3,7,3,3,7,3
"1648",13,1651,84,3,7,3,7,7,7,7,7,3,3,3,3,3,7,3,3,7,3
"1649",13,1652,84,3,7,3,7,7,7,7,7,3,3,3,3,3,7,3,3,7,3
"1650",13,1653,84,3,7,3,7,7,7,7,7,3,3,3,3,3,7,3,3,7,3
"1651",13,1654,84,3,7,3,7,7,7,7,7,3,3,3,3,3,7,3,3,7,3
"1652",13,1655,84,3,7,3,7,7,7,7,7,3,3,3,3,3,7,3,3,7,3
"1653",13,1656,84,3,7,3,7,7,7,7,7,3,3,3,3,3,7,3,3,7,3
"1654",13,1657,84,3,7,3,7,7,7,7,7,3,3,3,3,3,7,3,3,7,3
"1655",13,1659,84,3,7,3,7,7,7,7,7,3,3,3,3,3,7,3,3,7,3
"1656",13,1660,84,3,7,3,7,7,7,7,7,3,3,3,3,3,7,3,3,7,3
"1657",13,1661,84,3,7,3,7,7,7,7,7,3,3,3,3,3,7,3,3,7,3
"1658",13,1662,84,3,7,3,7,7,7,7,7,3,3,3,3,3,7,3,3,7,3
"1659",13,1663,84,3,7,3,7,7,7,7,7,3,3,3,3,3,7,3,3,7,3
"1660",13,1664,84,3,7,3,7,7,7,7,7,3,3,3,3,3,7,3,3,7,3
"1661",13,1665,84,3,7,3,7,7,7,7,7,3,3,3,3,3,7,3,3,7,3
"1662",13,1667,84,3,7,3,7,7,7,7,7,3,3,3,3,3,7,3,3,7,3
"1663",13,1668,84,3,7,3,7,7,7,7,7,3,3,3,3,3,7,3,3,7,3
"1664",13,1669,84,3,7,3,7,7,7,7,7,3,3,3,3,3,7,3,3,7,3
"1665",13,1670,84,3,7,3,7,7,7,7,7,3,3,3,3,3,7,3,3,7,3
"1666",13,1671,84,3,7,3,7,7,7,7,7,3,3,3,3,3,7,3,3,7,3
"1667",13,1672,84,3,7,3,7,7,7,7,7,3,3,3,3,3,7,3,3,7,3
"1668",13,1673,84,3,7,3,7,7,7,7,7,3,3,3,3,3,7,3,3,7,3
"1669",13,1674,84,3,7,3,7,7,7,7,7,3,3,3,3,3,7,3,3,7,3
"1670",13,1675,84,3,7,3,7,7,7,7,7,3,3,3,3,3,7,3,3,7,3
"1671",13,1676,84,3,7,3,7,7,7,7,7,3,3,3,3,3,7,3,3,7,3
"1672",13,1677,84,3,7,3,7,7,7,7,7,3,3,3,3,3,7,3,3,7,3
"1673",13,1678,84,3,7,3,7,7,7,7,7,3,3,3,3,3,7,3,3,7,3
"1674",13,1679,84,3,7,3,7,7,7,7,7,3,3,3,3,3,7,3,3,7,3
"1675",13,1680,84,3,7,3,7,7,7,7,7,3,3,3,3,3,7,3,3,7,3
"1676",13,1681,84,3,7,3,7,7,7,7,7,3,3,3,3,3,7,3,3,7,3
"1677",13,1682,84,3,7,3,7,7,7,7,7,3,3,3,3,3,7,3,3,7,3
"1678",13,1683,84,3,7,3,7,7,7,7,7,3,3,3,3,3,7,3,3,7,3
"1679",13,1684,84,3,7,3,7,7,7,7,7,3,3,3,3,3,7,3,3,7,3
"1680",13,1685,84,3,7,3,7,7,7,7,7,3,3,3,3,3,7,3,3,7,3
"1681",13,1686,84,3,7,3,7,7,7,7,7,3,3,3,3,3,7,3,3,7,3
"1682",13,1687,84,3,7,3,7,7,7,7,7,3,3,3,3,3,7,3,3,7,3
"1683",13,1688,84,3,7,3,7,7,7,7,7,3,3,3,3,3,7,3,3,7,3
"1684",13,1689,84,3,7,3,7,7,7,7,7,3,3,3,3,3,7,3,3,7,3
"1685",13,1690,84,3,7,3,7,7,7,7,7,3,3,3,3,3,7,3,3,7,3
"1686",13,1691,84,3,7,3,7,7,7,7,7,3,3,3,3,3,7,3,3,7,3
"1687",13,1692,84,3,7,3,7,7,7,7,7,3,3,3,3,3,7,3,3,7,3
"1688",13,1693,84,3,7,3,7,7,7,7,7,3,3,3,3,3,7,3,3,7,3
"1689",13,1694,84,3,7,3,7,7,7,7,7,3,3,3,3,3,7,3,3,7,3
"1690",13,1695,84,3,7,3,7,7,7,7,7,3,3,3,3,3,7,3,3,7,3
"1691",13,1696,84,3,7,3,7,7,7,7,7,3,3,3,3,3,7,3,3,7,3
"1692",13,1697,84,3,7,3,7,7,7,7,7,3,3,3,3,3,7,3,3,7,3
"1693",13,1698,84,3,7,3,7,7,7,7,7,3,3,3,3,3,7,3,3,7,3
"1694",13,1699,84,3,7,3,7,7,7,7,7,3,3,3,3,3,7,3,3,7,3
"1695",13,1700,84,3,7,3,7,7,7,7,7,3,3,3,3,3,7,3,3,7,3
"1696",13,1701,84,3,7,3,7,7,7,7,7,3,3,3,3,3,7,3,3,7,3
"1697",13,1702,84,3,7,3,7,7,7,7,7,3,3,3,3,3,7,3,3,7,3
"1698",13,1703,84,3,7,3,7,7,7,7,7,3,3,3,3,3,7,3,3,7,3
"1699",13,1704,84,3,7,3,7,7,7,7,7,3,3,3,3,3,7,3,3,7,3
"1700",13,1705,84,3,7,3,7,7,7,7,7,3,3,3,3,3,7,3,3,7,3
"1701",13,1706,84,3,7,3,7,7,7,7,7,3,3,3,3,3,7,3,3,7,3
"1702",13,1707,84,3,7,3,7,7,7,7,7,3,3,3,3,3,7,3,3,7,3
"1703",13,1708,40,6,5,7,5,5,5,5,5,1,1,1,1,1,5,1,1,2,1
"1704",13,1709,40,6,5,7,5,5,5,5,5,1,1,1,1,1,5,1,1,2,1
"1705",13,1710,40,6,5,7,5,5,5,5,5,1,1,1,1,1,5,1,1,2,1
"1706",13,1711,40,6,5,7,5,5,5,5,5,1,1,1,1,1,5,1,1,2,1
"1707",13,1712,40,6,5,7,5,5,5,5,5,1,1,1,1,1,5,1,1,2,1
"1708",13,1713,40,6,5,7,5,5,5,5,5,1,1,1,1,1,5,1,1,2,1
"1709",13,1714,40,6,5,7,5,5,5,5,5,1,1,1,1,1,5,1,1,2,1
"1710",13,1715,40,6,5,7,5,5,5,5,5,1,1,1,1,1,5,1,1,2,1
"1711",13,1716,40,6,5,7,5,5,5,5,5,1,1,1,1,1,5,1,1,2,1
"1712",13,1717,40,6,5,7,5,5,5,5,5,1,1,1,1,1,5,1,1,2,1
"1713",13,1718,47,6,5,7,5,5,2,5,2,4,4,4,4,4,2,4,4,3,4
"1714",13,1719,40,6,5,7,5,5,5,5,5,1,1,1,1,1,5,1,1,2,1
"1715",13,1720,40,6,5,7,5,5,5,5,5,1,1,1,1,1,5,1,1,2,1
"1716",13,1721,40,6,5,7,5,5,5,5,5,1,1,1,1,1,5,1,1,2,1
"1717",13,1722,40,6,5,7,5,5,5,5,5,1,1,1,1,1,5,1,1,2,1
"1718",13,1723,40,6,5,7,5,5,5,5,5,1,1,1,1,1,5,1,1,2,1
"1719",13,1724,40,6,5,7,5,5,5,5,5,1,1,1,1,1,5,1,1,2,1
"1720",13,1725,40,6,5,7,5,5,5,5,5,1,1,1,1,1,5,1,1,2,1
"1721",13,1726,40,6,5,7,5,5,5,5,5,1,1,1,1,1,5,1,1,2,1
"1722",13,1727,40,6,5,7,5,5,5,5,5,1,1,1,1,1,5,1,1,2,1
"1723",13,1728,40,6,5,7,5,5,5,5,5,1,1,1,1,1,5,1,1,2,1
"1724",13,1729,40,6,5,7,5,5,5,5,5,1,1,1,1,1,5,1,1,2,1
"1725",13,1730,40,6,5,7,5,5,5,5,5,1,1,1,1,1,5,1,1,2,1
"1726",13,1731,40,6,5,7,5,5,5,5,5,1,1,1,1,1,5,1,1,2,1
"1727",13,1732,40,6,5,7,5,5,5,5,5,1,1,1,1,1,5,1,1,2,1
"1728",13,1733,40,6,5,7,5,5,5,5,5,1,1,1,1,1,5,1,1,2,1
"1729",13,1734,40,6,5,7,5,5,5,5,5,1,1,1,1,1,5,1,1,2,1
"1730",13,1735,40,6,5,7,5,5,5,5,5,1,1,1,1,1,5,1,1,2,1
"1731",13,1736,40,6,5,7,5,5,5,5,5,1,1,1,1,1,5,1,1,2,1
"1732",13,1737,40,6,5,7,5,5,5,5,5,1,1,1,1,1,5,1,1,2,1
"1733",13,1738,40,6,5,7,5,5,5,5,5,1,1,1,1,1,5,1,1,2,1
"1734",13,1739,40,6,5,7,5,5,5,5,5,1,1,1,1,1,5,1,1,2,1
"1735",13,1740,40,6,5,7,5,5,5,5,5,1,1,1,1,1,5,1,1,2,1
"1736",13,1741,40,6,5,7,5,5,5,5,5,1,1,1,1,1,5,1,1,2,1
"1737",13,1742,40,6,5,7,5,5,5,5,5,1,1,1,1,1,5,1,1,2,1
"1738",13,1743,40,6,5,7,5,5,5,5,5,1,1,1,1,1,5,1,1,2,1
"1739",13,1744,40,6,5,7,5,5,5,5,5,1,1,1,1,1,5,1,1,2,1
"1740",13,1745,40,6,5,7,5,5,5,5,5,1,1,1,1,1,5,1,1,2,1
"1741",13,1746,40,6,5,7,5,5,5,5,5,1,1,1,1,1,5,1,1,2,1
"1742",13,1747,40,6,5,7,5,5,5,5,5,1,1,1,1,1,5,1,1,2,1
"1743",13,1748,40,6,5,7,5,5,5,5,5,1,1,1,1,1,5,1,1,2,1
"1744",13,1749,40,6,5,7,5,5,5,5,5,1,1,1,1,1,5,1,1,2,1
"1745",13,1750,40,6,5,7,5,5,5,5,5,1,1,1,1,1,5,1,1,2,1
"1746",13,1751,40,6,5,7,5,5,5,5,5,1,1,1,1,1,5,1,1,2,1
"1747",13,1752,40,6,5,7,5,5,5,5,5,1,1,1,1,1,5,1,1,2,1
"1748",13,1753,40,6,5,7,5,5,5,5,5,1,1,1,1,1,5,1,1,2,1
"1749",13,1754,40,6,5,7,5,5,5,5,5,1,1,1,1,1,5,1,1,2,1
"1750",13,1755,40,6,5,7,5,5,5,5,5,1,1,1,1,1,5,1,1,2,1
"1751",13,1756,40,6,5,7,5,5,5,5,5,1,1,1,1,1,5,1,1,2,1
"1752",13,1757,40,6,5,7,5,5,5,5,5,1,1,1,1,1,5,1,1,2,1
"1753",13,1758,40,6,5,7,5,5,5,5,5,1,1,1,1,1,5,1,1,2,1
"1754",13,1759,40,6,5,7,5,5,5,5,5,1,1,1,1,1,5,1,1,2,1
"1755",13,1760,40,6,5,7,5,5,5,5,5,1,1,1,1,1,5,1,1,2,1
"1756",13,1761,40,6,5,7,5,5,5,5,5,1,1,1,1,1,5,1,1,2,1
"1757",13,1762,40,6,5,7,5,5,5,5,5,1,1,1,1,1,5,1,1,2,1
"1758",13,1763,40,6,5,7,5,5,5,5,5,1,1,1,1,1,5,1,1,2,1
"1759",13,1764,40,6,5,7,5,5,5,5,5,1,1,1,1,1,5,1,1,2,1
"1760",13,1765,40,6,5,7,5,5,5,5,5,1,1,1,1,1,5,1,1,2,1
"1761",13,1766,40,6,5,7,5,5,5,5,5,1,1,1,1,1,5,1,1,2,1
"1762",13,1767,68,4,4,4,4,4,3,4,3,4,4,4,4,4,3,4,4,3,4
"1763",13,1768,68,4,4,4,4,4,3,4,3,4,4,4,4,4,3,4,4,3,4
"1764",13,1769,68,4,4,4,4,4,3,4,3,4,4,4,4,4,3,4,4,3,4
"1765",13,1770,68,4,4,4,4,4,3,4,3,4,4,4,4,4,3,4,4,3,4
"1766",13,1771,68,4,4,4,4,4,3,4,3,4,4,4,4,4,3,4,4,3,4
"1767",13,1772,68,4,4,4,4,4,3,4,3,4,4,4,4,4,3,4,4,3,4
"1768",13,1773,68,4,4,4,4,4,3,4,3,4,4,4,4,4,3,4,4,3,4
"1769",13,1774,68,4,4,4,4,4,3,4,3,4,4,4,4,4,3,4,4,3,4
"1770",13,1775,68,4,4,4,4,4,3,4,3,4,4,4,4,4,3,4,4,3,4
"1771",13,1776,68,4,4,4,4,4,3,4,3,4,4,4,4,4,3,4,4,3,4
"1772",13,1777,68,4,4,4,4,4,3,4,3,4,4,4,4,4,3,4,4,3,4
"1773",13,1778,68,4,4,4,4,4,3,4,3,4,4,4,4,4,3,4,4,3,4
"1774",13,1779,68,4,4,4,4,4,3,4,3,4,4,4,4,4,3,4,4,3,4
"1775",13,1780,68,4,4,4,4,4,3,4,3,4,4,4,4,4,3,4,4,3,4
"1776",13,1781,68,4,4,4,4,4,3,4,3,4,4,4,4,4,3,4,4,3,4
"1777",13,1782,68,4,4,4,4,4,3,4,3,4,4,4,4,4,3,4,4,3,4
"1778",13,1783,68,4,4,4,4,4,3,4,3,4,4,4,4,4,3,4,4,3,4
"1779",13,1784,68,4,4,4,4,4,3,4,3,4,4,4,4,4,3,4,4,3,4
"1780",13,1785,68,4,4,4,4,4,3,4,3,4,4,4,4,4,3,4,4,3,4
"1781",13,1786,68,4,4,4,4,4,3,4,3,4,4,4,4,4,3,4,4,3,4
"1782",13,1787,68,4,4,4,4,4,3,4,3,4,4,4,4,4,3,4,4,3,4
